Date,Intersection_Portfolio,Nasdaq100_Portfolio,NDXT_Benchmark
2006-02-23,1.0089191795688277,-0.0143341382351432,-0.003741414539693
2006-02-24,1.0114997081760109,-0.0134983260805947,-0.000898313058576
2006-02-27,1.0332032465930108,-0.0019748948512973,0.0079863640066462
2006-02-28,1.0161278707223684,-0.01594625708487,-0.0030997193170867
2006-03-01,1.0495779703764017,0.0010962447827627,0.0219451330701159
2006-03-02,1.0412276759801309,0.0001034337348577,0.0244229804254638
2006-03-03,1.0324038254217442,-0.0057017543268662,0.022981726930183
2006-03-06,1.01872886258252,-0.014544495460297,0.0099310921761144
2006-03-07,1.015905515483731,-0.0194740256853919,-0.0020039569397801
2006-03-08,1.0189160820845515,-0.0213864378718681,-0.0045706775771323
2006-03-09,0.9958345351935654,-0.0324173183009769,-0.0092598126948886
2006-03-10,1.004513776396986,-0.0309807354077583,-0.009713879849589
2006-03-13,1.0095209033890151,-0.0281176948039056,-0.0067424393239508
2006-03-14,1.0417112418170396,-0.0129476323252782,0.006179796132524
2006-03-15,1.0537983649107785,-0.0093515871162365,0.0188059479905118
2006-03-16,1.0363361054764049,-0.0188518076188931,0.0062094406442161
2006-03-17,1.044742585108294,-0.0144311732822106,0.0118067100713734
2006-03-20,1.050073992907417,-0.0087478247232437,0.0128136594197485
2006-03-21,1.0341467880222432,-0.0172190201716802,0.0080258297691633
2006-03-22,1.035529847726158,-0.0172360281012728,0.0130604560048934
2006-03-23,1.0192961855908624,-0.0204228287845386,0.0127643724064063
2006-03-24,1.022325730642987,-0.0134663254427497,0.0205236425826298
2006-03-27,1.0284777492732315,-0.0109729191490487,0.0207605576638774
2006-03-28,1.0120072070173718,-0.0170103531294124,0.0150941177094383
2006-03-29,1.0434415203086145,-0.0004514550176333,0.0353215561874362
2006-03-30,1.0511883203789578,0.0011725402284372,0.0398133022395343
2006-03-31,1.0415065914763808,-0.0017562437591711,0.0353610822030256
2006-04-03,1.0459667563083568,0.0017808854595582,0.0357756233421366
2006-04-04,1.0534111586233244,0.0081619456600126,0.0366937596615801
2006-04-05,1.0752643860161228,0.0178497044701582,0.0532291308662993
2006-04-06,1.0772236309714045,0.0208626340943229,0.060090027730874
2006-04-07,1.0603680014424055,0.0109448462508012,0.047947708045424
2006-04-10,1.0589493747581975,0.0109633936937767,0.043752166097958
2006-04-11,1.0457015666887697,0.0019631946330185,0.0330312163938488
2006-04-12,1.0429457203475052,0.0020943375385873,0.0348082000093512
2006-04-13,1.0528059915262724,0.0062141340801924,0.0422318605714979
2006-04-17,1.0322696588274982,-0.0025581145712758,0.0278090825963579
2006-04-18,1.071447287079765,0.0151497058303007,0.0492507409922862
2006-04-19,1.0757893282607878,0.0187021681527315,0.0594582140121653
2006-04-20,1.0693528789767872,0.0177203089975166,0.061659620270676
2006-04-21,1.0470832024276118,0.0114045998142222,0.0415309968316524
2006-04-24,1.0413165773505733,0.0092812190868145,0.0392801830536546
2006-04-25,1.0438905619150494,0.0084232293221984,0.0416395728683787
2006-04-26,1.0542221463292023,0.0101179274400429,0.0444036223183164
2006-04-27,1.0818023757871726,0.0198284397959775,0.050820333532088
2006-04-28,1.0468216338456342,0.0034807829456657,0.0419455379707631
2006-05-01,1.0318813104498297,-0.0040617478856469,0.034729268484317
2006-05-02,1.0350720263391708,-0.0005594428957031,0.0386384878310483
2006-05-03,1.0186748535560797,-0.0064894172457429,0.043337504452702
2006-05-04,1.0384690326970958,0.0035104345050602,0.0530119787928466
2006-05-05,1.054818818365995,0.0113646701936651,0.058145299561406
2006-05-08,1.0585350247321523,0.0125924947716664,0.0563683159459036
2006-05-09,1.0506180170871424,0.012220955665636,0.0500700622727559
2006-05-10,1.0317758820009582,-0.0025535038821924,0.034206030802335
2006-05-11,0.9881953407491622,-0.0244038666495965,0.0069201858879595
2006-05-12,0.9750018253925165,-0.0347465665050057,-0.0063179564278698
2006-05-15,0.9857820777475316,-0.0322237593391832,-0.0139291848048496
2006-05-16,0.96957606279664,-0.0391726059644645,-0.020010226151472
2006-05-17,0.936747743158986,-0.0533181637779509,-0.0339492924602193
2006-05-18,0.9236715443362596,-0.0614227138822666,-0.0411459194450157
2006-05-19,0.9378951351935224,-0.053597031050022,-0.0330410978977456
2006-05-22,0.9260282936142036,-0.0608583481260774,-0.0473059525697447
2006-05-23,0.9023920192422415,-0.0692557694943722,-0.0561807481310696
2006-05-24,0.9255189533509408,-0.0627355385277007,-0.0506426472211518
2006-05-25,0.9447585772241592,-0.0518288011800852,-0.0450156730292299
2006-05-26,0.9498259937148512,-0.0496697523986277,-0.040247546133367
2006-05-30,0.9059065048920092,-0.0696789542219255,-0.0596655448347928
2006-05-31,0.9100138506633844,-0.0670061790192207,-0.0499812492438234
2006-06-01,0.9496433955306068,-0.0462082409721281,-0.0286678696393437
2006-06-02,0.9453523178232244,-0.0481081452282271,-0.0325179204688357
2006-06-05,0.9048940136745488,-0.0677081067839008,-0.0530612658061878
2006-06-06,0.9035677431352284,-0.0669922597649773,-0.0556575707021597
2006-06-07,0.8860067959717208,-0.074779564369987,-0.0666943067594783
2006-06-08,0.8827247320753211,-0.0766460995843363,-0.0740982043138301
2006-06-09,0.8723321535285442,-0.081554450176929,-0.0780271866683564
2006-06-12,0.8401123835154793,-0.0977194576514073,-0.1020651499602565
2006-06-13,0.8445950617789131,-0.0974283205219381,-0.1050662349975869
2006-06-14,0.8666798756706497,-0.0866831717218148,-0.0978893710205852
2006-06-15,0.91142054238676,-0.0643544257501941,-0.0646804080627282
2006-06-16,0.9066680325590972,-0.0667028850206987,-0.0717486960030034
2006-06-19,0.8972546301577076,-0.0724171316853136,-0.0809393984236827
2006-06-20,0.8984795845367239,-0.0730647613797952,-0.0805840258018112
2006-06-21,0.9271154102516236,-0.0607282349690485,-0.0616003915003637
2006-06-22,0.9042055267171578,-0.0710313332421459,-0.0703271452624451
2006-06-23,0.8951910304049122,-0.0708444222152949,-0.0725186700170584
2006-06-26,0.9037154829146404,-0.0661341395656347,-0.0705245945811756
2006-06-27,0.8753626600767541,-0.0827699527545441,-0.0924993119099111
2006-06-28,0.8960914299798963,-0.0737644933423571,-0.0875436774522876
2006-06-29,0.9499344911825736,-0.0479259247403809,-0.0605243921308519
2006-06-30,0.9316823594601602,-0.0539276318440963,-0.0648285101150444
2006-07-03,0.9519663517542134,-0.0433591906859641,-0.0568026803458812
2006-07-05,0.914032792117984,-0.0627139582800069,-0.0789847887503172
2006-07-06,0.912062967927978,-0.0621611101049552,-0.081225660771345
2006-07-07,0.8939891171072705,-0.0711665447695053,-0.09465143115508
2006-07-10,0.8779356297524663,-0.079991882503782,-0.1152934710252612
2006-07-11,0.8881473562768165,-0.0734639554943953,-0.1047897939007499
2006-07-12,0.8421513339330564,-0.0939371254466252,-0.126359851594272
2006-07-13,0.8149912798594803,-0.1098994865220149,-0.1379197650805003
2006-07-14,0.8016375316513054,-0.1176144106351017,-0.1447412564356304
2006-07-17,0.8129062836610832,-0.1125058482061273,-0.1455803407238945
2006-07-18,0.8241963222421256,-0.1101563440379646,-0.1409899603920399
2006-07-19,0.855034486225497,-0.0961302381786252,-0.1293115291121153
2006-07-20,0.8282134698397978,-0.1150110897873547,-0.1493119340127627
2006-07-21,0.8241129271187251,-0.1192839847824519,-0.1685126601345906
2006-07-24,0.8543547550455504,-0.1043313235331296,-0.1437441885911526
2006-07-25,0.8604659637434351,-0.1008680394123152,-0.136814121199296
2006-07-26,0.8475239031011093,-0.103817470483645,-0.137672968495355
2006-07-27,0.8339994707997564,-0.1107847540607822,-0.1360540286891386
2006-07-28,0.8763913364339844,-0.0910993213412268,-0.1154711573361967
2006-07-31,0.87447539875385,-0.0903995442636004,-0.1142174114026767
2006-08-01,0.8470599765092681,-0.1050725257562542,-0.1328357915783553
2006-08-02,0.866520562132806,-0.0968645932192355,-0.1204466150546876
2006-08-03,0.8708060550775119,-0.0936810763336484,-0.1120851154183752
2006-08-04,0.8625840149384076,-0.0978296473353586,-0.1180181149657542
2006-08-07,0.8525153661510072,-0.1033575450410412,-0.1233094192905269
2006-08-08,0.8433795580440655,-0.1046453033494914,-0.1282946982598427
2006-08-09,0.8671907763944893,-0.0986497891359322,-0.123556215875672
2006-08-10,0.8768329084977953,-0.0945105219589619,-0.1165866827212982
2006-08-11,0.8631517078350526,-0.1017108527106535,-0.1269126735348738
2006-08-14,0.883367053021328,-0.0945837222797826,-0.1184425978618348
2006-08-15,0.926927658397138,-0.0735411594223913,-0.0849473725563156
2006-08-16,0.9565268324455128,-0.0579198156085749,-0.0572469262497566
2006-08-17,0.9614327330618306,-0.056950603986932,-0.0521530109906419
2006-08-18,0.9714051077469548,-0.0537959297524514,-0.0503366218656949
2006-08-21,0.9592826298682192,-0.0605376190777769,-0.0654702053376504
2006-08-22,0.960312837138539,-0.0601531642342197,-0.0636241114479387
2006-08-23,0.9508658741962606,-0.0660603968879397,-0.0706430521217994
2006-08-24,0.9564974522133304,-0.0631757710427137,-0.0645718320260019
2006-08-25,0.9640340654369814,-0.0602537982867301,-0.0633674936119689
2006-08-28,0.98281651284507,-0.0517577673942135,-0.0534364014358543
2006-08-29,0.9908298620490106,-0.0497477720932458,-0.047760079977518
2006-08-30,0.999215193670484,-0.0456244142277302,-0.0367035809124047
2006-08-31,0.9984896327044784,-0.0463716977395467,-0.0428931982957536
2006-09-01,1.0118867818974937,-0.0404623861629639,-0.0432683339254199
2006-09-05,1.0262737944041191,-0.0329219175618415,-0.0330312163938486
2006-09-06,0.989453458707002,-0.0507648591130444,-0.0570001296646118
2006-09-07,0.9833638362680022,-0.0546985178187169,-0.0663783999001242
2006-09-08,0.9981888368144743,-0.0500957741017521,-0.0584315619090678
2006-09-11,1.0094086912599425,-0.0449265714593021,-0.0495962321102602
2006-09-12,1.0408693567195535,-0.0273386149302483,-0.0207210316482877
2006-09-13,1.0465668084779818,-0.0214827561147192,-0.0142845574267211
2006-09-14,1.0504615213134731,-0.0200544788711781,-0.0097928716276954
2006-09-15,1.0631177756518515,-0.0149168456578945,-0.0052024310427682
2006-09-18,1.0652291083076442,-0.0118334711871513,-0.0009575418288878
2006-09-19,1.060884262594215,-0.0178717801614498,-0.0104641511089215
2006-09-20,1.1067426784218548,-0.0034314465084568,0.0065055844957757
2006-09-21,1.088936251291511,-0.011261021395461,-0.0016387028140113
2006-09-22,1.069529529699868,-0.0201740197005318,-0.0095263120347559
2006-09-25,1.1118178305541968,-0.0017938196693447,0.0108886942580748
2006-09-26,1.1292341078451082,0.0052196278460243,0.0099015079174946
2006-09-27,1.13075810101244,0.0061708014603507,0.0007305082515376
2006-09-28,1.1349597346184797,0.0084471947985291,0.0076309913847745
2006-09-29,1.1196400891980631,0.0018094690320678,0.0023692713186214
2006-10-02,1.091399288663211,-0.0090685152727127,-0.0072262112434163
2006-10-03,1.1068363650023216,-0.006416526329234,-0.0075519393535956
2006-10-04,1.1540523674769707,0.0150595305479181,0.0177594726265468
2006-10-05,1.1630504785690627,0.0206675054965956,0.0197634898193996
2006-10-06,1.159235829424598,0.020336554090421,0.0186380829304007
2006-10-09,1.1713252297270462,0.0264109043576605,0.0225868282927215
2006-10-10,1.1745387499542366,0.0282364228892229,0.0214121343903805
2006-10-11,1.1716411534043254,0.029222806356228,0.0253608797527016
2006-10-12,1.2143492440385928,0.0458902246747146,0.0389149289278851
2006-10-13,1.223589163300855,0.0491598915329736,0.0475034018884754
2006-10-16,1.221837041278174,0.0486834118756984,0.0512547581851385
2006-10-17,1.1957051595656898,0.03740397075557,0.0350747596022908
2006-10-18,1.1924857813761114,0.0331177254612764,0.0218760830489788
2006-10-19,1.1999650972231204,0.0367866260982585,0.01795698219835
2006-10-20,1.2093252662071183,0.0465070768409412,0.012221371716629
2006-10-23,1.223551106042028,0.0541245973945996,0.0199017103678182
2006-10-24,1.2190474474498552,0.0508113683796709,0.0137416772430891
2006-10-25,1.2334763386075798,0.0594082981602457,0.0276807435518364
2006-10-26,1.251277131203638,0.0676324208246998,0.0322020136094818
2006-10-27,1.212779337619501,0.0525354194357206,0.0137120327313968
2006-10-30,1.227995814146713,0.0570393218022884,0.0328535903359852
2006-10-31,1.2366843427454297,0.061546461166289,0.0351833356390172
2006-11-01,1.2123902911572282,0.0482147955911722,0.0193883541897332
2006-11-02,1.2069966284135765,0.0477922341336236,0.0206025741076638
2006-11-03,1.1928181922944074,0.0433750407815827,0.0221426426419186
2006-11-06,1.228163934676631,0.060171145745433,0.0416888598817206
2006-11-07,1.2384529256131305,0.0643433318977106,0.0518371643843602
2006-11-08,1.248610613670897,0.068661360154532,0.0574345543176624
2006-11-09,1.2522224896800225,0.067786463177391,0.0502379273328659
2006-11-10,1.263215754040922,0.0723013677603803,0.0568027405989535
2006-11-13,1.285533834938922,0.0828735905413102,0.0722324679224686
2006-11-14,1.3129689432978222,0.0946149911536564,0.0877312452671206
2006-11-15,1.3224889824404746,0.1005041601682161,0.0887777206310851
2006-11-16,1.3384309186953551,0.1067814390138304,0.0908903138606642
2006-11-17,1.3350517358446714,0.1040145145520279,0.0909890083934934
2006-11-20,1.3437483938458352,0.1104283758537429,0.0994392608056651
2006-11-21,1.336788371705937,0.1098905401189842,0.1013938704790309
2006-11-22,1.3421697660669496,0.1141834818230684,0.1144445654861721
2006-11-24,1.3374321649955734,0.1114116835594138,0.1112263283753889
2006-11-27,1.2838322918863767,0.0855517171299287,0.0788564497057962
2006-11-28,1.3008688301768223,0.0921803467135164,0.0809690429353753
2006-11-29,1.3173609459541824,0.0990743240986202,0.0845130081563378
2006-11-30,1.311485023923011,0.0969463423482301,0.0905151782309987
2006-12-01,1.2848487853041464,0.0862869843470934,0.075559281069979
2006-12-04,1.3167229358607244,0.1000958493224981,0.0938321098746111
2006-12-05,1.3173084314980603,0.1006605424065816,0.091038295406836
2006-12-06,1.3029843974588426,0.0961037193598535,0.0880472123795481
2006-12-07,1.2756144996374772,0.0851187422103607,0.0747103152778174
2006-12-08,1.2939285442388575,0.0915817579454856,0.0757961961512267
2006-12-11,1.3038040374029998,0.0941282287896279,0.0770400605808496
2006-12-12,1.293166329208432,0.0894008084857063,0.071778280261624
2006-12-13,1.299125502211413,0.0895565405527261,0.0699717726405744
2006-12-14,1.316520339031238,0.0987292561492874,0.0870007370155836
2006-12-15,1.326704114048154,0.10140145679042,0.0908310248372807
2006-12-18,1.3118992259861892,0.0903460255647714,0.0804754497650854
2006-12-19,1.3033436012537711,0.0884520378100046,0.0739007549951002
2006-12-20,1.2954243907886245,0.0842979342827363,0.0722718734319138
2006-12-21,1.2837793945395397,0.0783069954121247,0.0643941457150667
2006-12-22,1.2616079245164569,0.0693150935055726,0.0531797233468125
2006-12-26,1.2719140855285875,0.0743387162407978,0.0578195714512268
2006-12-27,1.2821509861709948,0.0804214704428913,0.0651147724627072
2006-12-28,1.279588539711527,0.0778840509249478,0.0623309600049748
2006-12-29,1.274605816989423,0.0746563668753188,0.0585894852122093
2007-01-03,1.279042943125337,0.0795270542293249,0.0621236894354195
2007-01-04,1.3270749649989364,0.0975042568727309,0.0830223471415707
2007-01-05,1.3174265408018964,0.0925913197571686,0.0769512475519182
2007-01-08,1.317956159399455,0.0925730863695148,0.0794289744011214
2007-01-09,1.329388084497975,0.0961993465742674,0.082311601897828
2007-01-10,1.3478031403893582,0.1060757709019994,0.0964284147705836
2007-01-11,1.3746037095591488,0.1174564946594616,0.1048392616733104
2007-01-12,1.3916052376517825,0.1273840893243329,0.1081660748208201
2007-01-16,1.3889661114142688,0.1274321260297,0.0991727012127263
2007-01-17,1.3546135312921814,0.1135020174915049,0.0899227700217351
2007-01-18,1.308224775387533,0.0945455305883278,0.0563387919403568
2007-01-19,1.3157227265149103,0.097857595925477,0.0592410619387131
2007-01-22,1.2942941882313392,0.0889707552130543,0.04842153820792
2007-01-23,1.279183193681828,0.0846172648393177,0.0487373848142018
2007-01-24,1.3204603554663246,0.1012298439091121,0.0731011967224264
2007-01-25,1.2846724305682358,0.0840535346867661,0.0599616886863536
2007-01-26,1.282907083517494,0.0841714883235464,0.0616793832784716
2007-01-29,1.284888722924288,0.0855605406239083,0.0597544181167981
2007-01-30,1.287680974474295,0.0868922976822883,0.0641671121377169
2007-01-31,1.3089644460573715,0.0953663321667863,0.064710112827494
2007-02-01,1.3024213525554167,0.0931006430475045,0.0690339938194815
2007-02-02,1.308434408592865,0.0934806663111786,0.0752729584692448
2007-02-05,1.3005056693805903,0.0902287984653211,0.0799029250697618
2007-02-06,1.3023368398381887,0.0898573019066593,0.0765563489144574
2007-02-07,1.3201223788036511,0.0985160167815408,0.0907125672966577
2007-02-08,1.3161481410420088,0.0968210168748902,0.0906237542677261
2007-02-09,1.2845398298750008,0.0823831185710033,0.0725581960326495
2007-02-12,1.2789692746152013,0.0797313087895048,0.0669115190860052
2007-02-13,1.2822412885884007,0.0833370684101508,0.0690733993289263
2007-02-14,1.3145934762726128,0.0997022598324572,0.089616804919351
2007-02-15,1.3217548694439063,0.1018220267214569,0.0968134319041473
2007-02-16,1.3166467984624148,0.1000585504811744,0.0943257030449018
2007-02-20,1.3302944160880776,0.1068594006624805,0.1006437197258445
2007-02-21,1.3385916646220424,0.1099985748367331,0.0993800922884269
2007-02-22,1.3436988070451037,0.1109840311669616,0.1073072275247613
2007-02-23,1.3301536957841238,0.1049354365004608,0.1059350240506173
2007-02-27,1.225506024548919,0.0571224103682359,0.0562795029169727
2007-02-28,1.2343325263759397,0.0600501966332671,0.0617584353096511
2007-03-01,1.2254712819892355,0.0545857240528191,0.0551639775318713
2007-03-02,1.1904792089267886,0.0381233034139938,0.0373847418975292
2007-03-05,1.180546500766075,0.0302741455948361,0.0261111510120355
2007-03-06,1.2239309748129623,0.0503455570327984,0.0451736565854445
2007-03-07,1.2104254908535266,0.0441410870565699,0.0379178610834087
2007-03-08,1.2172486476142517,0.0497145285111322,0.0484116567040224
2007-03-09,1.2120767586036298,0.0477737482149038,0.0500799437766534
2007-03-12,1.2277530468035065,0.0555723608899882,0.0585105536871752
2007-03-13,1.1840136912157972,0.0333057383989876,0.035351200699129
2007-03-14,1.2125207492595704,0.0440169199158893,0.0465063340439988
2007-03-15,1.2083159826174867,0.0438198312766306,0.0465557415634858
2007-03-16,1.205913954762882,0.0419810958230832,0.04437409831277
2007-03-19,1.2291028057259892,0.0534386805490749,0.0498627917032006
2007-03-20,1.2374451673639977,0.0589033862575347,0.0585698427105598
2007-03-21,1.291131369392981,0.0832446552189103,0.0852830424234658
2007-03-22,1.2823766012373192,0.0796242333925629,0.0778100948479771
2007-03-23,1.2683833648764948,0.0749098090088344,0.0769807715574653
2007-03-26,1.2807498559680583,0.07875828665139,0.0824201779345541
2007-03-27,1.264274462358821,0.0692706331554744,0.0732788227802894
2007-03-28,1.24221638175349,0.0582497237948427,0.0580070790129876
2007-03-29,1.2427698706989965,0.059335050062635,0.0538411815772137
2007-03-30,1.242295714196182,0.0603796119618884,0.055223266555255
2007-04-02,1.2414805890144338,0.0593356700318676,0.0537917740577267
2007-04-03,1.2692752668903011,0.0720358475081248,0.065401095063442
2007-04-04,1.2817498884992604,0.0780579517810746,0.0714426706475472
2007-04-05,1.2943313155516811,0.0839727063247552,0.0792711113510524
2007-04-09,1.2905041085935165,0.0829254307897369,0.0766748064550806
2007-04-10,1.3010318110405543,0.088469962005073,0.0844538396390988
2007-04-11,1.2777793480661646,0.0781529033502219,0.0742266036114247
2007-04-12,1.2977798779990266,0.0878466774578361,0.0830519916532623
2007-04-13,1.3018223366841553,0.0904473748154115,0.0855298390086105
2007-04-16,1.328171760512935,0.1016748597989904,0.0951647873331653
2007-04-17,1.335824139003578,0.1046177472914309,0.0945132106066617
2007-04-18,1.334607273659596,0.1036301772426635,0.0983040929189142
2007-04-19,1.3390787889099132,0.1046090678222242,0.0966356853401382
2007-04-20,1.3628357857272744,0.1126744546169318,0.1007720587703648
2007-04-23,1.3563343521837403,0.108561667022321,0.0997552279180924
2007-04-24,1.36023943650989,0.1110487432293276,0.1116803955300895
2007-04-25,1.4074063878869274,0.1304177166699538,0.1185808184102541
2007-04-26,1.42622647457983,0.1367998676143642,0.1232600720241128
2007-04-27,1.437618722266348,0.1411940615317626,0.119804919832082
2007-04-30,1.4085460895724324,0.1271415187876827,0.1054907178936683
2007-05-01,1.4182513926389235,0.1334626559192422,0.1081067857974349
2007-05-02,1.4326095864702872,0.1414398093788766,0.1156291408924106
2007-05-03,1.4412263367464098,0.1441485095796968,0.1209896157444652
2007-05-04,1.4428735778738675,0.1450916243156357,0.1275247844988607
2007-05-07,1.4398506546615,0.1430904925601381,0.1244250049287014
2007-05-08,1.4507435512532298,0.145081736921542,0.1263598515942723
2007-05-09,1.4440619253478482,0.1427628888115868,0.134375799859538
2007-05-10,1.4072644661203402,0.1257221441529856,0.1156291408924106
2007-05-11,1.4361205736859044,0.1404906114694941,0.1327075127869068
2007-05-14,1.4257422698813895,0.1362775063783019,0.1255898173271445
2007-05-15,1.4043736256947748,0.1276447467188912,0.1117100400417816
2007-05-16,1.433709016729349,0.1397714859475625,0.1215917849514816
2007-05-17,1.427472974545847,0.1363390021565469,0.1162115470916322
2007-05-18,1.4473403073511784,0.1432587055255816,0.1250863426529569
2007-05-21,1.4688016983697665,0.1519000581093406,0.129429986652739
2007-05-22,1.478461546210494,0.1553848097758527,0.1338032751642133
2007-05-23,1.4594784168640658,0.1483866451804656,0.1225295637725745
2007-05-24,1.420625181926077,0.1311010358309245,0.10071276974698
2007-05-25,1.4434052310988394,0.1407132731222358,0.1109498872785514
2007-05-29,1.462007810752593,0.1471190943565374,0.1196075307664235
2007-05-30,1.4851436940749023,0.1551162143567706,0.1273569194387496
2007-05-31,1.4957276705373803,0.1594315237724659,0.1372189013406546
2007-06-01,1.496302953603903,0.1612810563628801,0.1403087994069167
2007-06-04,1.508686681601915,0.1659494668282002,0.1448695954801515
2007-06-05,1.521055591329434,0.1695607518301185,0.1432901214364521
2007-06-06,1.4982936652434211,0.1581227824183113,0.1334676655501365
2007-06-07,1.458745103337736,0.1391189905841874,0.1124800743089087
2007-06-08,1.4913750298483968,0.1539581120547615,0.1318387839869499
2007-06-11,1.4782189992035053,0.1519958407561892,0.133289918986128
2007-06-12,1.465242322403486,0.1455526438996739,0.1261031735052289
2007-06-13,1.498716022307362,0.1610432808410382,0.1419277994662053
2007-06-14,1.5163259420872723,0.1686052574578389,0.1488677483619593
2007-06-15,1.5457579884319197,0.1815170989580126,0.1591936789224624
2007-06-18,1.5492359149522734,0.183554507924994,0.1596477460771628
2007-06-19,1.5438039930813665,0.1813641292233969,0.1572291877451992
2007-06-20,1.5197692782888987,0.1708588416208925,0.1464984770433377
2007-06-21,1.5477763950790302,0.1832723482281333,0.165462288083918
2007-06-22,1.5228910998078369,0.1732223992781083,0.1540898821594503
2007-06-25,1.5140574337720007,0.16868925345657,0.1427274782450251
2007-06-26,1.5021663179564304,0.1645972236076083,0.1399830712967371
2007-06-27,1.533541085399197,0.1792861740535076,0.1569428651444644
2007-06-28,1.5374701840089546,0.1805892300561715,0.1577326624193864
2007-06-29,1.5251557527108457,0.1761243713830722,0.1583150686186083
2007-07-02,1.5507608788524945,0.1880394882246514,0.1682066950322056
2007-07-03,1.5697335103643195,0.1955286219754786,0.1709313389726987
2007-07-05,1.5869381617847016,0.2019778031123698,0.1798751845551602
2007-07-06,1.59016956227656,0.2051897737678805,0.1850481518454543
2007-07-09,1.6001804342887307,0.2102713146153738,0.1908429308444146
2007-07-10,1.5854785789988433,0.202436220025415,0.1815040661183469
2007-07-11,1.5963209849189952,0.2068492370738708,0.1880688793844347
2007-07-12,1.6550441338948043,0.2342902319816167,0.2163616736471854
2007-07-13,1.670027986095544,0.2391104996247783,0.2161049955581429
2007-07-16,1.664473741599794,0.2366757027337545,0.2127386563950435
2007-07-17,1.683406090460958,0.2456041317095354,0.2301229933919242
2007-07-18,1.6651481102908017,0.2388822424740955,0.2215838074446758
2007-07-19,1.6866147235883893,0.2496976995140236,0.2421568575467927
2007-07-20,1.646366670467367,0.2326080253427593,0.2265099781498247
2007-07-23,1.6534326069220358,0.2360742964052931,0.2254437397780653
2007-07-24,1.6126597880429774,0.2173647343034201,0.2089874206045254
2007-07-25,1.646544709511847,0.2301554916157637,0.2134988091582734
2007-07-26,1.6155820603667568,0.2132397175820908,0.189993844546108
2007-07-27,1.58243890293449,0.1988739004579935,0.1689470847876408
2007-07-30,1.5966275962780625,0.2084003750257101,0.1831823552010203
2007-07-31,1.5413762324478144,0.1855318045276097,0.158769256279454
2007-08-01,1.5621213090542123,0.194365877111919,0.1663211353799769
2007-08-02,1.588529811258978,0.2080051226664914,0.1738928979944396
2007-08-03,1.531448636417582,0.1813142636282183,0.1371696143273122
2007-08-06,1.5807499125438689,0.2030836985512172,0.1547118143742614
2007-08-07,1.5862986138161164,0.2096436854737446,0.1558273397593628
2007-08-08,1.630648624729418,0.2312700682449326,0.1801713886597924
2007-08-09,1.571456289390559,0.2033758755640125,0.1536654595164417
2007-08-10,1.5590586335149834,0.1969396245122245,0.1493218155166595
2007-08-13,1.5569635414808705,0.195173613414159,0.1510098655970853
2007-08-14,1.5224733359897795,0.1791098157980604,0.1304072914894212
2007-08-15,1.4759731231456923,0.1582925144585603,0.10874848102004
2007-08-16,1.4551856632877738,0.1453030528986398,0.1007325327547743
2007-08-17,1.5060925153780755,0.1682390884777651,0.1275445475066545
2007-08-20,1.5051888479531317,0.1692374697594201,0.1346621224602715
2007-08-21,1.5270387292439538,0.1767203741091005,0.139015647963951
2007-08-22,1.5558260884033817,0.190182190366237,0.1556200691898068
2007-08-23,1.5512830619693032,0.1879686892188743,0.1508223580353243
2007-08-24,1.5908374394347362,0.2052108240842807,0.1627969331668084
2007-08-27,1.5775283234077149,0.1976445605782897,0.154376204760184
2007-08-28,1.5174977302871846,0.1708574246710019,0.1268732077723555
2007-08-29,1.591983047329252,0.2053331356331758,0.1576339678865568
2007-08-30,1.6007502821849036,0.2088290762098594,0.16185903383957
2007-08-31,1.6328636802961565,0.2243723105867419,0.1776244912833069
2007-09-04,1.6764992121272,0.2437065813903971,0.1989872181542009
2007-09-05,1.6522521607055287,0.2338024258646445,0.1865091683485291
2007-09-06,1.6590756012702292,0.237585806060629,0.1904085061913629
2007-09-07,1.6090085954279143,0.2158907269391516,0.1639124585519096
2007-09-10,1.6105357505895967,0.2158764766451608,0.1641592551370547
2007-09-11,1.6524129842078707,0.2357906675646792,0.1826294730073447
2007-09-12,1.6498164516832872,0.2369970553986173,0.1761338302685389
2007-09-13,1.6593320511774294,0.2409902713347258,0.1785326255927077
2007-09-14,1.6551908560271835,0.2389939010090616,0.1780884399419047
2007-09-17,1.6369209392727089,0.2290755849590249,0.1708326444398689
2007-09-18,1.6976761253152652,0.258941565932953,0.204071131403273
2007-09-19,1.7096850134470891,0.2619332840697652,0.2078323692038335
2007-09-20,1.710549806558605,0.2578092094801856,0.201741386100241
2007-09-21,1.7384396563215685,0.2678409662398384,0.2080495212772861
2007-09-24,1.7488873816367208,0.27333400305053,0.2014354209978563
2007-09-25,1.7723893763443992,0.2844484158620375,0.2138838262918359
2007-09-26,1.783733465112551,0.2898977770261619,0.216539299705047
2007-09-27,1.785017568374641,0.2941554198866376,0.2215838074446747
2007-09-28,1.779369547330044,0.291118133363254,0.2229757739266136
2007-10-01,1.818108531853472,0.307278095943239,0.2382672807017098
2007-10-02,1.8175857981163484,0.3073472470058238,0.239767823220375
2007-10-03,1.7933215831084683,0.2963592393455458,0.2307745701184265
2007-10-04,1.7881382020462602,0.2951496193895624,0.230883146155153
2007-10-05,1.8318003799090703,0.3148408654148218,0.2522557545299444
2007-10-08,1.8557306802810545,0.3240736895966754,0.2614463966975511
2007-10-09,1.8672197377693536,0.3290129641784811,0.2589093808249636
2007-10-10,1.8828580900954732,0.3373486556122915,0.2631148042763269
2007-10-11,1.834074259593104,0.3160619029084484,0.2397282972047854
2007-10-12,1.8757306091005503,0.334213418618414,0.2707358539041316
2007-10-15,1.8536688213278096,0.32431664852683,0.2599656171866804
2007-10-16,1.839591800259864,0.3070214516320395,0.2449012644950792
2007-10-17,1.8878036864680616,0.3261919040187095,0.2632727878325402
2007-10-18,1.897963968333166,0.3305422662132891,0.2770242260733817
2007-10-19,1.833048719458368,0.300153253013357,0.2381290601532908
2007-10-22,1.8680765893542504,0.3159402210734059,0.2542696532266941
2007-10-23,1.931221399988161,0.3442623777918587,0.2753065314812639
2007-10-24,1.8957246554454668,0.3292964514962646,0.2472605338036584
2007-10-25,1.8804959078487415,0.3222959199205266,0.2266383171943446
2007-10-26,1.937755516102193,0.3486580374092352,0.239767823220375
2007-10-29,1.9459402310787337,0.3539811890819395,0.2490276359152636
2007-10-30,1.9672265734923524,0.359382145681723,0.2499851777441517
2007-10-31,2.0255305662719776,0.3823234522836234,0.2659282612457518
2007-11-01,1.9787642540620527,0.3608517135393734,0.2408734671015793
2007-11-02,2.000691864019573,0.3702888890484157,0.2543485847517286
2007-11-05,1.9999958275041023,0.3658892693698541,0.2465005015465735
2007-11-06,2.0440129286571325,0.3832268388476147,0.2461647714263517
2007-11-07,1.970290514948056,0.3504560641117356,0.2202313669783253
2007-11-08,1.8536564051825728,0.3033397538758349,0.1829256771119765
2007-11-09,1.754112075563047,0.2645026589521653,0.1541788156945254
2007-11-12,1.704254859204441,0.2397776694906441,0.12586625842398
2007-11-13,1.8133217108312405,0.2887910795254784,0.1664692374322913
2007-11-14,1.7728008165807774,0.2716104221762496,0.1488381038502655
2007-11-15,1.754245985875229,0.2625894700103925,0.1368141211992943
2007-11-16,1.780916485278142,0.2740804425212373,0.1490552559237186
2007-11-19,1.7493249486058424,0.2575129695956999,0.1295583256972585
2007-11-20,1.776418930794336,0.2636436699224112,0.1207921061726602
2007-11-21,1.744433656058681,0.2468024847884049,0.1079192782356723
2007-11-23,1.778279160943308,0.2602498691255306,0.1208810397077368
2007-11-26,1.7172553899425695,0.2360446132380995,0.0964678202800253
2007-11-27,1.7638526755829045,0.2575074585237709,0.1201110054406093
2007-11-28,1.848439806427841,0.2939800285764733,0.1528756622415181
2007-11-29,1.860091430756749,0.298495794902887,0.155985323315575
2007-11-30,1.848109022533508,0.2958160447306042,0.1398152062366247
2007-12-03,1.8227222460855723,0.2858450304060467,0.1320065285409142
2007-12-04,1.8222569353424345,0.2838792201084468,0.1235365131209478
2007-12-05,1.8962049296445824,0.3157431475255776,0.1485024942361887
2007-12-06,1.93907949772456,0.3323663721211651,0.1643172386932676
2007-12-07,1.932785107793784,0.3327030553502532,0.1654820510917112
2007-12-10,1.9463678747415725,0.3380321477584487,0.1731623897429004
2007-12-11,1.8866910751813972,0.3099454553148413,0.1453139016370981
2007-12-12,1.917276327961162,0.3217571788283835,0.1527572047008945
2007-12-13,1.9126399649064776,0.3209173087625745,0.1493218155166584
2007-12-14,1.874316371274082,0.3044302697107717,0.137317595873482
2007-12-17,1.801883069364908,0.269362411438016,0.1114632434566349
2007-12-18,1.8244152417513688,0.2795116853941384,0.1182748533078674
2007-12-19,1.8309160298445943,0.2821498615417646,0.120772343164865
2007-12-20,1.881275236954658,0.3040125149187356,0.1431815453997238
2007-12-21,1.9280657885550512,0.3236140266601344,0.1624712050566283
2007-12-24,1.9548468224470383,0.3365810379221998,0.1680487114759907
2007-12-26,1.9668859957499087,0.3426802815056204,0.1721554403945253
2007-12-27,1.927085357862424,0.3244230230915985,0.1531521033383556
2007-12-28,1.9296370166291064,0.3253786894264256,0.153606170493056
2007-12-31,1.8944509659454705,0.3103309303340871,0.1410985966818372
2008-01-02,1.8474931802402736,0.2907301522776748,0.1188177334914997
2008-01-03,1.8434428228085304,0.289989183700317,0.1168631238181341
2008-01-04,1.7171244330389372,0.2366001981753827,0.0675827383141558
2008-01-07,1.7165926679346213,0.2338407271173816,0.0560129433240301
2008-01-08,1.648670352583835,0.2063410360803559,0.0274635914783822
2008-01-09,1.7089697529019428,0.2291866531801856,0.0388852844161919
2008-01-10,1.7037835970009367,0.2269427017016496,0.0431203523792478
2008-01-11,1.6498486216852402,0.2041756189626102,0.0117376600502352
2008-01-14,1.710863914669654,0.2282621749863234,0.0399810467934989
2008-01-15,1.6421792963489277,0.1983908170587105,0.0097632873690749
2008-01-16,1.5771671807894347,0.1749441719148883,0.0105925504065143
2008-01-17,1.5386566231824403,0.1582065818695857,-0.01225095597525
2008-01-18,1.5354821334356084,0.1579636305903753,-0.0003356096140777
2008-01-22,1.4623666168379286,0.1249647210708011,-0.0288554374541785
2008-01-23,1.448541532741232,0.1215461932257233,-0.0263578270910356
2008-01-24,1.5084941197741797,0.1479134875187706,0.0134948806579433
2008-01-25,1.4637134956717066,0.1278845381004356,-0.0023889740733448
2008-01-28,1.461301597736624,0.1309933959500446,0.007265737259005
2008-01-29,1.4589227250881098,0.1295294922372356,0.0082035160800983
2008-01-30,1.4621323255772776,0.1285624658803472,0.0102766435471604
2008-01-31,1.501952086139668,0.1470683099589305,0.0079073722285387
2008-02-01,1.478024875975367,0.1402897771419087,0.0435152510167096
2008-02-04,1.432436432709569,0.1228839386671392,0.0291812860705011
2008-02-05,1.3682393583711543,0.0929152543538218,-0.0049753974654189
2008-02-06,1.3310317145400914,0.0747498223700084,-0.026496047639454
2008-02-07,1.3429308308507153,0.081908888346964,-0.0207604974108057
2008-02-08,1.3729735491142758,0.0944569202161464,-0.0048569399247953
2008-02-11,1.396740281525986,0.1043263654946311,0.0099508551839084
2008-02-12,1.3904876160997008,0.1012515900093229,0.0041955419474652
2008-02-13,1.450422221648036,0.1283715952927215,0.0346305739514871
2008-02-14,1.3955913869572392,0.105291979157446,0.0097830503768701
2008-02-15,1.3817191033876115,0.1010939731514362,0.0015498897850789
2008-02-19,1.355967980523909,0.0914483298359567,-0.0101778887612602
2008-02-20,1.3849217749848086,0.1027510929889825,0.00675238108092
2008-02-21,1.3515035491452108,0.0878885777217646,0.0028727459928084
2008-02-22,1.3545496411784188,0.0909951198006766,0.0037710590513844
2008-02-25,1.356897162779029,0.0947544677158089,0.0139588293165413
2008-02-26,1.3686988204652586,0.1007525106347748,0.0209579467295346
2008-02-27,1.376329812637827,0.1028550026786097,0.0287369799135528
2008-02-28,1.3663087587458955,0.0967543678384641,0.013465236146251
2008-02-29,1.312103307276145,0.0712270522462596,-0.0163773876485067
2008-03-03,1.2932244278379357,0.0626712526938801,-0.0239688530176918
2008-03-04,1.3026854699756667,0.0657385040565747,-0.0182037185304237
2008-03-05,1.31638550071948,0.0729057221499891,-0.0081837530723052
2008-03-06,1.2714316365012035,0.0493456669543566,-0.0300894203799038
2008-03-07,1.2783024285893505,0.0499233156540452,-0.0339789369719129
2008-03-10,1.2505303566528765,0.0347466790563861,-0.0515607232875242
2008-03-11,1.344136390707282,0.0745338352278677,-0.0151730492344736
2008-03-12,1.3354829683328444,0.0725317145768047,-0.0216983364849716
2008-03-13,1.3528578503522692,0.0793660679866785,-0.0150940574563669
2008-03-14,1.3058225570447777,0.057968910953208,-0.0412150297192265
2008-03-17,1.2827754013594177,0.0450335191848692,-0.0547197316279957
2008-03-18,1.3768330368900612,0.0858901635386626,-0.0160614807891524
2008-03-19,1.3174202172337095,0.057793656544302,-0.0482733759025318
2008-03-20,1.3677768144284612,0.0794237814986507,-0.0309680306837577
2008-03-24,1.4390160709022908,0.1125094455040531,0.0074335420660429
2008-03-25,1.4460449222311542,0.1157285158267094,0.0122114902127308
2008-03-26,1.4292059141714053,0.1087948324344707,0.0039882713779095
2008-03-27,1.3638817122185447,0.0842252361068529,-0.023277810528671
2008-03-28,1.352168665988641,0.0787483322232434,-0.0261604380253777
2008-03-31,1.3768465146947713,0.0904101327574899,-0.0236134803958204
2008-04-01,1.4783367150166762,0.1364332082212915,0.0171671849234267
2008-04-02,1.4693933730429527,0.1328046012459887,0.017147421915632
2008-04-03,1.4571181552585637,0.1280477716752415,0.0282532682471596
2008-04-04,1.4744162763198485,0.1357278012248848,0.0268810647730157
2008-04-07,1.473775803839318,0.133905995933752,0.0210172357529185
2008-04-08,1.4497987250937725,0.1226311828517334,0.0119055251103459
2008-04-09,1.4325413093877213,0.1134695953308075,0.009101889391746
2008-04-10,1.4718108734115782,0.12913836710262,0.0235247276199586
2008-04-11,1.394835855220271,0.0974254998396988,-0.0090524818722622
2008-04-14,1.3820517555850935,0.0916454702600484,-0.0159134389899094
2008-04-15,1.3923530459236244,0.0952910904156336,-0.0131591505377242
2008-04-16,1.459601769915912,0.1257027076861911,0.0241170153230776
2008-04-17,1.455931136434474,0.1227156898597499,0.0231001844708051
2008-04-18,1.5553182907170822,0.1656609013257819,0.0588560448051469
2008-04-21,1.5738817322252945,0.1736573025168093,0.0733873988170135
2008-04-22,1.5448616615440542,0.1612011232794701,0.0517285883476323
2008-04-23,1.5834749990258865,0.1778670860806299,0.0775138907433428
2008-04-24,1.599556923056236,0.1846815072367331,0.0888961781717079
2008-04-25,1.5831302447415334,0.1793531114728919,0.089685854940485
2008-04-28,1.584159720097936,0.1784767583365296,0.0845228896602336
2008-04-29,1.5937190634124945,0.1832946734404987,0.0940492619480621
2008-04-30,1.5821702077484503,0.1780546412480934,0.0843452636023704
2008-05-01,1.6629129179531876,0.2133876091145732,0.1216311904609246
2008-05-02,1.659307110154915,0.2115402137563997,0.1192323951367557
2008-05-05,1.656422925387656,0.2097178479728783,0.1111868023597977
2008-05-06,1.6722729189262333,0.2163888280570618,0.1260341234840911
2008-05-07,1.6180824425502809,0.1905166439767245,0.1008411087914999
2008-05-08,1.6328328797976304,0.1966149736601548,0.1084621584193046
2008-05-09,1.61972968539247,0.1911373189713894,0.1075540241099035
2008-05-12,1.6682665194700883,0.2120747570387398,0.1236846151732642
2008-05-13,1.6685597509566654,0.2122486149931322,0.1281861222231148
2008-05-14,1.661643794173743,0.2104535260024147,0.1345239019118522
2008-05-15,1.7114242375116475,0.2331864523776115,0.1633300523526877
2008-05-16,1.7081291560743814,0.2331894857938443,0.1656597976557197
2008-05-19,1.7077888627187776,0.230589446589847,0.1534483074429877
2008-05-20,1.6781465371986215,0.2170736437331453,0.136804360201542
2008-05-21,1.6205149490298285,0.191781803211734,0.1190447670688499
2008-05-22,1.6326109283764434,0.1970377045356675,0.1211278362928818
2008-05-23,1.6146755340432044,0.1876342696687913,0.1125194798183517
2008-05-27,1.6685949071239126,0.2101041534895287,0.1329740723798447
2008-05-28,1.6737026144490774,0.21235632216413,0.1394697151186505
2008-05-29,1.6997316948737078,0.2233109066657439,0.1480286640736936
2008-05-30,1.712869203326588,0.2338551753570588,0.1689075587720496
2008-06-02,1.677563723171747,0.2181137558396446,0.1518589518953907
2008-06-03,1.6609918482799195,0.211563094445353,0.1451657995847819
2008-06-04,1.6912692040041253,0.2249240324222798,0.1595589330482298
2008-06-05,1.7440820149426153,0.251344377552118,0.1755611850670693
2008-06-06,1.6530835772545869,0.2107546112591543,0.1392426815413006
2008-06-09,1.6377306660801354,0.2032243967041074,0.1348201060164842
2008-06-10,1.6328087257150474,0.1971841899547541,0.1170507518860397
2008-06-11,1.5664742672034104,0.1681187331661822,0.0870303815272737
2008-06-12,1.579435267128499,0.1737783643699118,0.0889751096967419
2008-06-13,1.6392780248161365,0.2016827194089625,0.1150467346931869
2008-06-16,1.6553992901819328,0.2114963898183333,0.1253825467575873
2008-06-17,1.6415476686503374,0.2043501183266411,0.1082944138653385
2008-06-18,1.6135284809545172,0.191463784445667,0.0929238550590627
2008-06-19,1.6507782360503698,0.2080479762663982,0.1168334793064413
2008-06-20,1.581498440719117,0.1765956886378978,0.0832495012250631
2008-06-23,1.5652334694216323,0.1699999722821383,0.0754999920465921
2008-06-24,1.5594668251679398,0.1658864097247014,0.0760034667207796
2008-06-25,1.59757826142493,0.18440522475363,0.0930423125996862
2008-06-26,1.4988980520042712,0.1424925157851446,0.0479378265415242
2008-06-27,1.4931581971381949,0.1410111043603685,0.0462891819705428
2008-06-30,1.4717639000708709,0.1330512617230959,0.0355090637491943
2008-07-01,1.4966317301505736,0.1441337235696314,0.0417185043934105
2008-07-02,1.437048841910335,0.117511739272929,0.0204348295536958
2008-07-03,1.4397458568500985,0.1181678814803073,0.0121523216954901
2008-07-07,1.4512894296264367,0.1184135256883631,0.0176016095764763
2008-07-08,1.497870480779485,0.1400330295369538,0.0270983373526125
2008-07-09,1.421541839250251,0.1072618714743387,-0.0084305496574514
2008-07-10,1.4519063816590685,0.1200029883432076,0.0038500508294896
2008-07-11,1.4223197957572222,0.1008095734738276,-0.0157159896711797
2008-07-14,1.397028456964727,0.0890274912841722,-0.0293193861127778
2008-07-15,1.4035516145190896,0.0924673872002448,-0.0248672263293419
2008-07-16,1.4630082858882745,0.1206949583761234,0.0056862029622313
2008-07-17,1.4889403146207791,0.1311914957782618,0.0226559988200012
2008-07-18,1.4212115455784051,0.1056801739661881,0.0117969490736185
2008-07-21,1.404868282813699,0.1004195889528278,0.0009576020819579
2008-07-22,1.4150098798161728,0.1069035377468472,-0.0064462954723939
2008-07-23,1.447025911783117,0.1239418311201536,0.0038500508294894
2008-07-24,1.418944802509396,0.1064748996027298,-0.0260518017355801
2008-07-25,1.4570442933242735,0.1228547592535354,-0.0083614393832425
2008-07-28,1.409796654470763,0.1002817831092344,-0.0275523442542454
2008-07-29,1.4670917683535198,0.1229017383616093,-0.0026357706584916
2008-07-30,1.471447233450093,0.122895469608214,0.0011648726515134
2008-07-31,1.4486910906175403,0.1150189644935668,-0.0042251262060882
2008-08-01,1.4261846239838172,0.1064554696227324,-0.0113921086791924
2008-08-04,1.4101125613339258,0.0966662427879303,-0.0176903623523402
2008-08-05,1.4935476023807484,0.1332981943585003,0.0118067100713707
2008-08-06,1.5276181917813378,0.1481986160771606,0.0293391491205676
2008-08-07,1.5209073800427948,0.1437398894563046,0.0267527257284931
2008-08-08,1.5907303091920553,0.1721527550673294,0.046713725119696
2008-08-11,1.6159826347980184,0.1829523256756391,0.0575431303543865
2008-08-12,1.6210779231564985,0.1832601030704697,0.0555885206810209
2008-08-13,1.6196111655232248,0.1818605112906399,0.0533673514147152
2008-08-14,1.639877254805707,0.1940432077537885,0.0669609266054884
2008-08-15,1.6377634561759409,0.1933452881279433,0.0677901293898552
2008-08-18,1.603918826910784,0.1778483999158002,0.0497739786742656
2008-08-19,1.5714413401736378,0.1640738994840995,0.0354301322241599
2008-08-20,1.5744635741690836,0.1644966924610709,0.040899183112941
2008-08-21,1.5631940130668198,0.1584535843411501,0.0367825726905091
2008-08-22,1.601971859056627,0.1754353800952441,0.050563655443043
2008-08-25,1.552845807597004,0.1535359294148091,0.0295663032040629
2008-08-26,1.542963345543313,0.1486718597700453,0.0208394891889089
2008-08-27,1.5590615611430514,0.1566937125958718,0.0323501156617951
2008-08-28,1.5817376683443451,0.1666791222213937,0.0422417420753924
2008-08-29,1.5203742077666016,0.1411078204789329,0.0136331012063599
2008-09-02,1.4991036405138811,0.1324972469605028,0.0015696527928716
2008-09-03,1.4703245136171712,0.119472621728772,-0.0223103871958874
2008-09-04,1.391073031363255,0.0853577361427291,-0.0581156550497162
2008-09-05,1.379203795948662,0.0807859875039151,-0.0513139267023809
2008-09-08,1.3795841258902477,0.0800310146468132,-0.0513731554726929
2008-09-09,1.3399879430799904,0.0608426120397389,-0.0800213223573149
2008-09-10,1.3434600372851024,0.0629721708508197,-0.0727260008396895
2008-09-11,1.388425062795533,0.0824196664754173,-0.0618077223229949
2008-09-12,1.3818634037052404,0.0800087099426547,-0.064117704618232
2008-09-15,1.312650333607804,0.0480998361639419,-0.0992319299830402
2008-09-16,1.3348032628873137,0.0580105502096208,-0.0929336763098923
2008-09-17,1.2085530688905823,0.0040022002711765,-0.1260932920013348
2008-09-18,1.2950525905034471,0.0443325819097071,-0.0851052958594597
2008-09-19,1.359439959721246,0.0721559629500685,-0.0561906296349703
2008-09-22,1.2651917887051054,0.0294307940172631,-0.1002685238431074
2008-09-23,1.2433664494124548,0.0204146115708598,-0.1112361496262166
2008-09-24,1.2577241081040982,0.0280581064555964,-0.1034768794499932
2008-09-25,1.2986953617403496,0.0456659661453899,-0.0919366687184872
2008-09-26,1.3079006656858674,0.04792450056768,-0.1011470738938887
2008-09-29,1.0839095168418265,-0.0495572809036342,-0.1900728363242179
2008-09-30,1.2163321492801722,0.0084322440549722,-0.1385515787992118
2008-10-01,1.1816718675651083,-0.0052539478923185,-0.1526387471602752
2008-10-02,1.0968963812566472,-0.0434170892529905,-0.1957195735239346
2008-10-03,1.0838533375317412,-0.0511392006233559,-0.2161641640753852
2008-10-06,1.0012725444389932,-0.0891500240124585,-0.2452960426263999
2008-10-07,0.8721757821687777,-0.1440321926286305,-0.2952871733741211
2008-10-08,0.8750321051036847,-0.1438574695880049,-0.29565242749989
2008-10-09,0.7964566819854422,-0.1799481236860419,-0.3193843654363331
2008-10-10,0.7951870365579503,-0.1838956357929303,-0.3250409841399473
2008-10-13,1.0108000496072296,-0.0866109108090957,-0.2404489842055029
2008-10-14,0.9177775423450252,-0.1260972187251826,-0.2739737937696418
2008-10-15,0.7626600204389695,-0.196913872076658,-0.3394439991072926
2008-10-16,0.8623920231519708,-0.1520950677722262,-0.304892477186984
2008-10-17,0.865042935735115,-0.1517589167295613,-0.306916197134559
2008-10-20,0.930959726050938,-0.1223371433265692,-0.28251297971689
2008-10-21,0.8371445388427678,-0.162522405943823,-0.3217635182588524
2008-10-22,0.7812517293587131,-0.188271408712588,-0.3520602694613831
2008-10-23,0.7860529152584306,-0.1894720155685815,-0.3634721411483679
2008-10-24,0.7354468900542235,-0.2121493057899477,-0.3807083760929326
2008-10-28,0.87754983711677,-0.1519769227915102,-0.325949178702421
2008-10-29,0.8639085186580369,-0.1569537186592658,-0.3300953733834726
2008-10-30,0.907337482690086,-0.1352572973639051,-0.3162056543411399
2008-10-31,0.898481996797714,-0.1372031215780761,-0.3158897474817855
2008-11-03,0.8845183394355685,-0.1424856578457579,-0.3166597214958404
2008-11-04,0.953980408243508,-0.1113155311775268,-0.2857213353237761
2008-11-05,0.8376248867563452,-0.1632815123046366,-0.3217832210135748
2008-11-06,0.7471236038918991,-0.2019023767408196,-0.3608067259781868
2008-11-07,0.7957637171458765,-0.1782185706815346,-0.3450907363070097
2008-11-10,0.7698636889648467,-0.1886802734997669,-0.3615569972375195
2008-11-11,0.74114949514635,-0.2017668683684728,-0.3776777067969827
2008-11-12,0.6557455599234379,-0.2385506252014926,-0.4112618053845059
2008-11-13,0.7571049322625192,-0.1932974003658374,-0.3713696318730101
2008-11-14,0.6742103367452594,-0.229991571247741,-0.4009358145709305
2008-11-17,0.6273919505221202,-0.2513386472677356,-0.4195245502349168
2008-11-18,0.6349710855784887,-0.2500798444566166,-0.4198701016059635
2008-11-19,0.5422914153134757,-0.291313915866484,-0.4601472922510231
2008-11-20,0.4772379745298785,-0.3186106729054029,-0.4808189766328964
2008-11-21,0.5575648230881487,-0.2842092068142768,-0.4545005550513064
2008-11-24,0.6352430849715371,-0.2503318474328839,-0.4184781351240246
2008-11-25,0.6208380655034802,-0.2564018888499476,-0.4277280663150158
2008-11-26,0.6818941808490715,-0.2286496037823628,-0.3950916883055556
2008-11-28,0.6707485702428673,-0.2326290402364699,-0.3976287644312156
2008-12-01,0.5512865780653786,-0.2867359150225486,-0.4489723356452859
2008-12-02,0.6000668777404323,-0.2648388911381416,-0.4302256766781586
2008-12-03,0.6537193745557386,-0.2414267268742714,-0.4081719073182439
2008-12-04,0.6036100978360841,-0.2646511861490771,-0.4396434126761881
2008-12-05,0.6709050340803744,-0.2348958163463833,-0.4104819498665536
2008-12-08,0.7476991642341355,-0.2022902318548961,-0.3862070112403334
2008-12-09,0.7375996395432967,-0.208446976535422,-0.378408275301593
2008-12-10,0.7459670559932308,-0.2037036407625371,-0.3687930297317604
2008-12-11,0.6869849975020397,-0.2295431612929193,-0.3912811634916533
2008-12-12,0.7295450810288802,-0.2112974703865171,-0.3725838517909405
2008-12-15,0.6959747407978958,-0.2258336071044018,-0.3858318756106671
2008-12-16,0.7764112776544885,-0.1898723272904088,-0.3510039728465937
2008-12-17,0.7426065886914637,-0.2013705248025608,-0.3538470743277105
2008-12-18,0.7104929492079437,-0.2132678995267972,-0.3773914444493205
2008-12-19,0.7242133468261251,-0.2084032029003114,-0.367460352273206
2008-12-22,0.6923682076872699,-0.2239939966950329,-0.3853876297067914
2008-12-23,0.6841042243208018,-0.2270939381394634,-0.391804340920563
2008-12-24,0.6899653345096657,-0.2251617644168778,-0.3916365361135246
2008-12-26,0.6895349853351875,-0.2259883411711692,-0.3941440279805649
2008-12-29,0.6715982600952195,-0.233763640991256,-0.3985172562389667
2008-12-30,0.7089688031282495,-0.216399647219088,-0.380659028826518
2008-12-31,0.7207804795580794,-0.2111360634706808,-0.3746174532424128
2009-01-02,0.7914722200745752,-0.1797432412299856,-0.3443207020398822
2009-01-05,0.7926562585434243,-0.1775567894460437,-0.3425832444399692
2009-01-06,0.8213241679227623,-0.1674729658107798,-0.3216746449768483
2009-01-07,0.7591900126038724,-0.1936240825963026,-0.3457521342843379
2009-01-08,0.7779154599038587,-0.1843192847155349,-0.3434223889813059
2009-01-09,0.7283950990560737,-0.2039983897151231,-0.3590495053704791
2009-01-12,0.7023949690303475,-0.2172048650898989,-0.3779442663899224
2009-01-13,0.7059978486580563,-0.2158233666955702,-0.3780133766641317
2009-01-14,0.6417173989997225,-0.2427063716785922,-0.3992971117569189
2009-01-15,0.6594172411682762,-0.2328171455124179,-0.390886264854192
2009-01-16,0.6804291572260104,-0.2235247813236395,-0.3803332404632662
2009-01-20,0.5944264173669047,-0.2616763413579789,-0.4191592961091477
2009-01-21,0.6602396342302237,-0.2329606013877496,-0.3934726882462664
2009-01-22,0.6271670099620834,-0.2493960695535797,-0.4098994834142592
2009-01-23,0.6465274024710126,-0.2423418279374452,-0.3951607985797647
2009-01-26,0.6641111885625683,-0.2345991512953628,-0.3897609182182656
2009-01-27,0.6800340342552165,-0.2273348391629656,-0.3753776060056427
2009-01-28,0.729176244007927,-0.2056431370148761,-0.3503129303575727
2009-01-29,0.6851476578739593,-0.2248840710199986,-0.3737388429385587
2009-01-30,0.6598700905065207,-0.2359003152085483,-0.3901064093362395
2009-02-02,0.6926736062071153,-0.2235806516835354,-0.3828506138342037
2009-02-03,0.7236976515137901,-0.2090475764135064,-0.3733637073088923
2009-02-04,0.7183585283245597,-0.2094347472828522,-0.3694446064582636
2009-02-05,0.7637950647544411,-0.1900796869158186,-0.3487235748099758
2009-02-06,0.8215350377240247,-0.1668561087561343,-0.3278445596054745
2009-02-09,0.8262381666275049,-0.1643524283431712,-0.3264624746274331
2009-02-10,0.7490899892540448,-0.1972556159627319,-0.3596615560813927
2009-02-11,0.754564859562525,-0.1940750362545932,-0.3628304459257614
2009-02-12,0.7674176642538384,-0.1875868140711339,-0.3525735653863953
2009-02-13,0.7563027896765957,-0.1921713939578957,-0.3538865400902273
2009-02-17,0.6858705704326014,-0.2210815409090317,-0.3857924098481496
2009-02-18,0.6994506582463778,-0.2170160257434339,-0.3840549522482368
2009-02-19,0.6634509264873181,-0.2302491119796612,-0.4028806029934708
2009-02-20,0.6710176144697595,-0.2267750784176584,-0.3993365775194358
2009-02-23,0.6035407761939537,-0.25588352345956,-0.4247862703010695
2009-02-24,0.6619429374272685,-0.2292895202864712,-0.3981421206093002
2009-02-25,0.6502084894344367,-0.2383578007707498,-0.3934134594759543
2009-02-26,0.6073514460612792,-0.2570732889081152,-0.4041639331856106
2009-02-27,0.5980133959463092,-0.2613289048577842,-0.4041836961934054
2009-03-02,0.5492892805167666,-0.2846238193021205,-0.4310351767078026
2009-03-03,0.5523845997694843,-0.282091603472807,-0.4238681942346984
2009-03-04,0.5887299241248811,-0.2646025186686537,-0.4038480263262562
2009-03-05,0.5391090450337024,-0.2853928103647342,-0.4223775332199307
2009-03-06,0.5242625392470777,-0.2906487714856627,-0.4250725326487317
2009-03-09,0.4941170987465892,-0.304340370015486,-0.4391103537433806
2009-03-10,0.5992396957493342,-0.2588595555283401,-0.3973029760679635
2009-03-11,0.6278133769345686,-0.2481494216061266,-0.3847262317294627
2009-03-12,0.6740861698393905,-0.226388274971131,-0.3648640473772339
2009-03-13,0.6757806305599183,-0.2240282729091779,-0.3615569972375191
2009-03-16,0.6467201448181898,-0.2384041373376437,-0.3774013259532176
2009-03-17,0.715257684801947,-0.2103563884379202,-0.3514482187504689
2009-03-18,0.7344045210746764,-0.2019535081612135,-0.3215759504440191
2009-03-19,0.735732559360341,-0.2022748994437223,-0.3223952717244884
2009-03-20,0.7119348606960936,-0.2131295708676895,-0.3417935074181193
2009-03-23,0.818233519852362,-0.1657464975077746,-0.2997097488989375
2009-03-24,0.7788751262546567,-0.1830973373474494,-0.313875848785035
2009-03-25,0.7785731426900706,-0.1814687491326924,-0.3108649424968798
2009-03-26,0.8430673025890527,-0.1514914882485161,-0.2805780727982465
2009-03-27,0.797652727149994,-0.1724195702100829,-0.3041126216690315
2009-03-30,0.7550460180363383,-0.1926787705684314,-0.326442771872711
2009-03-31,0.7891093021502802,-0.1784956141229604,-0.31616612832555
2009-04-01,0.8207238294550905,-0.1648820572981102,-0.3013682147207438
2009-04-02,0.8727739801845436,-0.1434914105776504,-0.2748721670812905
2009-04-03,0.8949338714641646,-0.1359012344299482,-0.2581689308164605
2009-04-06,0.8854130904806352,-0.1388724079954042,-0.268702252452664
2009-04-07,0.8384964947135991,-0.1594067896927429,-0.2917924951665008
2009-04-08,0.8625361788709927,-0.1471689324652395,-0.2702718449924659
2009-04-09,0.9195254720781556,-0.121461196114631,-0.2431735678929236
2009-04-13,0.9149796793015572,-0.1237646083327611,-0.250123398292575
2009-04-14,0.8954056070866181,-0.1323812182171388,-0.2540424991432037
2009-04-15,0.8761854567658518,-0.1406172049337845,-0.2617721850608073
2009-04-16,0.923916453362337,-0.119529012377771,-0.2365199415979042
2009-04-17,0.9193845607853608,-0.1216877707195543,-0.2335781455839582
2009-04-20,0.8619854753870935,-0.1476787790941885,-0.2600051432022747
2009-04-21,0.8948121926237822,-0.1340681730670966,-0.2498074914332205
2009-04-22,0.9044466579719336,-0.1303681182640805,-0.2384252040048554
2009-04-23,0.919294607641162,-0.1244829142066964,-0.2425516356781122
2009-04-24,0.9735847709805394,-0.100023063678822,-0.2204386978009582
2009-04-27,0.960144763834654,-0.1045935135498614,-0.2299057810654022
2009-04-28,0.9484140863822172,-0.1092876088627916,-0.2377539245236297
2009-04-29,0.9731923572365916,-0.0978575076411073,-0.223113994475037
2009-04-30,0.98452006180159,-0.0881686395750238,-0.2044660300407386
2009-05-01,0.9805544625138952,-0.089530826074008,-0.1976248359308862
2009-05-04,1.0123392717373307,-0.0730983562972096,-0.1735177021117043
2009-05-05,1.0133924223719517,-0.0746168397064017,-0.1807439133551205
2009-05-06,1.0105062556044548,-0.0753136156782089,-0.1795296934371901
2009-05-07,0.9614573533881996,-0.0962485109378956,-0.2158482572160314
2009-05-08,0.9574038685428294,-0.0975947920811588,-0.2192047148752333
2009-05-11,0.9605729264022028,-0.0950732808074706,-0.2192540621416477
2009-05-12,0.945083964068374,-0.1017312178923958,-0.2286915611474721
2009-05-13,0.8964612530189311,-0.1246021642470115,-0.2510020085964292
2009-05-14,0.9188226714872012,-0.114280221103155,-0.2361053402057212
2009-05-15,0.9118150727313128,-0.1171873412214509,-0.2365397046056995
2009-05-18,0.9616825726047996,-0.0942668592219618,-0.2134099358762731
2009-05-19,0.9713855605970144,-0.0900957832336398,-0.2050089704774437
2009-05-20,0.9657922760864754,-0.0910862899886454,-0.2086418089804103
2009-05-21,0.9317200746284076,-0.1073345894809304,-0.2179904949573029
2009-05-22,0.9247072089739324,-0.1088905917226257,-0.2156804524089932
2009-05-26,0.9894264623650576,-0.0822797352130804,-0.1859759889095815
2009-05-27,0.9745353468382664,-0.0886007059396505,-0.1918892857022381
2009-05-28,0.996476224933003,-0.0788024097208704,-0.1792828968520451
2009-05-29,1.0193538690796924,-0.0677193477803291,-0.1715236266758218
2009-06-01,1.0828711477886217,-0.0402147024281253,-0.1386700363398363
2009-06-02,1.0888995778075672,-0.039534101709863,-0.1522438485228147
2009-06-03,1.0885846376456323,-0.0402895816662336,-0.1624020345293518
2009-06-04,1.1105916949014412,-0.0289294291092062,-0.1480285435675538
2009-06-05,1.1184707392106126,-0.0259266062629185,-0.1501312552932355
2009-06-08,1.1073358833712708,-0.0304091200957733,-0.1558964500335762
2009-06-09,1.1207078323948232,-0.0221033038885588,-0.1358269348587195
2009-06-10,1.1131295701766035,-0.025171232694428,-0.1367055451625733
2009-06-11,1.115280469961642,-0.0235062675367409,-0.1350470793407673
2009-06-12,1.109037373284265,-0.0260311006907643,-0.1392525027921307
2009-06-15,1.0686621069380635,-0.0443569725856333,-0.1570810856928871
2009-06-16,1.0531712016424009,-0.0527162517007954,-0.1706746006305878
2009-06-17,1.072391747478147,-0.0451330258364816,-0.1662322620979767
2009-06-18,1.0674745317212984,-0.0474209947873293,-0.1752946857272073
2009-06-19,1.0932222192326253,-0.0354243877134812,-0.1648107113574184
2009-06-22,1.031616653055615,-0.0639771761384013,-0.1945645221232445
2009-06-23,1.0280736600881708,-0.065058704295503,-0.1940314631904371
2009-06-24,1.0588964750184906,-0.0499471559186341,-0.1778218803489698
2009-06-25,1.1002706227352816,-0.0331478333568309,-0.1642776524246112
2009-06-26,1.1019418004828996,-0.0309456735295031,-0.1616517632700196
2009-06-29,1.1102513186088965,-0.0273298570287459,-0.159776085121688
2009-06-30,1.099125294158847,-0.0308868034051875,-0.1625994235950101
2009-07-01,1.1130387963356403,-0.0257571072930971,-0.156686187055426
2009-07-02,1.0621305530959564,-0.0481180737520888,-0.1715038636680271
2009-07-06,1.0537341863973495,-0.0526032832326254,-0.1756105323334891
2009-07-07,1.0024809445243703,-0.0747228362790776,-0.1975359626488825
2009-07-08,1.0190364000159486,-0.0692486585049467,-0.2011786826557465
2009-07-09,1.0229937632728625,-0.0672988688946879,-0.1901221835906332
2009-07-10,1.0315752164892165,-0.0640211060837719,-0.1838535744291776
2009-07-13,1.079543725809402,-0.04310191324325,-0.1681375847580004
2009-07-14,1.0873459254787383,-0.0400434464065738,-0.1618195680770577
2009-07-15,1.165123567004671,-0.0065634351002552,-0.1268040372450786
2009-07-16,1.1947915080656362,0.0051900148865346,-0.1139509120628131
2009-07-17,1.2033001457745751,0.0082789435315098,-0.1073169885225162
2009-07-20,1.2247452388501916,0.0189784180839782,-0.0955201599550402
2009-07-21,1.2386770379825651,0.0265239773107086,-0.0905940495029637
2009-07-22,1.2545134491685874,0.0322125891722031,-0.0792217038315685
2009-07-23,1.307129829113299,0.0558465908122138,-0.0607316627004113
2009-07-24,1.2842813915873337,0.0482612532484045,-0.0606230866636848
2009-07-27,1.273127965509215,0.0451547489600721,-0.0589349763301866
2009-07-28,1.2806368464762548,0.0506957965539374,-0.0549862309678655
2009-07-29,1.2762981400949212,0.0493147325468554,-0.0629528319667168
2009-07-30,1.295673987064399,0.0558558087672855,-0.068500814380532
2009-07-31,1.2890767863780723,0.0517735464627007,-0.0703764925288634
2009-08-03,1.3224641753484967,0.0672948102820945,-0.0555588159162623
2009-08-04,1.316952164672108,0.0647170975029056,-0.0516594178203557
2009-08-05,1.292450815359225,0.0546105504395819,-0.0570001296646155
2009-08-06,1.2756575468736693,0.0446757506716335,-0.0685205773883267
2009-08-07,1.2976806477813358,0.0541311838408182,-0.0606625524262017
2009-08-10,1.2877196250688758,0.0499855857911806,-0.0665955519735806
2009-08-11,1.2676279491350235,0.0414763246122296,-0.0755493393130122
2009-08-12,1.3045401604459994,0.0567557044515893,-0.0549862309678652
2009-08-13,1.3144694779187551,0.0614000354416648,-0.0440581312003457
2009-08-14,1.2941462915492528,0.0506652150987561,-0.0565460022568423
2009-08-17,1.2324686457169705,0.0230292811274559,-0.0850361855852509
2009-08-18,1.2608878325205906,0.0352595916116695,-0.068688382195365
2009-08-19,1.2741613449562834,0.0419840130702779,-0.0641572306338221
2009-08-20,1.3008927265935055,0.0532357694136358,-0.0564473077240134
2009-08-21,1.3326324517068011,0.0659176598741164,-0.0437125798292991
2009-08-24,1.32901158906783,0.0648370413347432,-0.0510770116211338
2009-08-25,1.3354979498448185,0.0691071104087119,-0.0496258163688831
2009-08-26,1.3346125247009724,0.0680138933782554,-0.0467136648666294
2009-08-27,1.3373330680334048,0.0697224994538951,-0.0392801228005853
2009-08-28,1.3428558468985845,0.0729472481435709,-0.031767649209507
2009-08-31,1.3220544583380422,0.0633684983189786,-0.0455290292073186
2009-09-01,1.2796849774300143,0.0440705593801966,-0.0660131457743586
2009-09-02,1.2747833997326894,0.0418567244963643,-0.0677506033742715
2009-09-03,1.2878753285155629,0.0480554050996504,-0.0585302564419001
2009-09-04,1.3243732754231012,0.0657934889170157,-0.0355880555273068
2009-09-08,1.338860222375896,0.0755864014148643,-0.020168209707689
2009-09-09,1.3612666355750376,0.0874707108266945,-0.0075124735910814
2009-09-10,1.3811827753211063,0.0964289120800656,0.0083219736207196
2009-09-11,1.3791507094298865,0.0946445842766576,0.0046694323630307
2009-09-14,1.3814161911492588,0.0947063026390779,0.0069597119035456
2009-09-15,1.389528068741264,0.0987021197438384,0.0134751176501464
2009-09-16,1.4219005730893572,0.114091943994665,0.0206717446349427
2009-09-17,1.415795255811669,0.111335515250208,0.0099212709252864
2009-09-18,1.419168149981464,0.1143839097558734,0.0133665416134198
2009-09-21,1.4265551424419556,0.1172805590495429,0.0153804403101698
2009-09-22,1.436514667115917,0.1203942113383205,0.019556219249841
2009-09-23,1.4245634740918605,0.1143184659837082,0.0199313548795074
2009-09-24,1.4111414608095467,0.1072239335248073,0.0066042790286016
2009-09-25,1.39538420654086,0.1013198655419991,-0.0024185583319666
2009-09-28,1.439500701418691,0.1205075068230561,0.018302473316321
2009-09-29,1.4257831458686407,0.1151366466989867,0.009338804472992
2009-09-30,1.428440650629605,0.1159324535515144,0.0169796773616639
2009-10-01,1.3610315576372471,0.0835130272238136,-0.019615387767087
2009-10-02,1.3574614106097205,0.0838719469919582,-0.0240280817880058
2009-10-05,1.3670565144091058,0.0892114689427272,-0.010345693568301
2009-10-06,1.4092586760365298,0.1080283084076254,0.0096053640659317
2009-10-07,1.4284932659317189,0.1147422855779283,0.0090327791175348
2009-10-08,1.439903533948545,0.1202650014970134,0.0141069313688546
2009-10-09,1.4521341797679876,0.1260953965864277,0.0298426237947542
2009-10-12,1.4555609716333686,0.1272660803699292,0.0353610822030221
2009-10-13,1.460594129572777,0.1288572400866601,0.0382238261857887
2009-10-14,1.4968842978069907,0.1453700862663709,0.0510473671094344
2009-10-15,1.5002830182196791,0.1452653208692613,0.045489623697867
2009-10-16,1.4895790680324352,0.1390657516260789,0.0346108109436895
2009-10-19,1.5096941129247805,0.1482165786804334,0.0488854868665136
2009-10-20,1.5098333980744547,0.1478123522157617,0.044018605184749
2009-10-21,1.5044291494270827,0.1444981169120722,0.0369207932389268
2009-10-22,1.5130742891268518,0.1486148285760384,0.0498133841837094
2009-10-23,1.5526534967837795,0.1638369595271089,0.0350154705789031
2009-10-26,1.5598750738206788,0.1664532393767011,0.0300500148704547
2009-10-27,1.5299820744392345,0.1518349584442222,0.0114218134439512
2009-10-28,1.4851120622300655,0.1296773716813062,-0.0159529047524283
2009-10-29,1.5127612011427043,0.143723864990545,0.0098422791471792
2009-10-30,1.4526849733846636,0.1175173661214992,-0.0190033370561732
2009-11-02,1.4597416695838443,0.1222630351438716,-0.0151237019680616
2009-11-03,1.4548386849167585,0.120477693023266,-0.0136429224571912
2009-11-04,1.4652753708454935,0.1246667811856652,-0.0096447695753832
2009-11-05,1.5211713870441137,0.1500963789780209,0.0137120327313933
2009-11-06,1.5389466305031068,0.1578664515537906,0.0165650157164074
2009-11-09,1.5862151068088473,0.1798968359866184,0.0430314188441685
2009-11-10,1.59478168950952,0.1829197472809713,0.0415605208371956
2009-11-11,1.609739069827996,0.1896231524365994,0.0492803855039742
2009-11-12,1.5995937835632348,0.1847166453581128,0.0401785563652992
2009-11-13,1.627263915994028,0.1970574862793652,0.0514127417413481
2009-11-16,1.6496505926438103,0.2079770751842364,0.0662797053672912
2009-11-17,1.6599418430098862,0.2124132832374419,0.0692116198773395
2009-11-18,1.6489863255268826,0.2070698306890115,0.0558846042795062
2009-11-19,1.606489830210707,0.1879281927726912,0.0351734541351158
2009-11-20,1.596490924068064,0.1830768319713174,0.0242354728636988
2009-11-23,1.6388649020496628,0.2020225460165945,0.0420639955113826
2009-11-24,1.6287211636640326,0.1977196718665475,0.0380758446396169
2009-11-25,1.637672595086192,0.2021410372730927,0.0433966729699368
2009-11-27,1.597426333256816,0.1841813965474643,0.0254398112777318
2009-11-30,1.6090487346254765,0.1880730006590774,0.0243242858926304
2009-12-01,1.6424155830573235,0.2039440940371617,0.0441963517487566
2009-12-02,1.6500074400380762,0.2080374432500953,0.0511954691617499
2009-12-03,1.642707511208009,0.2048813038176375,0.0475528094079584
2009-12-04,1.6544848894385158,0.2115627509939532,0.0632687388260633
2009-12-07,1.6395136523732567,0.2039654268623631,0.0642362826649938
2009-12-08,1.6191497234576089,0.1947897636219961,0.0584809091754781
2009-12-09,1.631349884698043,0.2013082248975397,0.0664080444118122
2009-12-10,1.6498253330550496,0.2089665341798805,0.067997399959409
2009-12-11,1.6405146891247986,0.2044383617843344,0.0619162983597141
2009-12-14,1.659809066470853,0.2147769166969382,0.075381534505966
2009-12-15,1.64023382830162,0.206594799285241,0.0718178062772088
2009-12-16,1.6381054276598817,0.2073737287053056,0.0882248384374067
2009-12-17,1.6062772134804408,0.1928002104596768,0.0741180275746935
2009-12-18,1.6483015904595455,0.2114025000852544,0.0915516515849161
2009-12-21,1.68060667066174,0.2257986838119525,0.1052636843163132
2009-12-22,1.696637464250423,0.2340672230430009,0.1105253441293938
2009-12-23,1.7199498675330087,0.2444786129785057,0.1200912424328117
2009-12-24,1.7420264013565787,0.2540189074301018,0.1335564785790639
2009-12-28,1.753418499705004,0.2589896412954056,0.1306245640690153
2009-12-29,1.7515286189138264,0.2571050175731093,0.1253627837497897
2009-12-30,1.7531753278074724,0.2584349563508759,0.1349977320743445
2009-12-31,1.7241505769137389,0.2463032915121745,0.1233391240552872
2010-01-04,1.7597614696537485,0.2644461417540129,0.1418291049333722
2010-01-05,1.7673474842164634,0.2659394617747015,0.1422338850747306
2010-01-06,1.7452572073934003,0.2579089824887488,0.1371004438000262
2010-01-07,1.7286765298529794,0.2492533423863032,0.1276234790316848
2010-01-08,1.7528605424400991,0.2623269471973748,0.139963308288938
2010-01-11,1.7408343329090727,0.2576707547246131,0.1360737314438564
2010-01-12,1.704857718577614,0.2435107726976479,0.1162115470916276
2010-01-13,1.7317349217435578,0.257613621272535,0.1350174950821392
2010-01-14,1.7407492936158802,0.2615760646403764,0.1363501725406934
2010-01-15,1.7105333288973514,0.2471707307041168,0.1160042765220719
2010-01-19,1.7481750313683952,0.2625868699927476,0.1305751565495281
2010-01-20,1.712510338986425,0.2470693750639123,0.1151849552416026
2010-01-21,1.6877306558472092,0.2351716195438677,0.1093308872192579
2010-01-22,1.5986715443471238,0.1956824429806256,0.0670891451438626
2010-01-25,1.604809369309233,0.1992027792218444,0.0736046713966083
2010-01-26,1.6044612960393043,0.1985407882243144,0.0723805699747803
2010-01-27,1.62840654366173,0.2085896558996451,0.0805050942767726
2010-01-28,1.5750337606948923,0.1849040426262125,0.0516496568225952
2010-01-29,1.5345375497341327,0.1666406509427587,0.0221129981302219
2010-02-01,1.550505799504725,0.1759987804965168,0.0437816901035004
2010-02-02,1.5672964747692997,0.1846787106917868,0.0532488938740893
2010-02-03,1.576621110730485,0.18952037053236,0.0570100111685047
2010-02-04,1.5097503229435825,0.1596213723829926,0.0226461173161018
2010-02-05,1.5371320029902875,0.1688876808099275,0.0376315384826688
2010-02-08,1.5209526453859716,0.1622886149258824,0.0326364382625281
2010-02-09,1.549466968909102,0.1752316103771811,0.045538910711208
2010-02-10,1.5393111716470984,0.1724022917466723,0.0474047073556422
2010-02-11,1.5705030851588409,0.1884631854226321,0.0655590786196504
2010-02-12,1.5714436927697395,0.1894814040410202,0.0661810108344618
2010-02-16,1.6024751222659912,0.2027692108699137,0.0847302807359309
2010-02-17,1.6113887761607253,0.2063804909525834,0.0890836857334653
2010-02-18,1.6313319941583255,0.2142826533654114,0.0961618551776379
2010-02-19,1.6239242498860404,0.2138721957615219,0.0968134319041416
2010-02-22,1.6206403860737315,0.2140011329076678,0.0923809748754278
2010-02-23,1.5865490229631294,0.1985556619791353,0.0737428919450269
2010-02-24,1.6133722764817344,0.2096904709640128,0.0889849912006364
2010-02-25,1.6052145084672982,0.2074090784629705,0.0859445006538615
2010-02-26,1.6074834610848563,0.2089062624629567,0.0888072446366281
2010-03-01,1.6494853106448364,0.2284288846910622,0.1136251236995531
2010-03-02,1.6542355754936722,0.2311212675852301,0.1133092770932713
2010-03-03,1.6571124487660276,0.2309382906098394,0.1081561933169172
2010-03-04,1.6730009921062314,0.2378855773024522,0.1109696502863419
2010-03-05,1.706219114538638,0.2523947025270745,0.1266659372027969
2010-03-08,1.7136123264756296,0.2543172440060421,0.1297657167729562
2010-03-09,1.7239082458042465,0.2597968575719411,0.1336452916079953
2010-03-10,1.7471809012934818,0.269572390036682,0.146143104421462
2010-03-11,1.7622562702974318,0.2765294412652264,0.1461035784058724
2010-03-12,1.7619870008839214,0.2755612628373367,0.1447018509261812
2010-03-15,1.751654551490874,0.271318775142682,0.1415032563170477
2010-03-16,1.7721428717078074,0.2795905486287653,0.1536061704930531
2010-03-17,1.7827549948646668,0.2833987075842303,0.158018985020117
2010-03-18,1.7889959256392114,0.2879580086152766,0.1580682720334589
2010-03-19,1.7686055645738632,0.2808758133171183,0.1458765448285219
2010-03-22,1.7851217677733753,0.2906304404846409,0.1619578488785407
2010-03-23,1.8039825968723973,0.300007338304969,0.1760252542318092
2010-03-24,1.7910156749646011,0.2935773719472712,0.1656103901362295
2010-03-25,1.8063511529500451,0.2988656584106728,0.161770220810635
2010-03-26,1.8062273585679511,0.2978267190420132,0.1579992220123223
2010-03-29,1.814079065257256,0.3010864464794178,0.1612963906481397
2010-03-30,1.8285634923974845,0.3061157212475967,0.163142424284779
2010-03-31,1.8126383333403329,0.2984158344652539,0.1576043233748612
2010-04-01,1.8078356742523551,0.2987298908474654,0.1575253918498271
2010-04-05,1.828911396251836,0.3081632304901631,0.1760054912240145
2010-04-06,1.835764120524785,0.311568688554718,0.1803293722160017
2010-04-07,1.8347315486989808,0.3098201483909419,0.1753341514897159
2010-04-08,1.8486218083899408,0.3146534520334971,0.1732116767562395
2010-04-09,1.8664768333226944,0.322981185931406,0.1867263204219786
2010-04-12,1.873275736104083,0.325893487248297,0.1904677952147442
2010-04-13,1.8883279520946683,0.3320748111549021,0.1948903707395604
2010-04-14,1.929507781074355,0.3494257155070333,0.2228276718742943
2010-04-15,1.9504154276782957,0.3584536753409006,0.2273490624380847
2010-04-16,1.898120547724004,0.3362982057216712,0.2109321487739894
2010-04-19,1.904688580289556,0.3378339520260316,0.2052459458117557
2010-04-20,1.917951448007701,0.3439581174695247,0.2209422327282106
2010-04-21,1.926964879398388,0.347117690062366,0.2183558093361362
2010-04-22,1.9456156418508184,0.353703475407783,0.2302119269269964
2010-04-23,1.940466137554448,0.3535576145385446,0.2379613155993223
2010-04-26,1.936640496253201,0.3507065884796099,0.2339138757041723
2010-04-27,1.8810984813291576,0.3251738306012945,0.2040416073977224
2010-04-28,1.8777329674660013,0.322991734956183,0.2088984870694443
2010-04-29,1.9241298173784789,0.3458126574962246,0.2229264869132683
2010-04-30,1.8630739363488944,0.318766812270997,0.1902209986295988
2010-05-03,1.901877076532437,0.3372065736380567,0.2106260631654597
2010-05-04,1.8101208337034245,0.2965416904112805,0.1691347128555422
2010-05-05,1.798401631421544,0.2920843265100681,0.160348730323149
2010-05-06,1.7095966352305405,0.251818303658555,0.1247014460255335
2010-05-07,1.6522654833078678,0.2254175137912919,0.0999624984876428
2010-05-10,1.7826579020355653,0.285006081072112,0.1584829336787145
2010-05-11,1.769335540640412,0.2792088650137887,0.1560544938428536
2010-05-12,1.8208009455199323,0.3029569746530247,0.1838634559330663
2010-05-13,1.7813647967743207,0.2846565506895813,0.1628364591823941
2010-05-14,1.7251981842163089,0.2587940899413516,0.1338329196759005
2010-05-17,1.7306376779479575,0.2605461907722988,0.1407628665616118
2010-05-18,1.6912084392013034,0.2414819802876155,0.1209303267210752
2010-05-19,1.674071917871995,0.2345555470991598,0.1163300046322506
2010-05-20,1.5726424354199406,0.189786027290405,0.0767932639956987
2010-05-21,1.5961969506812226,0.2016655670680402,0.0950957373120229
2010-05-24,1.5831050825793431,0.1963465763445833,0.0819661107798475
2010-05-25,1.5861707354603327,0.1974117963981638,0.0802681791955244
2010-05-26,1.5515182936413772,0.180567485470759,0.0720153158490108
2010-05-27,1.6445288876759985,0.2238363264290599,0.1213054623507412
2010-05-28,1.6247614052211676,0.2146965159686402,0.1109795317902384
2010-06-01,1.605800527299268,0.2049979433464919,0.0926968214817092
2010-06-02,1.6685775841795922,0.2341494958192331,0.1236944966771578
2010-06-03,1.6943549065399195,0.2458045940273154,0.1402298678818767
2010-06-04,1.6034393754780862,0.2044593609657623,0.0975439401556785
2010-06-07,1.5548046133133622,0.1812029133573571,0.0684712301219032
2010-06-08,1.5495907447244668,0.1777888681914228,0.0678000108937499
2010-06-09,1.5234754853109709,0.1660510591352215,0.0601591982581504
2010-06-10,1.5873593870426164,0.1969227491079246,0.0932792276809306
2010-06-11,1.610145528507366,0.2080594220946987,0.1047305651304324
2010-06-14,1.6079925885925177,0.207671078508945,0.1058066850060892
2010-06-15,1.6789681990829388,0.2400242732999697,0.1478113914940917
2010-06-16,1.6866581379273198,0.2441438555301414,0.1495982566134914
2010-06-17,1.696794013673936,0.2472339441661157,0.152826375228172
2010-06-18,1.7038284050082266,0.2494316725613672,0.1525894601469244
2010-06-21,1.6747678724541872,0.2374425871717305,0.1422240035708319
2010-06-22,1.6545673523253344,0.2269208538024401,0.1263006830770268
2010-06-23,1.6356446531279691,0.2195623877279702,0.1247507330388746
2010-06-24,1.594533336863956,0.2012760432772649,0.0979881258064814
2010-06-25,1.5931699476066337,0.2019089753007676,0.0963790072510897
2010-06-28,1.5832623370690366,0.1960732531866444,0.0955596859706202
2010-06-29,1.4818428562803565,0.1512795933586721,0.0497443341625702
2010-06-30,1.447185546821193,0.1372691235333609,0.0366641151498821
2010-07-01,1.4438810786869305,0.1370099305152297,0.0381844206763422
2010-07-02,1.4361539669040342,0.1335151869926534,0.0340282842383208
2010-07-06,1.4541150683246435,0.1411363232017868,0.0359533699061394
2010-07-07,1.5308143587702672,0.17571025505023,0.0795968394612256
2010-07-08,1.5478719690177964,0.18226642174888,0.0823214834017187
2010-07-09,1.5653671208788014,0.1910463033387075,0.0929534995707512
2010-07-12,1.5832122797981154,0.1975538885655934,0.1031807355984253
2010-07-13,1.6243917494634093,0.2147613334513913,0.1252344447052673
2010-07-15,1.648813196173846,0.2264248365920984,0.1314438853494834
2010-07-16,1.5673363396654278,0.1904456789154092,0.0948390592229802
2010-07-19,1.5935582863665836,0.2011234280815321,0.1134967846550307
2010-07-20,1.6278079499865243,0.2140472846805357,0.1223420562108084
2010-07-21,1.5928036626354456,0.1988111996444526,0.0968134319041407
2010-07-22,1.660341794613919,0.2277583152267088,0.1289265119785458
2010-07-23,1.672586066392983,0.2279652162882242,0.1390550534733909
2010-07-26,1.6875014646667732,0.2361550707058144,0.1502300703322006
2010-07-27,1.6838670514028742,0.2344850008175776,0.1462912064737769
2010-07-28,1.6622032690913908,0.2226989098612442,0.132677868275209
2010-07-29,1.6395685701932423,0.2118108417291162,0.1253331392380965
2010-07-30,1.6308966653529295,0.2116545731437307,0.1243755974092084
2010-08-02,1.679750576615568,0.235305191055565,0.1442476632653346
2010-08-03,1.6786136433574592,0.2349377000099697,0.1404865459709194
2010-08-04,1.7164498089457934,0.249934145947732,0.1511086806360544
2010-08-05,1.7069848087637078,0.2460630015547988,0.1443364762942662
2010-08-06,1.7046251132661507,0.2452018220541614,0.1432901214364468
2010-08-09,1.72239255620083,0.2533661346657998,0.149943747731466
2010-08-10,1.6950940635616747,0.241786122609984,0.1335861230907551
2010-08-11,1.6275519742210016,0.2104046875314116,0.0992517532438994
2010-08-12,1.5965895131721513,0.1984429513976744,0.0797449415135422
2010-08-13,1.5781006813419145,0.1902022432298356,0.075983703712982
2010-08-16,1.5874405832314769,0.1949353772797502,0.0787972811885517
2010-08-17,1.6219170066605115,0.2096005373746967,0.0920353632513084
2010-08-18,1.6253301640441609,0.2116223329006261,0.0980177703181743
2010-08-19,1.5838392988123613,0.193161986049801,0.089379889838097
2010-08-20,1.5855356990496414,0.1951419921330508,0.0973760750955681
2010-08-23,1.5639622952205203,0.1848586082464915,0.0838220259203845
2010-08-24,1.5195752367565536,0.1656422129212429,0.0686786211976042
2010-08-25,1.5416026502104727,0.1756927025058237,0.0739798070262744
2010-08-26,1.5114777104422292,0.1612450446384921,0.0616793832784658
2010-08-27,1.5426436069877885,0.1761055304365777,0.0786885846456804
2010-08-30,1.505227652445785,0.1598101928569602,0.060109790738664
2010-08-31,1.4946363856122766,0.1558704482580892,0.0502774533484513
2010-09-01,1.5695699496366258,0.1895726616097461,0.0828348395798046
2010-09-02,1.5964351926083729,0.2018158375720264,0.098935786131473
2010-09-03,1.6392309665255005,0.2203358503842107,0.1146715990635176
2010-09-07,1.6234564966851397,0.2140340962687714,0.1043456685030146
2010-09-08,1.644291763975331,0.2254157351531995,0.118018175218822
2010-09-09,1.658394349671172,0.2306168818586842,0.1203676835296487
2010-09-10,1.6670778085680285,0.2338773533781031,0.1165768012173962
2010-09-13,1.7182403161528748,0.2574885100270807,0.1437935961106347
2010-09-14,1.7304916732515545,0.2633430419932934,0.1522537300267035
2010-09-15,1.7443244073984032,0.2683825629103149,0.1560642548406057
2010-09-16,1.7626367785179458,0.2748974145806497,0.1601512207513453
2010-09-17,1.782391360351911,0.2822712653064421,0.1638137640190768
2010-09-20,1.823326359059577,0.3022288966007818,0.1758376261639029
2010-09-21,1.817140038731656,0.3008658600403457,0.1745543562248357
2010-09-22,1.804533753920651,0.2946863939237103,0.1571896617296047
2010-09-23,1.79916313622012,0.2930388537820827,0.1586506782326804
2010-09-24,1.86072873977304,0.3204572545218425,0.1909515068811362
2010-09-27,1.8471329927544773,0.3146902438728272,0.1866670313985934
2010-09-28,1.8499391262600628,0.3156775047834677,0.1984442174644194
2010-09-29,1.838500235711269,0.3109714428832635,0.2053149958328917
2010-09-30,1.8250790720813703,0.3051151853883578,0.198967455146402
2010-10-01,1.8219049828061904,0.3052175647024666,0.1995300983378289
2010-10-04,1.7937739322156694,0.291587978466749,0.184347167599459
2010-10-05,1.8553572054470695,0.3192371123037838,0.2121957762114064
2010-10-06,1.841915365970134,0.3118243326592946,0.188809269139865
2010-10-07,1.8507936795772333,0.3151352049773703,0.196973319457447
2010-10-08,1.86312614094872,0.3205903378130541,0.2043278094923117
2010-10-11,1.860066568996038,0.319727187171495,0.2058184705070795
2010-10-12,1.8808075385510352,0.3289898252863443,0.2195799107579639
2010-10-13,1.897694208092977,0.3386159448049939,0.2309325536746367
2010-10-14,1.8961346144986129,0.3376110580662124,0.2277734850810928
2010-10-15,1.97223470052176,0.3677531191911283,0.2495409920933453
2010-10-18,1.9862964232649545,0.3747152306626229,0.2498667202035245
2010-10-19,1.9379205363406564,0.3524167795855739,0.2310608927191579
2010-10-20,1.9558702044271297,0.3603749174035295,0.2434401274858555
2010-10-21,1.9732110762748405,0.3663810149754434,0.2429564158194628
2010-10-22,1.99567181581787,0.377045354883387,0.2636873289716479
2010-10-25,2.0029210897759526,0.3810513878081762,0.2709628874814787
2010-10-26,2.010674283933898,0.3860598430432598,0.2738455149781853
2010-10-27,2.009761572785321,0.3864367540680815,0.2887124786041284
2010-10-28,2.0188060150241705,0.3913150156054912,0.2866295298862416
2010-10-29,2.0048022746659844,0.3853321168812038,0.2940729534561832
2010-11-01,2.0114683349986,0.3866228588801534,0.2915359375835959
2010-11-02,2.0393253167177776,0.3986111528636442,0.3027305969440552
2010-11-03,2.0511053027100594,0.4043091485638719,0.3057119189735908
2010-11-04,2.089572544296287,0.4197425560042958,0.3312997117974978
2010-11-05,2.09098005976281,0.4194184552564619,0.3311713727529766
2010-11-08,2.092336317672732,0.4203629452067698,0.3354163222199298
2010-11-09,2.081431778320568,0.4144737285919935,0.3322178481169413
2010-11-10,2.091329006266955,0.4189543094636494,0.3365812551245182
2010-11-11,2.04827481174017,0.4034159770258352,0.3200162394081067
2010-11-12,2.0058677486658856,0.3841360942655027,0.3055144094017874
2010-11-15,1.9854581817217605,0.3761322146133106,0.3000848845285961
2010-11-16,1.9387126749094348,0.3533349810659409,0.2751880739406371
2010-11-17,1.9424700466474036,0.3559541834518527,0.2800745981240515
2010-11-18,1.9871500012363843,0.3757176680092988,0.3059587155587357
2010-11-19,1.9797799913262264,0.3741810882149141,0.3124543582975414
2010-11-22,2.002530671224794,0.3829283805970165,0.3223262217033438
2010-11-23,1.954534764014637,0.3607311443180123,0.3007166982473048
2010-11-24,2.015689819211906,0.3868709817717533,0.3284961363319703
2010-11-26,2.004387223378591,0.3825497205474364,0.3206381716229181
2010-11-29,1.9980947689090984,0.378534965246351,0.3145274255115309
2010-11-30,1.9590277256532012,0.3608027537515208,0.2983770714403755
2010-12-01,2.0162284108365127,0.387234718810661,0.3363936270566123
2010-12-02,2.052863848110946,0.4026867287554037,0.357233116245524
2010-12-03,2.0602361485352536,0.4066015010905941,0.3662757768669595
2010-12-06,2.0671599934399203,0.4092132593790138,0.3626725226226126
2010-12-07,2.068790613695484,0.4092316037441221,0.3654169295709006
2010-12-08,2.0882277724014053,0.4166091686888629,0.3745879292368574
2010-12-09,2.0865477310841105,0.4195241334278039,0.3709550304808184
2010-12-10,2.1056243853488983,0.4291449511758116,0.3779343848860168
2010-12-13,2.0930115941433107,0.4247218557608467,0.3690004208074526
2010-12-14,2.1022035625321305,0.4280814683866099,0.3675591673121718
2010-12-15,2.0971253212276064,0.422210414023745,0.3535311674683479
2010-12-16,2.1218902837673133,0.4322231146030364,0.3652885905263792
2010-12-17,2.129286950526668,0.4352753145804022,0.3692076913770079
2010-12-20,2.1435745218764537,0.4396365635954373,0.3661474378224381
2010-12-21,2.160110770657925,0.4474385540538581,0.3795929109608951
2010-12-22,2.1591450719654364,0.4465803604911289,0.3772928101695554
2010-12-23,2.148719012005942,0.4447948162024091,0.3727516565979702
2010-12-27,2.1488995782191664,0.4436462315694012,0.375466419034566
2010-12-28,2.14559305932952,0.4416052286980509,0.3711820640581682
2010-12-29,2.1522822157344272,0.4446566181848974,0.3725542675323121
2010-12-30,2.142810257462062,0.4404084757753232,0.3712018270659631
2010-12-31,2.1312526125620472,0.4360455020157123,0.3662164878435749
2011-01-03,2.174487121657208,0.4553886118062595,0.3851606563825054
2011-01-04,2.176866904023892,0.4561169853479128,0.379020386265571
2011-01-05,2.1959491739123718,0.4659844608268242,0.3969673664538786
2011-01-06,2.209932512653162,0.4742262312637371,0.4099884169493275
2011-01-07,2.2069305296475585,0.4736445503873365,0.4064838572378095
2011-01-10,2.2083408155375035,0.4745299920886157,0.4120516026594194
2011-01-11,2.213530708720199,0.4762785768221196,0.414420873978041
2011-01-12,2.2383471018494903,0.4878450377701298,0.4350530925973972
2011-01-13,2.237486839076134,0.4869571235879062,0.4349443960545256
2011-01-14,2.260696906016272,0.4967227301765478,0.4580445805253323
2011-01-18,2.2804858634006826,0.5063545367367761,0.4629312252148916
2011-01-19,2.2470298095976746,0.4908465480728827,0.4411735997065364
2011-01-20,2.2308693322476425,0.4818882774021296,0.419208703628626
2011-01-21,2.205466211641862,0.4702827279268888,0.4110940608305311
2011-01-24,2.2415831992832453,0.4866523384645154,0.4353590576997812
2011-01-25,2.249626398127018,0.4915202153877862,0.4248751435830649
2011-01-26,2.26177578183251,0.4999657051038788,0.431647227418708
2011-01-27,2.290233276941821,0.5100304197425987,0.4471558862672573
2011-01-28,2.195305338968271,0.4676981148021031,0.4115086019696421
2011-01-31,2.205876580239549,0.4722196482180052,0.4176391110888242
2011-02-01,2.2545734213888378,0.4979645020448251,0.4518746658967059
2011-02-02,2.259484306516252,0.4982111496552883,0.456909292132436
2011-02-03,2.2628761141226423,0.4984376354347806,0.4570179886753074
2011-02-04,2.276860036014454,0.5040317828442027,0.472556292035549
2011-02-07,2.291178967836523,0.5118891959831062,0.476040968233127
2011-02-08,2.317250223069637,0.5192537688948538,0.4787458491658252
2011-02-09,2.3093214644107865,0.5160383725903617,0.4722009194136773
2011-02-10,2.292287201492695,0.5107978984546979,0.4742048161003849
2011-02-11,2.3088000301969624,0.5180156345368119,0.4829019856038465
2011-02-14,2.314089074326094,0.5210220852240866,0.4907500688090016
2011-02-15,2.3005694620755595,0.5151117081124696,0.4816976471898135
2011-02-16,2.3133450458739606,0.5213181872584294,0.4965843738235513
2011-02-17,2.320094387567961,0.5248234116983472,0.5046003220888171
2011-02-18,2.3221169665716985,0.5241348678520199,0.507028761924678
2011-02-22,2.235026642393726,0.4836702993095034,0.451568700794321
2011-02-23,2.2023952357570016,0.4696027500049864,0.4245789394784327
2011-02-24,2.2184482788787494,0.4762403289099735,0.4382712092020351
2011-02-25,2.250161022867287,0.4917490345844588,0.4700982076879956
2011-02-28,2.243932982170921,0.4895888973446354,0.4611443600954914
2011-03-01,2.192556630874737,0.466992633980638,0.4335525500787316
2011-03-02,2.2009985026092265,0.4732154555351178,0.4451025820610623
2011-03-03,2.2519744432769304,0.4970491444128364,0.4753401044932812
2011-03-04,2.234356474731828,0.4875084551802107,0.4634248183851814
2011-03-07,2.1937093523706985,0.4685327418829672,0.4373729563965312
2011-03-08,2.2036335619115035,0.4740094439004867,0.4459614293571212
2011-03-09,2.1972751321860806,0.4708448528756499,0.4261091265087899
2011-03-10,2.14443657194128,0.4462220011793951,0.3949338252554779
2011-03-11,2.157066153003425,0.4537889276510127,0.4047365181339983
2011-03-14,2.145668792065824,0.448626142395754,0.3968489089132538
2011-03-15,2.105794991538451,0.4301544978012601,0.3758021491547869
2011-03-16,2.0393022399929754,0.3990213521747308,0.3465024055436614
2011-03-17,2.0542592693978623,0.407056657915841,0.3590199813649228
2011-03-18,2.0539403208233677,0.4062422101505734,0.3603724218312718
2011-03-21,2.109650169134742,0.4312382445903475,0.3857825885973158
2011-03-22,2.099374773142629,0.4286640534748993,0.3806787918343037
2011-03-23,2.1189167732376437,0.4399717533722027,0.3935715032852316
2011-03-24,2.169518909161733,0.4633548682471076,0.4265533121595932
2011-03-25,2.170432010148081,0.4645234150520883,0.4232561435237758
2011-03-28,2.155563235876794,0.4585649325790033,0.4162965521263722
2011-03-29,2.190644678997797,0.4746981837531501,0.4316077014031183
2011-03-30,2.208485232194789,0.4819858667199845,0.43523071865526
2011-03-31,2.211838409328403,0.4830363244079947,0.4358230063583792
2011-04-01,2.217203455288426,0.4870859580632987,0.4341250747740559
2011-04-04,2.211628211335802,0.4855699392386381,0.4267310587236015
2011-04-05,2.206385931936079,0.4844123643438076,0.4277478895758739
2011-04-06,2.220200839509644,0.4886390629402128,0.4356453803005158
2011-04-07,2.226983062833034,0.4920303301714621,0.4317656849593316
2011-04-08,2.2096166239576007,0.4856631951170571,0.4251812291915944
2011-04-11,2.204049983055985,0.4828581299078307,0.4219432290730163
2011-04-12,2.178010974264277,0.4700615297743014,0.407322941526073
2011-04-13,2.1967985811548942,0.4797998898751994,0.422426940739409
2011-04-14,2.191538619581978,0.478500073146668,0.4240558223025952
2011-04-15,2.171453745654995,0.4684314351515988,0.4224861092566481
2011-04-18,2.1468037375134097,0.4566649724648497,0.4046575866089643
2011-04-19,2.1608951930454743,0.4632880768985006,0.4080732127854056
2011-04-20,2.2387284916861576,0.4965379108111918,0.4534739029481995
2011-04-21,2.2610092629005294,0.4997118732508241,0.4581335140604086
2011-04-25,2.26981105158404,0.5045143318920542,0.464254021169548
2011-04-26,2.288831128949497,0.5144920702689899,0.4768110025002541
2011-04-27,2.3322050530839986,0.5313741774372038,0.482181358856206
2011-04-28,2.328753142727628,0.5288299135372532,0.4790124087587648
2011-04-29,2.329691518754494,0.5281371739599374,0.4757251216268447
2011-05-02,2.3337364729955565,0.5302106320983502,0.4685186131381509
2011-05-03,2.3175835772409985,0.5192481373308504,0.4533455639036783
2011-05-04,2.3144517338148853,0.518727718494242,0.4500483952678609
2011-05-05,2.297692288274169,0.510850304437108,0.4509467685795094
2011-05-06,2.306914243895201,0.5161290434783197,0.4622994114961822
2011-05-09,2.3190669373525923,0.5231146719430781,0.4630890882649592
2011-05-10,2.345116531352181,0.5333069425831545,0.4778080703447314
2011-05-11,2.326755345734532,0.5248366059731981,0.462812767674267
2011-05-12,2.350634287336987,0.5359260211749952,0.4779067648775603
2011-05-13,2.309805338312929,0.5163233735819464,0.4534344974387547
2011-05-16,2.2461579856318794,0.4887325288815738,0.4284487533157191
2011-05-17,2.256787505320184,0.4936193287321602,0.4220122790941527
2011-05-18,2.284099352798332,0.5043885608762937,0.4427728367580299
2011-05-19,2.295007971906348,0.5111726577027393,0.4427728367580299
2011-05-20,2.2715469567572133,0.5014033287842052,0.4374420064176676
2011-05-23,2.226503417742597,0.4801409596847574,0.4113703814212226
2011-05-24,2.2071384645026537,0.4723809246380068,0.4018144851278471
2011-05-25,2.216976689953447,0.4761437050066119,0.4074908065861835
2011-05-26,2.2365665764495706,0.4845752130032617,0.4234141270799887
2011-05-27,2.245308502152997,0.4923032160049891,0.4347568884927641
2011-05-31,2.2961081236207668,0.5138909101236371,0.4536615310161047
2011-06-01,2.2282568651357,0.4846869254850889,0.41491446714833
2011-06-02,2.2302330763310385,0.488623343687063,0.4197812283239495
2011-06-03,2.183663634171331,0.4683311050644307,0.3915773675962757
2011-06-06,2.162766144961956,0.456786412338205,0.378882165717151
2011-06-07,2.1580646510176966,0.4545536482854011,0.3796521999842783
2011-06-08,2.136897191489747,0.4438187337058961,0.3589903368532299
2011-06-09,2.1410802533785978,0.4450489014607477,0.359928115674323
2011-06-10,2.095785076345801,0.4243391241484118,0.3398487792486415
2011-06-13,2.0976807158556547,0.424190364871134,0.333234678969212
2011-06-14,2.1370875939651564,0.4432247763336239,0.3526230331589455
2011-06-15,2.0789266133778272,0.4160957365167692,0.3231653059916064
2011-06-16,2.068251390217794,0.4089304574961141,0.3102529520390289
2011-06-17,2.0667209988691133,0.4075529793362047,0.2971924960341354
2011-06-20,2.0884966124829445,0.4157423721895343,0.3016940030839858
2011-06-21,2.151688957135189,0.4460874587854726,0.3369957962636269
2011-06-22,2.124604686423544,0.4351476856422289,0.3275878815164224
2011-06-23,2.149791382079693,0.4479606135579737,0.3466505075959765
2011-06-24,2.0958973361385227,0.4249299818205847,0.316640018741108
2011-06-27,2.152195328568161,0.4491759652719005,0.3321980851091444
2011-06-28,2.199708413905431,0.4709814002469168,0.3451400835734142
2011-06-29,2.2103109024319547,0.4764836532009295,0.3526525571644925
2011-06-30,2.2497782864604665,0.4941843712390268,0.3759698937087521
2011-07-01,2.300804074776852,0.5172603069503918,0.3988331630983113
2011-07-05,2.321767566449271,0.5270406835507186,0.3968686719210481
2011-07-06,2.3389256408160377,0.532633694897668,0.3965823493203135
2011-07-07,2.3860042554560987,0.5536206480825765,0.4211830763097854
2011-07-08,2.376952056621016,0.55037181377361,0.4103339080673001
2011-07-11,2.3195202997089064,0.5233395948471915,0.3825841144943267
2011-07-12,2.295243395188029,0.510676482641971,0.3544097777722002
2011-07-13,2.3082661952705745,0.5178326718939095,0.3543998962683028
2011-07-14,2.268180744731676,0.5003549745243066,0.3324547631981871
2011-07-15,2.323331127399217,0.5229751421666224,0.3480917610912575
2011-07-18,2.306750123206623,0.5154502640656446,0.3347746269973215
2011-07-19,2.3845768020719484,0.5498568664811394,0.3694643694660489
2011-07-20,2.369376900175545,0.5443976349736761,0.353501522956654
2011-07-21,2.3860619005310992,0.5509874787109776,0.3532252023659619
2011-07-22,2.4211211733290074,0.5676922741973169,0.3766412334430504
2011-07-25,2.414245616140994,0.5639300837643162,0.3657525391849756
2011-07-26,2.413634303351964,0.567183423990157,0.3733735888127802
2011-07-27,2.3445977650952945,0.5332652480983233,0.3260084074727232
2011-07-28,2.3511268177192712,0.5364398165022395,0.3189994085558323
2011-07-29,2.336121551737797,0.532766286285236,0.3106182061647975
2011-08-01,2.3268615556273766,0.526037593771782,0.3076171211274672
2011-08-02,2.244723612682657,0.4857665927237147,0.272976786178227
2011-08-03,2.272225366343466,0.496934002053554,0.2869751415103587
2011-08-04,2.133004914242809,0.4327596259177257,0.2192441806377403
2011-08-05,2.124801867384164,0.4268355107317332,0.2047325896336687
2011-08-08,1.95091755114566,0.3438586037981437,0.1294892756761172
2011-08-09,2.0837139682077988,0.4090623327772049,0.1823136264010578
2011-08-10,1.9547949709611985,0.351857438160841,0.1387095623554162
2011-08-11,2.07483212354597,0.4069958077991014,0.1981677763675811
2011-08-12,2.0950368051371586,0.4170009743570853,0.2056309629453174
2011-08-15,2.129270193818828,0.4328115177720304,0.2274675199787068
2011-08-16,2.097812804461232,0.4172171145666798,0.2099350809295102
2011-08-17,2.079069042223281,0.4098379220453207,0.1964402002715659
2011-08-18,1.926474374823525,0.3398690221200846,0.122638139809295
2011-08-19,1.8725778118776693,0.317717947810231,0.1073663960419935
2011-08-22,1.8802194403369852,0.3203493348570965,0.1155699723751648
2011-08-23,2.006627987208411,0.377544318844313,0.1680388299720887
2011-08-24,2.026315120543489,0.3847444845407044,0.1714446951507775
2011-08-25,1.982425106660708,0.362791498288749,0.1458963078363149
2011-08-26,2.0588917979440997,0.3971526698802272,0.1784141680520787
2011-08-29,2.1447172196640336,0.4356287767286058,0.2201919614688761
2011-08-30,2.1661968898381114,0.446193980166871,0.2245158424608633
2011-08-31,2.1761892077080067,0.4496818815276975,0.2241209438234022
2011-09-01,2.144323329661378,0.4353829892173968,0.2072696055062561
2011-09-02,2.0787145877777364,0.40576618412749,0.1733597788085537
2011-09-06,2.083869527961993,0.4069530569392146,0.1714446951507775
2011-09-07,2.163058426249985,0.4420634031846366,0.2156705709050854
2011-09-08,2.146183019742065,0.4347276130880728,0.2096388768248775
2011-09-09,2.077204368401776,0.4029961153378123,0.1838239299174751
2011-09-12,2.1229589653067524,0.4206661387180836,0.2053742848562747
2011-09-13,2.163985096160572,0.4387477555459442,0.2236174691492145
2011-09-14,2.2087318116024406,0.4599668928267237,0.252374212070563
2011-09-15,2.252885659080172,0.4777810192691811,0.2690970908370427
2011-09-16,2.2929722827223333,0.4933433145016594,0.2664218544160366
2011-09-19,2.301865995051958,0.4946214133698525,0.2533021093877587
2011-09-20,2.273643165091052,0.4806685462323983,0.2375367724501671
2011-09-21,2.226427498710345,0.4591593897361625,0.2197674183197226
2011-09-22,2.126772792994626,0.4098737603735565,0.1751169994162613
2011-09-23,2.1555267014388204,0.4235833170048169,0.1943572515536789
2011-09-26,2.1975607050786565,0.4404237658786334,0.2109814357873294
2011-09-27,2.213003869129106,0.4507078392759323,0.232581077739471
2011-09-28,2.1804899547604126,0.4335726780348707,0.2032419286189009
2011-09-29,2.146219097047248,0.4179595176269552,0.1933898282208932
2011-09-30,2.060909988249137,0.382167195170038,0.1560642548406046
2011-10-03,1.9824701387669676,0.3470262588611736,0.1215522589358855
2011-10-04,2.039992584861336,0.3732713222950246,0.1613556796715223
2011-10-05,2.110639370920353,0.4048211665280383,0.2037058772774986
2011-10-06,2.159383057209411,0.4291369300759167,0.2265197391475706
2011-10-07,2.151480600492003,0.420753435432853,0.2208237751875845
2011-10-10,2.252182285847742,0.4651848804511789,0.2577346869226173
2011-10-11,2.271520536702269,0.4739367709618276,0.2622460754763653
2011-10-12,2.2905885049906622,0.4847068397699494,0.2707259724002289
2011-10-13,2.3149025423468266,0.4965626671980101,0.2900156320571332
2011-10-14,2.384486321371732,0.5260992512624407,0.3087919355359527
2011-10-17,2.3364323354590604,0.5038541855998675,0.2795317179404168
2011-10-18,2.378193286359673,0.5197093361526726,0.3009240893230032
2011-10-19,2.31661758290419,0.4903648101948517,0.2746450732508578
2011-10-20,2.3069653587650127,0.4856296701406648,0.2648028543567478
2011-10-21,2.343290240831636,0.5009073543862803,0.2962842412185891
2011-10-24,2.402274165438992,0.5312394958501969,0.3309838651912136
2011-10-25,2.32576072933864,0.4983338522856941,0.308821580047645
2011-10-26,2.289841524258539,0.4872710989211342,0.3169263413418426
2011-10-27,2.388448226900417,0.53295306739537,0.3664139974153759
2011-10-28,2.402537679311112,0.5399234169243627,0.3718928093019094
2011-10-31,2.350187557321673,0.5134707280552271,0.3384666942705996
2011-11-01,2.270378073728258,0.4763871503344852,0.2994136653004406
2011-11-02,2.2997339474711853,0.4915895858429151,0.3156429508966301
2011-11-03,2.372625781953104,0.523720135352945,0.3528599482401924
2011-11-04,2.3533851340550167,0.5154758857510544,0.3593160649634084
2011-11-07,2.378269776959261,0.5246364005525264,0.3610535225633213
2011-11-08,2.421585960032356,0.5420744756220048,0.3759008436876148
2011-11-09,2.3054050875661707,0.4903867302960984,0.3163635776442703
2011-11-10,2.308435971678951,0.4923291048009934,0.3230764929626741
2011-11-11,2.375867526235224,0.520826013757492,0.3592371334383744
2011-11-14,2.361369474594575,0.5124704301295557,0.3468775411733265
2011-11-15,2.398101125298461,0.526603860784645,0.3635017254069772
2011-11-16,2.3413872691924924,0.5007441751876083,0.3484767782248206
2011-11-17,2.2647203402813245,0.4658773020409865,0.3017532921073698
2011-11-18,2.23331857808248,0.4520698511681913,0.2882682929533229
2011-11-21,2.165823324191277,0.4219236385535569,0.2645264132599099
2011-11-22,2.174279790937512,0.425437436190053,0.2571916862328398
2011-11-23,2.107670728359976,0.3938734486723396,0.2232917410390349
2011-11-25,2.0813377186020623,0.3824339112515875,0.2141405043808728
2011-11-28,2.189853654793155,0.4305842324077698,0.2575174143430192
2011-11-29,2.170693486602617,0.4222489625532288,0.2519793134331014
2011-11-30,2.2839950269244604,0.4731951057082366,0.3131749850451792
2011-12-01,2.305188580005991,0.4831056556778432,0.3199274263791727
2011-12-02,2.2960694630692022,0.4786653140150132,0.3100653239711226
2011-12-05,2.3318863309751325,0.4937717381366882,0.3277458650726355
2011-12-06,2.3215047144182663,0.4886751545426346,0.322217645666615
2011-12-07,2.327682619649631,0.4903761587296533,0.3225730182884865
2011-12-08,2.2721173993409973,0.4647166167247449,0.2940531904483858
2011-12-09,2.3212041645273427,0.4874738751035772,0.3187229674589946
2011-12-12,2.277343810080376,0.4693847935299313,0.2951785973373848
2011-12-13,2.240478302512728,0.4530861829620132,0.2755138020508141
2011-12-14,2.191590146717011,0.4321980383794335,0.2489487043902241
2011-12-15,2.188308449799777,0.4312882431377705,0.2437758576060753
2011-12-16,2.2067326876879108,0.4400574629413514,0.2492843140043008
2011-12-19,2.175172695471036,0.4241013652329608,0.2271121473568349
2011-12-20,2.263775898547121,0.4643784147695753,0.2760172767250015
2011-12-21,2.2030703766455253,0.4371041939751028,0.2521076524776229
2011-12-22,2.2329099472178715,0.451311564902205,0.2828684125918239
2011-12-23,2.2606771320128267,0.4631393912445987,0.2924243088851994
2011-12-27,2.2697029677277563,0.4663559478363692,0.2933523267085403
2011-12-28,2.2355305366002307,0.4507945264800654,0.2749808033710792
2011-12-29,2.2606421187054715,0.4610157261519227,0.286185344235436
2011-12-30,2.2472076497547877,0.456522216296245,0.2838951249479937
2012-01-03,2.308104263393844,0.4879887133624021,0.3015656640394641
2012-01-04,2.326686498824504,0.494808625154175,0.2981203933513308
2012-01-05,2.348502469840238,0.5059960896515912,0.3133724946169827
2012-01-06,2.360368346136789,0.5106876741535535,0.3170940858958082
2012-01-09,2.339573048687722,0.5046537819422581,0.3260182889766201
2012-01-10,2.357959829084296,0.5150746572362228,0.3395230511384619
2012-01-11,2.362516930513676,0.5167404090461345,0.3438469321304493
2012-01-12,2.3692029035565425,0.5188581017163478,0.3497601686700333
2012-01-13,2.3606959833039416,0.5138716953487323,0.3328989488489899
2012-01-17,2.388293318487688,0.5258589177598205,0.3435803725375095
2012-01-18,2.442460831473177,0.5478831522528571,0.3799087575671755
2012-01-19,2.4682867095353167,0.5583254769989887,0.3982408753951918
2012-01-20,2.45705827239734,0.5555424694776485,0.396236858202339
2012-01-23,2.452714455439741,0.5553989903664642,0.3909751983892584
2012-01-24,2.450879298569409,0.5534288545626929,0.3977275192171068
2012-01-25,2.484317200425409,0.5727397240799532,0.409919246422044
2012-01-26,2.482244622449465,0.5696743164710691,0.3963948417585528
2012-01-27,2.4908645868999906,0.5742602848521043,0.4043515010004339
2012-01-30,2.4921566177956884,0.5739452714405648,0.4031471625864009
2012-01-31,2.4970973084906567,0.5758095766723286,0.4051215352675614
2012-02-01,2.499567221307189,0.5804679288079917,0.4352406001591564
2012-02-02,2.5123731379301923,0.5869334652390847,0.4438784806392337
2012-02-03,2.566869468985306,0.6101588644088165,0.4661395808217763
2012-02-06,2.5633311997419663,0.6072938751897663,0.4543228687403604
2012-02-07,2.568950649112727,0.6074830126695188,0.4574028853027247
2012-02-08,2.58408620825337,0.6143992099766709,0.4711840885614036
2012-02-09,2.602151533704071,0.6236656888711101,0.4826848335303924
2012-02-10,2.581418404948155,0.6139250226200459,0.4583605476377577
2012-02-13,2.615059101311335,0.6282241248219211,0.4633358848501034
2012-02-14,2.6218278364090097,0.6311210140356032,0.4700290371607125
2012-02-15,2.583371821395605,0.6177963812982628,0.4660802917983917
2012-02-16,2.626247421126691,0.6371353884405713,0.4965349663040634
2012-02-17,2.62030590826619,0.6335402164344173,0.4809966629438218
2012-02-21,2.6293890710730627,0.6347679257497016,0.4718651892934544
2012-02-22,2.60993228514131,0.6276205045193122,0.4702265467325157
2012-02-23,2.617343934638981,0.6313542697950203,0.4750636633964429
2012-02-24,2.6297728751714584,0.6373240798354021,0.4762285963010315
2012-02-27,2.6350453388759445,0.6390174406169484,0.4769096970330824
2012-02-28,2.6781228895624865,0.6583362365287939,0.4866433398904661
2012-02-29,2.659381570772794,0.6496523792413957,0.4692688843974828
2012-03-01,2.6881296342869203,0.663502769980282,0.4778673593681153
2012-03-02,2.684891207406057,0.6627025058953904,0.4723291379520524
2012-03-05,2.6562687951800283,0.6478029949025199,0.4500681582756549
2012-03-06,2.625653434983573,0.6322614269617317,0.4308673116476822
2012-03-07,2.651547226744637,0.6441563389406453,0.4462970389711973
2012-03-08,2.6877203491032664,0.6606190891699144,0.4621117834282759
2012-03-09,2.695955807614216,0.6640608450364542,0.4752117654487591
2012-03-12,2.696827967151777,0.6640910899093706,0.4699006981161915
2012-03-13,2.762661654261436,0.6921276824255218,0.5035243227193043
2012-03-14,2.771734651569812,0.6930685971158943,0.4955971874829701
2012-03-15,2.7870159144504845,0.6991279973709186,0.508519422939445
2012-03-16,2.784995417205828,0.6977096901509101,0.5099804394425207
2012-03-19,2.8083009397441354,0.707333166308477,0.5168414568132402
2012-03-20,2.8223868282017786,0.7125490539772066,0.5099607969408706
2012-03-21,2.8203481446656933,0.7126450339032915,0.515637118399207
2012-03-22,2.8163685654466977,0.7119131758015029,0.5108294052346818
2012-03-23,2.8169515449557747,0.7126788181592822,0.5091215921464611
2012-03-26,2.888091823559245,0.7444037544346083,0.5345218774086078
2012-03-27,2.89901685503806,0.7483179928161094,0.5313037608039697
2012-03-28,2.881278356803341,0.7393730775469245,0.5199511178872969
2012-03-29,2.875275749698396,0.7368394286093092,0.5213824898786803
2012-03-30,2.863805037253306,0.7335066259935688,0.5254892187972147
2012-04-02,2.8895726719582906,0.7462473417704434,0.5342257938101207
2012-04-03,2.8825493277300223,0.7429464173013975,0.5205631685982106
2012-04-04,2.8312455465017328,0.7192311163095537,0.4925468154322974
2012-04-05,2.85265346101326,0.7289781095236185,0.4925369339284
2012-04-09,2.814288135987381,0.7124478910629326,0.4754289175222115
2012-04-10,2.752104637573105,0.6837904363665412,0.4498608877060992
2012-04-11,2.7721131168391917,0.6933994423440129,0.4615096142212591
2012-04-12,2.821743269161866,0.7159836746724977,0.4830697301578113
2012-04-13,2.770154852385225,0.6906579849901164,0.4598512086525257
2012-04-16,2.7343259435190825,0.6755963401685308,0.4577188524151516
2012-04-17,2.799072100874734,0.7038946189162514,0.4803648492251127
2012-04-18,2.795579173968733,0.7009662822152851,0.4757842901440829
2012-04-19,2.757974566752983,0.6852460095483883,0.4622500039766943
2012-04-20,2.754509592017625,0.6828582638478797,0.4439574121642675
2012-04-23,2.723392420617931,0.6675881843779401,0.4297616677664777
2012-04-24,2.709748533799341,0.6605840373754226,0.4148255336132527
2012-04-25,2.79413665814729,0.6963787806588828,0.4428123627736189
2012-04-26,2.817685222552018,0.7059066684292303,0.4607395799541316
2012-04-27,2.877459238965575,0.7280603945630224,0.460186818266602
2012-04-30,2.8635333470419053,0.7219792456747707,0.4578964784730146
2012-05-01,2.866701567159719,0.7235589976842463,0.4639085300515726
2012-05-02,2.878411572747525,0.7284788901215813,0.4640861561094358
2012-05-03,2.8433222741481576,0.7119901394073742,0.4378467865590252
2012-05-04,2.7543100232112647,0.6725521796283445,0.4040060098824596
2012-05-07,2.7444118644773083,0.6739923237949679,0.395259553365656
2012-05-08,2.717936348943156,0.6653518737243169,0.3897905024768751
2012-05-09,2.710835820296414,0.6568584724805293,0.3852692324192297
2012-05-10,2.702562844321161,0.6533466224102544,0.371270877087098
2012-05-11,2.711018066846517,0.6559659979759631,0.3740350470431808
2012-05-14,2.670724503847665,0.6382489341454554,0.3666212679849314
2012-05-15,2.664335413682932,0.6357093569936592,0.3633438623569087
2012-05-16,2.645517260353297,0.6259430018387007,0.3449525760116529
2012-05-17,2.57710215573876,0.5943742577456399,0.3209935442447873
2012-05-18,2.5258089382576245,0.572816234244534,0.2944184445741549
2012-05-21,2.604699802889084,0.6084385887948003,0.326650102695329
2012-05-22,2.5920378722524777,0.6039699161347334,0.3204307805472153
2012-05-23,2.604346796474355,0.6096417473812414,0.3228000518658367
2012-05-24,2.583966091421736,0.600178384775812,0.300706816743405
2012-05-25,2.5720493569530127,0.595386446267816,0.3073408005367744
2012-05-29,2.61690300060044,0.6127912100027306,0.3252778992211846
2012-05-30,2.5866026582704342,0.6000453162602286,0.3009437318246526
2012-05-31,2.5751991399763705,0.594781223052707,0.2896306149235694
2012-06-01,2.4819473714057074,0.5543935420340609,0.2516733483307172
2012-06-04,2.517750464522858,0.568576234657679,0.2558392457664911
2012-06-05,2.5259138853956644,0.5738229482449722,0.2756520225992327
2012-06-06,2.608839723350256,0.6098217034077797,0.3143102734380756
2012-06-07,2.594190365691992,0.6032002367775646,0.3025035633667023
2012-06-08,2.627670568384737,0.6170493164501238,0.3153468672981427
2012-06-11,2.571144232526601,0.5914590330603375,0.2894825128712532
2012-06-12,2.609762618464826,0.6077071771097262,0.3117534945576932
2012-06-13,2.586140470057365,0.5969302309301441,0.3029773935291975
2012-06-14,2.603109241267896,0.6037066008009195,0.3019704441808224
2012-06-15,2.65385437784611,0.6244739813063311,0.3240537977993567
2012-06-18,2.681824740262518,0.636683097070103,0.3332938474864506
2012-06-19,2.722127932981937,0.6538605047312283,0.3464037110108311
2012-06-20,2.7263932529618,0.6545195378739048,0.348309033670855
2012-06-21,2.6420844528569907,0.61695030006371,0.3020790202175492
2012-06-22,2.679533586578951,0.633912931222383,0.3182689003042942
2012-06-25,2.610764583756773,0.6062193667572942,0.2847539722440528
2012-06-26,2.6297515433026653,0.6136932956045871,0.2901242080938597
2012-06-27,2.640899636418905,0.6197929593379865,0.3051392737721188
2012-06-28,2.602212280776638,0.6000013953083285,0.2885447340501603
2012-06-29,2.715881438741339,0.6500850598760306,0.3391083894932056
2012-07-02,2.7270426272830965,0.6541124949419617,0.3324547631981862
2012-07-03,2.7529975550635544,0.6658815870131407,0.3488519138544868
2012-07-05,2.752226045597714,0.6661844609012135,0.3445181513586022
2012-07-06,2.6994727117953983,0.6422230055105373,0.3090189691133029
2012-07-09,2.695955371618276,0.6395263873146475,0.293786630855446
2012-07-10,2.654825463362086,0.6210513334228611,0.2765998034303683
2012-07-11,2.634810279371041,0.6126367777669974,0.2690774483353926
2012-07-12,2.597893061083308,0.5943520163165927,0.2526900586768446
2012-07-13,2.654989246255434,0.6196337531080092,0.269304481912743
2012-07-16,2.642389207547557,0.6130604806512865,0.2594917870241799
2012-07-17,2.6671201751468527,0.6221205492016828,0.2614366356997935
2012-07-18,2.718354072721543,0.6458172035114698,0.2952674103663166
2012-07-19,2.7622132791721605,0.665315798108701,0.3119113576077623
2012-07-20,2.714414304043214,0.6436798762562259,0.2937274623382071
2012-07-23,2.670961449302568,0.6230310402996437,0.2741417190828157
2012-07-24,2.6334034182138857,0.6095871125956003,0.2643290241942526
2012-07-25,2.603780957945487,0.5969261038478837,0.278959193245093
2012-07-26,2.6520800228096832,0.6200887900904049,0.3137476302466491
2012-07-27,2.757294293147298,0.6654388714811759,0.3433236944484668
2012-07-30,2.7474075800058264,0.6604033377105201,0.3295228486881381
2012-07-31,2.7346992726184705,0.6551278309046866,0.3287528144210108
2012-08-01,2.721049823567109,0.6515823079316749,0.3281999322273361
2012-08-02,2.7056641814806133,0.6444760310385504,0.3207566291635397
2012-08-03,2.7819594375043457,0.6776990479208305,0.3509743885879637
2012-08-06,2.80298499221084,0.6887349297727678,0.3645185562592499
2012-08-07,2.842271961852618,0.7063429371733747,0.3867104859145107
2012-08-08,2.8266224613170707,0.7013503299319661,0.3907776888174554
2012-08-09,2.8332026615209696,0.7037142843888715,0.3953780109062801
2012-08-10,2.8323187903741918,0.7044923194480444,0.4013800604747957
2012-08-13,2.8377146381374034,0.7061496056239112,0.3934135197290169
2012-08-14,2.8442498543902763,0.7083759016394588,0.3816758596787803
2012-08-15,2.8641678772206878,0.7165995069427109,0.3906394682690368
2012-08-16,2.913998039140151,0.7385198515544495,0.4159904665178415
2012-08-17,2.925212018891146,0.7422066625401043,0.4143221794452105
2012-08-20,2.923519138631203,0.7408157032632399,0.404746399637895
2012-08-21,2.908098583635897,0.7329729262110452,0.4028904844973584
2012-08-22,2.9220201197436038,0.7383819603717798,0.4009556378317875
2012-08-23,2.8928971496799107,0.7236714802029367,0.385713418070033
2012-08-24,2.91659175056207,0.7333762121092315,0.3857825885973149
2012-08-27,2.9159831730958548,0.7333762015931391,0.3808861829100032
2012-08-28,2.918327101294096,0.7358060468139249,0.3808071308788239
2012-08-29,2.9222378996278464,0.7348483128491416,0.3822188603685574
2012-08-30,2.8834714829666974,0.7172565776219679,0.3600663362227414
2012-08-31,2.9127389851993577,0.7288814947952391,0.3704219112949367
2012-09-04,2.900744959294104,0.724645799587581,0.3661672008302312
2012-09-05,2.8933993138759604,0.72060101421021,0.3637682849999175
2012-09-06,2.983462880009638,0.760236476056932,0.4059606195558256
2012-09-07,2.97892126974355,0.757583172258224,0.4013011289497616
2012-09-10,2.9322530683874155,0.7367964932156073,0.3836897583755305
2012-09-11,2.9242801101928517,0.7343187934235527,0.3864045208121263
2012-09-12,2.928605671842666,0.7350843295413274,0.3885664010550473
2012-09-13,2.98050360198136,0.7584101922147628,0.404529247564442
2012-09-14,3.013440825837149,0.7746579964240783,0.4198009913317435
2012-09-17,3.011104655687884,0.7721236009675139,0.4083891798978314
2012-09-18,3.01429761754664,0.7731876137838254,0.4057829934979622
2012-09-19,3.022455042393311,0.7772809604790312,0.4042132804520151
2012-09-20,3.0267703627490654,0.7778846291638093,0.3980433658233886
2012-09-21,3.020090868794565,0.7766477106327816,0.3980138418178416
2012-09-24,2.9991186730499977,0.7676092979644573,0.3852791139231273
2012-09-25,2.950413561257574,0.7454087638013309,0.3654070480670011
2012-09-26,2.9205618394947783,0.732544744197752,0.3557325737268566
2012-09-27,2.969900298907509,0.7552272209943529,0.3776086567758354
2012-09-28,2.9404251443321754,0.743254740187117,0.373748724442446
2012-10-01,2.939863480540754,0.741990166269856,0.3719718613330887
2012-10-02,2.940342771269284,0.7433569411569532,0.3793559958796457
2012-10-03,2.9687037324088354,0.7541971743980558,0.3767399279758789
2012-10-04,2.987090903577788,0.762743697508353,0.3832159282130349
2012-10-05,2.968591125809525,0.7528668866569173,0.3774803177313142
2012-10-08,2.941376923957985,0.7398652369114342,0.3681119289996992
2012-10-09,2.872250922940839,0.7088251714884382,0.3409051361165032
2012-10-10,2.8438444941502534,0.6959871651715277,0.3267093917187136
2012-10-11,2.834339441250816,0.6926265261184643,0.3297795267771808
2012-10-12,2.831076400185502,0.690245315723736,0.3260182889766203
2012-10-15,2.859915740029404,0.7024744140374752,0.3362850510198838
2012-10-16,2.9079066677939203,0.7222182021383219,0.3582104210822046
2012-10-17,2.906654514481262,0.722788435957433,0.3462654904624127
2012-10-18,2.8528305037046584,0.6985321469089469,0.336413390064405
2012-10-19,2.764315830770716,0.6607121138226499,0.3071334094610742
2012-10-22,2.765034973422789,0.6624912474935569,0.3113981219358221
2012-10-23,2.742097629096679,0.6532933064777855,0.3100160369577809
2012-10-24,2.7234829837719685,0.6552639393326751,0.2973701220919982
2012-10-25,2.721233525113775,0.6530595855125452,0.3063042066767072
2012-10-26,2.755998300309889,0.664170358258614,0.3021777147503779
2012-10-31,2.7398235185294038,0.6526581839288454,0.2924440718929941
2012-11-01,2.794570299318716,0.6766641727242884,0.3320895090724174
2012-11-02,2.7700397354736275,0.6635345799964665,0.316482035184894
2012-11-05,2.790518068149842,0.6721012493503167,0.3304606275092308
2012-11-06,2.8121118459171663,0.6816533440239265,0.3480128295662223
2012-11-07,2.7204514805549374,0.641487255157196,0.3105589171414125
2012-11-08,2.6661887029407163,0.617292115848715,0.2965211562998362
2012-11-09,2.67951456871789,0.6207433478928484,0.2981796823747149
2012-11-12,2.679816539484112,0.6225384025842371,0.29614602067017
2012-11-13,2.652153410903743,0.6077196506085225,0.2829473441168579
2012-11-14,2.610231813885617,0.5948322727554809,0.2708345484369552
2012-11-15,2.605554941573617,0.5908571061778165,0.272305446443928
2012-11-16,2.62385366202467,0.601373280353233,0.2722462779266887
2012-11-19,2.691301448943739,0.6281665685334066,0.2939446144116593
2012-11-20,2.6925359189193685,0.6302525682742628,0.287409445657264
2012-11-21,2.70587402315412,0.6383005319816588,0.2956919535154696
2012-11-23,2.7575447716596084,0.6600938300782402,0.3230962559704688
2012-11-26,2.766290804395229,0.6684964532461499,0.3292464075913006
2012-11-27,2.758160170155479,0.66451583999522,0.315346867298143
2012-11-28,2.8012820017889397,0.6828910081865947,0.3312010172646664
2012-11-29,2.81668733649185,0.6931097686658165,0.3393453045744532
2012-11-30,2.8161786248285274,0.6938110117856207,0.3353077461832006
2012-12-03,2.805477888219356,0.6865053925745273,0.3324844077098785
2012-12-04,2.809442391340417,0.6872395009264489,0.3391577970126924
2012-12-05,2.790028214934344,0.6786002880234157,0.3402832039016912
2012-12-06,2.811563137954338,0.6862756555958107,0.3560287778314881
2012-12-07,2.7926136373902004,0.6794012837832961,0.3585954382157679
2012-12-10,2.798719340062813,0.6838736089040556,0.3685857591621941
2012-12-11,2.847196734507723,0.7050372481316178,0.3881024523964489
2012-12-12,2.843507476913915,0.7032727129593999,0.38319616520524
2012-12-13,2.819634246295235,0.6948776783749686,0.3757132156197089
2012-12-14,2.79536286392022,0.6807223335609078,0.3729096401541816
2012-12-17,2.846956128119861,0.7007936417625877,0.3817252671982671
2012-12-18,2.902167472997762,0.7268063816760693,0.4061186031120385
2012-12-19,2.8863759727881044,0.7200622374801031,0.4082213148377203
2012-12-20,2.8909800818049844,0.7217356500935987,0.4110545348149399
2012-12-21,2.854264731479364,0.7030645897816499,0.3811329794951481
2012-12-24,2.84223839308408,0.6990127725435735,0.3763450293384178
2012-12-26,2.805957349351389,0.6838133203864789,0.3719916243408834
2012-12-27,2.800647645932749,0.6800477595106205,0.3668977090817686
2012-12-28,2.760715067893815,0.6630478366300101,0.3532252023659612
2012-12-31,2.8261877107568183,0.6922283533228195,0.3768781485242976
2013-01-02,2.9443521731676063,0.7468110324593074,0.4267705847391896
2013-01-03,2.929631858153164,0.7401690883535854,0.4164445336725415
2013-01-04,2.918966954552352,0.738385899527668,0.4185966529177103
2013-01-07,2.9273612594897003,0.743757100955668,0.4188533310067528
2013-01-08,2.914214795722348,0.7368043821433443,0.4097119758524881
2013-01-09,2.9224790812760686,0.7459634561349646,0.4205611440949734
2013-01-10,2.934034964297594,0.7543906738326407,0.4316966349381934
2013-01-11,2.9443607611597478,0.7601199860768963,0.4372544988559059
2013-01-14,2.936165054055841,0.7539191905084934,0.4406404805206547
2013-01-15,2.9242834473126638,0.745786841939595,0.4403838024316122
2013-01-16,2.9310429487675087,0.74663559147723,0.4447768539508814
2013-01-17,2.950174090388284,0.7547727703699691,0.4597327511119009
2013-01-18,2.937571806576367,0.7490792442069549,0.4587652072729704
2013-01-22,2.936586508452292,0.7524384387337688,0.4620526149110355
2013-01-23,2.9616190457995217,0.7626391792176568,0.4662974438718434
2013-01-24,2.941057222775958,0.7535062323193642,0.4672056986873896
2013-01-25,2.971093505267873,0.7665503959591391,0.4826057814992122
2013-01-28,2.9682742230693275,0.7684880558018046,0.4861399857224224
2013-01-29,2.952502284853537,0.7585782037691946,0.4696637830349426
2013-01-30,2.961240790344322,0.7621004093563921,0.4690813768357209
2013-01-31,2.944296968532146,0.7548132569733312,0.4687950542349861
2013-02-01,2.9926527927403286,0.7712777022993058,0.4880550693801984
2013-02-04,2.9287417955797808,0.7400683085726372,0.4659321897460744
2013-02-05,2.9846317271251217,0.7603059827007144,0.4791112237977368
2013-02-06,2.968535419281224,0.7553721923061048,0.4835732048319976
2013-02-07,2.9625594992084703,0.7511190804042533,0.4721910379097775
2013-02-08,3.004682382079986,0.7687803520690408,0.4823195794046224
2013-02-11,2.9994455379737075,0.7663515527596205,0.4792789683517025
2013-02-12,2.991587209265457,0.7600270214194835,0.4781042744493615
2013-02-13,3.0153586733815416,0.7699487529811706,0.4807597478625729
2013-02-14,3.013399255198886,0.770486032893638,0.4894569173660346
2013-02-15,3.002930370743387,0.7647259246985663,0.4870087145223787
2013-02-19,3.037015995213185,0.7774626121265202,0.4978775252665137
2013-02-20,2.978871475084146,0.7504015623261497,0.4681731220201748
2013-02-21,2.9414835520414067,0.732150887478876,0.4465635985641358
2013-02-22,2.977079560233276,0.7471986833187341,0.4635727999313501
2013-02-25,2.9240585411627427,0.7249268798372679,0.4390610064769549
2013-02-26,2.938716375889176,0.732003611484791,0.448952632890552
2013-02-27,2.989558279351544,0.7526244769372468,0.4638492410281871
2013-02-28,2.9795335408587102,0.7506923480293664,0.4640072245844004
2013-03-01,2.9969357446379536,0.7594309381185782,0.4691603083607545
2013-03-04,3.0272334851718767,0.7699700171824027,0.4743529181526982
2013-03-05,3.078669713820939,0.7928160080837883,0.4970878484977361
2013-03-06,3.0722105096698997,0.7902295986073671,0.4992004417273155
2013-03-07,3.0763349218384706,0.7946282531810145,0.5010365938600572
2013-03-08,3.0773614367033577,0.7950892640566887,0.5034650336959183
2013-03-11,3.0805508069367136,0.7966177798623357,0.5063870667020693
2013-03-12,3.070916695958555,0.7908591838955197,0.5054591693848736
2013-03-13,3.0722635032738514,0.7894033428509142,0.5072065084886839
2013-03-14,3.067699197559068,0.7883042642766729,0.5135935751907632
2013-03-15,3.046329186337929,0.77816532681713,0.4965054422985147
2013-03-18,3.0310548462002984,0.7716742456458867,0.4838397644249372
2013-03-19,3.023113229902399,0.7697061841701387,0.4771170881087812
2013-03-20,3.050708302585952,0.7795811036594178,0.4938992558986452
2013-03-21,2.993725524902281,0.7570206441408038,0.4782424949977799
2013-03-22,3.031833449741927,0.7730852675520297,0.4877392227739161
2013-03-25,3.0135090584436863,0.7640642903024657,0.4801081711360688
2013-03-26,3.048175983476445,0.7779475211114766,0.4920334592542112
2013-03-27,3.061217307471805,0.7854836795157032,0.4957945765486264
2013-03-28,3.0795841067528515,0.7919985032037249,0.5049062871911989
2013-04-01,3.0436266722376546,0.7765890360434771,0.4874331371653866
2013-04-02,3.078047674580345,0.7907969792141403,0.4911350859425625
2013-04-03,3.0395203188814355,0.7747123349053242,0.4729905961824516
2013-04-04,3.038976605704896,0.7763812040179963,0.4771564936182255
2013-04-05,3.0000559235067827,0.761918509094438,0.4622104779611031
2013-04-08,3.0217553580872227,0.7699068931117503,0.4672649877107735
2013-04-09,3.0620459150793837,0.7856727902621119,0.4788939512181385
2013-04-10,3.141471554237623,0.8230553249849817,0.5114809819611839
2013-04-11,3.1400344892895227,0.822799978405613,0.5088452715557674
2013-04-12,3.1434688175706498,0.8223793748766157,0.5028826274966964
2013-04-15,3.063241958012587,0.7860879099410538,0.4695156809826262
2013-04-16,3.1244257515722262,0.8125978128238276,0.4923000188471511
2013-04-17,3.0484766502345284,0.779426868674753,0.4571068017042363
2013-04-18,2.994435018055693,0.7552556322804902,0.436326481032564
2013-04-19,3.0508141631653523,0.7866481410824608,0.4389820749519204
2013-04-22,3.101270835804236,0.8070252861298077,0.4499200562233372
2013-04-23,3.1391108681449795,0.8236915647175529,0.4738988509979978
2013-04-24,3.1424364292844897,0.8249984297402306,0.4849060027966965
2013-04-25,3.1667269319312803,0.8365827258955774,0.4964856792907195
2013-04-26,3.13191153349075,0.822683194338667,0.4850638658467647
2013-04-29,3.170525428559774,0.8388088061955128,0.4991115081922384
2013-04-30,3.2032122011264503,0.8546233974359343,0.5050543892435144
2013-05-01,3.1775305498937456,0.8434270393795207,0.4915102215722284
2013-05-02,3.234650314688396,0.8692506714702832,0.5103456935682875
2013-05-03,3.29745155002976,0.8918162366381797,0.5257853023957002
2013-05-06,3.3086564010472514,0.896511109758467,0.5338704211882479
2013-05-07,3.2964178277508047,0.8906508551069987,0.5338407766765556
2013-05-08,3.314387118153639,0.8997804248141079,0.5443049277854772
2013-05-09,3.30503516258982,0.895899937485976,0.5403265379114641
2013-05-10,3.3357263086260867,0.9085042194649552,0.5522024185101193
2013-05-13,3.34008714581762,0.9095155025697036,0.5391518440091232
2013-05-14,3.3718725607216653,0.9231511997630087,0.5478094874969952
2013-05-15,3.387330832973257,0.9278502468189412,0.5591522489097707
2013-05-16,3.3887906350641748,0.9267865390827784,0.5610870955753415
2013-05-17,3.438344326839156,0.9479185732423572,0.5740587385513034
2013-05-20,3.429185346789718,0.9445687905977278,0.5673557047367972
2013-05-21,3.4335576019401746,0.9464185720900796,0.5686292136781124
2013-05-22,3.388184330775444,0.9244110732672376,0.5468025381486206
2013-05-23,3.375686385659379,0.91830951597909,0.5430709448597524
2013-05-24,3.3757763583870792,0.9176315826373812,0.5408398940895494
2013-05-28,3.4189683799688817,0.9338772725034206,0.5514719102585819
2013-05-29,3.39844047379985,0.9230806862433424,0.5496752841414296
2013-05-30,3.417518169256756,0.9368658518193432,0.570021180160051
2013-05-31,3.3853235895685945,0.9217538185925204,0.5549764699700996
2013-06-03,3.4029196363826486,0.9269813731714224,0.5561610453763379
2013-06-04,3.378256541545364,0.9161601505071746,0.5531106733256657
2013-06-05,3.335453676775675,0.8960176052567896,0.5367628096827073
2013-06-06,3.3575053734462603,0.9072658688434244,0.5444036223183069
2013-06-07,3.4191775683800323,0.9347713913538692,0.5629825367314685
2013-06-10,3.425995933989493,0.9399356088203608,0.5615905702495296
2013-06-11,3.374247747481734,0.9167382818273232,0.5439791996752987
2013-06-12,3.330460755109124,0.8964011187815528,0.5274931154839215
2013-06-13,3.381591063484528,0.9183387808971264,0.5484807067251491
2013-06-14,3.35077593071524,0.9047178993722284,0.5369010302311261
2013-06-17,3.3953971446886584,0.9234523925783168,0.5562498584052697
2013-06-18,3.436088739150432,0.9397886419244088,0.5698137890843507
2013-06-19,3.383989098698672,0.916509425273632,0.5566645200505256
2013-06-20,3.283102543002408,0.8728072354209426,0.5194278802053136
2013-06-21,3.2557937719650933,0.8633388506562256,0.5166933547609232
2013-06-24,3.2165987880589872,0.8458769952348479,0.4928330175268862
2013-06-25,3.2387889635848506,0.8569596051667445,0.5118956436064404
2013-06-26,3.2867881810717128,0.8779090802743537,0.5255089818050085
2013-06-27,3.303365172114007,0.8867973875762349,0.5376513014904583
2013-06-28,3.3040027491100634,0.8877359535675382,0.5329226403571123
2013-07-01,3.3423237106941457,0.9052357492861972,0.5383226412247564
2013-07-02,3.3424507334186524,0.9048057558581772,0.5336335061070001
2013-07-03,3.3525503991430288,0.9085109166052764,0.5384410987653803
2013-07-05,3.3856289557010824,0.9227118252736024,0.5541471466795875
2013-07-08,3.387399660036301,0.9240938114993384,0.5454995052017579
2013-07-09,3.406254326909884,0.9351214018190006,0.5574739598270968
2013-07-10,3.4303778618589424,0.9456439389252538,0.5707121623959985
2013-07-11,3.5176254225336567,0.983443799549111,0.6008411087914909
2013-07-12,3.557358928987269,1.0006274328395106,0.6119963626425058
2013-07-15,3.5623406505591517,1.0034899187596928,0.6146123100401273
2013-07-16,3.560699108354415,0.9988289366518364,0.6152047182493916
2013-07-17,3.566722112293633,1.0058299962628712,0.6237931912099819
2013-07-18,3.547642840843035,0.997693187542622,0.6282948187659776
2013-07-19,3.490425782197959,0.9735694672826408,0.6189757170477046
2013-07-22,3.504467863077971,0.9799050488173732,0.6185018868852095
2013-07-23,3.466463893834065,0.9653305958302568,0.6093111242114577
2013-07-24,3.477987720095728,0.9720396028524436,0.6024205828351907
2013-07-25,3.4888323185467325,0.9987219311971238,0.6248593090755965
2013-07-26,3.5100176920947845,1.007906239046311,0.6187091574547647
2013-07-29,3.490571046567664,1.0060714638920487,0.6126873448784544
2013-07-30,3.5125755659159097,1.019295488732224,0.6301802579120614
2013-07-31,3.5057537286359297,1.0165639756738138,0.6396967486959924
2013-08-01,3.5570905990414747,1.039893573141173,0.6645343907667121
2013-08-02,3.5723920584621327,1.0508849589734486,0.668137645011059
2013-08-05,3.568777552027055,1.0522773547013968,0.6669331860908809
2013-08-06,3.5408251482964923,1.0386266979377634,0.6583644761380858
2013-08-07,3.5286652601573776,1.0336666938609709,0.6541096451672355
2013-08-08,3.543352461862709,1.044738369384277,0.6635373229222348
2013-08-09,3.5280932988475917,1.0389865726144385,0.6606546954255281
2013-08-12,3.541105579041907,1.0413669354848407,0.6676045258251797
2013-08-13,3.5623922389870364,1.048400564708233,0.6762226432974618
2013-08-14,3.5506162593201944,1.0392404201742398,0.6666667470040863
2013-08-15,3.471096971713964,1.0060903151383722,0.6312563777877187
2013-08-16,3.464699121611315,1.005805301877373,0.629647259232327
2013-08-19,3.464902516875852,1.0078060220804312,0.6221741911506933
2013-08-20,3.4830036139603706,1.0185955662933233,0.6283935132988068
2013-08-21,3.472037996298053,1.0134748476925988,0.6254023097653738
2013-08-22,3.5212556031215563,1.0369339399436974,0.6423424611114517
2013-08-23,3.555700199950844,1.058096675889109,0.6515232217751608
2013-08-26,3.5485357866833063,1.0577199967173456,0.6457086797684057
2013-08-27,3.455062341627817,1.0154990415698897,0.6102193790270041
2013-08-28,3.468422516507152,1.0244624048746136,0.6198839718632512
2013-08-29,3.4916169365274667,1.039319618195088,0.6318585469947353
2013-08-30,3.4641352295373053,1.0284819744153189,0.622480276759223
2013-09-03,3.490932091528029,1.0394552564930768,0.6372090198367473
2013-09-04,3.547827069093233,1.0617020932017236,0.6577425439232745
2013-09-05,3.555384905756619,1.0664104674331507,0.6631621872925682
2013-09-06,3.5569104662781497,1.0697244494770288,0.6647515428401649
2013-09-09,3.61908234585776,1.093901361011172,0.6828960326002755
2013-09-10,3.644458788958582,1.1057646237717278,0.7023633183150431
2013-09-11,3.62786484113135,1.1034572099020936,0.70925385969131
2013-09-12,3.6199045120784663,1.0990796704422243,0.7014650655095396
2013-09-13,3.629843726709904,1.1013405314638425,0.7037651663008793
2013-09-16,3.6152367417439697,1.0914199698066829,0.7061047931078086
2013-09-17,3.649173205144418,1.111608510054829,0.7210112827493413
2013-09-18,3.728865034024528,1.1443184756919391,0.7356907388135236
2013-09-19,3.736007308658348,1.1535873515630382,0.7398468752515452
2013-09-20,3.7159631605990704,1.1505428106569262,0.7329365708674835
2013-09-23,3.7002958092009184,1.145383064725268,0.7228375533781857
2013-09-24,3.703004749270295,1.15007505183711,0.7274872829864973
2013-09-25,3.683099805987597,1.146433908965102,0.7318406879840318
2013-09-26,3.71214677903514,1.1634911142230937,0.7372800943611204
2013-09-27,3.696003290311976,1.159997134220494,0.7320777235714244
2013-09-30,3.676243324502287,1.1514235707897056,0.7278525371122662
2013-10-01,3.727756380773984,1.173799499509852,0.7433513144569177
2013-10-02,3.73710559867576,1.1740544932765076,0.7434500089897464
2013-10-03,3.681680574459144,1.1454788197441674,0.7260953165045578
2013-10-04,3.715181342851573,1.1656316592261486,0.7470532632340934
2013-10-07,3.66674075968244,1.1453671187963683,0.7358388408658392
2013-10-08,3.58371923145375,1.099463427799034,0.7034295566868021
2013-10-09,3.570210405058069,1.0911579434386405,0.6974570311238337
2013-10-10,3.6695262072204144,1.1400085901017691,0.7300440618668791
2013-10-11,3.7014329862583377,1.1557772321520252,0.7402910609023481
2013-10-14,3.737060696560864,1.170960629085407,0.7511402291448332
2013-10-15,3.715735190749168,1.1632028581504483,0.7324725017027403
2013-10-16,3.774508602149664,1.1905218534575202,0.7452861611224886
2013-10-17,3.798892635027874,1.2055029055924988,0.7552962450767098
2013-10-18,3.893505435914975,1.2498572050782766,0.7766490904437064
2013-10-21,3.902878160260309,1.2498635459729617,0.7821970728575216
2013-10-22,3.916743455116984,1.250508244194692,0.7763332438374246
2013-10-23,3.885108712192653,1.232600638359172,0.7418408904343554
2013-10-24,3.909257929766146,1.2482272979247595,0.7450591275451386
2013-10-25,3.988331941164224,1.2759030648216385,0.7470829077457859
2013-10-28,3.98707640695612,1.267093511534711,0.7504393654049877
2013-10-29,4.01364177971694,1.2762063751993566,0.7655234811043836
2013-10-30,4.004951927949006,1.2715853495158802,0.7581591095656215
2013-10-31,3.9973658628509128,1.2709648712845183,0.7525321956267721
2013-11-01,3.989414557062429,1.2679683112884417,0.7524926696111824
2013-11-04,4.001639193842038,1.2716574662896427,0.7567671430836826
2013-11-05,4.017370821458712,1.2812396618712911,0.7546644313580009
2013-11-06,4.026498226016995,1.2753602463856453,0.7635393474254706
2013-11-07,3.927285256703597,1.2272040558180493,0.7356808573096256
2013-11-08,3.998726301743086,1.2556750732391038,0.758603415722569
2013-11-11,4.002304523405591,1.2552297702318749,0.7591660589139957
2013-11-12,4.006404396247372,1.2563016230672566,0.7681494305120471
2013-11-13,4.067712756203925,1.2868581287436482,0.7883768689900448
2013-11-14,4.090342772912576,1.2976307920055583,0.7862543942565683
2013-11-15,4.10069749865763,1.3033185284954207,0.7974392926192755
2013-11-18,4.056710742841421,1.2739883363154745,0.7781792774740635
2013-11-19,4.045642848611533,1.2707330779503905,0.7609133980178067
2013-11-20,4.038388965247706,1.2642460216970566,0.7548718224337012
2013-11-21,4.098486071191182,1.289245661638328,0.7773894801991412
2013-11-22,4.120421313989093,1.2975214625526452,0.7788504967022165
2013-11-25,4.13940107549401,1.3010616620719362,0.7751190239194934
2013-11-26,4.165460290538996,1.31654110225147,0.7792453953396774
2013-11-27,4.206815366426298,1.3363851329590275,0.7877155312657889
2013-11-29,4.233668999973012,1.3503113655384409,0.7892455977900013
2013-12-02,4.221781323794757,1.3454548490753604,0.7875970737251652
2013-12-03,4.210613274563514,1.345672999933678,0.7897885984797786
2013-12-04,4.217152438733607,1.3518452831387222,0.7940927164639711
2013-12-05,4.201443427824872,1.345792240691129,0.7940137849389368
2013-12-06,4.245581531993399,1.3617066041484422,0.8135797651865333
2013-12-09,4.256654524156983,1.371716011152793,0.8158503419723258
2013-12-10,4.243592856392454,1.3721174070238624,0.8196015777628438
2013-12-11,4.178293094809984,1.3408102275556804,0.7945961911381585
2013-12-12,4.159804162172077,1.340584515692199,0.7847342092362535
2013-12-13,4.152267559346412,1.3400046296857409,0.7965705638193188
2013-12-16,4.181461610989533,1.3536674749857365,0.8098382903937675
2013-12-17,4.167308482998256,1.3522619004690948,0.823046848450977
2013-12-18,4.231094864572504,1.3783832166955787,0.8371241353081429
2013-12-19,4.212281339036991,1.3668040503572123,0.8282394582429207
2013-12-20,4.26892806344008,1.3912570352011864,0.8488420323505845
2013-12-23,4.310497715587454,1.4150654340974116,0.8661177933107387
2013-12-24,4.311002995368207,1.418379143798033,0.86978033657847
2013-12-26,4.338002121264188,1.428780806098008,0.8708168099323921
2013-12-27,4.315243039685002,1.4153727895818973,0.8711623010503662
2013-12-30,4.310693868951948,1.4091911902049352,0.8753578429978321
2013-12-31,4.341686591662137,1.4254311819794987,0.8864341653238126
2014-01-02,4.298952661458693,1.408380994737379,0.8626331171131603
2014-01-03,4.26495526390848,1.392224041622752,0.8590791498821553
2014-01-06,4.237845416235645,1.3888929457374697,0.8524156420832385
2014-01-07,4.278568105699008,1.408567838576121,0.8733933518205685
2014-01-08,4.296925827514596,1.4172394471370215,0.8877470797745717
2014-01-09,4.282579913194687,1.4053156696007545,0.8754270135251134
2014-01-10,4.30317486916675,1.4151286115747546,0.8828407925833626
2014-01-13,4.230230788955341,1.375713862041508,0.8557918627502348
2014-01-14,4.342060984875096,1.4326889108208305,0.8950127567805048
2014-01-15,4.378424222763542,1.4481185493457982,0.921015211249668
2014-01-16,4.386043683578118,1.4515868066943145,0.9161188055623564
2014-01-17,4.360940552519643,1.438278732659175,0.9082904853649962
2014-01-21,4.399829796393789,1.4616276794058112,0.9173527884880814
2014-01-22,4.403676034466789,1.4622276905060816,0.9280439731743532
2014-01-23,4.393074638102134,1.4532986036571702,0.9168987213333808
2014-01-24,4.289541645779536,1.4039356914015275,0.8771348266133339
2014-01-27,4.242649936160129,1.3807098759541994,0.86183343833434
2014-01-28,4.247180233673334,1.389380883434355,0.8706785893839728
2014-01-29,4.1949190510416745,1.3628748027452664,0.8538668975885615
2014-01-30,4.286538693325358,1.4202012517875628,0.8802543691912881
2014-01-31,4.232397050594545,1.3991149179030806,0.8733341833033288
2014-02-03,4.103819965189908,1.3411292955334453,0.826265085561759
2014-02-04,4.142823139197647,1.3616386323635117,0.8400856943298824
2014-02-05,4.117190831098903,1.3472321498407416,0.8332247974653078
2014-02-06,4.190704684338738,1.3792393076284584,0.8660487432896009
2014-02-07,4.280278048210806,1.42386292101981,0.8976683506998611
2014-02-10,4.312720955722423,1.4382613760453222,0.9083200093705432
2014-02-11,4.368233469714348,1.4649049218290942,0.9327825158115964
2014-02-12,4.363949752830733,1.4620003141716025,0.9417856504174424
2014-02-13,4.419412748933995,1.4921168493142072,0.9656064616358896
2014-02-14,4.425041788894861,1.4925239638936585,0.9742344606120692
2014-02-18,4.442837099969742,1.5039340085143469,0.9790025272548596
2014-02-19,4.400393664912368,1.4863878514967,0.9779759354048349
2014-02-20,4.422380759528396,1.5054261208458222,0.9906711372839592
2014-02-21,4.421454747239603,1.500557800336876,0.989782645476208
2014-02-24,4.45276619219204,1.5213900382584002,0.999279373252344
2014-02-25,4.446992653108408,1.5238286780915256,0.9913423565121122
2014-02-26,4.449038654447861,1.525240208010569,1.002793814467759
2014-02-27,4.475595293506047,1.5385888524360185,1.0065845762738663
2014-02-28,4.470879065587281,1.5323215475781833,0.9952319333571936
2014-03-03,4.433786383089527,1.515581272980373,0.9831586636928804
2014-03-04,4.509860348287283,1.5520733166072884,1.0160911855539
2014-03-05,4.514866045031527,1.5601371775700317,1.0183024733163082
2014-03-06,4.502262653353236,1.5574697602559118,1.020306490509161
2014-03-07,4.483196567381501,1.5430324809722946,1.01056296614788
2014-03-10,4.483481593689321,1.5435978043452416,1.003761237800545
2014-03-11,4.470873635522405,1.5301633530288608,0.9922604928315562
2014-03-12,4.498513479331415,1.545457564387149,1.0016486445709658
2014-03-13,4.42274465188822,1.506185001362378,0.962970630724328
2014-03-14,4.387057792985049,1.4868406896010375,0.9564848694894196
2014-03-17,4.438341312619251,1.510651545948967,0.9819147992632582
2014-03-18,4.514788550051438,1.5443564497372222,1.0056171529410816
2014-03-19,4.479386568874621,1.5259852881560143,0.9981539663633454
2014-03-20,4.507348439758792,1.532363429309115,1.0199313548794953
2014-03-21,4.437406215088766,1.504677185332676,0.9987167300609174
2014-03-24,4.391888207987616,1.4761006580358085,0.9831487821889836
2014-03-25,4.413781729784859,1.4859026067478482,0.9930896956159228
2014-03-26,4.344923427586171,1.443215238053746,0.9671366486662468
2014-03-27,4.313627946472512,1.430073191328936,0.9583901921494432
2014-03-28,4.324672539627239,1.4353638056114515,0.9685284946420404
2014-03-31,4.365612634753799,1.4517236086862533,0.9901182550902844
2014-04-01,4.461764998061322,1.500220689075344,1.0234160310770726
2014-04-02,4.463994185593124,1.50591969360514,1.0217477440044416
2014-04-03,4.424841088691288,1.4784884536867673,1.0073052030215068
2014-04-04,4.274757956858586,1.4043417723436278,0.9541353611785924
2014-04-07,4.236634781487705,1.3856276554234053,0.9315880589014602
2014-04-08,4.283684073194738,1.411845103942167,0.9578669544674604
2014-04-09,4.363663647018723,1.4582814657987258,0.9832968842412992
2014-04-10,4.194512190535734,1.376659054018928,0.9188730940145408
2014-04-11,4.13364283205816,1.3496795583971632,0.8914490285517469
2014-04-14,4.180703306329678,1.3675601792697138,0.9148848226366304
2014-04-15,4.2022200986123615,1.375352566822401,0.9305021780280508
2014-04-16,4.271547329344704,1.4071888046021868,0.9414796853150575
2014-04-17,4.276504028334863,1.4067585494236354,0.9555372091644284
2014-04-21,4.309936039798427,1.431087924479093,0.969160308360749
2014-04-22,4.349897751375993,1.4575630568150304,0.981302748552344
2014-04-23,4.297695352045095,1.4294590951089647,0.9696341385232444
2014-04-24,4.3517683459300525,1.452575263450708,0.9721811564058742
2014-04-25,4.229857335337443,1.3963209214521886,0.926869279272012
2014-04-28,4.244661162874058,1.396724587236585,0.9161089240584586
2014-04-29,4.289584120957794,1.4220667488321994,0.9337598206482788
2014-04-30,4.308223762464034,1.4340980017940703,0.9448360224681144
2014-05-01,4.318830338338439,1.4430924327764734,0.948607141772572
2014-05-02,4.306018524985183,1.4385525552421448,0.9492488369951784
2014-05-05,4.332253395746746,1.4533450114880249,0.95135154872086
2014-05-06,4.2536473053440345,1.4133591890805053,0.9339276857083896
2014-05-07,4.240896784126006,1.4027902146133946,0.9207487721628724
2014-05-08,4.239917817435728,1.394262048875516,0.9271358388649518
2014-05-09,4.260730611151904,1.4050968496710323,0.9304231259968718
2014-05-12,4.35298719839649,1.4507850229381245,0.9665640034647772
2014-05-13,4.357395701793938,1.4526295497032082,0.9591403429026306
2014-05-14,4.329339715423092,1.439881379948615,0.9514798877653814
2014-05-15,4.2843325370260565,1.4171975765873204,0.93922887153706
2014-05-16,4.324647710635982,1.4340130025144848,0.953355445407568
2014-05-19,4.366189862399577,1.456507433567181,0.9736125283972574
2014-05-20,4.350563083211201,1.4459714219192046,0.9622994114961744
2014-05-21,4.401303030035381,1.4743377242606872,0.9778968833736552
2014-05-22,4.423901097850525,1.4848682282945087,0.9884005604981664
2014-05-23,4.465850619735302,1.5059397620443915,1.007226271496473
2014-05-27,4.53210730906088,1.5393196797421322,1.0306324210696642
2014-05-28,4.519079329712625,1.5325025836845776,1.0252918297315494
2014-05-29,4.560997697376115,1.5508134345799671,1.0343640143585322
2014-05-30,4.567564079542666,1.55052363844485,1.031264114282228
2014-06-02,4.556791404308014,1.545875460978626,1.0374636734225464
2014-06-03,4.550173999155812,1.5418333281599206,1.0363581500474872
2014-06-04,4.565304601067813,1.5488934264256202,1.041215029719209
2014-06-05,4.62987363309752,1.576037890974745,1.0599715701902337
2014-06-06,4.662083820640046,1.5903604847116206,1.0762403818020123
2014-06-09,4.656553295554129,1.5893192907689313,1.079369926390009
2014-06-10,4.66169516835195,1.5997052179603566,1.0824004149267412
2014-06-11,4.664432411601713,1.6006771344874218,1.086013671181131
2014-06-12,4.607998648453474,1.5727733416593646,1.074858417330116
2014-06-13,4.63842902832984,1.5858445623430797,1.0901103980896232
2014-06-16,4.646395262622653,1.5934893033191484,1.0961422126759763
2014-06-17,4.645412944220248,1.5968277616347746,1.1055597679147875
2014-06-18,4.690461194610432,1.615848655290593,1.115767361440812
2014-06-19,4.675637290724152,1.6063228212465552,1.109755309862254
2014-06-20,4.677054010145103,1.6080235139250498,1.1109203632729878
2014-06-23,4.6820826014180055,1.6146974964508414,1.1101108029902709
2014-06-24,4.685444377944744,1.6144570389869757,1.1029833465327563
2014-06-25,4.722605128489961,1.6359431485741194,1.1129537839652426
2014-06-26,4.720029653442277,1.6344439249447036,1.1066951768138296
2014-06-27,4.7381920894231575,1.6463435540962532,1.1142470559143525
2014-06-30,4.74551717461098,1.651075620717798,1.1254813617965462
2014-07-01,4.825441472882263,1.6856434008187664,1.1498648162064202
2014-07-02,4.838707744019399,1.6828739734749476,1.1503781723845052
2014-07-03,4.877616718047009,1.698529679328554,1.1651859674932088
2014-07-07,4.860202928854712,1.6862028227213823,1.1522240855149994
2014-07-08,4.797836759960045,1.650518919302598,1.1266461741949896
2014-07-09,4.832624042328657,1.672452553756262,1.137130208817851
2014-07-10,4.817101873680159,1.6642119472830363,1.1290449695191582
2014-07-11,4.866247363768959,1.6873733712543704,1.136350293046826
2014-07-14,4.909186332094859,1.711646164926567,1.1469230201924745
2014-07-15,4.891001887882543,1.70075781733805,1.145195444096459
2014-07-16,4.939522612124677,1.7209890454033228,1.157002154167832
2014-07-17,4.857458895777057,1.6841866680601272,1.1225296842787031
2014-07-18,4.951364805405686,1.7294810192693726,1.1485122552339262
2014-07-21,4.943739620650862,1.7306560998612204,1.148137240110405
2014-07-22,4.984366334327393,1.7461591567784214,1.162816575668442
2014-07-23,5.013764305397141,1.7653763357836327,1.1449486475113138
2014-07-24,4.994998090783714,1.7673785285622134,1.1570317986795249
2014-07-25,4.919316005963835,1.7474092176206095,1.1464195455182868
2014-07-28,4.91745072941937,1.745430858729185,1.1479596140525414
2014-07-29,4.910470154932132,1.7377951464888586,1.1411478836951634
2014-07-30,4.934503519726133,1.7495925585392529,1.151542984782948
2014-07-31,4.807361962867749,1.689508823873406,1.10988376941292
2014-08-01,4.78538786019949,1.6810258160560585,1.101275533444535
2014-08-04,4.835266428749593,1.7071374005408742,1.1162510731072044
2014-08-05,4.787349183901568,1.6846614927812182,1.0996860573907932
2014-08-06,4.780094605728936,1.684302967466297,1.0961520941798732
2014-08-07,4.757469914815705,1.6770634318723654,1.0822820778922626
2014-08-08,4.804960911647357,1.6952673505899,1.1027167869398156
2014-08-11,4.835977678921432,1.7121378213648062,1.1163597696500758
2014-08-12,4.834704487348562,1.710480943792625,1.1105352256332783
2014-08-13,4.910656525064314,1.7446629270696363,1.1322730881338383
2014-08-14,4.941534904120791,1.7592902515426625,1.140081886335694
2014-08-15,4.9792073849650205,1.772635573480113,1.1462713229598251
2014-08-18,5.026640330733657,1.7944107409377397,1.1617011707894855
2014-08-19,5.061723452629408,1.8085796956322628,1.17365610341932
2014-08-20,5.062359301682308,1.807741895307516,1.1807341523573478
2014-08-21,5.070047531990073,1.8097975503185344,1.1862427292617186
2014-08-22,5.075295663460183,1.8124188927945,1.1842485935727636
2014-08-25,5.095120076529505,1.824531578176636,1.1821655243487317
2014-08-26,5.105687880316774,1.829359964325075,1.1851369648743697
2014-08-27,5.106456947714813,1.8284346344014937,1.1824419654455691
2014-08-28,5.09481086139773,1.821924560810272,1.1837055928829865
2014-08-29,5.120540610755159,1.8370159570685,1.198444217464408
2014-09-02,5.128096237459618,1.8519597557978384,1.2032912156322326
2014-09-03,5.09503262998809,1.8356574435546429,1.2052853513211876
2014-09-04,5.098524592450159,1.83663399874398,1.2077140321693385
2014-09-05,5.130574535364463,1.85132106255704,1.2269444028028582
2014-09-08,5.137556060803728,1.8561374244860205,1.2344468743838943
2014-09-09,5.07872651275246,1.828009913065144,1.2143577769604603
2014-09-10,5.12686693821678,1.850839515333222,1.22347936910693
2014-09-11,5.121712949007562,1.8501890439512567,1.2260261459772694
2014-09-12,5.079421497423042,1.8311737880363044,1.2123537597676073
2014-09-15,5.023478801688161,1.792014888918407,1.18775291227199
2014-09-16,5.082331136338321,1.822808757317461,1.21177123306224
2014-09-17,5.084451265405757,1.8267386508335628,1.2172304024471234
2014-09-18,5.132055878087043,1.8508454410943156,1.2435190590108758
2014-09-19,5.142362013158591,1.853264492122586,1.223143638986707
2014-09-22,5.086038797923607,1.8218227659039197,1.1946632166560511
2014-09-23,5.0678009159519455,1.8171306636556317,1.1881084054000055
2014-09-24,5.1453022727318976,1.8505383689496744,1.2100238939584291
2014-09-25,5.014825432220591,1.7910801764179602,1.167140577166573
2014-09-26,5.079214240974983,1.822429945183822,1.191277234991302
2014-09-29,5.074485197842397,1.820670792896812,1.193409470722531
2014-09-30,5.081033367603765,1.819764510440304,1.1884046095046377
2014-10-01,4.986873837489921,1.7725043671926324,1.1426978337333145
2014-10-02,4.982684598551436,1.7757054624155764,1.1416711213771444
2014-10-03,5.045441692185491,1.8039224857088687,1.158147203558479
2014-10-06,5.027118230027373,1.799220681021553,1.1462122749487291
2014-10-07,4.931069950747983,1.756782195018276,1.1079192782356553
2014-10-08,5.058100540828901,1.8121197725168716,1.14868024080018
2014-10-09,4.9477775142850575,1.7597532070272472,1.0995084313329282
2014-10-10,4.792779072656694,1.6802474315451192,1.0067129153183854
2014-10-13,4.694563602161708,1.636811886369724,0.9756757141073472
2014-10-14,4.706887073861062,1.6434942262751164,0.9887954591356248
2014-10-15,4.660535636092066,1.6267501399948796,0.9911844934620412
2014-10-16,4.622266556672732,1.6118458945140637,0.997482747135189
2014-10-17,4.679217225914435,1.645954269240974,1.0219253700623026
2014-10-20,4.755513487102941,1.6814409893751887,1.0428045057729487
2014-10-21,4.903526222697489,1.7506157390149073,1.101581619053063
2014-10-22,4.874042214148787,1.7358170845418843,1.0810184504548437
2014-10-23,4.958351648512671,1.7754144323295646,1.111058463315259
2014-10-24,4.970116469394152,1.7863650155341615,1.139775800727163
2014-10-27,4.986588141868441,1.7866435491435788,1.1457285632823364
2014-10-28,5.074587248836138,1.8319793536258533,1.1803984222371238
2014-10-29,5.066091707934183,1.8145352511339865,1.1696777135453051
2014-10-30,5.074756716231423,1.8188461430554248,1.1845247936573085
2014-10-31,5.175828993948825,1.8627175714366195,1.2345061634072771
2014-11-03,5.190686317667269,1.8672988194490736,1.2436672815693366
2014-11-04,5.168842324332594,1.862417698794422,1.2467372961216587
2014-11-05,5.149010106497745,1.8511966815500709,1.2615846172459515
2014-11-06,5.163555228806983,1.8619406303130184,1.2581689910695104
2014-11-07,5.160076936684702,1.8608307436884,1.2510810606275853
2014-11-10,5.197702182203319,1.876390574009464,1.264398194721521
2014-11-11,5.223566610210309,1.890834432358532,1.2617721248077118
2014-11-12,5.226691955907425,1.8931393174942857,1.2643191426903415
2014-11-13,5.255002544164003,1.903394509967728,1.2675472613050225
2014-11-14,5.276492255945184,1.9164474713092603,1.2867677504346449
2014-11-17,5.246318982145178,1.9026110485819947,1.2810126179574195
2014-11-18,5.289603345580342,1.920711248048161,1.2966396138404477
2014-11-19,5.268694719711375,1.90656062606885,1.283835835924597
2014-11-20,5.303577615279675,1.921056678624741,1.2945765486365008
2014-11-21,5.316135008567769,1.9268406043602768,1.312977595979509
2014-11-24,5.35813409389454,1.945848312240154,1.3311516097451666
2014-11-25,5.352181059652977,1.947979642363772,1.3289007959671686
2014-11-26,5.387676875462623,1.9684181901786568,1.3545382373228532
2014-11-28,5.423273525219996,1.9823832188218848,1.3654563350803302
2014-12-01,5.353558459622828,1.9413692725641245,1.3382790662026811
2014-12-02,5.387342951997641,1.9533337956769068,1.3484174892014238
2014-12-03,5.393704440605467,1.9536327210123456,1.3694742509699331
2014-12-04,5.409269616918827,1.959559950324265,1.3708070489346325
2014-12-05,5.390379318464152,1.9546752908700995,1.3801655561623498
2014-12-08,5.339837013574805,1.9295815124262528,1.3541629811870417
2014-12-09,5.370022493248047,1.9423512792537585,1.3518924044012488
2014-12-10,5.26228783590429,1.893675091384293,1.3190585770730583
2014-12-11,5.291684739350443,1.9100499332279104,1.3308949316561236
2014-12-12,5.223450496460519,1.8800161741018535,1.29913722420359
2014-12-15,5.1589962455669705,1.8489957999160085,1.2835692763316562
2014-12-16,5.043577208250565,1.7953650043301024,1.2589192623288423
2014-12-17,5.153512819951153,1.8480991888677885,1.3003613256254178
2014-12-18,5.295597610135737,1.9185401234868071,1.3515667967972145
2014-12-19,5.311083046201075,1.929028549221848,1.3547257448846133
2014-12-22,5.331458874982606,1.9423440552525133,1.3812315535218187
2014-12-23,5.320052334623581,1.9344018338902556,1.3821102843318176
2014-12-24,5.317782341256582,1.93363797069684,1.383048063152911
2014-12-26,5.362771325974351,1.9540682916892809,1.385476502988772
2014-12-29,5.360922566248987,1.9492006652739955,1.3743508936494493
2014-12-30,5.312593105377638,1.9262248926732533,1.3600860992305228
2014-12-31,5.252274857778647,1.8976586234986692,1.3375092729478433
2015-01-02,5.247481617108358,1.8945447681411207,1.3350707105957946
2015-01-05,5.151976116611205,1.8484273575533408,1.2972913110730957
2015-01-06,5.064356986321331,1.81052436695978,1.254121430668215
2015-01-07,5.141135020438563,1.8438595380269267,1.2709628874814634
2015-01-08,5.25288499979103,1.8987204495554624,1.3247645430430866
2015-01-09,5.210136405549803,1.8796504437121149,1.3199570708908517
2015-01-12,5.141406233658235,1.8470326349033777,1.284743970233997
2015-01-13,5.137968944216265,1.8446398312634096,1.2692847189049346
2015-01-14,5.119664830882345,1.8318240270985733,1.256244025907836
2015-01-15,5.041586020315559,1.7942499773354967,1.2287409084138623
2015-01-16,5.121679336063447,1.830205420523264,1.2630555152529237
2015-01-20,5.164371483903353,1.8515114324907471,1.2768662425171495
2015-01-21,5.2082123227756085,1.8732553308040856,1.2879819703525746
2015-01-22,5.338808891819049,1.9299580850828584,1.3145769535371468
2015-01-23,5.354112703203455,1.938121520351606,1.3132738000841395
2015-01-26,5.339096421976644,1.932634030418738,1.303155140093192
2015-01-27,5.152123254386717,1.8512110109771256,1.2488994173768684
2015-01-28,5.1030902013332025,1.8287380403884408,1.2260557904889589
2015-01-29,5.164380460787079,1.8609193098772976,1.2426010431975754
2015-01-30,5.170336445988675,1.8531011441757237,1.2009714723392393
2015-02-02,5.232942938874266,1.878363556626428,1.2144069434676537
2015-02-03,5.2868680784959325,1.903651854608356,1.251278449693242
2015-02-04,5.274431797627183,1.900508010464761,1.2575274163530477
2015-02-05,5.34705987897175,1.930846920838722,1.2738061094687243
2015-02-06,5.306813596889275,1.910538053583216,1.2615648542381552
2015-02-09,5.275550965630962,1.8985399526289652,1.2519496689213954
2015-02-10,5.378425064900416,1.9432422217548684,1.2976959707083084
2015-02-11,5.394760862997563,1.9518605566020253,1.3046754456196523
2015-02-12,5.49194172420131,1.9863560336661985,1.3424254416429489
2015-02-13,5.54794647354744,2.010635801842378,1.363679592477116
2015-02-17,5.551486187508398,2.010702609264876,1.3640743706084324
2015-02-18,5.551461178624499,2.0123859016597425,1.3571146587048837
2015-02-19,5.579820311601201,2.031692579673664,1.3682303865403087
2015-02-20,5.624065816794988,2.0532187517992213,1.3869177564840514
2015-02-23,5.624601547795338,2.0490484405755094,1.3731465552354152
2015-02-24,5.631347237441108,2.049135634176294,1.3835120118115074
2015-02-25,5.626947682016964,2.047630100074235,1.3754863025484894
2015-02-26,5.671930048237646,2.0691702155429894,1.3867006044105987
2015-02-27,5.645414501450422,2.053074360324726,1.381083571975647
2015-03-02,5.721616201637848,2.087043279082954,1.418873094014533
2015-03-03,5.680706313875126,2.0720050546885576,1.378892047221033
2015-03-04,5.653083975901629,2.064011146056429,1.3744694716962171
2015-03-05,5.673852362557395,2.0735646191822203,1.385308758434805
2015-03-06,5.588457639637107,2.032702763296767,1.3527414906995543
2015-03-09,5.606835158570154,2.038332908856799,1.3589410498398728
2015-03-10,5.47000505440148,1.977939213558726,1.315455443334855
2015-03-11,5.438662156457737,1.964069967634125,1.311032867810039
2015-03-12,5.474563717504651,1.9815683517946916,1.3223459847111223
2015-03-13,5.449345997818195,1.970503811775776,1.3202137489798935
2015-03-16,5.533691148397987,2.0073011800049487,1.3537978475674164
2015-03-17,5.53501634131754,2.009833141143235,1.345969286357766
2015-03-18,5.598355693207708,2.0438916002821528,1.3701257071902897
2015-03-19,5.604494724730461,2.0493944386077967,1.3768781485242827
2015-03-20,5.656604647517802,2.0728724930687044,1.4006496727293878
2015-03-23,5.628724427173041,2.063909623803003,1.3873523016432467
2015-03-24,5.613442771001734,2.058403272115883,1.371142538042562
2015-03-25,5.443435373453279,1.9787955132155872,1.291338548517921
2015-03-26,5.422295671742051,1.969034850108046,1.2744773286968778
2015-03-27,5.449444113679133,1.9797010006187832,1.3103616485818854
2015-03-30,5.519540392846493,2.010584491700775,1.3484076076975242
2015-03-31,5.4518992713973,1.980183071859456,1.3222177661727454
2015-04-01,5.412325128396405,1.9635729793413692,1.312691273378772
2015-04-02,5.406284039566377,1.962044532036368,1.312543291832601
2015-04-06,5.463360932246682,1.9891473001251117,1.324883121089854
2015-04-07,5.456680710659719,1.9856658070793525,1.3238860532453764
2015-04-08,5.5059387959912325,2.008954871208668,1.3425635416852215
2015-04-09,5.530707121971024,2.021172479446264,1.3627810986593216
2015-04-10,5.563150842520907,2.033302411609246,1.3743706566572418
2015-04-13,5.54729857402229,2.028321288152319,1.357519559352386
2015-04-14,5.526175586061965,2.020468536841567,1.3499081502161885
2015-04-15,5.580158662299129,2.039503833399398,1.3755357100679753
2015-04-16,5.588580034159347,2.0411288531185425,1.3676478598349404
2015-04-17,5.483358427020159,1.9950828238935896,1.3359296783979966
2015-04-20,5.597062916573059,2.0466956244541468,1.363778166503799
2015-04-21,5.621519433851747,2.0599283520416547,1.3768880300281792
2015-04-22,5.662423089645642,2.080202836377955,1.3960986376539042
2015-04-23,5.690820095674045,2.0862952556087806,1.3876680277433824
2015-04-24,5.854534547615289,2.148399537790472,1.378724302667066
2015-04-27,5.828803786131183,2.143299577892312,1.3776877088069988
2015-04-28,5.816450248504967,2.1342622428597244,1.3832454522185662
2015-04-29,5.775224044975074,2.119388622032539,1.368102168001931
2015-04-30,5.674853439193105,2.0674359875292407,1.339848779248625
2015-05-01,5.771196568447013,2.1090594460359715,1.378961217748314
2015-05-04,5.777424779548679,2.112116091189212,1.3799582855927914
2015-05-05,5.673553956809312,2.064258918015051,1.338150847664302
2015-05-06,5.620755030161329,2.043497843493046,1.3260973410077836
2015-05-07,5.666707060588617,2.065380850737154,1.3432742869289638
2015-05-08,5.766627624451585,2.1068974136706724,1.3635511329264485
2015-05-11,5.740198847122389,2.095478761236073,1.3571047772009843
2015-05-12,5.706128054060732,2.0815329617264005,1.342514134165734
2015-05-13,5.7087339404073765,2.084837627930655,1.3552193380549014
2015-05-14,5.808491546067738,2.1319027621336777,1.3892179777815352
2015-05-15,5.799648284167404,2.12933077918331,1.3813501315685857
2015-05-18,5.824629397452611,2.13965179313191,1.394282369035103
2015-05-19,5.8141332027130455,2.134976103681573,1.38190301376226
2015-05-20,5.816600477865743,2.136281528790672,1.3854172139653853
2015-05-21,5.846395026218634,2.152743595014864,1.3903827901799786
2015-05-22,5.834137588195379,2.1507444874683728,1.396345434239049
2015-05-26,5.754892448251581,2.115046215143815,1.3682699125558968
2015-05-27,5.874254860022755,2.1661536249229605,1.4247566860424232
2015-05-28,5.860254301171839,2.1604075476872158,1.4271752443743866
2015-05-29,5.825109289724943,2.1434070479822545,1.4179847227129252
2015-06-01,5.845677885491105,2.154778510102286,1.4285969758741626
2015-06-02,5.825598177757886,2.146180913994809,1.4168493138138831
2015-06-03,5.839578242468207,2.155211117782837,1.4151612637334576
2015-06-04,5.781158123440415,2.130043128725629,1.393778894360914
2015-06-05,5.763499533522824,2.124426499449698,1.3953384848906731
2015-06-08,5.687235154545182,2.091319171777113,1.360471236870228
2015-06-09,5.6836145322404175,2.090478313017179,1.3542321517143194
2015-06-10,5.780817000439435,2.132254224626347,1.3875299277011075
2015-06-11,5.781445235219025,2.132933306607433,1.3880828098947826
2015-06-12,5.726060160124204,2.1093256345252533,1.3697012845472791
2015-06-15,5.688014181659931,2.0912174474433853,1.3545676408222511
2015-06-16,5.725189300294812,2.1076436633244517,1.3640743706084295
2015-06-17,5.744699335975326,2.1194095530451165,1.3683489645870752
2015-06-18,5.846807767599199,2.164943389900752,1.396927960944415
2015-06-19,5.814622640462501,2.150744171460256,1.3838279789239318
2015-06-22,5.854754270577246,2.1716054743804576,1.39994880898954
2015-06-23,5.855791689852435,2.18127469670983,1.392298114850043
2015-06-24,5.8111460452750165,2.16414550133614,1.3723567579604898
2015-06-25,5.797652309221967,2.156660994208858,1.3641435411357112
2015-06-26,5.741263164706667,2.1324886554872413,1.325702321864176
2015-06-29,5.584117754294347,2.060642956250945,1.2700053456525715
2015-06-30,5.608375186432443,2.0726103203133674,1.2693341264244182
2015-07-01,5.649465656046501,2.0969273579474783,1.2780312959278797
2015-07-02,5.660243251030577,2.099629971039574,1.281644311169979
2015-07-06,5.63756926395184,2.087533157257719,1.257023941678857
2015-07-07,5.6593817666466935,2.089418172656901,1.260360515824119
2015-07-08,5.554275006160048,2.0367801298608867,1.2211099772821572
2015-07-09,5.549122912192721,2.039686698031339,1.2125017413137722
2015-07-10,5.646930998085255,2.085734282984715,1.2371715183243808
2015-07-13,5.76909576193873,2.1429459905561927,1.2646449913066615
2015-07-14,5.829924629453327,2.1676325573100623,1.2824044639332084
2015-07-15,5.825462291071367,2.1629957900232077,1.273549431379679
2015-07-16,5.947299353679646,2.21644432342718,1.2799266165778604
2015-07-17,6.093942218810216,2.288500567769748,1.291940597218789
2015-07-20,6.105329147629556,2.3019696753474834,1.284398599622164
2015-07-21,6.100995861842622,2.2962504734654,1.2877746997830153
2015-07-22,6.023046379742189,2.2597172057345354,1.2652077550042335
2015-07-23,5.987509642520337,2.244052759376802,1.2819800412902005
2015-07-24,5.929972705003103,2.223967300228209,1.2514066682316152
2015-07-27,5.905234981162041,2.1971355123507754,1.228543519348201
2015-07-28,5.966890174790585,2.220471423164,1.2507255674995643
2015-07-29,5.9985535395817005,2.238050176006672,1.2657702776895157
2015-07-30,6.049627503785352,2.2576924535954874,1.2825524454793795
2015-07-31,6.035689897541614,2.2484108640115354,1.2693341264244178
2015-08-03,6.043871625850714,2.247965745677551,1.2676658393517868
2015-08-04,6.039869144915915,2.2472113906309747,1.2594721445225128
2015-08-05,6.106345767677397,2.280460977041206,1.2841913290526086
2015-08-06,6.021704274527741,2.23483693978369,1.256184736884448
2015-08-07,5.996942575280985,2.2220843390224183,1.2639932940740128
2015-08-10,6.072929040719269,2.251864413272482,1.30501093472758
2015-08-11,6.0209781575510535,2.2201915347679173,1.2633121933419624
2015-08-12,6.04728890319578,2.228364049763022,1.2674388057744364
2015-08-13,6.036780498147866,2.223839402809211,1.2546249053423977
2015-08-14,6.053684062690258,2.234561854836877,1.2593338034679484
2015-08-17,6.107725199505955,2.259003409202417,1.2759482267038469
2015-08-18,6.070897004537198,2.2468275602170635,1.252028720952571
2015-08-19,6.028739008889075,2.2266275712638506,1.2297873837778228
2015-08-20,5.836969020890862,2.1307349222929197,1.1631621872925542
2015-08-21,5.532228233550013,1.9950973401799224,1.0951747893431838
2015-08-24,5.280087895999015,1.87646662849664,1.0241465393286036
2015-08-25,5.234761002775267,1.86200203878362,0.99719642453445
2015-08-26,5.584210591414164,2.013741613328256,1.0890738042295491
2015-08-27,5.744085755516748,2.093538009375403,1.1508322395391986
2015-08-28,5.7416701328668,2.0970413538207504,1.1537641540492474
2015-08-31,5.662476215144416,2.0587425532361494,1.1403679679241323
2015-09-01,5.44539878053472,1.9607848395416063,1.075717144120024
2015-09-02,5.624480523975295,2.0432832540803787,1.1177318526180686
2015-09-03,5.589995052569897,2.025048593047182,1.1252049206997023
2015-09-04,5.506689524262085,1.988319271141906,1.0909594843879231
2015-09-08,5.700932961393172,2.0751008715459665,1.1630633722535806
2015-09-09,5.62539946671507,2.04705931008628,1.1338823271953693
2015-09-10,5.691433331713578,2.076057195878429,1.1476041209245182
2015-09-11,5.739092032056069,2.095285709510744,1.153240916367265
2015-09-14,5.710803209206104,2.0845506941244687,1.150555798442361
2015-09-15,5.79724469317092,2.1202767723876885,1.1748505603294488
2015-09-16,5.832080292339769,2.141274759896959,1.1882366239383764
2015-09-17,5.846055200609568,2.1488331473437894,1.172767491105417
2015-09-18,5.74478648515407,2.1063460099832603,1.1387095623553989
2015-09-21,5.767883521792624,2.1163876381607696,1.145511411208879
2015-09-22,5.676204010515965,2.068637430949841,1.1037830253115688
2015-09-23,5.67432495176432,2.0672838787098646,1.0949376332496463
2015-09-24,5.6618634928219445,2.062662914121752,1.0926376529644517
2015-09-25,5.606101550655691,2.035389360060217,1.0912554474802652
2015-09-28,5.424201946770259,1.9460967666825284,1.0413926557770656
2015-09-29,5.40425074988158,1.930678886322994,1.044166707237046
2015-09-30,5.564711243047345,2.0070666510269586,1.107455329577053
2015-10-01,5.582485768167432,2.016825645653042,1.0941381954831173
2015-10-02,5.693848395707681,2.0733938551054294,1.1348497505281547
2015-10-05,5.8136780062567865,2.1232477969960226,1.177940337889566
2015-10-06,5.7840301654848405,2.103953408078402,1.1841398970298846
2015-10-07,5.8322053259486735,2.1161612352105443,1.2012973209555602
2015-10-08,5.860655574730567,2.123788116541485,1.217269928462707
2015-10-09,5.89255010825199,2.1395830756902208,1.2244467924397089
2015-10-12,5.921782994766032,2.152240447933239,1.2275760960154152
2015-10-13,5.883981327355693,2.1345011914223515,1.2075559281069732
2015-10-14,5.881026862967229,2.13207385497423,1.2375665374679867
2015-10-15,5.975095648691073,2.1803485188582066,1.2481787906292243
2015-10-16,6.005971250934763,2.1963118051788517,1.2539536861142446
2015-10-19,6.047047820773722,2.215592025814841,1.2583466171273687
2015-10-20,5.994468030031275,2.1875940198146746,1.249718618151189
2015-10-21,5.957088287626799,2.168633909220797,1.24025165539289
2015-10-22,6.102118922407077,2.235551743382254,1.3054946463939725
2015-10-23,6.337882559534183,2.336404471515685,1.340065931322076
2015-10-26,6.369847528421784,2.3538802231304854,1.323451749098468
2015-10-27,6.3701294869728775,2.3566177561162567,1.3253273067406544
2015-10-28,6.433851616532621,2.3866649392735577,1.3441233732272688
2015-10-29,6.433553110488753,2.3837719581139534,1.3029478695236332
2015-10-30,6.39565201689404,2.367733829113906,1.3165906112216033
2015-11-02,6.47437611631642,2.406292641459129,1.3361270674636527
2015-11-03,6.501629425876913,2.414955204489708,1.3440640842038842
2015-11-04,6.515500814851131,2.428873852805786,1.341132169693836
2015-11-05,6.507816063685949,2.4340222039547026,1.3312701877919308
2015-11-06,6.533219743121447,2.4392299273138054,1.3590791498821435
2015-11-09,6.452687051582621,2.402512332769448,1.332227729620819
2015-11-10,6.43723457270932,2.398426468294226,1.312365424762445
2015-11-11,6.448156719902098,2.405933442237739,1.3065312402540403
2015-11-12,6.36994992047456,2.3705900554663244,1.280489380275433
2015-11-13,6.2290367794751,2.301392174072252,1.2412783677490604
2015-11-16,6.327501705141708,2.3456043062631204,1.2716244662180056
2015-11-17,6.328109012619328,2.348670218223172,1.275543567068634
2015-11-18,6.472112689849645,2.415877217007085,1.300835155787909
2015-11-19,6.486581453689444,2.4191432959407164,1.305909428545374
2015-11-20,6.55098278130843,2.4445489389300192,1.3152778172769888
2015-11-23,6.544268940406967,2.4403884592770924,1.302868817492454
2015-11-24,6.527030569832933,2.431139784402991,1.3166894262605773
2015-11-25,6.528451029333249,2.433546065878632,1.3143793234591952
2015-11-27,6.542658490067503,2.441951097316521,1.3234616306023654
2015-11-30,6.504128116724532,2.42908588833051,1.342928916317133
2015-12-01,6.603177210939089,2.4750488477902226,1.3706983523917555
2015-12-02,6.559859784483139,2.453182234336491,1.3530673393158752
2015-12-03,6.429899872823,2.394481886016097,1.324942410113236
2015-12-04,6.607784082863563,2.4704116897163217,1.3682106235325104
2015-12-07,6.556829674755378,2.449154706280557,1.3500069652551605
2015-12-08,6.567961558416721,2.452182577442928,1.3490889494418616
2015-12-09,6.448178787774914,2.397838756327424,1.3129775959795036
2015-12-10,6.46894852479154,2.4090590058169603,1.3222866956877342
2015-12-11,6.3064560124158975,2.32936501602898,1.2731642937399696
2015-12-14,6.377594310190209,2.3622876853774444,1.2679519209402312
2015-12-15,6.417573982831706,2.382465273618422,1.2979625303012448
2015-12-16,6.528591566196272,2.437329497567214,1.322109069629871
2015-12-17,6.4303013295755225,2.3945763433302227,1.2832730722270198
2015-12-18,6.291920208572743,2.3330196529460747,1.2453355686419625
2015-12-21,6.359641616382078,2.363418443201492,1.275750837638189
2015-12-22,6.406586815024315,2.3818378137525777,1.289561564902415
2015-12-23,6.455301642446374,2.400309290456446,1.3065114772462447
2015-12-24,6.450240273880231,2.398842400665185,1.309196595171148
2015-12-28,6.471217022293136,2.4067472286313936,1.3054551203783826
2015-12-29,6.592939667440467,2.461751561685705,1.33533727018873
2015-12-30,6.532125406673487,2.433614108396662,1.315642950896612
2015-12-31,6.425887573171454,2.388507222274394,1.282838768080114
2016-01-04,6.266163464537303,2.3124746511242598,1.2487709578261983
2016-01-05,6.23791089667116,2.3051955687808894,1.241919942465521
2016-01-06,6.177010558469256,2.277926442083845,1.1946632166560454
2016-01-07,5.953392827518406,2.1718537232172075,1.1260243624863169
2016-01-08,5.895457495251304,2.147151909172738,1.0964579387761062
2016-01-11,5.938033598375959,2.16105802439475,1.0919269077207088
2016-01-12,6.012316643422463,2.1948937838961786,1.1182056827805642
2016-01-13,5.770071026443164,2.0798743870581013,1.051718827349859
2016-01-14,5.909470300120265,2.145044204637646,1.091946670728504
2016-01-15,5.692324133060338,2.0427450419462283,1.0132777285844692
2016-01-19,5.705798065843173,2.047624850100153,1.0066142207855524
2016-01-20,5.69344801085224,2.0389850105652467,1.0038007638161277
2016-01-21,5.708441579518707,2.046121132962089,1.0129518799681447
2016-01-22,5.888804884333516,2.131229820043293,1.0562696214130516
2016-01-25,5.792823418115243,2.088871503203207,1.0184406938647208
2016-01-26,5.843229787935275,2.110872731879934,1.0469209956892316
2016-01-27,5.680258198537446,2.0307113861593704,1.0107110682001896
2016-01-28,5.792669889480966,2.1001127217141917,1.0271377428620374
2016-01-29,5.905282920713272,2.1585778239422084,1.110189855021444
2016-02-01,5.904755164555121,2.1659620754131748,1.117949004691522
2016-02-02,5.768158263494919,2.098464565549285,1.0538313000732935
2016-02-03,5.7111634707146965,2.067684093059255,1.0652135875016584
2016-02-04,5.700504976820317,2.062608545747101,1.0843846691117935
2016-02-05,5.469026909990912,1.9465508369996212,1.0110664408220609
2016-02-08,5.3880617390229135,1.8956466649020127,0.9543525132520388
2016-02-09,5.367730503340904,1.8867430911413403,0.9351122611146214
2016-02-10,5.39594048068236,1.9015860030061087,0.9516673953271352
2016-02-11,5.405957035842899,1.905412396809136,0.9450729375493552
2016-02-12,5.493970293019831,1.9474190182106672,0.9870876460474
2016-02-16,5.635890818516234,2.0111612556201584,1.0445024373572678
2016-02-17,5.785887926534139,2.085234683983757,1.0891232117490368
2016-02-18,5.712489168532819,2.0494032477989603,1.081294891551677
2016-02-19,5.730862618612725,2.058730803433904,1.093121364630845
2016-02-22,5.834740656463568,2.112432086830804,1.1259848364707277
2016-02-23,5.721024257188875,2.0612732955800293,1.0835457053296746
2016-02-24,5.779789857296722,2.089321491735708,1.1075835481154297
2016-02-25,5.848439972314164,2.121495552951725,1.1299039373213562
2016-02-26,5.827889273480617,2.118194136845541,1.1376139204842377
2016-02-29,5.776701359835088,2.096491269869444,1.1254319542770532
2016-03-01,6.000063578312928,2.195351608287967,1.192057150762322
2016-03-02,6.00686996254923,2.197431512390122,1.1986020805144697
2016-03-03,5.985359826504624,2.1891601431040737,1.1997967784368957
2016-03-04,5.99525564038159,2.1927093243336104,1.2120872001746612
2016-03-07,5.937012813088896,2.1643524909226763,1.219392282690039
2016-03-08,5.883615200347709,2.140573624248006,1.1778318823589848
2016-03-09,5.927646534467352,2.1627576900039465,1.201692099086876
2016-03-10,5.932477894868277,2.1608717246337417,1.2032321676211306
2016-03-11,6.047182921452289,2.21795392271672,1.2481886721331217
2016-03-14,6.061871709411425,2.2253228748202094,1.2400246218155395
2016-03-15,6.072314546894713,2.22930436094326,1.2316137749128129
2016-03-16,6.123059946595356,2.257285420033299,1.255513517656294
2016-03-17,6.118317081367025,2.254124131893335,1.2677545318745729
2016-03-18,6.122552336970136,2.2597739339265206,1.2940631924584105
2016-03-21,6.151084157514313,2.2736110096193487,1.3004700221682848
2016-03-22,6.167108113902798,2.280824821218824,1.3084562054157134
2016-03-23,6.122012275266797,2.258352242140555,1.2728288046320384
2016-03-24,6.126586480161027,2.263195547417333,1.2684062291072222
2016-03-28,6.112376671672197,2.257749500991974,1.2651978735003362
2016-03-29,6.226650945050226,2.312219518255847,1.29463559664759
2016-03-30,6.272201388116142,2.329270646179249,1.307903564234329
2016-03-31,6.250674363108073,2.3212397737055084,1.312079343174
2016-04-01,6.326335337476561,2.356979346429491,1.322849459385306
2016-04-04,6.297648700852852,2.341507204092149,1.3084858499274057
2016-04-05,6.232889702321875,2.313086877736243,1.2810815474724064
2016-04-06,6.344720263227907,2.366184473779135,1.309127665656157
2016-04-07,6.230968785002383,2.317437331472491,1.27339132731732
2016-04-08,6.241046744007346,2.3146585049878565,1.2792059898302202
2016-04-11,6.222566430855909,2.30460082677018,1.2757804821498815
2016-04-12,6.279316736616535,2.332653850317702,1.275030210890549
2016-04-13,6.374405891179351,2.3773715236650568,1.3175975605699777
2016-04-14,6.378461510028431,2.378693198656551,1.293776869857676
2016-04-15,6.373361404838296,2.373302431753086,1.2775080582458966
2016-04-18,6.4212232302077465,2.391070118052756,1.2895516833985172
2016-04-19,6.345819060328232,2.3658584059061023,1.273401208821217
2016-04-20,6.349887089758948,2.367585839988668,1.285612819540094
2016-04-21,6.342656872814942,2.3649599029587,1.280785343367774
2016-04-22,6.200253799117936,2.3030397074671334,1.264891787891806
2016-04-25,6.211205288633193,2.3051137163023423,1.2643389056981316
2016-04-26,6.172939788945,2.2837377543084605,1.283559394827754
2016-04-27,6.112257825172092,2.257809654997656,1.2933719692101722
2016-04-28,5.997870122262986,2.226853788032652,1.2502220928253762
2016-04-29,5.998875075386369,2.229271841610229,1.2025409443728927
2016-05-02,6.082594321793693,2.2624422196429177,1.2067858938398457
2016-05-03,6.012198867238845,2.227040839966589,1.1790658652847097
2016-05-04,5.969805091094422,2.2076877736819083,1.1620072563980082
2016-05-05,5.966639254662072,2.2039014955192338,1.1627081201378535
2016-05-06,6.016748399728327,2.2276708884173946,1.1696678320414025
2016-05-09,6.039600498078257,2.2314527002427407,1.1687891012314036
2016-05-10,6.158249686479261,2.280936548509156,1.1983454024254263
2016-05-11,6.103536625076334,2.2556705214731525,1.1825407804845351
2016-05-12,6.07657810615979,2.2438727551340785,1.168147526514942
2016-05-13,6.048819753686923,2.2336064020502127,1.174751745290474
2016-05-16,6.138683903452954,2.2717095541077543,1.208296317862407
2016-05-17,6.03849721247438,2.231997004324193,1.1960157776285385
2016-05-18,6.064865670359465,2.2486342603570164,1.2179312661869617
2016-05-19,6.03210808920694,2.232024568977423,1.207585572618664
2016-05-20,6.108251346753444,2.267382459967971,1.2535786709907215
2016-05-23,6.100749174774618,2.258165144221797,1.25928463696075
2016-05-24,6.246648843696585,2.32520946026826,1.318505935891667
2016-05-25,6.306022574404771,2.3482918239121995,1.3244191724312513
2016-05-26,6.324632566288337,2.3593781393232818,1.334132931774695
2016-05-27,6.362089072161782,2.3776694632840334,1.3521787270019767
2016-05-31,6.392479917941855,2.3870605453429263,1.3613596081718309
2016-06-01,6.387888227657954,2.381564230053166,1.36295872471718
2016-06-02,6.398693059549089,2.3869049759349865,1.367154266664646
2016-06-03,6.3639677649665405,2.370050600073081,1.353511524966676
2016-06-06,6.382976894454837,2.378424855998799,1.3532054393581467
2016-06-07,6.371427523170492,2.3723451860379208,1.3659894542662028
2016-06-08,6.388587758776812,2.3777904284498645,1.3679539454434655
2016-06-09,6.380031528273004,2.37120936890784,1.3644199822325458
2016-06-10,6.303074551306089,2.328772050539513,1.3240834423110297
2016-06-13,6.245744146113075,2.2986824659493057,1.3133723741108176
2016-06-14,6.249995058737292,2.3006648493737623,1.3174495790238048
2016-06-15,6.226745262968748,2.290188435518953,1.3144979015059612
2016-06-16,6.247589345462052,2.299705789433838,1.3215265429245018
2016-06-17,6.1613806355059655,2.261484667989225,1.3038263593213393
2016-06-20,6.203268779108758,2.283633885318096,1.3309146946639117
2016-06-21,6.226307872802151,2.2955848389847286,1.346028575381145
2016-06-22,6.210529325822457,2.283673164480626,1.3382889477065714
2016-06-23,6.316489706927643,2.3306219689550947,1.394963469767149
2016-06-24,6.022754868670912,2.198835286628229,1.2734308533329075
2016-06-27,5.894181578262129,2.1369191272384387,1.1895496588952796
2016-06-28,6.03571965632583,2.206623089417998,1.2449012644950552
2016-06-29,6.151629436561829,2.2611479613246592,1.2979921748129355
2016-06-30,6.243898682005734,2.300299222152598,1.336976153761957
2016-07-01,6.280364859841581,2.31588080878564,1.3202038674759908
2016-07-05,6.246937120356983,2.2996924847737046,1.2875180216939714
2016-07-06,6.296525824699489,2.323291071683196,1.2996011728621824
2016-07-07,6.3227113228191705,2.334022877080144,1.3216451209712723
2016-07-08,6.437974755019889,2.3838141227413243,1.3686548091833126
2016-07-11,6.483398723763704,2.4098362794239345,1.3890502332275665
2016-07-12,6.529230934378248,2.427438045152661,1.4302059739234072
2016-07-13,6.512716005953955,2.4167342037757407,1.4323876171741232
2016-07-14,6.562768488606777,2.4368082669199578,1.4429504628158738
2016-07-15,6.5530377721923765,2.431368635718408,1.436326481032547
2016-07-18,6.598005980425709,2.457100767548457,1.4585974627189864
2016-07-19,6.566487592896223,2.444616538414988,1.4490020404100212
2016-07-20,6.664396547020032,2.4888917784804465,1.4804833067657173
2016-07-21,6.639508661277465,2.474212946271733,1.4645106992585704
2016-07-22,6.6741615773372045,2.49069520878782,1.4795257649368296
2016-07-25,6.673274746377637,2.4926642461452304,1.4871764590763266
2016-07-26,6.679433293891516,2.496400825617474,1.544502437357262
2016-07-27,6.725132140482808,2.5201889399737194,1.531106251232147
2016-07-28,6.75879554512472,2.5370129916927384,1.5326858457819914
2016-07-29,6.7965393671307135,2.5491309138049583,1.5133764231172924
2016-08-01,6.844124969079945,2.568259820282473,1.5166638307553573
2016-08-02,6.791501413813013,2.541006652862692,1.4782621374994118
2016-08-03,6.805971527462558,2.5472246125678604,1.4915496270816555
2016-08-04,6.827396135603576,2.5608308755308715,1.509032899623655
2016-08-05,6.920343427256428,2.6006071220270472,1.5464372840228329
2016-08-08,6.910853694936039,2.596445153544596,1.5432585729276391
2016-08-09,6.930103539969508,2.60142527448787,1.5488854868664887
2016-08-10,6.910890273092472,2.5922588082379217,1.5375427254537133
2016-08-11,6.942610813427338,2.605511067316677,1.556427725475404
2016-08-12,6.945054098250265,2.6086928765966504,1.5715018391647575
2016-08-15,6.976218869616417,2.621671984580773,1.599370331290645
2016-08-16,6.937584455884349,2.602791267789213,1.5890342782139544
2016-08-17,6.946983407751988,2.609576079621377,1.5840788245155486
2016-08-18,6.954584895697916,2.6123805018403474,1.610160210509746
2016-08-19,6.95073788570496,2.60968910109148,1.6314341243517083
2016-08-22,6.951267427554447,2.611930855715744,1.6267054632183626
2016-08-23,6.97079180226679,2.621270500238498,1.6416612398732373
2016-08-24,6.920997676656822,2.596947666317361,1.618195801276662
2016-08-25,6.9183442059140505,2.5959145433558133,1.6281071906980538
2016-08-26,6.932124355907758,2.605571708438388,1.6529251902671231
2016-08-29,6.940668204982721,2.610947535097513,1.6595294090426551
2016-08-30,6.914784099515001,2.597763915460757,1.651651681325808
2016-08-31,6.904517623074894,2.593521974670224,1.64457339137549
2016-09-01,6.924111598387556,2.601607904685086,1.661474137212123
2016-09-02,6.94734557674686,2.6118274202261267,1.6659164757447336
2016-09-06,6.993283949790027,2.6407270556030675,1.6816818126823252
2016-09-07,6.993709704680024,2.6407916322658265,1.6864895258468504
2016-09-08,6.943648119370935,2.619226189714544,1.6733598993146752
2016-09-09,6.743589067689984,2.52725536593204,1.5976328736907313
2016-09-12,6.878713535994554,2.588784701580172,1.644524224868293
2016-09-13,6.812518492063416,2.55639230113464,1.6173963635101312
2016-09-14,6.8501324835896105,2.572405990298766,1.629607733216718
2016-09-15,6.982190835642713,2.6289084247791688,1.6760351357356815
2016-09-16,6.9828244705107885,2.6305825961335745,1.669450679967944
2016-09-19,6.94323266815064,2.6157428027111185,1.670131780699995
2016-09-20,6.966519288684796,2.623551366905543,1.662895627699609
2016-09-21,7.042795227017056,2.661655952045672,1.710863098752827
2016-09-22,7.104178775220392,2.689224383875523,1.7190960785854004
2016-09-23,7.060035245083203,2.6675150249419497,1.6953937249075772
2016-09-26,6.992220410913081,2.637336497693525,1.6749194898444348
2016-09-27,7.088367279332102,2.6788494492339034,1.7146243365533875
2016-09-28,7.106107661886112,2.687650211589584,1.7177931661446837
2016-09-29,7.049308759557901,2.661575351569404,1.7195306237445966
2016-09-30,7.109698964953843,2.687979944067629,1.7395112656374492
2016-10-03,7.089554220598581,2.6855941102645677,1.735019519585351
2016-10-04,7.074512295708606,2.6803927110056875,1.733992807229181
2016-10-05,7.112149599440109,2.6949301552637053,1.7533714004211625
2016-10-06,7.112026570376161,2.6916921137359853,1.7561353293649553
2016-10-07,7.099165206661329,2.684758227041245,1.7484945167293555
2016-10-10,7.143460796873304,2.707979056318967,1.752650532661232
2016-10-11,7.02127714723694,2.6533205126117183,1.698523269495575
2016-10-12,7.017580498615878,2.652860095424463,1.69470274267163
2016-10-13,6.991327850550396,2.6388111002475867,1.6768249330106042
2016-10-14,7.006753369945754,2.6433397620631123,1.683715474386871
2016-10-17,6.982231194817946,2.6318545578356587,1.6739520665116498
2016-10-18,7.070590503247768,2.670989566257896,1.701158979900991
2016-10-19,7.054937723189662,2.668576504109896,1.6996485558784284
2016-10-20,7.038832901060605,2.6616924479363178,1.707575691114763
2016-10-21,7.079639430249085,2.682153968852256,1.7039231498570744
2016-10-24,7.182974778420356,2.7311700686250804,1.7429861808372755
2016-10-25,7.1544173134083575,2.7156626904305767,1.7336276736095582
2016-10-26,7.101224988044443,2.6897966847278183,1.7390473169788518
2016-10-27,7.053534874757615,2.667043094238684,1.7354340607244625
2016-10-28,6.9862061765126535,2.643257254709701,1.7343875853604978
2016-10-31,6.978710746374992,2.6394745076034143,1.7403403479156716
2016-11-01,6.923400906461721,2.6101448462555226,1.709342793226368
2016-11-02,6.861604179647125,2.575912154507821,1.67779235634339
2016-11-03,6.808276949722713,2.540729172197848,1.664248188672104
2016-11-04,6.7697081828775865,2.5279829031557903,1.648472970230615
2016-11-07,6.981586056309204,2.6184852120390856,1.7236569951647818
2016-11-08,7.03438010460526,2.643400667260948,1.7318408084901584
2016-11-09,7.0345125055776805,2.6415581639467707,1.7247528780482333
2016-11-10,6.889020764314766,2.5726447412424305,1.6847125422313494
2016-11-11,6.918926884941742,2.581003986082012,1.7257203013810187
2016-11-14,6.828629090238637,2.534730248803988,1.703893505345382
2016-11-15,6.947692055963137,2.590751175209209,1.7440917042123345
2016-11-16,7.009617073834072,2.6125610481025854,1.7628877706989483
2016-11-17,7.061618755726174,2.640414723331676,1.7916542746180486
2016-11-18,7.039826653514117,2.627794234140376,1.7895319203907172
2016-11-21,7.122398753670822,2.6702940089585216,1.8127802069138397
2016-11-22,7.160179527381459,2.685229666411024,1.820351849022157
2016-11-23,7.11981585282529,2.6678306867127115,1.8115956315076012
2016-11-25,7.146774238282164,2.681053042953358,1.8219017990603092
2016-11-28,7.123374201291565,2.6710486095831043,1.8230666114587533
2016-11-29,7.142467180203319,2.6797401997419383,1.823619493652428
2016-11-30,7.039898413433896,2.6319475913022883,1.803105732573696
2016-12-01,6.905933471559565,2.56869785959566,1.700379064129966
2016-12-02,6.923277253733449,2.5745377468399853,1.726825824756077
2016-12-05,6.99321379359496,2.609556663365265,1.7566289225352447
2016-12-06,7.014749566676182,2.6189927020857966,1.7723154484539472
2016-12-07,7.13849324751429,2.6739892353524466,1.835100355107476
2016-12-08,7.146725925476696,2.679900510590407,1.8429879643282203
2016-12-09,7.214458302673195,2.7060099439197542,1.8397205607102405
2016-12-12,7.198107378711088,2.6920378183151894,1.81752863105498
2016-12-13,7.297176382693056,2.739967575087049,1.8524354050910143
2016-12-14,7.276577487234249,2.7308836951650166,1.8442417102617403
2016-12-15,7.30150399132579,2.7378969066545245,1.8694643694660236
2016-12-16,7.263382644839805,2.722515066819039,1.8391083894931808
2016-12-19,7.31856746967307,2.742581881938291,1.8586744902469232
2016-12-20,7.349624771927717,2.7571737973562693,1.871952098325269
2016-12-21,7.340005098897002,2.7533086704233063,1.872050913364244
2016-12-22,7.323252721986959,2.7415570503745204,1.8739561155181228
2016-12-23,7.329470957446624,2.745492494542194,1.8846078946949496
2016-12-27,7.377008655902269,2.768200197777035,1.9047760441495627
2016-12-28,7.305343975334267,2.737907523082848,1.8691780468652897
2016-12-29,7.29192523082857,2.730085470972785,1.8648740493872424
2016-12-30,7.190762717902743,2.685813706560724,1.8319414070200777
2017-01-03,7.264094832206897,2.721996511676637,1.8553277935854744
2017-01-04,7.293904467337224,2.742736748323197,1.8650121494295164
2017-01-05,7.332896505077208,2.7662333921720177,1.870885859953511
2017-01-06,7.406465304420607,2.799428100320766,1.8926336039579683
2017-01-09,7.433904402283689,2.8146781628425246,1.910472128615695
2017-01-10,7.450215397947497,2.824298328579737,1.9220023975902305
2017-01-11,7.476907937405686,2.8371275834746146,1.9364055330637204
2017-01-12,7.466123653887999,2.832868967851003,1.92382878872522
2017-01-13,7.491342141117142,2.848065282909579,1.9410156161502967
2017-01-17,7.457780244894742,2.8343487302930543,1.920580907102744
2017-01-18,7.47860674595116,2.843663561451369,1.943434174482261
2017-01-19,7.469994278962766,2.8429395241642963,1.936691855664455
2017-01-20,7.506028642612243,2.854604063176167,1.9639676985687875
2017-01-23,7.513979184911538,2.8654268007824637,1.9593773784900053
2017-01-24,7.581557929706046,2.894647679861038,2.006791967349549
2017-01-25,7.67444660426165,2.934434992506276,2.0473355368283306
2017-01-26,7.677809881469294,2.9412410459773293,2.025607555831668
2017-01-27,7.696160985215473,2.94723833971116,2.058944857834046
2017-01-30,7.617383112346991,2.912977233511147,2.043209165408147
2017-01-31,7.579375464450642,2.898193696565471,2.029694642248553
2017-02-01,7.629941173359869,2.924361318475625,2.0425280646760964
2017-02-02,7.635086642717683,2.919892554371073,2.0542263192168884
2017-02-03,7.646295717623017,2.924235619887722,2.073772415950545
2017-02-06,7.651257691410024,2.9301771914330685,2.0742956536325274
2017-02-07,7.689877174588954,2.945575672950525,2.0916899926394508
2017-02-08,7.701504992215717,2.9588662615316763,2.090060990570119
2017-02-09,7.725020272968878,2.970523686721509,2.090278142643572
2017-02-10,7.742359016315836,2.978481829631375,2.0851942293945
2017-02-13,7.799335123540004,3.0031839609451687,2.1029537020210465
2017-02-14,7.826423390713833,3.013122949763336,2.0943257030448668
2017-02-15,7.873969176435075,3.0321551318428623,2.114464207987788
2017-02-16,7.869698622195251,3.032439523771429,2.134504138904025
2017-02-17,7.907337101229379,3.0493176326618565,2.1454521221854845
2017-02-21,7.954841350067957,3.0707816611629664,2.165265019524371
2017-02-22,7.944860937422256,3.0740114633091604,2.168887916270368
2017-02-23,7.91124220326116,3.054242573905656,2.1470611202347305
2017-02-24,7.932880088902158,3.0593900890245385,2.1558274602654737
2017-02-27,7.942408420601914,3.063319146559293,2.162461323552698
2017-02-28,7.912103311177965,3.051276594135332,2.1466959866151063
2017-03-01,8.01531941089818,3.095640160110639,2.192175728809079
2017-03-02,7.968410236716432,3.074347095651428,2.166706273019651
2017-03-03,7.983124929910328,3.082321726999793,2.172688680086517
2017-03-06,7.958490841332571,3.0710211286670583,2.165630153143994
2017-03-07,7.951566384362573,3.0664125969463125,2.1634386283893807
2017-03-08,7.968990814340945,3.0746779806008995,2.1695097279790336
2017-03-09,7.975140166219166,3.0771424990910203,2.1652353750126783
2017-03-10,8.015993554367107,3.094977353228513,2.190665304786517
2017-03-13,8.023321683504703,3.1022936175683204,2.216312386633808
2017-03-14,8.004955357485578,3.0955914380973164,2.2013072024594464
2017-03-15,8.06221222676345,3.119609155508214,2.223814858214844
2017-03-16,8.048967440388514,3.1177525200675182,2.223686639676468
2017-03-17,8.046697835653974,3.11846804759025,2.231060892719128
2017-03-20,8.061686752841224,3.1249892932592616,2.237122110804883
2017-03-21,7.924784495772688,3.0603874806155997,2.17271808358592
2017-03-22,7.985474848860681,3.088690395681799,2.203133352582147
2017-03-23,7.953230184371861,3.077657788721204,2.201741506606353
2017-03-24,7.965543021246367,3.086672049680436,2.218434740861141
2017-03-27,7.979517148096834,3.0945218025845085,2.220132672445464
2017-03-28,8.032695122672562,3.1206655960866323,2.23246262019882
2017-03-29,8.087354385138195,3.14428789400706,2.2349503490580656
2017-03-30,8.102800847411109,3.1505959023904677,2.2412091972217687
2017-03-31,8.105997200884419,3.150210906095096,2.233558503082272
2017-04-03,8.101620746456017,3.154226762007617,2.2210608107749503
2017-04-04,8.120310266662159,3.160943083448233,2.217625180578424
2017-04-05,8.084970175150879,3.1452263098918056,2.202205455264952
2017-04-06,8.086473429501776,3.145111981113091,2.211870048101199
2017-04-07,8.078070462968,3.141685000815448,2.2213468923633948
2017-04-10,8.07754463714564,3.146066120978156,2.2144761139949227
2017-04-11,8.04659792241093,3.128472557839335,2.2026990484352416
2017-04-12,8.00845397638035,3.110993158466697,2.1717210157414426
2017-04-13,7.96193648522339,3.0934054453943496,2.162066545421383
2017-04-17,8.047595157723102,3.1322928126499976,2.188295912961751
2017-04-18,8.040898413124632,3.128543587514562,2.1898162184882115
2017-04-19,8.0466125113664,3.134430795026261,2.2094907747725343
2017-04-20,8.120791615060417,3.1665138829727164,2.2434402479919715
2017-04-21,8.122704699451786,3.1681343890216604,2.235670975805706
2017-04-24,8.240472780645762,3.221907300086692,2.283786428405095
2017-04-25,8.30619990187604,3.2557346755619623,2.312256969231854
2017-04-26,8.29200400685682,3.24949681456631,2.274625310243036
2017-04-27,8.34915643344038,3.274346989867885,2.305948954560954
2017-04-28,8.374582947427832,3.287961566899948,2.2940137849389144
2017-05-01,8.455484813344466,3.3310632204885424,2.3215957134517766
2017-05-02,8.485727729053085,3.340211750925195,2.3228099333697068
2017-05-03,8.478133444756093,3.330781868860874,2.3186835619495225
2017-05-04,8.489915025766022,3.3292478302005213,2.3199076633713505
2017-05-05,8.514937150133067,3.34330143370103,2.3361764749831297
2017-05-08,8.543708469619764,3.360094525341874,2.3348733215301225
2017-05-09,8.574198576994508,3.3768869198271565,2.351537152285508
2017-05-10,8.595240464045855,3.386575640801957,2.3833936747770155
2017-05-11,8.58726041377832,3.381418392110927,2.3787734691742517
2017-05-12,8.61506094474659,3.395689673331466,2.3796620814881475
2017-05-15,8.65763597002124,3.4097182575221296,2.4157929569460097
2017-05-16,8.708094196183875,3.433139852665436,2.439821159240157
2017-05-17,8.46493110017903,3.3193800156798776,2.3316256809199367
2017-05-18,8.548553518846981,3.361768861937437,2.3566704730540664
2017-05-19,8.593689856070533,3.383163093359556,2.3964837752936003
2017-05-22,8.685517977944118,3.4227006356540395,2.437244737858125
2017-05-23,8.705477177101194,3.4262887942001417,2.430778619124866
2017-05-24,8.759227701811364,3.451933560693284,2.4488145328482505
2017-05-25,8.846652611602728,3.493867006560394,2.475310459981559
2017-05-26,8.871929383322577,3.505661991212083,2.4759226311986176
2017-05-30,8.892115222774757,3.514278514045955,2.493306847689353
2017-05-31,8.882882864542808,3.5078759985564387,2.488045308382417
2017-06-01,8.915220222930945,3.523602909726291,2.4982526608961515
2017-06-02,9.033954301139303,3.575379504029291,2.5293097456211298
2017-06-05,9.037112412750211,3.577448148378891,2.5270885763548243
2017-06-06,9.004732719235703,3.563460721565914,2.5328338273281523
2017-06-07,9.03992800126082,3.5830709021435734,2.554058333650627
2017-06-08,9.04845290679738,3.592031077619988,2.587484569188082
2017-06-09,8.786264185062123,3.4666561255614345,2.459308207962719
2017-06-12,8.718740048712071,3.437462529255481,2.4501372082967623
2017-06-13,8.800158547788941,3.478194603022684,2.47081895494175
2017-06-14,8.752610170983226,3.4565127450652837,2.4401865338720707
2017-06-15,8.701652453461124,3.432469855059966,2.4181228227551865
2017-06-16,8.676895025859286,3.4245139472283137,2.4120023156460477
2017-06-19,8.826901008246343,3.493108666518964,2.4730302427041595
2017-06-20,8.747542157183222,3.460919669469103,2.4364747035909984
2017-06-21,8.83542261905628,3.504865297068803,2.4849256452983197
2017-06-22,8.828353634963811,3.50347158961154,2.479348138878957
2017-06-23,8.862502836913295,3.522617187496566,2.505518458408231
2017-06-26,8.809285818164378,3.4953647490157627,2.474955207865833
2017-06-27,8.626078178990191,3.4070506520716,2.3963157897273453
2017-06-28,8.762228156629147,3.4714566583964723,2.4459317848454
2017-06-29,8.583884162598325,3.3901422436272703,2.3697309290589605
2017-06-30,8.56534426849758,3.3833119550945625,2.3569765586625966
2017-07-03,8.475332439752872,3.340037705808143,2.3174298160160025
2017-07-05,8.580988640146016,3.381763722924031,2.368408012598158
2017-07-06,8.50927281304662,3.343592694692531,2.3434914390024044
2017-07-07,8.615075650319021,3.3919725432208816,2.3885862845689587
2017-07-10,8.679257381858804,3.4255350846396846,2.420284702998108
2017-07-11,8.698049611548981,3.440680244998114,2.444954480008717
2017-07-12,8.81454292261899,3.496361490165042,2.493415544232225
2017-07-13,8.839258681563583,3.5052301492887903,2.485142797371772
2017-07-14,8.920725022586169,3.541215473046919,2.522251218678608
2017-07-17,8.927915801428306,3.540898027250553,2.5177989986421
2017-07-18,9.003223455313378,3.580600034070557,2.5317283039530944
2017-07-19,9.069051972541134,3.609318196899365,2.5594384510043326
2017-07-20,9.08003969795166,3.614024237482627,2.5602677742948443
2017-07-21,9.077659128602662,3.6147687623588176,2.538460741267002
2017-07-24,9.104935765964004,3.634518645329135,2.5407016735411023
2017-07-25,9.07811121961459,3.6230008293803015,2.5209579467294976
2017-07-26,9.109439489685863,3.641540904834295,2.5225177782715478
2017-07-27,9.023416136486125,3.61342102717904,2.476495276400087
2017-07-28,8.983598387067666,3.60644453566733,2.4714210036426225
2017-07-31,8.92133728956851,3.573220485524573,2.4561097338597317
2017-08-01,8.94426352713435,3.5850556557842017,2.469782361081684
2017-08-02,8.989778451303797,3.6018446976943777,2.4465439560624587
2017-08-03,8.937189377175429,3.586457648592612,2.441232768223746
2017-08-04,8.958786864113655,3.6015450371258773,2.44307892236653
2017-08-07,9.015511726290663,3.629679327398336,2.474994733881422
2017-08-08,9.001502884300718,3.6273071460022175,2.4650734629561324
2017-08-09,8.982147917559134,3.6192422888357614,2.4639775800726804
2017-08-10,8.772054845563389,3.515797878867388,2.3719323353174704
2017-08-11,8.84865336466557,3.5486595267548013,2.401903418662894
2017-08-14,8.992557435478261,3.6097492617527873,2.464885955394372
2017-08-15,8.999721466034151,3.612367789717688,2.4664554274280284
2017-08-16,9.023115003868408,3.6186622990804658,2.484570393182592
2017-08-17,8.82053002523413,3.52325605971438,2.40108397687628
2017-08-18,8.813567288772697,3.519891103957927,2.407866062721965
2017-08-21,8.797134532717278,3.514913486494274,2.403127520084722
2017-08-22,8.946763886609041,3.582301701370051,2.458864022311916
2017-08-23,8.910702207267168,3.5684803546553034,2.4542932242286386
2017-08-24,8.8784855728819,3.5532595469985626,2.4511738021568297
2017-08-25,8.856892767434454,3.5394960125510515,2.4486465472819945
2017-08-28,8.88163489202909,3.5487016593152267,2.454737650891732
2017-08-29,8.924089836362588,3.567761263093105,2.4639578170648853
2017-08-30,9.049354213769377,3.626357316388476,2.5111354908431816
2017-08-31,9.144094374151026,3.669968177318622,2.542814387276826
2017-09-01,9.144634346258195,3.6683682385293856,2.551620012310869
2017-09-05,9.050992979347477,3.62306346755202,2.513179034051624
2017-09-06,9.077455510883594,3.635738352522491,2.5212343878263344
2017-09-07,9.105211111933787,3.652174412152333,2.5383127597208306
2017-09-08,9.019415309668071,3.6093339883947,2.51186599909472
2017-09-11,9.124070585846306,3.664055039075503,2.5665760299780334
2017-09-12,9.151168381087407,3.675630032647218,2.586536908863091
2017-09-13,9.17227319974623,3.687143197634168,2.58544102597964
2017-09-14,9.11423392414126,3.660746272816974,2.5863985678085277
2017-09-15,9.146763354779496,3.674172456058552,2.615905702495353
2017-09-18,9.140191337982728,3.672112597919016,2.646172748933119
2017-09-19,9.15382655004568,3.681626068005314,2.6512368991743966
2017-09-20,9.128310636975948,3.6677635433725833,2.6097259063628298
2017-09-21,9.067690979873383,3.637121295666253,2.591887381705104
2017-09-22,9.063444697980238,3.629712774788663,2.6123319722565537
2017-09-25,8.962869542573706,3.568106618052245,2.559468095516024
2017-09-26,8.988946251790468,3.5805741411445764,2.5606823154339544
2017-09-27,9.096073169784791,3.626791682932164,2.620979734240528
2017-09-28,9.10148953271682,3.629181951676956,2.6295286811855285
2017-09-29,9.177769152186944,3.6655292614353874,2.665432764078331
2017-10-02,9.18590598166062,3.6675420118493447,2.67915455780748
2017-10-03,9.207490151386647,3.679265988329747,2.684179423045458
2017-10-04,9.22722772868141,3.683992343679586,2.685176490889936
2017-10-05,9.343975229842592,3.73805087117784,2.7047722361553697
2017-10-06,9.370394173121044,3.752207366494419,2.7221366896383103
2017-10-09,9.379099762048758,3.7529124156614433,2.732176538610369
2017-10-10,9.386744546734914,3.7596604768621056,2.7448024494560666
2017-10-11,9.431507741192537,3.778435309818605,2.7532132963587936
2017-10-12,9.42415009867865,3.774395315873578,2.7532627038782804
2017-10-13,9.46552566324288,3.79517010320986,2.7837666653972937
2017-10-16,9.498727865460044,3.812304712541909,2.7950503787989747
2017-10-17,9.500465036512894,3.815891895618268,2.7882188854338024
2017-10-18,9.485903736428163,3.809567802587291,2.8010327858658406
2017-10-19,9.458927517619784,3.788226195149704,2.8110229863061216
2017-10-20,9.511304471122,3.805385273167051,2.8417935074180747
2017-10-23,9.449079286995133,3.771685460543954,2.848417730213692
2017-10-24,9.479462958671242,3.785598474524484,2.861626167764756
2017-10-25,9.44016394180362,3.761756333576652,2.8356927633167297
2017-10-26,9.449761852724334,3.764122234274697,2.844360288308499
2017-10-27,9.83310844032674,3.931808249605803,2.8863255892870567
2017-10-30,9.848954126659926,3.93892551287242,2.8863552337987493
2017-10-31,9.884869081444036,3.958891983087335,2.916839432309968
2017-11-01,9.886491662338097,3.9598193439329705,2.889988012048643
2017-11-02,9.900522968650858,3.9510344974355593,2.891221994974368
2017-11-03,10.011743202089464,3.999435320036728,2.929662973233613
2017-11-06,10.035121223432462,4.01235432492646,2.958163158572064
2017-11-07,10.044824816663388,4.016860801402365,2.9496139706147737
2017-11-08,10.091836899273748,4.035077775470768,2.973168342746426
2017-11-09,10.01783033615536,4.005810438169144,2.9166815692599
2017-11-10,10.023125554697618,4.004355527491136,2.926069720999309
2017-11-13,10.034183642525864,4.0128639293913215,2.931489364368603
2017-11-14,10.017307044322202,4.000236926462386,2.931479482864705
2017-11-15,9.945643633806911,3.973643694717338,2.908063451787617
2017-11-16,10.07905058360256,4.036177945087634,2.9810460704632726
2017-11-17,10.009722026444924,4.014105809081272,2.9799699505876154
2017-11-20,10.01546540953163,4.010362817905758,2.9922309688259787
2017-11-21,10.131881661188942,4.067703596432843,3.0244229804254186
2017-11-22,10.143723193345313,4.072776781482582,3.017937339696656
2017-11-24,10.198686961749427,4.099136856572656,3.0415804043510946
2017-11-27,10.208616851657576,4.102505358126326,3.0036821857693363
2017-11-28,10.235055964372298,4.108926519974549,3.016367626650708
2017-11-29,10.019893778146727,4.004902546464173,2.8706096598689514
2017-11-30,10.122177784015236,4.050942127793407,2.894065216961629
2017-12-01,10.066047497270912,4.022603326203585,2.868269912555877
2017-12-04,9.904008905541362,3.948141697970226,2.7986831570488677
2017-12-05,9.90732315858559,3.952766246018581,2.801782816112881
2017-12-06,9.96139782405055,3.983116694651193,2.8194437147127447
2017-12-07,9.9982513496318,4.005322658767009,2.8522281345214484
2017-12-08,10.048832981736595,4.025273818413017,2.855535305167308
2017-12-11,10.121639695926326,4.063168323675423,2.879573147953063
2017-12-12,10.092946360141168,4.051497587352362,2.861981660892772
2017-12-13,10.10895820721452,4.065379439407612,2.872988692185325
2017-12-14,10.099448786556978,4.060105429994484,2.8677763193855865
2017-12-15,10.24369984446476,4.121110846638213,2.914953993163883
2017-12-18,10.336540192431638,4.162974349531837,2.9605421908884373
2017-12-19,10.289137188306483,4.1391612883573,2.9453791436640078
2017-12-20,10.284592212525888,4.130013818520647,2.9475410239069286
2017-12-21,10.262555438763249,4.125795251373739,2.926434854618932
2017-12-22,10.251320750771594,4.118877881710546,2.9185176008864957
2017-12-26,10.205040676459598,4.095441923603733,2.893176604647733
2017-12-27,10.210823418856032,4.100502756984967,2.904065298905808
2017-12-28,10.223912888793553,4.105047926287598,2.903206572115894
2017-12-29,10.14462109705649,4.067570713060794,2.8707181153995327
2018-01-02,10.338572520151592,4.160755635548915,2.9447570909430505
2018-01-03,10.45487360600461,4.211311096030801,2.992507409922816
2018-01-04,10.485165049705206,4.221931646728993,3.0191120335989954
2018-01-05,10.603131596074707,4.278884553434351,3.04980374369206
2018-01-08,10.64354508738996,4.304570110128102,3.0761121632636064
2018-01-09,10.638440099491842,4.302557310300083,3.059477977019913
2018-01-10,10.614597309103647,4.289703814283979,3.0359633719161403
2018-01-11,10.700433212989717,4.324223765726978,3.0529725732833546
2018-01-12,10.838909578293704,4.363027073239837,3.083397482771189
2018-01-16,10.806825152236836,4.348940833870803,3.067335941728965
2018-01-17,10.955939529132346,4.405679938481868,3.151651681325789
2018-01-18,10.95687604933906,4.407760544285929,3.159766083111593
2018-01-19,10.991374673101609,4.425978713968559,3.173508121873118
2018-01-22,11.126017480603304,4.487680603602364,3.2016130470556723
2018-01-23,11.239608363109822,4.541484517805748,3.233755892147915
2018-01-24,11.167766146094936,4.507596817781835,3.1734584733413413
2018-01-25,11.171271613126176,4.509229217430891,3.1376040389803164
2018-01-26,11.36064793874431,4.597574432303779,3.230666114587798
2018-01-29,11.322337875147827,4.572758898689078,3.20268940794362
2018-01-30,11.226260650722024,4.534268294729579,3.146715749622888
2018-01-31,11.270637448219992,4.5563722068389225,3.173231439763991
2018-02-01,11.136294110010024,4.507287125236878,3.145481766697163
2018-02-02,10.88035562704916,4.399087919793621,3.038480504274788
2018-02-05,10.41168335275153,4.188133284148463,2.8822879103896573
2018-02-06,10.7441147207234,4.330135183867188,2.988104597405794
2018-02-07,10.600416663851677,4.260960256786391,2.9187643974716395
2018-02-08,10.111719561950764,4.03402471999341,2.7559082957875924
2018-02-09,10.319026918730025,4.122161326722857,2.8404115429461774
2018-02-12,10.52776652804815,4.210454631301666,2.912565079343612
2018-02-13,10.596343784552186,4.236871121500835,2.9234142475860967
2018-02-14,10.807329773723014,4.340610867532488,3.008223339340921
2018-02-15,11.025814201920936,4.436138545036396,3.0834765348023687
2018-02-16,10.988611802526624,4.413584747969432,3.079024555778151
2018-02-20,11.030553167394611,4.428558367990317,3.1193112061556
2018-02-21,10.992941128354104,4.416487747066637,3.089419415853645
2018-02-22,10.988495019580842,4.422184464139305,3.0787975222008006
2018-02-23,11.22681732440445,4.528651755094644,3.163310409850993
2018-02-26,11.39886081308896,4.603858278158348,3.2218407265459623
2018-02-27,11.258800553285148,4.533944215768759,3.182915795608034
2018-02-28,11.196568787369277,4.502897387238523,3.157416695306914
2018-03-01,10.991559073246464,4.4139114358450335,3.0999921429992945
2018-03-02,11.112188064660868,4.460965192755046,3.162540134571576
2018-03-05,11.2389940631798,4.519882883026123,3.2134790461504323
2018-03-06,11.31449458894814,4.5499066648179225,3.2635194639114955
2018-03-07,11.336298397697004,4.570152868994851,3.3025923763955944
2018-03-08,11.407804778314096,4.596699523124779,3.3203916160500206
2018-03-09,11.666408038889106,4.705979400093435,3.4071946024815096
2018-03-12,11.729306177067327,4.735730171973697,3.438972072941838
2018-03-13,11.587682887326038,4.668858564773517,3.3809353494171592
2018-03-14,11.582981110227566,4.6671622830160056,3.38108381298791
2018-03-15,11.569313047810816,4.661555854335684,3.3855555550199234
2018-03-16,11.543318566228738,4.653761679815284,3.3902548126538674
2018-03-19,11.298419751305016,4.525099915153181,3.30553417240954
2018-03-20,11.38299520773985,4.549052251812982,3.3216352394673523
2018-03-21,11.317149327336168,4.525289385669713,3.3211218832892677
2018-03-22,11.003091674619483,4.382162701646848,3.202965608028168
2018-03-23,10.683175894564034,4.237275030657459,3.069053877333374
2018-03-26,11.169885119797833,4.437936969611945,3.2180891292370086
2018-03-27,10.755290563072,4.247325628589903,3.079478622932852
2018-03-28,10.598966567723732,4.1781996511402015,3.0248968105879133
2018-03-29,10.82454597339324,4.282643952002459,3.095598970973879
2018-04-02,10.465584993327322,4.124857712909951,2.9775612737595485
2018-04-03,10.60235886988475,4.182516143626868,3.028223744241568
2018-04-04,10.790597617008508,4.263469708367765,3.086339278785136
2018-04-05,10.836376690400876,4.297623219692583,3.067859420423239
2018-04-06,10.529047793901151,4.167171013939985,2.9613319881633595
2018-04-09,10.60410616736115,4.199126119807581,2.989950510536289
2018-04-10,10.845157563209574,4.318679246667829,3.097010820969759
2018-04-11,10.779767774068263,4.292213601857061,3.0887580781293904
2018-04-12,10.944869730357349,4.350914286511654,3.1477424619790595
2018-04-13,10.889060071983554,4.328047507174831,3.120140770458402
2018-04-16,10.98029501826834,4.362550858050876,3.145136155073045
2018-04-17,11.25537128248761,4.480862405490707,3.228158622720759
2018-04-18,11.299358501419292,4.496127429604899,3.20831608087018
2018-04-19,11.185093119471896,4.455009074893306,3.107504496084226
2018-04-20,10.999879462229869,4.370841412423156,3.059300591974341
2018-04-23,10.956059835066188,4.350798938666412,3.027601691520611
2018-04-24,10.68282011333353,4.228805620275308,2.987581359723812
2018-04-25,10.68809192910316,4.229654246724059,2.9784202415617527
2018-04-26,10.899395000038224,4.346372579328833,3.063633992951789
2018-04-27,10.914084726489516,4.359299628278852,3.0482140266260265
2018-04-30,10.81937404862684,4.315982772588315,3.020740794656036
2018-05-01,10.965256171166496,4.379914284468629,3.065184184002232
2018-05-02,10.880887306399186,4.349458817514281,3.0386978973605308
2018-05-03,10.902993637649118,4.350045984485734,3.054156907677303
2018-05-04,11.13148362292177,4.449017379232928,3.127880157120684
2018-05-07,11.232582534632591,4.496436816458741,3.1585128192026533
2018-05-08,11.229090645131826,4.495744896375817,3.1809120194274687
2018-05-09,11.376054495260806,4.562413167832254,3.231811404990736
2018-05-10,11.500197591199434,4.618466598187237,3.293026598598318
2018-05-11,11.486415104376023,4.61374413057464,3.235434301736732
2018-05-14,11.509336611286065,4.619959192496482,3.2564018889578747
2018-05-15,11.372109399021278,4.55601119644416,3.223745687687548
2018-05-16,11.456576377642932,4.590870617355155,3.2649804804145672
2018-05-17,11.40421741756314,4.56648864079003,3.240893230109325
2018-05-18,11.352028079278483,4.535853448952627,3.195107643319113
2018-05-21,11.443661767224985,4.573672885375671,3.2119389776161738
2018-05-22,11.42258180769703,4.5624166516481,3.217901621675245
2018-05-23,11.54014619882483,4.616750619197474,3.2398862807609508
2018-05-24,11.544660247320612,4.615279596088212,3.2386720608430206
2018-05-25,11.566969212338751,4.624587440943794,3.245335568641937
2018-05-29,11.503017947551417,4.600593286181909,3.22028089500391
2018-05-30,11.600969913937949,4.642951072610208,3.244447197340332
2018-05-31,11.577238737177304,4.63892678310953,3.227596100035476
2018-06-01,11.8018608579989,4.736873950853372,3.3071137669593824
2018-06-04,11.920271670089782,4.790636546439003,3.337400817417233
2018-06-05,11.96781140754157,4.809027434107885,3.360421829350715
2018-06-06,12.033624921571194,4.842130309341625,3.382347199413036
2018-06-07,11.9267157962534,4.79176758255166,3.3278152766121654
2018-06-08,11.91967066329448,4.792172991370664,3.3223462257233844
2018-06-11,11.93270360343626,4.808098176552131,3.3286443588903865
2018-06-12,12.005574350851514,4.84316396225367,3.3500168467590328
2018-06-13,11.99132702393021,4.836895983644783,3.342623071720868
2018-06-14,12.112099567538149,4.900452887968996,3.372396283976053
2018-06-15,12.0595745843854,4.879692036461565,3.3617445047992263
2018-06-18,12.050962994232751,4.883182285113272,3.3481610521246408
2018-06-19,12.026562692793496,4.862389504755679,3.312563054840368
2018-06-20,12.097871501772246,4.90329885520072,3.326097341007757
2018-06-21,11.979855211028562,4.849049094892879,3.2863630907994024
2018-06-22,11.931844338047844,4.828672874717075,3.2543484642455365
2018-06-25,11.623873282595392,4.689812907566912,3.148423562711109
2018-06-26,11.675322064376042,4.7191313331853895,3.1701811882194644
2018-06-27,11.489433073816835,4.63496964793449,3.0860037896772043
2018-06-28,11.619382206253308,4.691718502335362,3.1221546691551527
2018-06-29,11.642477855450691,4.695538276245799,3.139588052153085
2018-07-02,11.75143883749016,4.742218260488363,3.1754232055308966
2018-07-03,11.602241038656278,4.667777792653258,3.125056939153509
2018-07-05,11.758216611490472,4.740896118267596,3.198335761933797
2018-07-06,11.942093852413418,4.827553301231814,3.24883024684956
2018-07-09,12.066013380217504,4.884592380473699,3.279837924055052
2018-07-10,12.09169455325898,4.891493895153557,3.294102477461688
2018-07-11,12.022979003808182,4.859391520652701,3.2426506917293265
2018-07-12,12.231068570361884,4.957855099930549,3.3371144948165004
2018-07-13,12.242340064794243,4.963389406108011,3.3257816149076227
2018-07-16,12.213720077694935,4.950535258148422,3.3159492775174098
2018-07-17,12.291610350324705,4.991749636253811,3.3548934894385525
2018-07-18,12.268797282060346,4.9836368320067645,3.3726334400695954
2018-07-19,12.206564981604714,4.950579671689102,3.343491680014683
2018-07-20,12.203693886768844,4.952567376970203,3.326650223201434
2018-07-23,12.26027323435759,4.973013360541929,3.3289996110061155
2018-07-24,12.328814047500694,5.001812301588645,3.304497819561763
2018-07-25,12.520301660676092,5.092759154090444,3.357934100491472
2018-07-26,12.470332723413296,4.985415208253792,3.3664042364175835
2018-07-27,12.25182941995975,4.89375009880008,3.313619170695943
2018-07-30,12.039538034172445,4.800097438672999,3.245424261164727
2018-07-31,12.112807670018851,4.831275882141247,3.2673303502438333
2018-08-01,12.210045272605052,4.866614976463512,3.2598078746427124
2018-08-02,12.374127143419322,4.955790834610689,3.2990581721723844
2018-08-03,12.41147375319984,4.971845804318442,3.312503765816987
2018-08-06,12.465400861220456,5.011402764977381,3.337647614002381
2018-08-07,12.531436676788031,5.040784337536365,3.3476476959465598
2018-08-08,12.551165171129847,5.047440438496443,3.350500799437719
2018-08-09,12.556631155158415,5.039650436781629,3.308703002000837
2018-08-10,12.448739033584385,4.9905378881526,3.2486721427872034
2018-08-13,12.43293294285242,4.982643064969592,3.2379514340953843
2018-08-14,12.521244253834771,5.0158003248586045,3.2419989944966794
2018-08-15,12.34726905962478,4.935897695339403,3.189964441046661
2018-08-16,12.393415104553112,4.944718941365268,3.2058876410343213
2018-08-17,12.392362674699031,4.939655518012373,3.202560707380666
2018-08-20,12.390532693404024,4.9374797693984265,3.2046734211163903
2018-08-21,12.447270981663364,4.962631076534073,3.2432821439296005
2018-08-22,12.51125108759194,4.990061963762823,3.26103173505225
2018-08-23,12.508496974970386,4.983193968093093,3.265109180977528
2018-08-24,12.65377657330929,5.0462055250862665,3.327291797917896
2018-08-27,12.791888401996426,5.1108290032782975,3.367312370726985
2018-08-28,12.82583364518316,5.118073794751949,3.3787141801508547
2018-08-29,13.009289295120022,5.189644840772928,3.393857946392071
2018-08-30,12.977118125637933,5.174993082631829,3.356858221628107
2018-08-31,12.999959398817394,5.182300290225972,3.365633961138168
2018-09-04,12.966971907799325,5.153169521486027,3.340460709453372
2018-09-05,12.772354677633036,5.055413690990621,3.283835835924572
2018-09-06,12.643985016043333,4.9949724530897965,3.225364808252987
2018-09-07,12.603336540135528,4.973434177406549,3.209560186312096
2018-09-10,12.633755126295824,4.99187659039605,3.2265592651631225
2018-09-11,12.739623531862229,5.040347397984762,3.216964083866447
2018-09-12,12.697652222216862,5.020550249309246,3.1873778971484423
2018-09-13,12.840411980546763,5.080985720388398,3.242403895144183
2018-09-14,12.808355305988195,5.070485376047591,3.251930146925866
2018-09-17,12.588042510581412,4.974377605630155,3.191198423972386
2018-09-18,12.723500996470523,5.025683229080628,3.2239529582571063
2018-09-19,12.690300525336866,5.025233893803598,3.2227686238631588
2018-09-20,12.827717697228444,5.088925910296308,3.2772909061724222
2018-09-21,12.764687105267848,5.055167186850757,3.262542400087103
2018-09-24,12.811678910116798,5.076040704712846,3.273539308863469
2018-09-25,12.843083942205878,5.089070421629782,3.2499851777441062
2018-09-26,12.82365211301613,5.088533913969213,3.230972200196329
2018-09-27,12.94561083400079,5.143951472419654,3.2493339625360376
2018-09-28,12.981517277097236,5.136907338444682,3.27026202374159
2018-10-01,13.018153563824482,5.159831595783373,3.26942281894718
2018-10-02,12.99929571747241,5.138734523638167,3.2555626841634666
2018-10-03,13.003273361883648,5.145842083715028,3.2733026347945087
2018-10-04,12.72827035002826,5.021439710460803,3.1873778971484388
2018-10-05,12.55786930134431,4.94426017178978,3.1261824665486517
2018-10-08,12.459436714726694,4.899933718516406,3.074364824159796
2018-10-09,12.488999085236372,4.916178366390812,3.058787235796255
2018-10-10,11.86354558928402,4.646674723813561,2.9007581282599477
2018-10-11,11.698465945848554,4.587679410085217,2.869424843450422
2018-10-12,12.07273571757582,4.745487658798372,2.953987379632391
2018-10-15,11.888750241451712,4.669363146741383,2.912308401254568
2018-10-16,12.275316847849195,4.84153631213042,3.032755016309255
2018-10-17,12.28254546115565,4.843551320304574,3.0299513203375827
2018-10-18,11.986628545316654,4.707228898962949,2.9376296344855355
2018-10-19,11.96115776041774,4.6957596926358764,2.909998298453186
2018-10-22,12.025866777972569,4.725925042142378,2.9320422465622755
2018-10-23,11.973563036757133,4.709309627648687,2.935220957657469
2018-10-24,11.363656495135414,4.43585909605997,2.7245453664663746
2018-10-25,11.781522230471912,4.6258111589781645,2.8435408465218828
2018-10-26,11.47791785485281,4.496102804660089,2.7439733671778423
2018-10-29,11.20365760194334,4.377912884005034,2.6920670322662006
2018-10-30,11.39373132648944,4.459908820457475,2.7667772270378714
2018-10-31,11.671968942622708,4.594260617095378,2.8491284754574324
2018-11-01,11.854304641366769,4.680349633942125,2.9605817169040254
2018-11-02,11.670193741017016,4.601572612546202,2.920047787916851
2018-11-05,11.634856908181137,4.579794019853885,2.9059705010596857
2018-11-06,11.72232366107458,4.61676979122413,2.958222447595447
2018-11-07,12.1466634709564,4.793921600418815,3.033416354033512
2018-11-08,12.08725057748173,4.754727916136863,3.0229029159112484
2018-11-09,11.873727858199777,4.658926348340547,2.940985971638593
2018-11-12,11.473558592128672,4.483991725467235,2.803530155216692
2018-11-13,11.484279969375171,4.495606501381212,2.8330866974230045
2018-11-14,11.36153138791744,4.454691840417165,2.8272522719023097
2018-11-15,11.59932902097714,4.55276655391468,2.9425161586689503
2018-11-16,11.553280817200395,4.526132577143692,2.926306636080556
2018-11-19,11.122490071484894,4.334226370975951,2.777665921295948
2018-11-20,10.92677161724871,4.248398351341078,2.7502319743292567
2018-11-21,11.003326094246782,4.289026357782257,2.799147105707465
2018-11-23,10.923578060861336,4.246185477051385,2.785306733931548
2018-11-26,11.200050036598045,4.376848555956634,2.860530284881304
2018-11-27,11.25095818586634,4.392528289311674,2.858654727239118
2018-11-28,11.667292072933089,4.568311797524124,2.9636025649491526
2018-11-29,11.622503238873476,4.548136995674341,2.9234340105938923
2018-11-30,11.73680860067136,4.602406913298597,2.9858241391161053
2018-12-03,11.951766192473755,4.697204822072174,3.065332165548404
2018-12-04,11.42416892478822,4.477563616697474,2.899267467245181
2018-12-06,11.519716524998904,4.518327023129721,2.903788857808971
2018-12-07,11.07330575661246,4.332281889019212,2.767754531874556
2018-12-10,11.206906815513552,4.394745301132777,2.810598563663112
2018-12-11,11.251482224426548,4.413149773538421,2.8284961363319323
2018-12-12,11.356063955259373,4.464134812459061,2.8798693520576943
2018-12-13,11.361943739923408,4.469340881909445,2.870372744787703
2018-12-14,11.02647828904498,4.329965237615112,2.788643549089099
2018-12-17,10.763725799120856,4.207482051140791,2.706114674611675
2018-12-18,10.860641419977023,4.248477420580884,2.735157619627613
2018-12-19,10.615383637159772,4.125349942029865,2.621364871880236
2018-12-20,10.433875063466242,4.0477463814488726,2.574947350865169
2018-12-21,10.091901133388737,3.892004109184592,2.493909137402513
2018-12-24,9.815811193479233,3.7707902656837007,2.4136113136952915
2018-12-26,10.488671631493856,4.072337608842474,2.602627853404716
2018-12-27,10.542878712031072,4.092013509177482,2.637061038290545
2018-12-28,10.537868549322445,4.092368002722823,2.636735189674221
2018-12-31,10.63992394652998,4.126034643287621,2.658295426116918
2019-01-02,10.685095149392922,4.152598349418708,2.6806254558144524
2019-01-03,10.24339197377324,3.9642107001512334,2.5021127137356847
2019-01-04,10.75937233846775,4.193625781006522,2.660842443999548
2019-01-07,10.88626915881891,4.252982931409011,2.7145551660260945
2019-01-08,10.991997672278837,4.30478370144101,2.732423335195513
2019-01-09,11.081330179042164,4.348939226647079,2.8017534126134804
2019-01-10,11.119130847751418,4.3641031963475,2.827400494460772
2019-01-11,11.09053566497025,4.350300199312672,2.831753899458306
2019-01-14,10.966250405501654,4.297830787008806,2.779038245276237
2019-01-15,11.215279759948451,4.407567477970857,2.8199175448752403
2019-01-16,11.218987243384031,4.408176617006914,2.808851224559302
2019-01-17,11.322912745818456,4.449660261832436,2.838506340792299
2019-01-18,11.451864369210217,4.500336272429983,2.920600670110528
2019-01-22,11.18571957545516,4.381854327785161,2.825090391659389
2019-01-23,11.214782964197411,4.387002562804191,2.8220104956031693
2019-01-24,11.296783301336967,4.425683083971333,2.937688923508921
2019-01-25,11.441080457991188,4.496459955913402,3.031037321717138
2019-01-28,11.251657799646935,4.417772675948652,2.9824282759474583
2019-01-29,11.127132483953854,4.3599164459854185,2.933414329530275
2019-01-30,11.467640171540744,4.515155608388339,3.0468817106859083
2019-01-31,11.603575842927368,4.60346133312531,3.0865663123624856
2019-02-01,11.533430134153535,4.573634972950218,3.132737036792406
2019-02-04,11.700628510322405,4.647042429480282,3.1759563247167737
2019-02-05,11.818344113656313,4.700072811413558,3.19880959209629
2019-02-06,11.77245875981071,4.678145327468558,3.2564216519656703
2019-02-07,11.599920889466985,4.596704171037917,3.1804184262571797
2019-02-08,11.62033066521606,4.605039162984807,3.191356046010161
2019-02-11,11.618736292897497,4.602430441040893,3.1936957933232355
2019-02-12,11.831151498125593,4.689921312474894,3.2759383451999247
2019-02-13,11.838522864264831,4.68873569287114,3.2708838354502543
2019-02-14,11.853094999810494,4.693839850016454,3.278623704137118
2019-02-15,11.915206209909243,4.714606095061168,3.291713563641413
2019-02-19,11.94037650018573,4.7250233561728905,3.290065039576577
2019-02-20,11.943280243803525,4.726073048778394,3.308268697853926
2019-02-21,11.90269094283411,4.702631255030301,3.2790580082840237
2019-02-22,12.012595472161616,4.752801190762098,3.338219777179265
2019-02-25,12.04984871589888,4.775771849020016,3.365328357554213
2019-02-26,12.071128002157158,4.781010204834548,3.3502930468435785
2019-02-27,12.05462070610418,4.77827750517942,3.317637327597832
2019-02-28,12.031252420158596,4.769689247940935,3.312168276709051
2019-03-01,12.153710973090536,4.813976192633257,3.3397598457135205
2019-03-04,12.145488735664095,4.818147488819116,3.3241032053188
2019-03-05,12.134898999351345,4.827453695032023,3.317498986543268
2019-03-06,12.040944329916956,4.791418865220048,3.270153568211006
2019-03-07,11.886672970805176,4.719136244009552,3.230942314672344
2019-03-08,11.86982856488376,4.7129567956645495,3.2295704727166354
2019-03-11,12.159744936375636,4.838330140627377,3.3201645824726675
2019-03-12,12.236898959706878,4.868095183157614,3.339542934652359
2019-03-13,12.336414567238872,4.913454606548951,3.354232151714294
2019-03-14,12.315663140488004,4.898633153869946,3.348427611717581
2019-03-15,12.462395916080872,4.949338283526077,3.413097957517195
2019-03-18,12.528818950156465,4.964370556353381,3.406878876381371
2019-03-19,12.58491416968332,4.987065297883454,3.4415292133406536
2019-03-20,12.648817439321844,5.019629615435029,3.419662650277137
2019-03-21,12.871442657333327,5.112298387778547,3.547464237391269
2019-03-22,12.548256075678546,4.972115685346273,3.4216273824666903
2019-03-25,12.518549032767297,4.965591207671997,3.394716432169691
2019-03-26,12.571170500850751,4.9919352695334895,3.423779622218004
2019-03-27,12.48763040052734,4.95425701448244,3.3661772028402317
2019-03-28,12.51467183553826,4.965335344244988,3.3710933715353377
2019-03-29,12.619174733463714,5.011885762364227,3.4356157357887795
2019-04-01,12.806517991371615,5.099118718614863,3.5361014719584087
2019-04-02,12.848241787382134,5.124546086027535,3.551837164384308
2019-04-03,12.945148147448489,5.165428975924916,3.628630428380012
2019-04-04,12.935758780529303,5.1616471705728415,3.605984431570051
2019-04-05,13.000090876868056,5.193254757346876,3.6410984761756406
2019-04-08,13.03694554032768,5.208339560390897,3.656873694617129
2019-04-09,12.96009811577202,5.18175336332499,3.630920527161308
2019-04-10,13.050150476595212,5.217041256009216,3.6620665454213626
2019-04-11,13.033153595983007,5.2056931562975866,3.658670682252717
2019-04-12,13.084229789139547,5.233110245966334,3.7050684402599874
2019-04-15,13.08108423399858,5.2291644810055535,3.6890363027171658
2019-04-16,13.14034398820402,5.252750726406123,3.7481686681130055
2019-04-17,13.201197974602875,5.272394286924101,3.7588305698060207
2019-04-18,13.225292058026618,5.282847360880055,3.751406909243874
2019-04-22,13.274603895935034,5.3049021665608205,3.752749347700181
2019-04-23,13.457109293380404,5.384948213925964,3.8090878986282473
2019-04-24,13.415617392083998,5.361300930128234,3.817943172194068
2019-04-25,13.444429532201417,5.3917595868496,3.786363331811687
2019-04-26,13.45707515438808,5.395671302650126,3.782680664017726
2019-04-29,13.459581486223309,5.406176504662485,3.78103213995289
2019-04-30,13.320522796901288,5.352924937825403,3.8050803462671223
2019-05-01,13.261942890615702,5.326152724958742,3.760873872002175
2019-05-02,13.210480882143829,5.305469602988031,3.770084397683721
2019-05-03,13.43549330955196,5.411470917251879,3.8000750030246495
2019-05-06,13.34402241985093,5.366442820813737,3.740666437544263
2019-05-07,13.071037236915886,5.240630605982862,3.6215128534263954
2019-05-08,13.025299132820448,5.220286072942075,3.599745587426433
2019-05-09,12.94841941294784,5.18981857359675,3.5721535363973835
2019-05-10,12.96329154597382,5.196595774005703,3.571146587049008
2019-05-13,12.477392067851866,4.979564818003709,3.377944386896016
2019-05-14,12.62064998390728,5.044152939059239,3.4638194760103094
2019-05-15,12.81157844330025,5.133927849362109,3.516031896530481
2019-05-16,12.958197040497748,5.1983718172047055,3.5273450134315647
2019-05-17,12.828620770823898,5.127784726524005,3.4536024830049694
2019-05-20,12.58195474242893,5.019338467310032,3.323895934749249
2019-05-21,12.718014124983318,5.080056982073408,3.4021106892324378
2019-05-22,12.66682812416213,5.055680075960234,3.3593459504873504
2019-05-23,12.468679263660912,4.964159047349589,3.2815062111276827
2019-05-24,12.451058782706236,4.958870219304655,3.271130632035402
2019-05-28,12.404185330453494,4.945138550076939,3.2522164695266
2019-05-29,12.291480471094468,4.891701599013844,3.2283263672747253
2019-05-30,12.34776684308061,4.917033962236654,3.2522164695266
2019-05-31,12.141430428122678,4.819174630274375,3.182984725123026
2019-06-03,11.876805503714111,4.684450231200338,3.1165868032273973
2019-06-04,12.237761802583936,4.8410073900039015,3.265612414639424
2019-06-05,12.343181204185026,4.884038247088081,3.273736938941416
2019-06-06,12.46125758045624,4.934517573326863,3.3193846667016444
2019-06-07,12.72449904615419,5.053621393081559,3.378960976735998
2019-06-10,12.886722791095218,5.126570651163959,3.4580149360135968
2019-06-11,12.890111848553609,5.136434537584209,3.4596239340628427
2019-06-12,12.81999084786596,5.099415912982847,3.4030188235418377
2019-06-13,12.89079699587603,5.1334205234129815,3.418033889220097
2019-06-14,12.807201052198362,5.105379190419791,3.352366234563716
2019-06-17,12.865538971929816,5.146830450798547,3.3430274903437933
2019-06-18,13.08466224085105,5.238527750588033,3.4597526346258
2019-06-19,13.14764963461384,5.265302302243743,3.488124119401294
2019-06-20,13.27651104508923,5.320691947900134,3.546644795604656
2019-06-21,13.258824095236434,5.313060568762366,3.523909624247328
2019-06-24,13.25456278942811,5.313135520384392,3.5229325604229347
2019-06-25,13.006508612912649,5.200513236622162,3.444441123830618
2019-06-26,13.089099022483031,5.234202655868356,3.52671356123129
2019-06-27,13.134345118839466,5.258811101499319,3.5757075036283883
2019-06-28,13.14617534440142,5.270747468129197,3.600999333359953
2019-07-01,13.337500632405792,5.3542919467989005,3.7052361848139546
2019-07-02,13.389772414367576,5.37960036380103,3.6871212190593914
2019-07-03,13.494197553023998,5.427650234068548,3.70737830204908
2019-07-05,13.47223631446806,5.413904800973642,3.696716882380646
2019-07-08,13.369260438428602,5.36889878343523,3.6737450369543607
2019-07-09,13.4366668394734,5.404696684370337,3.70643064172409
2019-07-10,13.582208167239465,5.471546268698198,3.7506862824962335
2019-07-11,13.578063042815533,5.466345806139799,3.762177266467471
2019-07-12,13.65129329355588,5.504818700901874,3.817123730407452
2019-07-15,13.70624339861111,5.525256878910451,3.81390573430896
2019-07-16,13.631726469672156,5.491869402738423,3.760706127448208
2019-07-17,13.569494216921232,5.46788962721892,3.758386143142928
2019-07-18,13.592655480335688,5.478006980219616,3.80634373269225
2019-07-19,13.460540778658473,5.42077520298194,3.774358991662367
2019-07-22,13.594406011241574,5.482550218841122,3.843620139565343
2019-07-23,13.689254155284122,5.524851399377564,3.8852101844080886
2019-07-24,13.789123348685482,5.573581437963294,3.9622401224727497
2019-07-25,13.651242211737536,5.500408335774103,3.897786687734299
2019-07-26,13.86083344991946,5.576410568479059,3.908053329271417
2019-07-29,13.815135063703297,5.550829075857044,3.889494418878341
2019-07-30,13.735132659625696,5.5195319842709525,3.874321249137724
2019-07-31,13.536735253670306,5.431131075978168,3.750034585263588
2019-08-01,13.443088423377196,5.386807850116251,3.701781032621925
2019-08-02,13.241495286131752,5.295762844731883,3.595905297594694
2019-08-05,12.728273795637834,5.064837371984843,3.4126935388942723
2019-08-06,12.932271900073273,5.154824958708984,3.473740987947888
2019-08-07,12.985485788306685,5.179658423547829,3.492250731833768
2019-08-08,13.306505440839874,5.326590842854983,3.637732498530978
2019-08-09,13.164584559231995,5.262425359364634,3.5728645226534166
2019-08-12,13.018929670502102,5.191656789533623,3.5053998803614483
2019-08-13,13.326978676008563,5.330867782527433,3.630979816184694
2019-08-14,12.904447158126768,5.13557804551601,3.487374089154252
2019-08-15,12.879388583961273,5.130948706218429,3.474698288764487
2019-08-16,13.101240499199642,5.228435782169189,3.564562131281272
2019-08-19,13.321780258846768,5.324114202514062,3.639953667797285
2019-08-20,13.216529068491711,5.277146134539866,3.6058065644998982
2019-08-21,13.359597590841709,5.334102552565019,3.647159935273687
2019-08-22,13.317361370998167,5.310214309021562,3.644218139259741
2019-08-23,12.856585489417965,5.111728958903351,3.486534884359842
2019-08-26,13.062352109320994,5.201631538742163,3.536970080252221
2019-08-27,13.039317233283924,5.192863683870413,3.5231398309924904
2019-08-28,13.081127728107656,5.210292540852901,3.5280164736720074
2019-08-29,13.299198419389372,5.308673353019954,3.6180972272499545
2019-08-30,13.282315775909836,5.302193195643077,3.633270396990572
2019-09-03,13.13417865872126,5.233579832966088,3.577227809154848
2019-09-04,13.332377505857224,5.323938173800817,3.66839456411235
2019-09-05,13.6016621558363,5.447066081739768,3.787902918321364
2019-09-06,13.590152028148696,5.4365577144595045,3.7912496149828137
2019-09-09,13.537331408587272,5.419779439167169,3.79540563091469
2019-09-10,13.506893213030818,5.402546428283639,3.790647566281942
2019-09-11,13.645252145022797,5.46774523576057,3.851369166719234
2019-09-12,13.720010865430844,5.4955408937750905,3.8565027285000832
2019-09-13,13.672346628336026,5.475868524516132,3.838960407946989
2019-09-16,13.59689242841399,5.441263570403956,3.8178048311395054
2019-09-17,13.664645288399017,5.473345005066966,3.8361073044558296
2019-09-18,13.667069742221235,5.474137371427988,3.8323957151870474
2019-09-19,13.683338591558588,5.484871340057352,3.8154159173192346
2019-09-20,13.5323078842063,5.42000724345526,3.7558391252603007
2019-09-23,13.539811121852154,5.415392088175552,3.768238243540938
2019-09-24,13.357022662698135,5.322797758116972,3.6864796443429313
2019-09-25,13.537138712233366,5.402569777481712,3.7608145829787913
2019-09-26,13.480934308694527,5.378349710642458,3.774200887600009
2019-09-27,13.317699917290504,5.30012470009666,3.671138730048348
2019-09-30,13.444818333884053,5.356372796420462,3.710537491148772
2019-10-01,13.326929020291988,5.305134982369776,3.6593517829847695
2019-10-02,13.062534681807715,5.1958295906628,3.5866851314215413
2019-10-03,13.221271331094677,5.269938674541877,3.651315951205565
2019-10-04,13.448084396633403,5.362752325541424,3.725295637725698
2019-10-07,13.396347508962512,5.34145377693571,3.703844097825873
2019-10-08,13.16723347462468,5.240438116284098,3.5830419896431698
2019-10-09,13.330134519842089,5.313632986072872,3.6521450334837855
2019-10-10,13.42300094963514,5.355136613463078,3.688414491008503
2019-10-11,13.601413133060255,5.442639569794122,3.7799562610895263
2019-10-14,13.599112630191724,5.443778067484103,3.782167789864224
2019-10-15,13.779384656551583,5.530824718899454,3.8604712368702
2019-10-16,13.738683728936566,5.508557264991138,3.797557870666005
2019-10-17,13.78101598889644,5.52503974983321,3.801733649605677
2019-10-18,13.65695456237131,5.46293809508723,3.747141955756841
2019-10-21,13.789443250379382,5.526090285554283,3.8107070191936856
2019-10-22,13.68932368079948,5.467711351505828,3.7550004024904737
2019-10-23,13.702726460879951,5.481573635047466,3.719639079275158
2019-10-24,13.842976885528048,5.553530331823793,3.815939396013509
2019-10-25,13.961378669726312,5.608466258733476,3.8608462519937214
2019-10-28,14.124006843981803,5.677547721810128,3.921518685923816
2019-10-29,13.982314539567591,5.619251242183488,3.894598095135209
2019-10-30,14.058790210856651,5.650133547311352,3.915378656819172
2019-10-31,14.045363318279632,5.649330684459434,3.869494254989986
2019-11-01,14.182147953559502,5.711912714716764,3.95358247898488
2019-11-04,14.282777017442273,5.759822394342617,4.021649169977721
2019-11-05,14.289861773440125,5.759070084301467,4.022478252255943
2019-11-06,14.272839795655864,5.74799016315884,3.994037355940877
2019-11-07,14.317496235788658,5.769705304913228,4.038618845329347
2019-11-08,14.37697493954947,5.795044319751894,4.060109911244761
2019-11-11,14.344099157964056,5.7818725714795365,4.042281268090933
2019-11-12,14.365775892085509,5.802391168606461,4.061778198317393
2019-11-13,14.362876268889572,5.798046133024451,4.063693281975169
2019-11-14,14.363723552375497,5.7987883683835015,4.052626961659231
2019-11-15,14.475283047608034,5.848496990586556,4.101048258854859
2019-11-18,14.505101054461424,5.862306211056027,4.095934942106385
2019-11-19,14.514831201915154,5.8712302629243,4.0936940098322845
2019-11-20,14.419865171082243,5.828118845614405,4.05593413230509
2019-11-21,14.378986789156954,5.814514250729852,4.017887932177161
2019-11-22,14.38740667018249,5.817920048666453,4.028055758675306
2019-11-25,14.58479192683114,5.903352785677428,4.111601705017293
2019-11-26,14.61847048818971,5.914527992101711,4.111976720140814
2019-11-27,14.716289472074166,5.96300978829037,4.155600426688105
2019-11-29,14.63603063957082,5.928067138514777,4.120614600620891
2019-12-02,14.454351645849265,5.8493066854331,4.038470863783175
2019-12-03,14.348281526238448,5.804044519237989,3.985468887000372
2019-12-04,14.443478837828495,5.84004199034831,4.029793457287509
2019-12-05,14.45906655328476,5.850597778543049,4.03902374597685
2019-12-06,14.632099815985503,5.926432987139537,4.100288588116209
2019-12-09,14.558137204360357,5.896768529200948,4.074966872860662
2019-12-10,14.539157828903578,5.89157651195534,4.083723331387508
2019-12-11,14.629913180122996,5.933442339919449,4.149874938722571
2019-12-12,14.782886800736009,5.985258462024201,4.235898009383036
2019-12-13,14.82754757490546,5.998888731996085,4.235947657914813
2019-12-16,14.971707863980306,6.07273821631606,4.294744534202722
2019-12-17,14.98805040265688,6.080556125930242,4.299808684444
2019-12-18,14.974624171553383,6.086442985215358,4.31139800142963
2019-12-19,15.078566056021137,6.137479030060015,4.353176035858718
2019-12-20,15.151291442995385,6.169663187104598,4.390629827777383
2019-12-23,15.188047735776689,6.189502484362888,4.398586607525409
2019-12-24,15.195778519411055,6.191461409229878,4.401794963132296
2019-12-26,15.35909229973264,6.265863045528457,4.421972994090806
2019-12-27,15.338323684620224,6.258047207517445,4.409869838902511
2019-12-30,15.233648955473235,6.203855259438866,4.37194221682135
2019-12-31,15.277776229042146,6.223457790023094,4.387796487294018
2020-01-02,15.540742874970912,6.354975430293949,4.505765254993357
2020-01-03,15.375640439314022,6.28727785461184,4.441519090824462
2020-01-06,15.48188430016355,6.338847621912437,4.429653091729705
2020-01-07,15.467462498877982,6.341814605129404,4.486909899483359
2020-01-08,15.583165079455522,6.39975836984751,4.5237418796933575
2020-01-09,15.726758462474637,6.4642455318387535,4.567829775911537
2020-01-10,15.67503582670821,6.443422551882255,4.550356384873435
2020-01-13,15.84547677700128,6.535623194695713,4.608807649537225
2020-01-14,15.77209623829172,6.500867100309626,4.596843317428074
2020-01-15,15.773781246035725,6.498866579667496,4.570880027456066
2020-01-16,15.952948150092588,6.5719593771195495,4.650456983403356
2020-01-17,16.056407744068448,6.611683610340184,4.662560138591651
2020-01-21,16.049621190813134,6.611508177755055,4.659736920624474
2020-01-22,16.088847524527612,6.630080613003021,4.6784635755715165
2020-01-23,16.1602063131334,6.653791785590079,4.725394452764667
2020-01-24,16.031247969062196,6.593801274783,4.6692728128977645
2020-01-27,15.653859391760726,6.429298751067891,4.5091808811698
2020-01-28,15.91392501611078,6.5475896654590064,4.600367399135096
2020-01-29,15.906406853403324,6.564707281654924,4.545795468294055
2020-01-30,16.00928414288266,6.5918019254785705,4.549102638939915
2020-01-31,15.792249622867905,6.48819164741919,4.403315268658756
2020-02-03,16.004515786660466,6.612975133528852,4.493227795658156
2020-02-04,16.33142439062586,6.79153921185562,4.639420548611398
2020-02-05,16.460244331045338,6.804366092706833,4.687308726621148
2020-02-06,16.61960650242384,6.87460538432461,4.729353320643175
2020-02-07,16.5440026596152,6.84433782466216,4.648097955107065
2020-02-10,16.782363226015704,6.950626455840715,4.7243580999168895
2020-02-11,16.82532087808295,6.957767654004918,4.7726015300423645
2020-02-12,16.98931039928188,7.033297568276771,4.839700797702419
2020-02-13,16.932232698901945,7.0243405197859605,4.833748276159536
2020-02-14,16.986720233071605,7.046236449738293,4.831971051531744
2020-02-18,16.982799527067083,7.0633771368932905,4.792019890262226
2020-02-19,17.1535026893535,7.148465379122447,4.878319643031818
2020-02-20,16.98794522955148,7.0671993013393735,4.797587274165401
2020-02-21,16.623972476910083,6.906953936511385,4.649835171694688
2020-02-24,15.93633427565474,6.5859357863447805,4.410777973211911
2020-02-25,15.479646369702651,6.385621737228605,4.252660414165106
2020-02-26,15.57002860621964,6.419878495125819,4.257102752697717
2020-02-27,14.75434443638552,6.045703225999853,4.012902833967064
2020-02-28,14.811060408572706,6.071780224710984,4.069507944488069
2020-03-02,15.582530069791162,6.415539249547538,4.245917854335009
2020-03-03,15.05188181616311,6.180614888631761,4.0731409637502525
2020-03-04,15.735434857678731,6.475831127201399,4.298752086563847
2020-03-05,15.1983915261616,6.239397872345585,4.130821953134625
2020-03-06,14.946369936735756,6.118878640073938,4.021244269330218
2020-03-09,13.869663850485566,5.6244135237674655,3.630752782607348
2020-03-10,14.680266281910331,5.986065419173482,3.864942978902216
2020-03-11,13.987471732859126,5.684351171685977,3.6342773463389504
2020-03-12,12.58871174078537,5.060640352916761,3.175275223984728
2020-03-13,14.004197326808912,5.658717924569636,3.6008609923053934
2020-03-16,12.200643507046369,4.845593263938085,2.9915301050861367
2020-03-17,13.095040778468192,5.211206827087382,3.317578038574453
2020-03-18,12.565559773258936,4.956974477115457,3.0204151870520057
2020-03-19,12.756439411068731,5.0755492083835145,3.124750853544981
2020-03-20,12.202020675262478,4.851517067662385,2.9791211053016005
2020-03-23,12.263566784309123,4.882847860553286,3.039033386468466
2020-03-24,13.270957665194,5.343218648777623,3.421439874904933
2020-03-25,13.09101096351007,5.270657446349407,3.384597772178747
2020-03-26,13.91113558955628,5.613201159167431,3.66631125387603
2020-03-27,13.328780256210385,5.350696579207472,3.445004128540483
2020-03-30,13.906623585481457,5.600343725696079,3.627416208462085
2020-03-31,13.750179200668107,5.54633884899739,3.547681148452436
2020-04-01,13.15476677225661,5.278062191847441,3.3226421888157303
2020-04-02,13.482680740196365,5.391929122520587,3.401873533138901
2020-04-03,13.26875466566927,5.3029317381747445,3.3227901703619
2020-04-06,14.311208175105184,5.761547465937285,3.7218703710576495
2020-04-07,14.220502916624454,5.738223198423743,3.696983441973588
2020-04-08,14.55263593073166,5.88411828733605,3.842563541685191
2020-04-09,14.545454332448353,5.893460717531669,3.809611377322522
2020-04-13,14.742459003352469,5.992333126526758,3.8301547829129454
2020-04-14,15.446635347310853,6.300619380575884,4.030523724526753
2020-04-15,15.254399200592694,6.23087264813657,3.928735075916406
2020-04-16,15.587224991850588,6.373257477450659,4.021698336484914
2020-04-17,15.708767977291146,6.426621824327935,4.090682802278762
2020-04-20,15.511389126232292,6.3424310148996215,4.011382528440598
2020-04-21,14.911905551042867,6.065837750623225,3.794566426120279
2020-04-22,15.38609764106592,6.295906389600648,4.014324324454544
2020-04-23,15.353054070870996,6.285362300078621,3.970690495391065
2020-04-24,15.603897361302266,6.399663320842885,4.069192218387927
2020-04-27,15.661400205382016,6.438383484015828,4.132184154598721
2020-04-28,15.35570581307449,6.296409970001347,4.060090148236961
2020-04-29,15.9279571916394,6.557865739589039,4.26961032650893
2020-04-30,15.961190455088197,6.580606812321358,4.166933306596978
2020-05-01,15.413175575412849,6.330887710384989,3.9355171617620903
2020-05-04,15.616375011305845,6.435369615679601,3.983494514319206
2020-05-05,15.796805237437836,6.516872007761222,4.075075810415818
2020-05-06,15.877636895771571,6.565906981377018,4.1195580027407335
2020-05-07,16.107999722829256,6.668570942969736,4.177920574881736
2020-05-08,16.32917225140054,6.775005952553151,4.2866985799073225
2020-05-11,16.501239610701262,6.8449976815887785,4.297577392661499
2020-05-12,16.13694204556887,6.688843783270156,4.168996371800923
2020-05-13,15.943253081285471,6.59758891750708,4.059270706450346
2020-05-14,16.12609338318991,6.680746345371027,4.158611152217037
2020-05-15,16.232958957982046,6.731741005564677,4.126665937202743
2020-05-18,16.554595041091414,6.877962027788285,4.298110511847381
2020-05-19,16.478744394500644,6.859879477128625,4.301200289407498
2020-05-20,16.822364971249666,7.029192966357432,4.442851888789155
2020-05-21,16.59326457898487,6.940745042439908,4.363156354795096
2020-05-22,16.659486380432647,6.9655839474293,4.383423078276392
2020-05-26,16.588331070254046,6.940308404297602,4.422812198885208
2020-05-27,16.703044242786426,6.975773397568068,4.476021446237566
2020-05-28,16.668265812588036,6.950420220106492,4.428744957420296
2020-05-29,16.924018096691064,7.070115804813996,4.547848893006385
2020-06-01,16.94297997576739,7.114496999009029,4.5385993233338295
2020-06-02,17.055634377550234,7.164069766407405,4.602509516370212
2020-06-03,17.139778869103804,7.207055087986157,4.708957896598912
2020-06-04,17.022033549991214,7.143170871594377,4.686706677920267
2020-06-05,17.380255883654748,7.307115541449548,4.839671394203007
2020-06-08,17.505596914466857,7.369859173888782,4.857993148502545
2020-06-09,17.64786298866826,7.439435042221556,4.839256371039316
2020-06-10,17.876227654658948,7.556460659367001,4.861872964349875
2020-06-11,16.93803964195153,7.135740183351366,4.506160033124663
2020-06-12,17.07664482353469,7.195786895747428,4.589913250036206
2020-06-15,17.26114751938166,7.2998349392887185,4.656557968516979
2020-06-16,17.58711585036653,7.440656356438987,4.782809364580668
2020-06-17,17.65643639693576,7.4727934822420945,4.803619329764032
2020-06-18,17.6947680396288,7.493254290283605,4.812731040406605
2020-06-19,17.67890048706656,7.492574992769427,4.796807358394364
2020-06-22,17.93177863059158,7.59977546721135,4.846502646555889
2020-06-23,18.078090041259763,7.671061411133319,4.86588099873558
2020-06-24,17.71416853355126,7.49748427943438,4.733913755197965
2020-06-25,17.889247728309307,7.582287965102042,4.788969156693109
2020-06-26,17.429195121703504,7.352148754629409,4.713676435216071
2020-06-29,17.632517449023467,7.4505900176644495,4.759304399968505
2020-06-30,17.986268321048602,7.623321413335276,4.88389714945117
2020-07-01,18.19367198713701,7.73789983182815,4.872110202387591
2020-07-02,18.30659890000479,7.799840495643474,4.920235536490878
2020-07-06,18.74713078725564,8.041348629052647,5.045934050360893
2020-07-07,18.57460386451196,7.977251059252133,4.988054948873993
2020-07-08,18.85250823690446,8.102634965837783,5.066605674489694
2020-07-09,19.032353343934947,8.193000119510584,5.13274715930857
2020-07-10,19.152335295666106,8.273699055039602,5.125106105660681
2020-07-13,18.72894362774246,8.067339151486769,4.985557579523141
2020-07-14,18.88758892044804,8.138721994317047,5.043772170117973
2020-07-15,18.88367566789612,8.138046755576873,5.0575233673465245
2020-07-16,18.7580204020897,8.074265818750154,5.019190844617861
2020-07-17,18.780307217191908,8.088808044050372,5.0674251162763095
2020-07-20,19.352950650404416,8.37289581575477,5.220221605980504
2020-07-21,19.15489856277571,8.261488557814927,5.171820071792671
2020-07-22,19.23960339749517,8.29619173859106,5.18979669649267
2020-07-23,18.719914246601693,8.03890373399339,5.08201551829927
2020-07-24,18.56992244607392,7.946636267936553,4.978706564162464
2020-07-27,18.88101158533977,8.120001802507945,5.099548198360757
2020-07-28,18.62386029025665,7.990733823275825,5.009279455196469
2020-07-29,18.86836881636842,8.101237930056211,5.122845410378786
2020-07-30,18.989918085513164,8.14533647751184,5.191366168526327
2020-07-31,19.292406348972268,8.303457210967402,5.220034098418743
2020-08-03,19.54865459266028,8.431493177644692,5.297854074770616
2020-08-04,19.65737195970589,8.471696610912959,5.352060148955164
2020-08-05,19.721970625738624,8.50128886014762,5.342247574572745
2020-08-06,19.95306349864597,8.624846353330966,5.332948356368412
2020-08-07,19.719275723167783,8.515804099415067,5.249718618151142
2020-08-10,19.653737401243244,8.463333697424154,5.229580113208222
2020-08-11,19.273557018429223,8.276990120838216,5.144543746863757
2020-08-12,19.77253000095832,8.536498765430599,5.278959193245028
2020-08-13,19.77664778989751,8.56298074557281,5.251791805871277
2020-08-14,19.74143385689054,8.551790504402394,5.223785213703117
2020-08-17,19.908499946082475,8.67989896349366,5.2903807656766935
2020-08-18,20.11057274933622,8.784867674718582,5.30271095444234
2020-08-19,19.96455238170228,8.71944850317244,5.277014706087852
2020-08-20,20.22428947817222,8.87258590424621,5.318120798251915
2020-08-21,20.371530317147013,8.939930477045852,5.326590934178026
2020-08-24,20.50863448517673,8.996539288439628,5.375515947060132
2020-08-25,20.66258102052064,9.088462456392234,5.432121057581137
2020-08-26,21.03985919174707,9.32721689129536,5.526318301075371
2020-08-27,20.942365973974347,9.282792665529392,5.473020361200225
2020-08-28,21.095797997687445,9.343129912792367,5.5728052336300085
2020-08-31,21.237677628931813,9.465338736577346,5.566072314291519
2020-09-01,21.584336786239582,9.633705459868956,5.694732387183275
2020-09-02,21.91961030269841,9.733767278957073,5.826512123159129
2020-09-03,20.73023461877059,9.156046517032731,5.4597131086101856
2020-09-04,20.43810471334781,9.027028075078404,5.352850187242375
2020-09-08,19.549108546864872,8.515787385162366,5.07190698082451
2020-09-09,20.12759932870844,8.811390007453792,5.2141799098902535
2020-09-10,19.64988552677261,8.607245504255342,5.112085175671378
2020-09-11,19.517624273920568,8.549734729673895,5.093002786584029
2020-09-14,19.78629519366576,8.724673954814039,5.205413810871801
2020-09-15,20.03841991853401,8.8758397981396,5.281545737143248
2020-09-16,19.68264283497161,8.69976437403009,5.2111002548463246
2020-09-17,19.407192834281453,8.550126686125013,5.161355800177604
2020-09-18,19.05940706689444,8.437258639850413,5.079646367486793
2020-09-21,19.14253669693625,8.482185056371566,5.084582299189695
2020-09-22,19.57064002347216,8.650017057174693,5.178671087153347
2020-09-23,18.94508511566056,8.333522658686737,5.041363011265327
2020-09-24,19.08959002896236,8.388838100728105,5.068056568476584
2020-09-25,19.527877556676323,8.613147754671898,5.186864540970332
2020-09-28,19.92660713920407,8.796219617430493,5.313342970611371
2020-09-29,19.859991292611053,8.766874790884298,5.312859017932689
2020-09-30,20.023460696276256,8.847215018186434,5.319700392801758
2020-10-01,20.34706579041696,9.004318260825961,5.429801073275858
2020-10-02,19.703915745126903,8.71166860997868,5.260538141881936
2020-10-05,20.1912490653031,8.931578265867008,5.407875703213537
2020-10-06,19.780223016108412,8.742329630121752,5.337341528393827
2020-10-07,20.1958570920425,8.925031205650987,5.461628192267963
2020-10-08,20.27662656242848,8.968870390883955,5.519378593191908
2020-10-09,20.59343383260979,9.12485392714901,5.623694496677089
2020-10-12,21.244608033525285,9.43800012735944,5.762413940536407
2020-10-13,21.245064990437086,9.446542008011338,5.755770195745286
2020-10-14,21.094301541385583,9.363882687919135,5.730429199506523
2020-10-15,20.917174957016258,9.282766475770035,5.698740421568981
2020-10-16,20.81599159482616,9.24604229164301,5.685304950440568
2020-10-19,20.40873463181141,9.065436286855531,5.601887704661537
2020-10-20,20.45581985341196,9.100702936252906,5.611878146114108
2020-10-21,20.405369819879525,9.093058045962232,5.594849181739099
2020-10-22,20.4199102969716,9.089894650618596,5.56767167184916
2020-10-23,20.44986720900148,9.116335553654366,5.574196838593513
2020-10-26,20.10620628157572,8.95572378006571,5.440917042123573
2020-10-27,20.25628184564459,9.046465729050356,5.447669242445277
2020-10-28,19.41046816875885,8.650552868600716,5.2271617958885495
2020-10-29,19.777148007844385,8.83794092328133,5.354735867400751
2020-10-30,19.302750655174737,8.573688753760381,5.23977782523035
2020-11-02,19.388531235932547,8.603239256266448,5.2654345475692494
2020-11-03,19.777538916310835,8.784882486584733,5.390718520300154
2020-11-04,20.636155660984542,9.234671711825555,5.653833565588769
2020-11-05,21.188805222759896,9.501947934052977,5.856641069554625
2020-11-06,21.220237595315773,9.519611746383664,5.90728353601656
2020-11-09,20.79716958613147,9.258264322533462,5.813520596669232
2020-11-10,20.40401095331046,9.054647665090528,5.628738883910573
2020-11-11,20.88236325053625,9.302392389794306,5.806284443668846
2020-11-12,20.72920117633831,9.27231244708668,5.742541995186429
2020-11-13,20.915480317607663,9.37670595415349,5.827025479337219
2020-11-16,21.06047682104236,9.42562442080795,5.905516433904954
2020-11-17,21.052503862367104,9.401354874823635,5.869217572880835
2020-11-18,20.972392672827382,9.357702163152094,5.793125172624977
2020-11-19,21.14642568455517,9.444205934215596,5.887737439282902
2020-11-20,20.96355928871596,9.381950735294389,5.838812426400796
2020-11-23,21.01943697876526,9.395849191949733,5.8726037955578745
2020-11-24,21.36105011393796,9.556377944231434,5.938814209891742
2020-11-25,21.52299645320419,9.618021736215857,5.943917886148609
2020-11-27,21.700455999295343,9.729849452667526,6.030958510698215
2020-11-30,21.68151471670885,9.720983295658993,6.07862929562222
2020-12-01,22.07319177821683,9.87669916282149,6.161375563185388
2020-12-02,22.05750799364748,9.88215977376052,6.180921659919044
2020-12-03,22.115463591466447,9.906134116768191,6.158947123349527
2020-12-04,22.25528159344764,9.958846263089542,6.300095007044707
2020-12-07,22.41305278865937,10.036241798561996,6.31638358166428
2020-12-08,22.482571906953694,10.081944113837734,6.348210218631806
2020-12-09,21.95108489897001,9.815590644025134,6.178177493983047
2020-12-10,22.03135189257217,9.86315287638707,6.182600069507863
2020-12-11,21.97744858542815,9.82716305467866,6.165274660015932
2020-12-14,22.1820816656666,9.901496545150652,6.233143720930823
2020-12-15,22.387730522049143,10.003651818977149,6.332050344575188
2020-12-16,22.50751435879404,10.06862530380429,6.372939525678087
2020-12-17,22.684552823089533,10.154443140354411,6.421528567427682
2020-12-18,22.700645844080903,10.15985269353414,6.4299196513226144
2020-12-21,22.567912539510708,10.098495530860347,6.418794041983292
2020-12-22,22.61376625842967,10.102510716870556,6.466850446571586
2020-12-23,22.50454761949115,10.052748257146789,6.392189659319402
2020-12-24,22.64240465507189,10.12009307979148,6.426898803277489
2020-12-28,22.94397716755875,10.236288171047391,6.399455215819191
2020-12-29,22.938044767556608,10.270064564185953,6.363077302763893
2020-12-30,22.95120434393808,10.291819336695267,6.43335504050685
2020-12-31,23.077998830333485,10.327844617265198,6.444421360822789
2021-01-04,22.75574615919228,10.178587395178772,6.367549526820487
2021-01-05,22.939935645133783,10.297793879106775,6.448241887646733
2021-01-06,22.66495628839682,10.129788845393394,6.332010818559597
2021-01-07,23.343540138783705,10.431321130934275,6.572469262497484
2021-01-08,23.71423030163161,10.599519796112803,6.6523330230700894
2021-01-11,23.25736448056174,10.37106599275262,6.624415123424715
2021-01-12,23.27672873156976,10.378297393158624,6.676400510367536
2021-01-13,23.450468376276103,10.448259732245074,6.674406374678581
2021-01-14,23.283211439810003,10.38664392065382,6.7310312482073815
2021-01-15,23.063086530641208,10.291376882485336,6.630081804391445
2021-01-19,23.427571481162367,10.487171055937054,6.817479464547724
2021-01-20,24.045518096679487,10.770910668080475,6.87279130311962
2021-01-21,24.249884195020936,10.877056800589216,6.904480081057162
2021-01-22,24.15652254279613,10.847212747680295,6.843195475910008
2021-01-25,24.398968393255117,10.975593223512629,6.85113249265024
2021-01-26,24.451558819591263,10.98156533173196,6.775395344510108
2021-01-27,23.74419869264885,10.646990357778684,6.452180992517446
2021-01-28,23.88323800267229,10.709468002886426,6.603871717834291
2021-01-29,23.328974295059428,10.451900951636055,6.479446712905592
2021-02-01,24.033449370627515,10.773170268141069,6.731998671540168
2021-02-02,24.420301385003977,10.964997203873384,6.891794640175791
2021-02-03,24.373037055875816,10.94884268755259,6.754309179242197
2021-02-04,24.615915640720125,11.067520376807291,6.868240509056427
2021-02-05,24.670753601448677,11.107803405360777,6.886098555709658
2021-02-08,24.872475638104603,11.178090718375095,7.017028964374916
2021-02-09,24.78544380813638,11.16655862177952,7.051452267756847
2021-02-10,24.63984650357144,11.12994946090781,7.096823313407949
2021-02-11,24.79540077385416,11.203785421020932,7.276668612439126
2021-02-12,24.93670639735338,11.261037731647871,7.361517471221829
2021-02-16,24.84696522882772,11.243006011079212,7.372189495431032
2021-02-17,24.76189378144939,11.193696807752268,7.242354246612354
2021-02-18,24.656517786539474,11.12312443215673,7.168098360007674
2021-02-19,24.514657205315384,11.066094915213078,7.301131359892469
2021-02-22,23.79044351408253,10.72000435899821,7.015627236895224
2021-02-23,23.709765006331786,10.691443039564469,6.956514634507178
2021-02-24,24.037746792892563,10.79366529013949,7.1025092753578924
2021-02-25,23.10276223813293,10.35047248791934,6.695670407016645
2021-02-26,23.248074411106344,10.421868078275722,6.786955257996334
2021-03-01,23.9484842280055,10.771600109182833,7.05136357523406
2021-03-02,23.535060714263075,10.552741078136105,6.8474305438730605
2021-03-03,22.83085612680479,10.208655614882472,6.562133691445371
2021-03-04,22.420602118185396,10.011545655658486,6.300578477698805
2021-03-05,22.772763917611105,10.17371409922907,6.444579464885143
2021-03-08,22.0616716412707,9.803486100656633,6.105362378849061
2021-03-09,23.071428520512328,10.304086686676245,6.495084072317093
2021-03-10,22.99136280878288,10.24877276679579,6.397421554114641
2021-03-11,23.555042240446912,10.545352128380571,6.680892015407341
2021-03-12,23.346967844775776,10.430980672598412,6.562834555185216
2021-03-15,23.59334042719773,10.55040702048351,6.703390030671132
2021-03-16,23.6803134792477,10.602675109320348,6.751959791437511
2021-03-17,23.819639224975383,10.656271942389068,6.805425957891202
2021-03-18,22.9988911104057,10.271891101138868,6.507068167434039
2021-03-19,23.112967019536704,10.34930088133995,6.583555827845792
2021-03-22,23.52691646905325,10.53799945981753,6.738000841614824
2021-03-23,23.430240467788177,10.481128502176952,6.635807292356974
2021-03-24,23.04777430629833,10.27199054514368,6.497423819630168
2021-03-25,23.038363989320807,10.256198652162723,6.450512705444811
2021-03-26,23.34391660152811,10.41682256920144,6.710636306187705
2021-03-29,23.32139815570162,10.407033441486812,6.62582697342059
2021-03-30,23.21809258626338,10.363872623448447,6.586882279474867
2021-03-31,23.611301877229064,10.5504117509735,6.766036837282385
2021-04-01,24.06220813742176,10.77044869382961,6.999693914391373
2021-04-05,24.650655075907352,11.026150047345856,7.139549008162023
2021-04-06,24.593336172561617,11.01018388201394,7.088057214389492
2021-04-07,24.685653328320573,11.041698637347556,7.069014351317733
2021-04-08,24.956816129700965,11.170835543983282,7.192215013812314
2021-04-09,25.166701190500163,11.250472306124632,7.198326121442136
2021-04-12,25.13724063400076,11.225804665492204,7.145758448806239
2021-04-13,25.50951788529413,11.387982103328769,7.221297484843841
2021-04-14,25.131226985578422,11.214178437685025,7.119439906718503
2021-04-15,25.56314831052606,11.40570089059798,7.270351198288903
2021-04-16,25.60069796369117,11.42437779505893,7.216766453788443
2021-04-19,25.34466789508192,11.301856810297052,7.060021218721928
2021-04-20,25.175750651587443,11.209413935685054,6.972447957011022
2021-04-21,25.42324779086176,11.336487005507104,7.108047737786242
2021-04-22,25.040471397249256,11.178363361589614,7.005933240559571
2021-04-23,25.376774534689662,11.34979329526861,7.153497835468523
2021-04-26,25.550285322916235,11.43125166095755,7.266925931620856
2021-04-27,25.38248089905225,11.368471050572149,7.214446951507744
2021-04-28,25.27375908643838,11.330554633465043,7.15885794880214
2021-04-29,25.35562373125124,11.389280386998628,7.180428548773316
2021-04-30,25.20142755595476,11.30219151735924,7.017295523967851
2021-05-03,25.04237239200848,11.231848461740316,6.9199294508823215
2021-05-04,24.567446710619784,11.001094945618211,6.762265958990218
2021-05-05,24.510326166949657,10.963478193043656,6.758524484197452
2021-05-06,24.728975912225646,11.065252556627604,6.752561840138381
2021-05-07,24.93966220262913,11.154192743398069,6.838239781199307
2021-05-10,24.233018852388657,10.79492471823048,6.567276893717826
2021-05-11,24.169245917451832,10.784893905661766,6.620022433423877
2021-05-12,23.477984509088294,10.466084221136166,6.373008455193074
2021-05-13,23.687879788908813,10.544718268943605,6.406859113373537
2021-05-14,24.21567408939532,10.810935056491983,6.608205600836316
2021-05-17,24.079499698349043,10.753188639016347,6.546753251135196
2021-05-18,23.87712661837087,10.66772870031833,6.499526410849703
2021-05-19,23.900638054205498,10.690247668916223,6.591462959062042
2021-05-20,24.36885693264238,10.921307408835512,6.789571687418533
2021-05-21,24.21514912640571,10.836971085040108,6.749422414046488
2021-05-24,24.692652422401387,11.055278135120922,6.8977572842348565
2021-05-25,24.712299739547124,11.079785659675512,6.93027514445062
2021-05-26,24.81033457775869,11.113399015008069,6.950581393947506
2021-05-27,24.71335488495888,11.073867004004551,6.917115873406752
2021-05-28,24.759061133272244,11.099911969308032,6.96150985523346
2021-06-01,24.693685245951208,11.094926747531424,6.922920413403465
2021-06-02,24.71612335139548,11.10527301414182,6.943602160048453
2021-06-03,24.421176442937305,10.959153491899563,6.807202700494415
2021-06-04,24.89220425110819,11.179006921746891,7.006940189907947
2021-06-07,24.939696742663536,11.210536561884144,6.9978578827647775
2021-06-08,24.988948703394463,11.220319232874305,6.988933679683965
2021-06-09,25.01691505233137,11.221437645108551,6.965764686204312
2021-06-10,25.306068184840804,11.353505791159169,7.085796519107598
2021-06-11,25.357617756304013,11.378236755906183,7.135244528659397
2021-06-14,25.620544734567183,11.501155325335322,7.22758597751924
2021-06-15,25.430071671818084,11.412851767424238,7.155165640516575
2021-06-16,25.372156472947857,11.380757660906117,7.116221910620013
2021-06-17,25.711838556967187,11.547245505737484,7.2343285373493345
2021-06-18,25.521370759972267,11.444643929390695,7.162382512533746
2021-06-21,25.67974031154991,11.51435342181844,7.200892420307982
2021-06-22,25.905255741959348,11.629999748705078,7.286333205275369
2021-06-23,25.9589413997081,11.654383427879898,7.290568273238424
2021-06-24,26.114817565133745,11.738412440577775,7.40155828906329
2021-06-25,26.03979210332074,11.704598012875488,7.399820108426507
2021-06-28,26.353696412718023,11.871735393026544,7.546456806018263
2021-06-29,26.42231039824151,11.91865199939961,7.609647336356165
2021-06-30,26.41874062346891,11.890450496266803,7.569971893146615
2021-07-01,26.43947595959817,11.8951226599949,7.497078208006036
2021-07-02,26.8087472537247,12.049625510705813,7.56459153478062
2021-07-06,26.964529613823306,12.107684816181624,7.564483561274619
2021-07-07,27.0184719347082,12.123869344669805,7.502310102801278
2021-07-08,26.90008955252053,12.050976429434098,7.415940938492115
2021-07-09,27.072091137034565,12.14424165221564,7.517601850588665
2021-07-12,27.22246977937778,12.205459491940026,7.526693798223443
2021-07-13,27.18850879560385,12.1989894071369,7.511698013528399
2021-07-14,27.27538952789313,12.217179127582291,7.48049367029412
2021-07-15,27.063308015723127,12.123214030419,7.388122335910294
2021-07-16,26.846653401762094,12.01302874483285,7.287962448356989
2021-07-19,26.59152601894003,11.892949826032584,7.241071097179427
2021-07-20,26.92905853613527,12.05024000545436,7.371754709259539
2021-07-21,27.123858628510565,12.154554762817288,7.527404302454892
2021-07-22,27.30477512207487,12.248469869902728,7.552942928771602
2021-07-23,27.613197529221036,12.40066575961468,7.637406167890017
2021-07-26,27.709292224625983,12.419391226773971,7.614800179120225
2021-07-27,27.37421258322614,12.250517141745044,7.483395458267891
2021-07-28,27.458117844378048,12.33063149526394,7.5984720784850595
2021-07-29,27.592785426026595,12.360441085200284,7.703716361312017
2021-07-30,27.368648146230218,12.25544048007856,7.772305566949969
2021-08-02,27.43367508400268,12.27494329451717,7.784556703684435
2021-08-03,27.666333376119763,12.3610304551611,7.827686335036857
2021-08-04,27.671670649201385,12.392460411278512,7.906217779669344
2021-08-05,27.83690757720282,12.47513553482383,7.924993601123582
2021-08-06,27.6944996668697,12.39928817854413,7.874963305878706
2021-08-09,27.769170086075366,12.438380999856646,7.8510635631352255
2021-08-10,27.60348471198238,12.365447442761566,7.748296886651326
2021-08-11,27.53296234984413,12.32968563494144,7.757231694272907
2021-08-12,27.690383299408776,12.394871892561232,7.736194213487613
2021-08-13,27.791122334424763,12.431250846240983,7.763628160454305
2021-08-16,27.78745775926064,12.422479173812336,7.7163029871544175
2021-08-17,27.51680235737003,12.2823001946871,7.608827894569547
2021-08-18,27.258159482854936,12.16849779529612,7.531718422449126
2021-08-19,27.41282821059038,12.218698069636885,7.60512594579237
2021-08-20,27.723379014370888,12.367519875348547,7.677012199559995
2021-08-23,28.17007048861069,12.579015119475724,7.855584953699017
2021-08-24,28.207165861474515,12.642913671431849,7.91018580601488
2021-08-25,28.220416745761025,12.65569641064918,7.947461730863392
2021-08-26,28.051708834769528,12.576277851990197,7.910985966818281
2021-08-27,28.349927673939607,12.719306024454117,8.063930438068647
2021-08-30,28.69556415540635,12.88680155360392,8.11070321119944
2021-08-31,28.68530901658498,12.874796912303928,8.02196537810238
2021-09-01,28.726422510784797,12.91464196790229,8.014808277133172
2021-09-02,28.710703690421397,12.898101712138187,8.040633226050618
2021-09-03,28.80807965204197,12.941048677386242,8.091916785204432
2021-09-07,28.88738417175429,12.99482892219935,8.063870667020682
2021-09-08,28.8142382935595,12.940604469359968,7.994827394228031
2021-09-09,28.68841732355581,12.889225085863613,8.007384134546447
2021-09-10,28.409556546574567,12.774895272673696,8.002566780890316
2021-09-13,28.43698253632768,12.78068953792588,7.989684191955575
2021-09-14,28.379072383507157,12.753487824036286,7.98476754123589
2021-09-15,28.6484997640525,12.857287344199465,8.059921921658363
2021-09-16,28.659789847789884,12.863432612332428,8.095718031045164
2021-09-17,28.301724521124505,12.693424724652065,7.9736616949043615
2021-09-20,27.679452376327653,12.390369582017549,7.771269214102197
2021-09-21,27.72467421661773,12.418758297498307,7.784121917512955
2021-09-22,28.074038073679983,12.547301776590777,7.895773271062076
2021-09-23,28.341208283726147,12.666680558516564,7.991056033911285
2021-09-24,28.393561703763243,12.68724444268248,7.998924603161106
2021-09-27,28.17533274824717,12.581570126248188,7.916306554136314
2021-09-28,27.340680446142805,12.173721131573236,7.586151530211028
2021-09-29,27.316223561548554,12.144228100273434,7.490256596144761
2021-09-30,27.166895019446688,12.088527014188244,7.496357099233815
2021-10-01,27.384664892401368,12.178897376213918,7.541274077730216
2021-10-04,26.82736904179326,11.885207592906848,7.30556405793347
2021-10-05,27.20815691949975,12.072344576063788,7.426573436685729
2021-10-06,27.398576772194865,12.164233457825848,7.480996903956017
2021-10-07,27.66794096123545,12.291805043264118,7.580584146307853
2021-10-08,27.53100326003965,12.232174198023198,7.516061300029831
2021-10-11,27.3600165153162,12.14333459656615,7.464214736166154
2021-10-12,27.247310611394933,12.098107881948378,7.445537247726309
2021-10-13,27.440015969632334,12.20882116982692,7.570693001918837
2021-10-14,27.981617724548087,12.445804141956604,7.762591807606533
2021-10-15,28.235293665795357,12.54928289547444,7.796442465786997
2021-10-18,28.53351528182487,12.70892708146198,7.905279759835968
2021-10-19,28.708122556317687,12.799165584453148,8.001698172596507
2021-10-20,28.641841516264343,12.767754637814132,7.99260622496173
2021-10-21,28.882746762261338,12.872773462900394,8.110821789246213
2021-10-22,28.623824976719558,12.73368800389808,8.059872755151169
2021-10-25,29.03089726738427,12.900292259855236,8.102440345842888
2021-10-26,29.213015938701805,12.93693114360388,8.075075810415768
2021-10-27,29.45227727878624,13.02217880579458,7.987650048226452
2021-10-28,29.830349061805904,13.195346802861431,8.08422656504935
2021-10-29,30.00392696050873,13.270853090180797,8.15746634383863
2021-11-01,30.111659724940083,13.330462199951723,8.19759585420288
2021-11-02,30.23651947497078,13.376225349305235,8.263065396756732
2021-11-03,30.629624738087987,13.5514941157335,8.333333976032662
2021-11-04,31.077783398355063,13.73990502331942,8.548825956830727
2021-11-05,31.13204641109474,13.74867709433752,8.55577578723038
2021-11-08,31.031420421371077,13.708519906953423,8.646952664704068
2021-11-09,30.678893568861888,13.575070117271698,8.677594967277646
2021-11-10,30.280788553221623,13.371312016568552,8.423009828963105
2021-11-11,30.346806602195777,13.423232203517667,8.527354653923108
2021-11-12,30.612529809633216,13.576417778978982,8.661099122088517
2021-11-15,30.566740167992204,13.56220853389064,8.587751369793239
2021-11-16,30.85592640604968,13.680421685411837,8.729135927557374
2021-11-17,30.93768776223432,13.697352118003757,8.675956083704417
2021-11-18,31.37956589835704,13.87625988094038,8.713962757816756
2021-11-19,31.617185103927905,13.963759287718736,8.720389109522134
2021-11-22,31.29317020557059,13.781297369019086,8.503880056859506
2021-11-23,31.129196840583347,13.68974118549016,8.417431840519162
2021-11-24,31.251202874145243,13.749082048537591,8.472744161115639
2021-11-26,30.524767263836285,13.417981207740246,8.282049452829687
2021-11-29,31.352387988316345,13.770701999093443,8.546832303166354
2021-11-30,30.91234049998818,13.53855111181554,8.325732448400363
2021-12-01,30.430011455827074,13.300794843870852,8.156923584161142
2021-12-02,30.618632385265844,13.371294504193148,8.251465957254915
2021-12-03,30.045871393140494,13.088124355016276,8.058096012547956
2021-12-06,30.25717025761281,13.20434998850704,8.12778134208165
2021-12-07,31.249047333988976,13.661943522380191,8.489556214429488
2021-12-08,31.363573726958062,13.732160934426624,8.523277690022415
2021-12-09,30.840799825904067,13.49873214817673,8.327034878816502
2021-12-10,31.224471210450723,13.657370413676508,8.396177448672708
2021-12-13,30.633143304256134,13.416716757497731,8.253647600505632
2021-12-14,30.285593535456783,13.261369902864285,8.121809057530973
2021-12-15,31.049202923885066,13.601073474811418,8.399543908341952
2021-12-16,30.16723631330208,13.1974089631658,8.076517063911052
2021-12-17,30.022175149422885,13.143630557447707,8.101216003408771
2021-12-20,29.68802530981324,12.976401287793989,7.996466277801264
2021-12-21,30.380021282884293,13.313628088158442,8.310431060121372
2021-12-22,30.90470834382669,13.51922958390814,8.38633547079089
2021-12-23,31.223629154712825,13.653922449613416,8.461934277876457
2021-12-27,31.72761599594366,13.882778414697054,8.639776282751653
2021-12-28,31.57712262860732,13.811830489068702,8.5339795997556
2021-12-29,31.580902373685237,13.799704030504232,8.533149553428219
2021-12-30,31.370585710253856,13.741746004032713,8.513682508725742
2021-12-31,31.168270928534128,13.633572955865436,8.452693866670929
2022-01-03,31.830326600011347,13.89159715630151,8.442851888789109
2022-01-04,31.35045098851752,13.652538891229272,8.28760719624126
2022-01-05,30.29667964454667,13.158441069108637,7.928725435424752
2022-01-06,30.15455492331584,13.142978907894012,8.000918256825486
2022-01-07,29.739171899613893,12.99340100351974,7.825090150647041
2022-01-10,29.872703399018118,13.02999171407565,7.875990018234889
2022-01-11,30.259536605135438,13.239238913345032,8.029576546226297
2022-01-12,30.48299282279364,13.330281761745278,8.050179240840105
2022-01-13,29.600271954516668,12.905859227634656,7.744713515920932
2022-01-14,29.83553147861023,13.02847172975845,7.868092527510246
2022-01-18,29.062994742244133,12.664240440527855,7.567780609404297
2022-01-19,28.636785422741585,12.499774481749323,7.465320500553508
2022-01-20,28.193345032399083,12.32238592003983,7.339454242129527
2022-01-21,27.319600960698335,11.913389578756078,7.129528681185475
2022-01-24,27.41073402199253,11.957816743949182,7.26340136788926
2022-01-25,26.72607421024076,11.627721229632613,6.926632484696834
2022-01-26,26.90564312440198,11.670188343114534,6.950719735002076
2022-01-27,26.40920632206465,11.447473464207444,6.767744650370612
2022-01-28,27.29045759871247,11.843209163359596,7.029961201841434
2022-01-31,28.287924332357505,12.324595142074235,7.4334345745625985
2022-02-01,28.434443589242694,12.40016657425464,7.4846005197188035
2022-02-02,28.761876562908384,12.511802883166782,7.559043431860664
2022-02-03,27.792626153377828,11.92082484355448,7.153774517577654
2022-02-04,28.371449655105664,12.18783541717511,7.281555377634831
2022-02-07,28.12784226666122,12.062135966146222,7.237201403848292
2022-02-08,28.51638777674311,12.235933983284566,7.379158606813899
2022-02-09,29.0415336956906,12.50388217937738,7.664080444118067
2022-02-10,28.307669452569257,12.192692582619728,7.476080253236336
2022-02-11,27.36325984038367,11.756813582729864,7.116033921033676
2022-02-14,27.459005028029896,11.7979506583991,7.130427175003268
2022-02-15,28.18652449445738,12.129784942225935,7.4321408205889075
2022-02-16,28.222692892264845,12.12991001929069,7.379365877383455
2022-02-17,27.33012014000966,11.723624113793043,7.027345254443812
2022-02-18,26.99269687525431,11.556185773636908,6.882929726118362
2022-02-22,26.67518298554869,11.40281860755871,6.8499872022473
2022-02-23,25.87306236528801,11.047201994077634,6.653981547134926
2022-02-24,26.841060743268017,11.497780026823538,7.054423949294778
2022-02-25,27.256393417135914,11.684934008298764,7.13657780864868
2022-02-28,27.448293344629924,11.776972245013557,7.171493741151741
2022-03-01,27.01509353688524,11.565340900731329,7.019289659656812
2022-03-02,27.48232510416328,11.769950882352829,7.189549417882921
2022-03-03,27.053064134860914,11.540780901744707,6.977344362698339
2022-03-04,26.699306941815465,11.348959178693796,6.782888416611828
2022-03-07,25.64426639192818,10.86265904510798,6.396434367774066
2022-03-08,25.57026537879811,10.836539283050582,6.393433282736735
2022-03-09,26.526366944431835,11.287545128610594,6.738820283401443
2022-03-10,26.31987498623803,11.165781837501283,6.590288265159707
2022-03-11,25.754296157544232,10.88616669799762,6.344824477979346
2022-03-14,25.19984840238625,10.621686739922056,6.100890636817052
2022-03-15,26.08117078377504,11.012943688994977,6.336265649530448
2022-03-16,27.00409456287807,11.50447977152616,6.751880739406337
2022-03-17,27.36470530002717,11.663773843008444,6.862346794512351
2022-03-18,27.977177561911024,11.96434974453128,7.093782702355034
2022-03-21,27.984290620147483,11.9425962564197,7.033406713541861
2022-03-22,28.630223229458903,12.246641919413142,7.201159461925512
2022-03-23,28.259661929807177,12.08087940466776,7.008341917387648
2022-03-24,28.90342161565423,12.35713152762942,7.259699419112088
2022-03-25,28.90113032416768,12.344970020693813,7.190408385685132
2022-03-28,29.50252935066538,12.60075007358718,7.324833472558009
2022-03-29,29.93204638871326,12.811271390417854,7.514808036120902
2022-03-30,29.59807512495109,12.653679287085923,7.328742691904742
2022-03-31,29.114605401641143,12.42487033952454,7.213449160626409
2022-04-01,29.16122498370427,12.454722217605427,7.19577910355952
2022-04-04,29.829488327575792,12.770106920647882,7.386660837382653
2022-04-05,29.11876412319992,12.433957091153731,7.087405517156856
2022-04-06,28.39284732230472,12.098622937215964,6.869928559136861
2022-04-07,28.45781829060356,12.11846306014762,6.892999219602121
2022-04-08,27.99762932448018,11.909927275971226,6.7359970654342725
2022-04-11,27.215724178699567,11.57974298671485,6.595914938086271
2022-04-12,27.129389242262047,11.538510043035494,6.543880384636253
2022-04-13,27.69279836057448,11.812501620927112,6.755898414283654
2022-04-14,27.000973224642664,11.49431621124446,6.526555457168901
2022-04-18,27.1189670235822,11.530649009321024,6.518055917743387
2022-04-19,27.733975060759327,11.808512553856374,6.718849523012492
2022-04-20,27.24602571221649,11.58754016161828,6.604098751411646
2022-04-21,26.745103088493877,11.337486228801705,6.340056290830415
2022-04-22,26.0144411812889,11.020343447117437,6.152283615550613
2022-04-25,26.35196113124622,11.178698182124828,6.325613870353624
2022-04-26,25.15246232243941,10.646236526374292,6.032853831348199
2022-04-27,25.09845609950997,10.637405636817435,6.011026794300271
2022-04-28,26.001536594168133,11.04596230777282,6.359138679917763
2022-04-29,24.710203739143516,10.483411455203017,6.011066320315861
2022-05-02,25.18058791532502,10.694715538697071,6.189618829422509
2022-05-03,25.239202358200128,10.707264085153138,6.166814728550189
2022-05-04,26.152576170633846,11.10926193684922,6.405486789393256
2022-05-05,24.71737785961258,10.452892215571438,5.9737311064439655
2022-05-06,24.461902008303507,10.312261111459613,5.791229851974998
2022-05-09,23.430899072703983,9.81394685910552,5.4010049248450684
2022-05-10,23.75426822116072,9.958931058616017,5.533949232207077
2022-05-11,22.95683109938305,9.596645266379022,5.297676207700468
2022-05-12,22.877470984212444,9.572613445942732,5.354686218868977
2022-05-13,23.760688433603665,9.993899022919551,5.714969707165176
2022-05-16,23.43819933367308,9.835703093419362,5.543436439997752
2022-05-17,24.122830713903117,10.139897215568606,5.742304839092893
2022-05-18,22.830350302434,9.559818968196176,5.397905506793345
2022-05-19,22.680070266102444,9.5257375226759,5.485992124682336
2022-05-20,22.51340848684452,9.46213321318178,5.529526656682259
2022-05-23,22.913523517017644,9.639416343634307,5.578609773626725
2022-05-24,22.32633521720029,9.36026897490435,5.372514862022805
2022-05-25,22.681076511533234,9.526731713413453,5.534788437001486
2022-05-26,23.376346477434737,9.848335042821018,5.768435873618867
2022-05-27,24.241109331471165,10.242130638387454,6.046298942968222
2022-05-31,24.24042728094749,10.239501484275156,5.952141225489577
2022-06-01,24.074317190360244,10.160998648584338,5.88741159066658
2022-06-02,24.769820572078817,10.487896444657574,6.187466589671197
2022-06-03,23.99613022262521,10.143269575976356,5.985143038384025
2022-06-06,24.1354306972129,10.216767303494157,5.999052339674935
2022-06-07,24.30213752428079,10.307592916199098,6.1135365516828415
2022-06-08,24.106839906827098,10.2414479872536,6.0310173176970245
2022-06-09,23.44978308917026,9.92518940933152,5.825337429256796
2022-06-10,22.5531311748238,9.52518119364913,5.522113118636304
2022-06-13,21.4524111527354,9.015694784602845,5.129686785247863
2022-06-14,21.50320627900638,9.0548482579882,5.163290646843181
2022-06-15,22.131466542553607,9.334886881493306,5.32568279986863
2022-06-16,21.186922528562352,8.895061918027,4.977383888713958
2022-06-17,21.44883814915316,9.02609518436703,5.065766469695292
2022-06-21,22.09385561556269,9.315034184573696,5.21782256964405
2022-06-22,22.058195582310343,9.29154271760738,5.192264662344126
2022-06-23,22.37523474587149,9.4472915088455,5.326265085561706
2022-06-24,23.21756779996047,9.827998984575558,5.619370736191252
2022-06-27,22.99986285218295,9.726587383546182,5.54287343528789
2022-06-28,22.20743196035613,9.370034010772576,5.31660049272546
2022-06-29,22.246185984061697,9.383024598940995,5.276876365033292
2022-06-30,21.924834689319848,9.233022175769852,5.168236219037689
2022-07-01,22.087275731528955,9.310442136825202,5.1722442534233934
2022-07-05,22.53442307578152,9.50978068520616,5.325248495721724
2022-07-06,22.70941647871724,9.567949735998202,5.346018934889499
2022-07-07,23.268070125788213,9.82196058023505,5.542676287234523
2022-07-08,23.32627725236761,9.844897780582642,5.543860621628471
2022-07-11,22.73206979792272,9.564407531703209,5.367914419427838
2022-07-12,22.47690994969348,9.44856810052931,5.248879895381321
2022-07-13,22.451373480432878,9.4453273104968,5.24390443766283
2022-07-14,22.541165694022787,9.477421861410347,5.235917772390821
2022-07-15,22.961255517654774,9.6618001876715,5.389780982491356
2022-07-18,22.751138835728653,9.577588745397042,5.343511443022461
2022-07-19,23.51301860446488,9.9123968600041,5.5825585189890505
2022-07-20,23.8911436323552,10.09105389313464,5.789442986855603
2022-07-21,24.330476210118867,10.294122235721431,5.899218300737958
2022-07-22,23.85832052747392,10.071338961970326,5.730991722191814
2022-07-25,23.706292122888662,10.00623649315925,5.659726798108276
2022-07-26,23.156499223523408,9.7496436176217,5.465843497223233
2022-07-27,24.285510739161527,10.244694201168214,5.77003523117651
2022-07-28,24.54915742805448,10.359781786568403,5.86436069320912
2022-07-29,25.201654615469984,10.631126965024889,5.942674262731283
2022-08-01,25.17958243224498,10.62108766152178,5.971272781084128
2022-08-02,25.09336892256103,10.593811478676994,5.979999836111572
2022-08-03,25.817009495653892,10.920106072643437,6.171573275207523
2022-08-04,25.96499340521907,10.982529762372083,6.184307882596092
2022-08-05,25.658582675000503,10.855683169460503,6.193340541207485
2022-08-08,25.55063573107928,10.8072960902561,6.168789101231355
2022-08-09,25.25563824954328,10.660346074275036,5.959347974990566
2022-08-10,26.021868080260155,11.007955194661273,6.234496281903326
2022-08-11,25.81028370668647,10.91735680804539,6.166479239442263
2022-08-12,26.406291273588025,11.178739053560822,6.346986358222276
2022-08-15,26.62122139845394,11.275487007188085,6.393966401922623
2022-08-16,26.57598908260505,11.244624562330998,6.318673680445585
2022-08-17,26.25679258736613,11.093972743124985,6.149943868237543
2022-08-18,26.333096055995973,11.11905587517688,6.19616375917466
2022-08-19,25.78356731798624,10.864908953637135,5.988913916676195
2022-08-22,25.04825156662452,10.544905598839796,5.770232379229876
2022-08-23,25.050145867660287,10.55931111449624,5.777567347269236
2022-08-24,25.103684515435397,10.594138864731253,5.808170123827223
2022-08-25,25.54784588270548,10.813542796672142,5.9704933473376816
2022-08-26,24.43284501171005,10.321186616581391,5.65270803819363
2022-08-29,24.17970643810721,10.216530812976908,5.546802417642416
2022-08-30,23.885537047703757,10.08706817341293,5.495221931347098
2022-08-31,23.721239834786253,10.024451254731414,5.450354601382474
2022-09-01,23.783187482068826,10.026972054810445,5.28520815990484
2022-09-02,23.41494519327575,9.872244426590658,5.22322269101784
2022-09-06,23.2584916461692,9.79184782298389,5.1587494932715945
2022-09-07,23.792205638615496,10.025492998834528,5.286827280470274
2022-09-08,23.909393831435416,10.08369866031632,5.380007452099945
2022-09-09,24.460636326851443,10.340980086605953,5.600179891573322
2022-09-12,24.76895919276049,10.487382720165575,5.672234371919491
2022-09-13,23.30547481713173,9.840093299293097,5.280144009663562
2022-09-14,23.549622631905194,9.948838798668657,5.313846204273275
2022-09-15,23.152529469258223,9.770922130679107,5.175916798701168
2022-09-16,23.038447503629424,9.7008946774177,5.1018084116180775
2022-09-19,23.23637992102304,9.78986184930533,5.143872768647899
2022-09-20,23.018957200065916,9.693208566836493,5.063811860021926
2022-09-21,22.56616003475888,9.487709815841992,4.974570311238388
2022-09-22,22.298513095994608,9.354347511798634,4.8415763553446025
2022-09-23,21.86527613507291,9.160650886288913,4.763549108423174
2022-09-26,21.78432018595673,9.126548574991885,4.702531062868959
2022-09-27,21.82144045154075,9.148786874038114,4.750360433879904
2022-09-28,22.28382294661948,9.357315118164603,4.870234644745412
2022-09-29,21.564350329782204,9.038270773743678,4.738583127307932
2022-09-30,21.175773129635296,8.869561098754875,4.6504868689273335
2022-10-03,21.614431373330333,9.068634128677749,4.83413293177466
2022-10-04,22.32513988755788,9.404129308885132,5.051866808895989
2022-10-05,22.260664487690256,9.381844871376511,5.083989890980437
2022-10-06,22.097240833672657,9.302777402129562,5.041758271421229
2022-10-07,21.164595648013616,8.88732401091722,4.736875314219713
2022-10-10,20.96412013255328,8.772968451227305,4.564256045672734
2022-10-11,20.694996476759705,8.641056618874664,4.414707437591016
2022-10-12,20.698868321867515,8.641967589062636,4.386582267376086
2022-10-13,21.191058761903545,8.844284684548727,4.4870188370385184
2022-10-14,20.4552451900874,8.508405188062854,4.282365178929879
2022-10-17,21.256609966631974,8.869184507986441,4.474540666726703
2022-10-18,21.42878831459769,8.95216168156294,4.538253711709717
2022-10-19,21.357980058174743,8.905313937183788,4.499990118496045
2022-10-20,21.200297313894534,8.849965554883411,4.5266441496917125
2022-10-21,21.75071734649164,9.095185152280475,4.66088172900283
2022-10-24,22.017694844372468,9.174718669478487,4.68877986564041
2022-10-25,22.48571263576872,9.39457018058005,4.849000015906752
2022-10-26,21.831377454288518,9.131575079381562,4.736312791534433
2022-10-27,21.350002545859564,8.928418885227229,4.661316033149737
2022-10-28,21.977123497163376,9.195764810868264,4.828209813731183
2022-10-31,21.688233205122167,9.070423136992904,4.747023859734646
2022-11-01,21.37146531072674,8.941673191299941,4.722324438212344
2022-11-02,20.59137440582837,8.589408569032297,4.477719136809607
2022-11-03,20.15420113346911,8.40561380694675,4.323827005234251
2022-11-04,20.51178354077743,8.565763233572781,4.355485897647811
2022-11-07,20.71045863758984,8.652377845156643,4.463730783487518
2022-11-08,20.82189494620325,8.712255656929944,4.557158233726915
2022-11-09,20.28174661587072,8.457224457359914,4.400748487768332
2022-11-10,21.93313048888563,9.210994921235162,4.967847514416092
2022-11-11,22.367753935023305,9.410486195889964,5.182066950322004
2022-11-14,22.125812699352828,9.305315198374124,5.086013430168799
2022-11-15,22.44125411667794,9.467803674327348,5.262848485695619
2022-11-16,22.124732276373123,9.310880408112537,5.042765220769609
2022-11-17,22.052390587587844,9.286933322171642,5.000819441786556
2022-11-18,22.01903873907005,9.275004868052662,4.981796341722592
2022-11-21,21.736104379441443,9.14204705343357,4.888714503107314
2022-11-22,22.0867824978794,9.288471692389878,4.995034664797639
2022-11-23,22.357637507429757,9.408869731685382,5.071778280261565
2022-11-25,22.198909796982004,9.332443669653484,5.014659813562475
2022-11-28,21.87133777885162,9.201669944437592,4.902327841305882
2022-11-29,21.6850767359177,9.129661724407631,4.864765593856637
2022-11-30,22.797679091109703,9.620259005087313,5.172362831470169
2022-12-01,22.79442575047652,9.626893971561756,5.246836111160593
2022-12-02,22.68869003943211,9.586128124058366,5.153882491083691
2022-12-05,22.244770331579044,9.391265245163863,5.016397512174678
2022-12-06,21.7588044093514,9.177900531355975,4.888260435952614
2022-12-07,21.62965894693666,9.123389501741574,4.86623625085132
2022-12-08,21.88096675571674,9.247114710751964,5.006229203651953
2022-12-09,21.754951505345502,9.185337621481455,4.979407427902321
2022-12-12,21.9935579146656,9.286270413693751,5.110268907052588
2022-12-13,22.2598038516289,9.407068324589476,5.2290571165385415
2022-12-14,22.06043697202617,9.328431179713052,5.169450438955625
2022-12-15,21.291474636799244,8.982554808083762,4.929070565024336
2022-12-16,21.06933870430984,8.879501320504607,4.894460236105224
2022-12-19,20.74504120935605,8.739118075219245,4.789976106041497
2022-12-20,20.697148862807754,8.714622978059,4.787695647751806
2022-12-21,21.0268235872179,8.861578327294986,4.873235729782748
2022-12-22,20.44578212386978,8.604697988183501,4.66439617021825
2022-12-23,20.519440177867224,8.627064913805832,4.661829389327825
2022-12-27,20.142809763737084,8.469942274276308,4.590011583050613
2022-12-28,19.877906657174027,8.34654954916714,4.511036675804193
2022-12-29,20.43070822706498,8.594127367178967,4.69168213563877
2022-12-30,20.41459916854466,8.582295884375428,4.678058674924015
2023-01-03,20.2612383014077,8.526592381561084,4.640121412351247
2023-01-04,20.35340902603488,8.594532718678655,4.726667961705984
2023-01-05,20.00272971954997,8.445804863760024,4.57512521793531
2023-01-06,20.607118553366227,8.704944847355694,4.753795823064145
2023-01-09,20.76503046312989,8.77713591597109,4.854804555903466
2023-01-10,20.965402467669147,8.867228862776217,4.893502453264044
2023-01-11,21.395439325158566,9.053542547863623,4.988765935130037
2023-01-12,21.48424757725238,9.099502999626838,5.033198960947755
2023-01-13,21.652403582737435,9.185714492450789,5.072084365870093
2023-01-17,21.68341765613389,9.194732276483656,5.097336669586069
2023-01-18,21.411567179306736,9.068696990266211,5.013247963566594
2023-01-19,21.19984810385756,8.97108582306137,4.923621277143348
2023-01-20,21.877579287320557,9.2653064649111,5.126695822726723
2023-01-23,22.385900877849984,9.49102070119222,5.336324456529273
2023-01-24,22.32227118614112,9.458928353971327,5.291299022502291
2023-01-25,22.23928891676442,9.430730661043748,5.274763651297572
2023-01-26,22.728450432705728,9.656133866627655,5.441746124401805
2023-01-27,23.007675349417948,9.779844196035846,5.446919212198244
2023-01-30,22.502677438156656,9.54050834096658,5.281723122188832
2023-01-31,22.898289519483257,9.707799724243005,5.401192432406836
2023-02-01,23.42385230907239,9.946782093174072,5.672461405496846
2023-02-02,24.400406139731484,10.353280326499236,5.909425653251693
2023-02-03,23.895473514822715,10.126064809794538,5.736095398448682
2023-02-06,23.70145876736902,10.031313715337197,5.624178449355781
2023-02-07,24.205377124398105,10.26016202499652,5.82423166486945
2023-02-08,23.70467437114434,10.044637919935438,5.705690251968642
2023-02-09,23.45779635884268,9.947930710508942,5.677160663130789
2023-02-10,23.291267406476017,9.864779532632536,5.589054282234002
2023-02-13,23.65403667768205,10.035084566181144,5.697348334580906
2023-02-14,23.849864963840574,10.125807509571528,5.820539356583881
2023-02-15,24.050432255427925,10.219091312726253,5.892495503915657
2023-02-16,23.520533042299547,9.987198088578095,5.69699308246518
2023-02-17,23.3830370841194,9.915322974379372,5.597060228489225
2023-02-21,22.78420550635349,9.638033451874998,5.411568011499114
2023-02-22,22.79274449359094,9.646696999345734,5.4501174452889405
2023-02-23,23.00958239606037,9.739016839500332,5.584394550615648
2023-02-24,22.58225889017853,9.54109191938603,5.446099770411627
2023-02-27,22.75942389710348,9.628082853387577,5.488114478909672
2023-02-28,22.73275369783128,9.6117804875345,5.509664833848472
2023-03-01,22.526170549179565,9.529257164831758,5.468736126729982
2023-03-02,22.693240135468702,9.617441086739834,5.561669501774508
2023-03-03,23.21336729484329,9.838669898575445,5.650368290880559
2023-03-06,23.23516305506182,9.837321076888063,5.62171048350433
2023-03-07,22.9430810068739,9.704922377838487,5.538767067887795
2023-03-08,23.06199486232444,9.75475296520976,5.62737668244648
2023-03-09,22.63775109364776,9.547796588404836,5.478676919650777
2023-03-10,22.32760263549009,9.409019541820529,5.3498688652128505
2023-03-13,22.524721515222456,9.50265047453196,5.383867504939485
2023-03-14,23.12153706887514,9.755245541945053,5.547848893006387
2023-03-15,23.259773289915604,9.7992738517166,5.524729066033931
2023-03-16,23.943211547990305,10.106295772032553,5.743884433642745
2023-03-17,23.81928499476187,10.052232577174935,5.698533150999439
2023-03-20,23.91556321164139,10.077882364663893,5.696697119372842
2023-03-21,24.313385267833937,10.250598156070808,5.773648005406323
2023-03-22,23.968428397311197,10.094164030537032,5.652263611530543
2023-03-23,24.291241667566773,10.247768074315278,5.812296736259704
2023-03-24,24.35636853342185,10.26521375925238,5.743696926080984
2023-03-27,24.151214298660435,10.178201437660988,5.69256086644876
2023-03-28,24.001264785581057,10.120035756000892,5.651049391612613
2023-03-29,24.46970481111425,10.325602718197477,5.818969884550228
2023-03-30,24.68674633402771,10.433156446880297,5.916928365845022
2023-03-31,25.14288913550916,10.63042523562793,6.037849052074495
2023-04-03,25.05953608360606,10.587607653431617,5.9740371920525055
2023-04-04,24.98785781996079,10.550983722525032,5.902693215937788
2023-04-05,24.71131588205004,10.425784509393418,5.755523399160152
2023-04-06,24.926343697311435,10.51140157934315,5.763588634438761
2023-04-10,24.89317560362082,10.49929049117296,5.825149921695043
2023-04-11,24.704124277768383,10.42305136646101,5.798011937820693
2023-04-12,24.457662772880266,10.31304879767658,5.719254423660017
2023-04-13,25.00400662484142,10.553231959524052,5.824271190885043
2023-04-14,24.964110841981828,10.528570828085597,5.799611295378332
2023-04-17,24.95852615123661,10.52386262615859,5.798663635053341
2023-04-18,24.94291824307315,10.52485594473679,5.801467090012722
2023-04-19,24.95445838876837,10.518306377331257,5.7484352277059365
2023-04-20,24.72033402846511,10.415851514584022,5.713351068624329
2023-04-21,24.784519990206917,10.440623415632858,5.686509047842321
2023-04-24,24.7262507109354,10.408411606000326,5.648433444214991
2023-04-25,24.22514189471129,10.177894146874548,5.410995366297647
2023-04-26,24.375544012886813,10.248859442369152,5.470433817302018
2023-04-27,25.11942279589552,10.568957311810497,5.581068098986577
2023-04-28,25.25871126453916,10.631278564268303,5.628186483741489
2023-05-01,25.202930357607396,10.608622450745946,5.635955273903174
2023-05-02,24.980771433572787,10.507136511263448,5.556506536494259
2023-05-03,24.821783942310915,10.446174584787023,5.507206508488632
2023-05-04,24.7377869964745,10.412435827998271,5.523287812538651
2023-05-05,25.29846414030635,10.65622001397655,5.626389496105902
2023-05-08,25.375761324947987,10.694700822137966,5.675521779557563
2023-05-09,25.2131787723051,10.616388410470618,5.616803955300834
2023-05-10,25.54553140781885,10.7571078634501,5.718701541466342
2023-05-11,25.675778263445714,10.811910778420843,5.697131423519748
2023-05-12,25.58090521516446,10.763364998801972,5.690517082228028
2023-05-15,25.699043581915795,10.82852330242079,5.839769727217406
2023-05-16,25.776948486342807,10.85553002022684,5.812908425452184
2023-05-17,26.127232879011174,11.011939086167605,5.945349499152295
2023-05-18,26.640620235248445,11.229657707832406,6.132875377846951
2023-05-19,26.5835979414953,11.201819444597396,6.113901926314764
2023-05-22,26.68289010440898,11.255466204971864,6.174692456267048
2023-05-23,26.338285030014585,11.09707921807445,6.0603663483215
2023-05-24,26.22107589226367,11.036725819879182,5.991529864073823
2023-05-25,26.915857984632463,11.331512777712842,6.240676319048146
2023-05-26,27.63013355318029,11.671037918226173,6.602084852714909
2023-05-30,27.78763196942912,11.721204689534826,6.617692326602433
2023-05-31,27.58895132834256,11.63896816242822,6.545114367561991
2023-06-01,27.980414583700536,11.805966451647432,6.628936513988525
2023-06-02,28.199621079777057,11.902066118167964,6.659104986399608
2023-06-05,28.250676471270918,11.920272096806215,6.637505464953612
2023-06-06,28.27091847579685,11.936499502033678,6.691948695231696
2023-06-07,27.740451323775883,11.703334949735735,6.535440134234138
2023-06-08,28.139256990317417,11.876573163282767,6.623842478223267
2023-06-09,28.240013786129136,11.917689885374834,6.643734668605623
2023-06-12,28.772687357959708,12.150390018895424,6.853235083869797
2023-06-13,29.01962230390344,12.2606803233187,6.945625699236837
2023-06-14,29.23352164364252,12.347395959393468,6.997196545040548
2023-06-15,29.56295176979195,12.499228246244613,7.060021218721957
2023-06-16,29.37177679337166,12.409217854846666,6.978183567492771
2023-06-20,29.40535700758234,12.405942664036186,6.904489721548791
2023-06-21,28.968109706208875,12.209625460374076,6.717901862687518
2023-06-22,29.35886376228649,12.377049256775203,6.775513922556899
2023-06-23,29.05891780415113,12.230928131541306,6.664129610625298
2023-06-26,28.583530029229028,12.03252028265302,6.647071242750887
2023-06-27,29.10020723814881,12.266483789184102,6.86809252751028
2023-06-28,29.156134625050345,12.290655725948726,6.852514457122158
2023-06-29,29.110594831943484,12.267512572599536,6.836018611933028
2023-06-30,29.592188050683717,12.47564640996782,6.945764040291401
2023-07-03,29.71988626393688,12.52195043333945,6.9702860767681285
2023-07-05,29.73591933288064,12.52709355361194,6.89339399773345
2023-07-06,29.49421060142537,12.402970732737916,6.781229770030824
2023-07-07,29.38778404189665,12.36367874272086,6.783095687181404
2023-07-10,29.345617839084788,12.356566746809513,6.951637991827685
2023-07-11,29.479811388241,12.415502261505548,6.971845426285598
2023-07-12,29.87316808680388,12.590739345525508,7.037957507605073
2023-07-13,30.439117113231315,12.849007525999529,7.220251491504486
2023-07-14,30.45101259824617,12.848246633247252,7.180526881787738
2023-07-17,30.745410169797136,12.977554674076012,7.333975550749161
2023-07-18,30.978687197910453,13.074314080805967,7.366355069910361
2023-07-19,30.94629882264576,13.0542334468964,7.333610176117247
2023-07-20,30.10472345328796,12.68903805100776,7.050672351985845
2023-07-21,30.018329481761945,12.662062338782048,7.107337233554816
2023-07-24,30.128273850064836,12.703703613742515,7.095638496989443
2023-07-25,30.35261078694715,12.804132169248808,7.216430964680539
2023-07-26,30.286307289442615,12.77507843868288,7.165067389446385
2023-07-27,30.19925332815553,12.738318075305784,7.244012411168823
2023-07-28,30.84731285155842,13.034609110881624,7.413759295241428
2023-07-31,30.84721721220359,13.04206857973558,7.477374007210049
2023-08-01,30.720620671424538,12.98530589495138,7.487196704108655
2023-08-02,29.978060988895106,12.641752632639855,7.150941177094312
2023-08-03,29.976202695812496,12.65338817682518,7.157179539213351
2023-08-04,29.93887042530276,12.629260493840627,7.0666056744896935
2023-08-07,30.228711967596432,12.75236154909802,7.12134486786012
2023-08-08,29.959597208419183,12.6282994265665,6.972171274901922
2023-08-09,29.51961585454893,12.44278828214344,6.8726727250728725
2023-08-10,29.57731280567611,12.474075504585262,6.902357726829853
2023-08-11,29.37215262056831,12.37233328489417,6.785514004501077
2023-08-14,29.7868839944604,12.548873902023216,6.9315390129003545
2023-08-15,29.42961868818191,12.385543096887686,6.804132685942119
2023-08-16,29.071843122052208,12.23222967937297,6.695660284500481
2023-08-17,28.765596513006848,12.097575969791174,6.606892565879439
2023-08-18,28.66726854661446,12.056711663809413,6.633438141544524
2023-08-21,29.297914313762448,12.326689358791372,6.8143892049630495
2023-08-22,29.23419623216555,12.300209262168613,6.77315441223603
2023-08-23,29.75839299600068,12.525620848081218,6.917372792508114
2023-08-24,29.10612096638049,12.229219194497295,6.696667233848857
2023-08-25,29.338696570359307,12.333437173019302,6.795336701399686
2023-08-28,29.55656966962889,12.429308776731885,6.849118593953515
2023-08-29,30.294518025198037,12.761778883591402,7.059280828966525
2023-08-30,30.45274715620473,12.838861775192925,7.125836372899933
2023-08-31,30.563124947962677,12.886170590997123,7.2168455058196574
2023-09-01,30.434625980327706,12.848671544732746,7.266234708372652
2023-09-05,30.54479940888332,12.893111023905044,7.2946452371391555
2023-09-06,30.19921772428814,12.746689896479689,7.269522116010718
2023-09-07,30.023276908837424,12.657801387711768,7.174791753330604
2023-09-08,30.06092015728896,12.66938910376408,7.158373996123492
2023-09-11,30.56375333638156,12.87791062944698,7.232768705807317
2023-09-12,30.176227806138822,12.712753106025929,7.116250832094865
2023-09-13,30.39605653488407,12.796470627209008,7.137584275972502
2023-09-14,30.654854228986213,12.910608573867778,7.197595372178341
2023-09-15,30.072656343364475,12.658037626464944,6.983652136356976
2023-09-18,30.079862183173255,12.657751894790396,7.022073833633007
2023-09-19,30.0028019621021,12.619479535096334,6.974293629129259
2023-09-20,29.476703928928085,12.394936144988646,6.853896421594059
2023-09-21,28.86231075769098,12.127221512097446,6.695058235799613
2023-09-22,28.81693333496987,12.118323724337046,6.755168147044428
2023-09-25,29.00074974629644,12.196179363648788,6.776570038412475
2023-09-26,28.506000437758228,11.977724582483724,6.654317036242884
2023-09-27,28.573627736440034,12.009528950891855,6.712778423422862
2023-09-28,28.850968015459262,12.125559081506593,6.8004109741571535
2023-09-29,28.88951125740279,12.152405125712953,6.837509513960091
2023-10-02,29.244836886648784,12.297116781630042,6.894855014236531
2023-10-03,28.66678968097727,12.040070601114731,6.700132508557078
2023-10-04,29.16808492032648,12.257739604523314,6.80570215797578
2023-10-05,29.105035927264808,12.227058573282902,6.772404381988991
2023-10-06,29.61223706932228,12.46445623744997,6.989990277564148
2023-10-09,29.739289535932883,12.518218299368122,7.022054070625211
2023-10-10,29.893801652754124,12.596652029568416,7.110851192745656
2023-10-11,30.18943268515881,12.718728274545516,7.153971183606469
2023-10-12,30.08836298087431,12.668969098197774,7.118443079886347
2023-10-13,29.636786423343345,12.470817745272411,6.970947414492387
2023-10-16,30.02052906818005,12.634908325042185,7.074532568713741
2023-10-17,29.867596814352225,12.574492874080107,7.062419773033838
2023-10-18,29.368695139397992,12.34490292885538,6.945221280613916
2023-10-19,29.068853847398422,12.215737142336785,6.844705658920304
2023-10-20,28.57218212545932,11.99833142161922,6.701040642866476
2023-10-23,28.73641020847646,12.067942509170695,6.684979101824252
2023-10-24,29.03496564616769,12.20904707971669,6.783490465312721
2023-10-25,28.16157979814992,11.834722389041984,6.502250813777933
2023-10-26,27.524354871633857,11.564844735223376,6.432348091158497
2023-10-27,27.78966547812904,11.673152306200487,6.482102668343406
2023-10-30,28.1425722896164,11.81860644136929,6.451924073416136
2023-10-31,28.25929263624509,11.870696455408009,6.512567103846831
2023-11-01,28.861877140304788,12.127823955480238,6.616616447739072
2023-11-02,29.3816764153769,12.356389376655825,6.737754045029708
2023-11-03,29.717830592832268,12.515469462465266,6.874745912793011
2023-11-06,29.891554034881857,12.582934301814673,6.8448343594832615
2023-11-07,30.19193369352081,12.71992199245102,6.999615344384804
2023-11-08,30.26356668024708,12.748713983893827,7.017098375914513
2023-11-09,29.99183581803299,12.630735124787046,6.961796177834224
2023-11-10,30.719396275652024,12.9414597419442,7.217171354435978
2023-11-13,30.665908259386928,12.918102576026657,7.183656185363446
2023-11-14,31.33538990201688,13.2194677088966,7.452753155694348
2023-11-15,31.31933911592447,13.218476559401886,7.465418833567924
2023-11-16,31.38635543715277,13.247481500470618,7.469169948852297
2023-11-17,31.38022686459614,13.248184288007026,7.509378511247727
2023-11-20,31.76672899681317,13.421857331836565,7.6465183605572
2023-11-21,31.59961322571114,13.3450891220679,7.560337185834378
2023-11-22,31.71641732428165,13.394064468254196,7.561254960635384
2023-11-24,31.621115200077558,13.36295719332535,7.580722005337861
2023-11-27,31.61210942093565,13.356960147946898,7.565845762738746
2023-11-28,31.72486609226693,13.427752664522195,7.62796909065573
2023-11-29,31.588617775973876,13.392332591406998,7.760557663877432
2023-11-30,31.422590758006702,13.331890294095118,7.737062821781453
2023-12-01,31.473622003259507,13.354398661667332,7.765168711013167
2023-12-04,31.08634651325751,13.185305305663354,7.655472449161992
2023-12-05,31.281417626818595,13.263566517244788,7.636981986259327
2023-12-06,31.04827164291673,13.162795405518382,7.575628933621761
2023-12-07,31.60281932851686,13.395726632391504,7.733637555113404
2023-12-08,31.74857888811465,13.45497110637166,7.773194420276187
2023-12-11,31.81865959990698,13.49864558202223,7.978934079764382
2023-12-12,32.07773156887621,13.615556116403878,8.06704046066117
2023-12-13,32.438770056084415,13.781292211151866,8.191938813727786
2023-12-14,32.390360915744104,13.773610072694217,8.284171325032467
2023-12-15,32.61176156067961,13.866035110992671,8.362337395033041
2023-12-18,32.92599951411243,13.99247166168707,8.353837373582948
2023-12-19,33.0861307313451,14.06433138044888,8.392940171591029
2023-12-20,32.60860420029135,13.849008425533617,8.224683707520901
2023-12-21,33.026335211652565,14.038256447584336,8.401163510931996
2023-12-22,33.04087049346803,14.037660687801322,8.4439769341597
2023-12-26,33.2141355290268,14.116093654701164,8.538017037640737
2023-12-27,33.26118132889001,14.137206887062838,8.536378154067508
2023-12-28,33.226979935251144,14.122227777990783,8.526743446755242
2023-12-29,33.069582926818384,14.055115085909549,8.465063581452192
2024-01-02,32.51208265448125,13.798620627853156,8.167980263985504
2024-01-03,32.18812531834284,13.658620520129055,8.035213341669069
2024-01-04,31.95640072719008,13.562220828425191,7.982319820416848
2024-01-05,32.01825634621561,13.58887415279218,8.005379876341339
2024-01-08,32.77712720065325,13.925497974322608,8.261821773339433
2024-01-09,32.87433327385956,13.971394241110255,8.310420455580635
2024-01-10,33.18637520260533,14.105897565539356,8.367134503656802
2024-01-11,33.22837971831294,14.126680319162784,8.416829309793744
2024-01-12,33.23553640235951,14.130182948753742,8.412002315646005
2024-01-16,33.25945989632864,14.125273654579768,8.43961364765827
2024-01-17,33.055540284357235,14.034495505315636,8.363472080895216
2024-01-18,33.548110191444465,14.256848917129666,8.535202978140589
2024-01-19,34.20998979859768,14.54623735885731,8.794635355635243
2024-01-22,34.21019952498461,14.5538863435022,8.866532213943634
2024-01-23,34.38373205044269,14.629043050522895,8.906444813246722
2024-01-24,34.60446763129656,14.74451720479289,8.973662176928965
2024-01-25,34.60951406252743,14.748722635044306,8.963029678735353
2024-01-26,34.4573347187435,14.681227217318154,8.820243393491525
2024-01-29,34.86322405169823,14.84916961601044,8.948163076627846
2024-01-30,34.62877163651291,14.734184600824776,8.847006362242354
2024-01-31,33.771368393196425,14.373520532794982,8.672135556880507
2024-02-01,34.24445668791514,14.58120777196574,8.762147862968042
2024-02-02,35.1445990239682,14.945892579458596,8.893304823186071
2024-02-05,35.14992352472698,14.93769141996466,8.889297270824946
2024-02-06,35.062551669663584,14.913630478086096,8.83854586680785
2024-02-07,35.48712542371837,15.105399923307,9.015024706169784
2024-02-08,35.50310012416384,15.109763962437883,9.12487907208332
2024-02-09,35.98840151543991,15.32113113758739,9.30140804200161
2024-02-12,35.76936922602211,15.224188166461053,9.23881040189755
2024-02-13,35.20201029341116,14.968921594238424,9.024383695422085
2024-02-14,35.63544575349131,15.168957382388523,9.215276033785983
2024-02-15,35.64085997742554,15.179085494343983,9.210191638512333
2024-02-16,35.32649664518106,15.050680618030023,9.094010217956974
2024-02-20,34.97899087092567,14.892209122868785,8.992596102445567
2024-02-21,34.87614189203198,14.834360416197873,8.81202969464217
2024-02-22,36.16096128280051,15.394284744298211,9.174119811065564
2024-02-23,36.06080260528207,15.336332140650144,9.134168649796049
2024-02-26,35.963060781254946,15.302668539509796,9.197555846162738
2024-02-27,36.03314368253511,15.333760305732511,9.214920299645678
2024-02-28,35.83466052056122,15.239930320333569,9.126142940533027
2024-02-29,36.23347026375373,15.4098224418195,9.278367267060336
2024-03-01,36.733804476054885,15.628046808724282,9.470325843795996
2024-03-04,36.56220356428204,15.548731821485037,9.470512869333175
2024-03-05,35.934329404946226,15.263095314754594,9.20035930112212
2024-03-06,36.13025841859332,15.357819172759946,9.34131003676393
2024-03-07,36.81680909982723,15.65815347194454,9.549715292181524
2024-03-08,36.24890058442828,15.391981229652991,9.28187158575956
2024-03-11,36.06483722127008,15.31158639024854,9.226894754271015
2024-03-12,36.77302318747932,15.619296047583472,9.395417295909503
2024-03-13,36.49431324275076,15.503510304158212,9.258702592279908
2024-03-14,36.4414545609227,15.478577540047954,9.16645947643446
2024-03-15,36.021034608485074,15.287916918482,9.016970157376123
2024-03-18,36.46699665800396,15.47842536540361,9.090238857640225
2024-03-19,36.603730909871445,15.537494618285836,9.093556150802272
2024-03-20,37.05565663321089,15.741948190366706,9.239708895715344
2024-03-21,37.15586397900806,15.777736484268406,9.338250144727796
2024-03-22,37.33151177223827,15.846083779558423,9.310341885574028
2024-03-25,37.23065563133761,15.796305001654009,9.25510861700873
2024-03-26,37.03020179370154,15.716045735964904,9.240725967579904
2024-03-27,37.12668003836214,15.759035794125005,9.293787233386093
2024-03-28,37.06053273950773,15.725541649978162,9.28680751746246
2024-04-01,37.20049056835174,15.792478024596306,9.329621904739325
2024-04-02,36.87101161623718,15.644322546049462,9.215888205003042
2024-04-03,36.9792237984493,15.69025799219234,9.239353161575036
2024-04-04,36.39594444180667,15.434104145219948,9.042162690044131
2024-04-05,36.91896770600293,15.666410310114216,9.17450543072985
2024-04-08,36.917106207847226,15.66403058661227,9.176923266024945
2024-04-09,37.02435039293148,15.718234381421777,9.267054150159248
2024-04-10,36.80539576875897,15.616878320754749,9.11197720216536
2024-04-11,37.53838373262115,15.940642567682476,9.286204986737005
2024-04-12,36.95211401572762,15.672667054560538,9.031846399975231
2024-04-15,36.268374022826265,15.37249767310286,8.848881437859957
2024-04-16,36.25129957655989,15.37067396513439,8.88265304400924
2024-04-17,35.792265541578715,15.153416933861315,8.690991394415082
2024-04-18,35.59661334740141,15.063642256657818,8.59219370832588
2024-04-19,34.66675588723195,14.658354416830988,8.378812995189795
2024-04-22,35.05250536802878,14.84393391488302,8.50831275490054
2024-04-23,35.6277495248852,15.10690457598502,8.702877156517633
2024-04-24,35.704407415590325,15.134166652796804,8.768534688657827
2024-04-25,35.46643230867499,15.050392420652011,8.76715224216135
2024-04-26,36.33886999938991,15.426719422836722,8.926780466243008
2024-04-29,36.48668857555276,15.482743521468546,8.91099512528533
2024-04-30,35.69528625423548,15.136326443917763,8.719520501228352
2024-05-01,35.50959511534019,15.051366290164168,8.567928590950482
2024-05-02,36.07271349467786,15.307871607697358,8.714407184479878
2024-05-03,36.86364706443924,15.66097379528014,8.854291681749931
2024-05-06,37.34637883519437,15.866621664066624,8.983385576764013
2024-05-07,37.32630458709126,15.849708608637116,8.946908848669741
2024-05-08,37.28236957490161,15.83431753875097,8.932880969332063
2024-05-09,37.33435521637207,15.854136984413948,8.909800668375196
2024-05-10,37.37015968613471,15.87425835113638,8.961045665562581
2024-05-13,37.45900005067369,15.91655086102648,9.01065177917674
2024-05-14,37.75712247039402,16.03549333057113,9.082608408533096
2024-05-15,38.31638905268659,16.286178339244355,9.320332327026591
2024-05-16,38.2167881730396,16.246407871806408,9.303017040050849
2024-05-17,38.19379967602756,16.239099466468357,9.285790445597891
2024-05-20,38.458403101283466,16.359848854887048,9.41926787214578
2024-05-21,38.62069724213564,16.423605228905483,9.372465213491004
2024-05-22,38.54635549506406,16.389815225816886,9.43337480351464
2024-05-23,38.50431488920494,16.38466076160027,9.361330445684656
2024-05-24,38.97056897382738,16.586697661878556,9.414045617842143
2024-05-28,39.31329075156778,16.72842776322914,9.391962143717464
2024-05-29,39.13229490732817,16.64200195042453,9.2631844568281
2024-05-30,38.58072876083751,16.41095140480274,9.074473761714914
2024-05-31,38.54636104766369,16.38616364735641,8.99202345724409
2024-06-03,38.85442218911864,16.5160313352954,8.99031612618045
2024-06-04,39.01317518945184,16.574700943659337,8.947066952732099
2024-06-05,39.86509726169294,16.95925390712932,9.239175776529455
2024-06-06,39.85614229345605,16.962364404346612,9.210014253466747
2024-06-07,39.82134058355111,16.936966631713847,9.204475791038396
2024-06-10,39.97934240693844,17.01089439415261,9.321033190766435
2024-06-11,40.37943850913563,17.17693117468305,9.377233400639938
2024-06-12,41.00201881126824,17.46351705080379,9.58701049801324
2024-06-13,41.25903035800384,17.56104683246538,9.54976445868871
2024-06-14,41.43484049946736,17.625472421453775,9.576151448266856
2024-06-17,41.90414013094262,17.82376075473424,9.711712185051068
2024-06-18,41.92935690347571,17.832603138489407,9.74389407413432
2024-06-20,41.55609967779597,17.67122832154388,9.596013753125233
2024-06-21,41.41982394667639,17.611038309149123,9.604809737667669
2024-06-24,40.835889641418966,17.347898407236,9.446682538129256
2024-06-25,41.521942227745534,17.64590855066349,9.552982454787204
2024-06-26,41.80010237126536,17.758134187337916,9.559774181124496
2024-06-27,41.90427514239678,17.79580647096164,9.611621709037331
2024-06-28,41.52867564742529,17.63957284741258,9.652382671601858
2024-07-01,41.98633294398953,17.830795565630023,9.6935678157971
2024-07-02,42.478420467008185,18.037672957964727,9.803757670818568
2024-07-03,42.91396530911992,18.235553244919775,9.883087348156131
2024-07-05,43.42349021954123,18.462576379107308,10.009852100397907
2024-07-08,43.51524305483144,18.50369281525557,10.03572621582255
2024-07-09,43.62494778071044,18.541474893786564,9.962033333927732
2024-07-10,44.15322313385311,18.77952005047641,10.08113678748924
2024-07-11,42.901817465926,18.24149260684504,9.859978125724444
2024-07-12,43.10901018163294,18.35527456139092,10.002902269998255
2024-07-15,43.24186004785883,18.39255593046558,10.025371363787224
2024-07-16,43.15223396848003,18.35942838112023,10.079173019348849
2024-07-17,41.8359478762436,17.74272245794107,9.619854688869909
2024-07-18,41.62772335683312,17.643382006804085,9.524975862619044
2024-07-19,41.222433988606426,17.47492371728855,9.368862561777382
2024-07-22,41.91464863778068,17.782784357064113,9.572627848584414
2024-07-23,41.86030917937815,17.76344647382836,9.484560993703218
2024-07-24,40.10051779540902,16.993070652796543,9.041955419474569
2024-07-25,39.60548044951919,16.775853594387016,8.964796780846951
2024-07-26,39.986506680890486,16.944916061363152,9.088837130160524
2024-07-29,40.13547723918152,16.98651051880265,9.081146910005437
2024-07-30,39.52511831781374,16.711204317881972,8.871369812632135
2024-07-31,40.783589622975455,17.28245016185629,9.215394611832744
2024-08-01,39.820199428167165,16.841086386466046,8.796225072701269
2024-08-02,38.72952677200152,16.36655510454292,8.360016928703178
2024-08-05,37.327997320352736,15.77681375985888,8.169292334893242
2024-08-06,37.70938557798271,15.953651408062129,8.275572970567977
2024-08-07,37.28702585347269,15.777411917119,8.21559175988612
2024-08-08,38.41542364958844,16.282223963872895,8.615757961961425
2024-08-09,38.67160970625942,16.38404673376187,8.635283813662706
2024-08-12,38.78153132192175,16.438593625399648,8.628166238709088
2024-08-13,39.819236669135215,16.890348323898255,8.901192673419096
2024-08-14,39.80904915234496,16.893475148828056,8.913670361706332
2024-08-15,40.82295136905751,17.349739494490542,9.237181158815917
2024-08-16,40.89199412880704,17.380215906268937,9.245108535064542
2024-08-19,41.48646780932252,17.64161447856915,9.380767604863143
2024-08-20,41.41474888389512,17.595444914539005,9.319324895653631
2024-08-21,41.59664607185418,17.684502615850228,9.434036141238886
2024-08-22,40.80232686274859,17.340045282213154,9.19345863722965
2024-08-23,41.34947493571956,17.57581498803509,9.335840985875135
2024-08-26,40.9734911548791,17.35833891108958,9.137682608986866
2024-08-27,41.03806921906045,17.389560957835318,9.181010834466395
2024-08-28,40.55716404541496,17.172616332045553,9.022260859170158
2024-08-29,40.40014488965026,17.120195235654563,9.118008293714835
2024-08-30,40.95991743657107,17.368756641146042,9.331102684250183
2024-09-03,39.5728108539974,16.750508401156058,8.873225607266525
2024-09-04,39.4691261119043,16.681757932113022,8.79005515807264
2024-09-05,39.65169788173091,16.749266257809058,8.74806021258239
2024-09-06,38.46792932155301,16.238665517334617,8.495528498980189
2024-09-09,38.97432820461741,16.45113357727191,8.619271921152258
2024-09-10,39.403545356253694,16.63178541094822,8.674751986302699
2024-09-11,40.36560758286462,17.06654627609646,8.930067873881066
2024-09-12,40.82441537180863,17.255862898862457,8.91728361796072
2024-09-13,41.01642639180852,17.341955553535495,8.990721026827948
2024-09-16,40.76249575496252,17.225881015103333,8.963652454493172
2024-09-17,40.84606824838895,17.255297655584023,8.946277396469464
2024-09-18,40.68512052174085,17.1873669280013,8.874133741575926
2024-09-19,41.830408343525605,17.684115232598387,9.167644292852977
2024-09-20,41.74435860506974,17.63111186349741,9.099656653891316
2024-09-23,41.88440301344751,17.68862200639525,9.133092770932668
2024-09-24,42.108395529194645,17.801450027445647,9.198977818674791
2024-09-25,42.199964233468016,17.846464479270114,9.20057717623243
2024-09-26,42.38878937809751,17.956992731672536,9.404973915239736
2024-09-27,42.16160581737203,17.857315091534357,9.3552887495944
2024-09-30,42.33358485453401,17.925279014843046,9.309443391756224
2024-10-01,41.68469037526343,17.657129140000226,9.101265651940562
2024-10-02,41.68030732701836,17.672413576496815,9.207655225170456
2024-10-03,41.68952986458676,17.676339656985096,9.203064423067094
2024-10-04,42.23730997065223,17.910919479974353,9.352110279511496
2024-10-07,41.66944576265091,17.671360603852282,9.279364093892507
2024-10-08,42.38903654674528,17.967187576708696,9.37964255949258
2024-10-09,42.63911518372361,18.084003753098,9.527947062132387
2024-10-10,42.62380518744452,18.08051255621137,9.575075569403486
2024-10-11,42.61324192481932,18.092586540408977,9.665817660705688
2024-10-14,42.98745416747448,18.26114785791153,9.784477651653264
2024-10-15,42.49984481626452,17.99081480224135,9.441558616840007
2024-10-16,42.55580532059975,18.003370882327935,9.394322136062907
2024-10-17,42.59171647759562,18.01945752096452,9.390432197699392
2024-10-18,42.86459432736398,18.14371570524574,9.41894202352945
2024-10-21,43.06254915689687,18.2284706188133,9.395624566479045
2024-10-22,43.16383831176497,18.276389547208456,9.367756797390028
2024-10-23,42.40264859617941,17.93563852042716,9.196934034454056
2024-10-24,42.88669816496068,18.129671501286875,9.267695242851117
2024-10-25,43.21851791482737,18.26975008075835,9.354478948299391
2024-10-28,43.20517333244141,18.278137705838404,9.389011189236486
2024-10-29,43.6469311486182,18.468330684124123,9.607643078151028
2024-10-30,43.43966710459843,18.35466607294878,9.333915779701174
2024-10-31,42.16595601032356,17.80236547600141,9.024078091838122
2024-11-01,42.57446014408878,17.977102460135903,9.149628142137386
2024-11-04,42.360299932977455,17.88796935415518,9.122885418418932
2024-11-05,42.97806776652901,18.14242390622554,9.25838638415518
2024-11-06,44.31906053501235,18.692605590784066,9.571226121104724
2024-11-07,45.12894871902592,19.057575553034027,9.815347469828778
2024-11-08,45.162500200066,19.06351855082041,9.732887524866344
2024-11-11,45.14678700994852,19.05290949777446,9.689954559542713
2024-11-12,45.140746514267335,19.05266548600804,9.64891691486906
2024-11-13,45.10416810920104,19.03054270451792,9.613023436517024
2024-11-14,44.77488835358878,18.902800641997647,9.540435354960392
2024-11-15,43.67958806645837,18.422607330509848,9.2020579557433
2024-11-18,43.98618356544558,18.557476915485285,9.309167673696257
2024-11-19,44.46364336364659,18.773573211965317,9.401330773461364
2024-11-20,44.34298413988235,18.72089635583048,9.3692375769009
2024-11-21,44.24928351230477,18.685463719265297,9.553278417879543
2024-11-22,44.195205206416446,18.675709198743228,9.634642238946237
2024-11-25,44.19908926103582,18.686470429106134,9.76426057670375
2024-11-26,44.596710980798825,18.844301596111983,9.695216339861938
2024-11-27,44.22176077896422,18.68063777664771,9.51723647595676
2024-11-29,44.67055192316577,18.871844096718945,9.585312807441207
2024-12-02,45.24000082325115,19.12354482961612,9.801773657645802
2024-12-03,45.44328773197699,19.218057688912573,9.754437879805147
2024-12-04,46.05952654183393,19.498858560473863,9.999239847236671
2024-12-05,46.04335127989156,19.484135817637988,9.778603700116989
2024-12-06,46.50818962142123,19.682372854409564,9.893561742287387
2024-12-09,46.241169650534,19.558260510008783,9.852346712568163
2024-12-10,46.268729130796295,19.539029821359147,9.627130367885885
2024-12-11,47.304999898816085,19.97949595479623,9.815682958936712
2024-12-12,46.97598783656106,19.844236253340025,9.751544768273815
2024-12-13,47.16333389213711,19.91820215688392,9.756116289393963
2024-12-16,47.9458346364336,20.232959705423067,9.878269994500002
2024-12-17,47.83577414351664,20.185913121679377,9.77787295085316
2024-12-18,46.0670782930563,19.41711729704252,9.339030060498814
2024-12-19,45.98543997505431,19.378990545241333,9.235720624337429
2024-12-20,46.337497195067535,19.538994477197463,9.357756715445856
2024-12-23,46.944774428736935,19.79314511034125,9.436810674723455
2024-12-24,47.69685571466591,20.10459512261319,9.555203624053512
2024-12-26,47.59015486565728,20.057394305042287,9.524867889113048
2024-12-27,46.83751845073478,19.737196223921423,9.400205728090809
2024-12-30,46.24029257557568,19.476592146757284,9.21938288321066
2024-12-31,45.7455565725221,19.265620348756872,9.140042601332327
2025-01-02,45.61535129451138,19.23088616945009,9.177002318056122
2025-01-03,46.465770843821744,19.61047911577858,9.412890686947602
2025-01-06,47.14929155655134,19.92360596064333,9.601927230677113
2025-01-07,46.1860793166874,19.50474319851709,9.412298760762916
2025-01-08,46.18427769043553,19.50012312303805,9.376010022254986
2025-01-10,45.49229347416468,19.19411856115723,9.17685481853453
2025-01-13,45.318568148370346,19.109050776722004,9.11178921257902
2025-01-14,45.10613692487175,19.03157567979398,9.197605012669928
2025-01-15,46.35174208907157,19.56116718112404,9.410028424989417
2025-01-16,45.83165116876689,19.35496237858028,9.40688851687294
2025-01-17,46.62380040286677,19.700118125009368,9.619459428714018
2025-01-21,46.91235754096501,19.82531867970071,9.731939864541362
2025-01-22,47.60508905220494,20.14460951524979,9.90711627348716
2025-01-23,47.70195362931242,20.16713455470244,9.895585281475752
2025-01-24,47.44829560505765,20.06186288179901,9.786708461411193
2025-01-27,45.82176290109736,19.33770950917836,9.43946566611209
2025-01-28,46.76915188526722,19.7528570798436,9.61090060026512
2025-01-29,46.50497516298067,19.651650350861747,9.566003866801092
2025-01-30,46.62066334577767,19.713316236575263,9.703833975309646
2025-01-31,46.58901658577645,19.7043583764417,9.723756051215984
2025-02-03,46.03845495759367,19.45676383274448,9.628364350811614
2025-02-04,46.63343098160432,19.71840973981993,9.800370966116953
2025-02-05,46.58021465248692,19.720080362797443,9.908271204381702
2025-02-06,46.83594001998607,19.83327674913207,9.935615494776448
2025-02-07,46.08623949290109,19.510214196557225,9.803727785294592
2025-02-10,46.59215343348711,19.736801605299867,9.944303505812885
2025-02-11,46.44077805335437,19.67165898755484,9.92124248583923
2025-02-12,46.42185710271509,19.670950146858026,9.97007832417397
2025-02-13,47.14771477729017,19.99594709794903,10.172816898624834
2025-02-14,47.30300845452911,20.06247252765868,10.212422930294812
2025-02-18,47.2597903263438,20.05196348183144,10.379583270469196
2025-02-19,47.41254288431604,20.10004825275959,10.341388606770517
2025-02-20,47.23203938321516,20.0102823683922,10.226352476618096
2025-02-21,46.15261990902394,19.555955162505477,9.85928690247621
2025-02-24,45.57651552456343,19.294290711767243,9.642371985116917
2025-02-25,44.90184991733664,18.996647121605413,9.416128928078468
2025-02-26,45.0365493418994,19.05059806319975,9.533199201960011
2025-02-27,43.67578290107041,18.449157527370303,9.154268110747951
2025-02-28,44.472343325193016,18.78444336518397,9.283708099410733
2025-03-03,43.25349409328645,18.255921492406465,9.038678616377275
2025-03-04,43.09143770960811,18.19884603064192,9.054423467270205
2025-03-05,43.7307002197919,18.48526560589222,9.230971718171707
2025-03-06,42.54514630920779,17.94269321080732,8.80743985658796
2025-03-07,42.84786866407477,18.07903117649025,8.915585927388694
2025-03-10,41.07165576409279,17.29062725136269,8.426197939537646
2025-03-11,41.02030884792398,17.274945723544583,8.461164002597066
2025-03-12,41.6319625874887,17.541951132686602,8.586003548664877
2025-03-13,40.77316993715337,17.181477625080515,8.419010953044458
2025-03-14,41.82874278243951,17.64697867435598,8.744940549498295
2025-03-17,41.80514431326717,17.664117080208673,8.917777211131016
2025-03-18,41.011961616195,17.318867785119945,8.782227078887573
2025-03-19,41.59618553135973,17.566699817830205,8.88936668236451
2025-03-20,41.46346698825855,17.522627408411612,8.849395276062618
2025-03-21,41.734241994535104,17.624017948796535,8.82323483803724
2025-03-24,42.73815499951375,18.05731391408248,9.105599052918013
2025-03-25,43.041830546745466,18.179511441666893,9.134622716950735
2025-03-26,42.08052479155764,17.74647089555394,8.895092170330045
2025-03-27,41.85461977213249,17.62867974023043,8.70999473147125
2025-03-28,40.6210466551396,17.106887546234837,8.404796048169596
2025-03-31,40.582476073388506,17.073728773915597,8.351211303669135
2025-04-01,41.0157752358731,17.2670694642193,8.429070806036599
2025-04-02,41.360399717535486,17.410621370566478,8.530750999116364
2025-04-03,38.86867529451805,16.33069187996932,7.8105002306486835
2025-04-04,36.53053051341574,15.307717763856466,7.191958576735589
2025-04-07,36.70031408370921,15.3633722611034,7.261634265777674
2025-04-08,35.94824579859543,15.0265044899335,7.047691029956308
2025-04-09,40.68818375777547,17.081793980865783,8.260499097890914
2025-04-10,38.84621979881687,16.275406192963015,7.717132069432671
2025-04-11,39.64856578251518,16.629681430963863,7.843985514197232
2025-04-14,39.770188534340505,16.69250811520342,7.902742382444972
2025-04-15,39.732015188978224,16.686958082071886,7.967018432137848
2025-04-16,38.35665522879545,16.089009771650534,7.71075488423449
2025-04-17,38.20299512826478,16.034229986321865,7.700132026532485
2025-04-21,37.13065975408894,15.5749384970186,7.491599516625676
2025-04-22,38.15882697096552,16.026860325097147,7.710804050741688
2025-04-23,39.21028878533991,16.482424629777697,7.989881822033555
2025-04-24,40.37430488102018,16.99404958052582,8.417510892550371
2025-04-25,41.05741394965472,17.289118875419195,8.534916655539849
2025-04-28,40.97418868654182,17.2540846855451,8.542034230493467
2025-04-29,41.19257944121551,17.354686645047305,8.573663719407625
2025-04-30,41.13446217779203,17.333491411752092,8.598600779048043
2025-05-01,41.87959513331628,17.646750739599554,8.638374555271987
2025-05-02,42.52625994251986,17.942852976575235,8.893907353911517
2025-05-05,42.19447936577836,17.797287822001408,8.849079067937904
2025-05-06,41.82324109644411,17.641479232678922,8.740320825920112
2025-05-07,41.91703375825701,17.686646145136137,8.800657770742275
2025-05-08,42.344481967516224,17.87551774074158,8.947441967855621
2025-05-09,42.37319786170524,17.89039881292848,8.97143136717105
2025-05-12,44.36742238329158,18.756180608672715,9.481500137617926
2025-05-13,45.205321898912615,19.12118856657082,9.72117914780937
2025-05-14,45.658328819698376,19.3148126208411,9.735799917380891
2025-05-15,45.54063119652885,19.25688475451089,9.679756847520588
2025-05-16,45.750184565474186,19.342548657080705,9.719520983252924
2025-05-19,45.76821547866918,19.353937091790915,9.689549658895212
2025-05-20,45.55425750002279,19.26232862737177,9.663724709977767
2025-05-21,44.991617857633216,19.01497642178955,9.470482983809186
2025-05-22,45.16081497852578,19.08885058614877,9.451795854877734
2025-05-23,44.68788731811629,18.875744148929964,9.3323665526999
2025-05-27,45.90441782438436,19.384242721736644,9.579389689397727
2025-05-28,45.692843465754855,19.28873060387057,9.474402807696684
2025-05-29,45.89186052966249,19.366465170186093,9.435290369196997
2025-05-30,45.726678686195406,19.297434409303857,9.436750903675492
2025-06-02,46.05837832118673,19.443310953367952,9.54248877967274
2025-06-03,46.37952893224215,19.58738076570789,9.716342513170025
2025-06-04,46.52605156410288,19.65700442411136,9.781318462553587
2025-06-05,46.00090815090663,19.441448209306284,9.760805424511725
2025-06-06,46.58062882400983,19.68702147411461,9.891281766022283
2025-06-09,46.80103817789736,19.781924211842764,9.985064468377406
2025-06-10,47.18934726629119,19.94592824871892,10.102628335429245
2025-06-11,46.952749355347,19.844392464834648,10.071176231560658
2025-06-12,47.085977458728415,19.90222755039536,10.067346064245106
2025-06-13,46.54371271375431,19.6559266769305,9.855446130619892
2025-06-16,47.23328712698675,19.957607701603965,10.092766112515047
2025-06-17,46.78853335138757,19.759474069706105,10.018203658277256
2025-06-18,46.80262113510996,19.76801162646521,10.002142599259612
2025-06-20,46.50458032461799,19.634237796411583,9.916040476567968
2025-06-23,47.03311585890619,19.86782270508005,10.041609807850447
2025-06-24,47.67865205162537,20.169546837865923,10.314221701421346
2025-06-25,47.89548860904404,20.26337566691958,10.338871474411867
2025-06-26,48.40837363786309,20.471414372128702,10.420828185712404
2025-06-27,48.74704941311823,20.60908753649844,10.40225867077856
2025-06-30,48.90861818587605,20.68900398892768,10.492734684512405
2025-07-01,48.43789810669591,20.47734692067723,10.407401873051016
2025-07-02,48.89145116864799,20.671856585692908,10.498539224509116
2025-07-03,49.394163255138025,20.880164954371576,10.677476389230891
2025-07-07,48.92248385453573,20.674138093784464,10.557188119250856
2025-07-08,48.90536407780053,20.670708521194285,10.671592797203
2025-07-09,49.34595622965583,20.86268157437192,10.70078420578969
2025-07-10,49.37883731876341,20.875526575779386,10.600407407175222
2025-07-11,49.37965717698704,20.86882854925107,10.518075680751164
2025-07-14,49.47659529539015,20.91342486774286,10.559448814532749
2025-07-15,49.621083146695774,20.97928274018341,10.585944741666056
2025-07-16,49.66945998766406,20.99245994354524,10.571779003298394
2025-07-17,49.989551847263954,21.129686380830016,10.689154880763889
2025-07-18,50.06105566322865,21.153357453108804,10.700981835867635
2025-07-21,50.38238722434947,21.285687913253827,10.756786785585245
2025-07-22,50.113621048456174,21.168871064470554,10.69721047555089
2025-07-23,50.35246915232222,21.28126078614047,10.685265906449532
2025-07-24,50.4771202330012,21.33967464168193,10.672382353465633
2025-07-25,50.615319917561685,21.392029008911923,10.715226626266478
2025-07-28,50.85720347659156,21.497207103092684,10.801654597574446
2025-07-29,50.69793852023928,21.4279143682788,10.803787074317968
2025-07-30,50.77220656562216,21.465018776467105,10.78329331725932
2025-07-31,50.77720844489725,21.431443787497106,10.54215280854022
2025-08-01,49.55380283632019,20.903814495881857,10.301565664039376
2025-08-04,50.48292472813652,21.31168216134917,10.4815006196425
2025-08-05,50.13804413142142,21.160803595459672,10.347351250829588
2025-08-06,50.93249880540201,21.510066074983506,10.457699209913413
2025-08-07,51.14893531181679,21.60875494089752,10.415960701499916
2025-08-08,51.774378420268576,21.87088495567005,10.44985088569597
2025-08-11,51.63438320557661,21.80982649210498,10.373443241364557
2025-08-12,52.31827562117607,22.108234358642992,10.606666014326638
2025-08-13,52.29360121379453,22.1084592720206,10.67273808760594
2025-08-14,52.40422288395197,22.139640932886447,10.596566635318904
2025-08-15,52.159814748577006,22.037188935409127,10.509793534411395
2025-08-18,52.12605405071074,22.026967177816484,10.548569519753997
2025-08-19,51.36114482473299,21.69059301964817,10.364133418619454
2025-08-20,50.93284173292165,21.51436307683539,10.310915012800068
2025-08-21,50.69149993060639,21.41527945676383,10.267646558368504
2025-08-22,51.601731661132895,21.8209248228907,10.522823622867728
2025-08-25,51.55826363329015,21.79406050580603,10.465715278684824
2025-08-26,51.78566010666832,21.89077876289968,10.489496443381537
2025-08-27,51.88067929270595,21.929855312007888,10.5350844000938
2025-08-28,52.20493341598129,22.067709231003946,10.65301364177755
2025-08-29,51.562283137254525,21.77818483048698,10.4762185942909
2025-09-02,51.10828753390274,21.578296929924104,10.362317150000653
2025-09-03,51.828701266859,21.880209718051592,10.38721371957632
2025-09-04,52.40197363497104,22.12783063553218,10.478400237541615
2025-09-05,52.42741711866777,22.14840654792153,10.569972375171204
2025-09-08,52.65447656884837,22.24438190602962,10.681099285976892
2025-09-09,52.87524489478136,22.337924442411108,10.734338900877816
2025-09-10,52.85311024041815,22.32978499512572,10.634514502432442
2025-09-11,53.17547976713166,22.47154812155601,10.778455718570816
2025-09-12,53.55557772343598,22.624480916318912,10.750863667541768
2025-09-15,54.200751521206975,22.908983650684647,10.86220845345778
2025-09-16,54.21366337221243,22.91913737856768,10.899879638462188
2025-09-17,53.98316198479454,22.83167449251348,10.94227948459994
2025-09-18,54.38267040335907,23.01788680911168,11.269501870978308
2025-09-19,54.88675698082311,23.220014287138294,11.279541478938077
2025-09-22,55.226028461397526,23.38111560006871,11.378862643721554
2025-09-23,54.68577967304687,23.14256598111302,11.292700749981943
2025-09-24,54.540568863510906,23.08239967563574,11.260025267728404
2025-09-25,54.299453172766434,22.971154519887303,11.20786249574001
2025-09-26,54.56168939623959,23.077280617509697,11.315228650769718
2025-09-29,54.728219417576064,23.167428792571005,11.395022999802752
2025-09-30,54.87711072252672,23.236120038383643,11.38633595281548
2025-10-01,55.18811822214556,23.402983304921275,11.490947819393003
2025-10-02,55.28644465315764,23.463056581101025,11.622480758783713
2025-10-03,54.99581685981742,23.3576811763256,11.582765789558572
2025-10-06,55.51136289259358,23.57969919881768,11.75067615998
2025-10-07,55.14388093204962,23.405417673749948,11.547296492837257
2025-10-08,55.74999175245228,23.66670704669785,11.82897044851895
2025-10-09,55.70107788357667,23.640189008772985,11.727753963085492
2025-10-10,53.67967830996591,22.74630796897595,11.123181381511271
2025-10-13,54.958327911096895,23.313675877486077,11.516584778724107
2025-10-14,54.47299993136729,23.102636940451102,11.413838347272582
2025-10-15,54.89073161457512,23.28230371536024,11.551521920308703
2025-10-16,54.7154674116815,23.20694742388249,11.511836836607548
2025-10-17,55.09047526573375,23.367098283000544,11.554186552188945
2025-10-20,55.84586709310649,23.700802227917947,11.78861438660193
2025-10-21,55.76021041962326,23.65758045336775,11.815021621212452
2025-10-22,55.29534147074,23.449788777168063,11.599035083194934
2025-10-23,55.767274523809824,23.664673740224018,11.779087652795669
2025-10-24,56.371850844826106,23.92515824193424,11.919702899329549
2025-10-27,57.54427990330704,24.44086464676863,12.159756924644514
2025-10-28,58.11708832381232,24.670550544833134,12.113348562096474
2025-10-29,58.553392174514535,24.84647701225932,12.092894331053415
2025-10-30,57.49641128145607,24.40172090721777,11.945813206798569
2025-10-31,57.89955694280538,24.566987228422956,12.05062270345404
2025-11-03,58.29575839189679,24.724236301075223,12.079301237887226
2025-11-04,57.090190813341,24.18869706864397,11.641938162994588
2025-11-05,57.50944115060224,24.364387740686134,11.829473682180852
2025-11-06,56.43371294530184,23.90308108916855,11.578254039486394
2025-11-07,56.16983958224108,23.78399086779929,11.517710788143836
2025-11-10,57.54958195421496,24.377295937849627,11.78151609263153
2025-11-11,57.4041737949755,24.30838001666265,11.630466942031148
2025-11-12,57.1859112204631,24.213402475276705,11.642797130796792
2025-11-13,55.89553700325335,23.6534361718865,11.321871913536263
2025-11-14,55.96870427611022,23.675514671665017,11.2992456797341
2025-11-17,55.658463351538245,23.53607934011572,11.105253923318472
2025-11-18,54.866288529235966,23.19062096983393,10.933236703472366
2025-11-19,55.273362380669376,23.36694098404157,10.989032976747524
2025-11-20,54.08983361247006,22.83613619566327,10.541758512433493
2025-11-21,54.513958161024696,23.013676913059577,10.68873069913318
2025-11-24,56.20526835094426,23.72716959424866,10.983159025211238
2025-11-25,56.58343798891288,23.888500651725103,11.076734456996803
2025-11-26,57.01974971377856,24.084308523462315,11.177338771213204
2025-11-28,57.45849211953615,24.271751050462832,11.348358200177964
2025-12-01,57.25945123271032,24.18839314382394,11.344320762292856
2025-12-02,57.6465131698388,24.369907605044304,11.582411019467427
2025-12-03,57.66950942339818,24.39791522327308,11.813243914560076
2025-12-04,57.68199873813595,24.393110212142087,11.756964652655396
2025-12-05,57.96529052351816,24.49988321950677,11.881409902616472
2025-12-08,57.76752846271,24.42640131201526,11.87932659238015
2025-12-09,57.90547532520344,24.475845027189933,11.90080753577938
2025-12-10,58.11461027388934,24.56752162350455,12.002250572765606
2025-12-11,57.80801386164286,24.42785423673737,11.961193647108738
2025-12-12,56.75415191267847,23.971380625380007,11.62549148431265
2025-12-15,56.48757429194838,23.849535355816016,11.50470865711316
2025-12-16,56.6956667066397,23.92987389780127,11.496603895818964
2025-12-17,55.516334157844746,23.40785749503234,11.185699969584151
2025-12-18,56.44300329290771,23.802640618863265,11.411212277358777
2025-12-19,57.13224272087825,24.10520187543413,11.599636649871224
2025-12-22,57.41570904567702,24.223159763267283,11.675828347190638
2025-12-23,57.87496895454616,24.414580138854813,11.654771585422129
2025-12-24,58.00229590263817,24.468926370012717,11.677970464425764
2025-12-26,57.94338125079558,24.452717606648307,11.693014451578843
2025-12-29,57.6471176904837,24.323727579796724,11.621987165613424
2025-12-30,57.55473518413885,24.284319537281736,11.572706900615591
2025-12-31,57.114676199013,24.09374415297529,11.41715564043463
2026-01-02,56.930980585057306,24.05315023876373,11.500405141659696
2026-01-05,57.25194987907189,24.225683460856988,11.674287796631802
2026-01-06,57.56318522643944,24.36792227796852,12.037414265902973
2026-01-07,57.72210771171043,24.42561027546796,12.001076360887843
2026-01-08,57.44937566615476,24.292971279115918,11.775632500603637
2026-01-09,58.04963685995533,24.552843976791817,11.943305714931524
2026-01-12,58.159181358001454,24.59277686582199,11.969229960912523
2026-01-13,58.08083187709449,24.54634308100222,11.907471043578296
2026-01-14,57.333624206871065,24.226265151279016,11.748168668112964
2026-01-15,57.4884082184988,24.30033202149423,11.786422138810448
2026-01-16,57.47098290696546,24.299825442872287,11.788554615553966
2026-01-20,55.98701442462855,23.650222981824736,11.538460982279233
2026-01-21,56.664191927305325,23.94237823087358,11.830707665106576
2026-01-22,57.23598836766453,24.199835964059933,11.945526884197832
2026-01-23,57.53525794647051,24.3215526674325,11.8790701553034
2026-01-26,57.85043782189792,24.467441151329027,11.966169104827232
2026-01-27,58.47626722884284,24.74711559550606,12.072607844564327
2026-01-28,58.67574963745105,24.79898371566309,12.307597719638014
2026-01-29,58.242229063443766,24.612489631476027,12.133843283204286
2026-01-30,57.71471504549364,24.36787935781016,11.706450404731845
2026-02-02,58.02565188798764,24.5025044879184,11.86122174914178
2026-02-03,57.06103284659846,24.060836924344475,11.437204970830187
2026-02-04,56.04107669970232,23.62644176417068,11.128364109799325
2026-02-05,55.187270735999775,23.2689716878355,10.862899676706023
2026-02-06,56.09423555631168,23.70147797188071,11.319433833208798
2026-02-09,56.62840020458783,23.93310411761442,11.430126921892162
2026-02-10,56.26435402914679,23.79586357110881,11.354182985207055
2026-02-11,56.24961567716161,23.7977729663946,11.412614968887633
2026-02-12,54.99783872575879,23.253621047642334,11.118985839563813
2026-02-13,54.787903089103146,23.173888791691347,11.248366057178629
2026-02-17,54.88274959090105,23.230234570990643,11.145126032556814
2026-02-18,55.326767603521525,23.438252056750358,11.314320516460324
2026-02-19,55.14166815445081,23.36362224964971,11.2152557887536
2026-02-20,55.81097100699719,23.63688613638563,11.243993130185588
2026-02-23,55.11601331602598,23.3404274213084,10.921588097463353
2026-02-24,55.661967573090365,23.583313453930337,11.045854998329697
2026-02-25,56.5117428583663,23.945864907200395,11.376345511362915
2026-02-26,55.670492236543225,23.579547832032837,11.289344894853476
2026-02-27,55.27577686010538,23.399059544422524,11.135195362152208
2026-03-02,55.38899864151797,23.430614889397663,11.112548883317666
2026-03-03,54.85687365640808,23.18353286492162,10.887974595376429
2026-03-04,55.63278937200428,23.52711464723105,11.161572711238748
2026-03-05,55.653121069407725,23.517310415443472,11.1545737143319
2026-03-06,54.73647554238767,23.113959380404165,10.920778296168349
2026-03-09,55.54964601165531,23.47828927591665,11.179974481618627
2026-03-10,55.59181596356844,23.501809642635376,11.13390257222768
2026-03-11,55.684964581183685,23.53280258836352,11.149795886691358
2026-03-12,54.67464729786988,23.091651965843333,10.848289511675272
2026-03-13,54.089438477261616,22.84241436750825,10.83819013266754
2026-03-16,54.75805602281312,23.1481021413734,11.054937305472867
2026-03-17,55.05104178054993,23.275990516990607,11.218523915408454
2026-03-18,54.26803504171299,22.92416420138693,11.068215154563504
2026-03-19,54.05433821831857,22.83502844567368,11.129173911094336
2026-03-20,52.978490954141314,22.362132877789428,10.87741150872239
2026-03-23,53.68488090380984,22.680979349266885,11.021313198845174
2026-03-24,53.09474856701366,22.44371451544875,10.85122118517303
2026-03-25,53.42392008274905,22.616546777978662,10.918557126902042
2026-03-26,52.00541408700741,22.00573653131817,10.630822194146884
2026-03-27,50.82581722534626,21.49955327754431,10.308436442407862
2026-03-30,50.46818401870645,21.33269799428454,10.167130936674903
2026-03-31,52.44398389691817,22.207540620054186,10.656656783555936
2026-04-01,53.15701994488288,22.51636588570945,10.827588484047071
2026-04-02,53.18468317494427,22.51294583747659,10.858950931343708
2026-04-06,53.48775909956118,22.638398097083535,10.97025619124413
2026-04-07,53.62528969970762,22.686569540230867,11.0040576829174
2026-04-08,55.23279106270971,23.408166918201378,11.373729081940718
2026-04-09,55.84186249031659,23.66134746693182,11.257813738953718
2026-04-10,56.11077983126927,23.787522130006572,11.215246148262
2026-04-13,56.72555498015514,24.071682635499016,11.58286508662214
2026-04-14,57.94035563976532,24.594332128558715,11.745977384370647
2026-04-15,58.95457725914304,25.016437706586704,12.01082000575528
2026-04-16,59.2070811071598,25.10271829349348,12.16706152513532
2026-04-17,60.04771677879452,25.481747495912387,12.419268354170358
2026-04-20,59.71157276209292,25.365079571112336,12.53421579179999
2026-04-21,59.457015920991466,25.23817674535492,12.56375232998622
2026-04-22,60.628423683333445,25.745732345920057,12.883344267257463
2026-04-23,60.16292421331967,25.53468936370524,12.774674717762458
2026-04-24,61.35733889518888,26.063342358479492,13.213459765167164
2026-04-27,61.4974338878062,26.098501230990934,13.128640791908442
2026-04-28,60.96284514772149,25.836031870932143,12.851567278821715
2026-04-29,61.14869537362275,25.916498962565008,13.157357888308056
2026-04-30,61.759849623328726,26.191378051636534,13.391873451194668
2026-05-01,62.379793531862994,26.45972358142993,13.655749131271095
2026-05-04,62.25037218209017,26.39037442703049,13.684100853038798
2026-05-05,63.01201279599417,26.71140008675404,13.998440650482427
2026-05-06,64.28277520163391,27.310921554628973,14.3669571186112
2026-05-07,64.26049483718616,27.267863934353304,14.415013041174916
2026-05-08,65.5660598887305,27.826423453676338,14.914865782665611
2026-05-11,65.61841583955443,27.838893218191256,15.069636163026388
2026-05-12,65.1090252486614,27.601357537052294,14.661730574288798
2026-05-13,66.01310372493136,28.013142145156145,14.817114089915794
2026-05-14,66.55162332488646,28.255292799907483,14.875979895718691
2026-05-15,65.59565605497313,27.808264097749387,14.673813966469298
2026-05-18,65.24466969910296,27.657303031613463,14.598778164093591
2026-05-19,64.65038079356549,27.415587101804164,14.554907178936578
2026-05-20,65.58912916817583,27.87704334288956,14.99077019333513
2026-05-21,65.5967054754115,27.93223166691476,15.159253208958027
2026-05-22,65.69056805002104,27.985680961299213,15.43519107213342
2026-05-26,66.57094137183354,28.36579178149063,15.948132709079252
2026-05-27,66.69009644031188,28.38290010929415,15.638611229340915
2026-05-28,67.27674735320215,28.66459633227869,15.902456059844202
2026-05-29,67.44597124465031,28.75462241560074,16.226806543772778
2026-06-01,67.65246483232437,28.902855344295126,16.729876317312804
2026-06-02,67.71318387691348,28.936678050876463,16.96488643741887
2026-06-03,67.2551434847773,28.73812984121809,16.96910126034955
2026-06-04,66.96888429200385,28.625477800326937,16.779947102622433
2026-06-05,64.01247254305392,27.29796134264418,15.456564042026647
2026-06-08,64.67436972794609,27.60739077525614,15.895507193493714
2026-06-09,63.90167370883853,27.27022193209396,15.53816501918688
2026-06-10,62.53345023592712,26.66528600377993,15.122657902816991
2026-06-11,64.1542403000566,27.43003091031446,15.96203236987856
2026-06-12,64.38655389961832,27.54186410043473,16.253026752846125
2026-06-15,66.33323455914558,28.4062164829814,17.046180846945994
2026-06-16,65.34962863905635,27.956527842828997,16.478004977385705
2026-06-17,64.4748174495363,27.626591224475664,16.49377103736017
2026-06-18,65.98613780304015,28.29339080673512,17.098441951948782
2026-06-22,65.28300994291389,27.96940395280731,17.11088204231875
2026-06-23,63.58036429550958,27.170223898501305,16.258614381781673
