Quarter,Sell_Date,Ticker,Shares,Buy_Date,Buy_Price_USD,Sell_Price_USD,Holding_Days,Tax_Term,Gain_Loss_USD,Gain_Loss_Pct
1997Q2,1997-04-01,MSFT,7944.376925407566,1997-01-02,6.205007553100586,7.088719844818115,89,Short-Term,7020.543539019779,14.241921289458324
1997Q2,1997-04-01,SUNW,1141.792308521439,1997-01-02,26.749864608389256,27.250101687030106,89,Short-Term,571.1668488293574,1.8700546188333487
1997Q2,1997-04-01,INTC,1757.161731757128,1997-01-02,9.214554786682129,9.849492073059082,89,Short-Term,1115.6875016872984,6.890591038588573
1997Q2,1997-04-01,ORCL,2345.57109335721,1997-01-02,3.718197822570801,3.2755556106567383,89,Short-Term,-1038.2487769653214,-11.904751523091772
1997Q2,1997-04-01,ADTN,245.42671452236476,1997-01-02,13.866326332092285,7.593461513519287,89,Short-Term,-1539.5286030653006,-45.23811619848476
1997Q2,1997-04-01,AAPL,12356.079028504251,1997-01-02,0.15716098248958588,0.13096749782562256,89,Short-Term,-323.64876653984487,-16.66665876544708
1997Q2,1997-04-01,ADBE,177.76451672503464,1997-01-02,4.734611511230469,4.899781227111816,89,Short-Term,29.361314721259046,3.4885589977037426
1997Q3,1997-07-01,MSFT,13186.306398733108,1997-01-02,6.205007553100586,9.497559547424316,180,Short-Term,43416.599430912465,53.062820087599604
1997Q3,1997-07-01,SUNW,1328.0232509391387,1997-01-02,26.749864608389256,36.56254565777337,180,Short-Term,13031.46858763197,36.6831054775009
1997Q3,1997-07-01,WCOEQ,958.9736303446292,1997-01-02,26.499969498811467,31.875039603131412,180,Short-Term,5154.5504912965835,20.283306758375776
1997Q3,1997-07-01,AMGN,1714.3802659329529,1997-01-02,9.167703628540039,9.492877006530762,180,Short-Term,557.4708222340518,3.546944700289212
1997Q3,1997-07-01,COST,798.5506726734812,1997-01-02,8.119316101074219,10.825759887695312,180,Short-Term,2161.232506359238,33.33339597731661
1997Q3,1997-07-01,SNPS,285.39041958983506,1997-01-02,22.875,17.875,180,Short-Term,-1426.9520979491754,-21.85792349726776
1997Q3,1997-07-01,QCOM,2121.159575665255,1997-01-02,1.4760503768920898,1.9352657794952393,180,Short-Term,974.0691485246457,31.111092804979613
1997Q3,1997-07-01,SBUX,1943.7354385444976,1997-01-02,1.2794575691223145,1.783748745918274,180,Short-Term,980.2086316836151,39.414451011602864
1997Q3,1997-07-01,ORCL,785.1252257006944,1997-01-02,3.718197822570801,4.299167156219482,180,Short-Term,456.1336792061032,15.62502484730609
1997Q3,1997-07-01,AAPL,30547.358220961552,1997-01-02,0.15716098248958588,0.09869375824928284,180,Short-Term,-1786.0192430538236,-37.202124416712216
1997Q3,1997-07-01,PCAR,1059.8542851459808,1997-01-02,1.5657572746276855,2.2425711154937744,180,Short-Term,717.3240494880342,43.22597453855199
1997Q3,1997-07-01,CTAS,520.0550722877863,1997-01-02,3.451033115386963,4.0743279457092285,180,Short-Term,324.1476380398493,18.061108354573868
1997Q3,1997-07-01,ADBE,238.66623441954934,1997-01-02,4.734611511230469,4.270029544830322,180,Short-Term,-110.88002849995256,-9.812462232606856
1997Q4,1997-10-01,NXTL,6338.156902497908,1997-01-02,13.62512115378966,28.25013241429298,272,Short-Term,92695.61606986876,107.3385777302652
1997Q4,1997-10-01,INTC,5940.611996549433,1997-01-02,9.214554786682129,13.194684028625488,272,Short-Term,23644.40352250592,43.19393974080953
1997Q4,1997-10-01,SUNW,649.5175512217412,1997-01-02,26.749864608389256,45.375069880794754,272,Short-Term,12097.397719535082,69.6272880071486
1997Q4,1997-10-01,KLAC,4535.525363722275,1997-01-02,0.8969790935516357,1.7086879014968872,272,Short-Term,3681.525886392461,90.49361504416429
1997Q4,1997-10-01,AMAT,292.98431979946776,1997-01-02,3.183889389038086,8.56375789642334,272,Short-Term,1576.2171152468466,168.9715894624912
1997Q4,1997-10-01,QCOM,575.7725048120728,1997-01-02,1.4760503768920898,2.3241915702819824,272,Short-Term,488.33637935239915,57.460179318249516
1998Q1,1998-01-02,MSFT,13147.444993903668,1997-01-02,6.205007553100586,9.967923164367676,365,Short-Term,49472.72601583546,60.64320758782631
1998Q1,1998-01-02,NXTL,1158.8679905416345,1997-01-02,13.62512115378966,26.187522425970652,365,Short-Term,14558.16471867006,92.20029040759695
1998Q1,1998-01-02,COST,1791.4526782966918,1997-01-02,8.119316101074219,14.656405448913574,365,Short-Term,11710.886220451588,80.51280756238167
1998Q1,1998-01-02,PAYX,1989.0523763280287,1997-01-02,4.620729446411133,6.695296764373779,365,Short-Term,4126.423053646067,44.89696577179906
1998Q1,1998-01-02,WCOEQ,187.53663903990463,1997-01-02,26.499969498811467,29.937510906708315,365,Short-Term,644.6649621974768,12.97186929989117
1998Q1,1998-01-02,PCAR,1789.9083537527436,1997-01-02,1.5657572746276855,2.5312893390655518,365,Short-Term,1728.213907953469,61.66550078251789
1998Q1,1998-01-02,AMGN,483.98574984838945,1997-01-02,9.167703628540039,9.052316665649414,365,Short-Term,-55.84564575734743,-1.2586244883769266
1998Q1,1998-01-02,ADBE,679.8612493384558,1997-01-02,4.734611511230469,4.997713088989258,365,Short-Term,178.8725673580092,5.556983442774846
1998Q1,1998-01-02,SNPS,176.3165039227016,1997-01-02,22.875,17.53125,365,Short-Term,-942.1913178369367,-23.36065573770492
1998Q1,1998-01-02,SBUX,962.0612060359094,1997-01-02,1.2794575691223145,1.7347612380981445,365,Short-Term,438.02999688746155,35.585679428834865
1998Q1,1998-01-02,ADTN,12.99811332624984,1997-01-02,13.866326332092285,9.347390174865723,365,Short-Term,-58.73764428571882,-32.58928175350898
1998Q2,1998-04-01,MSFT,13594.922874738424,1997-01-02,6.205007553100586,13.740336418151855,454,Long-Term,102442.21475616223,121.43947933288067
1998Q2,1998-04-01,NXTL,2618.1125214744457,1997-01-02,13.62512115378966,32.99987926945573,454,Long-Term,50725.29682316398,142.19879512981225
1998Q2,1998-04-01,CSCO,4218.962469115634,1997-01-02,4.496011257171631,7.434508323669434,454,Long-Term,12397.408839160618,65.35786719418412
1998Q2,1998-04-01,AAPL,150830.55849764147,1997-01-02,0.15716098248958588,0.20580624043941498,454,Long-Term,7337.191424834557,30.95250308266082
1998Q2,1998-04-01,ORCL,4288.124154057991,1997-01-02,3.718197822570801,4.166372299194336,454,Long-Term,1921.8277984416798,12.053540398064744
1998Q2,1998-04-01,CTAS,750.7776831272223,1997-01-02,3.451033115386963,6.152873516082764,454,Long-Term,2028.4814762139192,78.29077004938692
1998Q2,1998-04-01,QCOM,1008.6057904246327,1997-01-02,1.4760503768920898,2.0078957080841064,454,Long-Term,536.4222806505744,36.031651732093856
1998Q2,1998-04-01,ADTN,196.76458245328158,1997-01-02,13.866326332092285,9.533098220825195,454,Long-Term,-852.6258199882909,-31.25000816718303
1998Q2,1998-04-01,AMGN,143.50960608786505,1997-01-02,9.167703628540039,10.090768814086914,454,Long-Term,132.4687211712541,10.0686630256379
1998Q3,1998-07-01,CSCO,21324.577302477766,1997-01-02,4.496011257171631,10.142838478088379,545,Long-Term,120416.20358617489,125.5963763860564
1998Q3,1998-07-01,MSFT,12112.912316251502,1997-01-02,6.205007553100586,16.629045486450195,545,Long-Term,126265.45746794334,167.99396042863498
1998Q3,1998-07-01,COST,1058.399912966065,1997-01-02,8.119316101074219,20.50648307800293,545,Long-Term,13110.576450277462,152.56416701512384
1998Q3,1998-07-01,ORCL,3539.3382226082326,1997-01-02,3.718197822570801,3.195326566696167,545,Long-Term,-1850.6182214202609,-14.06249158397697
1998Q3,1998-07-01,AMAT,1599.6998426846255,1997-01-02,3.183889389038086,5.498420715332031,545,Long-Term,3702.555398561062,72.69509218073715
1998Q3,1998-07-01,SNPS,331.97453809696384,1997-01-02,22.875,22.375,545,Long-Term,-165.98726904848192,-2.185792349726776
1998Q3,1998-07-01,SBUX,2275.2182402899753,1997-01-02,1.2794575691223145,2.426358938217163,545,Long-Term,2609.450914778145,89.63965642734077
1998Q3,1998-07-01,ADBE,819.477345360063,1997-01-02,4.734611511230469,5.133047103881836,545,Long-Term,326.5089417629058,8.415380896748983
1998Q3,1998-07-01,KLAC,4830.745901453419,1997-01-02,0.8969790935516357,0.7280778288841248,545,Long-Term,-815.9190920428779,-18.830011299230797
1998Q3,1998-07-01,PCAR,725.5632781613112,1997-01-02,1.5657572746276855,2.5353851318359375,545,Long-Term,703.526366672547,61.92708620426595
1998Q3,1998-07-01,QCOM,721.3287269596424,1997-01-02,1.4760503768920898,2.103956699371338,545,Long-Term,452.9268682438667,42.53962685212285
1998Q3,1998-07-01,ADTN,52.229404676778735,1997-01-02,13.866326332092285,8.377573013305664,545,Long-Term,-286.67431825791874,-39.58332717212508
1998Q4,1998-10-01,SUNW,9234.035411600513,1997-01-02,26.749864608389256,45.562623502614024,637,Long-Term,173717.681819174,70.32842659070782
1998Q4,1998-10-01,NXTL,15813.726460644204,1997-01-02,13.62512115378966,18.750140626054694,637,Long-Term,81045.65603987436,37.614487345968094
1998Q4,1998-10-01,CSCO,20925.781728939834,1997-01-02,4.496011257171631,9.211010932922363,637,Long-Term,98665.05406678192,104.87072665198049
1998Q4,1998-10-01,WCOEQ,3432.395435282317,1997-01-02,26.499969498811467,46.062534471408775,637,Long-Term,67146.45871435675,73.82108486379464
1998Q4,1998-10-01,INTC,12035.90267584324,1997-01-02,9.214554786682129,11.8236722946167,637,Long-Term,31403.084395339138,28.31517711203529
1998Q4,1998-10-01,ORCL,26035.79544863712,1997-01-02,3.718197822570801,3.5854039192199707,637,Long-Term,-3457.3949044682995,-3.571458800409253
1998Q4,1998-10-01,PAYX,6299.16038483249,1997-01-02,4.620729446411133,8.922247886657715,637,Long-Term,27095.954553427713,93.09176159594286
1998Q4,1998-10-01,COST,3673.9492332039654,1997-01-02,8.119316101074219,14.822956085205078,637,Long-Term,24628.83297937301,82.56409654064262
1998Q4,1998-10-01,AMGN,4133.390161448272,1997-01-02,9.167703628540039,12.398428916931152,637,Long-Term,13353.84812137796,35.240289382103505
1998Q4,1998-10-01,AAPL,169625.52984545214,1997-01-02,0.15716098248958588,0.26707974076271057,637,Long-Term,18645.02761203295,69.94023359481629
1998Q4,1998-10-01,AMAT,8555.234355903405,1997-01-02,3.183889389038086,4.290348529815674,637,Long-Term,9466.017254583783,34.75180841982298
1998Q4,1998-10-01,SNPS,1546.0802217585165,1997-01-02,22.875,15.75,637,Long-Term,-11015.82158002943,-31.147540983606557
1998Q4,1998-10-01,ADTN,2971.8573237401188,1997-01-02,13.866326332092285,6.72681999206543,637,Long-Term,-21217.594204497822,-51.48808825812178
1998Q4,1998-10-01,ADTN,135.76163626186923,1997-07-01,7.902979850769043,6.72681999206543,457,Long-Term,-159.67738692313145,-14.88248585866204
1998Q4,1998-10-01,ADTN,227.22335852967294,1997-10-01,13.94886589050293,6.72681999206543,365,Short-Term,-1641.017524498418,-51.775147564897175
1998Q4,1998-10-01,CTAS,3632.4072305016034,1997-01-02,3.451033115386963,5.7740020751953125,637,Long-Term,8437.969245838638,67.31227670493901
1998Q4,1998-10-01,SBUX,11341.878925355191,1997-01-02,1.2794575691223145,1.5243984460830688,637,Long-Term,2778.089770359199,19.144118794715446
1998Q4,1998-10-01,QCOM,8361.479486289565,1997-01-02,1.4760503768920898,1.7798231840133667,637,Long-Term,2539.990095237153,20.58011107729861
1998Q4,1998-10-01,ADBE,3199.1446428554477,1997-01-02,4.734611511230469,4.066502094268799,637,Long-Term,-2137.378662114203,-14.111177134109495
1998Q4,1998-10-01,PCAR,4704.3643565375005,1997-01-02,1.5657572746276855,1.9017363786697388,637,Long-Term,1580.5681215968395,21.4579302607388
1998Q4,1998-10-01,KLAC,12041.503993867675,1997-01-02,0.8969790935516357,0.6165705323219299,637,Long-Term,-3376.540809962191,-31.261437779939037
1999Q1,1999-01-04,YHOO,2140.7972717267326,1998-10-01,112.93768244219667,248.00019195083442,95,Short-Term,289141.45186865755,119.59029669106668
1999Q1,1999-01-04,WCOEQ,857.3848552486198,1997-01-02,26.499969498811467,69.87498485076408,732,Long-Term,37189.081258940554,163.67949160808655
1999Q1,1999-01-04,COST,844.5124284069512,1997-01-02,8.119316101074219,23.81665802001953,732,Long-Term,13256.600343502738,193.3333020113417
1999Q1,1999-01-04,ORCL,3522.1649886932264,1997-01-02,3.718197822570801,5.710090160369873,732,Long-Term,7015.773453442193,53.57144597599321
1999Q1,1999-01-04,AMGN,1101.1257122558002,1997-01-02,9.167703628540039,18.020736694335938,732,Long-Term,9748.30234019866,96.56761850629051
1999Q1,1999-01-04,CSCO,802.0583001098697,1997-01-02,4.496011257171631,15.334929466247559,732,Long-Term,8693.444313801352,241.07853804384197
1999Q1,1999-01-04,SNPS,368.3082962711509,1997-01-02,22.875,27.03125,732,Long-Term,1530.7813563769707,18.169398907103826
1999Q1,1999-01-04,CTAS,1039.5193403113865,1997-01-02,3.451033115386963,8.388216972351074,732,Long-Term,5132.29810598736,143.06393743226965
1999Q1,1999-01-04,SBUX,2314.469459589013,1997-01-02,1.2794575691223145,2.483991861343384,732,Long-Term,2787.8578323733323,94.14413742906369
1999Q1,1999-01-04,AAPL,17549.275873096445,1997-01-02,0.15716098248958588,0.30870944261550903,732,Long-Term,2659.565734892782,96.42880677204049
1999Q1,1999-01-04,PCAR,1107.2386899551736,1997-01-02,1.5657572746276855,2.0768136978149414,732,Long-Term,565.861444503034,32.63956881878627
1999Q1,1999-01-04,AMAT,283.8474649343093,1997-01-02,3.183889389038086,8.004890441894531,732,Long-Term,1368.428927298938,151.41860987554477
1999Q1,1999-01-04,QCOM,348.4657889883837,1997-01-02,1.4760503768920898,2.1247687339782715,732,Long-Term,226.0561541332843,43.94960817340774
1999Q2,1999-04-01,YHOO,961.9588006653,1998-10-01,112.93768244219667,375.3995876000088,182,Short-Term,252477.53950593865,232.39533473882318
1999Q2,1999-04-01,SUNW,938.7092195704008,1997-01-02,26.749864608389256,126.18754374119831,819,Long-Term,93343.06617465112,371.731523088246
1999Q2,1999-04-01,NXTL,1272.8278012514581,1997-01-02,13.62512115378966,38.62490188372854,819,Long-Term,31820.41593825668,183.4829976758445
1999Q2,1999-04-01,CSCO,2447.835180211971,1997-01-02,4.496011257171631,17.68796157836914,819,Long-Term,32291.720091835876,293.41453049422205
1999Q2,1999-04-01,ORCL,1353.79790966845,1997-01-02,3.718197822570801,5.141571044921875,819,Long-Term,1926.9596930969303,38.281266631664565
1999Q2,1999-04-01,ADBE,923.3219816636492,1997-01-02,4.734611511230469,6.987090110778809,819,Long-Term,2079.7630041899347,47.574729081899854
1999Q2,1999-04-01,COST,56.19739785410426,1997-01-02,8.119316101074219,29.958213806152344,819,Long-Term,1227.2892230273599,268.97459629868024
1999Q2,1999-04-01,SNPS,23.616725414797145,1997-01-02,22.875,26.5625,819,Long-Term,87.08667496706447,16.120218579234972
1999Q3,1999-07-01,SUNW,5124.020826144829,1997-01-02,26.749864608389256,138.23874020562556,910,Long-Term,571271.3204437088,416.78295284631577
1999Q3,1999-07-01,MSFT,15874.379068791015,1997-01-02,6.205007553100586,27.727739334106445,910,Long-Term,341660.0028876026,346.8606862573624
1999Q3,1999-07-01,NXTL,1500.035009951334,1997-01-02,13.62512115378966,49.99994486291783,910,Long-Term,54563.50904450008,266.96880929393393
1999Q3,1999-07-01,INTC,2888.979267124232,1997-01-02,9.214554786682129,17.84416961669922,910,Long-Term,24930.778327187178,93.65199979590487
1999Q3,1999-07-01,SBUX,17036.404762382044,1997-01-02,1.2794575691223145,2.483991861343384,910,Long-Term,20520.933752447512,94.14413742906369
1999Q3,1999-07-01,QCOM,3906.3773445364127,1997-01-02,1.4760503768920898,10.712477684020996,910,Long-Term,36080.97037702583,625.752850426199
1999Q3,1999-07-01,AMAT,1218.5412037691187,1997-01-02,3.183889389038086,13.074273109436035,910,Long-Term,12051.840084392212,310.6384208713364
1999Q3,1999-07-01,AMGN,143.6055585754883,1997-01-02,9.167703628540039,20.43328094482422,910,Long-Term,1617.79952318034,122.88330614455332
1999Q3,1999-07-01,AAPL,3380.6213916802044,1997-01-02,0.15716098248958588,0.33911237120628357,910,Long-Term,615.1087569415884,115.77389364357946
1999Q4,1999-10-01,INTC,34099.882484659895,1997-01-02,9.214554786682129,21.276304244995117,1002,Long-Term,411304.23908788303,130.89888483539033
1999Q4,1999-10-01,CSCO,8678.250466190408,1997-01-02,4.496011257171631,22.162734985351562,1002,Long-Term,153316.25343013462,392.94215956420413
1999Q4,1999-10-01,YHOO,833.5615331155172,1998-10-01,112.93768244219667,175.43766779865572,365,Short-Term,52097.583613427385,55.340240745995075
1999Q4,1999-10-01,WCOEQ,1290.9027417731281,1997-01-02,26.499969498811467,70.50001021109078,1002,Long-Term,56799.77319361063,166.03808058817853
1999Q4,1999-10-01,NXTL,1254.3233944307913,1997-01-02,13.62512115378966,70.24988772077702,1002,Long-Term,71025.76940915477,415.5909215621021
1999Q4,1999-10-01,ORCL,9046.381446774732,1997-01-02,3.718197822570801,9.01330852508545,1002,Long-Term,47901.591217846835,142.41067730101443
1999Q4,1999-10-01,SBUX,13082.084207520202,1997-01-02,1.2794575691223145,2.210233688354492,1002,Long-Term,12176.491570144213,72.74771291326792
1999Q4,1999-10-01,SBUX,3921.8524587479264,1997-04-01,1.394723892211914,2.210233688354492,913,Long-Term,3198.3090991347904,58.471056579467394
1999Q4,1999-10-01,SBUX,204.07767316404235,1997-10-01,1.8673158884048462,2.210233688354492,730,Long-Term,69.98186670025632,18.36420940233007
1999Q4,1999-10-01,SBUX,1909.913185030166,1998-04-01,2.1237833499908447,2.210233688354492,548,Long-Term,165.11264109104948,4.07058179281894
1999Q4,1999-10-01,SBUX,3561.811307023887,1999-04-01,2.7318148612976074,2.210233688354492,183,Short-Term,-1857.7737193195692,-19.092844845838677
1999Q4,1999-10-01,MSFT,1472.0123801692143,1997-01-02,6.205007553100586,27.36190414428711,1002,Long-Term,31143.213708186413,340.9648805441762
1999Q4,1999-10-01,QCOM,2028.7657022087933,1997-01-02,1.4760503768920898,14.32003402709961,1002,Long-Term,26057.43350927152,870.1588950677467
1999Q4,1999-10-01,COST,1141.0563934727832,1997-01-02,8.119316101074219,24.316320419311523,1002,Long-Term,18481.695332430954,199.48729814934012
1999Q4,1999-10-01,ADBE,1489.5736079818273,1997-01-02,4.734611511230469,14.04309368133545,1002,Long-Term,13865.669370957785,196.60498328163396
1999Q4,1999-10-01,SNPS,645.978988182316,1997-01-02,22.875,28.203125,1002,Long-Term,3441.8567964089025,23.292349726775956
1999Q4,1999-10-01,AAPL,36865.19680586203,1997-01-02,0.15716098248958588,0.4618940055370331,1002,Long-Term,11234.042867889431,193.89864979219
1999Q4,1999-10-01,AMAT,1186.4658589385162,1997-01-02,3.183889389038086,14.124279022216797,1002,Long-Term,12980.398783251418,343.6171391771877
1999Q4,1999-10-01,PAYX,1457.6309924793454,1997-01-02,4.620729446411133,10.158019065856934,1002,Long-Term,8071.32496363836,119.83583292777615
1999Q4,1999-10-01,KLAC,4985.003631139189,1997-01-02,0.8969790935516357,1.7382042407989502,1002,Long-Term,4193.510413633461,93.78425353443181
1999Q4,1999-10-01,CTAS,1152.0007328715665,1997-01-02,3.451033115386963,6.869948863983154,1002,Long-Term,3938.5934480089527,99.0693405216087
1999Q4,1999-10-01,AMGN,203.50515839131575,1997-01-02,9.167703628540039,29.097484588623047,1002,Long-Term,4055.813230985921,217.39120032239563
1999Q4,1999-10-01,PCAR,1763.1626627393389,1997-01-02,1.5657572746276855,2.577671527862549,1002,Long-Term,1784.1694291974711,64.62778552157657
2000Q1,2000-01-03,YHOO,4634.851515848643,1998-10-01,112.93768244219667,474.99986200820393,459,Long-Term,1678104.4417929726,320.5858060274227
2000Q1,2000-01-03,NXTL,2149.311555102262,1997-01-02,13.62512115378966,103.4998801096522,1096,Long-Term,193168.85793586585,659.6253929886338
2000Q1,2000-01-03,CSCO,2962.5288949663545,1997-01-02,4.496011257171631,34.77257537841797,1096,Long-Term,89695.19604949388,673.4094375976462
2000Q1,2000-01-03,SUNW,696.6672858845269,1997-01-02,26.749864608389256,76.500025130453,1096,Long-Term,34659.30930322568,185.98284982145728
2000Q1,2000-01-03,PCAR,11456.551229478577,1997-01-02,1.5657572746276855,2.3517005443573,1096,Long-Term,9004.199333121225,50.19572844817216
2000Q1,2000-01-03,PCAR,2284.439123521446,1997-04-01,1.6614528894424438,2.3517005443573,1007,Long-Term,1576.8287478064271,41.54482256469467
2000Q1,2000-01-03,PCAR,1373.5444051433399,1997-10-01,2.796837091445923,2.3517005443573,824,Long-Term,-611.4148137784031,-15.915712375599758
2000Q1,2000-01-03,PCAR,501.5346089519655,1998-04-01,2.9347422122955322,2.3517005443573,642,Long-Term,-292.4155749321031,-19.866878443206833
2000Q1,2000-01-03,PCAR,340.3812882560945,1999-04-01,2.1220552921295166,2.3517005443573,277,Short-Term,78.1669467951886,10.821831696823061
2000Q1,2000-01-03,PCAR,404.2709550644906,1999-07-01,2.77225399017334,2.3517005443573,186,Short-Term,-170.017543195713,-15.170090738682433
2000Q1,2000-01-03,AMGN,729.2421002530089,1997-01-02,9.167703628540039,42.25115966796875,1096,Long-Term,24125.848965821082,360.86960682756353
2000Q1,2000-01-03,COST,937.5888712023303,1997-01-02,8.119316101074219,29.645912170410156,1096,Long-Term,20183.0969094772,265.12819308128525
2000Q1,2000-01-03,WCOEQ,310.6565203674642,1997-01-02,26.499969498811467,78.38649503658431,1096,Long-Term,16118.887477522081,195.7984349381986
2000Q1,2000-01-03,AMAT,896.07436639484,1997-01-02,3.183889389038086,22.85175323486328,1096,Long-Term,17623.868633987793,617.7307513740996
2000Q1,2000-01-03,ADBE,634.4664715506497,1997-01-02,4.734611511230469,16.27466583251953,1096,Long-Term,7321.7775467310985,243.73814607420536
2000Q1,2000-01-03,SNPS,304.0156312495082,1997-01-02,22.875,32.78125,1096,Long-Term,3011.6548470654407,43.30601092896175
2000Q1,2000-01-03,KLAC,3035.3801490773626,1997-01-02,0.8969790935516357,2.84671950340271,1096,Long-Term,5918.203335915911,217.36743073140926
2000Q1,2000-01-03,CTAS,273.5542377676337,1997-01-02,3.451033115386963,6.353181838989258,1096,Long-Term,793.8950819733369,84.095070275119
2000Q2,2000-04-03,INTC,33733.05923220685,1997-01-02,9.214554786682129,37.112606048583984,1187,Long-Term,941086.6156808783,302.7607074649242
2000Q2,2000-04-03,INTC,2320.208801266068,1997-07-01,9.835175514221191,37.112606048583984,1007,Long-Term,63289.334401752334,277.3456406031691
2000Q2,2000-04-03,CSCO,27661.31747870169,1997-01-02,4.496011257171631,46.9399528503418,1187,Long-Term,1174055.3434561517,944.0354831289051
2000Q2,2000-04-03,NXTL,3106.026096952922,1997-01-02,13.62512115378966,142.62496120310317,1187,Long-Term,400676.86969592056,946.7793980931598
2000Q2,2000-04-03,CTAS,9819.579027601665,1997-01-02,3.451033115386963,7.167695999145508,1187,Long-Term,36496.06490602093,107.69710864805182
2000Q2,2000-04-03,CTAS,872.9587877832712,1997-04-01,3.184011459350586,7.167695999145508,1098,Long-Term,3477.5924267703335,125.11527017580013
2000Q2,2000-04-03,CTAS,664.5387702612676,1997-10-01,4.40631103515625,7.167695999145508,915,Long-Term,1835.0473681873762,62.668861593229266
2000Q2,2000-04-03,CTAS,73.80760689773209,1998-01-02,4.828834533691406,7.167695999145508,822,Long-Term,172.62576763048992,48.43532014061698
2000Q2,2000-04-03,CTAS,188.51843044497588,1998-07-01,6.213494300842285,7.167695999145508,642,Long-Term,179.88460649205393,15.356925621930218
2000Q2,2000-04-03,CTAS,414.4043756959465,1999-04-01,8.02507495880127,7.167695999145508,368,Long-Term,-355.30159251098604,-10.683750171273553
2000Q2,2000-04-03,CTAS,7.337566142671969,1999-07-01,8.101068496704102,7.167695999145508,277,Short-Term,-6.848682436587112,-11.521597403334312
2000Q2,2000-04-03,AMZN,15661.08323120518,1999-10-01,3.862499952316284,3.1781249046325684,185,Short-Term,-10718.054583134688,-17.718448055211137
2000Q3,2000-07-03,INTC,16621.665717507036,1997-07-01,9.835175514221191,38.8979606628418,1098,Long-Term,483071.89956009976,295.4983884791605
2000Q3,2000-07-03,INTC,9954.787726598774,1998-01-02,10.279914855957031,38.8979606628418,913,Long-Term,284886.57115761796,278.3879653468249
2000Q3,2000-07-03,ORCL,19200.828837998444,1997-01-02,3.718197822570801,31.94495964050293,1278,Long-Term,541977.2223170646,759.151695657114
2000Q3,2000-07-03,SUNW,3165.102221535201,1997-01-02,26.749864608389256,90.43747941823099,1278,Long-Term,201577.81111890823,238.0857463849298
2000Q3,2000-07-03,NXTL,1394.3880344915124,1997-01-02,13.62512115378966,118.84668581575455,1278,Long-Term,146719.6907351188,772.2614975258316
2000Q3,2000-07-03,CSCO,3238.475770042071,1997-01-02,4.496011257171631,41.590328216552734,1278,Long-Term,120129.04667921636,825.0494680192717
2000Q3,2000-07-03,AMGN,2814.3358861250726,1997-01-02,9.167703628540039,45.98537826538086,1278,Long-Term,103617.30297413802,401.60192921402336
2000Q3,2000-07-03,SNPS,4543.3195894922055,1997-01-02,22.875,18.28125,1278,Long-Term,-20870.874364229818,-20.081967213114755
2000Q3,2000-07-03,SNPS,290.7788320313782,1997-04-01,12.4375,18.28125,1189,Long-Term,1699.2387996833666,46.984924623115575
2000Q3,2000-07-03,SNPS,231.21348212996634,1997-10-01,20.625,18.28125,1006,Long-Term,-541.9065987421086,-11.363636363636363
2000Q3,2000-07-03,SNPS,215.98694042108391,1998-04-01,16.4375,18.28125,824,Long-Term,398.22592140137345,11.216730038022813
2000Q3,2000-07-03,SNPS,396.06892119682993,1999-07-01,28.53125,18.28125,368,Long-Term,-4059.7064422675066,-35.92552026286966
2000Q3,2000-07-03,SNPS,804.4682683351075,2000-04-03,22.78125,18.28125,91,Short-Term,-3620.1072075079837,-19.753086419753085
2000Q3,2000-07-03,CIEN,166.3476132598483,2000-01-03,194.6875,598.5,182,Short-Term,67173.24557949249,207.41573033707863
2000Q3,2000-07-03,WCOEQ,2032.7364558600668,1997-01-02,26.499969498811467,45.125012888582184,1278,Long-Term,37859.80469036249,70.28326349811857
2000Q3,2000-07-03,AMAT,2279.2655566346716,1997-01-02,3.183889389038086,33.4421501159668,1278,Long-Term,68966.6114785602,950.3552739961959
2000Q3,2000-07-03,QCOM,3467.172216393606,1997-01-02,1.4760503768920898,18.473756790161133,1278,Long-Term,58933.97541850184,1151.5668217949785
2000Q3,2000-07-03,AMZN,32408.56715923205,1999-10-01,3.862499952316284,1.850000023841858,276,Short-Term,-65222.23908991314,-52.10355866198936
2000Q3,2000-07-03,ADBE,1671.0884672184359,1997-01-02,4.734611511230469,31.756765365600586,1278,Long-Term,45156.40966544011,570.7364540949926
2000Q3,2000-07-03,AAPL,61866.09215658144,1997-01-02,0.15716098248958588,0.797966480255127,1278,Long-Term,39644.131979207006,407.7382869555447
2000Q3,2000-07-03,COST,1864.624468244654,1997-01-02,8.119316101074219,22.775732040405273,1278,Long-Term,27328.71177724764,180.51293676559717
2000Q3,2000-07-03,PAYX,2152.7637059659232,1997-01-02,4.620729446411133,19.53336524963379,1278,Long-Term,32103.381117465717,322.7333687499304
2000Q3,2000-07-03,KLAC,3348.795002044584,1997-01-02,0.8969790935516357,3.0598959922790527,1278,Long-Term,7243.165300296146,241.1334795065551
2000Q4,2000-10-02,CIEN,884.4924439572841,2000-01-03,194.6875,849.625,273,Short-Term,579287.2700142737,336.4044943820225
2000Q4,2000-10-02,CSCO,4951.938324012434,1997-01-02,4.496011257171631,35.71780776977539,1369,Long-Term,154608.41069528033,694.4332370787901
2000Q4,2000-10-02,YHOO,1864.434582681787,1998-10-01,112.93768244219667,86.06258321171862,732,Long-Term,-50106.864418307974,-23.796396959210817
2000Q4,2000-10-02,KLAC,23334.14200604576,1997-01-02,0.8969790935516357,1.9940145015716553,1369,Long-Term,25598.379996399486,122.30334195151084
2000Q4,2000-10-02,KLAC,3169.6225199562614,1997-04-01,0.9478133916854858,1.9940145015716553,1280,Long-Term,3316.062598298438,110.38049462729387
2000Q4,2000-10-02,KLAC,3667.389510487248,1997-07-01,1.3676059246063232,1.9940145015716553,1189,Long-Term,2297.2842444419025,45.80329506437675
2000Q4,2000-10-02,KLAC,2935.3749209879325,1998-01-02,1.0626002550125122,1.9940145015716553,1004,Long-Term,2734.0500204005793,87.65424647372926
2000Q4,2000-10-02,KLAC,1491.4034209784677,1998-04-01,1.0773584842681885,1.9940145015716553,915,Long-Term,1367.103920066888,85.08365884602644
2000Q4,2000-10-02,KLAC,31.369064003653204,1999-01-04,1.2003449201583862,1.9940145015716553,637,Long-Term,24.896671897105485,66.12012664730933
2000Q4,2000-10-02,KLAC,1306.3707768728877,1999-07-01,1.8087172508239746,1.9940145015716553,459,Long-Term,242.06691341165788,10.244677583700113
2000Q4,2000-10-02,KLAC,4928.863932293572,2000-04-03,4.04378604888916,1.9940145015716553,182,Short-Term,-10103.045049014838,-50.689416367134044
2000Q4,2000-10-02,AMZN,22576.301298607286,1999-10-01,3.862499952316284,1.7937500476837158,367,Long-Term,-46704.72115844995,-53.55986874231466
2000Q4,2000-10-02,VRSN,205.19053434345898,2000-07-03,153.3861846923828,160.49607849121094,91,Short-Term,1458.8829077067885,4.635289555631801
2000Q4,2000-10-02,NTAP,295.55565326560543,2000-07-03,60.792442321777344,89.697509765625,91,Short-Term,8543.056091052778,47.54713964418757
2000Q4,2000-10-02,AMAT,1107.3385786195006,1997-01-02,3.183889389038086,20.48076820373535,1369,Long-Term,19153.50120122062,543.2625541028291
2000Q4,2000-10-02,COST,1028.015232932968,1997-01-02,8.119316101074219,21.942977905273438,1369,Long-Term,14210.934909630434,170.25648012854546
2000Q4,2000-10-02,AAPL,25953.766907153495,1997-01-02,0.15716098248958588,0.36296725273132324,1369,Long-Term,5341.447965884692,130.95252204558784
2000Q4,2000-10-02,AMGN,206.68184072988586,1997-01-02,9.167703628540039,44.13924789428711,1369,Long-Term,7227.98314201129,381.4646031627476
2001Q1,2001-01-02,SUNW,8881.469367870812,1997-01-02,26.749864608389256,25.437505514296046,1461,Long-Term,-11655.677093835537,-4.90604013629897
2001Q1,2001-01-02,SUNW,812.7506306054819,1998-01-02,41.499937322260976,25.437505514296046,1096,Long-Term,-13054.751580981048,-38.704713414949865
2001Q1,2001-01-02,SUNW,4486.973857658093,1998-04-01,42.43747758663637,25.437505514296046,1007,Long-Term,-76278.43026950871,-40.058865510172645
2001Q1,2001-01-02,SUNW,135.87739297050413,1998-07-01,44.937402397503924,25.437505514296046,916,Long-Term,-2649.5951516839455,-43.39346700709833
2001Q1,2001-01-02,SUNW,737.5831369035359,1999-01-04,90.06250614983101,25.437505514296046,729,Long-Term,-47666.31069115087,-71.75572099672935
2001Q1,2001-01-02,SUNW,3295.7878187054557,1999-10-01,91.99997981714226,25.437505514296046,459,Long-Term,-219375.79199021545,-72.35053141875113
2001Q1,2001-01-02,SUNW,3633.930089002955,2000-04-03,89.81248457018361,25.437505514296046,274,Short-Term,-233934.17337012486,-71.67709407435665
2001Q1,2001-01-02,SUNW,14.233972215031022,2000-10-02,113.56202888767747,25.437505514296046,92,Short-Term,-1254.362017159563,-77.60034250580719
2001Q1,2001-01-02,INTC,4930.875276429952,1998-01-02,10.279914855957031,17.668209075927734,1096,Long-Term,36430.75730424385,71.87116161462481
2001Q1,2001-01-02,INTC,2146.664923242389,1998-04-01,10.97412109375,17.668209075927734,1007,Long-Term,14369.963864439364,60.99885289210234
2001Q1,2001-01-02,MSFT,8448.034009011364,1997-01-02,6.205007553100586,13.189200401306152,1461,Long-Term,59002.69870713457,112.55736255656335
2001Q1,2001-01-02,AAPL,121921.39749322903,1997-01-02,0.15716098248958588,0.22264467179775238,1461,Long-Term,7983.8629134640805,41.66663269142245
2001Q1,2001-01-02,AAPL,62777.05500453126,1997-10-01,0.16113653779029846,0.22264467179775238,1189,Long-Term,3861.2995118120148,38.17143824171028
2001Q1,2001-01-02,AAPL,110693.85814429805,1998-01-02,0.12161245197057724,0.22264467179775238,1096,Long-Term,11183.646209552862,83.07719990023615
2001Q1,2001-01-02,AAPL,18268.78952184094,1998-07-01,0.22404788434505463,0.22264467179775238,916,Long-Term,-25.634994681071007,-0.6263002890672995
2001Q1,2001-01-02,AAPL,176.34107896181354,1999-04-01,0.2698868215084076,0.22264467179775238,642,Long-Term,-8.330731652452467,-17.50442998536092
2001Q1,2001-01-02,AAPL,34997.96741926168,2000-01-03,0.8377243280410767,0.22264467179775238,365,Short-Term,-21526.53776945454,-73.42268042777489
2001Q1,2001-01-02,AAPL,35773.550890758095,2000-04-03,0.9976916313171387,0.22264467179775238,274,Short-Term,-27726.181849094093,-77.68401930927095
2001Q1,2001-01-02,ADBE,2186.529702527102,1997-01-02,4.734611511230469,23.22134017944336,1461,Long-Term,40421.78133560678,390.4592515006244
2001Q1,2001-01-02,CSCO,1358.5695509462505,1997-01-02,4.496011257171631,21.438732147216797,1461,Long-Term,23017.86471139632,376.8389339110232
2001Q1,2001-01-02,QCOM,976.8189628019336,1997-01-02,1.4760503768920898,21.7315731048584,1461,Long-Term,19785.978702143042,1372.278551265675
2001Q1,2001-01-02,NTAP,404.67646771149487,2000-07-03,60.792442321777344,37.7601432800293,183,Short-Term,-9320.629419489447,-37.88678026758157
2001Q1,2001-01-02,VRSN,16.766062570337994,2000-07-03,153.3861846923828,51.70378875732422,183,Short-Term,-1704.813412549074,-66.29175641794822
2001Q2,2001-04-02,MSFT,48547.90165346046,1997-01-02,6.205007553100586,16.971126556396484,1551,Long-Term,522672.486561461,173.50694436973194
2001Q2,2001-04-02,MSFT,12297.10654727013,1997-10-01,10.176973342895508,16.971126556396484,1279,Long-Term,83548.42596489926,66.76005708754204
2001Q2,2001-04-02,INTC,9622.686370314146,1998-04-01,10.97412109375,14.681366920471191,1097,Long-Term,35673.66388819401,33.78171058120134
2001Q2,2001-04-02,INTC,5848.616938251207,1998-07-01,10.65069580078125,14.681366920471191,1006,Long-Term,23573.85138313855,37.84420468937141
2001Q2,2001-04-02,VRSN,2558.986141352381,2000-07-03,153.3861846923828,29.90351104736328,273,Short-Term,-315990.4505547439,-80.50442997370656
2001Q2,2001-04-02,NTAP,5287.043684212897,2000-07-03,60.792442321777344,11.19498348236084,273,Short-Term,-262223.9315099461,-81.584909151856
2001Q2,2001-04-02,AMAT,2966.7185642559302,1997-01-02,3.183889389038086,14.45169734954834,1551,Long-Term,33428.41505491652,353.90073534917855
2001Q2,2001-04-02,COST,1558.2912895345828,1997-01-02,8.119316101074219,24.108125686645508,1551,Long-Term,24915.222707222783,196.92310764272256
2001Q2,2001-04-02,WCOEQ,1323.3845417635487,1997-01-02,26.499969498811467,18.687508310189617,1551,Long-Term,-10338.890370149835,-29.481019549747938
2001Q2,2001-04-02,YHOO,1206.8697343830202,1998-10-01,112.93768244219667,14.000052918919396,914,Long-Term,-119404.83066324331,-87.60373631176216
2001Q2,2001-04-02,AMGN,365.88321283380753,1997-01-02,9.167703628540039,38.26519775390625,1551,Long-Term,10646.28463600183,317.39130434782606
2001Q3,2001-07-02,MSFT,6898.487572458907,1997-10-01,10.176973342895508,21.467622756958008,1370,Long-Term,77888.4046679006,110.94309706475201
2001Q3,2001-07-02,MSFT,4538.632661064119,1998-10-01,15.821346282958984,21.467622756958008,1005,Long-Term,25626.374818289918,35.68771186103532
2001Q3,2001-07-02,MSFT,2003.5816807808842,1999-01-04,21.437210083007812,21.467622756958008,910,Long-Term,60.93427639017334,0.14186861924864885
2001Q3,2001-07-02,WCOEQ,3691.973951587036,1997-01-02,26.499969498811467,14.810002998276723,1642,Long-Term,-43159.051814899336,-44.11313190778972
2001Q3,2001-07-02,WCOEQ,1100.9699946187973,1997-04-01,23.125021348346323,14.810002998276723,1553,Long-Term,-9154.585708131328,-35.956802914105026
2001Q3,2001-07-02,WCOEQ,68.8573214752866,1997-10-01,34.37498812915592,14.810002998276723,1370,Long-Term,-1347.1924708161514,-56.91634003586671
2001Q3,2001-07-02,WCOEQ,168.5096918434339,1998-04-01,43.00002716710894,14.810002998276723,1188,Long-Term,-4750.292285748871,-65.55815432227212
2001Q3,2001-07-02,WCOEQ,207.4202094020119,1998-07-01,49.74995247931605,14.810002998276723,1097,Long-Term,-7247.251637852894,-70.23112131728347
2001Q3,2001-07-02,WCOEQ,410.50408704467026,1999-04-01,89.24997374949936,14.810002998276723,823,Long-Term,-30557.912232862604,-83.40615422493633
2001Q3,2001-07-02,WCOEQ,395.1528553269995,1999-07-01,88.31251650959197,14.810002998276723,732,Long-Term,-29044.728087707575,-83.23000681713314
2001Q3,2001-07-02,WCOEQ,2121.441640027497,2000-04-03,45.437510698176254,14.810002998276723,455,Long-Term,-64974.47016482966,-67.405778242004
2001Q3,2001-07-02,WCOEQ,80.77452688745905,2000-10-02,29.43750456213149,14.810002998276723,273,Short-Term,-1181.5295183659362,-49.69001884307693
2001Q3,2001-07-02,WCOEQ,2828.2157448061753,2001-01-02,15.937513695576323,14.810002998276723,181,Short-Term,-3188.843506540119,-7.074570844839847
2001Q3,2001-07-02,CIEN,476.4175645319837,2000-01-03,194.6875,256.4100036621094,546,Long-Term,29405.684871518595,31.70337266753612
2001Q3,2001-07-02,ORCL,4888.501028920718,1997-01-02,3.718197822570801,15.600494384765625,1642,Long-Term,58086.61897023051,319.57139262642244
2001Q3,2001-07-02,SANM,133.46373559237378,2001-01-02,206.0625,140.6999969482422,181,Short-Term,-8723.52382495553,-31.719746703916442
2001Q3,2001-07-02,SUNW,653.823748963101,2001-04-02,15.190003431544277,15.770000447119328,91,Short-Term,379.21582311069,3.818281004272863
2001Q3,2001-07-02,PAYX,270.5566736122435,1997-01-02,4.620729446411133,19.32131576538086,1642,Long-Term,3977.3417346101046,318.1442776397026
2001Q3,2001-07-02,NXTL,299.4105622896421,1997-01-02,13.62512115378966,17.0500320280901,1642,Long-Term,1025.4544906662047,25.136737028924276
2001Q3,2001-07-02,ADBE,174.84685696778908,1997-01-02,4.734611511230469,23.344491958618164,1642,Long-Term,3253.879104772051,393.0603472585908
2001Q4,2001-10-01,AMZN,264916.8627403346,1999-10-01,3.862499952316284,0.3005000054836273,731,Long-Term,-943633.8509961461,-92.22006448690253
2001Q4,2001-10-01,AMZN,49876.41311413435,2000-01-03,4.46875,0.3005000054836273,637,Long-Term,-207897.35868948686,-93.27552435281393
2001Q4,2001-10-01,AMZN,28296.233679994057,2001-01-02,0.6937500238418579,0.3005000054836273,272,Short-Term,-11127.494414126446,-56.68468538285383
2001Q4,2001-10-01,AMZN,6437.248450120344,2001-04-02,0.45500001311302185,0.3005000054836273,182,Short-Term,-994.5549346559013,-33.95604465422659
2001Q4,2001-10-01,AMZN,36756.38330975877,2001-07-02,0.7264999747276306,0.3005000054836273,91,Short-Term,-15658.218159478032,-58.63729993985387
2001Q4,2001-10-01,MSFT,2972.5019812878418,1999-01-04,21.437210083007812,15.747978210449219,1001,Long-Term,-16911.253013186357,-26.539049860168877
2001Q4,2001-10-01,INTC,3825.78642159369,1998-07-01,10.65069580078125,11.402215957641602,1188,Long-Term,2875.155611670293,7.05606629761434
2001Q4,2001-10-01,CSCO,5373.239886106731,1997-01-02,4.496011257171631,7.658414363861084,1733,Long-Term,16992.35050881161,70.33797127720874
2001Q4,2001-10-01,NXTL,3074.1330302273177,1997-01-02,13.62512115378966,7.520041136575678,1733,Long-Term,-18767.828133098265,-44.80752830235149
2001Q4,2001-10-01,QCOM,312.5133360964817,1997-01-02,1.4760503768920898,13.736501693725586,1733,Long-Term,3831.5545430721377,830.6255334352878
2001Q4,2001-10-01,PAYX,199.30119894015874,1997-01-02,4.620729446411133,14.425003051757812,1733,Long-Term,1954.003484282946,212.18021351502296
2002Q1,2002-01-02,INTC,6070.270164115331,1998-07-01,10.65069580078125,18.81856346130371,1281,Long-Term,49581.163364111984,76.68858273018493
2002Q1,2002-01-02,INTC,6277.74588171856,1999-01-04,17.127552032470703,18.81856346130371,1094,Long-Term,10615.740033295433,9.873047973389074
2002Q1,2002-01-02,BIIB,459.90641563602856,2001-07-02,65.75,68.1500015258789,184,Short-Term,1103.776099287967,3.650192434796816
2002Q1,2002-01-02,ORCL,2216.0642241718483,1997-01-02,3.718197822570801,11.13865852355957,1826,Long-Term,16444.217486334368,199.5714336645538
2002Q1,2002-01-02,AMGN,579.5749540188931,1997-01-02,9.167703628540039,37.8624153137207,1826,Long-Term,16630.73620552398,312.99781109689195
2002Q1,2002-01-02,COST,371.28933202228603,1997-01-02,8.119316101074219,29.612607955932617,1826,Long-Term,7980.229975750416,264.7180081092636
2002Q1,2002-01-02,YHOO,552.3578457278838,1998-10-01,112.93768244219667,18.629934667778706,1189,Long-Term,-52091.62439612614,-83.50423502154491
2002Q1,2002-01-02,ADBE,182.71632941319476,1997-01-02,4.734611511230469,15.845815658569336,1826,Long-Term,2030.1984371624242,234.68037706965313
2002Q1,2002-01-02,PAYX,63.46602756194687,1997-01-02,4.620729446411133,16.47937774658203,1826,Long-Term,752.6212998660807,256.6401785194624
2002Q2,2002-04-01,SANM,1761.6939254857014,2001-01-02,206.0625,73.55999755859375,454,Long-Term,-233428.8536626797,-64.30209399643616
2002Q2,2002-04-01,SANM,285.30261285046345,2001-04-02,121.125,73.55999755859375,364,Short-Term,-13570.419476771876,-39.26935186081011
2002Q2,2002-04-01,SANM,31.91837952156187,2001-10-01,79.68000030517578,73.55999755859375,182,Short-Term,-195.3405703384063,-7.680726309164551
2002Q2,2002-04-01,SANM,10.6469651517236,2002-01-02,121.5,73.55999755859375,89,Short-Term,-510.4155353671967,-39.45679213284465
2002Q2,2002-04-01,INTC,4593.392805265117,1999-01-04,17.127552032470703,17.785449981689453,1183,Long-Term,3021.9837065400816,3.8411674241099716
2002Q2,2002-04-01,INTC,12.945703202577533,1999-04-01,17.14405632019043,17.785449981689453,1096,Long-Term,8.303291977780837,3.7412013208546147
2002Q2,2002-04-01,CSCO,2352.772383939778,1997-01-02,4.496011257171631,11.275242805480957,1915,Long-Term,15949.988771195487,150.7832423127435
2002Q2,2002-04-01,YHOO,744.2000606136252,1998-10-01,112.93768244219667,18.679976369196552,1278,Long-Term,-70146.59057282796,-83.45992589430257
2002Q2,2002-04-01,CIEN,149.72049531900265,2000-01-03,194.6875,65.58999633789062,819,Long-Term,-19328.542192737776,-66.31011424056983
2002Q2,2002-04-01,NVDA,5674.870858042674,2001-10-01,0.19184283912181854,0.3329392075538635,182,Short-Term,800.7036693906643,73.54789424402233
2002Q2,2002-04-01,ADBE,14.134510497609815,1997-01-02,4.734611511230469,20.22218894958496,1915,Long-Term,218.9093258849665,327.114007170769
2002Q3,2002-07-01,MSFT,12941.477307964211,1999-01-04,21.437210083007812,16.012531280517578,1274,Long-Term,-70203.35762542184,-25.30496637148741
2002Q3,2002-07-01,MSFT,3564.7520086650857,1999-04-01,28.183847427368164,16.012531280517578,1187,Long-Term,-43387.72368258342,-43.185431578200806
2002Q3,2002-07-01,MSFT,177.91113250754097,2000-01-03,35.4436149597168,16.012531280517578,910,Long-Term,-3457.006103215129,-54.822522198380405
2002Q3,2002-07-01,CSCO,16350.702297933116,1997-01-02,4.496011257171631,8.42425537109375,2006,Long-Term,64229.55006034863,87.3717588597257
2002Q3,2002-07-01,NXTL,8985.295964525807,1997-01-02,13.62512115378966,2.9600189954169163,2006,Long-Term,-95829.09938488208,-78.27528311853855
2002Q3,2002-07-01,NXTL,32.01037616533502,1997-04-01,12.999989970294623,2.9600189954169163,1917,Long-Term,-321.3832475948807,-77.23060554523002
2002Q3,2002-07-01,NXTL,2731.817461721677,1997-07-01,19.687323695570438,2.9600189954169163,1826,Long-Term,-45695.94306741847,-84.96484823844844
2002Q3,2002-07-01,NXTL,10636.49152146967,1998-07-01,27.000071838750685,2.9600189954169163,1461,Long-Term,-255701.81824380247,-89.03699585284556
2002Q3,2002-07-01,NXTL,2016.0078422753186,1999-01-04,25.874958530434146,2.9600189954169163,1274,Long-Term,-46196.69780785948,-88.56029472690618
2002Q3,2002-07-01,NXTL,2013.509531807691,2000-10-02,42.18754138962945,2.9600189954169163,637,Long-Term,-78984.9902499466,-92.98366556116837
2002Q3,2002-07-01,NXTL,5886.098012061696,2001-01-02,23.124942868560332,2.9600189954169163,545,Long-Term,-118692.71832308489,-87.19988623435161
2002Q3,2002-07-01,NXTL,1164.3018158380298,2001-04-02,13.562513434756506,2.9600189954169163,455,Long-Term,-12344.503528135698,-78.17499676843595
2002Q3,2002-07-01,NXTL,5183.280558399667,2002-01-02,11.349983361509626,2.9600189954169163,180,Short-Term,-43487.539184434325,-73.92049925416619
2002Q3,2002-07-01,NXTL,123.5421636082526,2002-04-01,5.500022261667077,2.9600189954169163,91,Short-Term,-313.7974990845733,-46.181690644289795
2002Q3,2002-07-01,NVDA,868077.2445579974,2001-10-01,0.19184283912181854,0.1307947039604187,273,Short-Term,-52994.49695631217,-31.821951468636684
2002Q3,2002-07-01,NVDA,49605.38783619972,2002-01-02,0.5135644674301147,0.1307947039604187,180,Short-Term,-18987.442568884704,-74.53197947768513
2002Q3,2002-07-01,AMGN,2586.1112269295904,1997-01-02,9.167703628540039,25.75181007385254,2006,Long-Term,42888.34386681804,180.89706121917388
2002Q3,2002-07-01,YHOO,1286.3122614455333,1998-10-01,112.93768244219667,13.630076385160505,1369,Long-Term,-127740.59132596833,-87.93132983569359
2002Q3,2002-07-01,YHOO,2360.171476395333,1999-07-01,177.25006036760755,13.630076385160505,1096,Long-Term,-386171.2191636328,-92.31025571619416
2002Q3,2002-07-01,ORCL,6910.667895574893,1997-01-02,3.718197822570801,7.170807838439941,2006,Long-Term,23859.841192607193,92.8570823991815
2002Q3,2002-07-01,AMAT,2571.315265894531,1997-01-02,3.183889389038086,13.028210639953613,2006,Long-Term,25312.85351484904,309.19168501295474
2002Q3,2002-07-01,QCOM,3707.628314718937,1997-01-02,1.4760503768920898,8.103918075561523,2006,Long-Term,24573.669945797832,449.0272014038434
2002Q3,2002-07-01,BIIB,631.6878369680071,2001-07-02,65.75,32.599998474121094,364,Short-Term,-20940.45275936858,-50.41825327129872
2002Q3,2002-07-01,SUNW,4217.263750798375,2001-04-02,15.190003431544277,4.720001399365945,455,Long-Term,-44154.76004109101,-68.92692341619774
2002Q3,2002-07-01,ADBE,1076.0449180431922,1997-01-02,4.734611511230469,13.447920799255371,2006,Long-Term,9375.912178717741,184.03430286427908
2002Q3,2002-07-01,COST,476.83087251580776,1997-01-02,8.119316101074219,25.162391662597656,2006,Long-Term,8126.664590354061,209.90777239561552
2002Q3,2002-07-01,KLAC,4.547473508864641e-12,2000-04-03,4.04378604888916,2.1682300567626953,819,Long-Term,-8.529041188587438e-12,-46.381187566579726
2002Q3,2002-07-01,KLAC,5051.961296938306,2002-04-01,3.5955252647399902,2.1682300567626953,91,Short-Term,-7210.640150006804,-39.69643106041447
2002Q3,2002-07-01,CIEN,356.10185762781845,2000-01-03,194.6875,28.84000015258789,910,Long-Term,-59058.60277859279,-85.18651677555678
2002Q3,2002-07-01,PAYX,672.9560723747619,1997-01-02,4.620729446411133,14.247624397277832,2006,Long-Term,6478.477415299681,208.3414547965754
2002Q4,2002-10-01,CSCO,21753.221213780023,1997-01-02,4.496011257171631,7.040590286254883,2098,Long-Term,55352.79051559357,56.596366946910315
2002Q4,2002-10-01,CIEN,2257.8412444022874,2000-01-03,194.6875,21.280000686645508,1002,Long-Term,-391526.60403835314,-89.06966256865721
2002Q4,2002-10-01,CIEN,506.6030209176812,2000-04-03,398.5625,21.280000686645508,911,Long-Term,-191132.45389151838,-94.6608121219017
2002Q4,2002-10-01,CIEN,140.99949001487815,2001-01-02,461.125,21.280000686645508,637,Long-Term,-62017.920588777415,-95.38519909208013
2002Q4,2002-10-01,CIEN,1482.9210931010348,2001-04-02,297.0625,21.280000686645508,547,Long-Term,-408963.685339895,-92.83652406929669
2002Q4,2002-10-01,CIEN,154.18260509609414,2001-10-01,68.73999786376953,21.280000686645508,365,Short-Term,-7317.506002622255,-69.04276789647464
2002Q4,2002-10-01,CIEN,462.3455853690775,2002-01-02,109.12999725341797,21.280000686645508,272,Short-Term,-40617.05808733586,-80.50031959844202
2002Q4,2002-10-01,ORCL,14624.19332115842,1997-01-02,3.718197822570801,6.804303169250488,2098,Long-Term,45131.80119930438,83.00003103508683
2002Q4,2002-10-01,MSFT,6005.9670579589465,2000-01-03,35.4436149597168,14.057330131530762,1002,Long-Term,-128445.32217021253,-60.338892780808266
2002Q4,2002-10-01,COST,3448.888316849117,1997-01-02,8.119316101074219,22.11785316467285,2098,Long-Term,48279.39093162467,172.41029773119155
2002Q4,2002-10-01,COST,26.286411786615645,1997-04-01,9.36844539642334,22.11785316467285,2009,Long-Term,335.136182631683,136.08883041701824
2002Q4,2002-10-01,AMGN,2408.9400865800503,1997-01-02,9.167703628540039,29.913997650146484,2098,Long-Term,49976.57931662381,226.29760801844662
2002Q4,2002-10-01,SUNW,10142.060642749719,2001-04-02,15.190003431544277,2.759994757754552,547,Long-Term,-126065.9017594804,-81.83019003127401
2002Q4,2002-10-01,SUNW,550.3296231653761,2001-10-01,8.129995012417028,2.759994757754552,365,Short-Term,-2955.2702165463747,-66.05170417030783
2002Q4,2002-10-01,SUNW,1066.9505814792801,2002-01-02,13.039988112998762,2.759994757754552,272,Short-Term,-10968.244887980945,-78.83437673533396
2002Q4,2002-10-01,SUNW,890.7285159392679,2002-04-01,9.52001254832777,2.759994757754552,183,Short-Term,-6021.340614320332,-71.00849664069659
2002Q4,2002-10-01,YHOO,4519.127462372264,1999-07-01,177.25006036760755,9.699988102080795,1188,Long-Term,-757180.1328975994,-94.52751210241424
2002Q4,2002-10-01,YHOO,1565.1605130413845,2000-04-03,160.12495408860772,9.699988102080795,911,Long-Term,-235439.2169377053,-93.94223832425698
2002Q4,2002-10-01,QCOM,5989.598341835764,1997-01-02,1.4760503768920898,9.128026008605957,2098,Long-Term,45832.26055548105,518.4088396647782
2002Q4,2002-10-01,AMAT,4642.572391812012,1997-01-02,3.183889389038086,8.822762489318848,2098,Long-Term,26178.87657629487,177.10643842386665
2002Q4,2002-10-01,INTC,4806.9214148387155,1999-04-01,17.14405632019043,8.386683464050293,1279,Long-Term,-42096.003119907306,-51.08110176835247
2002Q4,2002-10-01,BIIB,965.6136473858659,2001-07-02,65.75,41.65999984741211,456,Long-Term,-23261.63291286646,-36.63878350203482
2002Q4,2002-10-01,INTU,1820.346484369688,2002-07-01,20.916458129882812,20.824234008789062,92,Short-Term,-167.8798546070922,-0.4409165286066848
2002Q4,2002-10-01,SBUX,8645.450546993572,2002-07-01,4.492623329162598,3.9467220306396484,92,Short-Term,-4719.562679919733,-12.151058713945256
2002Q4,2002-10-01,PAYX,2285.5095399801817,1997-01-02,4.620729446411133,12.098851203918457,2098,Long-Term,17091.318617916353,161.8385548047072
2002Q4,2002-10-01,PAYX,67.2615148420141,1997-04-01,3.644796371459961,12.098851203918457,2009,Long-Term,568.6325345886081,231.94861854716282
2002Q4,2002-10-01,ADBE,2811.8674661638206,1997-01-02,4.734611511230469,9.678951263427734,2098,Long-Term,13902.828090863977,104.4296821496193
2002Q4,2002-10-01,MCHP,3334.9448963205473,2002-07-01,6.917256832122803,5.69577169418335,92,Short-Term,-4073.585626702579,-17.65851937529689
2002Q4,2002-10-01,AMZN,20347.332863351483,2002-07-01,0.6775000095367432,0.8475000262260437,92,Short-Term,3459.0469263525056,25.09225303266669
2002Q4,2002-10-01,KLAC,7690.461617590927,2002-04-01,3.5955252647399902,1.5338172912597656,183,Short-Term,-15855.48603673084,-57.34093968685593
2003Q1,2003-01-02,ORCL,3350.216644674545,1997-01-02,3.718197822570801,8.93164348602295,2191,Long-Term,17466.172437803714,140.21431651120483
2003Q1,2003-01-02,AMGN,635.6746983256851,1997-01-02,9.167703628540039,33.10947799682617,2191,Long-Term,15219.180198941907,261.15345061715163
2003Q1,2003-01-02,QCOM,1476.188047347962,1997-01-02,1.4760503768920898,11.387804985046387,2191,Long-Term,14631.613680803457,671.5051710514158
2003Q1,2003-01-02,AMZN,7095.8475157597095,2002-07-01,0.6775000095367432,0.9785000085830688,185,Short-Term,2135.850095476545,44.42804351429332
2003Q1,2003-01-02,CMCSA,1254.2784045727274,2002-10-01,4.773521423339844,5.196811199188232,93,Short-Term,530.9232247230643,8.867453150597354
2003Q1,2003-01-02,INTU,222.93429432626232,2002-07-01,20.916458129882812,20.77153968811035,185,Short-Term,-32.30729055140512,-0.6928440793970736
2003Q1,2003-01-02,TEVA,263.432234977144,2002-10-01,13.176193237304688,15.052190780639648,93,Short-Term,494.1982256523603,14.237781046073316
2003Q1,2003-01-02,CSCO,135.090929447796,1997-01-02,4.496011257171631,8.778217315673828,2191,Long-Term,578.4871965300449,95.24455819970666
2003Q1,2003-01-02,MCHP,10.919863682205797,2002-07-01,6.917256832122803,6.801339626312256,185,Short-Term,-1.2658000858733656,-1.675768424156858
2003Q2,2003-04-01,YHOO,2638.955461608351,2000-04-03,160.12495408860772,22.790012532649204,1093,Long-Term,-362420.79408876045,-85.76735733517339
2003Q2,2003-04-01,NXTL,1143.4010048399655,2002-10-01,8.130008809812354,13.549952671989532,182,Short-Term,6197.169258189589,66.66590392418374
2003Q2,2003-04-01,INTC,1369.4896987051775,1999-04-01,17.14405632019043,9.40918254852295,1461,Long-Term,-10592.829951083477,-45.11694098063698
2003Q2,2003-04-01,ORCL,1459.6981984168328,1997-01-02,3.718197822570801,8.573103904724121,2280,Long-Term,7086.697661602126,130.57148419275302
2003Q2,2003-04-01,CSCO,1450.9616459798212,1997-01-02,4.496011257171631,8.353461265563965,2280,Long-Term,5597.012013461816,85.79716081091387
2003Q2,2003-04-01,AMZN,7989.361251086756,2002-07-01,0.6775000095367432,1.2769999504089355,274,Short-Term,4789.621597633095,88.48707489791991
2003Q2,2003-04-01,AMAT,628.2127856618281,1997-01-02,3.183889389038086,9.220190048217773,2280,Long-Term,3792.0812521956004,189.58889338185742
2003Q2,2003-04-01,SBUX,905.3309029244126,2002-07-01,4.492623329162598,4.671518325805664,274,Short-Term,161.95916883952708,3.9819718577744982
2003Q2,2003-04-01,ADBE,130.63704463214245,1997-01-02,4.734611511230469,15.269285202026367,2280,Long-Term,1376.2186371295606,222.50344438625467
2003Q2,2003-04-01,BIIB,45.64860782231694,2001-07-02,65.75,34.099998474121094,638,Long-Term,-1444.778507230579,-48.13688445000594
2003Q2,2003-04-01,KLAC,739.4913371306613,2002-04-01,3.5955252647399902,1.8990370035171509,365,Short-Term,-1254.5383727181481,-47.18332194351916
2003Q2,2003-04-01,CMCSA,147.76342789777456,2002-10-01,4.773521423339844,6.12930154800415,182,Short-Term,200.33471869607007,28.402095736604466
2003Q3,2003-07-01,INTC,8666.038278114296,1999-04-01,17.14405632019043,12.281521797180176,1552,Long-Term,-42138.9103050591,-28.3628006826114
2003Q3,2003-07-01,TEVA,1392.0035844842805,2002-10-01,13.176193237304688,22.310293197631836,273,Short-Term,12714.699885813116,69.32275351325686
2003Q3,2003-07-01,AMGN,514.1193167114092,1997-01-02,9.167703628540039,44.20637130737305,2371,Long-Term,18014.055885519763,382.19677575258754
2003Q3,2003-07-01,CMCSA,2904.77511643144,2002-10-01,4.773521423339844,6.387049198150635,273,Short-Term,4686.935329941378,33.80162424581452
2003Q3,2003-07-01,COST,386.44091686540065,1997-04-01,9.36844539642334,24.32297134399414,2282,Long-Term,5779.040718466685,159.62654757298475
2003Q3,2003-07-01,NXTL,418.94150419874995,2002-10-01,8.130008809812354,18.360047783930092,273,Short-Term,4285.787915828722,125.83060133675123
2003Q3,2003-07-01,PAYX,147.9128716456541,1997-04-01,3.644796371459961,14.249313354492188,2282,Long-Term,1568.5445593754048,290.949504506461
2003Q3,2003-07-01,PAYX,235.53295039311138,1997-07-01,5.410804271697998,14.249313354492188,2191,Long-Term,2081.7601213468283,163.34926637478463
2003Q3,2003-07-01,QCOM,384.17130343844,1997-01-02,1.4760503768920898,11.083991050720215,2371,Long-Term,3691.0950920237547,650.92227367322
2003Q3,2003-07-01,AMAT,230.0862682509402,1997-01-02,3.183889389038086,11.691428184509277,2371,Long-Term,1957.4678534500654,267.20585284030494
2003Q3,2003-07-01,MCHP,302.4018063241488,2002-07-01,6.917256832122803,6.766172409057617,365,Short-Term,-45.688202442354005,-2.184166740254171
2003Q3,2003-07-01,KLAC,569.853368203277,2002-04-01,3.5955252647399902,2.4584107398986816,456,Long-Term,-647.9885420136886,-31.625824910551387
2003Q3,2003-07-01,INTU,32.889481777152255,2002-07-01,20.916458129882812,19.75711441040039,365,Short-Term,-38.13021413537303,-5.542734397398272
2003Q4,2003-10-01,INTC,9914.674593427406,1999-04-01,17.14405632019043,16.43624496459961,1644,Long-Term,-7017.719264215717,-4.128610769653364
2003Q4,2003-10-01,INTC,3764.0591511828625,2000-01-03,24.71065330505371,16.43624496459961,1367,Long-Term,-31145.36243451006,-33.48518648336123
2003Q4,2003-10-01,BIIB,3010.6566816092018,2001-07-02,65.75,33.68000030517578,821,Long-Term,-96551.7588604276,-48.77566493509387
2003Q4,2003-10-01,BIIB,554.3303718687723,2001-10-01,51.599998474121094,33.68000030517578,730,Long-Term,-9933.599248879174,-34.72867964895913
2003Q4,2003-10-01,BIIB,238.13325805452047,2002-04-01,65.55000305175781,33.68000030517578,548,Long-Term,-7589.307588250095,-48.619376449788575
2003Q4,2003-10-01,BIIB,120.76609986681535,2003-01-02,34.34000015258789,33.68000030517578,272,Short-Term,-79.7056074846537,-1.9219564486879341
2003Q4,2003-10-01,BIIB,92.3573889265204,2003-07-01,35.31999969482422,33.68000030517578,92,Short-Term,-151.4660614690168,-4.643259920211048
2003Q4,2003-10-01,NXTL,407.1152815006,2002-10-01,8.130008809812354,19.509988568880512,365,Short-Term,4632.963663084163,139.97499910865184
2003Q4,2003-10-01,SBUX,45.63391349384882,2002-07-01,4.492623329162598,5.403690338134766,457,Long-Term,41.575553074535506,20.279176379159885
2003Q4,2003-10-01,ADBE,2.380075601631744,1997-01-02,4.734611511230469,19.867834091186523,2463,Long-Term,36.018213836616,319.62965797848767
2004Q1,2004-01-02,CSCO,8427.048361618761,1997-01-02,4.496011257171631,15.606426239013672,2556,Long-Term,93628.00436963652,247.11715221174572
2004Q1,2004-01-02,INTC,3298.120267942512,2000-01-03,24.71065330505371,18.4737606048584,1460,Long-Term,-20570.02222349686,-25.23969165525774
2004Q1,2004-01-02,ORCL,1611.4639053452743,1997-01-02,3.718197822570801,10.469379425048828,2556,Long-Term,10879.285470824409,181.57133978982833
2004Q1,2004-01-02,COST,424.5271530267827,1997-04-01,9.36844539642334,24.1964054107666,2467,Long-Term,6294.8716500841165,158.27556640298337
2004Q1,2004-01-02,AMAT,304.0593171880392,1997-01-02,3.183889389038086,15.96912670135498,2556,Long-Term,3887.4705272701162,401.5603480552935
2004Q1,2004-01-02,KLAC,1231.9318386672533,2002-04-01,3.5955252647399902,2.9616377353668213,641,Long-Term,-780.9062295689305,-17.629900576404612
2004Q1,2004-01-02,AMZN,989.1724835449743,2002-07-01,0.6775000095367432,2.5950000286102295,550,Long-Term,1896.738256064456,283.0258290896
2004Q1,2004-01-02,INTU,48.83165799706606,2002-07-01,20.916458129882812,22.95848274230957,550,Long-Term,99.71544749561481,9.762764803422282
2004Q1,2004-01-02,CMCSA,126.25175241227107,2002-10-01,4.773521423339844,6.9067301750183105,458,Long-Term,269.3213431605996,44.68836656411076
2004Q1,2004-01-02,SBUX,8.752915869624308,2002-07-01,4.492623329162598,6.069469451904297,550,Long-Term,13.80200145170138,35.098560622833595
2004Q2,2004-04-01,INTU,7447.329791505881,2002-07-01,20.916458129882812,20.17869758605957,640,Long-Term,-5494.346077012412,-3.5271772077377785
2004Q2,2004-04-01,INTU,96.64422565906031,2003-04-01,16.25713539123535,20.17869758605957,366,Long-Term,378.99634169263163,24.12209839218314
2004Q2,2004-04-01,INTU,168.87950900430909,2003-10-01,21.61470603942871,20.17869758605957,183,Short-Term,-242.51240253101776,-6.643664044052366
2004Q2,2004-04-01,CSCO,4108.843408090325,1997-01-02,4.496011257171631,15.278213500976562,2646,Long-Term,44302.38061415461,239.81706510645716
2004Q2,2004-04-01,TEVA,550.5451477705434,2002-10-01,13.176193237304688,24.711618423461914,548,Long-Term,6350.772363708978,87.5474803564501
2004Q2,2004-04-01,NXTL,525.3477655182761,2002-10-01,8.130008809812354,24.219976490564754,548,Long-Term,8452.828568344554,197.90836710204954
2004Q2,2004-04-01,AMGN,100.31112535116091,1997-01-02,9.167703628540039,39.36616134643555,2646,Long-Term,3029.241277551549,329.40045775350427
2004Q2,2004-04-01,QCOM,16.058246857268134,1997-01-02,1.4760503768920898,20.478540420532227,2646,Long-Term,305.14667602355325,1287.3876353496137
2004Q3,2004-07-01,YHOO,2355.0735640588778,2000-04-03,160.12495408860772,69.30544018686994,1550,Long-Term,-213886.6362906604,-56.71790160294524
2004Q3,2004-07-01,YHOO,2368.6742076037676,2000-07-03,127.87505782311275,69.30544018686994,1459,Long-Term,-138732.34264418308,-45.802221819724295
2004Q3,2004-07-01,MSFT,2349.3036542091004,2000-01-03,35.4436149597168,17.56524085998535,1641,Long-Term,-42001.72960381642,-50.44173434355099
2004Q3,2004-07-01,AMZN,9667.516376442847,2002-07-01,0.6775000095367432,2.628000020980835,731,Long-Term,18856.490802887718,287.8966766034133
2004Q3,2004-07-01,AMAT,325.04786697965136,1997-01-02,3.183889389038086,13.72911548614502,2737,Long-Term,3427.703249682763,331.2057929340582
2004Q3,2004-07-01,KLAC,980.7547513693784,2002-04-01,3.5955252647399902,2.4746789932250977,822,Long-Term,-1099.2753063428831,-31.173366587258467
2004Q3,2004-07-01,MCHP,271.4806580901762,2002-07-01,6.917256832122803,8.293925285339355,731,Long-Term,373.73885765121463,19.90194215174274
2004Q3,2004-07-01,ADBE,23.501315302244198,1997-01-02,4.734611511230469,22.93463706970215,2737,Long-Term,427.724539158546,384.4037787535753
2004Q4,2004-10-01,MSFT,13585.759263186956,2000-01-03,35.4436149597168,17.38323402404785,1733,Long-Term,-245363.98759344948,-50.95524527110271
2004Q4,2004-10-01,KLAC,30013.24032477778,2002-04-01,3.5955252647399902,2.27580189704895,914,Long-Term,-39609.17459673626,-36.704605600552654
2004Q4,2004-10-01,KLAC,359.4695297699157,2003-01-02,1.9604318141937256,2.27580189704895,638,Long-Term,113.36593538746695,16.086766220172166
2004Q4,2004-10-01,KLAC,901.0996619303687,2003-10-01,2.7695822715759277,2.27580189704895,366,Long-Term,-444.9453285541103,-17.828694947776736
2004Q4,2004-10-01,KLAC,1579.7408201944083,2004-04-01,2.6819510459899902,2.27580189704895,183,Short-Term,-641.6103896693795,-15.143794274258198
2004Q4,2004-10-01,AMGN,942.4633841292189,1997-01-02,9.167703628540039,38.77540588378906,2829,Long-Term,27904.1752637723,322.95658165777843
2004Q4,2004-10-01,TEVA,1579.7835920756936,2002-10-01,13.176193237304688,20.55181312561035,731,Long-Term,11651.883280932449,55.976864906805325
2004Q4,2004-10-01,AMZN,15380.928290232318,2002-07-01,0.6775000095367432,2.0234999656677246,823,Long-Term,20702.72880390647,198.6715774441599
2004Q4,2004-10-01,CMCSA,3652.339725958677,2002-10-01,4.773521423339844,6.099965572357178,731,Long-Term,4844.6246597214595,27.787539457386025
2004Q4,2004-10-01,QCOM,849.7531461220618,1997-01-02,1.4760503768920898,25.075515747070312,2829,Long-Term,20053.719945107594,1598.8251986269108
2004Q4,2004-10-01,SBUX,2014.2292977370587,2002-07-01,4.492623329162598,8.708609580993652,823,Long-Term,8491.96302729476,93.84241550953469
2004Q4,2004-10-01,COST,617.9765731964333,1997-04-01,9.36844539642334,28.318157196044922,2740,Long-Term,11710.477960990162,202.2716790008314
2004Q4,2004-10-01,GILD,2306.8301899169946,2003-10-01,4.871138572692871,6.46682596206665,366,Long-Term,3680.979843477269,32.757996217127705
2004Q4,2004-10-01,ADBE,583.046847347394,1997-01-02,4.734611511230469,24.98486328125,2829,Long-Term,11806.845452500873,427.70672360311
2004Q4,2004-10-01,NXTL,504.6892517033329,2002-10-01,8.130008809812354,24.609978017242366,731,Long-Term,8317.26332739182,202.70542865267052
2004Q4,2004-10-01,ORCL,1173.8512376392703,1997-01-02,3.718197822570801,9.481405258178711,2829,Long-Term,6765.14818106019,155.00002180150727
2004Q4,2004-10-01,PAYX,449.19337557122975,1997-07-01,5.410804271697998,15.199969291687012,2649,Long-Term,4397.22807935267,180.91885288094176
2004Q4,2004-10-01,MCHP,51.19364680120795,2002-07-01,6.917256832122803,7.626350402832031,823,Long-Term,36.30108580789562,10.251080564426843
2005Q1,2005-01-03,INTC,4724.43532910658,2000-01-03,24.71065330505371,13.334917068481445,1827,Long-Term,-53743.930170659936,-46.03575670840622
2005Q1,2005-01-03,ORCL,5817.760364852629,1997-01-02,3.718197822570801,10.6845064163208,2923,Long-Term,40528.314026051004,187.35712638692854
2005Q1,2005-01-03,CSCO,4602.768834199068,1997-01-02,4.496011257171631,12.4336576461792,2923,Long-Term,36535.15141621681,176.54863244272693
2005Q1,2005-01-03,MRVL,2138.22542602243,2004-10-01,11.936476707458496,14.784372329711914,94,Short-Term,6089.4428301602275,23.858762447665256
2005Q1,2005-01-03,TEVA,1302.4365884781087,2002-10-01,13.176193237304688,22.700498580932617,825,Long-Term,12404.803759378581,72.28419598964697
2005Q1,2005-01-03,CMCSA,3962.0164122901624,2002-10-01,4.773521423339844,6.887869834899902,825,Long-Term,8377.083107900587,44.293263275662284
2005Q1,2005-01-03,QCOM,1022.2974891414618,1997-01-02,1.4760503768920898,26.277023315429688,2923,Long-Term,25353.972363332326,1680.2253721690374
2005Q1,2005-01-03,NXTL,749.8158698300402,2002-10-01,8.130008809812354,30.20001435488279,825,Long-Term,16548.4404049308,271.46348867953844
2005Q1,2005-01-03,SBUX,1724.7515702226096,2002-07-01,4.492623329162598,11.275824546813965,917,Long-Term,11699.336951280113,150.9853090424948
2005Q1,2005-01-03,YHOO,476.6266325012961,2000-07-03,127.87505782311275,38.17997317112658,1645,Long-Term,-42751.06614959486,-70.14275197909178
2005Q1,2005-01-03,AMAT,1345.765659232836,1997-01-02,3.183889389038086,12.15388011932373,2923,Long-Term,12071.505488455288,281.7306016084827
2005Q1,2005-01-03,COST,4.179042968769295,1997-04-01,9.36844539642334,32.14095687866211,2834,Long-Term,95.16730399106797,243.07673812063632
2005Q1,2005-01-03,COST,330.7740353656345,1997-10-01,13.084590911865234,32.14095687866211,2651,Long-Term,6303.351070241743,145.63975362436724
2005Q1,2005-01-03,AMGN,202.11542785224614,1997-01-02,9.167703628540039,43.15240478515625,2923,Long-Term,6868.8324147002095,370.70025966827956
2005Q1,2005-01-03,ADBE,55.556427874004385,1997-01-02,4.734611511230469,30.83894920349121,2923,Long-Term,1450.263754198738,551.3512065423196
2005Q1,2005-01-03,ADBE,225.19088489749345,1997-10-01,6.143996238708496,30.83894920349121,2651,Long-Term,5561.078310641399,401.9363294723263
2005Q1,2005-01-03,MCHP,975.5956210122102,2002-07-01,6.917256832122803,7.068797588348389,917,Long-Term,147.84249817856048,2.1907637652233936
2005Q1,2005-01-03,PAYX,162.8614205623782,1997-07-01,5.410804271697998,16.613689422607422,2743,Long-Term,1824.5177900742815,207.04657918431369
2005Q1,2005-01-03,PAYX,186.64666396869268,1997-10-01,5.026998043060303,16.613689422607422,2651,Long-Term,2162.617292427279,230.48927571281587
2005Q1,2005-01-03,GILD,502.08481719411657,2003-10-01,4.871138572692871,5.958951950073242,460,Long-Term,546.1745807233382,22.331809312068167
2005Q2,2005-04-01,INTC,5590.423846510079,2000-01-03,24.71065330505371,13.347525596618652,1915,Long-Term,-63524.70011217478,-45.98473204312701
2005Q2,2005-04-01,QCOM,667.41492376904,1997-01-02,1.4760503768920898,22.11827850341797,3011,Long-Term,13776.931111488402,1398.4772098354322
2005Q2,2005-04-01,CSCO,721.4247625135517,1997-01-02,4.496011257171631,11.39108657836914,3011,Long-Term,4974.278076107965,153.35983223349606
2005Q2,2005-04-01,AMGN,185.50864336618915,1997-01-02,9.167703628540039,38.50017547607422,3011,Long-Term,5441.427059013002,319.9544077343324
2005Q2,2005-04-01,AMZN,2555.2855004802473,2002-07-01,0.6775000095367432,1.7005000114440918,1005,Long-Term,2614.0570718651134,150.99630811914665
2005Q2,2005-04-01,GILD,70.60166214243371,2003-10-01,4.871138572692871,6.061900615692139,548,Long-Term,84.06977945186841,24.445250842884324
2005Q2,2005-04-01,MCHP,29.10728138901795,2002-07-01,6.917256832122803,6.893060684204102,1005,Long-Term,-0.704284085999936,-0.34979397911521143
2005Q3,2005-07-01,NXTL,25355.46740052634,2002-10-01,8.130008809812354,32.2800278415377,1004,Long-Term,612335.0202810029,297.04788268590755
2005Q3,2005-07-01,NXTL,88.74229047396831,2003-01-02,12.459983136212161,32.2800278415377,911,Long-Term,1758.876164447037,159.0695949477091
2005Q3,2005-07-01,NXTL,828.251631710026,2004-01-02,27.859988091798247,32.2800278415377,546,Long-Term,3660.905134944879,15.86518894112765
2005Q3,2005-07-01,NXTL,714.1763573460651,2004-07-01,25.859998117773827,32.2800278415377,365,Short-Term,4585.033442171149,24.826102826942307
2005Q3,2005-07-01,NXTL,0.9363651921402968,2005-04-01,28.50004264129737,32.2800278415377,91,Short-Term,3.539446568310517,13.26308612171347
2005Q3,2005-07-01,INTC,4591.617900162252,2000-01-03,24.71065330505371,15.254975318908691,2006,Long-Term,-43416.860299353626,-38.26559285751942
2005Q4,2005-10-03,CSCO,5458.090819659672,1997-01-02,4.496011257171631,11.416826248168945,3196,Long-Term,37774.43676692548,153.93233235254596
2005Q4,2005-10-03,CSCO,7857.026618272165,1997-04-01,3.4591567516326904,11.416826248168945,3107,Long-Term,62523.62105369782,230.04651329490366
2005Q4,2005-10-03,CSCO,245.41120485134095,1997-07-01,4.884831428527832,11.416826248168945,3016,Long-Term,1603.0247187708433,133.71996383526576
2005Q4,2005-10-03,CSCO,53.404050437555014,1997-10-01,5.206613063812256,11.416826248168945,2924,Long-Term,331.65053812535376,119.27548884935963
2005Q4,2005-10-03,QCOM,3810.973831713082,1997-01-02,1.4760503768920898,28.159996032714844,3196,Long-Term,101691.81862119448,1807.7936954975314
2005Q4,2005-10-03,YHOO,3055.229207856108,2000-07-03,127.87505782311275,33.77002987665071,1918,Long-Term,-287512.4299881462,-73.59138642708245
2005Q4,2005-10-03,AMGN,1892.6850634787136,1997-01-02,9.167703628540039,53.45044708251953,3196,Long-Term,83813.28710520676,483.0298322049002
2005Q4,2005-10-03,ORCL,10198.95848234056,1997-01-02,3.718197822570801,9.863845825195312,3196,Long-Term,62679.20882584659,165.28566514988023
2005Q4,2005-10-03,CMCSA,12562.079090804178,2002-10-01,4.773521423339844,6.064342498779297,1098,Long-Term,16215.396441747316,27.041275422543652
2005Q4,2005-10-03,TEVA,2745.5360037504206,2002-10-01,13.176193237304688,26.944913864135742,1098,Long-Term,37802.51820654572,104.49695430884233
2005Q4,2005-10-03,AMZN,29189.72796294123,2002-07-01,0.6775000095367432,2.30049991607666,1190,Long-Term,47374.925755779215,239.55717840501313
2005Q4,2005-10-03,AAPL,38710.47960387838,2005-01-03,0.9473070502281189,1.6296846866607666,273,Short-Term,26415.165577268748,72.03341685975269
2005Q4,2005-10-03,MRVL,2915.8183669762025,2004-10-01,11.936476707458496,19.624515533447266,367,Long-Term,22416.924814844217,64.40794058756806
2005Q4,2005-10-03,COST,1278.5843539498571,1997-10-01,13.084590911865234,28.96021842956543,2924,Long-Term,20298.32895326728,121.33071354415843
2005Q4,2005-10-03,COST,315.3435916783867,1998-04-01,18.070695877075195,28.96021842956543,2742,Long-Term,3433.9411533650637,60.26067079300955
2005Q4,2005-10-03,MSFT,2560.9961376360848,2000-01-03,35.4436149597168,17.650127410888672,2100,Long-Term,-45569.052887624595,-50.20223690233402
2005Q4,2005-10-03,GILD,4858.959654890461,2003-10-01,4.871138572692871,8.215219497680664,733,Long-Term,16248.75429720446,68.65090933225315
2005Q4,2005-10-03,AMAT,2539.5136815943224,1997-01-02,3.183889389038086,12.313519477844238,3196,Long-Term,23184.82051841841,286.74457474053105
2005Q4,2005-10-03,ADBE,254.59832110168918,1997-10-01,6.143996238708496,30.600000381469727,2924,Long-Term,6226.457595602965,398.04718610801143
2005Q4,2005-10-03,ADBE,581.6545714855739,1998-04-01,5.6478142738342285,30.600000381469727,2742,Long-Term,14513.553118065016,441.80252568213047
2005Q4,2005-10-03,ADBE,132.2055589499009,1999-01-04,6.1837944984436035,30.600000381469727,2464,Long-Term,3227.9581462013275,394.84180609771926
2005Q4,2005-10-03,ADBE,6.932562629320643,1999-07-01,10.572016716003418,30.600000381469727,2286,Long-Term,138.845251099856,189.44335980049004
2005Q4,2005-10-03,SBUX,3192.4994127542486,2002-07-01,4.492623329162598,9.295083999633789,1190,Long-Term,15331.852870254654,106.89657953956149
2005Q4,2005-10-03,PAYX,448.9532492994075,1997-10-01,5.026998043060303,18.620529174804688,2924,Long-Term,6102.859971049294,270.41051170708243
2005Q4,2005-10-03,PAYX,313.90830965912517,1998-04-01,7.77710485458374,18.620529174804688,2742,Long-Term,3403.840999277206,139.427518632849
2005Q4,2005-10-03,PAYX,515.948327341019,1998-07-01,8.819180488586426,18.620529174804688,2651,Long-Term,5056.9894603404055,111.13672862124699
2005Q4,2005-10-03,MCHP,1996.8158250930276,2002-07-01,6.917256832122803,8.248838424682617,1190,Long-Term,2658.9231964260134,19.250139540520316
2006Q1,2006-01-03,TEVA,1244.780775313706,2002-10-01,13.176193237304688,34.53671646118164,1190,Long-Term,26589.16865972398,162.11452609393004
2006Q1,2006-01-03,AMZN,11703.77194323727,2002-07-01,0.6775000095367432,2.378999948501587,1282,Long-Term,19913.967247076667,251.14389889503985
2006Q1,2006-01-03,QCOM,597.7344500383425,1997-01-02,1.4760503768920898,27.558523178100586,3288,Long-Term,15590.392535470388,1767.0448928800563
2006Q1,2006-01-03,AMGN,239.4781122999824,1997-01-02,9.167703628540039,53.94721221923828,3288,Long-Term,10723.71218702126,488.44847526805796
2006Q1,2006-01-03,AAPL,5015.837870332908,2005-01-03,0.9473070502281189,2.237672805786133,365,Short-Term,6472.265423308622,136.21409818994633
2006Q1,2006-01-03,CSCO,814.4841940561377,1997-10-01,5.206613063812256,11.230195045471191,3016,Long-Term,4906.112315662551,115.69098582579322
2006Q1,2006-01-03,COST,246.85617924634926,1998-04-01,18.070695877075195,33.825355529785156,2834,Long-Term,3889.1350871945965,87.18346963437419
2006Q1,2006-01-03,ADBE,205.10443916859356,1999-07-01,10.572016716003418,38.52000045776367,2378,Long-Term,5732.2555312467075,264.35811153659944
2006Q1,2006-01-03,CMCSA,927.5755789646652,2002-10-01,4.773521423339844,5.496463775634766,1190,Long-Term,670.5836709880391,15.14484356894554
2006Q1,2006-01-03,SBUX,427.18079059698636,2002-07-01,4.492623329162598,11.386481285095215,1282,Long-Term,2944.9236918786196,153.44838529380112
2006Q1,2006-01-03,AMAT,335.6126400810759,1997-01-02,3.183889389038086,13.314798355102539,3288,Long-Term,3400.061104521934,318.1928681613275
2006Q1,2006-01-03,MCHP,474.2283565226262,2002-07-01,6.917256832122803,8.869807243347168,1282,Long-Term,925.9547725425086,28.227236007155117
2006Q1,2006-01-03,PAYX,187.21345113462647,1998-07-01,8.819180488586426,19.53360366821289,2743,Long-Term,2005.8841403747083,121.4900091169788
2006Q1,2006-01-03,ORCL,325.277083385536,1997-01-02,3.718197822570801,10.039133071899414,3288,Long-Term,2056.055382170437,169.9999717862847
2006Q1,2006-01-03,MRVL,23.35036962453619,2004-10-01,11.936476707458496,24.762651443481445,459,Long-Term,299.49592095502373,107.45360670798718
2006Q2,2006-04-03,MSFT,676.1866432899255,2000-01-03,35.4436149597168,19.196735382080078,2282,Long-Term,-10985.922965537817,-45.83866401918089
2006Q2,2006-04-03,MSFT,4246.933617694724,2000-04-03,27.632709503173828,19.196735382080078,2191,Long-Term,-35827.02209287575,-30.528942954815246
2006Q2,2006-04-03,GOOG,4199.646746919175,2005-10-03,7.867880344390869,9.621291160583496,182,Short-Term,7363.706030236261,22.285682285987736
2006Q2,2006-04-03,YHOO,879.9251090573387,2000-07-03,127.87505782311275,31.888003146131574,2100,Long-Term,-84461.4195547354,-75.06315642082316
2006Q2,2006-04-03,AAPL,8046.745865454636,2005-01-03,0.9473070502281189,1.8754541873931885,455,Long-Term,7468.564138516581,97.97743370975277
2006Q2,2006-04-03,AMGN,171.10627118005888,1997-01-02,9.167703628540039,48.254432678222656,3378,Long-Term,6687.984460316479,426.35245022539186
2006Q2,2006-04-03,CSCO,461.9385713190671,1997-10-01,5.206613063812256,13.894553184509277,3106,Long-Term,4013.294647060385,166.86356397561366
2006Q2,2006-04-03,ORCL,435.0410597423484,1997-01-02,3.718197822570801,10.987276077270508,3378,Long-Term,3162.347507274621,195.50004065339888
2006Q2,2006-04-03,AMZN,472.86703190413846,2002-07-01,0.6775000095367432,1.8070000410079956,1372,Long-Term,534.1033274174421,166.71586945712002
2006Q2,2006-04-03,ADBE,20.37393863526771,1999-07-01,10.572016716003418,35.70000076293945,2468,Long-Term,511.95600500026075,237.68392277415228
2006Q2,2006-04-03,GILD,45.44256567393783,2003-10-01,4.871138572692871,10.893575668334961,915,Long-Term,273.67499323587504,123.63510102962962
2006Q2,2006-04-03,SBUX,19.91731468049466,2002-07-01,4.492623329162598,14.012710571289062,1372,Long-Term,189.61457338719535,211.90486147212707
2006Q3,2006-07-03,QCOM,1151.2057375536458,1997-01-02,1.4760503768920898,24.828126907348633,3469,Long-Term,26883.044485653405,1582.0650091649109
2006Q3,2006-07-03,CMCSA,2250.3841930593917,2002-10-01,4.773521423339844,6.862724304199219,1371,Long-Term,4701.509139180081,43.76649218843649
2006Q3,2006-07-03,MRVL,766.444149881863,2004-10-01,11.936476707458496,19.088150024414062,640,Long-Term,5481.358175646813,59.91444118922337
2006Q3,2006-07-03,GILD,1106.392130213904,2003-10-01,4.871138572692871,10.167793273925781,1006,Long-Term,5860.177077904569,108.73545521627
2006Q3,2006-07-03,GOOG,1046.507835152113,2005-10-03,7.867880344390869,10.448372840881348,273,Short-Term,2700.5056161285224,32.79781063689092
2006Q3,2006-07-03,ADBE,290.2657758402851,1999-07-01,10.572016716003418,30.639999389648438,2559,Long-Term,5825.04856031497,189.82170774727453
2006Q3,2006-07-03,SBUX,567.9458246737064,2002-07-01,4.492623329162598,14.023782730102539,1463,Long-Term,5413.1821860633845,212.15131344466624
2006Q3,2006-07-03,COST,72.59566846086705,1998-04-01,18.070695877075195,39.19684982299805,3015,Long-Term,1533.6672677114534,116.90835864668534
2006Q3,2006-07-03,COST,66.37862888359382,1999-07-01,27.189313888549805,39.19684982299805,2559,Long-Term,797.0437715991568,44.16270297833796
2006Q3,2006-07-03,AMZN,2316.9400813917932,2002-07-01,0.6775000095367432,1.9305000305175781,1463,Long-Term,2903.1259705952543,184.9446499399467
2006Q3,2006-07-03,AMAT,366.95865370794047,1997-01-02,3.183889389038086,12.059425354003906,3469,Long-Term,3256.9547286402635,278.7639544113462
2006Q3,2006-07-03,MCHP,444.5280269614395,2002-07-01,6.917256832122803,9.40916633605957,1463,Long-Term,1107.7236151514708,36.02453348796705
2006Q3,2006-07-03,PAYX,113.66900566434035,1998-07-01,8.819180488586426,19.875621795654297,2924,Long-Term,1256.7746895605444,125.36812599965333
2006Q3,2006-07-03,PAYX,64.68419362755543,1999-01-04,10.679996490478516,19.875621795654297,2737,Long-Term,594.8116077664388,86.10138882886255
2006Q3,2006-07-03,AAPL,1739.825031827881,2005-01-03,0.9473070502281189,1.7347582578659058,546,Long-Term,1370.027322391316,83.1252345739602
2006Q3,2006-07-03,ORCL,226.65782940729602,1997-01-02,3.718197822570801,11.79996395111084,3469,Long-Term,1831.7955684722913,217.3570776541476
2006Q3,2006-07-03,TEVA,97.86010509207163,2002-10-01,13.176193237304688,25.613327026367188,1371,Long-Term,1217.0992196418113,94.39094862278014
2006Q4,2006-10-02,MSFT,7699.418040250079,2000-04-03,27.632709503173828,19.202184677124023,2373,Long-Term,-64910.134934464026,-30.509222503430202
2006Q4,2006-10-02,MCHP,11078.658992074943,2002-07-01,6.917256832122803,8.98641300201416,1554,Long-Term,22923.475607574233,29.912958563031474
2006Q4,2006-10-02,MCHP,146.12924291438668,2003-04-01,5.451773643493652,8.98641300201416,1280,Long-Term,516.5141734359952,64.83466830540327
2006Q4,2006-10-02,MCHP,335.8279760032889,2003-10-01,6.632139682769775,8.98641300201416,1097,Long-Term,790.6308437603865,35.497945336717805
2006Q4,2006-10-02,MCHP,104.35142133068236,2004-01-02,9.086692810058594,8.98641300201416,1004,Long-Term,-10.46434050020464,-1.103589723352681
2006Q4,2006-10-02,MCHP,139.99128848293174,2004-04-01,7.319612979888916,8.98641300201416,914,Long-Term,233.33748274069205,22.771696081539815
2006Q4,2006-10-02,MCHP,2031.021177709966,2005-07-01,8.188108444213867,8.98641300201416,458,Long-Term,1621.3734631547845,9.749560148588596
2006Q4,2006-10-02,MCHP,512.7930567334136,2006-04-03,10.282876014709473,8.98641300201416,182,Short-Term,-664.8172312218396,-12.607980596486284
2006Q4,2006-10-02,INTC,4620.046006122187,2000-01-03,24.71065330505371,12.159873962402344,2464,Long-Term,-57985.17797573729,-50.79096528817608
2006Q4,2006-10-02,CSCO,168.00376509654876,1997-10-01,5.206613063812256,14.789102554321289,3288,Long-Term,1609.894313403627,184.0445866260087
2006Q4,2006-10-02,CSCO,2182.4844988964032,1998-01-02,6.227823257446289,14.789102554321289,3195,Long-Term,18684.859356152385,137.46824440848923
2006Q4,2006-10-02,CSCO,1143.2876522242213,1999-07-01,20.7147159576416,14.789102554321289,2650,Long-Term,-6774.680635870458,-28.60581537993221
2006Q4,2006-10-02,TEVA,1596.1420097622754,2002-10-01,13.176193237304688,26.53038215637207,1462,Long-Term,21315.18194002532,101.35088851959723
2006Q4,2006-10-02,AAPL,18840.892148426195,2005-01-03,0.9473070502281189,2.2409656047821045,637,Long-Term,24373.68130324057,136.5616939346606
2006Q4,2006-10-02,ORCL,375.25111240361457,1997-01-02,3.718197822570801,14.070725440979004,3560,Long-Term,3884.797504996821,278.42863969110596
2006Q4,2006-10-02,ORCL,2361.7299650759405,1997-10-01,4.780538558959961,14.070725440979004,3288,Long-Term,21940.912740419793,194.3334786957599
2006Q4,2006-10-02,GOOG,3063.805006365724,2005-10-03,7.867880344390869,9.911138534545898,364,Short-Term,6260.144672294747,25.96961444147659
2006Q4,2006-10-02,GILD,2523.1269670411007,2003-10-01,4.871138572692871,11.02912425994873,1097,Long-Term,15537.379750168384,126.41778909302495
2006Q4,2006-10-02,QCOM,1155.7727670510992,1997-01-02,1.4760503768920898,21.877962112426758,3560,Long-Term,23579.973979711198,1382.196167212943
2006Q4,2006-10-02,AMGN,506.546267030251,1997-01-02,9.167703628540039,47.19374084472656,3560,Long-Term,19261.94720181268,414.78257540751446
2006Q4,2006-10-02,YHOO,878.1908235028909,2000-07-03,127.87505782311275,24.88000441897718,2282,Long-Term,-90449.31076570204,-80.54350485346936
2006Q4,2006-10-02,AMZN,13301.861605593096,2002-07-01,0.6775000095367432,1.5434999465942383,1554,Long-Term,11519.411313191133,127.8228671390932
2006Q4,2006-10-02,CMCSA,2562.4054784308278,2002-10-01,4.773521423339844,7.6045241355896,1462,Long-Term,7254.176859321306,59.30637911056059
2006Q4,2006-10-02,COST,425.5545307478415,1999-07-01,27.189313888549805,33.27000045776367,2650,Long-Term,2587.6637195865096,22.36425161053666
2006Q4,2006-10-02,MRVL,824.0719365504367,2004-10-01,11.936476707458496,16.253023147583008,731,Long-Term,3557.1447841233003,36.16265122376791
2006Q4,2006-10-02,ADBE,280.58592562926947,1999-07-01,10.572016716003418,37.0,2650,Long-Term,7415.320152255042,249.98052872912274
2006Q4,2006-10-02,ADBE,49.79801404947108,2000-04-03,26.21034812927246,37.0,2373,Long-Term,537.3032354473919,41.16561831804649
2006Q4,2006-10-02,SBUX,892.2466825803857,2002-07-01,4.492623329162598,12.400824546813965,1554,Long-Term,7056.066301627599,176.02635783680125
2006Q4,2006-10-02,AMAT,429.239660908734,1997-01-02,3.183889389038086,12.88918685913086,3560,Long-Term,4165.898595081016,304.82520854862145
2006Q4,2006-10-02,AMAT,240.31857221532994,1997-04-01,4.246598720550537,12.88918685913086,3471,Long-Term,2076.974441708769,203.51789060634107
2006Q4,2006-10-02,PAYX,152.35692751011047,1999-01-04,10.679996490478516,18.78666877746582,2828,Long-Term,1235.107681976746,75.90519616944262
2007Q1,2007-01-03,GOOG,129157.52895906375,2005-10-03,7.867880344390869,11.54431438446045,457,Long-Term,474839.13599637453,46.72712190762491
2007Q1,2007-01-03,GOOG,423.74283772222407,2006-01-03,10.745380401611328,11.54431438446045,365,Short-Term,338.54255304520524,7.435139129456195
2007Q1,2007-01-03,CMCSA,60617.47755322972,2002-10-01,4.773521423339844,8.939352035522461,1555,Long-Term,252522.143624537,87.26954888720182
2007Q1,2007-01-03,CMCSA,3075.272376958446,2003-10-01,6.661555290222168,8.939352035522461,1190,Long-Term,7004.845411147844,34.193167301990925
2007Q1,2007-01-03,CMCSA,250.26731477307055,2004-04-01,6.112540245056152,8.939352035522461,1007,Long-Term,707.4585961688588,46.24610517292946
2007Q1,2007-01-03,CMCSA,1137.5886646742476,2004-07-01,5.831743240356445,8.939352035522461,916,Long-Term,3535.180539622855,53.28781921777601
2007Q1,2007-01-03,CMCSA,391.53246171606844,2005-04-01,6.996837615966797,8.939352035522461,642,Long-Term,760.557452607589,27.762748346808024
2007Q1,2007-01-03,CMCSA,10287.157051972214,2005-07-01,6.380762577056885,8.939352035522461,551,Long-Term,26320.611590755918,40.098490228509974
2007Q1,2007-01-03,CMCSA,1257.429948825881,2006-04-03,5.527897357940674,8.939352035522461,275,Short-Term,4289.6652806534785,61.71342296508682
2007Q1,2007-01-03,MSFT,1577.2408944789843,2000-04-03,27.632709503173828,21.028427124023438,2466,Long-Term,-10416.544247082957,-23.900234533250668
2007Q1,2007-01-03,ADBE,162.96624075652747,2000-04-03,26.21034812927246,39.91999816894531,2466,Long-Term,2234.2101290530622,52.30624931822834
2007Q1,2007-01-03,PAYX,6.601614160392469,1999-01-04,10.679996490478516,20.246971130371094,2921,Long-Term,63.15747525483048,89.57844366729685
2007Q2,2007-04-02,ERIC,3128.714580595249,2006-10-02,10.06300163269043,10.706381797790527,182,Short-Term,2012.952903414454,6.393521422177137
2007Q2,2007-04-02,CSCO,707.3154999973262,1999-07-01,20.7147159576416,16.34652328491211,2832,Long-Term,-3089.6903843963178,-21.087388703092873
2007Q2,2007-04-02,CSCO,1226.1288071694487,2001-04-02,9.693685531616211,16.34652328491211,2191,Long-Term,8157.236018740575,68.63063312294888
2007Q2,2007-04-02,GOOGL,2151.539132756657,2007-01-03,11.598603248596191,11.373868942260742,89,Short-Term,-483.5246545536413,-1.9375980151976435
2007Q2,2007-04-02,ORCL,1494.7119013644938,1997-10-01,4.780538558959961,14.453165054321289,3470,Long-Term,14457.78994007011,202.3334060810436
2007Q2,2007-04-02,MDLZ,746.8196481816398,2007-01-03,14.338997840881348,12.520358085632324,89,Short-Term,-1358.1959021842192,-12.68317197219998
2007Q2,2007-04-02,MRVL,561.5590231367479,2004-10-01,11.936476707458496,14.201169967651367,913,Long-Term,1271.7589348982856,18.972878812537537
2007Q2,2007-04-02,INTC,686.2600517261357,2000-01-03,24.71065330505371,11.49704360961914,2646,Long-Term,-9067.972473077896,-53.473332057684544
2007Q2,2007-04-02,TEVA,197.5065634886618,2002-10-01,13.176193237304688,29.642993927001953,1644,Long-Term,3252.301215874833,124.97388580395246
2007Q2,2007-04-02,AMGN,103.55731545627775,1997-01-02,9.167703628540039,37.29179763793945,3742,Long-Term,2912.4556752533863,306.7735951001526
2007Q2,2007-04-02,YHOO,88.10315719840447,2000-07-03,127.87505782311275,31.27998669298307,2464,Long-Term,-8510.330736368876,-75.53863339303265
2007Q2,2007-04-02,PAYX,40.86913611875026,1999-01-04,10.679996490478516,19.416650772094727,3010,Long-Term,357.0595130578352,81.80390592267663
2007Q3,2007-07-02,AAPL,10193.600269569657,2005-01-03,0.9473070502281189,3.629969835281372,910,Long-Term,27345.99208888333,283.1883056720888
2007Q3,2007-07-02,YHOO,557.5986650816924,2000-07-03,127.87505782311275,26.859995072677414,2555,Long-Term,-56325.86414278613,-78.99512576578275
2007Q3,2007-07-02,CSCO,772.552723971101,2001-04-02,9.693685531616211,17.948999404907227,2282,Long-Term,6377.665220047395,85.16176686737043
2007Q3,2007-07-02,AMZN,3345.3409579014888,2002-07-01,0.6775000095367432,3.4804999828338623,1827,Long-Term,9376.990615667632,413.7269275042132
2007Q3,2007-07-02,QCOM,305.50404395492524,1997-01-02,1.4760503768920898,27.990049362182617,3833,Long-Term,8100.13391142304,1796.280086396326
2007Q3,2007-07-02,ORCL,326.7038760425327,1997-10-01,4.780538558959961,15.871394157409668,3561,Long-Term,3623.4255126415433,232.00012847219037
2007Q3,2007-07-02,ADBE,125.79990413344498,2000-04-03,26.21034812927246,40.15999984741211,2646,Long-Term,1754.8648488369138,53.22192459763738
2007Q3,2007-07-02,SBUX,501.673542418573,2002-07-01,4.492623329162598,9.608610153198242,1827,Long-Term,2566.5552329807065,113.87526728151587
2007Q3,2007-07-02,AMGN,75.35010978482372,1997-01-02,9.167703628540039,37.08368682861328,3833,Long-Term,2103.4723988768133,304.5035521563744
2007Q3,2007-07-02,AMGN,49.84673825597474,1997-04-01,9.681681632995605,37.08368682861328,3744,Long-Term,1365.9005806748141,283.02939751943927
2007Q3,2007-07-02,MRVL,294.74209265216984,2004-10-01,11.936476707458496,15.393119812011719,1004,Long-Term,1018.8182221877099,28.958654963849952
2007Q3,2007-07-02,TEVA,69.26539203757582,2002-10-01,13.176193237304688,33.15861892700195,1735,Long-Term,1384.0905492586076,151.6555300139546
2007Q3,2007-07-02,GOOGL,151.52137732799875,2007-01-03,11.598603248596191,13.156116485595703,180,Short-Term,235.99655087675575,13.428455164961536
2007Q3,2007-07-02,AMAT,38.646889422658674,1997-04-01,4.246598720550537,14.888920783996582,3744,Long-Term,411.29264398632,250.60813992018427
2007Q3,2007-07-02,GILD,34.627888073666284,2003-10-01,4.871138572692871,13.499866485595703,1370,Long-Term,298.7946243861193,177.139857225057
2007Q4,2007-10-01,MRVL,14744.60298690948,2004-10-01,11.936476707458496,13.869132041931152,1095,Long-Term,28496.235617332066,16.191170827360125
2007Q4,2007-10-01,MRVL,161.4319872893968,2005-04-01,16.0401668548584,13.869132041931152,913,Long-Term,-350.47446432530916,-13.534988959729322
2007Q4,2007-10-01,MRVL,2831.682426936261,2005-07-01,16.1763916015625,13.869132041931152,822,Long-Term,-6533.426349388783,-14.263128740086179
2007Q4,2007-10-01,MRVL,233.331411311784,2006-04-03,23.7154483795166,13.869132041931152,546,Long-Term,-2297.454887271089,-41.51857548723331
2007Q4,2007-10-01,MRVL,671.5455599598506,2007-01-03,16.63614845275879,13.869132041931152,271,Short-Term,-1858.1775850273414,-16.632554215809368
2007Q4,2007-10-01,COST,124.29849313289847,1999-07-01,27.189313888549805,42.60252380371094,3014,Long-Term,1915.8387667955787,56.68848422707744
2007Q4,2007-10-01,AMZN,1120.9784059214471,2002-07-01,0.6775000095367432,4.670499801635742,1918,Long-Term,4476.066541791805,589.3726547442129
2007Q4,2007-10-01,QCOM,154.85765098552116,1997-01-02,1.4760503768920898,26.917198181152344,3924,Long-Term,3939.7563873431923,1723.5961727693925
2007Q4,2007-10-01,CSCO,57.9725413308263,2001-04-02,9.693685531616211,21.231182098388672,2373,Long-Term,668.8579965714831,119.02074323684847
2008Q1,2008-01-02,GOOGL,14917.591219749476,2007-01-03,11.598603248596191,16.996185302734375,364,Short-Term,80518.92265868912,46.53648321655857
2008Q1,2008-01-02,MSFT,9518.2670139575,2000-04-03,27.632709503173828,25.14011573791504,2830,Long-Term,-23725.173015058856,-9.020446456662151
2008Q1,2008-01-02,MSFT,54.3048090438424,2000-07-03,24.325895309448242,25.14011573791504,2739,Long-Term,44.21608488748494,3.3471344758708694
2008Q1,2008-01-02,SBUX,20937.790443894806,2002-07-01,4.492623329162598,7.122539043426514,2011,Long-Term,55064.6241103638,58.53853131181863
2008Q1,2008-01-02,SBUX,159.1759776887086,2003-01-02,3.9098381996154785,7.122539043426514,1826,Long-Term,511.38479783496064,82.16966226702156
2008Q1,2008-01-02,SBUX,865.3933244277986,2003-07-01,4.671518325805664,7.122539043426514,1646,Long-Term,2121.096967063316,52.46732532507274
2008Q1,2008-01-02,SBUX,322.13988947201585,2004-04-01,7.050617694854736,7.122539043426514,1371,Long-Term,23.168735279590678,1.0200715977589128
2008Q1,2008-01-02,SBUX,1580.3326822261984,2004-07-01,8.229104042053223,7.122539043426514,1280,Long-Term,-1748.7408323373766,-13.446968138594743
2008Q1,2008-01-02,SBUX,447.84488904430447,2005-04-01,9.453689575195312,7.122539043426514,1006,Long-Term,-1043.993851245569,-24.658632095190598
2008Q1,2008-01-02,SBUX,3043.0145984199053,2005-07-01,9.414958953857422,7.122539043426514,915,Long-Term,-6975.867253149705,-24.348697871823184
2008Q1,2008-01-02,SBUX,217.47361158494496,2007-01-03,13.002054214477539,7.122539043426514,364,Short-Term,-1278.639398616942,-45.21989428796795
2008Q1,2008-01-02,SBUX,13.304738080681533,2007-04-02,11.526643753051758,7.122539043426514,275,Short-Term,-58.59545964145987,-38.2080404667597
2008Q1,2008-01-02,SBUX,587.358834844617,2007-10-01,9.70820140838623,7.122539043426514,93,Short-Term,-1518.7116339843162,-26.633794007674226
2008Q2,2008-04-01,ERIC,69403.16900687478,2006-10-02,10.06300163269043,6.0702314376831055,547,Long-Term,-277110.90464970574,-39.677725799392746
2008Q2,2008-04-01,ERIC,2167.2278935567065,2007-01-03,12.104259490966797,6.0702314376831055,454,Long-Term,-13077.11390758009,-49.850451882552456
2008Q2,2008-04-01,ERIC,1222.2333940281637,2007-07-02,12.116621017456055,6.0702314376831055,274,Short-Term,-7390.099257702414,-49.90161507124879
2008Q2,2008-04-01,ERIC,42.35617856834046,2007-10-01,11.973584175109863,6.0702314376831055,183,Short-Term,-250.04346269834923,-49.30313806703239
2008Q2,2008-04-01,ERIC,3558.24318432025,2008-01-02,6.824167251586914,6.0702314376831055,90,Short-Term,-2682.686971238167,-11.0480266105507
2008Q2,2008-04-01,YHOO,2285.9445988338357,2000-07-03,127.87505782311275,28.500004084733717,2829,Long-Term,-227165.86735206973,-77.71261685436947
2008Q2,2008-04-01,TEVA,1367.4725122563755,2002-10-01,13.176193237304688,37.83592987060547,2009,Long-Term,33721.512005520395,187.15372633943824
2008Q2,2008-04-01,AMZN,6639.593105284926,2002-07-01,0.6775000095367432,3.8350000381469727,2101,Long-Term,20964.515419897438,466.0516581792
2008Q2,2008-04-01,AMGN,726.5003572000285,1997-04-01,9.681681632995605,28.30282211303711,4018,Long-Term,13528.265210222062,192.33374103709238
2008Q2,2008-04-01,ORCL,948.8089847166362,1997-10-01,4.780538558959961,16.261804580688477,3835,Long-Term,10893.528357337846,240.16679041757052
2008Q2,2008-04-01,GILD,590.9112244268953,2003-10-01,4.871138572692871,18.146238327026367,1644,Long-Term,7844.405450222383,272.5256027153983
2008Q2,2008-04-01,MDLZ,619.5257228940318,2007-01-03,14.338997840881348,13.291183471679688,454,Long-Term,-649.1479545384125,-7.3074449192974855
2008Q2,2008-04-01,COST,145.111256037963,1999-07-01,27.189313888549805,46.03281784057617,3197,Long-Term,2734.4045266348658,69.30481596286953
2008Q2,2008-04-01,CSCO,389.24651220203526,2001-04-02,9.693685531616211,16.076234817504883,2556,Long-Term,2484.385048489756,65.84233896459524
2008Q2,2008-04-01,QCOM,155.750027608173,1997-01-02,1.4760503768920898,27.183917999267578,4107,Long-Term,4004.0010919322394,1741.6660044154391
2008Q2,2008-04-01,AMAT,200.46617488306373,1997-04-01,4.246598720550537,14.975815773010254,4018,Long-Term,2150.8451019967392,252.65436549344508
2008Q3,2008-07-01,GOOGL,10007.994263158751,2007-01-03,11.598603248596191,13.264016151428223,545,Long-Term,16667.44277733353,14.358736712833075
2008Q3,2008-07-01,AMZN,10559.85309188475,2002-07-01,0.6775000095367432,3.680999994277954,2192,Long-Term,31716.518600345276,443.32102471775994
2008Q3,2008-07-01,AAPL,5682.832472997092,2005-01-03,0.9473070502281189,5.22912073135376,1275,Long-Term,24332.829830424005,451.99850250186006
2008Q3,2008-07-01,CSCO,1065.1068512446682,2001-04-02,9.693685531616211,14.898507118225098,2647,Long-Term,5543.6911314032695,53.69290730169887
2008Q3,2008-07-01,GILD,325.6396589539571,2003-10-01,4.871138572692871,17.902597427368164,1735,Long-Term,4243.559817108987,267.523878867425
2008Q3,2008-07-01,INFY,1511.676526831311,2008-04-01,3.0118625164031982,3.5520429611206055,91,Short-Term,816.5780985326032,17.935096365636806
2008Q3,2008-07-01,INTC,283.8480914862123,2000-01-03,24.71065330505371,13.305785179138184,3102,Long-Term,-3237.250051193057,-46.15364873248032
2008Q4,2008-10-01,MSFT,5540.858052573883,2000-07-03,24.325895309448242,19.1207332611084,3012,Long-Term,-28841.06405049579,-21.39761756813179
2008Q4,2008-10-01,QCOM,1.2380693625493109,1997-01-02,1.4760503768920898,26.901521682739258,4290,Long-Term,31.478497052145997,1722.5341156297104
2008Q4,2008-10-01,QCOM,1172.3190435152499,1997-04-01,2.2187604904174805,26.901521682739258,4201,Long-Term,28936.070992297995,1112.4572164919653
2008Q4,2008-10-01,AMZN,6944.250071495513,2002-07-01,0.6775000095367432,3.4790000915527344,2284,Long-Term,19454.317144834233,413.5055413403734
2008Q4,2008-10-01,ORCL,998.1409370735091,1997-10-01,4.780538558959961,15.823580741882324,4018,Long-Term,11022.512472604418,230.9999605007862
2008Q4,2008-10-01,AAPL,4502.346043489868,2005-01-03,0.9473070502281189,3.266554117202759,1367,Long-Term,10442.052855868751,244.8252724833144
2008Q4,2008-10-01,ADBE,370.7190239719076,2000-04-03,26.21034812927246,38.119998931884766,3103,Long-Term,4415.134121390679,45.43873566223742
2008Q4,2008-10-01,COST,45.52234331915923,1999-07-01,27.189313888549805,44.995094299316406,3380,Long-Term,810.5608489244773,65.48815642701864
2008Q4,2008-10-01,COST,113.00953226185649,2000-04-03,34.97554016113281,44.995094299316406,3103,Long-Term,1132.3051266284765,28.647317788441196
2008Q4,2008-10-01,AMGN,122.84620136586388,1997-04-01,9.681681632995605,39.72867965698242,4201,Long-Term,3691.1595696943987,310.3489575776309
2008Q4,2008-10-01,INFY,457.9294640405297,2008-04-01,3.0118625164031982,2.647484540939331,183,Short-Term,-166.85941101234198,-12.098094567045898
2008Q4,2008-10-01,PAYX,30.150427882903497,1999-01-04,10.679996490478516,17.711116790771484,3558,Long-Term,211.99128555000192,65.83448137423443
2009Q1,2009-01-02,TEVA,3686.4040420139677,2002-10-01,13.176193237304688,34.42253875732422,2285,Long-Term,78322.61400302536,161.24798063727903
2009Q1,2009-01-02,GOOGL,13333.812293450766,2007-01-03,11.598603248596191,7.97036600112915,730,Long-Term,-48378.234413832004,-31.281673919712492
2009Q1,2009-01-02,INTC,817.1772538514053,2000-01-03,24.71065330505371,9.516952514648438,3287,Long-Term,-12415.946687743308,-61.486439078880714
2009Q1,2009-01-02,INTC,6712.115994633878,2000-10-02,22.81314468383789,9.516952514648438,3014,Long-Term,-89245.58412654224,-58.28303091686094
2009Q1,2009-01-02,ORCL,691.0656622231968,1997-10-01,4.780538558959961,14.668288230895996,4111,Long-Term,6833.084274933673,206.83338393754497
2009Q1,2009-01-02,ORCL,1390.8769611832656,1998-01-02,3.054234027862549,14.668288230895996,4018,Long-Term,16153.720416932894,380.2607821497338
2009Q1,2009-01-02,ORCL,1362.184823511712,1999-07-01,7.519388675689697,14.668288230895996,3473,Long-Term,9738.12247891165,95.0728824315041
2009Q1,2009-01-02,AMGN,410.17557777163984,1997-04-01,9.681681632995605,39.60112762451172,4294,Long-Term,12272.226046177495,309.03150016366266
2009Q1,2009-01-02,AMGN,724.2452601708976,1997-10-01,7.929959297180176,39.60112762451172,4111,Long-Term,22937.693545144524,399.3862659369958
2009Q1,2009-01-02,CSCO,4050.9497410998447,2001-04-02,9.693685531616211,10.914846420288086,2832,Long-Term,4946.861385806588,12.597488176081498
2009Q1,2009-01-02,GILD,2467.7292348298665,2003-10-01,4.871138572692871,17.906023025512695,1920,Long-Term,32166.565436852787,267.59420325038826
2009Q1,2009-01-02,MDLZ,3529.9209702933695,2007-01-03,14.338997840881348,11.79036808013916,730,Long-Term,-8996.46163795762,-17.77411356793632
2009Q1,2009-01-02,COST,965.1508267522902,2000-04-03,34.97554016113281,37.22148895263672,3196,Long-Term,2167.679332963302,6.42148421770411
2009Q1,2009-01-02,QCOM,1065.658778553652,1997-04-01,2.2187604904174805,24.12042236328125,4294,Long-Term,23339.698239731093,987.1124876909436
2009Q1,2009-01-02,INFY,5715.635003722053,2008-04-01,3.0118625164031982,2.069586753845215,276,Short-Term,-5385.704331635299,-31.285483896630854
2009Q1,2009-01-02,YHOO,879.4304211558571,2000-07-03,127.87505782311275,12.850022476874338,3105,Long-Term,-101156.51527800979,-89.95111111140255
2009Q1,2009-01-02,PAYX,510.9405708711529,1999-01-04,10.679996490478516,14.788994789123535,3651,Long-Term,2099.4539364182824,38.47377948399416
2009Q1,2009-01-02,PAYX,119.51507114716833,1999-04-01,9.925951957702637,14.788994789123535,3564,Long-Term,581.2069099889956,48.99321346852912
2009Q1,2009-01-02,AAPL,3124.5302640742366,2005-01-03,0.9473070502281189,2.716639280319214,1460,Long-Term,5528.332100121587,186.77494584939762
2009Q1,2009-01-02,AMAT,888.9335855408358,1997-04-01,4.246598720550537,8.042555809020996,4294,Long-Term,3374.353745213197,89.38817482567187
2009Q1,2009-01-02,AMZN,2065.6283586538643,2002-07-01,0.6775000095367432,2.7179999351501465,2377,Long-Term,4214.914512178147,301.1807965890132
2009Q2,2009-04-01,AMZN,10537.83789471839,2002-07-01,0.6775000095367432,3.674999952316284,2466,Long-Term,31587.16848643845,442.4354096805332
2009Q2,2009-04-01,INTC,2376.3080989842824,2000-10-02,22.81314468383789,9.507451057434082,3103,Long-Term,-31618.427527026917,-58.32467996325955
2009Q2,2009-04-01,FSLR,144.84955928402044,2009-01-02,151.5,135.5,89,Short-Term,-2317.592948544327,-10.561056105610561
2009Q2,2009-04-01,AAPL,4118.018021307664,2005-01-03,0.9473070502281189,3.2536814212799072,1549,Long-Term,9497.691223873393,243.46639988548543
2009Q2,2009-04-01,GILD,847.2062313843617,2003-10-01,4.871138572692871,15.503915786743164,2009,Long-Term,9008.155112665061,218.28114834705397
2009Q2,2009-04-01,GOOGL,1419.3011926184245,2007-01-03,11.598603248596191,8.783227920532227,819,Long-Term,-3995.8655607896735,-24.273399716510838
2009Q2,2009-04-01,AMGN,281.33259748431647,1997-10-01,7.929959297180176,32.444862365722656,4200,Long-Term,6896.841357349296,309.14286126613246
2009Q2,2009-04-01,AMGN,20.269060168428844,1998-07-01,10.992854118347168,32.444862365722656,3927,Long-Term,434.8120458996856,195.14502800116216
2009Q2,2009-04-01,AMGN,73.30033709051293,1999-04-01,25.803829193115234,32.444862365722656,3653,Long-Term,486.7899701814025,25.736618867324264
2009Q2,2009-04-01,YHOO,917.6891804946486,2000-07-03,127.87505782311275,12.750025757582511,3194,Long-Term,-105648.9963306366,-90.02930987900754
2009Q2,2009-04-01,ADBE,335.3096713159857,2000-04-03,26.21034812927246,21.959999084472656,3285,Long-Term,-1425.1831411900364,-16.21630137774818
2009Q2,2009-04-01,AMAT,654.1885861797834,1997-04-01,4.246598720550537,8.158380508422852,4383,Long-Term,2559.042997252015,92.11564466739122
2009Q2,2009-04-01,ADP,117.60056926942197,2009-01-02,23.08269691467285,20.24257469177246,89,Short-Term,-333.99999020782207,-12.304117813438973
2009Q2,2009-04-01,PAYX,0.6931991500825063,1999-04-01,9.925951957702637,14.272812843322754,3653,Long-Term,3.013240271438756,43.79288660818986
2009Q2,2009-04-01,PAYX,70.2892993919516,1999-07-01,9.942757606506348,14.272812843322754,3562,Long-Term,304.3565489242763,43.54984208790228
2009Q3,2009-07-01,MSFT,2234.968388383825,2000-07-03,24.325895309448242,17.70802879333496,3285,Long-Term,-14790.72246205698,-27.20502753106433
2009Q3,2009-07-01,MSFT,5887.763901398177,2000-10-02,17.978370666503906,17.70802879333496,3194,Long-Term,-1591.7091218804806,-1.5037061933127684
2009Q3,2009-07-01,FSLR,111.27852639412431,2009-01-02,151.5,155.2899932861328,180,Short-Term,421.74486792448414,2.5016457334209985
2009Q3,2009-07-01,AAPL,3213.9048649915608,2005-01-03,0.9473070502281189,4.2756781578063965,1640,Long-Term,10697.068095143175,351.35082197232464
2009Q3,2009-07-01,CSCO,1023.3905291236384,2001-04-02,9.693685531616211,12.099002838134766,3012,Long-Term,2461.5789510282684,24.813238459959823
2009Q3,2009-07-01,AMZN,1119.7923572482125,2002-07-01,0.6775000095367432,4.079999923706055,2557,Long-Term,3810.0933994244942,502.2140024021331
2009Q3,2009-07-01,GOOGL,280.3869521546228,2007-01-03,11.598603248596191,10.393075942993164,910,Long-Term,-338.0141269572074,-10.393728277143504
2009Q4,2009-10-01,AAPL,23816.668435548945,2005-01-03,0.9473070502281189,5.414121627807617,1732,Long-Term,106384.64175728754,471.52764000899754
2009Q4,2009-10-01,INTC,3536.00389936087,2000-10-02,22.81314468383789,12.144804954528809,3286,Long-Term,-37723.290882543406,-46.76400328476912
2009Q4,2009-10-01,QCOM,403.2781915086304,1997-04-01,2.2187604904174805,28.140180587768555,4566,Long-Term,10453.543418195208,1168.2838327661818
2009Q4,2009-10-01,TEVA,221.4833429175147,2002-10-01,13.176193237304688,40.12361526489258,2557,Long-Term,5968.405113679238,204.5159898785777
2009Q4,2009-10-01,MDLZ,761.9328697024764,2007-01-03,14.338997840881348,11.61212158203125,1002,Long-Term,-2077.6966532292076,-19.017202520775957
2009Q4,2009-10-01,ORCL,180.88332970395496,1999-07-01,7.519388675689697,16.303903579711914,3745,Long-Term,1588.9723056735568,116.82485482393925
2009Q4,2009-10-01,AMAT,92.24124022513342,1997-04-01,4.246598720550537,9.867165565490723,4566,Long-Term,518.448056545548,132.354555134692
2009Q4,2009-10-01,AMAT,152.95925956483012,1997-07-01,6.610527992248535,9.867165565490723,4475,Long-Term,498.1328718741302,49.26440939454308
2009Q4,2009-10-01,INFY,513.512894330218,2008-04-01,3.0118625164031982,3.9171454906463623,548,Long-Term,464.87448029147544,30.057247610500614
2009Q4,2009-10-01,ADBE,33.545497191761925,2000-04-03,26.21034812927246,32.18000030517578,3468,Long-Term,200.2549503025603,22.77593623121794
2009Q4,2009-10-01,PAYX,27.402494497461916,1999-07-01,9.942757606506348,16.142417907714844,3745,Long-Term,169.8861572899989,62.35352953944647
2010Q1,2010-01-04,PAYX,29.103912547870294,1999-07-01,9.942757606506348,17.719430923461914,3840,Long-Term,226.3316201300312,78.21445141000584
2010Q1,2010-01-04,PAYX,175.51653795297167,2000-01-03,12.484798431396484,17.719430923461914,3654,Long-Term,918.7645724634607,41.92804970644537
2010Q1,2010-01-04,PAYX,2097.1284434214717,2000-04-03,16.440170288085938,17.719430923461914,3563,Long-Term,2682.7738649963844,7.78131012610646
2010Q1,2010-01-04,PAYX,182.66035959038248,2000-10-02,24.295129776000977,17.719430923461914,3381,Long-Term,-1201.1195169628506,-27.065913675565618
2010Q1,2010-01-04,PAYX,945.7176480046776,2001-01-02,21.53699493408203,17.719430923461914,3289,Long-Term,-3610.337657230961,-17.725611313483984
2010Q1,2010-01-04,PAYX,1028.6327361988888,2001-04-02,17.535049438476562,17.719430923461914,3199,Long-Term,189.6608314048965,1.0515025100571975
2010Q1,2010-01-04,PAYX,151.62970625341873,2002-04-01,18.759281158447266,17.719430923461914,2835,Long-Term,-157.6721856783773,-5.543124100558135
2010Q1,2010-01-04,PAYX,17.473773408757772,2003-01-02,13.973687171936035,17.719430923461914,2559,Long-Term,65.45227756143348,26.805693482595057
2010Q1,2010-01-04,PAYX,80.52677520510011,2003-04-01,13.572545051574707,17.719430923461914,2470,Long-Term,333.93534640666667,30.553487618787305
2010Q1,2010-01-04,PAYX,277.08311384191757,2003-10-01,16.884851455688477,17.719430923461914,2287,Long-Term,231.24787767919435,4.942770565460137
2010Q1,2010-01-04,PAYX,15.866082531287805,2004-01-02,18.060531616210938,17.719430923461914,2194,Long-Term,-5.41193174263545,-1.8886525601652566
2010Q1,2010-01-04,PAYX,194.66045427631218,2004-04-01,17.814611434936523,17.719430923461914,2104,Long-Term,-18.527881601899207,-0.5342833988955231
2010Q1,2010-01-04,PAYX,41.72006628486211,2004-07-01,16.48583221435547,17.719430923461914,2013,Long-Term,51.46581991284123,7.482780930114387
2010Q1,2010-01-04,PAYX,50.5681679798129,2005-04-01,16.100360870361328,17.719430923461914,1739,Long-Term,81.87340641627502,10.056110332788151
2010Q1,2010-01-04,PAYX,1216.2640218926806,2005-07-01,16.41904640197754,17.719430923461914,1648,Long-Term,1581.610908107575,7.919975920938711
2010Q1,2010-01-04,PAYX,64.4466470927888,2006-04-03,21.2130069732666,17.719430923461914,1372,Long-Term,-225.14926277358182,-16.46902796104022
2010Q1,2010-01-04,PAYX,10.944028525467871,2007-07-02,20.503265380859375,17.719430923461914,917,Long-Term,-30.466363711938186,-13.577517559697016
2010Q1,2010-01-04,PAYX,113.94179058484353,2007-10-01,21.717044830322266,17.719430923461914,826,Long-Term,-455.49528661454036,-18.407725075368965
2010Q1,2010-01-04,PAYX,283.37298912050943,2008-01-02,18.489505767822266,17.719430923461914,733,Long-Term,-218.2184104929039,-4.164929306550375
2010Q1,2010-01-04,PAYX,121.00020596917392,2008-04-01,19.00438690185547,17.719430923461914,643,Long-Term,-155.4799380469415,-6.761365073387869
2010Q1,2010-01-04,PAYX,46.89362085026649,2008-07-01,17.06644630432129,17.719430923461914,552,Long-Term,30.620813151036135,3.8261311552322805
2010Q1,2010-01-04,PAYX,300.4584210416272,2009-07-01,14.388174057006836,17.719430923461914,187,Short-Term,1000.9041781791716,23.152742337258587
2010Q1,2010-01-04,GOOGL,7383.224441545597,2007-01-03,11.598603248596191,15.546578407287598,1097,Long-Term,29148.786686265248,34.0383671557111
2010Q1,2010-01-04,MSFT,3846.2190313611595,2000-10-02,17.978370666503906,23.02750587463379,3381,Long-Term,19420.079929424843,28.08449832184789
2010Q1,2010-01-04,AMZN,6032.346290875415,2002-07-01,0.6775000095367432,6.695000171661377,2744,Long-Term,36299.64478333475,888.1918933461334
2010Q1,2010-01-04,COST,293.07829706478515,2000-04-03,34.97554016113281,42.04336929321289,3563,Long-Term,2071.4273259749075,20.20791987634355
2010Q1,2010-01-04,ORCL,542.618699474395,1999-07-01,7.519388675689697,19.94736099243164,3840,Long-Term,6743.650175614298,165.2790253670724
2010Q1,2010-01-04,MDLZ,740.4695187114972,2007-01-03,14.338997840881348,12.38582992553711,1097,Long-Term,-1446.2613062376865,-13.621369756927077
2010Q1,2010-01-04,ADP,333.25867997749566,2009-01-02,23.08269691467285,25.32942008972168,367,Long-Term,748.7399995916204,9.733365140798023
2010Q1,2010-01-04,GILD,510.2371841141038,2003-10-01,4.871138572692871,14.858770370483398,2287,Long-Term,5096.061124473123,205.0369056175125
2010Q1,2010-01-04,ADBE,88.86769786323777,2000-04-03,26.21034812927246,37.09000015258789,3563,Long-Term,966.849628865159,41.50899472855428
2010Q1,2010-01-04,AMGN,3.350651732363488,1999-04-01,25.803829193115234,38.74855041503906,3931,Long-Term,43.373252587201485,50.165892531088495
2010Q1,2010-01-04,AMGN,41.42755890263756,2000-04-03,39.859588623046875,38.74855041503906,3563,Long-Term,-46.02760080532453,-2.787380016675357
2010Q1,2010-01-04,YHOO,34.703962387939114,2000-07-03,127.87505782311275,17.100026747819,3472,Long-Term,-3844.332511959781,-86.62755111206037
2010Q2,2010-04-01,AMAT,135.45322567083514,1997-07-01,6.610527992248535,10.318507194519043,4657,Long-Term,502.25774366791035,56.09202784737409
2010Q2,2010-04-01,AMAT,66.84045793031326,1998-01-02,5.600034236907959,10.318507194519043,4472,Long-Term,315.38489321852444,84.25793054108851
2010Q2,2010-04-01,AMAT,1285.2519777666798,1998-04-01,6.796814918518066,10.318507194519043,4383,Long-Term,4526.2619628158955,51.81386161341618
2010Q2,2010-04-01,AMAT,254.81925062310717,1999-04-01,11.629104614257812,10.318507194519043,4018,Long-Term,-333.9654523664111,-11.269977037887486
2010Q2,2010-04-01,AMAT,3250.594423326524,2000-04-03,32.245357513427734,10.318507194519043,3650,Long-Term,-71275.29736776001,-68.00002235911892
2010Q2,2010-04-01,AMAT,5138.180478457304,2001-01-02,14.271056175231934,10.318507194519043,3376,Long-Term,-20308.910012845292,-27.696261104855846
2010Q2,2010-04-01,AMAT,1641.8139067493616,2001-07-02,18.0501766204834,10.318507194519043,3195,Long-Term,-12693.962385937133,-42.834314525157794
2010Q2,2010-04-01,AMAT,640.7274135169782,2001-10-01,10.26793098449707,10.318507194519043,3104,Long-Term,32.40556423287001,0.4925647640048869
2010Q2,2010-04-01,AMAT,139.3866832743972,2002-01-02,15.055058479309082,10.318507194519043,3011,Long-Term,-660.2121737459684,-31.46152697646255
2010Q2,2010-04-01,AMAT,9.296942891295451,2002-04-01,20.0589542388916,10.318507194519043,2922,Long-Term,-90.55637990721925,-48.559096991642505
2010Q2,2010-04-01,AMAT,322.67406093817914,2003-01-02,10.101734161376953,10.318507194519043,2646,Long-Term,69.94703490584462,2.145899205810637
2010Q2,2010-04-01,AMAT,303.1356541078185,2003-10-01,13.411177635192871,10.318507194519043,2374,Long-Term,-937.4986769735762,-23.060394283036064
2010Q2,2010-04-01,AMAT,563.1650113079168,2004-04-01,15.694549560546875,10.318507194519043,2191,Long-Term,-3027.5989598559036,-34.25419981177532
2010Q2,2010-04-01,AMAT,11.118256600899873,2004-10-01,12.50071907043457,10.318507194519043,2008,Long-Term,-24.262391593959904,-17.456690800105036
2010Q2,2010-04-01,AMAT,104.32282136100578,2005-04-01,11.568586349487305,10.318507194519043,1826,Long-Term,-130.41178437087103,-10.805807357989446
2010Q2,2010-04-01,AMAT,2453.038963637609,2005-07-01,11.684212684631348,10.318507194519043,1735,Long-Term,-3350.128780099281,-11.688468251769029
2010Q2,2010-04-01,AMAT,250.17549631600917,2006-04-03,12.949371337890625,10.318507194519043,1459,Long-Term,-658.1777428079779,-20.316539503917987
2010Q2,2010-04-01,AMAT,100.2505950094501,2007-01-03,13.51939868927002,10.318507194519043,1184,Long-Term,-320.8912769094735,-23.676285967447928
2010Q2,2010-04-01,AMAT,56.53848349868169,2007-04-02,13.513123512268066,10.318507194519043,1095,Long-Term,-180.61876196567243,-23.640843028251382
2010Q2,2010-04-01,AMAT,467.08045064123843,2007-10-01,15.788768768310547,10.318507194519043,913,Long-Term,-2555.0522410119856,-34.646536750673064
2010Q2,2010-04-01,AMAT,517.232035060436,2008-01-02,12.929495811462402,10.318507194519043,820,Long-Term,-1350.486955861247,-20.194048205875408
2010Q2,2010-04-01,AMAT,200.78126965691646,2008-07-01,14.408378601074219,10.318507194519043,639,Long-Term,-821.169573741667,-28.385368817628482
2010Q2,2010-04-01,AMAT,45.66869864746481,2008-10-01,11.216280937194824,10.318507194519043,547,Long-Term,-41.00015850786687,-8.004201639588327
2010Q2,2010-04-01,AMAT,574.4735300531075,2009-07-01,8.482117652893066,10.318507194519043,274,Short-Term,1054.957182530483,21.65013050720446
2010Q2,2010-04-01,AMAT,339.30121441478553,2010-01-04,10.999731063842773,10.318507194519043,87,Short-Term,-231.14008614988091,-6.1930956799751415
2010Q2,2010-04-01,AAPL,25706.18278640105,2005-01-03,0.9473070502281189,7.063863754272461,1914,Long-Term,157233.3246575506,645.6783682303883
2010Q2,2010-04-01,CSCO,892.519641369741,2001-04-02,9.693685531616211,16.62325096130371,3286,Long-Term,6184.773252152842,71.48535412136631
2010Q2,2010-04-01,YHOO,100.12853365979589,2000-07-03,127.87505782311275,16.29000813531975,3559,Long-Term,-11172.847403594178,-87.26099646589923
2010Q3,2010-07-01,AAPL,58360.665202314725,2005-01-03,0.9473070502281189,7.438356399536133,2005,Long-Term,378821.95788666786,685.2107083701022
2010Q3,2010-07-01,GOOGL,4307.958861505595,2007-01-03,11.598603248596191,10.901580810546875,1275,Long-Term,-3002.7439886627876,-6.009537727171406
2010Q3,2010-07-01,INTC,3630.018137754433,2000-10-02,22.81314468383789,12.65234088897705,3559,Long-Term,-36883.90206950892,-44.53925110140261
2010Q3,2010-07-01,QCOM,1272.4741089500317,1997-04-01,2.2187604904174805,21.349567413330078,4839,Long-Term,24343.456492728306,862.2294747691743
2010Q3,2010-07-01,INFY,5101.525562345277,2008-04-01,3.0118625164031982,4.952183723449707,821,Long-Term,9898.598236908407,64.4226353785784
2010Q3,2010-07-01,AMGN,551.1017854044624,2000-04-03,39.859588623046875,34.92204284667969,3741,Long-Term,-2721.0902928722194,-12.387347554089635
2010Q3,2010-07-01,TEVA,366.59423201105085,2002-10-01,13.176193237304688,43.30756759643555,2830,Long-Term,11045.988042623047,228.68042245936664
2010Q3,2010-07-01,CSCO,928.2828269309664,2001-04-02,9.693685531616211,13.682172775268555,3377,Long-Term,3702.4442137156957,41.14520974137017
2010Q3,2010-07-01,COST,224.42205556798183,2000-04-03,34.97554016113281,39.1049919128418,3741,Long-Term,926.7400504873336,11.806684707897407
2010Q3,2010-07-01,GILD,686.0298180652288,2003-10-01,4.871138572692871,11.715441703796387,2465,Long-Term,4695.396031814221,140.50725572604347
2010Q3,2010-07-01,MDLZ,569.1318472014246,2007-01-03,14.338997840881348,12.891521453857422,1275,Long-Term,-823.8049099273711,-10.094683067020787
2010Q3,2010-07-01,ADP,214.9614077239013,2009-01-02,23.08269691467285,23.86606788635254,545,Long-Term,168.39452684230602,3.3937584268228482
2010Q3,2010-07-01,ADBE,161.32110664421472,2000-04-03,26.21034812927246,26.65999984741211,3741,Long-Term,72.5383127747606,1.7155503464582549
2010Q3,2010-07-01,ORCL,89.93389597892778,1999-07-01,7.519388675689697,17.366600036621094,4018,Long-Term,885.5980822165201,130.95760554002996
2010Q4,2010-10-01,ADBE,617.8014527997927,2000-04-03,26.21034812927246,26.270000457763672,3833,Long-Term,36.853295204760585,0.22759075231278417
2010Q4,2010-10-01,ADBE,1046.5365298119639,2000-10-02,40.486602783203125,26.270000457763672,3651,Long-Term,-14878.1936633821,-35.114337455197806
2010Q4,2010-10-01,ADBE,2711.72382418708,2001-04-02,16.9006404876709,26.270000457763672,3469,Long-Term,25407.116648285322,55.437898799916894
2010Q4,2010-10-01,ADBE,643.553419757415,2001-10-01,11.9790678024292,26.270000457763672,3287,Long-Term,9196.978581863415,119.29920500522132
2010Q4,2010-10-01,ADBE,164.84933127198983,2003-01-02,12.75907039642334,26.270000457763672,2829,Long-Term,2227.2677854745784,105.89274642710456
2010Q4,2010-10-01,ADBE,122.90951743775614,2003-07-01,16.378345489501953,26.270000457763672,2649,Long-Term,1215.778538809831,60.39471431715727
2010Q4,2010-10-01,ADBE,154.61976820620438,2004-01-02,19.518400192260742,26.270000457763672,2464,Long-Term,1043.930868073011,34.59095109741634
2010Q4,2010-10-01,ADBE,186.20182580476683,2004-04-01,20.12053680419922,26.270000457763672,2374,Long-Term,1145.0413600137533,30.56311923189366
2010Q4,2010-10-01,ADBE,143.9043365709561,2005-04-01,33.380001068115234,26.270000457763672,2009,Long-Term,-1023.1599208517346,-21.30018089526988
2010Q4,2010-10-01,ADBE,1108.2825649841072,2005-07-01,28.450000762939453,26.270000457763672,1918,Long-Term,-2416.0563298863513,-7.662566772284837
2010Q4,2010-10-01,ADBE,257.1278507769586,2007-04-02,41.650001525878906,26.270000457763672,1278,Long-Term,-3954.626619591798,-36.926771919945764
2010Q4,2010-10-01,ADBE,164.9826617285573,2007-10-01,44.0,26.270000457763672,1096,Long-Term,-2925.142516924252,-40.29545350508256
2010Q4,2010-10-01,ADBE,434.852277734151,2008-01-02,41.709999084472656,26.270000457763672,1003,Long-Term,-6714.118571036565,-37.01749931818344
2010Q4,2010-10-01,ADBE,91.11417534282108,2008-04-01,37.25,26.270000457763672,913,Long-Term,-1000.4336035554161,-29.47650883821833
2010Q4,2010-10-01,ADBE,91.98967896771072,2008-07-01,40.380001068115234,26.270000457763672,822,Long-Term,-1297.9744263804425,-34.94304169668056
2010Q4,2010-10-01,ADBE,13.268884006623178,2009-01-02,23.020000457763672,26.270000457763672,637,Long-Term,43.12387302152533,14.118157842624685
2010Q4,2010-10-01,ADBE,71.48255280764609,2009-07-01,28.65999984741211,26.270000457763672,457,Long-Term,-170.84325758078634,-8.339146553988016
2010Q4,2010-10-01,ADBE,293.03144346514296,2010-04-01,35.7400016784668,26.270000457763672,183,Short-Term,-2775.0081273193027,-26.496924387132196
2010Q4,2010-10-01,AMZN,16052.110899388586,2002-07-01,0.6775000095367432,7.685500144958496,3014,Long-Term,112493.19535672021,1034.3911493394135
2010Q4,2010-10-01,BIDU,462.8829305438211,2010-07-01,68.55000305175781,98.80000305175781,92,Short-Term,14002.208648950587,44.12837148549814
2010Q4,2010-10-01,CSCO,2107.8725235203574,2001-04-02,9.693685531616211,14.10048770904541,3469,Long-Term,9288.977226392692,45.46054401142164
2010Q4,2010-10-01,TEVA,648.2267499195043,2002-10-01,13.176193237304688,44.186912536621094,2922,Long-Term,20101.97778406192,235.3541629271061
2010Q4,2010-10-01,GOOGL,1868.320159865272,2007-01-03,11.598603248596191,13.038041114807129,1367,Long-Term,2689.3307843153448,12.410441458846835
2010Q4,2010-10-01,ORCL,1037.7212398822712,1999-07-01,7.519388675689697,21.999095916748047,4110,Long-Term,15025.899751323372,192.56495262535734
2010Q4,2010-10-01,FSLR,147.51568718261095,2009-01-02,151.5,147.22999572753906,637,Long-Term,-629.8926145247599,-2.8184846682910476
2010Q4,2010-10-01,MRVL,1247.779781128435,2010-01-04,17.904708862304688,14.899310111999512,270,Short-Term,-3750.075794859464,-16.785521470458146
2010Q4,2010-10-01,INTC,1068.2479850778643,2000-10-02,22.81314468383789,12.795221328735352,3651,Long-Term,-10701.626438752766,-43.912943585545214
2010Q4,2010-10-01,QCOM,114.55990703744556,1997-04-01,2.2187604904174805,29.714515686035156,4931,Long-Term,3149.9111591343217,1239.2394453735785
2010Q4,2010-10-01,QCOM,327.8391906896625,1998-01-02,1.942293405532837,29.714515686035156,4655,Long-Term,9104.822876093293,1429.867506185733
2010Q4,2010-10-01,YHOO,823.4674911580366,2000-07-03,127.87505782311275,14.269978585805537,3742,Long-Term,-93550.08958235534,-88.84068650389591
2010Q4,2010-10-01,COST,189.542929286956,2000-04-03,34.97554016113281,46.503360748291016,3833,Long-Term,2185.016882384443,32.95966419403209
2010Q4,2010-10-01,MDLZ,431.14390035618226,2007-01-03,14.338997840881348,14.501692771911621,1367,Long-Term,70.14492713257215,1.1346325094381449
2010Q4,2010-10-01,GILD,503.68119687535363,2003-10-01,4.871138572692871,12.271358489990234,2557,Long-Term,3727.3516250851662,151.91971665068772
2010Q4,2010-10-01,ADP,157.94535713780124,2009-01-02,23.08269691467285,25.35141944885254,637,Long-Term,358.3341909075882,9.828671851327481
2010Q4,2010-10-01,AMGN,92.73264942641956,2000-04-03,39.859588623046875,37.264930725097656,3833,Long-Term,-240.6095012320156,-6.509494923510033
2010Q4,2010-10-01,AAPL,351.0717381706862,2005-01-03,0.9473070502281189,8.457358360290527,2097,Long-Term,2636.5667671746487,792.7789947571835
2011Q1,2011-01-03,MSFT,3720.7358230288114,2000-10-02,17.978370666503906,21.2513370513916,3745,Long-Term,12177.843275820753,18.205022277050205
2011Q1,2011-01-03,AAPL,5969.407161155467,2005-01-03,0.9473070502281189,9.865814208984375,2191,Long-Term,53238.2005002959,941.4589658768623
2011Q1,2011-01-03,INTC,1797.1603810958452,2000-10-02,22.81314468383789,13.916606903076172,3745,Long-Term,-15988.505228507316,-38.99741970717665
2011Q1,2011-01-03,INFY,2675.488339705977,2008-04-01,3.0118625164031982,6.5832719802856445,1007,Long-Term,9555.26437693306,118.57810389524239
2011Q1,2011-01-03,VOD,1140.2275030069895,2010-10-01,9.650005340576172,10.248208045959473,94,Short-Term,682.0871770512268,6.198988334938931
2011Q1,2011-01-03,ORCL,321.1803819084766,1999-07-01,7.519388675689697,25.583351135253906,4204,Long-Term,5801.790361543217,240.2317959432698
2011Q1,2011-01-03,TEVA,148.6122377063685,2002-10-01,13.176193237304688,43.6179313659668,3016,Long-Term,4524.014822971754,231.0359113622809
2011Q1,2011-01-03,COST,57.69199554981407,2000-04-03,34.97554016113281,51.97511672973633,3927,Long-Term,980.7394957445975,48.60418592618219
2011Q1,2011-01-03,MDLZ,201.50736204197165,2007-01-03,14.338997840881348,14.850606918334961,1461,Long-Term,103.09299559440437,3.5679556070158887
2011Q1,2011-01-03,MRVL,11.075114956021539,2010-01-04,17.904708862304688,15.784749031066895,364,Short-Term,-23.478798833106577,-11.840236261540154
2011Q1,2011-01-03,YHOO,9.26850833954036,2000-07-03,127.87505782311275,16.749997707887008,3836,Long-Term,-1029.9635464098935,-86.90127848774311
2011Q2,2011-04-01,MRVL,19157.130529511167,2010-01-04,17.904708862304688,13.562627792358398,452,Long-Term,-83181.81382668056,-24.251056542381434
2011Q2,2011-04-01,MRVL,288.2739944212902,2010-04-01,17.351308822631836,13.562627792358398,365,Short-Term,-1092.1782141850929,-21.835131107411023
2011Q2,2011-04-01,MRVL,417.50702347802513,2010-07-01,13.877641677856445,13.562627792358398,274,Short-Term,-131.52050968853698,-2.2699381696869425
2011Q2,2011-04-01,AAPL,15350.970881797572,2005-01-03,0.9473070502281189,10.31455135345459,2279,Long-Term,143796.29454151375,988.8287330882596
2011Q2,2011-04-01,BIDU,23.507634661112956,2010-07-01,68.55000305175781,138.8300018310547,274,Short-Term,1652.1165352871753,102.52369897960887
2011Q2,2011-04-01,FSLR,3.0690021265700604,2009-01-02,151.5,160.39999389648438,819,Long-Term,27.314100194771104,5.87458343002269
2011Q3,2011-07-01,YHOO,2929.89171569936,2000-07-03,127.87505782311275,15.449965402857721,4015,Long-Term,-329393.3469188401,-87.91792108181927
2011Q3,2011-07-01,YHOO,3664.6137925661324,2001-01-02,28.187428677572434,15.449965402857721,3832,Long-Term,-46677.88359882411,-45.18845411695669
2011Q3,2011-07-01,YHOO,2569.7852120019097,2001-07-02,20.04004198234272,15.449965402857721,3651,Long-Term,-11795.510915916862,-22.90452576660925
2011Q3,2011-07-01,YHOO,2320.0307006106495,2001-10-01,9.089941049448987,15.449965402857721,3560,Long-Term,14755.45175653966,69.96771836924361
2011Q3,2011-07-01,YHOO,1458.850541219223,2003-01-02,17.600038877707824,15.449965402857721,3102,Long-Term,-3136.6358524461684,-12.216299576322994
2011Q3,2011-07-01,YHOO,1500.833747606035,2003-07-01,33.64003359083112,15.449965402857721,2922,Long-Term,-27300.268207765443,-54.072681404608524
2011Q3,2011-07-01,YHOO,306.53418291315336,2003-10-01,36.39995141318973,15.449965402857721,2830,Long-Term,-6421.886843719117,-57.55498344632587
2011Q3,2011-07-01,YHOO,116.09156768110007,2004-01-02,45.40005765440689,15.449965402857721,2737,Long-Term,-3476.953161675912,-65.96928241707194
2011Q3,2011-07-01,YHOO,139.55323447151218,2004-04-01,49.45006203575695,15.449965402857721,2647,Long-Term,-4744.823457465058,-68.75642867407127
2011Q3,2011-07-01,YHOO,3527.408683663405,2004-10-01,35.0299836403854,15.449965402857721,2464,Long-Term,-69066.72635734298,-55.895025354662884
2011Q3,2011-07-01,YHOO,36.571929982565734,2005-04-01,34.28002925734903,15.449965402857721,2282,Long-Term,-688.6517768536979,-54.93012772284749
2011Q3,2011-07-01,YHOO,2234.040563985317,2005-07-01,34.43996845262541,15.449965402857721,2191,Long-Term,-42424.43712338589,-55.139432185862105
2011Q3,2011-07-01,YHOO,173.28214501771936,2006-01-03,40.91000162359994,15.449965402857721,2005,Long-Term,-4411.76968855904,-62.23425864166911
2011Q3,2011-07-01,YHOO,64.94827755867337,2006-07-03,33.3000309835972,15.449965402857721,1824,Long-Term,-1159.3310137783901,-53.60375066777564
2011Q3,2011-07-01,YHOO,425.29475722001524,2007-01-03,25.610030956096207,15.449965402857721,1640,Long-Term,-4321.022612804001,-39.672211137331665
2011Q3,2011-07-01,YHOO,617.300088783425,2007-10-01,27.04000348797121,15.449965402857721,1369,Long-Term,-7154.531538943834,-42.862561353845
2011Q3,2011-07-01,YHOO,2056.77489990455,2008-01-02,23.720021180190695,15.449965402857721,1276,Long-Term,-17009.643143629073,-34.86529676558445
2011Q3,2011-07-01,YHOO,530.3252480488752,2008-07-01,20.199973709168443,15.449965402857721,1095,Long-Term,-2519.0493332784513,-23.51492321078997
2011Q3,2011-07-01,YHOO,626.4700370814061,2008-10-01,16.960003932717722,15.449965402857721,1003,Long-Term,-945.9938937957468,-8.903527003003637
2011Q3,2011-07-01,YHOO,222.75946625351295,2009-07-01,15.409987091615486,15.449965402857721,730,Long-Term,8.905547274037122,0.2594311793031106
2011Q3,2011-07-01,YHOO,640.0377049278462,2009-10-01,17.39003280575356,15.449965402857721,638,Long-Term,-1241.7162879547795,-11.156203237603782
2011Q3,2011-07-01,YHOO,387.3612464173353,2010-07-01,14.089973718233491,15.449965402857721,365,Short-Term,526.8080740732534,9.65219461597929
2011Q3,2011-07-01,YHOO,533.9316539651236,2011-04-01,16.840001344706288,15.449965402857721,91,Short-Term,-742.1841895021734,-8.254369541873755
2011Q3,2011-07-01,FSLR,2028.635270743867,2009-01-02,151.5,133.05999755859375,910,Long-Term,-37408.03934523974,-12.171618773205447
2011Q3,2011-07-01,FSLR,45.993058159626095,2009-10-01,143.75999450683594,133.05999755859375,638,Long-Term,-492.1255819483247,-7.442958651291122
2011Q3,2011-07-01,FSLR,43.49382545552346,2010-01-04,135.4600067138672,133.05999755859375,543,Long-Term,-104.38557929112119,-1.771747406113
2011Q3,2011-07-01,FSLR,45.16501082474756,2010-04-01,121.30000305175781,133.05999755859375,456,Long-Term,531.1402792002169,9.694966373428725
2011Q3,2011-07-01,FSLR,67.92102745254185,2010-07-01,117.44999694824219,133.05999755859375,365,Short-Term,1060.2472799898835,13.29076289140354
2011Q3,2011-07-01,FSLR,49.76915495614815,2011-01-03,132.77999877929688,133.05999755859375,179,Short-Term,13.935302634358498,0.21087421439299828
2011Q3,2011-07-01,AMZN,21715.195238841614,2002-07-01,0.6775000095367432,10.474499702453613,3287,Long-Term,212743.76108656116,1446.0515948355192
2011Q4,2011-10-03,AAPL,27812.886131080653,2005-01-03,0.9473070502281189,11.213807106018066,2464,Long-Term,285540.99701641896,1083.7563230757858
2011Q4,2011-10-03,AMZN,11922.092723868176,2002-07-01,0.6775000095367432,10.598999977111816,3381,Long-Term,118285.04257328513,1464.42801888064
2011Q4,2011-10-03,GOOGL,142.8934179998684,2007-01-03,11.598603248596191,12.291409492492676,1734,Long-Term,98.99745220201912,5.973186848859034
2012Q1,2012-01-03,AAPL,7189.537276619816,2005-01-03,0.9473070502281189,12.310348510742188,2556,Long-Term,81695.01015614238,1199.5098587915882
2012Q1,2012-01-03,MSFT,619.1823494976456,2000-10-02,17.978370666503906,20.872482299804688,4110,Long-Term,1791.9828408156463,16.097741486067456
2012Q1,2012-01-03,MSFT,2342.8918821368998,2002-01-02,20.38511848449707,20.872482299804688,3653,Long-Term,1141.8407265314836,2.3907823527160685
2012Q1,2012-01-03,ORCL,1799.3387626157964,1999-07-01,7.519388675689697,21.073387145996094,4569,Long-Term,24388.23483605751,180.25399477123304
2012Q1,2012-01-03,ORCL,638.2903060792505,2000-01-03,23.52922248840332,21.073387145996094,4383,Long-Term,-1567.5358923853496,-10.437384166083756
2012Q1,2012-01-03,INTC,3006.839216764946,2000-10-02,22.81314468383789,16.959802627563477,4110,Long-Term,-17600.058443945476,-25.65776063490821
2012Q1,2012-01-03,VOD,3734.7670894374796,2010-10-01,9.650005340576172,11.821603775024414,459,Long-Term,8110.414364451249,22.503598265558917
2012Q1,2012-01-03,QCOM,637.7791075490607,1998-01-02,1.942293405532837,37.83369445800781,5114,Long-Term,22890.785731932905,1847.887705855066
2012Q1,2012-01-03,QCOM,405.88776122544164,1999-04-01,5.2508368492126465,37.83369445800781,4660,Long-Term,13224.983129161217,620.5269473128061
2012Q1,2012-01-03,MDLZ,1870.2816237319666,2007-01-03,14.338997840881348,18.076589584350586,1826,Long-Term,6990.349154822839,26.06592026126916
2012Q1,2012-01-03,COST,545.6590177633892,2000-04-03,34.97554016113281,61.388343811035156,4292,Long-Term,14412.384495982975,75.51792918198885
2012Q1,2012-01-03,AMGN,711.882034546982,2000-04-03,39.859588623046875,43.4854850769043,4292,Long-Term,2581.2105446287087,9.096673044339758
2012Q1,2012-01-03,CSCO,1639.6046453987292,2001-04-02,9.693685531616211,12.165546417236328,3928,Long-Term,4052.874590842161,25.49970161047702
2012Q1,2012-01-03,ADP,476.6888892737212,2009-01-02,23.08269691467285,34.252037048339844,1096,Long-Term,5324.300342238115,48.388367160715255
2012Q1,2012-01-03,GILD,677.2294758098961,2003-10-01,4.871138572692871,14.3646240234375,3016,Long-Term,6429.268175416661,194.89253506283285
2012Q1,2012-01-03,INFY,1042.3618079545472,2008-04-01,3.0118625164031982,4.596041202545166,1372,Long-Term,1651.2873594100008,52.5979747586159
2012Q1,2012-01-03,GOOGL,276.79738084487747,2007-01-03,11.598603248596191,16.50554084777832,1826,Long-Term,1358.2274754228645,42.30628028229199
2012Q2,2012-04-02,AAPL,31317.081839727678,2005-01-03,0.9473070502281189,18.518951416015625,2646,Long-Term,550292.624661957,1854.9048443750228
2012Q2,2012-04-02,AMZN,9683.99761375697,2002-07-01,0.6775000095367432,9.90250015258789,3563,Long-Term,89334.87937221501,1361.623618184
2012Q2,2012-04-02,BIDU,266.39169974954206,2010-07-01,68.55000305175781,146.6999969482422,641,Long-Term,20818.50970950081,114.00436238854464
2012Q2,2012-04-02,TEVA,995.6476938745337,2002-10-01,13.176193237304688,38.75862503051758,3471,Long-Term,25471.08921861497,194.15647093565255
2012Q2,2012-04-02,MSFT,890.1602603838766,2002-01-02,20.38511848449707,25.34214973449707,3743,Long-Term,4412.552228231013,24.31691164203845
2012Q2,2012-04-02,CSCO,1069.67969299366,2001-04-02,9.693685531616211,13.837249755859375,4018,Long-Term,4432.28650728794,42.74498291417459
2012Q2,2012-04-02,INFY,1319.5421729320842,2008-04-01,3.0118625164031982,4.933112621307373,1462,Long-Term,2535.1705381712495,63.7894357541444
2012Q2,2012-04-02,GILD,108.62552311241208,2003-10-01,4.871138572692871,16.739282608032227,3106,Long-Term,1289.1833542121908,243.64209431181072
2012Q2,2012-04-02,GOOGL,47.452554307239936,2007-01-03,11.598603248596191,16.046897888183594,1916,Long-Term,211.0829429596255,38.35198553003173
2012Q3,2012-07-02,TEVA,11257.181751409073,2002-10-01,13.176193237304688,33.595157623291016,3562,Long-Term,229859.99326859706,154.96861664244398
2012Q3,2012-07-02,TEVA,1636.2542874456476,2003-04-01,16.753326416015625,33.595157623291016,3380,Long-Term,27557.518521340266,100.52828190093138
2012Q3,2012-07-02,TEVA,437.316936989492,2003-10-01,22.502708435058594,33.595157623291016,3197,Long-Term,4850.915902709379,49.29384042922893
2012Q3,2012-07-02,TEVA,743.1780268091095,2004-01-02,22.33055877685547,33.595157623291016,3104,Long-Term,8371.60234349014,50.44476924648546
2012Q3,2012-07-02,TEVA,633.3282939216923,2004-07-01,25.834108352661133,33.595157623291016,2923,Long-Term,4915.292093610218,30.04187009160093
2012Q3,2012-07-02,TEVA,494.8178321842789,2005-04-01,23.932952880859375,33.595157623291016,2649,Long-Term,4781.031204770684,40.37197077406645
2012Q3,2012-07-02,TEVA,3376.2312225798814,2005-07-01,24.219335556030273,33.595157623291016,2558,Long-Term,31654.943200839167,38.71213578741756
2012Q3,2012-07-02,TEVA,271.8906002144633,2006-04-03,32.84567642211914,33.595157623291016,2282,Long-Term,203.776893636078,2.281826050831928
2012Q3,2012-07-02,TEVA,518.9902424576813,2007-01-03,24.70760154724121,33.595157623291016,2007,Long-Term,4612.554882765327,35.97093817081637
2012Q3,2012-07-02,TEVA,238.08791241466716,2007-10-01,35.76924514770508,33.595157623291016,1736,Long-Term,-517.6239600945158,-6.078091711011548
2012Q3,2012-07-02,TEVA,2189.644797333224,2008-01-02,37.50400161743164,33.595157623291016,1643,Long-Term,-8558.979915357238,-10.422471804512234
2012Q3,2012-07-02,TEVA,915.2456409568298,2008-07-01,37.70639419555664,33.595157623291016,1462,Long-Term,-3762.7913517084116,-10.903287519203035
2012Q3,2012-07-02,TEVA,555.2880281862139,2008-10-01,37.63896942138672,33.595157623291016,1370,Long-Term,-2245.4802797207108,-10.743683634966853
2012Q3,2012-07-02,TEVA,598.8949930350321,2009-04-01,36.792266845703125,33.595157623291016,1188,Long-Term,-1914.7327054887373,-8.68962283791843
2012Q3,2012-07-02,TEVA,804.0095309657315,2009-07-01,40.77135467529297,33.595157623291016,1097,Long-Term,-5769.7308258977555,-17.60107582677565
2012Q3,2012-07-02,TEVA,317.2613563141119,2010-01-04,47.29918670654297,33.595157623291016,910,Long-Term,-4347.75885392055,-28.973075516658415
2012Q3,2012-07-02,TEVA,276.1676428539345,2010-04-01,52.26610565185547,33.595157623291016,823,Long-Term,-5156.3117068969605,-35.722860533998144
2012Q3,2012-07-02,TEVA,526.7838088453082,2011-04-01,42.06126022338867,33.595157623291016,458,Long-Term,-4459.8057737546105,-20.128028868212507
2012Q3,2012-07-02,TEVA,1501.0154608583082,2011-07-01,40.97056198120117,33.595157623291016,367,Long-Term,-11070.595971304887,-18.001716357452622
2012Q3,2012-07-02,TEVA,875.6510946137311,2011-10-03,30.638647079467773,33.595157623291016,273,Short-Term,2588.871693935859,9.649611930170776
2012Q3,2012-07-02,TEVA,468.4664931536904,2012-01-03,36.429866790771484,33.595157623291016,181,Short-Term,-1327.9662628001925,-7.781277883230047
2012Q3,2012-07-02,AMZN,1864.1596584475217,2002-07-01,0.6775000095367432,11.465999603271484,3654,Long-Term,20111.48571781778,1592.3984416046926
2012Q4,2012-10-01,INFY,78890.30362666621,2008-04-01,3.0118625164031982,4.315023899078369,1644,Long-Term,102806.79715379038,43.26762511827471
2012Q4,2012-10-01,INFY,552.5115067396293,2009-04-01,2.220999240875244,4.315023899078369,1279,Long-Term,1156.972719053746,94.28299747540294
2012Q4,2012-10-01,INFY,2142.0887869970356,2009-07-01,3.094752311706543,4.315023899078369,1188,Long-Term,2613.9300844002623,39.430347390190015
2012Q4,2012-10-01,INFY,770.7282389609949,2010-01-04,4.727102756500244,4.315023899078369,1001,Long-Term,-317.6008120938206,-8.7173661891573
2012Q4,2012-10-01,INFY,2456.9834547367213,2010-04-01,5.011929512023926,4.315023899078369,914,Long-Term,-1712.285560520386,-13.904936437626217
2012Q4,2012-10-01,INFY,3159.5863502208117,2010-10-01,5.909102439880371,4.315023899078369,731,Long-Term,-5036.628798697915,-26.976661126123137
2012Q4,2012-10-01,INFY,2092.3801195857804,2011-04-01,6.207959175109863,4.315023899078369,549,Long-Term,-3960.7401392309202,-30.492070302604635
2012Q4,2012-10-01,INFY,3755.55608877031,2011-07-01,5.650362491607666,4.315023899078369,458,Long-Term,-5014.938981743377,-23.63279514389811
2012Q4,2012-10-01,INFY,3463.577612048878,2011-10-03,4.2794623374938965,4.315023899078369,364,Short-Term,123.17022855347692,0.8309819968014468
2012Q4,2012-10-01,INFY,7355.22823144113,2012-07-02,3.962562322616577,4.315023899078369,91,Short-Term,2592.435337690019,8.89478947624609
2012Q4,2012-10-01,AAPL,13401.554726592409,2005-01-03,0.9473070502281189,19.823877334594727,2828,Long-Term,252975.3897163071,1992.6559482293499
2012Q4,2012-10-01,AMZN,13155.451154824437,2002-07-01,0.6775000095367432,12.600500106811523,3745,Long-Term,156852.44539866538,1759.8523881095466
2012Q4,2012-10-01,GOOGL,4715.159840350317,2007-01-03,11.598603248596191,18.89600944519043,2098,Long-Term,34408.4366369047,62.91624982928408
2012Q4,2012-10-01,INTC,4743.119711161899,2000-10-02,22.81314468383789,16.110158920288086,4382,Long-Term,-31793.063898730674,-29.3821209502019
2012Q4,2012-10-01,ORCL,1903.075834512449,2000-01-03,23.52922248840332,25.971858978271484,4655,Long-Term,4648.5224763664155,10.381288591546316
2012Q4,2012-10-01,ORCL,843.1058049236185,2000-04-03,30.625328063964844,25.971858978271484,4564,Long-Term,-3923.3667991806747,-15.194838324585469
2012Q4,2012-10-01,QCOM,740.6497579587876,1999-04-01,5.2508368492126465,42.88395309448242,4932,Long-Term,27872.95843829398,716.707018823348
2012Q4,2012-10-01,QCOM,60.971364062895354,2000-01-03,54.98051071166992,42.88395309448242,4655,Long-Term,-737.543618385329,-22.001537382263596
2012Q4,2012-10-01,QCOM,546.3853705196653,2000-04-03,43.15654373168945,42.88395309448242,4564,Long-Term,-148.93953631055544,-0.6316322245399612
2012Q4,2012-10-01,CSCO,4375.506603206277,2001-04-02,9.693685531616211,12.538825035095215,4200,Long-Term,12448.926684515409,29.35044152401588
2012Q4,2012-10-01,BIDU,403.11365388021454,2010-07-01,68.55000305175781,112.7699966430664,823,Long-Term,17825.68319115208,64.50764642259877
2012Q4,2012-10-01,AMGN,342.9142426700554,2000-04-03,39.859588623046875,58.57243347167969,4564,Long-Term,6416.901019471168,46.94690912543191
2012Q4,2012-10-01,AMGN,369.79941606371654,2001-01-02,42.209197998046875,58.57243347167969,4290,Long-Term,6051.114923062506,38.766989778839154
2012Q4,2012-10-01,VOD,2856.981843871963,2010-10-01,9.650005340576172,12.351462364196777,731,Long-Term,7718.013668484463,27.994357808918163
2012Q4,2012-10-01,COST,345.6856917682728,2000-04-03,34.97554016113281,73.59400177001953,4564,Long-Term,13349.849616294492,110.41562598024481
2012Q4,2012-10-01,SBUX,5.343281372915953e-12,2007-10-01,9.70820140838623,19.235383987426758,1827,Long-Term,5.090641721095662e-11,98.13540302955258
2012Q4,2012-10-01,SBUX,1220.9688712161378,2012-04-02,21.585765838623047,19.235383987426758,182,Short-Term,-2869.7430757820293,-10.888572908498759
2012Q4,2012-10-01,GILD,968.7826977146376,2003-10-01,4.871138572692871,23.142627716064453,3288,Long-Term,17701.102543579233,375.09688691263625
2012Q4,2012-10-01,ADP,463.0470690356921,2009-01-02,23.08269691467285,37.608272552490234,1368,Long-Term,6726.025225147593,62.928416430334835
2012Q4,2012-10-01,MDLZ,615.59222123789,2007-01-03,14.338997840881348,21.094058990478516,2098,Long-Term,4158.363097678296,47.10971592685565
2013Q1,2013-01-02,AMZN,14457.793237446609,2002-07-01,0.6775000095367432,12.865500450134277,3838,Long-Term,176211.59034806732,1798.9668293778138
2013Q1,2013-01-02,GOOGL,5172.752373864587,2007-01-03,11.598603248596191,17.94026756286621,2191,Long-Term,32803.859135892584,54.676103478559526
2013Q1,2013-01-02,GILD,1332.2344332608764,2003-10-01,4.871138572692871,25.75749969482422,3381,Long-Term,27825.529472424656,428.7778064705089
2013Q1,2013-01-02,INTC,1999.613953741779,2000-10-02,22.81314468383789,15.289294242858887,4475,Long-Term,-15044.796327647853,-32.98033017915904
2013Q1,2013-01-02,ORCL,1013.2351189940495,2000-04-03,30.625328063964844,28.663827896118164,4657,Long-Term,-1987.4608559749786,-6.4048298968417265
2013Q1,2013-01-02,COST,129.4257349836529,2000-04-03,34.97554016113281,79.76644897460938,4657,Long-Term,5797.09629376998,128.06352269936133
2013Q1,2013-01-02,COST,137.01584881078333,2001-01-02,27.439123153686523,79.76644897460938,4383,Long-Term,7169.672963352164,190.70334546711828
2013Q1,2013-01-02,AMGN,315.68294427793575,2001-01-02,42.209197998046875,61.63383102416992,4383,Long-Term,6132.025345204952,46.019905488424286
2013Q1,2013-01-02,META,675.1901767862215,2012-10-01,21.79857635498047,27.756258010864258,93,Short-Term,4022.5681304722043,27.330599755073443
2013Q1,2013-01-02,MDLZ,925.5117252902107,2007-01-03,14.338997840881348,19.948266983032227,2191,Long-Term,5191.4443613692,39.118976126480156
2013Q1,2013-01-02,VOD,1503.8778412558547,2010-10-01,9.650005340576172,11.386484146118164,824,Long-Term,2611.451997465036,17.994589062458616
2013Q1,2013-01-02,CSCO,992.8904333032202,2001-04-02,9.693685531616211,13.594018936157227,4293,Long-Term,3872.603724061753,40.23581528222651
2013Q1,2013-01-02,ADP,198.08983219416174,2009-01-02,23.08269691467285,37.814598083496094,1461,Long-Term,2918.2398304331714,63.82227008950022
2013Q1,2013-01-02,SBUX,324.68798705857847,2012-04-02,21.585765838623047,21.18341636657715,275,Short-Term,-130.63804017266455,-1.8639573645609615
2013Q2,2013-04-01,MSFT,428.1363537177775,2002-01-02,20.38511848449707,23.127906799316406,4107,Long-Term,1174.2873881264782,13.45485588864854
2013Q2,2013-04-01,MSFT,818.9121803263045,2002-04-01,18.35997772216797,23.127906799316406,4018,Long-Term,3904.5151962088116,25.969144131322153
2013Q2,2013-04-01,MSFT,42.79328784284815,2003-01-02,16.3348445892334,23.127906799316406,3742,Long-Term,290.69746649045635,41.58632898509755
2013Q2,2013-04-01,MSFT,6251.65616700621,2003-04-01,14.856013298034668,23.127906799316406,3653,Long-Term,51713.03402010657,55.68043953202467
2013Q2,2013-04-01,MSFT,1047.3417091274541,2003-07-01,15.954191207885742,23.127906799316406,3562,Long-Term,7513.331548323257,44.96445791551553
2013Q2,2013-04-01,AMZN,11212.926474731692,2002-07-01,0.6775000095367432,13.080499649047852,3927,Long-Term,139073.92302396175,1830.7010280327456
2013Q2,2013-04-01,INTC,3560.678542590521,2000-10-02,22.81314468383789,15.489755630493164,4564,Long-Term,-26076.234261286874,-32.10162016170013
2013Q2,2013-04-01,QCOM,874.3043395878491,2000-04-03,43.15654373168945,46.06725311279297,4746,Long-Term,2544.8458431778663,6.744537744263818
2013Q2,2013-04-01,META,1405.1633563004493,2012-10-01,21.79857635498047,25.307754516601562,182,Short-Term,4930.9685634397365,16.098198820306575
2013Q2,2013-04-01,ORCL,757.2918526285463,2000-04-03,30.625328063964844,26.779903411865234,4746,Long-Term,-2912.1087589319964,-12.556354152575794
2013Q2,2013-04-01,GILD,442.85667489866233,2003-10-01,4.871138572692871,32.92952346801758,3470,Long-Term,12425.843037770352,576.0128659163441
2013Q2,2013-04-01,CSCO,1040.8132457595907,2001-04-02,9.693685531616211,13.92149829864502,4382,Long-Term,4400.36352851509,43.614090360572206
2013Q2,2013-04-01,MDLZ,568.8323226919239,2007-01-03,14.338997840881348,23.14629554748535,2280,Long-Term,5009.87561108681,61.42198920969126
2013Q2,2013-04-01,BIDU,122.1139320921134,2010-07-01,68.55000305175781,87.05000305175781,1005,Long-Term,2259.107743704098,26.98759909030465
2013Q2,2013-04-01,AMGN,111.39098610014344,2001-01-02,42.209197998046875,71.11721801757812,4472,Long-Term,3220.0928561782735,68.48748943504896
2013Q2,2013-04-01,COST,28.595641425641052,2001-01-02,27.439123153686523,83.41658782958984,4472,Long-Term,1600.7115077886197,204.0060258572169
2013Q2,2013-04-01,ADP,32.9564886943141,2009-01-02,23.08269691467285,42.18097686767578,1550,Long-Term,629.4122473519867,82.73851198411235
2013Q3,2013-07-01,ORCL,7789.185619969927,2000-04-03,30.625328063964844,24.87944793701172,4837,Long-Term,-44755.72685893426,-18.76185657489818
2013Q3,2013-07-01,ORCL,6085.697571917228,2000-10-02,31.372291564941406,24.87944793701172,4655,Long-Term,-39513.482701329944,-20.696108903901212
2013Q3,2013-07-01,ORCL,311.2343905448498,2001-01-02,21.01445960998535,24.87944793701172,4563,Long-Term,1202.9172864250102,18.39204242582501
2013Q3,2013-07-01,ORCL,16856.599992818716,2001-04-02,12.110700607299805,24.87944793701172,4473,Long-Term,215237.66614632585,105.43359747507479
2013Q3,2013-07-01,ORCL,1097.9188605394547,2001-10-01,10.023200988769531,24.87944793701172,4291,Long-Term,16310.953721306814,148.2185877035473
2013Q3,2013-07-01,ORCL,696.5621126312435,2002-04-01,10.230354309082031,24.87944793701172,4109,Long-Term,10204.00360560359,143.19243679493002
2013Q3,2013-07-01,ORCL,1208.786431912601,2003-07-01,9.824010848999023,24.87944793701172,3653,Long-Term,18198.808078503505,153.2514297818259
2013Q3,2013-07-01,ORCL,1827.1496349124589,2003-10-01,9.314083099365234,24.87944793701172,3561,Long-Term,28440.250680384997,167.11644798087835
2013Q3,2013-07-01,ORCL,1843.10471547067,2004-04-01,9.79214096069336,24.87944793701172,3378,Long-Term,27807.486631805907,154.0756718768687
2013Q3,2013-07-01,ORCL,117.603323794778,2004-07-01,9.409696578979492,24.87944793701172,3287,Long-Term,1819.2941779833707,164.40223367659283
2013Q3,2013-07-01,ORCL,2200.1499141417567,2005-04-01,9.983362197875977,24.87944793701172,3013,Long-Term,32773.62176000775,149.20910855367924
2013Q3,2013-07-01,ORCL,8198.619909009329,2005-07-01,10.588896751403809,24.87944793701172,2922,Long-Term,117162.79746104188,134.95788580347957
2013Q3,2013-07-01,ORCL,1759.9011969523467,2007-01-03,13.951207160949707,24.87944793701172,2371,Long-Term,19232.624022374977,78.33186512096842
2013Q3,2013-07-01,ORCL,965.3730983539018,2007-10-01,17.50473976135254,24.87944793701172,2100,Long-Term,7119.344880991953,42.12977899815037
2013Q3,2013-07-01,ORCL,4076.682139785885,2008-01-02,17.91905403137207,24.87944793701172,2007,Long-Term,28375.313520995674,38.84353433754721
2013Q3,2013-07-01,ORCL,161.98039061681138,2008-07-01,16.978879928588867,24.87944793701172,1826,Long-Term,1279.737092099017,46.5317384989569
2013Q3,2013-07-01,ORCL,399.7281843045004,2009-04-01,14.803740501403809,24.87944793701172,1552,Long-Term,4027.544238818904,68.06190256207512
2013Q3,2013-07-01,ORCL,561.9860969679785,2009-07-01,17.366504669189453,24.87944793701172,1461,Long-Term,4222.169663825285,43.26111333820243
2013Q3,2013-07-01,ORCL,444.0228809833329,2010-04-01,20.47830581665039,24.87944793701172,1187,Long-Term,1954.2078038999316,21.49172963704288
2013Q3,2013-07-01,ORCL,1933.1128805732926,2011-04-01,27.569372177124023,24.87944793701172,822,Long-Term,-5199.927196327422,-9.756929620415141
2013Q3,2013-07-01,ORCL,2221.9055420510253,2011-07-01,26.831295013427734,24.87944793701172,731,Long-Term,-4336.819836324837,-7.27451684847568
2013Q3,2013-07-01,ORCL,2514.920056859363,2011-10-03,22.722965240478516,24.87944793701172,637,Long-Term,5423.381585781515,9.490322560066506
2013Q3,2013-07-01,ORCL,1785.0928650002547,2012-04-02,24.117828369140625,24.87944793701172,455,Long-Term,1359.5616564512668,3.1579110532422785
2013Q3,2013-07-01,ORCL,4417.842334132952,2012-07-02,24.387842178344727,24.87944793701172,364,Short-Term,2171.8367323425855,2.0157821059852328
2013Q3,2013-07-01,MSFT,6358.040504846043,2003-07-01,15.954191207885742,27.970905303955078,3653,Long-Term,76402.75495796325,75.3201082993777
2013Q3,2013-07-01,MSFT,3532.792793246842,2003-10-01,17.40013885498047,27.970905303955078,3561,Long-Term,37344.32753003301,60.751046512188736
2013Q3,2013-07-01,MSFT,4131.640879450038,2004-01-02,16.841289520263672,27.970905303955078,3468,Long-Term,45983.57554447178,66.08529453935282
2013Q3,2013-07-01,GOOGL,2198.868035324108,2007-01-03,11.598603248596191,22.023927688598633,2371,Long-Term,22923.912669004574,89.88430948583611
2013Q4,2013-10-01,AAPL,24859.985096522167,2005-01-03,0.9473070502281189,15.019532203674316,3193,Long-Term,349835.3075895768,1485.4977749883205
2013Q4,2013-10-01,META,3689.3082201576544,2012-10-01,21.79857635498047,49.98108673095703,365,Short-Term,103973.96719476872,129.28601353150987
2013Q4,2013-10-01,INTC,219.47979931381406,2000-10-02,22.81314468383789,16.820127487182617,4747,Long-Term,-1315.346211606136,-26.27001792041876
2013Q4,2013-10-01,INTC,4004.917164029534,2001-07-02,17.118297576904297,16.820127487182617,4474,Long-Term,-1194.146510126581,-1.7418209280575043
2013Q4,2013-10-01,INTC,3741.295965718347,2002-07-01,10.015429496765137,16.820127487182617,4110,Long-Term,25458.389139480663,67.94214858798932
2013Q4,2013-10-01,CSCO,8139.175067249222,2001-04-02,9.693685531616211,15.883127212524414,4565,Long-Term,50376.94940944116,63.85024210576231
2013Q4,2013-10-01,GILD,2584.834657694057,2003-10-01,4.871138572692871,43.10074996948242,3653,Long-Term,98817.22448859735,784.8188021400383
2013Q4,2013-10-01,AMZN,6372.304126166273,2002-07-01,0.6775000095367432,16.047500610351562,4110,Long-Term,97942.31824775037,2268.634743093867
2013Q4,2013-10-01,QCOM,1824.8137061731725,2000-04-03,43.15654373168945,47.61825942993164,4929,Long-Term,8141.79995920035,10.338445372227504
2013Q4,2013-10-01,MDLZ,3646.031741864994,2007-01-03,14.338997840881348,23.482315063476562,2463,Long-Term,33336.824819523026,63.765385308358624
2013Q4,2013-10-01,COST,825.0512992254617,2001-01-02,27.439123153686523,91.15113830566406,4655,Long-Term,52565.68087741137,232.1940639105942
2013Q4,2013-10-01,SBUX,2376.3338894572735,2012-04-02,21.585765838623047,30.015899658203125,547,Long-Term,20032.81268812803,39.05413355543856
2013Q4,2013-10-01,VOD,3937.9868948104413,2010-10-01,9.650005340576172,16.268442153930664,1096,Long-Term,26063.317435120967,68.58479948736822
2013Q4,2013-10-01,BIIB,3.979039320256561e-13,2003-07-01,35.31999969482422,244.9199981689453,3745,Long-Term,8.34006635454243e-11,593.431484385986
2013Q4,2013-10-01,BIIB,255.2089061058737,2013-07-01,217.8800048828125,244.9199981689453,92,Short-Term,6900.847107664124,12.41049783373943
2013Q4,2013-10-01,ADP,865.275763812836,2009-01-02,23.08269691467285,47.642578125,1733,Long-Term,21251.069973418344,106.3995307875628
2013Q4,2013-10-01,AMGN,501.33265113574555,2001-01-02,42.209197998046875,80.34815979003906,4655,Long-Term,19120.30682674435,90.35699231659643
2013Q4,2013-10-01,BIDU,191.4300895274999,2010-07-01,68.55000305175781,158.63999938964844,1188,Long-Term,17245.93606449454,131.42230828183816
2013Q4,2013-10-01,GOOGL,66.32830235590058,2007-01-03,11.598603248596191,22.002098083496094,2463,Long-Term,690.0461509672907,89.69610057279151
2014Q1,2014-01-02,AMZN,20816.041701529735,2002-07-01,0.6775000095367432,19.898500442504883,4203,Long-Term,400105.1465577859,2837.0479944510935
2014Q1,2014-01-02,AAPL,5318.056479874734,2005-01-03,0.9473070502281189,17.12488555908203,3286,Long-Term,86033.27621769278,1707.7439152340548
2014Q1,2014-01-02,GOOGL,678.6026132571766,2007-01-03,11.598603248596191,27.611024856567383,2556,Long-Term,10866.071147744931,138.05474042669076
2014Q2,2014-04-01,MSFT,6390.991582873877,2004-01-02,16.841289520263672,34.46977615356445,3742,Long-Term,112663.50969222994,104.67420925274126
2014Q2,2014-04-01,MSFT,2046.4875796252493,2004-04-01,15.387236595153809,34.46977615356445,3652,Long-Term,39052.18019399487,124.01537755272227
2014Q2,2014-04-01,MSFT,3024.1531382174603,2005-01-03,18.338743209838867,34.46977615356445,3375,Long-Term,48782.71389945697,87.9614963749052
2014Q2,2014-04-01,MSFT,2326.8447095494416,2005-04-01,16.592941284179688,34.46977615356445,3287,Long-Term,41596.61863931693,107.73758891336034
2014Q2,2014-04-01,INTC,2811.5880677967457,2002-07-01,10.015429496765137,19.51182746887207,4292,Long-Term,26699.959225425067,94.81768081113403
2014Q2,2014-04-01,AMGN,391.7650151985192,2001-01-02,42.209197998046875,89.22653198242188,4837,Long-Term,18419.746562982527,111.39120432127282
2014Q2,2014-04-01,GOOGL,1061.8992639288115,2007-01-03,11.598603248596191,28.151029586791992,2645,Long-Term,17577.009344765993,142.7105142181597
2014Q2,2014-04-01,BIIB,95.61887345622759,2013-07-01,217.8800048828125,309.7900085449219,274,Short-Term,8788.33100952865,42.1837716184849
2014Q2,2014-04-01,VOD,1546.033369592352,2010-10-01,9.650005340576172,16.832866668701172,1278,Long-Term,11104.943302435691,74.43375495267999
2014Q2,2014-04-01,COST,266.9797735390593,2001-01-02,27.439123153686523,89.12759399414062,4837,Long-Term,16469.5739749553,224.81939563060013
2014Q2,2014-04-01,MDLZ,452.8596397653317,2007-01-03,14.338997840881348,26.72039222717285,2645,Long-Term,5607.03380156847,86.34769684525233
2014Q2,2014-04-01,QCOM,202.8539523646534,2000-04-03,43.15654373168945,57.05043411254883,5111,Long-Term,2818.4305774785635,32.19416843767593
2014Q2,2014-04-01,ADP,210.7073420584653,2009-01-02,23.08269691467285,51.802188873291016,1915,Long-Term,6051.4078158699,124.42000198149377
2014Q2,2014-04-01,SBUX,331.83714457697124,2012-04-02,21.585765838623047,28.992538452148438,729,Long-Term,2457.842274603176,34.31322598836209
2014Q2,2014-04-01,BIDU,23.079106044037108,2010-07-01,68.55000305175781,159.17999267578125,1370,Long-Term,2091.6591413028195,132.21004462333053
2014Q3,2014-07-01,ADP,5989.1394692012545,2009-01-02,23.08269691467285,54.04725646972656,2006,Long-Term,185451.06577760502,134.14619474282765
2014Q3,2014-07-01,ADP,190.7760987152107,2009-07-01,20.563932418823242,54.04725646972656,1826,Long-Term,6387.817934448521,162.82549158863353
2014Q3,2014-07-01,ADP,279.9632778355092,2009-10-01,22.852758407592773,54.04725646972656,1734,Long-Term,8733.313927908415,136.5021128117711
2014Q3,2014-07-01,ADP,212.55033207148963,2010-04-01,26.332801818847656,54.04725646972656,1552,Long-Term,5890.7165392245515,105.24688881014679
2014Q3,2014-07-01,ADP,190.6636646490957,2011-01-03,28.744348526000977,54.04725646972656,1275,Long-Term,4824.345154829434,88.02741840135148
2014Q3,2014-07-01,ADP,114.93635414765372,2011-04-01,31.797950744628906,54.04725646972656,1187,Long-Term,2557.2540823592435,69.9708792676077
2014Q3,2014-07-01,ADP,578.712920119499,2011-07-01,33.384525299072266,54.04725646972656,1096,Long-Term,11957.789493413542,61.893140566022964
2014Q3,2014-07-01,ADP,300.4950025680588,2011-10-03,29.005388259887695,54.04725646972656,1002,Long-Term,7524.95625202452,86.33522842536784
2014Q3,2014-07-01,ADP,254.98978716323032,2012-04-02,35.442691802978516,54.04725646972656,820,Long-Term,4743.973984638639,52.4919629980942
2014Q3,2014-07-01,ADP,588.2590045799533,2012-07-02,35.60007095336914,54.04725646972656,729,Long-Term,10851.722989154148,51.81783356701879
2014Q3,2014-07-01,ADP,688.9174394642125,2013-07-01,45.582847595214844,54.04725646972656,365,Short-Term,5831.27888840677,18.56928498561
2014Q3,2014-07-01,ADP,217.97079777117065,2014-01-02,53.05073928833008,54.04725646972656,180,Short-Term,217.21164502167008,1.8784227981827482
2014Q3,2014-07-01,AAPL,25630.12814589817,2005-01-03,0.9473070502281189,20.50282859802246,3466,Long-Term,501210.5232298419,2064.3276689522386
2014Q3,2014-07-01,TSLA,1845.9201677815308,2013-10-01,12.866666793823242,15.981332778930664,273,Short-Term,5749.424757812919,24.207248349686378
2014Q3,2014-07-01,META,290.19807674308475,2012-10-01,21.79857635498047,67.46751403808594,638,Long-Term,13253.037882536995,209.5042214656884
2014Q3,2014-07-01,CSCO,701.0910403715703,2001-04-02,9.693685531616211,17.419178009033203,4838,Long-Term,5416.273558375019,79.69613262386216
2014Q4,2014-10-01,META,6662.394115492902,2012-10-01,21.79857635498047,75.88363647460938,730,Long-Term,360335.98627709545,248.11280901503335
2014Q4,2014-10-01,GOOGL,15237.976491852492,2007-01-03,11.598603248596191,28.726774215698242,2828,Long-Term,260998.66654513142,147.67442768744692
2014Q4,2014-10-01,AMZN,23315.24488913243,2002-07-01,0.6775000095367432,15.873000144958496,4475,Long-Term,354286.8068702032,2242.8782171991465
2014Q4,2014-10-01,INTC,13063.712757351585,2002-07-01,10.015429496765137,25.90824317932129,4475,Long-Term,207619.15285502063,158.6832964845825
2014Q4,2014-10-01,MSFT,1021.9346297593074,2005-04-01,16.592941284179688,38.707786560058594,3470,Long-Term,22599.926219189678,133.27863274586525
2014Q4,2014-10-01,MSFT,3398.3236373463037,2005-07-01,17.052736282348633,38.707786560058594,3379,Long-Term,73590.86922666439,126.98871265677876
2014Q4,2014-10-01,MSFT,2887.992695952676,2006-01-03,18.632081985473633,38.707786560058594,3193,Long-Term,57978.488177505096,107.74804764296786
2014Q4,2014-10-01,GILD,3539.9341304486143,2003-10-01,4.871138572692871,72.46827697753906,4018,Long-Term,239289.41735997383,1387.707152980397
2014Q4,2014-10-01,BIDU,899.3974898847165,2010-07-01,68.55000305175781,212.02999877929688,1553,Long-Term,129045.54800601848,209.30705957694315
2014Q4,2014-10-01,CSCO,9037.781359544302,2001-04-02,9.693685531616211,17.65065574645996,4930,Long-Term,71913.35708616406,82.08405553173642
2014Q4,2014-10-01,BIIB,480.7305870095428,2013-07-01,217.8800048828125,323.5,457,Long-Term,50774.762252630586,48.476222117764124
2014Q4,2014-10-01,AAPL,5263.16550594557,2005-01-03,0.9473070502281189,21.85184669494629,3558,Long-Term,110024.05197575233,2206.7332487058125
2014Q4,2014-10-01,AAPL,756.7377531789285,2005-04-01,1.2240593433380127,21.85184669494629,3470,Long-Term,15609.825453508767,1685.1950409002438
2014Q4,2014-10-01,AAPL,1095.2691997555453,2005-07-01,1.0926426649093628,21.85184669494629,3379,Long-Term,22736.916785540634,1899.9078744338572
2014Q4,2014-10-01,AMGN,1237.1331019963925,2001-01-02,42.209197998046875,99.26531219482422,5020,Long-Term,70586.00754411957,135.17459914641702
2014Q4,2014-10-01,AMGN,183.6975522304965,2001-07-02,41.400272369384766,99.26531219482422,4839,Long-Term,10629.666175653425,139.76970805687324
2014Q4,2014-10-01,QCOM,49.80100083958135,2000-04-03,43.15654373168945,53.189083099365234,5294,Long-Term,499.63050147275453,23.24685551755383
2014Q4,2014-10-01,QCOM,636.1443297734188,2000-10-02,21.8657169342041,53.189083099365234,5112,Long-Term,19926.18177538381,143.25332327046922
2014Q4,2014-10-01,QCOM,1834.7969642623377,2001-04-02,15.79084587097168,53.189083099365234,4930,Long-Term,68618.17213541924,236.83492026948824
2014Q4,2014-10-01,TSLA,8028.35691242975,2013-10-01,12.866666793823242,16.016000747680664,365,Short-Term,25283.977018000947,24.476688518655724
2014Q4,2014-10-01,COST,927.966422112711,2001-01-02,27.439123153686523,100.0126953125,5020,Long-Term,67345.8380961528,264.4893998701376
2014Q4,2014-10-01,MDLZ,3186.4979107947247,2007-01-03,14.338997840881348,26.110105514526367,2828,Long-Term,37508.61000980961,82.0915645867864
2014Q4,2014-10-01,SBUX,2775.1036636874287,2012-04-02,21.585765838623047,29.433835983276367,912,Long-Term,21779.208211303358,36.35761734527343
2014Q4,2014-10-01,VOD,4926.222674290662,2010-10-01,9.650005340576172,15.564411163330078,1461,Long-Term,29135.680069007012,61.28914559129949
2015Q1,2015-01-02,AAPL,18007.546089814212,2005-07-01,1.0926426649093628,24.192609786987305,3472,Long-Term,415973.7226240115,2114.1373903785952
2015Q1,2015-01-02,AMZN,10496.554351751773,2002-07-01,0.6775000095367432,15.425999641418457,4568,Long-Term,154808.42799283742,2176.9002840260255
2015Q1,2015-01-02,GOOGL,5281.607988073488,2007-01-03,11.598603248596191,26.244779586791992,2921,Long-Term,77355.36194254785,126.27534561084728
2015Q1,2015-01-02,GOOG,7.958078640513122e-13,2006-01-03,10.745380401611328,25.9399471282959,3286,Long-Term,1.2091955691947986e-11,141.40557298842637
2015Q1,2015-01-02,GOOG,4962.838439478761,2014-10-01,28.08806037902832,25.9399471282959,93,Short-Term,-10660.739013088541,-7.647780664613959
2015Q1,2015-01-02,INTC,1309.3839763099459,2002-07-01,10.015429496765137,27.89645767211914,4568,Long-Term,23413.1317727552,178.53481152385288
2015Q1,2015-01-02,INTC,1712.7269699364924,2003-01-02,9.551675796508789,27.89645767211914,4383,Long-Term,31419.602675960003,192.05825518403284
2015Q1,2015-01-02,CSCO,4282.242028383372,2001-04-02,9.693685531616211,19.60391616821289,5023,Long-Term,42438.0061430068,102.23387796389929
2015Q1,2015-01-02,TSLA,4847.053983402378,2013-10-01,12.866666793823242,14.620667457580566,458,Long-Term,8501.735904155354,13.632129376345922
2015Q1,2015-01-02,GILD,1059.4966314043593,2003-10-01,4.871138572692871,65.1384048461914,4111,Long-Term,63852.965600721254,1237.2316117498888
2015Q1,2015-01-02,BIDU,284.00959140401585,2010-07-01,68.55000305175781,223.0800018310547,1646,Long-Term,43888.001812971175,225.42668402599622
2015Q1,2015-01-02,META,754.1092175598172,2012-10-01,21.79857635498047,77.76707458496094,823,Long-Term,42206.36040820859,256.75299762038344
2015Q1,2015-01-02,COST,495.8240365884949,2001-01-02,27.439123153686523,113.815185546875,5113,Long-Term,42827.327920410404,314.7916276675321
2015Q1,2015-01-02,QCOM,812.2465760291691,2001-04-02,15.79084587097168,53.78965759277344,5023,Long-Term,30864.404714210534,240.63822820065008
2015Q1,2015-01-02,QCOM,176.2101113824035,2001-07-02,17.744007110595703,53.78965759277344,4932,Long-Term,6351.608086315726,203.1426737912731
2015Q1,2015-01-02,AMGN,385.29846973583017,2001-07-02,41.400272369384766,114.76858520507812,4932,Long-Term,28268.698662692317,177.2169810408029
2015Q1,2015-01-02,AMGN,68.83233668322475,2001-10-01,39.27888107299805,114.76858520507812,4841,Long-Term,5196.132730936359,192.18903917294853
2015Q1,2015-01-02,VOD,2736.0587185128093,2010-10-01,9.650005340576172,16.437427520751953,1554,Long-Term,18570.785632297167,70.33594221586748
2015Q1,2015-01-02,SBUX,1264.323942703122,2012-04-02,21.585765838623047,32.260990142822266,1005,Long-Term,13496.941681525348,49.454924990885516
2015Q1,2015-01-02,BIIB,76.07282804978342,2013-07-01,217.8800048828125,342.010009765625,550,Long-Term,9442.920517268973,56.9717285207407
2015Q1,2015-01-02,MDLZ,719.0144213918123,2007-01-03,14.338997840881348,28.57546043395996,2921,Long-Term,10236.2219140286,99.28492040419728
2015Q1,2015-01-02,MSFT,290.8004998442101,2006-01-03,18.632081985473633,39.681739807128906,3286,Long-Term,6121.251016086941,112.97533919218736
2015Q2,2015-04-01,AAPL,18055.399002571005,2005-07-01,1.0926426649093628,27.602615356445312,3561,Long-Term,478648.1344929428,2426.225292395571
2015Q2,2015-04-01,META,579.7447935493764,2012-10-01,21.79857635498047,80.95904541015625,912,Long-Term,34297.973918677155,271.3960218858925
2015Q2,2015-04-01,INTC,1837.0428635598996,2003-01-02,9.551675796508789,23.807884216308594,4472,Long-Term,26189.265939015786,149.25347890273412
2015Q2,2015-04-01,BIIB,90.34543553859356,2013-07-01,217.8800048828125,413.80999755859375,639,Long-Term,17701.380523366905,89.9256417683499
2015Q2,2015-04-01,AMGN,250.2021433181329,2001-10-01,39.27888107299805,113.36294555664062,4930,Long-Term,18535.99171952614,188.61042488954982
2015Q2,2015-04-01,GOOGL,913.4225730523153,2007-01-03,11.598603248596191,27.23301887512207,3010,Long-Term,14280.828149750594,134.79567575016546
2015Q2,2015-04-01,GOOG,808.4290985196651,2014-10-01,28.08806037902832,26.81728172302246,182,Short-Term,-1027.3344432928484,-4.524266321197009
2015Q2,2015-04-01,GILD,295.93751438938034,2003-10-01,4.871138572692871,67.06694793701172,4200,Long-Term,18406.073228712266,1276.8228297380515
2015Q2,2015-04-01,CSCO,802.5176179240023,2001-04-02,9.693685531616211,19.496379852294922,5112,Long-Term,7866.834895468224,101.12453399387637
2015Q2,2015-04-01,SBUX,255.87840191116578,2012-04-02,21.585765838623047,36.982696533203125,1094,Long-Term,3939.742020466126,71.32909163236918
2015Q2,2015-04-01,COST,69.24862457860058,2001-01-02,27.439123153686523,125.05132293701172,5202,Long-Term,6759.510577086844,355.7409587638762
2015Q2,2015-04-01,MDLZ,183.8134669863057,2007-01-03,14.338997840881348,28.315946578979492,3010,Long-Term,2569.1514054396907,97.4750738733569
2015Q3,2015-07-01,MSFT,602.1548037864978,2006-01-03,18.632081985473633,38.23675537109375,3466,Long-Term,11805.048255816459,105.21998239866461
2015Q3,2015-07-01,MSFT,6139.440904484781,2006-07-03,16.57245635986328,38.23675537109375,3285,Long-Term,133006.68351653754,130.72473108874246
2015Q3,2015-07-01,AMZN,8936.60341077996,2002-07-01,0.6775000095367432,21.86949920654297,4748,Long-Term,189384.492305212,3127.9703171512515
2015Q3,2015-07-01,GILD,1205.791721439316,2003-10-01,4.871138572692871,79.90814208984375,4291,Long-Term,90478.99764259337,1540.4407490643157
2015Q3,2015-07-01,INTC,1740.3540356216586,2003-01-02,9.551675796508789,23.48970603942871,4563,Long-Term,24257.107181882413,145.92235477689036
2015Q3,2015-07-01,INTC,1823.9248495570514,2004-04-01,15.748028755187988,23.48970603942871,4108,Long-Term,14120.237575978002,49.15965931094915
2015Q3,2015-07-01,GOOG,3224.071741623734,2014-10-01,28.08806037902832,25.86396598815918,273,Short-Term,-7170.639876305047,-7.91829112034286
2015Q3,2015-07-01,GOOGL,3066.1320797020257,2007-01-03,11.598603248596191,26.926239013671875,3101,Long-Term,46996.55572528666,132.15070329206085
2015Q3,2015-07-01,META,935.4249054746156,2012-10-01,21.79857635498047,86.1534423828125,1003,Long-Term,60199.144470916326,295.2250870875264
2015Q3,2015-07-01,BIDU,325.549496710393,2010-07-01,68.55000305175781,198.7100067138672,1826,Long-Term,42373.52368402261,189.8759998067888
2015Q3,2015-07-01,TSLA,2443.026705062624,2013-10-01,12.866666793823242,17.94333267211914,638,Long-Term,12402.430313357081,39.45595203206006
2015Q3,2015-07-01,CSCO,2194.235076997431,2001-04-02,9.693685531616211,19.71872329711914,5203,Long-Term,21997.289513290474,103.41822759574781
2015Q3,2015-07-01,QCOM,837.5441121458845,2001-07-02,17.744007110595703,46.132015228271484,5112,Long-Term,23776.209054508923,159.9864559382649
2015Q3,2015-07-01,VOD,1917.3963371861448,2010-10-01,9.650005340576172,18.22589111328125,1734,Long-Term,16443.37196871149,88.86923343602045
2015Q3,2015-07-01,MDLZ,948.0652837107286,2007-01-03,14.338997840881348,32.57698059082031,3101,Long-Term,17290.79829013226,127.19147427403452
2015Q3,2015-07-01,CMCSA,1196.813030040168,2015-01-02,20.37992286682129,22.399412155151367,180,Short-Term,2416.9510942999837,9.909209674281085
2015Q3,2015-07-01,COST,198.79758953203665,2001-01-02,27.439123153686523,113.91739654541016,5293,Long-Term,17191.672297167122,315.16412863253265
2015Q3,2015-07-01,BIIB,50.51695587516947,2013-07-01,217.8800048828125,405.4100036621094,730,Long-Term,9473.444673604325,86.07031144512803
2015Q3,2015-07-01,SBUX,411.5012928026776,2012-04-02,21.585765838623047,42.98728561401367,1185,Long-Term,8806.753055515312,99.14644648417915
2015Q3,2015-07-01,AMGN,67.91892381897006,2001-10-01,39.27888107299805,112.39173126220703,5021,Long-Term,4965.746102188656,186.13781297214658
2015Q3,2015-07-01,AMGN,80.97077847759857,2002-04-01,41.21229553222656,112.39173126220703,4839,Long-Term,5763.454322652713,172.71407673547486
2015Q4,2015-10-01,AMZN,33115.70608765194,2002-07-01,0.6775000095367432,26.035999298095703,4840,Long-Term,839764.6092638493,3742.951871823358
2015Q4,2015-10-01,TSLA,1934.8671569911933,2013-10-01,12.866666793823242,15.991999626159668,730,Long-Term,6047.103851954013,24.290151306605452
2015Q4,2015-10-01,MSFT,98.30931279242668,2006-07-03,16.57245635986328,38.627445220947266,3377,Long-Term,2168.2107985777916,133.08219603763033
2015Q4,2015-10-01,MSFT,520.3714334857491,2007-04-02,19.603181838989258,38.627445220947266,3104,Long-Term,9899.683207079934,97.0468138193779
2015Q4,2015-10-01,CMCSA,821.9870204224286,2015-01-02,20.37992286682129,20.657835006713867,272,Short-Term,228.44017180952144,1.3636564853982924
2015Q4,2015-10-01,VOD,560.0079551712278,2010-10-01,9.650005340576172,15.46681022644043,1826,Long-Term,3257.45700976285,60.27773747860905
2015Q4,2015-10-01,BIIB,14.868720264774355,2013-07-01,217.8800048828125,287.29998779296875,822,Long-Term,1032.1863066765297,31.86156662126661
2015Q4,2015-10-01,CSCO,93.59310988701746,2001-04-02,9.693685531616211,18.70033836364746,5295,Long-Term,842.9606482225178,92.91257491957846
2015Q4,2015-10-01,QCOM,1.2573622703225658,2001-07-02,17.744007110595703,39.33181381225586,5204,Long-Term,27.143693645684113,121.66252282873104
2016Q1,2016-01-04,AMZN,3948.8699436963507,2002-07-01,0.6775000095367432,31.84950065612793,4935,Long-Term,123094.17643820714,4601.033241004054
2016Q1,2016-01-04,AMZN,7137.070163011328,2003-07-01,1.8624999523162842,31.84950065612793,4570,Long-Term,214019.3280013738,1610.0403474651657
2016Q1,2016-01-04,AMZN,391.7733491355986,2003-10-01,2.4560000896453857,31.84950065612793,4478,Long-Term,11515.590159749981,1196.8037253095777
2016Q1,2016-01-04,AMZN,11380.348431585555,2004-04-01,2.236999988555908,31.84950065612793,4295,Long-Term,337000.57552752947,1323.7595359438658
2016Q1,2016-01-04,AMZN,3178.4276348375934,2005-01-03,2.2260000705718994,31.84950065612793,4018,Long-Term,94156.15290175892,1330.795132362472
2016Q1,2016-01-04,MSFT,3505.1795136368805,2007-04-02,19.603181838989258,47.770721435546875,3199,Long-Term,98732.2827434094,143.68861049145855
2016Q1,2016-01-04,MSFT,3532.9027850267635,2007-07-02,21.08461570739746,47.770721435546875,3108,Long-Term,94279.41724849773,126.56671621853033
2016Q1,2016-01-04,MSFT,4268.034549309348,2007-10-01,21.179866790771484,47.770721435546875,3017,Long-Term,113490.68631956432,125.54778983011164
2016Q1,2016-01-04,SBUX,129.05954142213977,2012-04-02,21.585765838623047,46.752174377441406,1372,Long-Term,3247.96514526212,116.58798083405746
2016Q1,2016-01-04,AMGN,30.62917486459109,2002-04-01,41.21229553222656,115.93900299072266,5026,Long-Term,2288.81738980142,181.32139084575488
2016Q1,2016-01-04,TSLA,59.63575779163303,2013-10-01,12.866666793823242,14.894000053405762,825,Long-Term,120.90155523138503,15.756475955029464
2016Q2,2016-04-01,BIIB,2864.8608313096765,2013-07-01,217.8800048828125,260.5400085449219,1005,Long-Term,122214.97355510452,19.579586334714012
2016Q2,2016-04-01,BIIB,59.216433376917095,2014-01-02,280.3299865722656,260.5400085449219,820,Long-Term,-1171.8919153868544,-7.05952947429052
2016Q2,2016-04-01,BIIB,141.61061617371283,2014-07-01,324.739990234375,260.5400085449219,640,Long-Term,-9091.398965384538,-19.769656839343376
2016Q2,2016-04-01,BIIB,41.180350160130516,2016-01-04,294.6199951171875,260.5400085449219,88,Short-Term,-1403.4257804984445,-11.567438441749358
2016Q2,2016-04-01,AAPL,7491.781862076776,2005-07-01,1.0926426649093628,24.887657165527344,3927,Long-Term,178267.05804358365,2177.7489809618437
2016Q2,2016-04-01,AAPL,5456.999357985666,2007-01-03,2.5085878372192383,24.887657165527344,3376,Long-Term,122122.56695689405,892.0982951553824
2016Q2,2016-04-01,AAPL,1279.8158507786038,2007-04-02,2.8034520149230957,24.887657165527344,3287,Long-Term,28263.7158035898,787.7504245853861
2016Q2,2016-04-01,MSFT,2326.646874495308,2007-10-01,21.179866790771484,48.789764404296875,3105,Long-Term,64238.481987644314,130.35916555223855
2016Q2,2016-04-01,MSFT,439.9133916493838,2008-04-01,21.138980865478516,48.789764404296875,2922,Long-Term,12163.949968324536,130.80471435580932
2016Q2,2016-04-01,INTC,3424.757171158857,2004-04-01,15.748028755187988,25.87141990661621,4383,Long-Term,34670.15644229992,64.28354499983497
2016Q2,2016-04-01,GOOG,2211.8746091519133,2014-10-01,28.08806037902832,37.16779708862305,548,Long-Term,20083.239085737114,32.3259655065895
2016Q2,2016-04-01,GOOGL,1897.3540859636669,2007-01-03,11.598603248596191,38.14525604248047,3376,Long-Term,50368.40014713513,228.87801423069877
2016Q2,2016-04-01,KHC,1045.8073297720725,2015-07-01,44.39780807495117,49.61796951293945,275,Short-Term,5459.283094441666,11.75770080625545
2016Q2,2016-04-01,QCOM,580.7907084062825,2001-07-02,17.744007110595703,38.35894775390625,5387,Long-Term,11972.965979981798,116.1797361487783
2016Q2,2016-04-01,QCOM,704.0127109639253,2002-01-02,15.959480285644531,38.35894775390625,5203,Long-Term,15769.509816479185,140.35211089179342
2016Q2,2016-04-01,VOD,2815.598246008563,2010-10-01,9.650005340576172,16.09366798400879,2009,Long-Term,18142.765236719777,66.77366919517048
2016Q2,2016-04-01,CMCSA,1961.9901954314344,2015-01-02,20.37992286682129,22.45735740661621,455,Long-Term,4075.9061987282507,10.19353484981538
2016Q2,2016-04-01,COST,56.99487784357771,2001-01-02,27.439123153686523,133.14419555664062,5568,Long-Term,6024.647689052907,385.2348772622945
2016Q2,2016-04-01,COST,245.92812116318814,2001-07-02,28.206932067871094,133.14419555664062,5387,Long-Term,25807.02404979951,372.0265048189965
2016Q2,2016-04-01,META,350.2257840758866,2012-10-01,21.79857635498047,115.04969024658203,1278,Long-Term,32658.94447863596,427.78533961597833
2016Q2,2016-04-01,CSCO,1705.376014513979,2001-04-02,9.693685531616211,21.014127731323242,5478,Long-Term,19305.61060107224,116.78161172842991
2016Q2,2016-04-01,BIDU,142.53338822583245,2010-07-01,68.55000305175781,190.3300018310547,2101,Long-Term,17357.715844150924,177.65133969045695
2016Q3,2016-07-01,AMZN,817.0412041430418,2005-01-03,2.2260000705718994,36.284000396728516,4197,Long-Term,27826.78959718711,1530.0089508715291
2016Q3,2016-07-01,AMZN,30443.74477309084,2005-07-01,1.6454999446868896,36.284000396728516,4018,Long-Term,1054525.667084547,2105.0441577883335
2016Q3,2016-07-01,AMZN,734.0987836849272,2007-01-03,1.934999942779541,36.284000396728516,3467,Long-Term,25215.559454036953,1775.1421948162008
2016Q3,2016-07-01,META,222.52960580530296,2012-10-01,21.79857635498047,113.19596099853516,1369,Long-Term,20338.623976365874,419.2814390957807
2016Q3,2016-07-01,MDLZ,649.5956135781043,2007-01-03,14.338997840881348,35.8938102722168,3467,Long-Term,14001.911606894302,150.32300493052156
2016Q3,2016-07-01,AVGO,1613.4847309453646,2016-04-01,12.058606147766113,11.822210311889648,91,Short-Term,-381.4210716457425,-1.960391051666098
2016Q3,2016-07-01,SBUX,271.94479750831454,2012-04-02,21.585765838623047,46.04303741455078,1551,Long-Term,6651.027766321525,113.3027744244624
2016Q3,2016-07-01,AMGN,9.26166088826893,2002-04-01,41.21229553222656,114.50060272216797,5205,Long-Term,678.771448268519,177.83116966302578
2016Q3,2016-07-01,TSLA,53.38361792366547,2013-10-01,12.866666793823242,14.433333396911621,1004,Long-Term,83.63433135303688,12.176165188644438
2016Q4,2016-10-03,AAPL,5443.990206954939,2007-04-02,2.8034520149230957,25.753904342651367,3472,Long-Term,124942.0377173389,818.6497291753305
2016Q4,2016-10-03,AAPL,6773.780689096782,2007-10-01,4.680105209350586,25.753904342651367,3290,Long-Term,142749.29361505734,450.2847305910243
2016Q4,2016-10-03,AMZN,4431.557069727855,2007-01-03,1.934999942779541,41.83700180053711,3561,Long-Term,176827.99842903958,2062.119020036772
2016Q4,2016-10-03,AMZN,573.9768202682035,2007-04-02,2.0209999084472656,41.83700180053711,3472,Long-Term,22853.462161814503,1970.113987916035
2016Q4,2016-10-03,GILD,315.9982411903074,2003-10-01,4.871138572692871,55.0913200378418,4751,Long-Term,15869.489015245135,1030.9741904424232
2016Q4,2016-10-03,MSFT,23.376352708373986,2008-04-01,21.138980865478516,51.083072662353516,3107,Long-Term,699.9836513756782,141.65343157945645
2017Q1,2017-01-03,MSFT,1316.1855361553792,2008-04-01,21.138980865478516,56.04970169067383,3199,Long-Term,45948.98580688045,165.14855208657218
2017Q1,2017-01-03,MSFT,5445.022622585229,2008-07-01,19.32526969909668,56.04970169067383,3108,Long-Term,199965.3629957303,190.03321849264415
2017Q1,2017-01-03,MSFT,4531.954573340659,2009-01-02,14.779369354248047,56.04970169067383,2923,Long-Term,187035.2713753537,279.2428509445392
2017Q1,2017-01-03,AAPL,5217.17412961509,2007-10-01,4.680105209350586,26.721233367919922,3382,Long-Term,114992.40361641864,470.95368955664514
2017Q1,2017-01-03,AAPL,5166.610526606122,2008-01-02,5.832618236541748,26.721233367919922,3289,Long-Term,107923.33882400239,358.1344481027335
2017Q1,2017-01-03,TSLA,3066.2471726567624,2013-10-01,12.866666793823242,14.465999603271484,1190,Long-Term,4903.949705107869,12.430047618984087
2017Q1,2017-01-03,CMCSA,596.2830429434842,2015-01-02,20.37992286682129,25.487323760986328,732,Long-Term,3045.456546705002,25.06094320150709
2017Q1,2017-01-03,SBUX,81.21287359738774,2012-04-02,21.585765838623047,45.0816535949707,1737,Long-Term,1908.1685624146724,108.84898841210841
2017Q2,2017-04-03,BIDU,3352.2154208210554,2010-07-01,68.55000305175781,175.0,2468,Long-Term,356843.32131625176,155.2880995028818
2017Q2,2017-04-03,BIDU,427.5789422974083,2011-01-03,99.7300033569336,175.0,2282,Long-Term,32183.865551371804,75.47377329736484
2017Q2,2017-04-03,BIDU,396.62568236062356,2011-07-01,143.35000610351562,175.0,2103,Long-Term,12553.200425902685,22.078822845413303
2017Q2,2017-04-03,BIDU,192.5783878082315,2011-10-03,105.16000366210938,175.0,2009,Long-Term,13449.673899283769,66.41307902792985
2017Q2,2017-04-03,BIDU,74.82748293300419,2012-01-03,124.29000091552734,175.0,1917,Long-Term,3794.501591026036,40.79974150047459
2017Q2,2017-04-03,BIDU,300.77375669187785,2012-07-02,112.69000244140625,175.0,1736,Long-Term,18741.21204515998,55.293279091898285
2017Q2,2017-04-03,BIDU,169.78123176009947,2013-01-02,104.12000274658203,175.0,1552,Long-Term,12034.09324083777,68.0752932997255
2017Q2,2017-04-03,BIDU,272.7780696135475,2013-07-01,92.5,175.0,1372,Long-Term,22504.190743117666,89.1891891891892
2017Q2,2017-04-03,BIDU,138.820322892619,2014-01-02,179.99000549316406,175.0,1187,Long-Term,-692.7141737969777,-2.7723792104409823
2017Q2,2017-04-03,BIDU,9.658816963701234,2014-07-01,191.27999877929688,175.0,1007,Long-Term,-157.24552837850806,-8.511082644914223
2017Q2,2017-04-03,BIDU,206.75585734786114,2015-04-01,211.07000732421875,175.0,733,Long-Term,-7457.685288862478,-17.08912023147496
2017Q2,2017-04-03,BIDU,101.13593741970037,2015-10-01,137.52999877929688,175.0,550,Long-Term,3789.5636985731276,27.24496586438106
2017Q2,2017-04-03,BIDU,50.77683754864929,2016-01-04,184.02999877929688,175.0,455,Long-Term,-458.5147810808588,-4.906808041729302
2017Q2,2017-04-03,BIDU,95.32733099297053,2016-07-01,165.19000244140625,175.0,276,Short-Term,935.1608843082993,5.938614573284123
2017Q2,2017-04-03,BIDU,162.13409276433035,2016-10-03,183.5399932861328,175.0,182,Short-Term,-1384.6240636606158,-4.652933201767771
2017Q2,2017-04-03,BIDU,57.242060583044946,2017-01-03,168.3000030517578,175.0,90,Short-Term,383.52163121749555,3.980984448456437
2017Q2,2017-04-03,AAPL,3085.7662141014025,2008-01-02,5.832618236541748,33.20266342163086,3379,Long-Term,84457.56071057674,469.2583000480629
2017Q2,2017-04-03,AAPL,5442.018988645341,2008-04-01,4.47624397277832,33.20266342163086,3289,Long-Term,156329.72011644635,641.7527646738744
2017Q2,2017-04-03,AAPL,1117.409990781329,2010-01-04,6.406480312347412,33.20266342163086,2646,Long-Term,29942.32272111922,418.2668454882834
2017Q2,2017-04-03,AAPL,8511.494255875657,2011-07-01,10.275634765625,33.20266342163086,2103,Long-Term,195143.27270989047,223.12031498728885
2017Q2,2017-04-03,AMZN,4664.851918126212,2007-04-02,2.0209999084472656,44.57550048828125,3654,Long-Term,198510.44365474157,2105.6161557438472
2017Q2,2017-04-03,GILD,101.859948003472,2003-10-01,4.871138572692871,48.046321868896484,4933,Long-Term,4397.821925591673,886.3468499590524
2017Q3,2017-07-03,AMZN,3389.003280882802,2007-04-02,2.0209999084472656,47.68299865722656,3745,Long-Term,154748.66357127944,2259.3765867046186
2017Q3,2017-07-03,AMZN,4577.912373540667,2008-01-02,4.8125,47.68299865722656,3470,Long-Term,196257.38626277604,890.8155565137987
2017Q3,2017-07-03,META,2083.2513105195426,2012-10-01,21.79857635498047,147.1378936767578,1736,Long-Term,261113.29707021746,574.9885464109229
2017Q3,2017-07-03,GOOGL,5961.991926709162,2007-01-03,11.598603248596191,45.568931579589844,3834,Long-Term,202530.82325704367,292.8829239426322
2017Q3,2017-07-03,GOOG,5629.791655953768,2014-10-01,28.08806037902832,44.54228591918945,1006,Long-Term,92633.86165118053,58.58085363717931
2017Q3,2017-07-03,TSLA,10511.624325735644,2013-10-01,12.866666793823242,23.507999420166016,1371,Long-Term,111857.69089330906,82.70465690034999
2017Q3,2017-07-03,INTC,2657.957029299163,2004-04-01,15.748028755187988,27.71599006652832,4841,Long-Term,31810.326893857462,75.99656755387647
2017Q3,2017-07-03,INTC,1200.0428654990824,2004-07-01,15.564663887023926,27.71599006652832,4750,Long-Term,14582.112288066472,78.06995555898133
2017Q3,2017-07-03,MSFT,17.89005407390505,2009-01-02,14.779369354248047,61.77864456176758,3104,Long-Term,840.8195748968693,318.00595871846514
2017Q3,2017-07-03,MSFT,1588.9378628945992,2009-04-01,14.134111404418945,61.77864456176758,3015,Long-Term,75704.2026936484,337.0889884344116
2017Q3,2017-07-03,CMCSA,3318.2131338562476,2015-01-02,20.37992286682129,28.554025650024414,913,Long-Term,27123.415212715518,40.10860510424523
2017Q3,2017-07-03,AVGO,3944.113906231367,2016-04-01,12.058606147766113,17.92365837097168,458,Long-Term,23132.43403431827,48.63789522051918
2017Q3,2017-07-03,KHC,1065.843332197791,2015-07-01,44.39780807495117,54.83735275268555,733,Long-Term,11126.919085944119,23.51364882723629
2017Q3,2017-07-03,COST,240.95447163131465,2001-07-02,28.206932067871094,141.02659606933594,5845,Long-Term,27184.402529095412,399.9714103256599
2017Q3,2017-07-03,CSCO,1377.5047906435925,2001-04-02,9.693685531616211,23.97109603881836,5936,Long-Term,19667.201371656123,147.28567850314514
2017Q3,2017-07-03,SBUX,641.1335198640834,2012-04-02,21.585765838623047,47.853759765625,1918,Long-Term,16841.291406187127,121.69127620202882
2017Q3,2017-07-03,AMGN,226.37027584629683,2002-04-01,41.21229553222656,131.70326232910156,5572,Long-Term,20484.46511540668,219.5727406790875
2017Q3,2017-07-03,MDLZ,639.7561699163518,2007-01-03,14.338997840881348,34.974815368652344,3834,Long-Term,13201.891584659494,143.9139454288572
2017Q3,2017-07-03,GILD,335.0197425624109,2003-10-01,4.871138572692871,51.03139114379883,5024,Long-Term,15464.595932987784,947.6275799230152
2017Q3,2017-07-03,VOD,989.4272216000302,2010-10-01,9.650005340576172,15.943361282348633,2467,Long-Term,6226.817684007968,65.21608765655567
2017Q3,2017-07-03,QCOM,311.9702488217834,2002-01-02,15.959480285644531,43.32996368408203,5661,Long-Term,8538.77651618304,171.4998415271524
2017Q4,2017-10-02,QCOM,969.2163858594429,2002-01-02,15.959480285644531,41.36228942871094,5752,Long-Term,24620.818868320035,159.1706539837397
2017Q4,2017-10-02,QCOM,1100.2159808939432,2002-04-01,12.062366485595703,41.36228942871094,5663,Long-Term,32236.24346097648,242.90360418168183
2017Q4,2017-10-02,QCOM,129.12056400203977,2003-04-01,11.03891372680664,41.36228942871094,5298,Long-Term,3915.3713730756313,274.69528662288315
2017Q4,2017-10-02,QCOM,704.4889451507748,2003-10-01,13.047679901123047,41.36228942871094,5115,Long-Term,19947.329398446473,217.0087689317913
2017Q4,2017-10-02,QCOM,71.52398633031895,2004-01-02,16.545503616333008,41.36228942871094,5022,Long-Term,1774.9954492069724,149.99111775527865
2017Q4,2017-10-02,QCOM,649.9787969506951,2004-07-01,22.291263580322266,41.36228942871094,4841,Long-Term,12395.762437551279,85.55381250448147
2017Q4,2017-10-02,QCOM,4176.45576264351,2005-07-01,20.955881118774414,41.36228942871094,4476,Long-Term,85226.4615808908,97.3779541612993
2017Q4,2017-10-02,QCOM,208.1098014558036,2006-04-03,32.11716842651367,41.36228942871094,4200,Long-Term,1924.0002962021529,28.78560425820461
2017Q4,2017-10-02,QCOM,958.3024776493022,2007-01-03,23.72127342224121,41.36228942871094,3925,Long-Term,16905.429347250938,74.3679131067618
2017Q4,2017-10-02,QCOM,440.74709088009513,2007-04-02,27.36167335510254,41.36228942871094,3836,Long-Term,6170.730804972001,51.16871286308772
2017Q4,2017-10-02,QCOM,1440.8034571268652,2008-01-02,24.638614654541016,41.36228942871094,3561,Long-Term,24095.52843048937,67.8758729281383
2017Q4,2017-10-02,QCOM,846.6188682170394,2008-07-01,29.598773956298828,41.36228942871094,3380,Long-Term,9959.214155507172,39.74325250694633
2017Q4,2017-10-02,QCOM,47.5342967164668,2009-04-01,25.953012466430664,41.36228942871094,3106,Long-Term,732.4691433112466,59.37375085921778
2017Q4,2017-10-02,QCOM,21.120124454721367,2009-07-01,29.653711318969727,41.36228942871094,3015,Long-Term,247.28662686556063,39.484359929851806
2017Q4,2017-10-02,QCOM,542.0354826824705,2010-01-04,31.051464080810547,41.36228942871094,2828,Long-Term,5588.83319430384,33.20560125946642
2017Q4,2017-10-02,QCOM,549.1916026703176,2010-04-01,28.08608627319336,41.36228942871094,2741,Long-Term,7291.179288355426,47.269680176796264
2017Q4,2017-10-02,QCOM,781.621413343756,2011-01-03,33.82296371459961,41.36228942871094,2464,Long-Term,5892.898420322619,22.29055318075806
2017Q4,2017-10-02,QCOM,29.14900238251091,2011-04-01,36.83473205566406,41.36228942871094,2376,Long-Term,131.9737806538982,12.291544203999916
2017Q4,2017-10-02,QCOM,1770.7326533464427,2011-07-01,39.29073715209961,41.36228942871094,2285,Long-Term,3668.165259309841,5.272368061184693
2017Q4,2017-10-02,QCOM,734.8112808884579,2011-10-03,32.49163055419922,41.36228942871094,2191,Long-Term,6518.2602099045225,27.301365684663292
2017Q4,2017-10-02,QCOM,368.37588886262137,2012-04-02,46.92770004272461,41.36228942871094,2009,Long-Term,-2050.1630818227536,-11.85954267723909
2017Q4,2017-10-02,QCOM,1756.0940906208357,2012-07-02,38.40308380126953,41.36228942871094,1918,Long-Term,5196.643515281776,7.705645834993023
2017Q4,2017-10-02,QCOM,175.28931080386818,2013-01-02,45.028541564941406,41.36228942871094,1734,Long-Term,-642.6548101930483,-8.142062809080544
2017Q4,2017-10-02,QCOM,1766.182163551868,2013-07-01,42.7852897644043,41.36228942871094,1554,Long-Term,-2513.277811629932,-3.325910245154493
2017Q4,2017-10-02,QCOM,403.9514282929159,2014-01-02,51.97869110107422,41.36228942871094,1369,Long-Term,-4288.510618882448,-20.424526757934995
2017Q4,2017-10-02,QCOM,347.7740506478481,2014-07-01,57.08491516113281,41.36228942871094,1189,Long-Term,-5467.921237784445,-27.542522727837703
2017Q4,2017-10-02,QCOM,52.8779484374641,2015-04-01,50.570465087890625,41.36228942871094,915,Long-Term,-486.9094377092155,-18.208603862305857
2017Q4,2017-10-02,QCOM,1122.2169346136395,2016-01-04,37.43459701538086,41.36228942871094,637,Long-Term,4407.722940192528,10.49214557249353
2017Q4,2017-10-02,QCOM,170.04116387036177,2016-07-01,40.34081268310547,41.36228942871094,458,Long-Term,173.69309468926335,2.532117420711403
2017Q4,2017-10-02,QCOM,222.22658145495558,2016-10-03,51.51417541503906,41.36228942871094,364,Short-Term,-2256.018918062169,-19.70697561309383
2017Q4,2017-10-02,QCOM,406.078754540811,2017-01-03,50.59423065185547,41.36228942871094,272,Short-Term,-3748.895193888503,-18.24702363135146
2017Q4,2017-10-02,QCOM,610.0654245913875,2017-04-03,44.11771011352539,41.36228942871094,182,Short-Term,-1680.986890009221,-6.245611292435846
2017Q4,2017-10-02,MDLZ,8507.90085501915,2007-01-03,14.338997840881348,33.45607376098633,3925,Long-Term,162646.18656612717,133.32225956266655
2017Q4,2017-10-02,MDLZ,563.7949038918933,2007-07-02,14.521665573120117,33.45607376098633,3745,Long-Term,10675.122844527908,130.387303663804
2017Q4,2017-10-02,MDLZ,235.2783971335723,2007-10-01,14.300878524780273,33.45607376098633,3654,Long-Term,4506.8036319552,133.9441853380848
2017Q4,2017-10-02,MDLZ,1669.204832964539,2008-01-02,13.317998886108398,33.45607376098633,3561,Long-Term,33614.571907747995,151.20946507874652
2017Q4,2017-10-02,MDLZ,192.5105663599768,2008-07-01,12.014790534973145,33.45607376098633,3380,Long-Term,4127.673577324468,178.45740351112255
2017Q4,2017-10-02,MDLZ,1474.103622209496,2008-10-01,14.269550323486328,33.45607376098633,3288,Long-Term,28282.923696826143,134.45780001855277
2017Q4,2017-10-02,MDLZ,609.1285291832558,2009-04-01,9.967363357543945,33.45607376098633,3106,Long-Term,14307.643620460296,235.6562067707164
2017Q4,2017-10-02,MDLZ,1391.360558365881,2009-07-01,11.759169578552246,33.45607376098633,3015,Long-Term,30188.2167180825,184.510513582587
2017Q4,2017-10-02,MDLZ,710.3360790220062,2010-04-01,13.830768585205078,33.45607376098633,2741,Long-Term,13940.562328174738,141.89598397861022
2017Q4,2017-10-02,MDLZ,730.6438023048088,2011-04-01,14.960330963134766,33.45607376098633,2376,Long-Term,13513.799844274048,123.63190923669238
2017Q4,2017-10-02,MDLZ,1358.283386113383,2011-07-01,16.929492950439453,33.45607376098633,2285,Long-Term,22447.780144226064,97.62005784182615
2017Q4,2017-10-02,MDLZ,1467.6688968808187,2011-10-03,15.920953750610352,33.45607376098633,2191,Long-Term,25735.75024230128,110.13862790540261
2017Q4,2017-10-02,MDLZ,1034.0661944309022,2012-04-02,18.75675392150879,33.45607376098633,2009,Long-Term,15200.0697271312,78.36814355506098
2017Q4,2017-10-02,MDLZ,2171.466990031702,2012-07-02,19.14818000793457,33.45607376098633,1918,Long-Term,31069.118981632695,74.72195136625461
2017Q4,2017-10-02,MDLZ,2281.7337210965325,2013-07-01,22.015766143798828,33.45607376098633,1554,Long-Term,26103.73566985424,51.96415851469192
2017Q4,2017-10-02,MDLZ,1113.5238904507346,2014-01-02,26.603271484375,33.45607376098633,1369,Long-Term,7630.759051541897,25.75924649205723
2017Q4,2017-10-02,MDLZ,678.704774480882,2014-07-01,29.170969009399414,33.45607376098633,1189,Long-Term,2908.321054052752,14.689620870003242
2017Q4,2017-10-02,MDLZ,309.1243352193267,2015-10-01,33.17851257324219,33.45607376098633,732,Long-Term,85.80091764409421,0.8365691112023756
2017Q4,2017-10-02,MDLZ,122.073348289267,2016-01-04,34.55076599121094,33.45607376098633,637,Long-Term,-133.63274588976319,-3.1683587869023757
2017Q4,2017-10-02,MDLZ,85.16615545936857,2016-04-01,32.67966079711914,33.45607376098633,549,Long-Term,66.124107181382,2.375829322976424
2017Q4,2017-10-02,MDLZ,710.6291174791644,2016-10-03,34.98956298828125,33.45607376098633,364,Short-Term,-1089.742096256396,-4.382704716285025
2017Q4,2017-10-02,MDLZ,241.2302494621336,2017-01-03,35.9965705871582,33.45607376098633,272,Short-Term,-612.8446831352001,-7.05760794634753
2017Q4,2017-10-02,MDLZ,898.3158496173456,2017-04-03,34.70277786254883,33.45607376098633,182,Short-Term,-1119.9340542165467,-3.5925196147134395
2017Q4,2017-10-02,META,980.6875949021154,2012-10-01,21.79857635498047,167.99473571777344,1827,Long-Term,143372.75990942382,670.6683821092314
2017Q4,2017-10-02,MSFT,1226.9393983552225,2009-04-01,14.134111404418945,67.97508239746094,3106,Long-Term,66059.60855706393,380.9292954646511
2018Q1,2018-01-02,AMZN,15198.435507082837,2008-01-02,4.8125,59.45050048828125,3653,Long-Term,830412.1266571032,1135.335075081169
2018Q1,2018-01-02,MSFT,4726.959896248013,2009-04-01,14.134111404418945,78.69990539550781,3198,Long-Term,305199.918865288,456.80829974852725
2018Q1,2018-01-02,MSFT,428.9195465442699,2009-10-01,18.42981719970703,78.69990539550781,3015,Long-Term,25851.018899126026,327.02488333285726
2018Q1,2018-01-02,INTC,5714.719195137631,2004-07-01,15.564663887023926,39.33038330078125,4933,Long-Term,135814.41292005402,152.690219244442
2018Q1,2018-01-02,GOOG,2011.3160440639751,2014-10-01,28.08806037902832,52.78461456298828,1189,Long-Term,49672.57566329396,87.92545249012426
2018Q1,2018-01-02,GOOGL,1968.9277054710108,2007-01-03,11.598603248596191,53.18885803222656,4017,Long-Term,81888.20492108808,358.57985562756573
2018Q1,2018-01-02,CSCO,2578.663643066589,2001-04-02,9.693685531616211,30.269542694091797,6119,Long-Term,53058.21478980706,212.26041525039042
2018Q1,2018-01-02,KHC,1441.0165773688616,2015-07-01,44.39780807495117,50.76649856567383,916,Long-Term,9177.388573262777,14.344605661547991
2018Q1,2018-01-02,COST,380.22270828056435,2001-07-02,28.206932067871094,168.25404357910156,6028,Long-Term,53249.092025670245,496.49891443086125
2018Q1,2018-01-02,GILD,1027.109923989556,2003-10-01,4.871138572692871,54.18790817260742,5207,Long-Term,50653.74347517868,1012.4279747732812
2018Q1,2018-01-02,SBUX,988.702719142941,2012-04-02,21.585765838623047,47.81009292602539,2101,Long-Term,25928.06349900858,121.48898159767674
2018Q1,2018-01-02,AMGN,318.04664601604753,2002-04-01,41.21229553222656,136.74256896972656,5755,Long-Term,30383.083059792792,231.80041830671308
2018Q1,2018-01-02,NVDA,5.820766091346741e-11,2002-01-02,0.5135644674301147,4.922530174255371,5844,Long-Term,2.5663558084199067e-10,858.5028728501788
2018Q1,2018-01-02,NVDA,6270.055319534984,2017-07-03,3.4350483417510986,4.922530174255371,183,Short-Term,9326.59337660506,43.303082941359506
2018Q1,2018-01-02,VOD,1424.169888541812,2010-10-01,9.650005340576172,18.233381271362305,2650,Long-Term,12224.18554266016,88.94685161152093
2018Q1,2018-01-02,TSLA,1031.0155393855432,2013-10-01,12.866666793823242,21.368667602539062,1554,Long-Term,8765.694949654466,66.07772583958793
2018Q2,2018-04-02,AMZN,9094.788953842153,2008-01-02,4.8125,68.59950256347656,3743,Long-Term,580129.3263130077,1325.4442091112014
2018Q2,2018-04-02,AMZN,9100.611895838234,2009-10-01,4.552000045776367,68.59950256347656,3105,Long-Term,582871.4633113117,1407.018933954702
2018Q2,2018-04-02,AMZN,1080.4664252679831,2010-04-01,6.5904998779296875,68.59950256347656,2923,Long-Term,66998.6454660856,940.8846648067329
2018Q2,2018-04-02,AMZN,5037.871698407416,2010-07-01,5.547999858856201,68.59950256347656,2832,Long-Term,317645.38101766555,1136.4726804016054
2018Q2,2018-04-02,INTC,2221.858785322206,2004-07-01,15.564663887023926,41.34675598144531,5023,Long-Term,57284.16782397636,165.64502954616069
2018Q2,2018-04-02,INTC,3656.5388760101177,2004-10-01,12.030389785766602,41.34675598144531,4931,Long-Term,107196.43269784804,243.68592138521979
2018Q2,2018-04-02,META,1439.2908001485046,2012-10-01,21.79857635498047,154.03729248046875,2009,Long-Term,190329.967542865,606.6392317187943
2018Q2,2018-04-02,MSFT,2577.390293099641,2009-10-01,18.42981719970703,81.43385314941406,3105,Long-Term,162385.9906828757,341.85925593829853
2018Q2,2018-04-02,NVDA,27712.17013401131,2017-07-03,3.4350483417510986,5.461756706237793,273,Short-Term,56164.48700867908,59.00086877535852
2018Q2,2018-04-02,GOOGL,2063.4226848972194,2007-01-03,11.598603248596191,50.186485290527344,4107,Long-Term,79623.11116745877,332.6942151125097
2018Q2,2018-04-02,GOOG,1923.8129896793212,2014-10-01,28.08806037902832,49.88369369506836,1279,Long-Term,41930.72249168521,77.59750236194144
2018Q2,2018-04-02,CSCO,288.0113440569876,2001-04-02,9.693685531616211,32.182518005371094,6209,Long-Term,6477.038867038573,231.99465673202377
2018Q2,2018-04-02,CSCO,2635.8353126508455,2001-07-02,12.369303703308105,32.182518005371094,6118,Long-Term,52224.3699144964,160.1805144194499
2018Q2,2018-04-02,AVGO,5063.134999293399,2016-04-01,12.058606147766113,18.21528434753418,731,Long-Term,31172.092872632376,51.05630057341749
2018Q2,2018-04-02,TSLA,4776.901001592997,2013-10-01,12.866666793823242,16.832000732421875,1644,Long-Term,18942.007662942513,30.81865724930583
2018Q2,2018-04-02,GILD,1030.9231315482368,2003-10-01,4.871138572692871,53.86445617675781,5297,Long-Term,50508.34440931999,1005.7878024393868
2018Q2,2018-04-02,GILD,27.7937448087107,2004-01-02,4.9775190353393555,53.86445617675781,5204,Long-Term,1358.7510553880654,982.1546998480834
2018Q2,2018-04-02,CMCSA,1727.215760420026,2015-01-02,20.37992286682129,25.154773712158203,1186,Long-Term,8247.197633720802,23.429189975544105
2018Q2,2018-04-02,AMGN,174.64696103905766,2002-04-01,41.21229553222656,129.25277709960938,5845,Long-Term,15376.00255415858,213.62673549338754
2018Q2,2018-04-02,AMGN,33.22773954443545,2003-04-01,39.28559875488281,129.25277709960938,5480,Long-Term,2989.4059695863475,229.00803652265714
2018Q2,2018-04-02,TXN,317.929103497383,2018-01-02,83.3834228515625,79.93736267089844,90,Short-Term,-1095.602823836555,-4.132788104415754
2018Q2,2018-04-02,COST,154.0430013010639,2001-07-02,28.206932067871094,163.71444702148438,6118,Long-Term,20873.984302303386,480.40501046890586
2018Q2,2018-04-02,SBUX,135.55934634274982,2012-04-02,21.585765838623047,46.90999221801758,2191,Long-Term,3432.9355746265446,117.31910078484368
2018Q3,2018-07-02,SBUX,17316.579318616677,2012-04-02,21.585765838623047,41.13512420654297,2282,Long-Term,338528.014806148,90.56597071455572
2018Q3,2018-07-02,SBUX,1324.5188324478038,2012-07-02,20.16957664489746,41.13512420654297,2191,Long-Term,27769.262577979607,103.94639377296704
2018Q3,2018-07-02,SBUX,23.73863875823058,2013-04-01,21.985963821411133,41.13512420654297,1918,Long-Term,454.5750009060642,87.09720683922593
2018Q3,2018-07-02,SBUX,1923.3035322988296,2013-07-01,25.694766998291016,41.13512420654297,1827,Long-Term,29696.493558586677,60.09144667191926
2018Q3,2018-07-02,SBUX,350.03212412803464,2014-01-02,30.116470336914062,41.13512420654297,1642,Long-Term,3856.8828190177946,36.586803653824035
2018Q3,2018-07-02,SBUX,640.5087041099189,2014-07-01,30.699466705322266,41.13512420654297,1462,Long-Term,6684.129462641827,33.99296020804006
2018Q3,2018-07-02,SBUX,502.2548608404056,2015-10-01,45.97739028930664,41.13512420654297,1005,Long-Term,-2432.051677550684,-10.531841960351281
2018Q3,2018-07-02,SBUX,89.34445473058888,2016-04-01,49.127037048339844,41.13512420654297,822,Long-Term,-714.0330951047329,-16.267850295821873
2018Q3,2018-07-02,SBUX,401.4363577326073,2016-10-03,43.649593353271484,41.13512420654297,637,Long-Term,-1009.3993358937122,-5.760578629858093
2018Q3,2018-07-02,SBUX,1204.2022745381987,2017-04-03,47.81289291381836,41.13512420654297,455,Long-Term,-8041.384266141033,-13.966460300387837
2018Q3,2018-07-02,SBUX,883.781724647567,2017-10-02,44.40574264526367,41.13512420654297,273,Short-Term,-2890.512804436716,-7.365305124718026
2018Q3,2018-07-02,VOD,22971.98236428603,2010-10-01,9.650005340576172,14.390161514282227,2831,Long-Term,108890.78402633703,49.12076218004491
2018Q3,2018-07-02,VOD,1819.6891997263078,2011-04-01,11.284282684326172,14.390161514282227,2649,Long-Term,5651.734162529615,27.523936760908242
2018Q3,2018-07-02,VOD,2243.7268536330535,2011-07-01,10.816520690917969,14.390161514282227,2558,Long-Term,8018.27388062172,33.03872775249111
2018Q3,2018-07-02,VOD,3588.578410159457,2011-10-03,10.334000587463379,14.390161514282227,2464,Long-Term,14555.851530114489,39.25063572900848
2018Q3,2018-07-02,VOD,2019.2296275958724,2012-04-02,11.84671401977539,14.390161514282227,2282,Long-Term,5135.804537142693,21.46964542455511
2018Q3,2018-07-02,VOD,2963.3086018617832,2012-07-02,12.303620338439941,14.390161514282227,2191,Long-Term,6183.0654145122435,16.958757816374977
2018Q3,2018-07-02,VOD,419.43289638655045,2013-04-01,12.580620765686035,14.390161514282227,1918,Long-Term,758.9809173131873,14.383556919001645
2018Q3,2018-07-02,VOD,3267.416194211465,2013-07-01,13.222710609436035,14.390161514282227,1827,Long-Term,3814.547992441274,8.829134504487083
2018Q3,2018-07-02,VOD,811.1209242469425,2014-01-02,18.158618927001953,14.390161514282227,1642,Long-Term,-3056.6746595904665,-20.75299574196148
2018Q3,2018-07-02,VOD,1627.5398381952405,2014-07-01,15.939976692199707,14.390161514282227,1462,Long-Term,-2522.385943900344,-9.722819599076885
2018Q3,2018-07-02,VOD,269.9422133401862,2015-04-01,15.799826622009277,14.390161514282227,1188,Long-Term,-380.5281192482721,-8.922028965579766
2018Q3,2018-07-02,VOD,2866.9330180692173,2016-01-04,16.326980590820312,14.390161514282227,910,Long-Term,-5552.730560553369,-11.862689893972458
2018Q3,2018-07-02,VOD,1071.790895515819,2016-07-01,16.184280395507812,14.390161514282227,731,Long-Term,-1922.9202823706103,-11.08556474172043
2018Q3,2018-07-02,VOD,1105.8098507215732,2016-10-03,15.313422203063965,14.390161514282227,637,Long-Term,-1020.9507644388309,-6.029094454125407
2018Q3,2018-07-02,VOD,715.4587277129012,2017-01-03,13.358229637145996,14.390161514282227,545,Long-Term,738.3046679022734,7.725064661762351
2018Q3,2018-07-02,VOD,853.1915089622746,2017-04-03,14.064678192138672,14.390161514282227,455,Long-Term,277.69960676171354,2.3141896152695534
2018Q3,2018-07-02,VOD,1564.4387675691564,2017-10-02,15.771026611328125,14.390161514282227,273,Short-Term,-2160.278890601749,-8.75570837001848
2018Q3,2018-07-02,VOD,173.20725344014966,2018-04-02,15.52668285369873,14.390161514282227,91,Short-Term,-196.85373967645273,-7.319794898404616
2018Q3,2018-07-02,AMZN,2420.668106266775,2010-07-01,5.547999858856201,85.68900299072266,2923,Long-Term,193994.77028553485,1444.50261663108
2018Q3,2018-07-02,AMZN,4667.803000799706,2011-01-03,9.211000442504883,85.68900299072266,2737,Long-Term,356984.24978973845,830.2898585836999
2018Q3,2018-07-02,GOOGL,946.8039557075721,2007-01-03,11.598603248596191,56.60357666015625,4198,Long-Term,42610.88685257917,388.0206301306765
2018Q3,2018-07-02,GOOG,877.4517765153762,2014-10-01,28.08806037902832,55.88031768798828,1370,Long-Term,24386.365549119368,98.94687256408344
2018Q3,2018-07-02,COST,42.528685923752505,2001-07-02,28.206932067871094,186.8687286376953,6209,Long-Term,6747.677714416367,562.4922135737932
2018Q3,2018-07-02,COST,27.581106336472722,2001-10-01,23.48356819152832,186.8687286376953,6118,Long-Term,4506.343484067389,695.7424830571875
2018Q3,2018-07-02,COST,93.5151777788794,2002-04-01,26.414857864379883,186.8687286376953,5936,Long-Term,15004.872250675935,607.4379487375003
2018Q3,2018-07-02,TSLA,1091.569051204637,2013-10-01,12.866666793823242,22.33799934387207,1735,Long-Term,10338.613485300393,73.61139214855261
2018Q3,2018-07-02,AVGO,1114.3604327105422,2016-04-01,12.058606147766113,19.624616622924805,822,Long-Term,8431.262706990334,62.743656957071394
2018Q3,2018-07-02,AMGN,148.46587634931691,2003-04-01,39.28559875488281,145.34231567382812,5571,Long-Term,15745.803420102642,269.96334606142034
2018Q3,2018-07-02,KHC,466.1113003474999,2015-07-01,44.39780807495117,41.74844741821289,1097,Long-Term,-1234.8969408017865,-5.967323099072149
2018Q3,2018-07-02,TXN,220.75204790534357,2018-01-02,83.3834228515625,88.08098602294922,181,Short-Term,1036.9966902483386,5.633689540125052
2018Q3,2018-07-02,CMCSA,525.5588986939631,2015-01-02,20.37992286682129,25.179828643798828,1277,Long-Term,2522.6331939831066,23.552129261449913
2018Q3,2018-07-02,GILD,167.79737964537023,2004-01-02,4.9775190353393555,52.91774368286133,5295,Long-Term,8044.2440754645795,963.1349334308176
2018Q3,2018-07-02,CSCO,256.7366429331072,2001-07-02,12.369303703308105,33.86512756347656,6209,Long-Term,5518.765654941035,173.78362093591016
2018Q4,2018-10-01,AAPL,6824.508914646291,2011-07-01,10.275634765625,53.73381042480469,2649,Long-Term,296580.7072003362,422.9244873957566
2018Q4,2018-10-01,AAPL,2690.825210151691,2012-07-02,17.73734474182129,53.73381042480469,2282,Long-Term,96860.19733613194,202.94168155908122
2018Q4,2018-10-01,AAPL,11532.382573807176,2013-01-02,16.581401824951172,53.73381042480469,2098,Long-Term,428455.78951191454,224.0607217174349
2018Q4,2018-10-01,AMZN,4063.49803318285,2011-01-03,9.211000442504883,100.21800231933594,2828,Long-Term,369806.77313237096,988.0251601864236
2018Q4,2018-10-01,AMZN,1618.7499947568676,2011-04-01,9.006500244140625,100.21800231933594,2740,Long-Term,147648.61850598844,1012.7296908089793
2018Q4,2018-10-01,AMZN,968.9407485326728,2012-01-03,8.951499938964844,100.21800231933594,2463,Long-Term,88431.83313239574,1019.5665866353702
2018Q4,2018-10-01,MSFT,667.9555010158297,2009-10-01,18.42981719970703,107.22731018066406,3287,Long-Term,59312.77391304477,481.8142904985981
2018Q4,2018-10-01,MSFT,4204.217711973413,2010-04-01,21.797163009643555,107.22731018066406,3105,Long-Term,359166.9378728998,391.9324140174769
2018Q4,2018-10-01,META,1534.2978962950588,2012-10-01,21.79857635498047,161.0259552001953,2191,Long-Term,213616.2744688883,638.6994112732716
2018Q4,2018-10-01,INTC,3494.5645316651876,2004-10-01,12.030389785766602,39.725852966308594,5113,Long-Term,96783.58331876117,230.21251741409955
2018Q4,2018-10-01,GOOGL,1797.4664689622944,2007-01-03,11.598603248596191,59.895389556884766,4289,Long-Term,86811.85394778594,416.4017448750482
2018Q4,2018-10-01,GOOG,1541.602963112568,2014-10-01,28.08806037902832,59.2431755065918,1461,Long-Term,48028.81779676505,110.91942521892734
2018Q4,2018-10-01,CMCSA,1361.297744134717,2015-01-02,20.37992286682129,26.963748931884766,1368,Long-Term,8962.547570146262,32.30545134094697
2018Q4,2018-10-01,AMGN,111.45622721824809,2003-04-01,39.28559875488281,163.4058837890625,5662,Long-Term,13833.97869116325,315.94347284512946
2018Q4,2018-10-01,NFLX,150.11190598932885,2018-04-02,28.02899932861328,38.143001556396484,182,Short-Term,1518.2321515928547,36.08406461181926
2018Q4,2018-10-01,GILD,10.659430528926261,2004-01-02,4.9775190353393555,58.32637405395508,5386,Long-Term,568.6684138686934,1071.796102432756
2018Q4,2018-10-01,COST,0.9859290713889919,2002-04-01,26.414857864379883,211.34475708007812,6027,Long-Term,182.32776380579324,700.0980287880859
2019Q1,2019-01-02,MSFT,1519.34928641023,2010-04-01,21.797163009643555,94.1931381225586,3198,Long-Term,109994.77312678023,332.13485204879845
2019Q1,2019-01-02,MSFT,8332.90700234142,2010-07-01,17.39026641845703,94.1931381225586,3107,Long-Term,639991.1874230377,441.6428699596425
2019Q1,2019-01-02,KHC,21108.58330829047,2015-07-01,44.39780807495117,29.80662727355957,1281,Long-Term,-307999.1555125031,-32.86464227413923
2019Q1,2019-01-02,KHC,456.60155721103274,2015-10-01,43.405242919921875,29.80662727355957,1189,Long-Term,-6209.149080043343,-31.329431035440408
2019Q1,2019-01-02,KHC,824.6460183842568,2016-01-04,45.27766418457031,29.80662727355957,1094,Long-Term,-12758.12898894088,-34.16924699989924
2019Q1,2019-01-02,KHC,97.04132332332891,2016-07-01,55.74591064453125,29.80662727355957,915,Long-Term,-2517.1823843779116,-46.531275695495985
2019Q1,2019-01-02,KHC,447.8295898322245,2016-10-03,56.65653610229492,29.80662727355957,821,Long-Term,-12024.183657805175,-47.39066430086215
2019Q1,2019-01-02,KHC,37.93951532827681,2017-01-03,56.07121276855469,29.80662727355957,729,Long-Term,-996.4656439782041,-46.841479251407534
2019Q1,2019-01-02,KHC,1160.5797061069645,2017-04-03,58.717506408691406,29.80662727355957,639,Long-Term,-33553.37960994528,-49.23723928925638
2019Q1,2019-01-02,KHC,1304.5122105810124,2017-10-02,50.9065055847168,29.80662727355957,457,Long-Term,-27525.048898678073,-41.44829441503023
2019Q1,2019-01-02,KHC,7.271149442149737,2018-04-02,39.95780944824219,29.80662727355957,275,Short-Term,-73.81076260660386,-25.40475144872884
2019Q1,2019-01-02,KHC,397.20331045406635,2018-10-01,37.743534088134766,29.80662727355957,93,Short-Term,-3152.5656615147063,-21.028520530276147
2019Q1,2019-01-02,TSLA,21261.17821337264,2013-10-01,12.866666793823242,20.674667358398438,1919,Long-Term,166007.2914935474,60.68394161200704
2019Q1,2019-01-02,ADBE,1.8189894035458565e-12,2010-04-01,35.7400016784668,224.57000732421875,3198,Long-Term,3.4347977934112706e-10,528.3435835973148
2019Q1,2019-01-02,ADBE,260.26612054505654,2018-07-02,243.25999450683594,224.57000732421875,184,Short-Term,-4864.370457056607,-7.683132288359882
2019Q1,2019-01-02,NFLX,1972.9218022488833,2018-04-02,28.02899932861328,26.766000747680664,275,Short-Term,-2491.797436531361,-4.506042353225541
2019Q1,2019-01-02,CSCO,1325.8377469018258,2001-07-02,12.369303703308105,34.472198486328125,6393,Long-Term,29304.85221912738,178.6915036867331
2019Q1,2019-01-02,AVGO,1696.1529730099076,2016-04-01,12.058606147766113,20.926292419433594,1006,Long-Term,15040.95243340794,73.53823620245066
2019Q1,2019-01-02,AMGN,30.523138904487993,2003-04-01,39.28559875488281,152.6100616455078,5755,Long-Term,3459.0183220870417,288.46311748408795
2019Q1,2019-01-02,AMGN,141.26879024393867,2003-10-01,44.49503707885742,152.6100616455078,5572,Long-Term,15273.27872772441,242.98221029693914
2019Q1,2019-01-02,NVDA,5896.5870607470715,2017-07-03,3.4350483417510986,3.373051881790161,548,Long-Term,-365.56752361778797,-1.80482059618798
2019Q1,2019-01-02,TXN,135.01266002687217,2018-01-02,83.3834228515625,76.53620147705078,365,Short-Term,-924.461571565683,-8.211729790345744
2019Q1,2019-01-02,PEP,96.14865032074609,2018-10-01,87.13624572753906,86.69367980957031,93,Short-Term,-42.55211569065734,-0.5079010626101358
2019Q2,2019-04-01,AAPL,6371.315175675667,2013-01-02,16.581401824951172,45.569541931152344,2280,Long-Term,184692.57697325197,174.82321707312303
2019Q2,2019-04-01,META,1342.0382291526846,2012-10-01,21.79857635498047,167.23143005371094,2373,Long-Term,195176.4494384657,667.1667513071442
2019Q2,2019-04-01,AMZN,783.9834253905963,2012-01-03,8.951499938964844,90.70950317382812,2645,Long-Term,64096.919429163565,913.3441746335734
2019Q2,2019-04-01,NVDA,5624.5622774617805,2017-07-03,3.4350483417510986,4.5182318687438965,637,Long-Term,6092.433205491695,31.533283355209463
2019Q2,2019-04-01,CMCSA,518.3002951882569,2015-01-02,20.37992286682129,30.935596466064453,1550,Long-Term,5471.0087423986215,51.7944727672542
2019Q2,2019-04-01,GILD,22.219002058823097,2004-01-02,4.9775190353393555,50.18526840209961,5568,Long-Term,1004.4710762548046,908.2386033241578
2019Q2,2019-04-01,GILD,150.38382138163107,2004-04-01,4.787923812866211,50.18526840209961,5478,Long-Term,6827.026159907631,948.1634705055392
2019Q2,2019-04-01,COST,22.176451925873266,2002-04-01,26.414857864379883,221.05552673339844,6209,Long-Term,4316.439435993607,736.8605572982815
2019Q3,2019-07-01,TSLA,32012.635539200706,2013-10-01,12.866666793823242,15.14466667175293,2099,Long-Term,72924.77985050679,17.704662088733514
2019Q3,2019-07-01,TSLA,2830.178790037084,2014-01-02,10.006667137145996,15.14466667175293,2006,Long-Term,14541.457306064953,51.34576242207597
2019Q3,2019-07-01,TSLA,576.8729731318357,2014-04-01,14.464667320251465,15.14466667175293,1917,Long-Term,392.2732476283702,4.701106056890931
2019Q3,2019-07-01,TSLA,665.9152407149462,2015-04-01,12.505999565124512,15.14466667175293,1552,Long-Term,1757.1286414770736,21.099209966285866
2019Q3,2019-07-01,TSLA,4423.442572949472,2016-04-01,15.839332580566406,15.14466667175293,1186,Long-Term,-3072.8147550221684,-4.385701892930615
2019Q3,2019-07-01,TSLA,3711.9653771924295,2016-10-03,14.24666690826416,15.14466667175293,1001,Long-Term,3333.344030797303,6.303227058448743
2019Q3,2019-07-01,TSLA,8018.663342400347,2017-04-03,19.90133285522461,15.14466667175293,819,Long-Term,-38142.104757439716,-23.901244293911365
2019Q3,2019-07-01,TSLA,4853.355775804031,2017-10-02,22.768667221069336,15.14466667175293,637,Long-Term,-37001.987100757884,-33.48461495480693
2019Q3,2019-07-01,TSLA,13352.809796778194,2018-10-01,20.713333129882812,15.14466667175293,273,Short-Term,-74357.34403710683,-26.88445371496513
2019Q3,2019-07-01,TSLA,7513.944890625513,2019-04-01,19.278667449951172,15.14466667175293,91,Short-Term,-31062.654025184576,-21.443394824514765
2019Q3,2019-07-01,MSFT,664.6648345020167,2010-07-01,17.39026641845703,127.39530181884766,3287,Long-Term,73116.47864878913,632.5667057270474
2019Q3,2019-07-01,MSFT,5486.2660145367345,2010-10-01,18.403989791870117,127.39530181884766,3195,Long-Term,597955.3310533757,592.2156731206403
2019Q4,2019-10-01,AAPL,6129.64621846881,2013-01-02,16.581401824951172,53.92654037475586,2463,Long-Term,228912.48729000406,225.22304774985247
2019Q4,2019-10-01,AAPL,18188.543825046523,2013-04-01,13.029123306274414,53.92654037475586,2374,Long-Term,743864.4626812804,313.8923172888121
2019Q4,2019-10-01,MSFT,78.27487472579651,2010-10-01,18.403989791870117,129.12899780273438,3287,Long-Term,8666.986131063215,601.6358912553654
2019Q4,2019-10-01,MSFT,1569.9872051055813,2011-04-01,19.4669246673584,129.12899780273438,3105,Long-Term,172168.0517078928,563.3251014694391
2019Q4,2019-10-01,AVGO,2272.2140005553283,2016-04-01,12.058606147766113,23.322612762451172,1278,Long-Term,25594.23353223522,93.41051923129395
2019Q4,2019-10-01,CSCO,754.4222420994585,2001-07-02,12.369303703308105,39.10309982299805,6665,Long-Term,20168.57040844629,216.1301618986049
2019Q4,2019-10-01,ADBE,71.99954087704741,2018-07-02,243.25999450683594,272.7099914550781,456,Long-Term,2120.3862591038846,12.106387245443518
2019Q4,2019-10-01,GOOGL,269.51838403005917,2007-01-03,11.598603248596191,59.7700080871582,4654,Long-Term,12983.079188547006,415.32073997265417
2019Q4,2019-10-01,GOOG,110.85244671987657,2014-10-01,28.08806037902832,59.7283935546875,1826,Long-Term,3507.4083475539023,112.64691384415823
2020Q1,2020-01-02,AAPL,21285.983737789553,2013-04-01,13.029123306274414,72.33386993408203,2467,Long-Term,1262359.8722932427,455.1706606326177
2020Q1,2020-01-02,AAPL,5323.684369156814,2013-07-01,12.513274192810059,72.33386993408203,2376,Long-Term,318465.9705014583,478.05710016043605
2020Q1,2020-01-02,PEP,709.3530087254181,2018-10-01,87.13624572753906,110.94515228271484,458,Long-Term,16888.919499376272,27.323769065771298
2020Q1,2020-01-02,AMGN,207.79577567504631,2003-10-01,44.49503707885742,196.7481231689453,5937,Long-Term,31637.54812300942,342.1799285620408
2020Q1,2020-01-02,COST,41.35800973097176,2002-04-01,26.414857864379883,265.748291015625,6485,Long-Term,9898.354457216074,906.0561081950146
2020Q1,2020-01-02,COST,41.46344346762815,2003-01-02,19.32648277282715,265.748291015625,6209,Long-Term,10217.496715265954,1275.0473593118795
2020Q1,2020-01-02,GILD,1.216611945669058,2004-04-01,4.787923812866211,51.10693359375,5754,Long-Term,56.352260610985155,967.4132586741326
2020Q1,2020-01-02,GILD,229.08091037222306,2004-07-01,5.743617057800293,51.10693359375,5663,Long-Term,10391.86984955868,789.8039872686617
2020Q1,2020-01-02,NFLX,262.44344204262893,2018-04-02,28.02899932861328,32.98099899291992,640,Long-Term,1299.6198368945777,17.66741511621292
2020Q2,2020-04-01,AMZN,17111.47401711805,2012-01-03,8.951499938964844,95.38500213623047,3011,Long-Term,1479004.6270570266,965.5756329844855
2020Q2,2020-04-01,MSFT,6349.127649578496,2011-04-01,19.4669246673584,144.17803955078125,3288,Long-Term,791806.7877161003,640.6307982099248
2020Q2,2020-04-01,GOOGL,5277.16141779785,2007-01-03,11.598603248596191,54.62066650390625,4837,Long-Term,227034.37232498082,370.9245185235311
2020Q2,2020-04-01,GOOG,4728.450507635113,2014-10-01,28.08806037902832,54.797855377197266,2009,Long-Term,126295.94371792176,95.09305604495053
2020Q2,2020-04-01,META,1520.8830495321567,2012-10-01,21.79857635498047,158.21066284179688,2739,Long-Term,207466.83008911365,625.7843827294226
2020Q2,2020-04-01,NVDA,37255.96049461193,2017-07-03,3.4350483417510986,6.045969009399414,1003,Long-Term,97272.35724847144,76.00826561635333
2020Q2,2020-04-01,INTC,2603.4842985158116,2004-10-01,12.030389785766602,45.988285064697266,5661,Long-Term,88408.8471693402,282.2676229419178
2020Q2,2020-04-01,AVGO,4734.040036044823,2016-04-01,12.058606147766113,19.494340896606445,1461,Long-Term,35201.06599841983,61.66330219034328
2020Q2,2020-04-01,ADBE,303.58831161037705,2018-07-02,243.25999450683594,301.2099914550781,639,Long-Term,17592.941731343348,23.822247084122875
2020Q2,2020-04-01,CMCSA,2604.680785777093,2015-01-02,20.37992286682129,25.536752700805664,1916,Long-Term,13431.89558410118,25.30348062494262
2020Q2,2020-04-01,NFLX,1310.6058082731836,2018-04-02,28.02899932861328,36.40800094604492,730,Long-Term,10981.568187336308,29.894044804082508
2020Q2,2020-04-01,CSCO,494.94677348701526,2001-07-02,12.369303703308105,31.865840911865234,6848,Long-Term,9649.74818554489,157.62032913253543
2020Q2,2020-04-01,TXN,86.59994072824833,2018-01-02,83.3834228515625,81.29814910888672,820,Long-Term,-180.5845825178952,-2.5008253095917445
2020Q3,2020-07-01,AAPL,16443.888104639253,2013-07-01,12.513274192810059,88.13538360595703,2557,Long-Term,1243521.5054265757,604.3351104429431
2020Q3,2020-07-01,AMZN,7977.785572515858,2012-01-03,8.951499938964844,143.93499755859375,3102,Long-Term,1076869.399837604,1507.942786572129
2020Q3,2020-07-01,INTC,2599.226685548733,2004-10-01,12.030389785766602,52.42577362060547,5752,Long-Term,104996.75963649708,335.7778472201413
2020Q3,2020-07-01,INTC,3616.871082804029,2005-10-03,14.359587669372559,52.42577362060547,5385,Long-Term,137680.4871996553,265.09247220534024
2020Q3,2020-07-01,CSCO,2923.2827219931473,2001-07-02,12.369303703308105,38.65526580810547,6939,Long-Term,76841.29885192076,212.50963461886153
2020Q3,2020-07-01,CSCO,3067.367944235452,2002-01-02,12.375739097595215,38.65526580810547,6755,Long-Term,80608.97782149848,212.34712935744375
2020Q3,2020-07-01,COST,62.360859128865144,2003-01-02,19.32648277282715,279.0591735839844,6390,Long-Term,16197.153742835662,1343.9211566024778
2020Q3,2020-07-01,COST,66.70637798374463,2003-04-01,20.259159088134766,279.0591735839844,6301,Long-Term,17263.611589158732,1277.4469728480572
2020Q3,2020-07-01,COST,578.2663391512008,2003-10-01,21.518272399902344,279.0591735839844,6118,Long-Term,148927.23410942027,1196.8474810517355
2020Q3,2020-07-01,COST,105.17689573974008,2004-04-01,24.882585525512695,279.0591735839844,5935,Long-Term,26733.50450170874,1021.5039261006799
2020Q3,2020-07-01,PEP,1931.12116992004,2018-10-01,87.13624572753906,109.69374084472656,639,Long-Term,43561.256361168715,25.887614194122083
2020Q3,2020-07-01,TXN,1363.889869649324,2018-01-02,83.3834228515625,105.53508758544922,911,Long-Term,30212.431126416286,26.5660295252219
2020Q3,2020-07-01,GOOG,1586.0191610782736,2014-10-01,28.08806037902832,71.27359771728516,2100,Long-Term,68493.08969993657,153.75051447304955
2020Q3,2020-07-01,GILD,723.4630571649666,2004-07-01,5.743617057800293,60.68247985839844,5844,Long-Term,39746.23763888739,956.5202945761636
2020Q3,2020-07-01,GILD,983.0079137134182,2005-07-01,7.571798801422119,60.68247985839844,5479,Long-Term,52208.21978171705,701.4275266664664
2020Q3,2020-07-01,GOOGL,1427.8456751465071,2007-01-03,11.598603248596191,71.4662857055664,4928,Long-Term,85481.81147722933,516.1628618016239
2020Q3,2020-07-01,AVGO,3285.997238499481,2016-04-01,12.058606147766113,27.542251586914062,1552,Long-Term,50879.21615494525,128.4032768747185
2020Q3,2020-07-01,ADBE,134.50230607259073,2018-07-02,243.25999450683594,439.80999755859375,730,Long-Term,26436.42866903617,80.798325861277
2020Q3,2020-07-01,CMCSA,296.5080419303174,2015-01-02,20.37992286682129,31.456905364990234,2007,Long-Term,3284.4143910284697,54.352426015323054
2020Q4,2020-10-01,AAPL,17299.35779445447,2013-07-01,12.513274192810059,113.2832260131836,2649,Long-Term,1743255.4514705804,805.3044332575599
2020Q4,2020-10-01,GILD,2977.581294484846,2005-07-01,7.571798801422119,51.047508239746094,5571,Long-Term,129452.45918801172,574.179406750196
2020Q4,2020-10-01,GILD,597.4475473013363,2006-01-03,9.385391235351562,51.047508239746094,5385,Long-Term,24890.929619656807,443.90389233287976
2020Q4,2020-10-01,GILD,1153.95638383097,2007-01-03,10.835238456726074,51.047508239746094,5020,Long-Term,46403.20542444917,371.12491749600474
2020Q4,2020-10-01,GILD,789.0698905079217,2007-04-02,13.12753677368164,51.047508239746094,4931,Long-Term,29921.507732790993,288.8582383717805
2020Q4,2020-10-01,GILD,597.1828376713783,2007-10-01,14.368056297302246,51.047508239746094,4749,Long-Term,21904.339195219563,255.28471759489696
2020Q4,2020-10-01,GILD,1147.6796624684139,2008-01-02,15.558821678161621,51.047508239746094,4656,Long-Term,40729.6438144466,228.09366477537583
2020Q4,2020-10-01,GILD,961.9567761823746,2008-10-01,15.545087814331055,51.047508239746094,4383,Long-Term,34151.79389910354,228.38353085844437
2020Q4,2020-10-01,GILD,1314.0742171638,2009-07-01,16.070125579833984,51.047508239746094,4110,Long-Term,45962.87673726268,217.6546940230784
2020Q4,2020-10-01,GILD,289.91188962663006,2009-10-01,15.545087814331055,51.047508239746094,4018,Long-Term,10292.57379185114,228.38353085844437
2020Q4,2020-10-01,GILD,944.8767282567503,2010-04-01,15.66176986694336,51.047508239746094,3836,Long-Term,33435.16070064319,225.93703440560654
2020Q4,2020-10-01,GILD,129.90029035273744,2011-01-03,12.552748680114746,51.047508239746094,3559,Long-Term,5000.480443854927,306.66398683351525
2020Q4,2020-10-01,GILD,484.88345682848063,2011-04-01,14.639154434204102,51.047508239746094,3471,Long-Term,17653.80845066557,248.7053058233649
2020Q4,2020-10-01,GILD,1594.491694051137,2011-07-01,14.39551067352295,51.047508239746094,3380,Long-Term,58441.3056897253,254.6071368877216
2020Q4,2020-10-01,GILD,883.5978852539461,2011-10-03,12.974834442138672,51.047508239746094,3286,Long-Term,33640.93405352924,293.4347560841155
2020Q4,2020-10-01,GILD,2454.114427833553,2012-07-02,17.717287063598633,51.047508239746094,3013,Long-Term,81796.17667126689,188.12260057933284
2020Q4,2020-10-01,GILD,2546.9344295408055,2013-07-01,35.44830322265625,51.047508239746094,2649,Long-Term,39730.152331491794,44.00550547965254
2020Q4,2020-10-01,GILD,1023.3370411335605,2014-01-02,51.61794662475586,51.047508239746094,2464,Long-Term,-583.7507290649004,-1.105116383564519
2020Q4,2020-10-01,GILD,31.254723594330024,2014-04-01,50.540428161621094,51.047508239746094,2375,Long-Term,15.84864768198815,1.0033157544756648
2020Q4,2020-10-01,GILD,371.1389749990177,2014-07-01,58.536014556884766,51.047508239746094,2284,Long-Term,-2779.2765588165157,-12.792989706980155
2020Q4,2020-10-01,GILD,646.8752614244289,2015-10-01,67.9552993774414,51.047508239746094,1827,Long-Term,-10937.231812306298,-24.880754396776393
2020Q4,2020-10-01,GILD,91.54496687264981,2016-01-04,68.06808471679688,51.047508239746094,1732,Long-Term,-1558.1481097450164,-25.005223149536754
2020Q4,2020-10-01,GILD,213.67097205115383,2016-04-01,65.68155670166016,51.047508239746094,1644,Long-Term,-3126.87135990087,-22.280300889312166
2020Q4,2020-10-01,GILD,158.08210584819628,2016-07-01,59.552738189697266,51.047508239746094,1553,Long-Term,-1344.5246612114304,-14.281845316430122
2020Q4,2020-10-01,GILD,1143.2210168413528,2017-01-03,52.696102142333984,51.047508239746094,1367,Long-Term,-1884.7071976749826,-3.1284930679217635
2020Q4,2020-10-01,GILD,1741.037363326885,2017-10-02,60.66184616088867,51.047508239746094,1095,Long-Term,-16738.92154435976,-15.849069109507846
2020Q4,2020-10-01,GILD,62.57107221327303,2019-01-02,47.86351013183594,51.047508239746094,638,Long-Term,199.22617553697108,6.652245309924212
2020Q4,2020-10-01,GILD,722.2778790725979,2019-07-01,52.16282653808594,51.047508239746094,458,Long-Term,-805.5697350157614,-2.138147743058958
2020Q4,2020-10-01,GILD,554.0601099056091,2019-10-01,49.07172775268555,51.047508239746094,366,Long-Term,1094.7011538101244,4.026311233666351
2020Q4,2020-10-01,GILD,68.41992737747046,2020-04-01,57.33977508544922,51.047508239746094,183,Short-Term,-430.5164406226729,-10.97365107610943
2020Q4,2020-10-01,META,643.0433751719263,2012-10-01,21.79857635498047,264.3089294433594,2922,Long-Term,155944.67596408675,1112.5054642982268
2020Q4,2020-10-01,AMGN,214.26859616577642,2003-10-01,44.49503707885742,213.61085510253906,6210,Long-Term,36236.208917361175,380.07793481318373
2020Q4,2020-10-01,AMGN,94.98676124983018,2004-01-02,41.85675811767578,213.61085510253906,6117,Long-Term,16314.365403981386,410.33779181367817
2020Q4,2020-10-01,AMGN,417.26617186663265,2004-07-01,36.76143264770508,213.61085510253906,5936,Long-Term,73793.28150455348,481.07325998317486
2020Q4,2020-10-01,PYPL,91.64509417937109,2020-07-01,175.90655517578125,195.24905395507812,92,Short-Term,1772.6451222930323,10.995894246219622
2020Q4,2020-10-01,CMCSA,39.21285290394494,2015-01-02,20.37992286682129,36.797447204589844,2099,Long-Term,643.7779669038545,80.55734285676047
2021Q1,2021-01-04,AAPL,4006.7310895915216,2013-07-01,12.513274192810059,125.74083709716797,2744,Long-Term,453672.39648757054,904.8596007703306
2021Q1,2021-01-04,AAPL,5952.149329585711,2014-04-01,16.86983871459961,125.74083709716797,2470,Long-Term,648016.4400341313,645.3588574521966
2021Q1,2021-01-04,AAPL,19.1497479619793,2015-07-01,28.242156982421875,125.74083709716797,2014,Long-Term,1867.0751508230308,345.2239153526056
2021Q1,2021-01-04,META,2873.1867116020203,2012-10-01,21.79857635498047,266.598876953125,3017,Long-Term,703356.970674769,1123.0104967025213
2021Q1,2021-01-04,TSLA,2951.7759246820765,2020-04-01,32.104000091552734,243.2566680908203,278,Short-Term,623275.3618326256,657.7145134472713
2021Q1,2021-01-04,GOOGL,7262.280340605277,2007-01-03,11.598603248596191,85.54792785644531,5115,Long-Term,537040.7263006207,637.5709473190179
2021Q1,2021-01-04,NFLX,10754.414820873595,2018-04-02,28.02899932861328,52.2859992980957,1008,Long-Term,260869.8399817321,86.54251150778605
2021Q1,2021-01-04,GOOG,6447.25442653756,2014-10-01,28.08806037902832,85.65678405761719,2287,Long-Term,371160.2085668997,204.95798891678544
2021Q1,2021-01-04,ADBE,654.7345325642525,2018-07-02,243.25999450683594,485.3399963378906,917,Long-Term,158498.13684200897,99.5149253052589
2021Q1,2021-01-04,AVGO,7032.100346373818,2016-04-01,12.058606147766113,38.11271667480469,1739,Long-Term,183215.1196616497,216.06237244812215
2021Q1,2021-01-04,PEP,2093.439744016672,2018-10-01,87.13624572753906,121.28187561035156,826,Long-Term,71481.81868116303,39.186482729104895
2021Q1,2021-01-04,CMCSA,5239.346704044228,2015-01-02,20.37992286682129,40.224327087402344,2194,Long-Term,103971.71384682272,97.3723225071079
2021Q1,2021-01-04,NVDA,14577.620102665403,2017-07-03,3.4350483417510986,13.060796737670898,1281,Long-Term,140320.50331955974,280.22162829338356
2021Q1,2021-01-04,INTC,2377.780884971417,2005-10-03,14.359587669372559,44.90293502807617,5572,Long-Term,72625.38751256767,212.70351253782346
2021Q1,2021-01-04,INTC,1769.1743757392028,2006-01-03,14.977079391479492,44.90293502807617,5480,Long-Term,52944.05696433743,199.81102359396982
2021Q1,2021-01-04,PYPL,678.4367048603431,2020-07-01,175.90655517578125,229.9287109375,187,Short-Term,36650.61334443266,30.710712120838863
2021Q1,2021-01-04,TXN,1046.691562541872,2018-01-02,83.3834228515625,139.11529541015625,1098,Long-Term,58334.08077173897,66.838072428145
2021Q1,2021-01-04,AMGN,30.034880646659303,2004-07-01,36.76143264770508,190.8686065673828,6031,Long-Term,4628.590575471488,419.2088360552462
2021Q1,2021-01-04,AMGN,502.1354924584889,2005-07-01,40.85649871826172,190.8686065673828,5666,Long-Term,75326.40364955437,367.168290370584
2021Q1,2021-01-04,CSCO,2554.1319506869054,2002-01-02,12.375739097595215,37.83080291748047,6942,Long-Term,65015.591809143196,205.68520085262253
2021Q1,2021-01-04,COST,13.592137514188494,2004-04-01,24.882585525512695,358.67724609375,6122,Long-Term,4536.982927945353,1341.479004366286
2021Q1,2021-01-04,COST,244.3586802026261,2004-07-01,27.300600051879883,358.67724609375,6031,Long-Term,80974.75987676416,1213.8071888974907
2021Q2,2021-04-01,TSLA,6708.2066389723905,2020-04-01,32.104000091552734,220.5833282470703,365,Short-Term,1264358.2804418989,587.0898567718065
2021Q2,2021-04-01,MSFT,3176.6514633147735,2011-04-01,19.4669246673584,232.04666137695312,3653,Long-Term,675291.7316896034,1092.0047225848803
2021Q2,2021-04-01,MSFT,149.82192293323865,2011-07-01,20.009794235229492,232.04666137695312,3562,Long-Term,31767.77116791268,1059.6654050965146
2021Q2,2021-04-01,MSFT,2167.0721233657328,2011-10-03,18.983022689819336,232.04666137695312,3468,Long-Term,461724.2719017563,1122.390475787613
2021Q2,2021-04-01,INTC,3055.8916252797217,2006-01-03,14.977079391479492,58.709049224853516,5567,Long-Term,133640.1603707931,291.99264215861257
2021Q2,2021-04-01,META,514.0337997310343,2012-10-01,21.79857635498047,296.06011962890625,3104,Long-Term,140979.70320919354,1258.1626378149388
2021Q2,2021-04-01,COST,173.97904327957423,2004-07-01,27.300600051879883,335.5526123046875,6118,Long-Term,53629.39018074706,1129.103432404526
2021Q2,2021-04-01,COST,59.32298030805739,2005-04-01,29.446632385253906,335.5526123046875,5844,Long-Term,18159.11901893917,1039.5279701753718
2021Q2,2021-04-01,COST,163.44219025505978,2005-07-01,30.29610252380371,335.5526123046875,5753,Long-Term,49891.79254820273,1007.576831181645
2021Q2,2021-04-01,CSCO,615.3754955742488,2002-01-02,12.375739097595215,44.73259353637695,7029,Long-Term,19911.615335489143,261.45391546812056
2021Q2,2021-04-01,CSCO,833.5035745694217,2003-07-01,11.095041275024414,44.73259353637695,6484,Long-Term,28037.020049603077,303.1764499792591
2021Q2,2021-04-01,CSCO,668.4786820639933,2003-10-01,12.999999046325684,44.73259353637695,6392,Long-Term,21212.56294318061,244.09689859954383
2021Q2,2021-04-01,NVDA,5584.995717868436,2017-07-03,3.4350483417510986,13.760985374450684,1368,Long-Term,57670.31411060629,300.6052900971894
2021Q2,2021-04-01,AMGN,281.055367801388,2005-07-01,40.85649871826172,211.38421630859375,5753,Long-Term,47927.73038768199,417.3821128586109
2021Q2,2021-04-01,PYPL,216.36420342189314,2020-07-01,175.90655517578125,245.4145965576172,274,Short-Term,15039.052004996916,39.51418485364426
2021Q2,2021-04-01,PEP,408.9827822967563,2018-10-01,87.13624572753906,119.71665954589844,913,Long-Term,13324.828291812302,37.39019686507157
2021Q2,2021-04-01,TXN,244.57844546130963,2018-01-02,83.3834228515625,165.70399475097656,1185,Long-Term,20133.83750464466,98.72534501966835
2021Q3,2021-07-01,MSFT,2139.632646305027,2011-10-03,18.983022689819336,260.6536560058594,3559,Long-Term,517086.37669621053,1273.0882603098235
2021Q3,2021-07-01,PDD,2998.9730370739485,2021-01-04,166.77999877929688,121.83999633789062,178,Short-Term,-134773.85560781477,-26.945678600751283
2021Q3,2021-07-01,GOOGL,1427.0155054696138,2007-01-03,11.598603248596191,121.36830139160156,5293,Long-Term,156643.06128078775,946.4044574185351
2021Q3,2021-07-01,AVGO,2385.33073495192,2016-04-01,12.058606147766113,42.75522232055664,1917,Long-Term,73221.58201597942,254.56189377639765
2021Q3,2021-07-01,GOOG,796.741429266867,2014-10-01,28.08806037902832,125.26408386230469,2465,Long-Term,77424.16384053625,345.96914906887594
2021Q3,2021-07-01,NVDA,3108.801284801339,2017-07-03,3.4350483417510986,20.142330169677734,1459,Long-Term,51939.61921219639,486.376905525868
2021Q3,2021-07-01,PYPL,187.2262474479108,2020-07-01,175.90655517578125,286.5185852050781,365,Short-Term,20709.475304980875,62.88113022210209
2021Q3,2021-07-01,NFLX,516.0913603697353,2018-04-02,28.02899932861328,53.354000091552734,1186,Long-Term,13070.014095110007,90.35285372134759
2021Q3,2021-07-01,TXN,117.19100827721483,2018-01-02,83.3834228515625,165.56024169921875,1276,Long-Term,9630.384257770867,98.55294498277647
2021Q3,2021-07-01,ADBE,5.10333377454233,2018-07-02,243.25999450683594,584.72998046875,1095,Long-Term,1742.6353123519314,140.37243840861728
2021Q4,2021-10-01,PDD,27316.545468898752,2021-01-04,166.77999877929688,88.1500015258789,270,Short-Term,-2147899.895192376,-47.14593945852616
2021Q4,2021-10-01,PDD,2630.939414939112,2021-04-01,143.92999267578125,88.1500015258789,183,Short-Term,-146753.7772812329,-38.7549461463207
2021Q4,2021-10-01,AMGN,1007.2090552618936,2005-07-01,40.85649871826172,184.16705322265625,5936,Long-Term,144343.6882114293,350.76562848088275
2021Q4,2021-10-01,AMGN,35.67912668359997,2006-07-03,44.16608810424805,184.16705322265625,5569,Long-Term,4995.112170285946,316.9874696349719
2021Q4,2021-10-01,AMGN,239.2419462021053,2007-01-03,45.918243408203125,184.16705322265625,5385,Long-Term,33074.914320134485,301.0759984554537
2021Q4,2021-10-01,AMGN,105.15136077520205,2007-10-01,37.86910629272461,184.16705322265625,5114,Long-Term,15383.428198300606,386.3253222800199
2021Q4,2021-10-01,AMGN,1084.0306505383758,2008-01-02,31.283479690551758,184.16705322265625,5021,Long-Term,165730.47967263884,488.7038623720571
2021Q4,2021-10-01,AMGN,676.8832120398463,2008-07-01,32.65297317504883,184.16705322265625,4840,Long-Term,102557.3371718869,464.01312136373576
2021Q4,2021-10-01,AMGN,525.223870914369,2009-07-01,35.41880416870117,184.16705322265625,4475,Long-Term,78126.1311598529,419.96970972103196
2021Q4,2021-10-01,AMGN,238.94849582845444,2009-10-01,39.60784912109375,184.16705322265625,4383,Long-Term,34542.2043782269,364.9761532356861
2021Q4,2021-10-01,AMGN,319.47408660737767,2010-04-01,40.816219329833984,184.16705322265625,4201,Long-Term,45796.87672231531,351.2104654632777
2021Q4,2021-10-01,AMGN,49.09734711474925,2011-01-03,37.29179763793945,184.16705322265625,3924,Long-Term,7211.185406010353,393.8540507237193
2021Q4,2021-10-01,AMGN,36.67987779799864,2011-04-01,35.63361358642578,184.16705322265625,3836,Long-Term,5448.188414773342,416.83518646229186
2021Q4,2021-10-01,AMGN,658.4879059871031,2011-07-01,39.124488830566406,184.16705322265625,3745,Long-Term,95508.7745055468,370.72066301035954
2021Q4,2021-10-01,AMGN,664.7490129498561,2011-10-03,36.381526947021484,184.16705322265625,3651,Long-Term,98240.28272000323,406.2103454064448
2021Q4,2021-10-01,AMGN,323.4009706394345,2012-04-02,46.44688034057617,184.16705322265625,3469,Long-Term,44538.83758669542,296.5111367485476
2021Q4,2021-10-01,AMGN,1189.3814976868214,2012-07-02,50.968257904052734,184.16705322265625,3378,Long-Term,158424.18266612102,261.33676291104354
2021Q4,2021-10-01,AMGN,605.2250207612873,2013-07-01,68.0660171508789,184.16705322265625,3014,Long-Term,70267.2519669484,170.57122031162976
2021Q4,2021-10-01,AMGN,296.09169571808656,2014-01-02,81.54230499267578,184.16705322265625,2829,Long-Term,30386.33572605662,125.85460791082413
2021Q4,2021-10-01,AMGN,222.1785541647001,2014-07-01,85.61730194091797,184.16705322265625,2649,Long-Term,21895.641253067413,115.1049484714487
2021Q4,2021-10-01,AMGN,215.20883702082781,2015-10-01,102.16146087646484,184.16705322265625,2192,Long-Term,17648.32815802795,80.2705752664929
2021Q4,2021-10-01,AMGN,52.708864551981975,2016-04-01,113.66321563720703,184.16705322265625,2009,Long-Term,3716.1772256863787,62.02871983710636
2021Q4,2021-10-01,AMGN,102.9256295609543,2016-10-03,124.9151840209961,184.16705322265625,1824,Long-Term,6098.535940244191,47.43368043367805
2021Q4,2021-10-01,AMGN,250.7794326296032,2017-01-03,113.27626037597656,184.16705322265625,1732,Long-Term,17777.952808753067,62.582215030214826
2021Q4,2021-10-01,AMGN,146.73308751892878,2017-04-03,124.01570129394531,184.16705322265625,1642,Long-Term,8826.193586937428,48.50301316777511
2021Q4,2021-10-01,AMGN,390.443460551511,2017-10-02,143.61769104003906,184.16705322265625,1460,Long-Term,15832.233293737627,28.23423903348541
2021Q4,2021-10-01,AMGN,207.97314800691373,2019-04-01,153.68588256835938,184.16705322265625,914,Long-Term,6339.2650159100795,19.83342265724301
2021Q4,2021-10-01,AMGN,443.1556346345297,2019-07-01,150.62796020507812,184.16705322265625,823,Long-Term,14863.038051271358,22.266180177913224
2021Q4,2021-10-01,AMGN,164.27804281251449,2019-10-01,157.26309204101562,184.16705322265625,731,Long-Term,4419.730086823786,17.107613002180976
2021Q4,2021-10-01,AMGN,203.01624022765824,2020-04-01,163.2445068359375,184.16705322265625,548,Long-Term,4247.616703420416,12.816692452473234
2021Q4,2021-10-01,AMGN,255.57798028631709,2020-07-01,211.96519470214844,184.16705322265625,457,Long-Term,-7104.592855041908,-13.114483969197813
2021Q4,2021-10-01,AMGN,320.54885420026227,2021-07-01,210.93125915527344,184.16705322265625,92,Short-Term,-8579.235545280302,-12.688591553381462
2021Q4,2021-10-01,MSFT,734.5884502723638,2011-10-03,18.983022689819336,277.97955322265625,3651,Long-Term,190255.85999003562,1364.3587471016283
2021Q4,2021-10-01,MSFT,1473.9720186565314,2012-07-02,24.141775131225586,277.97955322265625,3378,Long-Term,374149.78218471474,1051.4462035689762
2021Q4,2021-10-01,AAPL,3032.0625015113337,2015-07-01,28.242156982421875,139.2566680908203,2284,Long-Term,336602.9362553883,393.08085135811217
2021Q4,2021-10-01,META,1189.7018427200867,2012-10-01,21.79857635498047,340.0240173339844,3287,Long-Term,378593.39353313314,1459.8450641768484
2021Q4,2021-10-01,TSLA,1195.3953551458028,2020-04-01,32.104000091552734,258.40667724609375,548,Long-Term,270521.1691275985,704.9049230911453
2021Q4,2021-10-01,NVDA,13500.594082906724,2017-07-03,3.4350483417510986,20.67414665222168,1551,Long-Term,232738.06864498643,501.8589724324676
2021Q4,2021-10-01,NFLX,2018.8966365183592,2018-04-02,28.02899932861328,61.314998626708984,1278,Long-Term,67200.99202607787,118.75557492384623
2021Q4,2021-10-01,COST,156.5764300752613,2005-07-01,30.29610252380371,425.54559326171875,5936,Long-Term,61886.754248807796,1304.6215777338575
2021Q4,2021-10-01,ADBE,107.53410889511399,2018-07-02,243.25999450683594,577.469970703125,1187,Long-Term,35938.971974125205,137.38797325628374
2021Q4,2021-10-01,PEP,403.9781343483283,2018-10-01,87.13624572753906,129.72833251953125,1096,Long-Term,17206.27176023108,48.87987362362472
2021Q4,2021-10-01,CSCO,1040.1640322205467,2003-10-01,12.999999046325684,48.12540817260742,6575,Long-Term,36536.1871901896,270.19547463897374
2021Q4,2021-10-01,CSCO,17.76455871787948,2004-07-01,14.87276840209961,48.12540817260742,6301,Long-Term,590.7184717276805,223.5807004552931
2021Q4,2021-10-01,GOOG,269.56954234488967,2014-10-01,28.08806037902832,135.2698516845703,2557,Long-Term,28892.946429940428,381.5919998006279
2021Q4,2021-10-01,CMCSA,572.573306614813,2015-01-02,20.37992286682129,46.175724029541016,2464,Long-Term,14769.98716851667,126.57457700546817
2021Q4,2021-10-01,INTC,201.85654681930964,2006-01-03,14.977079391479492,49.60835647583008,5750,Long-Term,6990.550004189699,231.2285071016745
2021Q4,2021-10-01,INTC,270.995765600672,2006-04-03,11.387558937072754,49.60835647583008,5660,Long-Term,10357.67429088382,335.63644104907905
2021Q4,2021-10-01,TXN,35.94383847685642,2018-01-02,83.3834228515625,169.0570526123047,1368,Long-Term,3079.4391098461165,102.74659738213994
2022Q1,2022-01-03,AAPL,1369.4644001564802,2015-07-01,28.242156982421875,177.9397430419922,2378,Long-Term,205005.51489794254,530.0501167553994
2022Q1,2022-01-03,AAPL,14710.354633177532,2015-10-01,24.555953979492188,177.9397430419922,2286,Long-Term,2256329.932089872,624.629730087448
2022Q1,2022-01-03,MSFT,2952.1568405671846,2012-07-02,24.141775131225586,322.46240234375,3472,Long-Term,880689.280307747,1235.702948896533
2022Q1,2022-01-03,MSFT,1250.587392259315,2012-10-01,23.45082664489746,322.46240234375,3381,Long-Term,373940.1067085768,1275.057720679168
2022Q1,2022-01-03,GOOGL,6671.442846282757,2007-01-03,11.598603248596191,143.7171630859375,5479,Long-Term,881421.4208880111,1139.0902594528523
2022Q1,2022-01-03,GOOG,6336.366277177518,2014-10-01,28.08806037902832,143.8065948486328,2651,Long-Term,733235.0194576061,411.9847825306037
2022Q1,2022-01-03,META,1763.7268319051175,2012-10-01,21.79857635498047,335.59295654296875,3381,Long-Term,553447.5680385905,1439.5177697753347
2022Q1,2022-01-03,AVGO,4212.765269124291,2016-04-01,12.058606147766113,61.21921157836914,2103,Long-Term,207102.09116716744,407.68066249273886
2022Q1,2022-01-03,NFLX,4156.705412985026,2018-04-02,28.02899932861328,59.73699951171875,1372,Long-Term,131800.8159960447,113.1256946113538
2022Q1,2022-01-03,CSCO,4155.2247963394,2004-07-01,14.87276840209961,55.497554779052734,6395,Long-Term,168805.1196995067,273.1487862825731
2022Q1,2022-01-03,ADBE,349.249840565394,2018-07-02,243.25999450683594,564.3699951171875,1281,Long-Term,112147.61651711885,132.00279859470604
2022Q1,2022-01-03,NVDA,6344.954294499954,2017-07-03,3.4350483417510986,30.02614402770996,1645,Long-Term,168719.28676808387,774.1112508595269
2022Q1,2022-01-03,PEP,1201.007008032247,2018-10-01,87.13624572753906,149.66575622558594,1190,Long-Term,75098.38031698026,71.7606203663703
2022Q1,2022-01-03,ASML,228.85021411351144,2021-10-01,708.662353515625,763.8256225585938,94,Short-Term,12624.125931684635,7.784139903764829
2022Q1,2022-01-03,COST,313.97822844480083,2005-07-01,30.29610252380371,538.7796020507812,6030,Long-Term,159652.74837489313,1678.3792539897202
2022Q1,2022-01-03,CMCSA,3625.537264893201,2015-01-02,20.37992286682129,41.134727478027344,2558,Long-Term,75247.3175435048,101.83946596282303
2022Q1,2022-01-03,TXN,597.4457040736323,2018-01-02,83.3834228515625,167.2982635498047,1462,Long-Term,50134.561083188,100.63731834039207
2022Q1,2022-01-03,INTC,1393.2392623699393,2006-04-03,11.387558937072754,49.35048294067383,5754,Long-Term,52891.436236183225,333.3719211762841
2022Q1,2022-01-03,PYPL,343.3676829396489,2020-07-01,175.90655517578125,193.2662353515625,551,Long-Term,5960.7531585313645,9.868694295351265
2022Q2,2022-04-01,PYPL,17501.29669141982,2020-07-01,175.90655517578125,115.66825103759766,639,Long-Term,-1054248.4329103334,-34.24449081956508
2022Q2,2022-04-01,PYPL,138.7829223268112,2021-10-01,262.377685546875,115.66825103759766,182,Short-Term,-20360.76405411143,-55.91536269690397
2022Q2,2022-04-01,TSLA,5198.036965766704,2020-04-01,32.104000091552734,361.5299987792969,730,Long-Term,1712368.518663508,1026.121348580557
2022Q2,2022-04-01,AAPL,5278.620328039693,2015-10-01,24.555953979492188,170.62901306152344,2374,Long-Term,771064.2190493533,594.8580096054244
2022Q2,2022-04-01,AMZN,4332.349725328485,2012-01-03,8.951499938964844,163.55999755859375,3741,Long-Term,669818.082195849,1727.1797874525585
2022Q2,2022-04-01,INTC,889.5768629549374,2006-04-03,11.387558937072754,44.96031188964844,5842,Long-Term,29865.54425231339,294.81957580283466
2022Q3,2022-07-01,MSFT,8789.771704146733,2012-10-01,23.45082664489746,251.15220642089844,3560,Long-Term,2001443.1449502625,970.9737879348713
2022Q3,2022-07-01,MSFT,708.9965938829664,2013-01-02,22.144271850585938,251.15220642089844,3467,Long-Term,162365.8455825248,1034.1633092092525
2022Q3,2022-07-01,NFLX,74389.71446640183,2018-04-02,28.02899932861328,17.9950008392334,1551,Long-Term,-746426.2825812767,-35.79863259383905
2022Q3,2022-07-01,NFLX,2415.8015266390744,2018-07-02,39.81800079345703,17.9950008392334,1460,Long-Term,-52720.036605257905,-54.80687005714668
2022Q3,2022-07-01,NFLX,2069.435486204804,2019-04-01,36.69599914550781,17.9950008392334,1187,Long-Term,-38700.509522460205,-50.96195427768785
2022Q3,2022-07-01,NFLX,2466.042387347416,2019-07-01,37.459999084472656,17.9950008392334,1096,Long-Term,-48001.51074240309,-51.96208948469406
2022Q3,2022-07-01,NFLX,1328.9198011721853,2019-10-01,26.95800018310547,17.9950008392334,1004,Long-Term,-11911.107305964899,-33.248012771693524
2022Q3,2022-07-01,NFLX,1361.649283968607,2020-07-01,48.56399917602539,17.9950008392334,730,Long-Term,-41624.25469693036,-62.94580111903758
2022Q3,2022-07-01,NFLX,214.53817522571052,2020-10-01,52.750999450683594,17.9950008392334,638,Long-Term,-7456.488520247854,-65.88690067179343
2022Q3,2022-07-01,NFLX,2226.8220058061243,2021-04-01,53.94200134277344,17.9950008392334,456,Long-Term,-80047.57176400679,-66.64009419138065
2022Q3,2022-07-01,NFLX,5050.315425710206,2022-04-01,37.34700012207031,17.9950008392334,91,Short-Term,-97733.70049644411,-51.81674356597331
2022Q3,2022-07-01,AAPL,4271.2821793426465,2015-10-01,24.555953979492188,136.1959686279297,2465,Long-Term,476846.0050694231,454.63521694849743
2022Q3,2022-07-01,AAPL,3345.1805122378464,2016-01-04,23.709110260009766,136.1959686279297,2370,Long-Term,376288.84649522445,474.4457178456497
2022Q3,2022-07-01,GOOGL,2257.5428264175775,2007-01-03,11.598603248596191,107.78178405761719,5658,Long-Term,217137.64985743017,829.2652032964598
2022Q3,2022-07-01,GOOG,2154.71740667305,2014-10-01,28.08806037902832,108.12767028808594,2830,Long-Term,172462.74069436718,284.95954803920324
2022Q3,2022-07-01,ASML,531.0983900440127,2021-10-01,708.662353515625,433.80230712890625,273,Short-Term,-145977.72812340898,-38.7857553069042
2022Q3,2022-07-01,NVDA,15348.1772790541,2017-07-03,3.4350483417510986,14.48279094696045,1824,Long-Term,169562.7120381121,321.61825703965195
2022Q3,2022-07-01,META,1257.7250015145069,2012-10-01,21.79857635498047,158.6369171142578,3560,Long-Term,172105.0023387047,627.7398052557362
2022Q3,2022-07-01,AVGO,2072.4674469416263,2016-04-01,12.058606147766113,44.76716613769531,2282,Long-Term,67787.4258154656,271.24660669001565
2022Q3,2022-07-01,AMD,1211.6179061576515,2022-01-03,150.24000549316406,73.66999816894531,179,Short-Term,-92773.59194864596,-50.965125482308835
2022Q3,2022-07-01,TXN,665.2375718151882,2018-01-02,83.3834228515625,132.1360626220703,1641,Long-Term,32432.08770051319,58.46802410269999
2022Q3,2022-07-01,INTC,829.9649577197077,2006-04-03,11.387558937072754,34.22932434082031,5933,Long-Term,18957.864857564826,200.5852661660883
2022Q3,2022-07-01,PEP,184.38688770636995,2018-10-01,87.13624572753906,148.5496826171875,1369,Long-Term,11323.832491433845,70.4797829845439
2022Q3,2022-07-01,CSCO,635.975866410103,2004-07-01,14.87276840209961,37.91027069091797,6574,Long-Term,14651.295478055987,154.89720317009792
2022Q3,2022-07-01,ADBE,63.24830977644997,2018-07-02,243.25999450683594,368.4800109863281,1460,Long-Term,7919.954392507092,51.47579516038069
2022Q3,2022-07-01,CMCSA,63.262232397184235,2015-01-02,20.37992286682129,33.00993728637695,2737,Long-Term,799.0029073897184,61.97282738551208
2022Q4,2022-10-03,TSLA,10123.285306019141,2020-04-01,32.104000091552734,242.39999389648438,915,Long-Term,2128886.344000157,655.0460790095285
2022Q4,2022-10-03,AMZN,17023.57720216074,2012-01-03,8.951499938964844,115.87999725341797,3926,Long-Term,1820305.5291436303,1194.5316208851852
2022Q4,2022-10-03,AAPL,6797.584837579351,2016-01-04,23.709110260009766,139.84068298339844,2464,Long-Term,789414.2179087506,489.8183502029942
2022Q4,2022-10-03,PEP,758.5598378766073,2018-10-01,87.13624572753906,145.89291381835938,1463,Long-Term,44570.44862114228,67.4308005815891
2022Q4,2022-10-03,COST,225.9573065112777,2005-07-01,30.29610252380371,456.39990234375,6303,Long-Term,96281.26690153571,1406.4640806029608
2022Q4,2022-10-03,TMUS,111.63243474948987,2022-07-01,130.83058166503906,132.82923889160156,94,Short-Term,223.11497243083468,1.5276682264392831
2022Q4,2022-10-03,CMCSA,436.3332566321112,2015-01-02,20.37992286682129,25.264728546142578,2831,Long-Term,2131.4031700732903,23.968715246090554
2023Q1,2023-01-03,AMD,30948.179575216418,2022-01-03,150.24000549316406,64.0199966430664,365,Short-Term,-2668352.316869571,-57.3881827061173
2023Q1,2023-01-03,AMD,6.868729889165133,2022-04-01,108.19000244140625,64.0199966430664,277,Short-Term,-303.3918390316541,-40.82632849764609
2023Q1,2023-01-03,AMD,1814.8431961742115,2022-10-03,66.11000061035156,64.0199966430664,92,Short-Term,-3793.029480004575,-3.1614036423982452
2023Q1,2023-01-03,MSFT,2522.71667174221,2013-01-02,22.144271850585938,232.94825744628906,3653,Long-Term,531798.728931985,951.9571788951158
2023Q1,2023-01-03,MSFT,6428.198922388205,2013-10-01,27.5285701751709,232.94825744628906,3381,Long-Term,1320478.6123535237,746.2054366208757
2023Q1,2023-01-03,AAPL,2866.5644218316843,2016-01-04,23.709110260009766,122.98271179199219,2556,Long-Term,284574.1741786762,418.7150021375013
2023Q1,2023-01-03,NVDA,5082.7120414047395,2017-07-03,3.4350483417510986,14.283263206481934,2010,Long-Term,55138.352320713304,315.809670940488
2023Q1,2023-01-03,TXN,65.32007432158379,2018-01-02,83.3834228515625,147.3074951171875,1827,Long-Term,4175.525151328918,76.66280668211637
2023Q1,2023-01-03,TMUS,12.034831673107075,2022-07-01,130.83058166503906,132.9630889892578,186,Short-Term,25.66436668864063,1.6299761852917032
2023Q2,2023-04-03,META,2324.2953782834343,2012-10-01,21.79857635498047,211.2152099609375,3836,Long-Term,440260.2060603326,868.9403863875713
2023Q2,2023-04-03,GOOGL,2872.1501107259764,2007-01-03,11.598603248596191,103.44274139404297,5934,Long-Term,263790.15154397686,791.8551585645704
2023Q2,2023-04-03,GOOG,2481.220313685037,2014-10-01,28.08806037902832,103.99311065673828,3106,Long-Term,188337.15266033803,270.2395582088101
2023Q2,2023-04-03,AAPL,1484.4649182435046,2016-01-04,23.709110260009766,163.64627075195312,2646,Long-Term,207731.80550890087,590.2252718777719
2023Q2,2023-04-03,ASML,284.55220413486904,2021-10-01,708.662353515625,654.9137573242188,549,Long-Term,-15294.281515419676,-7.584514109542178
2023Q2,2023-04-03,AZN,1126.201911089442,2022-10-03,103.19451141357422,131.75584411621094,182,Short-Term,32165.827472970854,27.677181965784044
2023Q2,2023-04-03,ADBE,287.3205760901868,2018-07-02,243.25999450683594,380.0799865722656,1736,Long-Term,39311.19894089405,56.24434561992266
2023Q2,2023-04-03,CMCSA,3120.337056250732,2015-01-02,20.37992286682129,31.876956939697266,3013,Long-Term,35874.62145457219,56.41353084605271
2023Q2,2023-04-03,CSCO,2072.7353407207697,2004-07-01,14.87276840209961,47.78537368774414,6850,Long-Term,68219.12013074862,221.2944113417258
2023Q2,2023-04-03,INTC,2523.338926989133,2006-04-03,11.387558937072754,32.10154342651367,6209,Long-Term,52268.403395255395,181.9001298162816
2023Q2,2023-04-03,TXN,326.3610586347868,2018-01-02,83.3834228515625,167.40077209472656,1917,Long-Term,27419.991042687627,100.76025470042175
2023Q2,2023-04-03,COST,111.2230939823775,2005-07-01,30.29610252380371,476.52349853515625,6485,Long-Term,49630.791604082246,1472.88713345471
2023Q2,2023-04-03,PEP,324.5812809593558,2018-10-01,87.13624572753906,163.22291564941406,1645,Long-Term,24696.308787173875,87.31919683547729
2023Q2,2023-04-03,AVGO,776.9219831832299,2016-04-01,12.058606147766113,61.642417907714844,2558,Long-Term,38522.753366323326,411.19024166100866
2023Q3,2023-07-03,AMZN,3590.9821939561552,2012-01-03,8.951499938964844,130.22000122070312,4199,Long-Term,435473.0287904714,1354.728281389698
2023Q3,2023-07-03,AMZN,7441.860332930206,2013-07-01,14.104999542236328,130.22000122070312,3654,Long-Term,864111.6250491063,823.2187553836455
2023Q3,2023-07-03,AZN,3677.527462835396,2022-10-03,103.19451141357422,122.973388671875,273,Short-Term,72737.36430145158,19.16659809457566
2023Q3,2023-07-03,NVDA,7216.9788488487475,2017-07-03,3.4350483417510986,42.330528259277344,2191,Long-Term,280707.85588060814,1132.3124465170797
2023Q3,2023-07-03,GOOG,2550.51596524562,2014-10-01,28.08806037902832,119.50634765625,3197,Long-Term,233163.80121596443,325.4702747131598
2023Q3,2023-07-03,META,861.2441357599376,2012-10-01,21.79857635498047,283.5301208496094,3927,Long-Term,225414.75783939034,1200.6818254203529
2023Q3,2023-07-03,GOOGL,1779.819924811597,2007-01-03,11.598603248596191,118.84617614746094,6025,Long-Term,190881.36713308372,924.659380101179
2023Q3,2023-07-03,TMUS,456.14384198013346,2022-07-01,130.83058166503906,133.24044799804688,367,Long-Term,1099.2456877967593,1.8419747908617488
2023Q3,2023-07-03,PEP,264.0148260055175,2018-10-01,87.13624572753906,167.15505981445312,1736,Long-Term,21126.153278324466,91.83183578636145
2023Q3,2023-07-03,INTC,1208.7164622188063,2006-04-03,11.387558937072754,32.94841384887695,6300,Long-Term,26060.960271408945,189.3369336742731
2023Q3,2023-07-03,CSCO,759.8859550708846,2004-07-01,14.87276840209961,47.69333267211914,6941,Long-Term,24939.88582628914,220.67555536860377
2023Q3,2023-07-03,COST,52.376846156893535,2005-07-01,30.29610252380371,519.7994995117188,6576,Long-Term,25638.644117312808,1615.7305930797904
2023Q3,2023-07-03,ADBE,35.08756748367209,2018-07-02,243.25999450683594,485.2099914550781,1827,Long-Term,8489.436845595703,99.46148253384223
2023Q3,2023-07-03,AVGO,145.2848354575346,2016-04-01,12.058606147766113,84.53890228271484,2649,Long-Term,10530.287897879407,601.0669495858432
2023Q3,2023-07-03,TXN,34.01905046182827,2018-01-02,83.3834228515625,164.65919494628906,2008,Long-Term,2764.924592214557,97.47233840401594
2023Q3,2023-07-03,CMCSA,70.5001996029126,2015-01-02,20.37992286682129,35.53919219970703,3104,Long-Term,1068.7315138027566,74.38334988777204
2023Q4,2023-10-02,TSLA,6544.794189655339,2020-04-01,32.104000091552734,251.60000610351562,1279,Long-Term,1436556.1847996481,683.7029821393412
2023Q4,2023-10-02,AMZN,1271.9032655388546,2013-07-01,14.104999542236328,129.4600067138672,3745,Long-Term,146720.41031785528,817.8306339267098
2023Q4,2023-10-02,AMZN,2451.8715592953536,2014-04-01,17.149499893188477,129.4600067138672,3471,Long-Term,275370.93748366897,654.8908569939509
2023Q4,2023-10-02,AVGO,2664.656114657828,2016-04-01,12.058606147766113,80.97552490234375,2740,Long-Term,183639.88896276202,571.516458121859
2023Q4,2023-10-02,ASML,363.37769136280116,2021-10-01,708.662353515625,568.621826171875,731,Long-Term,-50887.60352340111,-19.761248308029714
2023Q4,2023-10-02,PEP,725.1416644104075,2018-10-01,87.13624572753906,153.4297332763672,1827,Long-Term,48072.16990072786,76.0802660193981
2023Q4,2023-10-02,INTC,3105.5950903864277,2006-04-03,11.387558937072754,34.87668228149414,6391,Long-Term,72947.70613591629,206.27004851717078
2023Q4,2023-10-02,TMUS,687.4941544912178,2022-07-01,130.83058166503906,133.1735076904297,458,Long-Term,1610.7479468613974,1.7908091484215336
2023Q4,2023-10-02,CMCSA,2257.5181275514783,2015-01-02,20.37992286682129,37.862510681152344,3195,Long-Term,39467.258907362935,85.7833855828418
2023Q4,2023-10-02,COST,145.9419307162432,2005-07-01,30.29610252380371,549.9183349609375,6667,Long-Term,75834.6718449598,1715.1454779665653
2023Q4,2023-10-02,CSCO,989.6053925442858,2004-07-01,14.87276840209961,50.43827438354492,7032,Long-Term,35195.81650780433,239.13171388068199
2023Q4,2023-10-02,TXN,279.38932713742815,2018-01-02,83.3834228515625,147.5428009033203,2099,Long-Term,17925.445463436492,76.94500400394098
2024Q1,2024-01-02,AMZN,9773.8630884161,2014-04-01,17.149499893188477,149.92999267578125,3563,Long-Term,1297778.3572694839,774.2528564073824
2024Q1,2024-01-02,MSFT,3896.3917481227477,2013-10-01,27.5285701751709,363.8014831542969,3745,Long-Term,1310251.0032490653,1221.541514286215
2024Q1,2024-01-02,NVDA,20284.349009420075,2017-07-03,3.4350483417510986,48.08253479003906,2374,Long-Term,905645.1975104262,1299.762972928871
2024Q1,2024-01-02,META,1235.8614674770015,2012-10-01,21.79857635498047,343.2755126953125,4110,Long-Term,397300.9583055733,1474.7611546057778
2024Q1,2024-01-02,GOOGL,908.461754964741,2007-01-03,11.598603248596191,136.95558166503906,6208,Long-Term,113882.02060927884,1080.7937449848985
2024Q1,2024-01-02,GOOGL,540.5015314605789,2007-10-01,14.450194358825684,136.95558166503906,5937,Long-Term,66214.34945117969,847.7767444795044
2024Q1,2024-01-02,GOOGL,907.7117746653385,2008-04-01,11.551970481872559,136.95558166503906,5754,Long-Term,113830.33445651415,1085.560349898321
2024Q1,2024-01-02,GOOG,2063.237766816239,2014-10-01,28.08806037902832,138.3402862548828,3380,Long-Term,227476.55630261757,392.523457967832
2024Q1,2024-01-02,AVGO,1652.9325304860638,2016-04-01,12.058606147766113,105.74687194824219,2832,Long-Term,154860.38226643187,776.9410879866249
2024Q1,2024-01-02,ADBE,275.15739837436485,2018-07-02,243.25999450683594,580.0700073242188,2010,Long-Term,92675.76687326754,138.45680359411418
2024Q1,2024-01-02,INTC,3223.155098571266,2006-04-03,11.387558937072754,47.16828536987305,6483,Long-Term,115326.83083246394,314.2089242349771
2024Q1,2024-01-02,ASML,213.19438167861483,2021-10-01,708.662353515625,702.0176391601562,823,Long-Term,-1416.615768445176,-0.9376417870237894
2024Q1,2024-01-02,COST,83.73281697013782,2005-07-01,30.29610252380371,641.7051391601562,6759,Long-Term,51195.00095856,2018.1111948507805
2024Q2,2024-04-01,NVDA,114125.76170449029,2017-07-03,3.4350483417510986,90.20689392089844,2464,Long-Term,9902902.971224599,2526.0734914406853
2024Q2,2024-04-01,CMCSA,48186.76538787062,2015-01-02,20.37992286682129,36.458927154541016,3377,Long-Term,774795.2072829162,78.89629608901268
2024Q2,2024-04-01,CMCSA,1720.6030950786214,2015-04-01,20.448116302490234,36.458927154541016,3288,Long-Term,27548.250706756953,78.29968597205668
2024Q2,2024-04-01,CMCSA,1348.4794343155447,2016-01-04,20.196020126342773,36.458927154541016,3010,Long-Term,21930.19566971106,80.52530610714555
2024Q2,2024-04-01,CMCSA,449.54444742329423,2016-07-01,23.9017333984375,36.458927154541016,2831,Long-Term,5645.016728274795,52.536749309254716
2024Q2,2024-04-01,CMCSA,1221.1697278157162,2016-10-03,24.335800170898438,36.458927154541016,2737,Long-Term,14804.395678890172,49.816019602839354
2024Q2,2024-04-01,CMCSA,3725.0251440341863,2017-04-03,27.84488296508789,36.458927154541016,2555,Long-Term,32087.531197534474,30.93582472676748
2024Q2,2024-04-01,CMCSA,2625.1025715856317,2017-10-02,28.263729095458984,36.458927154541016,2373,Long-Term,21513.235499549817,28.995459273626846
2024Q2,2024-04-01,CMCSA,179.83297367654103,2018-01-02,30.820600509643555,36.458927154541016,2281,Long-Term,1013.957047111585,18.294019427471138
2024Q2,2024-04-01,CMCSA,317.0286781710279,2019-01-02,26.376983642578125,36.458927154541016,1916,Long-Term,3196.265224992566,38.22250356059843
2024Q2,2024-04-01,CMCSA,2933.5117462248572,2019-07-01,32.9491081237793,36.458927154541016,1736,Long-Term,10296.095353863046,10.652242900100504
2024Q2,2024-04-01,CMCSA,671.5601242634065,2019-10-01,34.67668914794922,36.458927154541016,1644,Long-Term,1196.8799771737529,5.139585267174212
2024Q2,2024-04-01,CMCSA,169.98728332668412,2020-01-02,35.33875274658203,36.458927154541016,1551,Long-Term,190.4154044610245,3.169818742590817
2024Q2,2024-04-01,CMCSA,552.6215967027781,2021-04-01,43.80036163330078,36.458927154541016,1096,Long-Term,-4057.0352437410493,-16.761127545527337
2024Q2,2024-04-01,CMCSA,1360.872014162102,2021-07-01,46.412109375,36.458927154541016,1005,Long-Term,-13545.007135678441,-21.445227020473006
2024Q2,2024-04-01,CMCSA,4625.2054682695825,2022-04-01,38.8616943359375,36.458927154541016,731,Long-Term,-11113.291906373712,-6.182867789103359
2024Q2,2024-04-01,CMCSA,1657.5170099209538,2023-01-03,29.83066177368164,36.458927154541016,454,Long-Term,10986.462615044604,22.219639078564523
2024Q2,2024-04-01,CMCSA,1105.8038996417274,2024-01-02,37.65754699707031,36.458927154541016,90,Short-Term,-1325.4384960568498,-3.1829472127394474
2024Q2,2024-04-01,AMZN,8083.465763816608,2014-04-01,17.149499893188477,180.97000122070312,3653,Long-Term,1324237.413892238,955.2494378718396
2024Q2,2024-04-01,TSLA,1346.8421949276203,2020-04-01,32.104000091552734,175.22000122070312,1461,Long-Term,192754.6690900487,445.7886890138882
2024Q2,2024-04-01,PEP,1238.2356557516384,2018-10-01,87.13624572753906,159.28787231445312,2009,Long-Term,89340.71666039489,82.80323071586136
2024Q2,2024-04-01,AZN,1188.7506890823176,2022-10-03,103.19451141357422,129.53517150878906,546,Long-Term,31312.477839069754,25.525252975566676
2024Q2,2024-04-01,COST,127.28269589138203,2005-07-01,30.29610252380371,712.3702392578125,6849,Long-Term,86816.23492129176,2251.359349599843
2024Q2,2024-04-01,COST,16.207655410569075,2006-04-03,36.89287185668945,712.3702392578125,6573,Long-Term,10947.904408475766,1830.9156577048768
2024Q2,2024-04-01,TMUS,613.038099357628,2022-07-01,130.83058166503906,156.8618927001953,640,Long-Term,15958.185440779434,19.896961936470863
2024Q2,2024-04-01,CSCO,949.7205402321742,2004-07-01,14.87276840209961,47.1031608581543,7214,Long-Term,30609.865735259253,216.70741844877162
2024Q2,2024-04-01,TXN,250.99827379842026,2018-01-02,83.3834228515625,162.47364807128906,2281,Long-Term,19851.51000447965,94.85125761810161
2024Q3,2024-07-01,NVDA,49492.721336157316,2017-07-03,3.4350483417510986,124.09546661376953,2555,Long-Term,5971812.457841192,3512.626498016295
2024Q3,2024-07-01,INTC,355.35155656450434,2006-04-03,11.387558937072754,30.645597457885742,6664,Long-Term,6843.37396475008,169.11472096199216
2024Q3,2024-07-01,INTC,797.1034299776802,2006-07-03,11.45190143585205,30.645597457885742,6573,Long-Term,15299.360933112011,167.602700124057
2024Q3,2024-07-01,INTC,1357.5931232854114,2007-01-03,12.165159225463867,30.645597457885742,6389,Long-Term,25088.91585963674,151.9128347596059
2024Q3,2024-07-01,INTC,843.5230806712678,2007-07-02,14.66170597076416,30.645597457885742,6209,Long-Term,13482.78138833205,109.01795138296933
2024Q3,2024-07-01,INTC,905.933170142803,2007-10-01,16.004758834838867,30.645597457885742,6118,Long-Term,13263.621347326045,91.47803334078965
2024Q3,2024-07-01,INTC,747.2765369195675,2008-01-02,15.45083999633789,30.645597457885742,6025,Long-Term,11354.685735198238,98.34259797622178
2024Q3,2024-07-01,INTC,3197.3254610519466,2008-04-01,13.472064018249512,30.645597457885742,5935,Long-Term,54909.375722775934,127.4751472110928
2024Q3,2024-07-01,INTC,1017.139220732711,2008-10-01,11.49581527709961,30.645597457885742,5752,Long-Term,19477.994524565962,166.58046183930693
2024Q3,2024-07-01,INTC,5823.303904089543,2009-07-01,10.870258331298828,30.645597457885742,5479,Long-Term,115157.80954054826,181.92151946975918
2024Q3,2024-07-01,INTC,1604.2872819297086,2010-01-04,13.519428253173828,30.645597457885742,5292,Long-Term,27475.295443295556,126.67820623768881
2024Q3,2024-07-01,INTC,1247.5907010120382,2010-04-01,14.613090515136719,30.645597457885742,5205,Long-Term,20002.006575684623,109.71332125905897
2024Q3,2024-07-01,INTC,842.2701675623242,2011-04-01,13.273812294006348,30.645597457885742,4840,Long-Term,14631.736400837395,130.8726142807025
2024Q3,2024-07-01,INTC,10048.64285058088,2011-07-01,15.284353256225586,30.645597457885742,4749,Long-Term,154359.6567230393,100.5030696696522
2024Q3,2024-07-01,INTC,2013.8931139370052,2011-10-03,14.125179290771484,30.645597457885742,4655,Long-Term,33270.356386111205,116.95722813166466
2024Q3,2024-07-01,INTC,2235.673672121076,2012-04-02,19.770389556884766,30.645597457885742,4473,Long-Term,24313.41598311099,55.00755495843953
2024Q3,2024-07-01,INTC,7809.293896047866,2012-07-02,18.713825225830078,30.645597457885742,4382,Long-Term,93178.71606082573,63.75913041865237
2024Q3,2024-07-01,INTC,7517.689009919642,2013-07-01,17.430538177490234,30.645597457885742,4018,Long-Term,99346.70591766588,75.81555512417518
2024Q3,2024-07-01,INTC,3494.066217041731,2014-01-02,19.178794860839844,30.645597457885742,3833,Long-Term,40065.76757182446,59.78896317650986
2024Q3,2024-07-01,INTC,2227.1106373574435,2014-07-01,23.457889556884766,30.645597457885742,3653,Long-Term,16007.820724537418,30.64089752648453
2024Q3,2024-07-01,INTC,1906.5497392614038,2015-10-01,23.543582916259766,30.645597457885742,3196,Long-Term,13540.343972567704,30.165393971200338
2024Q3,2024-07-01,INTC,3013.983760885016,2016-01-04,26.862781524658203,30.645597457885742,3101,Long-Term,11401.3457931649,14.081996422281035
2024Q3,2024-07-01,INTC,916.8351093571251,2016-07-01,26.33614158630371,30.645597457885742,2922,Long-Term,3951.060445291617,16.36327727605775
2024Q3,2024-07-01,INTC,2032.2284224091197,2016-10-03,30.514108657836914,30.645597457885742,2828,Long-Term,267.2152766876982,0.4309114892499341
2024Q3,2024-07-01,INTC,622.7509576239381,2017-01-03,29.87977409362793,30.645597457885742,2736,Long-Term,476.91723346233874,2.5630159112251443
2024Q3,2024-07-01,INTC,4158.68143646986,2017-04-03,29.731304168701172,30.645597457885742,2646,Long-Term,3802.2545292208424,3.075187297525508
2024Q3,2024-07-01,INTC,7233.298837374062,2017-10-02,32.58084487915039,30.645597457885742,2464,Long-Term,-13998.222922264733,-5.93983191179637
2024Q3,2024-07-01,INTC,3198.9478135682366,2018-07-02,42.67347717285156,30.645597457885742,2191,Long-Term,-38476.55951605165,-28.18584402261421
2024Q3,2024-07-01,INTC,2042.7089265937898,2019-01-02,40.518043518066406,30.645597457885742,2007,Long-Term,-20166.533694446734,-24.365554708431773
2024Q3,2024-07-01,INTC,663.9404631038112,2019-04-01,47.2098274230957,30.645597457885742,1918,Long-Term,-10997.662514059528,-35.086402279679824
2024Q3,2024-07-01,INTC,2715.059454110329,2019-07-01,41.86983108520508,30.645597457885742,1827,Long-Term,-30474.461624996435,-26.807449030491735
2024Q3,2024-07-01,INTC,849.4508160155423,2019-10-01,44.529903411865234,30.645597457885742,1735,Long-Term,-11794.035022417333,-31.179735167087614
2024Q3,2024-07-01,INTC,1897.253013328936,2020-01-02,53.66646957397461,30.645597457885742,1642,Long-Term,-43676.41899170968,-42.89619253667614
2024Q3,2024-07-01,INTC,4303.767459530418,2020-10-01,46.8852653503418,30.645597457885742,1369,Long-Term,-69891.7542291333,-34.63703952853424
2024Q3,2024-07-01,INTC,697.244021122004,2021-07-01,51.25555419921875,30.645597457885742,1096,Long-Term,-14370.169113477581,-40.21019197495508
2024Q3,2024-07-01,INTC,5089.157047583191,2022-10-03,25.66000747680664,30.645597457885742,637,Long-Term,25372.45038856886,19.429417491734704
2024Q3,2024-07-01,INTC,712.5943204136565,2023-01-03,25.775144577026367,30.645597457885742,545,Long-Term,3470.657060742722,18.895928464356533
2024Q3,2024-07-01,INTC,4231.20205859045,2024-04-01,44.060401916503906,30.645597457885742,91,Short-Term,-56760.748240893525,-30.446396027071465
2024Q3,2024-07-01,AAPL,7623.831713316964,2016-01-04,23.709110260009766,214.8885498046875,3101,Long-Term,1457519.8741348775,806.3543399481368
2024Q3,2024-07-01,AMD,575.0437353927836,2024-01-02,138.5800018310547,157.69000244140625,181,Short-Term,10989.086134334937,13.789868926144841
2024Q4,2024-10-01,AAPL,17779.95531278579,2016-01-04,23.709110260009766,224.5269012451172,3193,Long-Term,3570531.3497275673,847.0068626903618
2024Q4,2024-10-01,TSLA,4475.016702454246,2020-04-01,32.104000091552734,258.0199890136719,1644,Long-Term,1010977.8237779516,703.7004369482374
2024Q4,2024-10-01,AVGO,3452.169387451142,2016-04-01,12.058606147766113,164.91921997070312,3105,Long-Term,527700.7315865341,1267.6474540239863
2024Q4,2024-10-01,ADBE,169.5399672687777,2018-07-02,243.25999450683594,502.79998779296875,2283,Long-Term,44002.40196666974,106.69242750428467
2024Q4,2024-10-01,ASML,52.42414620227709,2021-10-01,708.662353515625,809.8404541015625,1096,Long-Term,5304.175537585885,14.277335332404768
2024Q4,2024-10-01,TXN,144.44580522727478,2018-01-02,83.3834228515625,191.75108337402344,2464,Long-Term,15653.253984762827,129.96307517307713
2024Q4,2024-10-01,TMUS,10.205561116839963,2022-07-01,130.83058166503906,200.15113830566406,823,Long-Term,707.4551774492647,52.984979320893025
2025Q1,2025-01-02,AMZN,13461.522406839296,2014-04-01,17.149499893188477,220.22000122070312,3929,Long-Term,2733638.1037884275,1184.1190856426736
2025Q1,2025-01-02,TSLA,4875.0995982104905,2020-04-01,32.104000091552734,379.2799987792969,1737,Long-Term,1692517.5717109472,1081.410408976088
2025Q1,2025-01-02,GOOGL,2244.5112146495285,2008-04-01,11.551970481872559,188.44570922851562,6120,Long-Term,397039.9804181242,1531.2862772998433
2025Q1,2025-01-02,GOOG,2123.429409951584,2014-10-01,28.08806037902832,189.6429443359375,3746,Long-Term,343050.3919154163,575.1728021687555
2025Q1,2025-01-02,NVDA,1355.5028140935249,2017-07-03,3.4350483417510986,138.1037139892578,2740,Long-Term,182543.75525541537,3920.429998340463
2025Q1,2025-01-02,PEP,923.5373639741075,2018-10-01,87.13624572753906,141.66854858398438,2285,Long-Term,50362.6192314792,62.58280053395805
2025Q1,2025-01-02,NFLX,1131.5158215289434,2024-04-01,61.430999755859375,88.6729965209961,276,Short-Term,30824.750349792495,44.34568356921187
2025Q1,2025-01-02,TMUS,369.2272986379558,2022-07-01,130.83058166503906,213.96224975585938,916,Long-Term,30694.481240440735,63.54146487222644
2025Q1,2025-01-02,COST,82.07592013112767,2006-04-03,36.89287185668945,902.542724609375,6849,Long-Term,71049.00817605185,2346.3878228707886
2025Q1,2025-01-02,AZN,530.3334139225753,2022-10-03,103.19451141357422,127.6762466430664,822,Long-Term,12983.482223005176,23.723873386421072
2025Q1,2025-01-02,CSCO,395.63287751612745,2004-07-01,14.87276840209961,56.99873352050781,7490,Long-Term,16666.41679793985,283.24225846521773
2025Q2,2025-04-01,ADBE,5924.020702331026,2018-07-02,243.25999450683594,383.20001220703125,2465,Long-Term,829007.5619405272,57.5269344981683
2025Q2,2025-04-01,ADBE,159.48484889655202,2018-10-01,275.489990234375,383.20001220703125,2374,Long-Term,17178.11657895338,39.09761726043883
2025Q2,2025-04-01,ADBE,193.25818752037262,2019-04-01,272.1700134277344,383.20001220703125,2192,Long-Term,21457.456324476098,40.79435400725259
2025Q2,2025-04-01,ADBE,312.22184041077617,2019-07-01,300.9700012207031,383.20001220703125,2101,Long-Term,25674.00536714971,27.321663505602462
2025Q2,2025-04-01,ADBE,108.97543796142936,2020-01-02,334.42999267578125,383.20001220703125,1916,Long-Term,5314.734237805433,14.583028017624876
2025Q2,2025-04-01,ADBE,188.89713004939088,2020-10-01,499.510009765625,383.20001220703125,1643,Long-Term,-21970.62473487002,-23.284818178752325
2025Q2,2025-04-01,ADBE,46.57269174368626,2021-04-01,483.3399963378906,383.20001220703125,1461,Long-Term,-4663.788612144148,-20.718331793269197
2025Q2,2025-04-01,ADBE,515.0405461156034,2022-04-01,458.19000244140625,383.20001220703125,1096,Long-Term,-38622.88552351627,-16.36657060058066
2025Q2,2025-04-01,ADBE,49.75540753124843,2022-10-03,285.239990234375,383.20001220703125,911,Long-Term,4874.040815019563,34.34301827459915
2025Q2,2025-04-01,ADBE,52.64745351157404,2023-01-03,336.9200134277344,383.20001220703125,819,Long-Term,2436.5240842487356,13.73619759433597
2025Q2,2025-04-01,ADBE,54.67408333966702,2023-10-02,521.1300048828125,383.20001220703125,547,Long-Term,-7541.195914595326,-26.467482467603805
2025Q2,2025-04-01,ADBE,65.71695316152959,2024-04-01,502.0899963378906,383.20001220703125,365,Short-Term,-7813.087518502682,-23.67901870143021
2025Q2,2025-04-01,ADBE,318.7134608638417,2024-07-01,560.010009765625,383.20001220703125,274,Short-Term,-56351.726237226816,-31.57264950185304
2025Q2,2025-04-01,ADBE,71.94082234750113,2025-01-02,441.0,383.20001220703125,89,Short-Term,-4158.178653501698,-13.106573195684524
2025Q2,2025-04-01,MSFT,2824.5015415453736,2013-10-01,27.5285701751709,378.4665832519531,4200,Long-Term,991224.9589222418,1274.8138055978914
2025Q2,2025-04-01,AAPL,680.9706740273723,2016-01-04,23.709110260009766,222.01690673828125,3375,Long-Term,135041.7938326915,836.4202380582703
2025Q2,2025-04-01,AAPL,3289.457424131121,2016-07-01,21.829317092895508,222.01690673828125,3196,Long-Term,658508.5529779284,917.0584164107364
2025Q2,2025-04-01,META,328.62532138670116,2012-10-01,21.79857635498047,583.6365966796875,4565,Long-Term,184634.19999647478,2577.406942432459
2025Q2,2025-04-01,AZN,594.7294441973412,2022-10-03,103.19451141357422,142.70941162109375,911,Long-Term,23500.674637931494,38.29166848724644
2025Q2,2025-04-01,TXN,135.79445948247005,2018-01-02,83.3834228515625,171.6692657470703,2646,Long-Term,11988.728315949751,105.8793701149358
2025Q2,2025-04-01,ASML,32.60882158441103,2021-10-01,708.662353515625,660.1067504882812,1278,Long-Term,-1583.3409960421404,-6.8517260422347475
2025Q3,2025-07-01,NVDA,60614.597425854576,2017-07-03,3.4350483417510986,153.0961151123047,2920,Long-Term,9071645.312621048,4356.88385958086
2025Q3,2025-07-01,MSFT,1291.4180353770598,2013-10-01,27.5285701751709,488.15081787109375,4291,Long-Term,594855.8781704342,1673.2516246389587
2025Q3,2025-07-01,MSFT,2874.1843230026893,2014-01-02,30.694435119628906,488.15081787109375,4198,Long-Term,1314813.963761778,1490.3560888759416
2025Q3,2025-07-01,MSFT,4942.924618799409,2014-07-01,35.09008026123047,488.15081787109375,4018,Long-Term,2239445.0737432125,1291.1362249302997
2025Q3,2025-07-01,TSLA,6824.22816893429,2020-04-01,32.104000091552734,300.7099914550781,1917,Long-Term,1833028.5726074905,836.6745283999719
2025Q3,2025-07-01,META,1689.216348044978,2012-10-01,21.79857635498047,716.8704223632812,4656,Long-Term,1174126.7253430232,3188.61119501271
2025Q3,2025-07-01,AVGO,4109.070742677639,2016-04-01,12.058606147766113,262.8143310546875,3378,Long-Term,1030373.0127739531,2079.4752049628432
2025Q3,2025-07-01,NFLX,2127.816621360464,2024-04-01,61.430999755859375,129.36000061035156,456,Long-Term,144540.45709059763,110.57772317633984
2025Q3,2025-07-01,GOOG,1548.054402906175,2014-10-01,28.08806037902832,176.40625,3926,Long-Term,229604.62647381815,528.0471047823296
2025Q3,2025-07-01,GOOGL,1439.4544736528142,2008-04-01,11.551970481872559,175.3397979736328,6300,Long-Term,235765.1210128897,1417.8345395599597
2025Q3,2025-07-01,AMD,1238.9414131807537,2024-01-02,138.5800018310547,136.11000061035156,546,Long-Term,-3060.1868029361162,-1.7823648348008734
2025Q3,2025-07-01,ASML,118.80268597904778,2021-10-01,708.662353515625,784.3236083984375,1369,Long-Term,8988.760304623469,10.676629639977662
2025Q3,2025-07-01,COST,30.441742671483567,2006-04-03,36.89287185668945,980.4409790039062,7029,Long-Term,28723.248675940977,2557.534991616901
2025Q3,2025-07-01,COST,34.70747820231787,2007-01-03,36.15089797973633,980.4409790039062,6754,Long-Term,32773.92740381136,2612.0791841836767
2025Q4,2025-10-01,AAPL,18400.973866917022,2016-07-01,21.829317092895508,254.72933959960938,3379,Long-Term,4285587.227750428,1066.913919091462
2025Q4,2025-10-01,TXN,14026.676954060564,2018-01-02,83.3834228515625,176.73663330078125,2829,Long-Term,1309435.3255956224,111.95655833822542
2025Q4,2025-10-01,TXN,7.977300893264764,2018-10-01,86.56012725830078,176.73663330078125,2557,Long-Term,719.3651222041748,104.17788062324375
2025Q4,2025-10-01,TXN,365.3021881631969,2019-04-01,88.70882415771484,176.73663330078125,2375,Long-Term,32156.751299174426,99.23230296296379
2025Q4,2025-10-01,TXN,653.7682222925329,2019-07-01,96.32170104980469,176.73663330078125,2284,Long-Term,52572.72730349541,83.48578915710462
2025Q4,2025-10-01,TXN,4.837595164573757,2019-10-01,106.32154846191406,176.73663330078125,2192,Long-Term,340.63967392955476,66.22842298435006
2025Q4,2025-10-01,TXN,8.274196994108577,2020-01-02,107.93944549560547,176.73663330078125,2099,Long-Term,569.2414845407087,63.73683641720831
2025Q4,2025-10-01,TXN,892.4631873858639,2020-10-01,123.38433074951172,176.73663330078125,1826,Long-Term,47614.965989280965,43.240743964144464
2025Q4,2025-10-01,TXN,651.4333461700338,2022-04-01,160.8782196044922,176.73663330078125,1279,Long-Term,10330.699499122278,9.857402534212437
2025Q4,2025-10-01,TXN,772.0019556609311,2022-10-03,143.12469482421875,176.73663330078125,1094,Long-Term,25948.482237461147,23.484373900565256
2025Q4,2025-10-01,TXN,61.348846296381836,2024-01-02,157.56179809570312,176.73663330078125,638,Long-Term,1176.354017754789,12.169723522342212
2025Q4,2025-10-01,TXN,609.9839459043153,2024-07-01,183.89588928222656,176.73663330078125,457,Long-Term,-4367.031213301083,-3.8931027818995685
2025Q4,2025-10-01,TXN,170.56602515244586,2025-01-02,178.9875030517578,176.73663330078125,272,Short-Term,-383.9219065599479,-1.2575569314052493
2025Q4,2025-10-01,TXN,541.5439414961553,2025-07-01,204.70823669433594,176.73663330078125,92,Short-Term,-15147.852351712838,-13.664131861641224
2025Q4,2025-10-01,NVDA,10352.511437961242,2017-07-03,3.4350483417510986,187.0015106201172,3012,Long-Term,1900373.9003628658,5343.926606424079
2025Q4,2025-10-01,META,779.8113013789392,2012-10-01,21.79857635498047,715.4791259765625,4748,Long-Term,540939.9321416637,3182.22868468698
2025Q4,2025-10-01,TMUS,1340.798373823473,2022-07-01,130.83058166503906,229.75271606445312,1188,Long-Term,132634.6369378814,75.61086493728273
2025Q4,2025-10-01,GOOGL,1216.8548977829846,2008-04-01,11.551970481872559,244.4217529296875,6392,Long-Term,283368.73531728174,2015.8446804658652
2025Q4,2025-10-01,GOOG,999.1029025603585,2014-10-01,28.08806037902832,245.05967712402344,4018,Long-Term,216776.97206313832,772.4692051253026
2025Q4,2025-10-01,COST,158.43777765331873,2007-01-03,36.15089797973633,913.4688110351562,6846,Long-Term,139000.30043994825,2426.82191061252
2025Q4,2025-10-01,COST,11.168737153444487,2007-04-02,36.96879196166992,913.4688110351562,6757,Long-Term,9789.398328020849,2370.9187467696033
2025Q4,2025-10-01,COST,55.86643486890923,2007-07-02,41.42717742919922,913.4688110351562,6666,Long-Term,48717.857126824405,2104.998910669965
2025Q4,2025-10-01,PEP,697.2642192283164,2018-10-01,87.13624572753906,139.0354766845703,2557,Long-Term,36187.47675180446,59.56101335753178
2025Q4,2025-10-01,NFLX,756.7351968134957,2024-04-01,61.430999755859375,117.08999633789062,548,Long-Term,42119.1217329451,90.60408719251296
2025Q4,2025-10-01,CSCO,609.1164941836222,2004-07-01,14.87276840209961,67.60728454589844,7762,Long-Term,32121.46359598037,354.5709495237902
2025Q4,2025-10-01,CSCO,267.9834666597977,2004-10-01,12.182669639587402,67.60728454589844,7670,Long-Term,14852.880440877532,454.94638323122206
2026Q1,2026-01-02,TSLA,6182.731164844881,2020-04-01,32.104000091552734,438.07000732421875,2102,Long-Term,2509978.6847850466,1264.5340333757492
2026Q1,2026-01-02,AAPL,7763.465301262233,2016-07-01,21.829317092895508,270.5074462890625,3472,Long-Term,1930604.027197249,1139.1933523980963
2026Q1,2026-01-02,AAPL,1699.5304924988304,2017-07-03,33.29331588745117,270.5074462890625,3105,Long-Term,403152.6478691323,712.4977614231013
2026Q1,2026-01-02,AMZN,316.3841453754303,2014-04-01,17.149499893188477,226.5,4294,Long-Term,66235.1790602125,1220.7382221679968
2026Q1,2026-01-02,AMZN,9387.5318555016,2014-07-01,16.61949920654297,226.5,4203,Long-Term,1970259.8870472068,1262.8569500507494
2026Q1,2026-01-02,AVGO,2565.250210548833,2016-04-01,12.058606147766113,346.3441467285156,3563,Long-Term,857526.0533581981,2772.173968404107
2026Q1,2026-01-02,GOOG,2650.3907145694225,2014-10-01,28.08806037902832,314.90850830078125,4111,Long-Term,760186.2519204565,1021.1472207454547
2026Q1,2026-01-02,GOOGL,2496.2318074263267,2008-04-01,11.551970481872559,314.7403259277344,6485,Long-Term,756828.4165052392,2624.5596447950356
2026Q1,2026-01-02,PLTR,4385.52362089256,2025-07-01,130.67999267578125,167.86000061035156,185,Short-Term,163053.80302203092,28.451186117537052
2026Q1,2026-01-02,AZN,3916.8874601651455,2022-10-03,103.19451141357422,181.2504119873047,1187,Long-Term,305736.17814914224,75.63958538541323
2026Q1,2026-01-02,META,523.986371036808,2012-10-01,21.79857635498047,649.2518310546875,4841,Long-Term,328776.9539253335,2878.4139132845185
2026Q1,2026-01-02,NFLX,2290.155616372155,2024-04-01,61.430999755859375,90.98999786376953,641,Long-Term,67694.70553116433,48.11739712097194
2026Q1,2026-01-02,CSCO,702.678544856299,2004-10-01,12.182669639587402,75.63018798828125,7763,Long-Term,44583.20986800353,520.8014353645615
2026Q1,2026-01-02,CSCO,1931.6014410281427,2005-07-01,12.22128677368164,75.63018798828125,7490,Long-Term,122480.72496013176,518.8398111330612
2026Q1,2026-01-02,PEP,1357.2626492239046,2018-10-01,87.13624572753906,139.50282287597656,2650,Long-Term,71075.19923127627,60.09735295709125
2026Q1,2026-01-02,COST,77.68992899602051,2007-07-02,41.42717742919922,852.0977783203125,6759,Long-Term,62980.94142239187,1956.8569504320762
2026Q1,2026-01-02,COST,107.43433684273313,2008-01-02,47.06896209716797,852.0977783203125,6575,Long-Term,86487.73701022401,1710.317755809579
2026Q1,2026-01-02,TMUS,258.06007394322035,2022-07-01,130.83058166503906,197.5530548095703,1281,Long-Term,17218.406353352268,50.99914125227881
2026Q2,2026-04-01,AZN,20240.230464951837,2022-10-03,103.19451141357422,200.72999572753906,1276,Long-Term,1974140.6810253432,94.51615495621701
2026Q2,2026-04-01,AZN,1603.0693108202959,2023-01-03,128.79342651367188,200.72999572753906,1184,Long-Term,115319.30643245058,55.85422421091566
2026Q2,2026-04-01,AZN,1657.4809843106816,2023-10-02,126.5884780883789,200.72999572753906,912,Long-Term,122888.15563484294,58.568930410394515
2026Q2,2026-04-01,AZN,1427.4454843883095,2024-01-02,129.7565155029297,200.72999572753906,820,Long-Term,101310.77385794163,54.69743076062097
2026Q2,2026-04-01,AZN,1052.3365617489826,2024-07-01,150.12599182128906,200.72999572753906,639,Long-Term,53252.44348143521,33.707689982484396
2026Q2,2026-04-01,AZN,877.1637810592906,2024-10-01,152.4634246826172,200.72999572753906,547,Long-Term,42337.68795653055,31.657803270127445
2026Q2,2026-04-01,AZN,1282.1572387944443,2025-07-01,140.46852111816406,200.72999572753906,274,Short-Term,77264.68589083776,42.9003410370372
2026Q2,2026-04-01,AZN,1621.1254671277586,2025-10-01,166.97918701171875,200.72999572753906,182,Short-Term,54714.29554537383,20.21258416682293
2026Q2,2026-04-01,NVDA,15460.606319647279,2017-07-03,3.4350483417510986,175.54541015625,3194,Long-Term,2660930.547546021,5010.4203694193575
2026Q2,2026-04-01,AAPL,5184.844397198217,2017-07-03,33.29331588745117,255.3946990966797,3194,Long-Term,1151561.1123423425,667.1050248045206
2026Q2,2026-04-01,AAPL,176.27445567752258,2017-10-02,35.825462341308594,255.3946990966797,3103,Long-Term,38704.44769258212,612.8859822199602
2026Q2,2026-04-01,AAPL,252.60026145908358,2018-01-02,40.267066955566406,255.3946990966797,3011,Long-Term,54341.296125918765,534.252053616174
2026Q2,2026-04-01,AAPL,4857.543721736087,2018-04-02,39.12156295776367,255.3946990966797,2921,Long-Term,1050556.2146317654,552.8233531272979
2026Q2,2026-04-01,AMZN,8682.122474798814,2014-07-01,16.61949920654297,210.57000732421875,4292,Long-Term,1683902.0655271227,1167.0057304814513
2026Q2,2026-04-01,AVGO,5835.251674208121,2016-04-01,12.058606147766113,312.99462890625,3652,Long-Term,1756037.430630976,2495.6120058223564
2026Q2,2026-04-01,GOOG,5192.086153218756,2014-10-01,28.08806037902832,294.7226257324219,4200,Long-Term,1384389.6347408562,949.2808038552697
2026Q2,2026-04-01,GOOGL,5088.26622577623,2008-04-01,11.551970481872559,297.2124938964844,6574,Long-Term,1453516.7933281295,2472.8294091719895
2026Q2,2026-04-01,ASML,971.3229326710526,2021-10-01,708.662353515625,1356.7965087890625,1643,Long-Term,629547.5684644707,91.45880997601871
2026Q2,2026-04-01,META,1890.075894555219,2012-10-01,21.79857635498047,578.6936645507812,4930,Long-Term,1052573.9819950857,2554.731461022973
2026Q2,2026-04-01,MU,1907.1630820947655,2026-01-02,315.2875671386719,367.8500061035156,89,Short-Term,100245.1430986094,16.671269166070665
2026Q2,2026-04-01,TSLA,1478.9578762689687,2020-04-01,32.104000091552734,381.260009765625,2191,Long-Term,516387.0305541134,1087.5778989483085
2026Q2,2026-04-01,AMD,2589.804560418195,2024-01-02,138.5800018310547,210.2100067138672,820,Long-Term,185507.71330828537,51.68855818759326
2026Q2,2026-04-01,COST,391.53382798779944,2008-01-02,47.06896209716797,995.1160278320312,6664,Long-Term,371192.49675977195,2014.166073553394
2026Q2,2026-04-01,COST,144.80101603929995,2008-07-01,50.337181091308594,995.1160278320312,6483,Long-Term,136804.9369404947,1876.9005857259888
2026Q2,2026-04-01,NFLX,3900.071951623652,2024-04-01,61.430999755859375,95.55000305175781,730,Long-Term,133066.56777168842,55.54036794370113
2026Q2,2026-04-01,TMUS,1739.4680222353159,2022-07-01,130.83058166503906,203.1477508544922,1370,Long-Term,125793.40326363474,55.27543198929149
2026Q2,2026-04-01,CSCO,4556.56272163022,2005-07-01,12.22128677368164,77.51000213623047,7579,Long-Term,297492.1265641163,534.2212859544962
2026Q2,2026-04-01,PEP,1770.8242510037494,2018-10-01,87.13624572753906,153.0398406982422,2739,Long-Term,116703.68420244983,75.63281435921971
2026Q2,2026-04-01,PLTR,593.835068842243,2025-07-01,130.67999267578125,146.49000549316406,274,Short-Term,9388.540049807267,12.098265766365369
2026Q3,2026-07-01,MU,5850.384016091561,2026-01-02,315.2875671386719,1032.121337890625,180,Short-Term,4193752.8346018684,227.35871802920494
2026Q3,2026-07-01,PEP,14509.871089685143,2018-10-01,87.13624572753906,141.16000366210938,2830,Long-Term,783877.7634109701,61.99918011557883
2026Q3,2026-07-01,PEP,23.76563685891957,2019-04-01,97.56950378417969,141.16000366210938,2648,Long-Term,1035.9559905976548,44.67635704528163
2026Q3,2026-07-01,PEP,1365.5397509554202,2019-07-01,106.23518371582031,141.16000366210938,2557,Long-Term,47691.22993161846,32.87500310604549
2026Q3,2026-07-01,PEP,697.317252558563,2019-10-01,111.43075561523438,141.16000366210938,2465,Long-Term,20730.7175686789,26.67957143674841
2026Q3,2026-07-01,PEP,831.6211758902331,2020-04-01,97.13832092285156,141.16000366210938,2282,Long-Term,36609.36356428836,45.318554326484985
2026Q3,2026-07-01,PEP,851.4282449648894,2020-10-01,117.52747344970703,141.16000366210938,2099,Long-Term,20121.403722825453,20.10809006501386
2026Q3,2026-07-01,PEP,534.3856626850468,2021-07-01,126.49787139892578,141.16000366210938,1826,Long-Term,7835.23326583717,11.590813427164202
2026Q3,2026-07-01,PEP,1982.1792875008373,2022-04-01,147.84579467773438,141.16000366210938,1552,Long-Term,-13252.436471731062,-4.522138103554651
2026Q3,2026-07-01,PEP,623.1607125743672,2023-01-03,159.3822784423828,141.16000366210938,1275,Long-Term,-11355.405736801114,-11.433062043256488
2026Q3,2026-07-01,PEP,973.9335028964133,2024-01-02,158.01751708984375,141.16000366210938,911,Long-Term,-16418.097102796663,-10.668129545504582
2026Q3,2026-07-01,PEP,722.1385421962443,2024-07-01,151.1792449951172,141.16000366210938,730,Long-Term,-7235.280330130618,-6.627392095609035
2026Q3,2026-07-01,PEP,1046.0160262113397,2024-10-01,160.27008056640625,141.16000366210938,638,Long-Term,-19989.44670402572,-11.923670866552545
2026Q3,2026-07-01,PEP,274.27579897862773,2025-04-01,142.40728759765625,141.16000366210938,456,Long-Term,-342.09979797532634,-0.8758568164508759
2026Q3,2026-07-01,PEP,890.1008159523287,2025-07-01,130.10867309570312,141.16000366210938,365,Short-Term,9836.798354517114,8.493923044067401
2026Q3,2026-07-01,GOOGL,9185.682941467629,2008-04-01,11.551970481872559,361.2099914550781,6665,Long-Term,3211847.7186009046,3026.8257828557616
2026Q3,2026-07-01,GOOGL,148.44695727146973,2008-10-01,10.212743759155273,361.2099914550781,6482,Long-Term,52104.47343112014,3436.8555206456576
2026Q3,2026-07-01,TMUS,16733.764860622872,2022-07-01,130.83058166503906,173.05999755859375,1461,Long-Term,706657.1157641945,32.27793942067244
2026Q3,2026-07-01,TMUS,12.27927218558765,2023-04-03,140.345703125,173.05999755859375,1185,Long-Term,401.7077257095526,23.30979410495846
2026Q3,2026-07-01,TMUS,685.3887711858783,2024-01-02,155.50946044921875,173.05999755859375,911,Long-Term,12028.941063046688,11.285832423748964
2026Q3,2026-07-01,TMUS,1010.1439489767293,2024-07-01,173.34603881835938,173.05999755859375,730,Long-Term,-288.94284770992687,-0.1650117082083158
2026Q3,2026-07-01,TMUS,257.9870463646865,2025-04-01,262.6040344238281,173.05999755859375,456,Long-Term,-23101.201590432414,-34.09850007129568
2026Q3,2026-07-01,TMUS,284.0367655426556,2025-07-01,237.043212890625,173.05999755859375,365,Short-Term,-18173.585531929406,-26.992215702692988
2026Q3,2026-07-01,AVGO,8690.03976626779,2016-04-01,12.058606147766113,369.3399963378906,3743,Long-Term,3104789.4884996205,2962.87469556597
2026Q3,2026-07-01,AMZN,11511.151672611728,2014-07-01,16.61949920654297,241.6999969482422,4383,Long-Term,2590935.748051641,1354.3157645393235
2026Q3,2026-07-01,AMZN,299.7600739237632,2015-04-01,18.51300048828125,241.6999969482422,4109,Long-Term,66902.55055766056,1205.5690086609059
2026Q3,2026-07-01,AMZN,86.00261644096196,2016-04-01,29.924999237060547,241.6999969482422,3743,Long-Term,18213.203899940352,707.6858917640652
2026Q3,2026-07-01,GOOG,7908.574949415336,2014-10-01,28.08806037902832,357.8900146484375,4291,Long-Term,2608263.4738032715,1174.1713376394357
2026Q3,2026-07-01,AMD,5208.162674877746,2024-01-02,138.5800018310547,540.8800048828125,911,Long-Term,2095243.8599973684,290.30162919337295
2026Q3,2026-07-01,ASML,1241.3379430169557,2021-10-01,708.662353515625,1843.0400390625,1734,Long-Term,1408146.0627810927,160.07308415909293
2026Q3,2026-07-01,TSLA,5353.45028229573,2020-04-01,32.104000091552734,425.29998779296875,2282,Long-Term,2104955.171357694,1224.7569978199524
2026Q3,2026-07-01,WMT,15822.054979774213,2026-04-01,124.50239562988281,108.81999969482422,91,Short-Term,-248127.7306990847,-12.596059582402555
2026Q3,2026-07-01,CSCO,5046.036152745126,2005-07-01,12.22128677368164,116.57390594482422,7670,Long-Term,526567.0889712296,853.8595084427966
2026Q3,2026-07-01,CSCO,134.18353155162094,2006-07-03,12.871281623840332,116.57390594482422,7303,Long-Term,13915.184362560634,805.6899643070874
2026Q3,2026-07-01,COST,294.1600087219259,2008-07-01,50.337181091308594,924.6699829101562,6574,Long-Term,257193.74460889815,1736.9522545032091
2026Q3,2026-07-01,COST,4.433257061513756,2009-04-01,32.45578384399414,924.6699829101562,6300,Long-Term,3955.414898392903,2749.01448492135
2026Q3,2026-07-01,COST,215.80479907091336,2009-07-01,32.18717575073242,924.6699829101562,6209,Long-Term,192602.07287328417,2772.7900517618896
2026Q3,2026-07-01,COST,97.74464029828448,2009-10-01,39.290733337402344,924.6699829101562,6117,Long-Term,86541.07627705387,2253.404745515217
2026Q3,2026-07-01,NFLX,1492.7708556931293,2024-04-01,61.430999755859375,74.19000244140625,821,Long-Term,19046.267356694745,20.76964844500989
2026Q3,2026-07-01,NVDA,481.3008471237671,2017-07-03,3.4350483417510986,197.5800018310547,3285,Long-Term,93442.13057920618,5651.884170874099
