Quarter,Rebalance_Date,Ticker,Weight_Pct,Amount_USD,Total_Portfolio_Value_USD
1997Q1,1997-01-02,INTC,13.891800964918065,833508.057895084,6000000.0
1997Q1,1997-01-02,MSFT,13.891800964918065,833508.057895084,6000000.0
1997Q1,1997-01-02,SUNW,13.891800964918065,833508.057895084,6000000.0
1997Q1,1997-01-02,CSCO,12.686579301495856,761194.7580897514,6000000.0
1997Q1,1997-01-02,NXTL,11.11914693405667,667148.8160434002,6000000.0
1997Q1,1997-01-02,ORCL,7.667588830222992,460055.3298133795,6000000.0
1997Q1,1997-01-02,WCOEQ,6.221285113341848,373277.10680051084,6000000.0
1997Q1,1997-01-02,AMGN,3.54227649864284,212536.5899185704,6000000.0
1997Q1,1997-01-02,SNPS,3.13578159845411,188146.8959072466,6000000.0
1997Q1,1997-01-02,COST,2.5778351070039847,154670.10642023908,6000000.0
1997Q1,1997-01-02,AMAT,1.8097521427329848,108585.12856397909,6000000.0
1997Q1,1997-01-02,AAPL,1.6525369292564804,99152.21575538882,6000000.0
1997Q1,1997-01-02,ADBE,1.3473620143987286,80841.72086392372,6000000.0
1997Q1,1997-01-02,PAYX,1.1852476746804013,71114.86048082406,6000000.0
1997Q1,1997-01-02,QCOM,1.1137933165684086,66827.59899410451,6000000.0
1997Q1,1997-01-02,SBUX,1.0439489283489887,62636.93570093933,6000000.0
1997Q1,1997-01-02,CTAS,0.9885998174413426,59315.98904648056,6000000.0
1997Q1,1997-01-02,KLAC,0.8388413345123502,50330.48007074101,6000000.0
1997Q1,1997-01-02,ADTN,0.8040796389822796,48244.77833893678,6000000.0
1997Q1,1997-01-02,PCAR,0.5899419251055475,35396.51550633285,6000000.0
1997Q2,1997-04-01,MSFT,15.768831862182134,924929.1045347198,5865552.455746241
1997Q2,1997-04-01,SUNW,15.339179139044608,899727.5986815462,5865552.455746241
1997Q2,1997-04-01,INTC,15.103791150124188,885920.7927168927,5865552.455746241
1997Q2,1997-04-01,NXTL,11.16535213136493,654909.5861339909,5865552.455746241
1997Q2,1997-04-01,CSCO,9.815892228613428,575756.3076688393,5865552.455746241
1997Q2,1997-04-01,ORCL,7.244521016846023,424931.1804106644,5865552.455746241
1997Q2,1997-04-01,WCOEQ,5.283241970256398,309891.32912939024,5865552.455746241
1997Q2,1997-04-01,AMGN,3.7234278271112142,218399.61235106073,5865552.455746241
1997Q2,1997-04-01,COST,2.89930465995638,170060.23568163664,5865552.455746241
1997Q2,1997-04-01,AMAT,2.388896802035537,140121.99503703887,5865552.455746241
1997Q2,1997-04-01,SNPS,1.7338694962159198,101701.02481472786,5865552.455746241
1997Q2,1997-04-01,QCOM,1.610767006260893,94480.38369208602,5865552.455746241
1997Q2,1997-04-01,ADBE,1.4832713097477679,87002.05673428962,5865552.455746241
1997Q2,1997-04-01,AAPL,1.4778432026964041,86683.66826783783,5865552.455746241
1997Q2,1997-04-01,SBUX,1.1051839175946638,64825.14241898632,5865552.455746241
1997Q2,1997-04-01,PAYX,0.9711979610588636,56966.1258550456,5865552.455746241
1997Q2,1997-04-01,CTAS,0.9131634662638212,53562.082120415056,5865552.455746241
1997Q2,1997-04-01,KLAC,0.8822395711388181,51748.22483049805,5865552.455746241
1997Q2,1997-04-01,PCAR,0.5945371758595701,34872.889918955356,5865552.455746241
1997Q2,1997-04-01,ADTN,0.49548810562842416,29063.11474761856,5865552.455746241
1997Q3,1997-07-01,INTC,14.328027808341574,1071421.4865103764,7477801.556796324
1997Q3,1997-07-01,MSFT,14.328027808341574,1071421.4865103764,7477801.556796324
1997Q3,1997-07-01,SUNW,14.328027808341574,1071421.4865103764,7477801.556796324
1997Q3,1997-07-01,NXTL,13.120441018596926,981120.5427471845,7477801.556796324
1997Q3,1997-07-01,CSCO,11.256344714521894,841727.120300879,7477801.556796324
1997Q3,1997-07-01,ORCL,7.240045739285702,541396.2530050722,7477801.556796324
1997Q3,1997-07-01,WCOEQ,6.111053962036276,456972.4883098121,7477801.556796324
1997Q3,1997-07-01,AMAT,3.068512743636408,229457.29371413696,7477801.556796324
1997Q3,1997-07-01,AMGN,2.995369487368224,223987.78615822314,7477801.556796324
1997Q3,1997-07-01,COST,2.8068857090462966,209893.34324855753,7477801.556796324
1997Q3,1997-07-01,SNPS,2.001065985098469,149635.74338621504,7477801.556796324
1997Q3,1997-07-01,QCOM,1.1925447903160735,89176.1328957488,7477801.556796324
1997Q3,1997-07-01,SBUX,1.1885506680073257,88877.46035556491,7477801.556796324
1997Q3,1997-07-01,PAYX,1.1334204664375778,84754.93328431735,7477801.556796324
1997Q3,1997-07-01,KLAC,1.0444535491098708,78102.16375535238,7477801.556796324
1997Q3,1997-07-01,ADBE,0.9923422547505223,74205.3845744823,7477801.556796324
1997Q3,1997-07-01,CTAS,0.95314294297878,71274.13782856152,7477801.556796324
1997Q3,1997-07-01,AAPL,0.8474747748254439,63372.48190535319,7477801.556796324
1997Q3,1997-07-01,PCAR,0.6900200364828224,51598.32903031906,7477801.556796324
1997Q3,1997-07-01,ADTN,0.3742477324766773,27985.50276541592,7477801.556796324
1997Q4,1997-10-01,NXTL,16.51502882749181,1495967.6591062704,9058220.089909876
1997Q4,1997-10-01,INTC,15.404262640412975,1395352.0131963696,9058220.089909876
1997Q4,1997-10-01,SUNW,14.864570104798588,1346465.4755116033,9058220.089909876
1997Q4,1997-10-01,MSFT,12.383893051205153,1121760.2882772181,9058220.089909876
1997Q4,1997-10-01,CSCO,10.114365278871011,916181.4676575629,9058220.089909876
1997Q4,1997-10-01,ORCL,6.48480681435339,587408.0736496034,9058220.089909876
1997Q4,1997-10-01,WCOEQ,5.576909170362566,505168.70686580817,9058220.089909876
1997Q4,1997-10-01,AMAT,3.4073275320784435,308643.2270397599,9058220.089909876
1997Q4,1997-10-01,COST,2.6519571027155004,240220.11105396735,9058220.089909876
1997Q4,1997-10-01,AMGN,2.0393605380673065,184729.7659649069,9058220.089909876
1997Q4,1997-10-01,SNPS,1.9103989182452101,173048.13860990855,9058220.089909876
1997Q4,1997-10-01,QCOM,1.2324105133184409,111634.45670757243,9058220.089909876
1997Q4,1997-10-01,KLAC,1.1949543462275969,108241.5946552394,9058220.089909876
1997Q4,1997-10-01,ADBE,1.1814114949878087,107014.8533834903,9058220.089909876
1997Q4,1997-10-01,AAPL,1.0647605386260333,96448.35301925594,9058220.089909876
1997Q4,1997-10-01,SBUX,1.0536267677079294,95439.83154518771,9058220.089909876
1997Q4,1997-10-01,PAYX,0.8600123059963602,77901.8074774595,9058220.089909876
1997Q4,1997-10-01,CTAS,0.8440700265851078,76457.72072103986,9058220.089909876
1997Q4,1997-10-01,PCAR,0.6892525353174709,62434.01162434031,9058220.089909876
1997Q4,1997-10-01,ADTN,0.5266214926312914,47702.5338433109,9058220.089909876
1998Q1,1998-01-02,INTC,14.401245962781479,1151370.2286540365,7994934.824595269
1998Q1,1998-01-02,MSFT,14.401245962781479,1151370.2286540365,7994934.824595269
1998Q1,1998-01-02,SUNW,14.401245962781479,1151370.2286540365,7994934.824595269
1998Q1,1998-01-02,NXTL,14.401245962781479,1151370.2286540365,7994934.824595269
1998Q1,1998-01-02,CSCO,13.349334252691373,1067270.573020047,7994934.824595269
1998Q1,1998-01-02,WCOEQ,5.338959172126294,426846.3061232483,7994934.824595269
1998Q1,1998-01-02,ORCL,4.784480789477005,382516.1208139677,7994934.824595269
1998Q1,1998-01-02,COST,3.534836532829205,282607.8769556781,7994934.824595269
1998Q1,1998-01-02,AMGN,2.656977095200766,212423.58706572582,7994934.824595269
1998Q1,1998-01-02,AMAT,2.4180094285844813,193318.27786789776,7994934.824595269
1998Q1,1998-01-02,SNPS,1.8255921823961356,145954.90514547742,7994934.824595269
1998Q1,1998-01-02,PAYX,1.3045916155386352,104301.24938944838,7994934.824595269
1998Q1,1998-01-02,QCOM,1.113331361937278,89010.11676866423,7994934.824595269
1998Q1,1998-01-02,ADBE,1.0803822735860835,86375.85862968792,7994934.824595269
1998Q1,1998-01-02,SBUX,1.0752247545199571,85963.51834178505,7994934.824595269
1998Q1,1998-01-02,CTAS,1.0507996104192259,84010.74399011809,7994934.824595269
1998Q1,1998-01-02,AAPL,0.9713833677070827,77661.46714513986,7994934.824595269
1998Q1,1998-01-02,KLAC,0.7548724879790389,60351.56342272492,7994934.824595269
1998Q1,1998-01-02,PCAR,0.7244906630679283,57922.55632255897,7994934.824595269
1998Q1,1998-01-02,ADTN,0.41175056081360983,32919.188976953614,7994934.824595269
1998Q2,1998-04-01,MSFT,16.2463297029525,1594547.588752608,9814817.364335684
1998Q2,1998-04-01,NXTL,15.227609073086546,1494562.0194784545,9814817.364335684
1998Q2,1998-04-01,CSCO,13.336587102245758,1308961.66672097,9814817.364335684
1998Q2,1998-04-01,INTC,13.040478366426244,1279899.1351004415,9814817.364335684
1998Q2,1998-04-01,SUNW,12.282571434899511,1205511.953979452,9814817.364335684
1998Q2,1998-04-01,WCOEQ,6.191023328877889,607637.6327127801,9814817.364335684
1998Q2,1998-04-01,ORCL,5.513033737857576,541094.1926049299,9814817.364335684
1998Q2,1998-04-01,COST,3.4439894621105283,338021.27575311525,9814817.364335684
1998Q2,1998-04-01,AMGN,2.4342296557146974,238915.19493689487,9814817.364335684
1998Q2,1998-04-01,AMAT,2.3088308514150913,226607.5313178278,9814817.364335684
1998Q2,1998-04-01,AAPL,1.6578881833584906,162718.69730153857,9814817.364335684
1998Q2,1998-04-01,SNPS,1.3622967816312017,133706.94107732538,9814817.364335684
1998Q2,1998-04-01,PAYX,1.2131777693120012,119071.18236269461,9814817.364335684
1998Q2,1998-04-01,CTAS,1.1406646536983773,111954.15250002783,9814817.364335684
1998Q2,1998-04-01,SBUX,1.0341927768745642,101504.13224539012,9814817.364335684
1998Q2,1998-04-01,ADBE,0.9640611271119757,94620.8389065965,9814817.364335684
1998Q2,1998-04-01,QCOM,0.9607707530634877,94297.8947031339,9814817.364335684
1998Q2,1998-04-01,PCAR,0.671249958125484,65881.95744819602,9814817.364335684
1998Q2,1998-04-01,KLAC,0.6089325351329373,59765.61619531702,9814817.364335684
1998Q2,1998-04-01,ADTN,0.3620827461051227,35537.76023798907,9814817.364335684
1998Q3,1998-07-01,INTC,14.715277497591787,1507997.2671320029,10247834.384222742
1998Q3,1998-07-01,MSFT,14.715277497591787,1507997.2671320029,10247834.384222742
1998Q3,1998-07-01,CSCO,14.715277497591787,1507997.2671320029,10247834.384222742
1998Q3,1998-07-01,SUNW,14.252079720158648,1460529.5260292543,10247834.384222742
1998Q3,1998-07-01,NXTL,12.946922703722125,1326779.1965307766,10247834.384222742
1998Q3,1998-07-01,WCOEQ,6.862746232414993,703282.8681073744,10247834.384222742
1998Q3,1998-07-01,ORCL,3.871792845764585,396774.91853413935,10247834.384222742
1998Q3,1998-07-01,COST,3.82558104710021,392039.20994104375,10247834.384222742
1998Q3,1998-07-01,AMGN,2.49576043895371,255761.39641092674,10247834.384222742
1998Q3,1998-07-01,AMAT,1.836409936318937,188192.24888937498,10247834.384222742
1998Q3,1998-07-01,SNPS,1.8022635003088607,184692.97867894778,10247834.384222742
1998Q3,1998-07-01,AAPL,1.3842604938495808,141856.72285592888,10247834.384222742
1998Q3,1998-07-01,PAYX,1.3292214506705555,136216.4128642815,10247834.384222742
1998Q3,1998-07-01,SBUX,1.1632657772900004,119209.5503050206,10247834.384222742
1998Q3,1998-07-01,CTAS,1.0458703291891769,107179.05920903206,10247834.384222742
1998Q3,1998-07-01,QCOM,0.9328477406011603,95596.69151377068,10247834.384222742
1998Q3,1998-07-01,ADBE,0.8583130944457719,87958.50441690002,10247834.384222742
1998Q3,1998-07-01,PCAR,0.5613055042579713,57521.658465883236,10247834.384222742
1998Q3,1998-07-01,KLAC,0.4000790837394295,40999.44190753256,10247834.384222742
1998Q3,1998-07-01,ADTN,0.28544760843894257,29252.198166547452,10247834.384222742
1998Q4,1998-10-01,INTC,16.74499935291407,1745135.2830437687,10421829.504221922
1998Q4,1998-10-01,SUNW,16.07087099783063,1674878.7752373565,10421829.504221922
1998Q4,1998-10-01,MSFT,14.694911511284353,1531478.6235023362,10421829.504221922
1998Q4,1998-10-01,CSCO,14.572741655322252,1518746.2894084125,10421829.504221922
1998Q4,1998-10-01,NXTL,10.331806939326311,1076763.3039219575,10421829.504221922
1998Q4,1998-10-01,WCOEQ,6.80912591233732,709635.493311591,10421829.504221922
1998Q4,1998-10-01,ORCL,4.514333298102892,470476.11958060175,10421829.504221922
1998Q4,1998-10-01,AMGN,2.8365192754126465,295617.2027378971,10421829.504221922
1998Q4,1998-10-01,COST,2.8259451187242437,294515.1821563224,10421829.504221922
1998Q4,1998-10-01,AAPL,1.8089396127357655,188524.60227365379,10421829.504221922
1998Q4,1998-10-01,PAYX,1.658805136926107,172877.84317771386,10421829.504221922
1998Q4,1998-10-01,AMAT,1.5456009134784021,161079.89201841564,10421829.504221922
1998Q4,1998-10-01,SNPS,1.2903946371055506,134482.72901076367,10421829.504221922
1998Q4,1998-10-01,CTAS,1.0107648476076163,105340.18910627431,10421829.504221922
1998Q4,1998-10-01,QCOM,0.8001329578343871,83388.4926725877,10421829.504221922
1998Q4,1998-10-01,SBUX,0.7746041735473658,80727.92629969373,10421829.504221922
1998Q4,1998-10-01,ADBE,0.6912309936871603,72038.91564241485,10421829.504221922
1998Q4,1998-10-01,PCAR,0.43652852897784544,45494.25902735904,10421829.504221922
1998Q4,1998-10-01,KLAC,0.3534381433965423,36834.72070767503,10421829.504221922
1998Q4,1998-10-01,ADTN,0.22830599344855662,23793.661385128642,10421829.504221922
1999Q1,1999-01-04,INTC,15.578425415941528,2308533.014881555,14818782.72831871
1999Q1,1999-01-04,MSFT,15.578425415941528,2308533.014881555,14818782.72831871
1999Q1,1999-01-04,YHOO,15.578425415941528,2308533.014881555,14818782.72831871
1999Q1,1999-01-04,SUNW,14.413684877109572,2135932.645083399,14818782.72831871
1999Q1,1999-01-04,CSCO,12.83010429909908,1901265.2799001706,14818782.72831871
1999Q1,1999-01-04,NXTL,6.260975647304039,927800.3778469315,14818782.72831871
1999Q1,1999-01-04,WCOEQ,4.863934447167357,720775.8777735804,14818782.72831871
1999Q1,1999-01-04,ORCL,3.4914075367583535,517384.09703236463,14818782.72831871
1999Q1,1999-01-04,COST,2.2420627359614613,332246.405474727,14818782.72831871
1999Q1,1999-01-04,AMGN,2.064551350905482,305941.3790052521,14818782.72831871
1999Q1,1999-01-04,AMAT,1.3491112874288926,199921.8704473109,14818782.72831871
1999Q1,1999-01-04,SNPS,1.0987075002434672,162815.0772808212,14818782.72831871
1999Q1,1999-01-04,AAPL,0.9624708997138708,142626.47145189278,14818782.72831871
1999Q1,1999-01-04,PAYX,0.8122709793074103,120368.67158875176,14818782.72831871
1999Q1,1999-01-04,CTAS,0.7124793971515971,105580.77384793013,14818782.72831871
1999Q1,1999-01-04,SBUX,0.6009450871176417,89052.7467764689,14818782.72831871
1999Q1,1999-01-04,ADBE,0.5217785887055373,77321.23538316127,14818782.72831871
1999Q1,1999-01-04,QCOM,0.4753859589053635,70446.41237112028,14818782.72831871
1999Q1,1999-01-04,KLAC,0.3328394656760046,49322.75725262405,14818782.72831871
1999Q1,1999-01-04,PCAR,0.2320136936202884,34381.60515753758,14818782.72831871
1999Q2,1999-04-01,YHOO,18.052576224088675,3426144.8413500045,18978703.088251118
1999Q2,1999-04-01,SUNW,16.43795217130019,3119710.136379791,18978703.088251118
1999Q2,1999-04-01,MSFT,15.721407599931775,2983719.2696847976,18978703.088251118
1999Q2,1999-04-01,INTC,12.201310417842617,2315650.477078202,18978703.088251118
1999Q2,1999-04-01,CSCO,11.825834020570662,2244389.9264734956,18978703.088251118
1999Q2,1999-04-01,NXTL,7.578725374322818,1438343.7866666757,18978703.088251118
1999Q2,1999-04-01,WCOEQ,4.687719337308803,889668.3346383707,18978703.088251118
1999Q2,1999-04-01,ORCL,2.5009290548309635,474643.89976417355,18978703.088251118
1999Q2,1999-04-01,AMGN,2.3086728564738945,438156.1667092264,18978703.088251118
1999Q2,1999-04-01,COST,2.220491615158626,421420.51074046723,18978703.088251118
1999Q2,1999-04-01,AMAT,1.5222639702367604,288905.9591306581,18978703.088251118
1999Q2,1999-04-01,QCOM,0.8910276465288703,169105.49146894595,18978703.088251118
1999Q2,1999-04-01,SNPS,0.8499762957463477,161314.47749021454,18978703.088251118
1999Q2,1999-04-01,AAPL,0.6597224829172709,125206.77123930704,18978703.088251118
1999Q2,1999-04-01,PAYX,0.5860836435063991,111231.07454988365,18978703.088251118
1999Q2,1999-04-01,CTAS,0.5178326886185051,98277.92846681402,18978703.088251118
1999Q2,1999-04-01,ADBE,0.4949918367889489,93943.03101525518,18978703.088251118
1999Q2,1999-04-01,SBUX,0.46922461646811625,89052.74677646885,18978703.088251118
1999Q2,1999-04-01,KLAC,0.29096601643257525,55221.57634645041,18978703.088251118
1999Q2,1999-04-01,PCAR,0.18229213092719623,34596.68228191856,18978703.088251118
1999Q3,1999-07-01,INTC,13.983910958497358,2657216.3542498215,19001954.18961215
1999Q3,1999-07-01,MSFT,13.983910958497358,2657216.3542498215,19001954.18961215
1999Q3,1999-07-01,SUNW,13.983910958497358,2657216.3542498215,19001954.18961215
1999Q3,1999-07-01,YHOO,13.983910958497358,2657216.3542498215,19001954.18961215
1999Q3,1999-07-01,CSCO,13.72525892755897,2608067.4138204074,19001954.18961215
1999Q3,1999-07-01,NXTL,9.581313203277942,1820636.745650135,19001954.18961215
1999Q3,1999-07-01,WCOEQ,4.868345660897943,925080.812275798,19001954.18961215
1999Q3,1999-07-01,ORCL,3.6411055856952963,691881.2153892294,19001954.18961215
1999Q3,1999-07-01,COST,2.0270214657410732,385173.69033372344,19001954.18961215
1999Q3,1999-07-01,QCOM,1.898094246718478,360674.99923710903,19001954.18961215
1999Q3,1999-07-01,AMGN,1.8538919305377832,352275.6953657059,19001954.18961215
1999Q3,1999-07-01,AMAT,1.7450307959611306,331589.9524431583,19001954.18961215
1999Q3,1999-07-01,SNPS,0.9183958630461495,174513.16117532246,19001954.18961215
1999Q3,1999-07-01,AAPL,0.8372872674599657,159100.94299819804,19001954.18961215
1999Q3,1999-07-01,ADBE,0.706451262902509,134239.54534867126,19001954.18961215
1999Q3,1999-07-01,PAYX,0.5988662500991981,113796.29050089777,19001954.18961215
1999Q3,1999-07-01,CTAS,0.5449267386397628,103546.72924327526,19001954.18961215
1999Q3,1999-07-01,SBUX,0.4759134168856213,90432.84945882365,19001954.18961215
1999Q3,1999-07-01,KLAC,0.3971847794274571,75472.86983491747,19001954.18961215
1999Q3,1999-07-01,PCAR,0.24526877116129342,46605.859537493634,19001954.18961215
1999Q4,1999-10-01,INTC,16.603228549330005,3320095.15985705,19996684.078597635
1999Q4,1999-10-01,CSCO,13.877419221779236,2775023.6800417765,19996684.078597635
1999Q4,1999-10-01,YHOO,13.84759132094335,2769059.088944347,19996684.078597635
1999Q4,1999-10-01,MSFT,13.343535491288804,2668264.637108573,19996684.078597635
1999Q4,1999-10-01,NXTL,12.302127319979762,2460017.535123203,19996684.078597635
1999Q4,1999-10-01,SUNW,8.850464281483166,1769799.381857315,19996684.078597635
1999Q4,1999-10-01,ORCL,4.240515087814432,847962.4054155191,19996684.078597635
1999Q4,1999-10-01,WCOEQ,3.863541121300361,772580.1122731419,19996684.078597635
1999Q4,1999-10-01,QCOM,2.3779286075288555,475506.87126214115,19996684.078597635
1999Q4,1999-10-01,AMGN,2.358540382810286,471629.8692167202,19996684.078597635
1999Q4,1999-10-01,AMAT,1.7438018224153997,348702.5413852356,19996684.078597635
1999Q4,1999-10-01,COST,1.7322153363559436,346385.62837211543,19996684.078597635
1999Q4,1999-10-01,AAPL,1.087693282869896,217502.5895196204,19996684.078597635
1999Q4,1999-10-01,ADBE,0.9278516505840643,185539.56328534894,19996684.078597635
1999Q4,1999-10-01,SNPS,0.8880298780475467,177576.52923672379,19996684.078597635
1999Q4,1999-10-01,PAYX,0.6105118553688694,122082.12698049773,19996684.078597635
1999Q4,1999-10-01,CTAS,0.44556565940310594,89098.35727355945,19996684.078597635
1999Q4,1999-10-01,KLAC,0.37815418339386603,75618.2973832721,19996684.078597635
1999Q4,1999-10-01,SBUX,0.29835745275711517,59661.597252791515,19996684.078597635
1999Q4,1999-10-01,PCAR,0.22292749454593963,44578.106808684526,19996684.078597635
2000Q1,2000-01-03,MSFT,14.5558913599092,4513035.3051018,31004870.766842216
2000Q1,2000-01-03,YHOO,14.5558913599092,4513035.3051018,31004870.766842216
2000Q1,2000-01-03,CSCO,14.244720306857332,4416557.122239245,31004870.766842216
2000Q1,2000-01-03,INTC,12.908311851943017,4002205.4078759095,31004870.766842216
2000Q1,2000-01-03,NXTL,12.262269698542463,3801900.873114743,31004870.766842216
2000Q1,2000-01-03,ORCL,7.044234755103769,2184055.882332908,31004870.766842216
2000Q1,2000-01-03,QCOM,6.022989662220747,1867420.161071809,31004870.766842216
2000Q1,2000-01-03,SUNW,5.994614197824577,1858622.385006285,31004870.766842216
2000Q1,2000-01-03,WCOEQ,2.6716274517998264,828334.638802016,31004870.766842216
2000Q1,2000-01-03,AMGN,2.3700660365261537,734835.9117137535,31004870.766842216
2000Q1,2000-01-03,AMAT,1.8857346193356637,584669.5817306265,31004870.766842216
2000Q1,2000-01-03,COST,1.3664710099749942,423672.5707091105,31004870.766842216
2000Q1,2000-01-03,AAPL,1.2788143078622833,396494.72350058873,31004870.766842216
2000Q1,2000-01-03,ADBE,0.672375608257204,208469.18840791538,31004870.766842216
2000Q1,2000-01-03,SNPS,0.652394265438435,202273.99888947635,31004870.766842216
2000Q1,2000-01-03,PAYX,0.46492192478668465,144148.44194682693,31004870.766842216
2000Q1,2000-01-03,KLAC,0.3864934151450729,119831.78388808484,31004870.766842216
2000Q1,2000-01-03,SBUX,0.2693227892966387,83503.1827670776,31004870.766842216
2000Q1,2000-01-03,CTAS,0.2642181245340334,81920.4880543513,31004870.766842216
2000Q1,2000-01-03,PCAR,0.12863725473270674,39883.81458788935,31004870.766842216
2000Q2,2000-04-03,INTC,17.25762209724308,6416999.606713168,37183567.76243403
2000Q2,2000-04-03,CSCO,17.144378802134614,6374891.7093401,37183567.76243403
2000Q2,2000-04-03,NXTL,14.698745288073875,5465517.914418528,37183567.76243403
2000Q2,2000-04-03,MSFT,11.045603931517899,4107149.6226460347,37183567.76243403
2000Q2,2000-04-03,YHOO,9.920852121179456,3688926.7710896367,37183567.76243403
2000Q2,2000-04-03,ORCL,8.183227890416871,3042816.087787558,37183567.76243403
2000Q2,2000-04-03,SUNW,6.047426752340066,2248649.024339932,37183567.76243403
2000Q2,2000-04-03,QCOM,4.257611449914715,1583131.838540188,37183567.76243403
2000Q2,2000-04-03,AMAT,2.339575467699959,869937.6293854972,37183567.76243403
2000Q2,2000-04-03,AMGN,2.0194226397703305,750893.3856689348,37183567.76243403
2000Q2,2000-04-03,AAPL,1.4085756859767635,523758.69468033983,37183567.76243403
2000Q2,2000-04-03,COST,1.3126603559630416,488093.9529501253,37183567.76243403
2000Q2,2000-04-03,WCOEQ,1.2604472951937413,468679.27411813167,37183567.76243403
2000Q2,2000-04-03,ADBE,0.9282158380801417,345143.7651341744,37183567.76243403
2000Q2,2000-04-03,PAYX,0.5086646275422215,189139.6564656946,37183567.76243403
2000Q2,2000-04-03,KLAC,0.4875657807974563,181294.35248926273,37183567.76243403
2000Q2,2000-04-03,SBUX,0.4149914732246604,154308.63565481486,37183567.76243403
2000Q2,2000-04-03,SNPS,0.39729431661848735,147728.20143613443,37183567.76243403
2000Q2,2000-04-03,CTAS,0.24524752433371794,91191.7793963199,37183567.76243403
2000Q2,2000-04-03,PCAR,0.12187066197892668,45315.860179461124,37183567.76243403
2000Q3,2000-07-03,INTC,12.900362964596019,3966884.291546555,30750175.808489587
2000Q3,2000-07-03,MSFT,12.900362964596019,3966884.291546555,30750175.808489587
2000Q3,2000-07-03,CSCO,12.900362964596019,3966884.291546555,30750175.808489587
2000Q3,2000-07-03,NXTL,12.900362964596019,3966884.291546555,30750175.808489587
2000Q3,2000-07-03,YHOO,12.900362964596019,3966884.291546555,30750175.808489587
2000Q3,2000-07-03,ORCL,10.780208350894545,3314933.0204215487,30750175.808489587
2000Q3,2000-07-03,SUNW,7.988158549527091,2456372.7978404723,30750175.808489587
2000Q3,2000-07-03,AMAT,3.11066904126001,956536.1990077107,30750175.808489587
2000Q3,2000-07-03,AMGN,2.9076367073559903,894103.3993841449,30750175.808489587
2000Q3,2000-07-03,QCOM,2.281167293911104,701462.9533634288,30750175.808489587
2000Q3,2000-07-03,WCOEQ,1.733606620385542,533087.0835961688,30750175.808489587
2000Q3,2000-07-03,ADBE,1.4788859973784696,454760.04420101416,30750175.808489587
2000Q3,2000-07-03,AAPL,1.3730601846490713,422218.4207359612,30750175.808489587
2000Q3,2000-07-03,COST,1.1833317463661075,363876.5924052482,30750175.808489587
2000Q3,2000-07-03,PAYX,0.8199250017916536,252128.37954869488,30750175.808489587
2000Q3,2000-07-03,SBUX,0.47402956374305,145764.9242352041,30750175.808489587
2000Q3,2000-07-03,KLAC,0.46827681248359276,143995.94310909588,30750175.808489587
2000Q3,2000-07-03,SNPS,0.41009934840263274,126106.27062327981,30750175.808489587
2000Q3,2000-07-03,CTAS,0.34783539117817475,106959.99431143621,30750175.808489587
2000Q3,2000-07-03,PCAR,0.1412945676928683,43448.32797340234,30750175.808489587
2000Q4,2000-10-02,CSCO,14.189001460076867,3448107.111907618,24301266.87638623
2000Q4,2000-10-02,SUNW,12.97714921423014,3153611.663496925,24301266.87638623
2000Q4,2000-10-02,ORCL,12.77891213857831,3105437.54269483,24301266.87638623
2000Q4,2000-10-02,MSFT,12.306607150725513,2990661.4471262386,24301266.87638623
2000Q4,2000-10-02,YHOO,11.991644988039859,2914121.65141236,24301266.87638623
2000Q4,2000-10-02,INTC,10.1531026075988,2467332.560905914,24301266.87638623
2000Q4,2000-10-02,NXTL,6.211291800111348,1509422.596816153,24301266.87638623
2000Q4,2000-10-02,AMGN,3.6571513759050545,888734.1159321183,24301266.87638623
2000Q4,2000-10-02,QCOM,3.4277552556919626,832987.952555059,24301266.87638623
2000Q4,2000-10-02,AMAT,2.576146940055948,626036.3430308535,24301266.87638623
2000Q4,2000-10-02,ADBE,2.235192303573746,543180.0468919011,24301266.87638623
2000Q4,2000-10-02,COST,1.5852694626621513,385240.5628313833,24301266.87638623
2000Q4,2000-10-02,WCOEQ,1.4524768039189235,352970.2644379427,24301266.87638623
2000Q4,2000-10-02,PAYX,1.2986324738208554,315584.14320662257,24301266.87638623
2000Q4,2000-10-02,AAPL,0.8542028630049391,207582.1174045621,24301266.87638623
2000Q4,2000-10-02,SBUX,0.6292756249203794,152921.9489999486,24301266.87638623
2000Q4,2000-10-02,SNPS,0.5686633777658257,138192.40505914568,24301266.87638623
2000Q4,2000-10-02,CTAS,0.522621570072963,127003.66249699058,24301266.87638623
2000Q4,2000-10-02,KLAC,0.41674184314468,101273.54748815957,24301266.87638623
2000Q4,2000-10-02,PCAR,0.16816074610173454,40865.19169150476,24301266.87638623
2001Q1,2001-01-02,INTC,12.332334960866302,1990310.1954795313,16138956.667940838
2001Q1,2001-01-02,MSFT,12.332334960866302,1990310.1954795313,16138956.667940838
2001Q1,2001-01-02,CSCO,12.332334960866302,1990310.1954795313,16138956.667940838
2001Q1,2001-01-02,ORCL,12.332334960866302,1990310.1954795313,16138956.667940838
2001Q1,2001-01-02,CIEN,12.332334960866302,1990310.1954795313,16138956.667940838
2001Q1,2001-01-02,YHOO,5.780634792269157,932934.1442562311,16138956.667940838
2001Q1,2001-01-02,NXTL,5.641743128322033,910518.4787964227,16138956.667940838
2001Q1,2001-01-02,QCOM,4.90225768780453,791173.2439855715,16138956.667940838
2001Q1,2001-01-02,AMGN,4.875627710138815,786875.4434294194,16138956.667940838
2001Q1,2001-01-02,SUNW,4.104646907029805,662447.1856975141,16138956.667940838
2001Q1,2001-01-02,COST,2.6043986212626264,420322.76494602393,16138956.667940838
2001Q1,2001-01-02,AMAT,2.425039333584642,391376.0472277467,16138956.667940838
2001Q1,2001-01-02,ADBE,1.9755534025696453,318833.7075927459,16138956.667940838
2001Q1,2001-01-02,PAYX,1.6515252616688059,266538.9463408251,16138956.667940838
2001Q1,2001-01-02,WCOEQ,1.118553717254385,180522.89973532667,16138956.667940838
2001Q1,2001-01-02,SBUX,0.9461126208656995,152692.70591143463,16138956.667940838
2001Q1,2001-01-02,CTAS,0.7916029524856519,127756.45748379966,16138956.667940838
2001Q1,2001-01-02,AAPL,0.699874690088443,112952.47296325906,16138956.667940838
2001Q1,2001-01-02,KLAC,0.5006295623936541,80796.38814161367,16138956.667940838
2001Q1,2001-01-02,PCAR,0.3201248079305797,51664.804035245084,16138956.667940838
2001Q2,2001-04-02,MSFT,21.579445376699326,2509398.429452709,11628651.180082055
2001Q2,2001-04-02,INTC,14.988987447735655,1743017.0657234632,11628651.180082055
2001Q2,2001-04-02,CIEN,8.79477097618751,1022713.2389079428,11628651.180082055
2001Q2,2001-04-02,ORCL,8.615943921404961,1001918.0644916662,11628651.180082055
2001Q2,2001-04-02,CSCO,7.075553811751897,822791.4718276279,11628651.180082055
2001Q2,2001-04-02,AMGN,6.369823051209892,740724.5034136578,11628651.180082055
2001Q2,2001-04-02,QCOM,4.6875383400120585,545097.482492611,11628651.180082055
2001Q2,2001-04-02,NXTL,4.5477034112375145,528836.566397503,11628651.180082055
2001Q2,2001-04-02,YHOO,4.203152837325069,488769.98201825406,11628651.180082055
2001Q2,2001-04-02,AMAT,3.833832030605321,445822.9536693495,11628651.180082055
2001Q2,2001-04-02,COST,3.552322639375455,413087.20852405584,11628651.180082055
2001Q2,2001-04-02,WCOEQ,2.062966845955439,239895.21847689868,11628651.180082055
2001Q2,2001-04-02,PAYX,1.7504887439336356,203558.22997864225,11628651.180082055
2001Q2,2001-04-02,ADBE,1.6488123086303974,191734.6319848869,11628651.180082055
2001Q2,2001-04-02,SUNW,1.5513307441387443,180398.84088526582,11628651.180082055
2001Q2,2001-04-02,AAPL,1.44115805035284,167587.24262920307,11628651.180082055
2001Q2,2001-04-02,SBUX,1.2592889690560702,146438.32156078186,11628651.180082055
2001Q2,2001-04-02,CTAS,0.8180487774154304,95128.03880856626,11628651.180082055
2001Q2,2001-04-02,KLAC,0.812109098286806,94437.3342414824,11628651.180082055
2001Q2,2001-04-02,PCAR,0.40672261868597986,47296.354597487836,11628651.180082055
2001Q3,2001-07-02,INTC,13.508952960273705,1818789.3794239636,13463585.111092972
2001Q3,2001-07-02,MSFT,13.508952960273705,1818789.3794239636,13463585.111092972
2001Q3,2001-07-02,CSCO,12.333280227345869,1660501.6803983117,13463585.111092972
2001Q3,2001-07-02,ORCL,11.367916717508843,1530529.1426199693,13463585.111092972
2001Q3,2001-07-02,CIEN,9.18190548778019,1236213.6601674021,13463585.111092972
2001Q3,2001-07-02,AMGN,5.65250934398009,761030.4064392424,13463585.111092972
2001Q3,2001-07-02,NXTL,4.916686229545161,661962.2351602007,13463585.111092972
2001Q3,2001-07-02,YHOO,4.857729788397733,654024.5845278453,13463585.111092972
2001Q3,2001-07-02,QCOM,4.731200229642362,636989.1696941255,13463585.111092972
2001Q3,2001-07-02,AMAT,3.625423801513579,488112.019154603,13463585.111092972
2001Q3,2001-07-02,COST,3.164519198360797,426057.73562818294,13463585.111092972
2001Q3,2001-07-02,SUNW,3.0077909142636434,404956.48970560706,13463585.111092972
2001Q3,2001-07-02,ADBE,2.347472830360286,316054.00247534027,13463585.111092972
2001Q3,2001-07-02,PAYX,1.751263384949903,235782.83635213794,13463585.111092972
2001Q3,2001-07-02,AAPL,1.3291568301952257,178952.1610932397,13463585.111092972
2001Q3,2001-07-02,WCOEQ,1.2285874514597186,165411.91719148727,13463585.111092972
2001Q3,2001-07-02,SBUX,1.2107533159248547,163010.80317492317,13463585.111092972
2001Q3,2001-07-02,KLAC,1.0137183888642258,136482.83807153546,13463585.111092972
2001Q3,2001-07-02,CTAS,0.8585745709560803,115594.91810287318,13463585.111092972
2001Q3,2001-07-02,PCAR,0.4036053684040264,54339.75228801643,13463585.111092972
2001Q4,2001-10-01,MSFT,14.628568878453061,1274896.319200545,8715113.076292686
2001Q4,2001-10-01,INTC,14.59267070947456,1271767.75318175,8715113.076292686
2001Q4,2001-10-01,CSCO,12.750935530433383,1111258.4497624498,8715113.076292686
2001Q4,2001-10-01,ORCL,11.627753886999807,1013371.8994850513,8715113.076292686
2001Q4,2001-10-01,AMGN,8.457437170536203,737075.2127686387,8715113.076292686
2001Q4,2001-10-01,QCOM,5.941700967837723,517825.95800223446,8715113.076292686
2001Q4,2001-10-01,COST,4.23181456394983,368807.42442725,8715113.076292686
2001Q4,2001-10-01,CIEN,3.841070537976806,334753.64072484244,8715113.076292686
2001Q4,2001-10-01,NXTL,3.7500604976290175,326822.0127977531,8715113.076292686
2001Q4,2001-10-01,YHOO,3.307366642053954,288240.74270258646,8715113.076292686
2001Q4,2001-10-01,AMAT,3.2441022391003065,282727.1784481346,8715113.076292686
2001Q4,2001-10-01,SUNW,2.4444910667117523,213040.16060380248,8715113.076292686
2001Q4,2001-10-01,PAYX,2.1361725941187832,186169.85708222678,8715113.076292686
2001Q4,2001-10-01,WCOEQ,2.0102620813252194,175196.6135173277,8715113.076292686
2001Q4,2001-10-01,ADBE,1.8512165417303397,161335.6148988341,8715113.076292686
2001Q4,2001-10-01,AAPL,1.3697832196628812,119378.15649370273,8715113.076292686
2001Q4,2001-10-01,SBUX,1.2149712839264226,105886.1212386728,8715113.076292686
2001Q4,2001-10-01,CTAS,1.155736866068165,100723.77474224193,8715113.076292686
2001Q4,2001-10-01,KLAC,0.8458317087298695,73715.18985094671,8715113.076292686
2001Q4,2001-10-01,PCAR,0.5980530132819317,52120.99636369607,8715113.076292686
2002Q1,2002-01-02,INTC,14.305465227154595,1638982.3278995869,11457036.18773946
2002Q1,2002-01-02,MSFT,14.305465227154595,1638982.3278995869,11457036.18773946
2002Q1,2002-01-02,CSCO,14.209555411815936,1627993.9056486425,11457036.18773946
2002Q1,2002-01-02,ORCL,9.346551648200375,1070837.804640076,11457036.18773946
2002Q1,2002-01-02,AMGN,5.952815248276907,682016.1971843578,11457036.18773946
2002Q1,2002-01-02,YHOO,5.200224065523383,595791.5530305501,11457036.18773946
2002Q1,2002-01-02,QCOM,4.900206346432686,561418.4143846985,11457036.18773946
2002Q1,2002-01-02,CIEN,4.500056804389942,515573.13654778764,11457036.18773946
2002Q1,2002-01-02,COST,3.825643857446869,438305.4011617196,11457036.18773946
2002Q1,2002-01-02,NXTL,3.76893387341895,431808.1177695797,11457036.18773946
2002Q1,2002-01-02,NVDA,3.6236150161976908,415158.8837101305,11457036.18773946
2002Q1,2002-01-02,AMAT,3.4820561577727775,398940.43407343735,11457036.18773946
2002Q1,2002-01-02,SUNW,2.8639743981772097,328126.58320675633,11457036.18773946
2002Q1,2002-01-02,ADBE,1.8348761058329173,210222.4194454619,11457036.18773946
2002Q1,2002-01-02,PAYX,1.7200123957491276,197062.442614582,11457036.18773946
2002Q1,2002-01-02,AAPL,1.4921397667229543,170954.99304510004,11457036.18773946
2002Q1,2002-01-02,WCOEQ,1.385143108098175,158696.34714678704,11457036.18773946
2002Q1,2002-01-02,SBUX,1.194608510282593,136866.72932489196,11457036.18773946
2002Q1,2002-01-02,CTAS,1.044330369767427,119649.30838380744,11457036.18773946
2002Q1,2002-01-02,KLAC,1.0443264615848955,119648.86062192051,11457036.18773946
2002Q2,2002-04-01,INTC,15.04107482185699,1585718.1963616495,10542585.65390126
2002Q2,2002-04-01,CSCO,14.435907715284731,1521917.9358020334,10542585.65390126
2002Q2,2002-04-01,MSFT,14.152410769576584,1492030.027474558,10542585.65390126
2002Q2,2002-04-01,ORCL,9.414403971455098,992521.6024949357,10542585.65390126
2002Q2,2002-04-01,AMGN,6.840527461503346,721168.4668076278,10542585.65390126
2002Q2,2002-04-01,YHOO,5.883874506625212,620312.5096290231,10542585.65390126
2002Q2,2002-04-01,AMAT,5.121253666413695,539912.5543352225,10542585.65390126
2002Q2,2002-04-01,QCOM,3.9691524178363697,418451.2933842921,10542585.65390126
2002Q2,2002-04-01,COST,3.73030047620432,393270.12285172706,10542585.65390126
2002Q2,2002-04-01,CIEN,3.0757145436526874,324259.84023408283,10542585.65390126
2002Q2,2002-04-01,NVDA,2.611157031063913,275283.4665577782,10542585.65390126
2002Q2,2002-04-01,ADBE,2.588297784023636,272873.5108587201,10542585.65390126
2002Q2,2002-04-01,SUNW,2.2318129854178093,235290.79562256337,10542585.65390126
2002Q2,2002-04-01,PAYX,2.1362202088490894,225212.8452738636,10542585.65390126
2002Q2,2002-04-01,NXTL,2.010552181009271,211964.18579928225,10542585.65390126
2002Q2,2002-04-01,AAPL,1.7526280500482039,184772.31337063134,10542585.65390126
2002Q2,2002-04-01,SBUX,1.5762726869819406,166179.898164122,10542585.65390126
2002Q2,2002-04-01,KLAC,1.5228315403355526,160545.81950449955,10542585.65390126
2002Q2,2002-04-01,CTAS,1.1850351283184308,124933.34343178928,10542585.65390126
2002Q2,2002-04-01,WCOEQ,0.7205720535431236,75966.92594285906,10542585.65390126
2002Q3,2002-07-01,INTC,14.67674560645025,1145861.1118665924,7807324.202464888
2002Q3,2002-07-01,MSFT,14.67674560645025,1145861.1118665924,7807324.202464888
2002Q3,2002-07-01,CSCO,14.67674560645025,1145861.1118665924,7807324.202464888
2002Q3,2002-07-01,ORCL,9.261992960953778,723113.8180711387,7807324.202464888
2002Q3,2002-07-01,AMGN,6.232175742292298,486566.16506813234,7807324.202464888
2002Q3,2002-07-01,YHOO,5.856347739951829,457224.0544817646,7807324.202464888
2002Q3,2002-07-01,COST,5.003773474186516,390660.817486682,7807324.202464888
2002Q3,2002-07-01,AMAT,4.638269058466627,362124.70277710527,7807324.202464888
2002Q3,2002-07-01,QCOM,3.8300858420079735,299027.2189182696,7807324.202464888
2002Q3,2002-07-01,AMZN,3.2679676398908084,255140.8284779157,7807324.202464888
2002Q3,2002-07-01,ADBE,2.396983974818768,187140.30999523052,7807324.202464888
2002Q3,2002-07-01,SBUX,2.2959552079455574,179252.66662768656,7807324.202464888
2002Q3,2002-07-01,PAYX,2.289027800689478,178711.82148437938,7807324.202464888
2002Q3,2002-07-01,CIEN,1.8305725761772296,142918.73578356983,7807324.202464888
2002Q3,2002-07-01,AAPL,1.6817104113973171,131296.58396439458,7807324.202464888
2002Q3,2002-07-01,SUNW,1.5957024255023753,124581.6616655662,7807324.202464888
2002Q3,2002-07-01,CTAS,1.5856376750138945,123795.87396476134,7807324.202464888
2002Q3,2002-07-01,NXTL,1.5129885203034266,118123.91892616481,7807324.202464888
2002Q3,2002-07-01,NVDA,1.4205452875317663,110906.57604044203,7807324.202464888
2002Q3,2002-07-01,KLAC,1.2700268435196052,99155.113131907,7807324.202464888
2002Q4,2002-10-01,MSFT,14.506562769145898,916269.8153194964,6316243.412728456
2002Q4,2002-10-01,INTC,13.80883742019973,872199.7839277474,6316243.412728456
2002Q4,2002-10-01,CSCO,13.628888738221425,860833.7871560012,6316243.412728456
2002Q4,2002-10-01,ORCL,9.50211723325228,600176.8538150325,6316243.412728456
2002Q4,2002-10-01,AMGN,7.670301202189818,484474.89441974595,6316243.412728456
2002Q4,2002-10-01,COST,5.184075440918725,327438.82354790263,6316243.412728456
2002Q4,2002-10-01,QCOM,4.756645290478892,300441.2948267313,6316243.412728456
2002Q4,2002-10-01,YHOO,4.693448458152815,296449.62906788243,6316243.412728456
2002Q4,2002-10-01,NXTL,4.39875594353742,277836.13252568373,6316243.412728456
2002Q4,2002-10-01,AMZN,3.959893705324683,250116.52531361906,6316243.412728456
2002Q4,2002-10-01,AMAT,3.4815346820339843,219902.2050158281,6316243.412728456
2002Q4,2002-10-01,SBUX,2.3594498334270146,149028.59468046634,6316243.412728456
2002Q4,2002-10-01,PAYX,2.203890979181803,139203.1187962873,6316243.412728456
2002Q4,2002-10-01,ADBE,1.9869396187790236,125499.94278602197,6316243.412728456
2002Q4,2002-10-01,AAPL,1.7009788115660125,107437.96213744504,6316243.412728456
2002Q4,2002-10-01,CTAS,1.6621790730942185,104987.27621206449,6316243.412728456
2002Q4,2002-10-01,CIEN,1.603883258485798,101305.17066196374,6316243.412728456
2002Q4,2002-10-01,SUNW,1.0196656582319037,64404.56496992687,6316243.412728456
2002Q4,2002-10-01,KLAC,0.9970771044414942,62977.816929109504,6316243.412728456
2002Q4,2002-10-01,NVDA,0.8748747793370792,55259.22061950088,6316243.412728456
2003Q1,2003-01-02,INTC,13.191021293399045,1025999.0207062283,7778010.495818481
2003Q1,2003-01-02,MSFT,13.191021293399045,1025999.0207062283,7778010.495818481
2003Q1,2003-01-02,CSCO,11.909369170314745,926311.9840528512,7778010.495818481
2003Q1,2003-01-02,ORCL,8.855701810545916,688797.4163026487,7778010.495818481
2003Q1,2003-01-02,CMCSA,6.373156048535418,495704.74636997515,7778010.495818481
2003Q1,2003-01-02,AMGN,6.150911914035019,478418.5742621932,7778010.495818481
2003Q1,2003-01-02,TEVA,6.033093675131406,469254.6592742817,7778010.495818481
2003Q1,2003-01-02,YHOO,5.804936012546181,451508.5323313887,7778010.495818481
2003Q1,2003-01-02,NXTL,4.888930148829436,380261.5001091876,7778010.495818481
2003Q1,2003-01-02,QCOM,4.131509255338915,321349.2235159728,7778010.495818481
2003Q1,2003-01-02,AMZN,3.623135017729532,281807.82195667777,7778010.495818481
2003Q1,2003-01-02,COST,2.95021583290657,229468.09713277163,7778010.495818481
2003Q1,2003-01-02,AMAT,2.7607198917255444,214729.08293856145,7778010.495818481
2003Q1,2003-01-02,CIEN,1.9338733135458894,150416.86930343191,7778010.495818481
2003Q1,2003-01-02,ADBE,1.7457588985358077,135785.3103598002,7778010.495818481
2003Q1,2003-01-02,PAYX,1.7233554790220447,134042.7700385975,7778010.495818481
2003Q1,2003-01-02,SBUX,1.5338307193414997,119301.51433846995,7778010.495818481
2003Q1,2003-01-02,CTAS,1.1980499834330243,93184.4534565722,7778010.495818481
2003Q1,2003-01-02,AAPL,1.1199260573198195,87107.96628374167,7778010.495818481
2003Q1,2003-01-02,KLAC,0.8814841843651448,68561.93237890089,7778010.495818481
2003Q2,2003-04-01,INTC,12.797680873275766,1074159.435103241,8393391.3162838
2003Q2,2003-04-01,MSFT,11.485185085597873,963996.5276336939,8393391.3162838
2003Q2,2003-04-01,CSCO,10.935108959896064,917826.485866088,8393391.3162838
2003Q2,2003-04-01,ORCL,8.244415613898266,691986.0642152828,8393391.3162838
2003Q2,2003-04-01,YHOO,7.902868313876329,663318.6627942398,8393391.3162838
2003Q2,2003-04-01,CMCSA,7.163745022968151,601281.1526785217,8393391.3162838
2003Q2,2003-04-01,AMGN,6.785925345372763,569569.268668019,8393391.3162838
2003Q2,2003-04-01,TEVA,6.047460249230229,507587.0034146047,8393391.3162838
2003Q2,2003-04-01,NXTL,5.252262260578165,440842.9244878189,8393391.3162838
2003Q2,2003-04-01,AMZN,4.626555289224684,388324.8898888535,8393391.3162838
2003Q2,2003-04-01,QCOM,3.7930568278515695,318366.1024106034,8393391.3162838
2003Q2,2003-04-01,COST,2.9258528976611453,245578.2830395285,8393391.3162838
2003Q2,2003-04-01,AMAT,2.4699586589325393,207313.29559464354,8393391.3162838
2003Q2,2003-04-01,ADBE,2.0128595147323423,168947.17571853666,8393391.3162838
2003Q2,2003-04-01,SBUX,1.7965950074296646,150795.24934238975,8393391.3162838
2003Q2,2003-04-01,PAYX,1.5791250226027675,132542.1425204053,8393391.3162838
2003Q2,2003-04-01,CIEN,1.523622578004919,127883.60515520425,8393391.3162838
2003Q2,2003-04-01,AAPL,1.0240549193211212,85952.93667227606,8393391.3162838
2003Q2,2003-04-01,KLAC,0.8300202117719926,69666.84437827082,8393391.3162838
2003Q2,2003-04-01,CTAS,0.8036473477736523,67453.2667015788,8393391.3162838
2003Q3,2003-07-01,INTC,12.306298072540407,1247938.5128019268,10140649.165539943
2003Q3,2003-07-01,MSFT,12.306298072540407,1247938.5128019268,10140649.165539943
2003Q3,2003-07-01,CSCO,11.56709189856867,1172978.2080894422,10140649.165539943
2003Q3,2003-07-01,YHOO,8.526151878892813,864607.1493596123,10140649.165539943
2003Q3,2003-07-01,ORCL,7.4850252975306075,759030.1553744912,10140649.165539943
2003Q3,2003-07-01,TEVA,6.871609417526379,696825.8030575529,10140649.165539943
2003Q3,2003-07-01,AMGN,6.3108066593503125,639956.7628402467,10140649.165539943
2003Q3,2003-07-01,CMCSA,6.019088221652671,610374.6195221347,10140649.165539943
2003Q3,2003-07-01,NXTL,5.535833493619043,561369.4529763601,10140649.165539943
2003Q3,2003-07-01,AMZN,5.299474284222844,537401.0947810477,10140649.165539943
2003Q3,2003-07-01,QCOM,3.0901368228238533,313359.93393772957,10140649.165539943
2003Q3,2003-07-01,COST,2.8531882553939423,289331.8110118895,10140649.165539943
2003Q3,2003-07-01,AMAT,2.455312695918031,248984.64641000808,10140649.165539943
2003Q3,2003-07-01,ADBE,1.7220592617712183,174627.98815890634,10140649.165539943
2003Q3,2003-07-01,GILD,1.5495659236209345,157136.0439031576,10140649.165539943
2003Q3,2003-07-01,SBUX,1.4082817038264426,142808.90684752783,10140649.165539943
2003Q3,2003-07-01,CIEN,1.383858617087754,140332.2473059619,10140649.165539943
2003Q3,2003-07-01,PAYX,1.3504254806082387,136941.9102305381,10140649.165539943
2003Q3,2003-07-01,AAPL,1.110059118860149,112567.20077369174,10140649.165539943
2003Q3,2003-07-01,KLAC,0.8494348236452753,86138.2053557903,10140649.165539943
2003Q4,2003-10-01,INTC,14.652286964072973,1651639.4293908305,11272229.607846253
2003Q4,2003-10-01,CSCO,12.141259017129508,1368590.5936941754,11272229.607846253
2003Q4,2003-10-01,MSFT,12.003562678936012,1353069.146291408,11272229.607846253
2003Q4,2003-10-01,YHOO,8.301192525560348,935729.4816705335,11272229.607846253
2003Q4,2003-10-01,AMZN,6.357075178103515,716584.1104192293,11272229.607846253
2003Q4,2003-10-01,ORCL,6.307518263091732,710997.941172536,11272229.607846253
2003Q4,2003-10-01,TEVA,6.222894358551918,701458.9403496835,11272229.607846253
2003Q4,2003-10-01,AMGN,5.555028041311011,626175.5155968216,11272229.607846253
2003Q4,2003-10-01,CMCSA,5.529678161601337,623318.0189506343,11272229.607846253
2003Q4,2003-10-01,NXTL,5.432095726491622,612318.3028081396,11272229.607846253
2003Q4,2003-10-01,QCOM,3.2288462393089987,363962.9617792192,11272229.607846253
2003Q4,2003-10-01,AMAT,2.5281641936138746,284980.4727675106,11272229.607846253
2003Q4,2003-10-01,COST,2.1845560455025317,246248.17336113163,11272229.607846253
2003Q4,2003-10-01,ADBE,1.9033868854469587,214554.1400532147,11272229.607846253
2003Q4,2003-10-01,SBUX,1.486231704402821,167531.4502248928,11272229.607846253
2003Q4,2003-10-01,PAYX,1.414524807909142,159448.48420746461,11272229.607846253
2003Q4,2003-10-01,CIEN,1.41109010967717,159061.3171364201,11272229.607846253
2003Q4,2003-10-01,GILD,1.4063070176714396,158522.15602317965,11272229.607846253
2003Q4,2003-10-01,AAPL,1.0855978912728013,122371.08692220728,11272229.607846253
2003Q4,2003-10-01,KLAC,0.8487041903442902,95667.88502702091,11272229.607846253
2004Q1,2004-01-02,INTC,12.381210767246,1593409.4150235853,12869576.691472586
2004Q1,2004-01-02,MSFT,12.381210767246,1593409.4150235853,12869576.691472586
2004Q1,2004-01-02,CSCO,12.381210767246,1593409.4150235853,12869576.691472586
2004Q1,2004-01-02,YHOO,9.488529477309724,1221133.5779753579,12869576.691472586
2004Q1,2004-01-02,NXTL,6.926853477779696,891456.7206287939,12869576.691472586
2004Q1,2004-01-02,ORCL,6.57765728224179,846516.6484403387,12869576.691472586
2004Q1,2004-01-02,AMZN,6.088632319810981,783581.2058598606,12869576.691472586
2004Q1,2004-01-02,TEVA,5.671509213707688,729899.2278220449,12869576.691472586
2004Q1,2004-01-02,CMCSA,5.367212620456133,690737.5443839976,12869576.691472586
2004Q1,2004-01-02,AMGN,4.927327842928945,634126.2355860225,12869576.691472586
2004Q1,2004-01-02,QCOM,3.80370998456863,489521.37358525995,12869576.691472586
2004Q1,2004-01-02,AMAT,2.7654529420623266,355902.08724529605,12869576.691472586
2004Q1,2004-01-02,COST,2.3405100750692593,301213.7390826809,12869576.691472586
2004Q1,2004-01-02,ADBE,1.6922641183844214,217787.22853775552,12869576.691472586
2004Q1,2004-01-02,SBUX,1.5087874849162752,194174.5624826404,12869576.691472586
2004Q1,2004-01-02,PAYX,1.4114096403366223,181642.446093959,12869576.691472586
2004Q1,2004-01-02,GILD,1.3479410222440003,173474.30361351118,12869576.691472586
2004Q1,2004-01-02,MCHP,1.0743739000426946,138267.3730191596,12869576.691472586
2004Q1,2004-01-02,AAPL,1.0203693014381894,131317.2097848309,12869576.691472586
2004Q1,2004-01-02,KLAC,0.8438269949646433,108596.96226032329,12869576.691472586
2004Q2,2004-04-01,CSCO,12.622353144976127,1550006.9050976336,12279856.911740405
2004Q2,2004-04-01,MSFT,11.819023068942096,1451359.1212316789,12279856.911740405
2004Q2,2004-04-01,INTC,11.026272059507374,1354010.4316067174,12279856.911740405
2004Q2,2004-04-01,YHOO,10.70388969437681,1314422.3384599998,12279856.911740405
2004Q2,2004-04-01,TEVA,6.652369227537999,816901.4223823168,12279856.911740405
2004Q2,2004-04-01,NXTL,6.379891253349291,783441.5170359344,12279856.911740405
2004Q2,2004-04-01,ORCL,6.252640473644677,767815.303369134,12279856.911740405
2004Q2,2004-04-01,AMZN,5.248402249015811,644496.2863317069,12279856.911740405
2004Q2,2004-04-01,CMCSA,4.933638174175259,605843.7083317237,12279856.911740405
2004Q2,2004-04-01,QCOM,4.905619170039363,602403.014715741,12279856.911740405
2004Q2,2004-04-01,AMGN,4.859749069057357,596770.2319498799,12279856.911740405
2004Q2,2004-04-01,AMAT,2.7548954432140147,338297.21849473764,12279856.911740405
2004Q2,2004-04-01,COST,2.481278758616394,304697.4811395018,12279856.911740405
2004Q2,2004-04-01,SBUX,1.8058424767576187,221754.87219726457,12279856.911740405
2004Q2,2004-04-01,ADBE,1.7846775336529859,219155.84746856437,12279856.911740405
2004Q2,2004-04-01,PAYX,1.4201953010439674,174397.95083546007,12279856.911740405
2004Q2,2004-04-01,AAPL,1.353102150559184,166159.00795835003,12279856.911740405
2004Q2,2004-04-01,GILD,1.3440765667565295,165050.67918193483,12279856.911740405
2004Q2,2004-04-01,MCHP,0.8925158498875515,109599.6692807951,12279856.911740405
2004Q2,2004-04-01,KLAC,0.7595683348896066,93273.90467133287,12279856.911740405
2004Q3,2004-07-01,INTC,12.09601281082186,1650374.8772077428,13643957.748880794
2004Q3,2004-07-01,MSFT,12.09601281082186,1650374.8772077428,13643957.748880794
2004Q3,2004-07-01,CSCO,12.09601281082186,1650374.8772077428,13643957.748880794
2004Q3,2004-07-01,YHOO,12.09601281082186,1650374.8772077428,13643957.748880794
2004Q3,2004-07-01,TEVA,6.250419763355741,852804.6316399523,13643957.748880794
2004Q3,2004-07-01,NXTL,6.124917171473329,835681.1110297657,13643957.748880794
2004Q3,2004-07-01,AMZN,5.873870972277883,801428.4736813679,13643957.748880794
2004Q3,2004-07-01,ORCL,5.631739758579307,768392.193187482,13643957.748880794
2004Q3,2004-07-01,QCOM,4.881786130675947,666068.8370601488,13643957.748880794
2004Q3,2004-07-01,CMCSA,4.31709257093913,589022.2863590065,13643957.748880794
2004Q3,2004-07-01,AMGN,4.1224458088781315,562464.7643838393,13643957.748880794
2004Q3,2004-07-01,COST,2.5156401151063994,343232.8744190133,13643957.748880794
2004Q3,2004-07-01,AMAT,2.264875431108827,309018.64688527,13643957.748880794
2004Q3,2004-07-01,SBUX,1.9487070335230279,265880.76430335024,13643957.748880794
2004Q3,2004-07-01,ADBE,1.8942288907209333,258447.7895170575,13643957.748880794
2004Q3,2004-07-01,GILD,1.4816993621851517,202162.4349419783,13643957.748880794
2004Q3,2004-07-01,AAPL,1.475384963931707,201300.90111218224,13643957.748880794
2004Q3,2004-07-01,PAYX,1.2272981555893945,167452.04180141026,13643957.748880794
2004Q3,2004-07-01,MCHP,0.9341709937699968,127457.89569227821,13643957.748880794
2004Q3,2004-07-01,KLAC,0.6716716345976632,91642.59403572217,13643957.748880794
2004Q4,2004-10-01,MSFT,14.041541131782248,1602501.4870258442,11412575.528470099
2004Q4,2004-10-01,CSCO,11.044073492880672,1260413.2287947526,11412575.528470099
2004Q4,2004-10-01,INTC,10.527859318295212,1201499.8962315184,11412575.528470099
2004Q4,2004-10-01,YHOO,6.667338047631829,760914.9904244062,11412575.528470099
2004Q4,2004-10-01,NXTL,6.547912805572656,747285.4944743448,11412575.528470099
2004Q4,2004-10-01,ORCL,6.366019750173592,726526.8121458847,11412575.528470099
2004Q4,2004-10-01,QCOM,6.255638085341548,713929.421277345,11412575.528470099
2004Q4,2004-10-01,TEVA,5.783093845009608,659999.952944027,11412575.528470099
2004Q4,2004-10-01,AMZN,5.274491028194872,601955.2723351188,11412575.528470099
2004Q4,2004-10-01,CMCSA,5.1868807832412624,591956.6869591104,11412575.528470099
2004Q4,2004-10-01,AMGN,5.130769625556843,585552.9587084772,11412575.528470099
2004Q4,2004-10-01,COST,3.039004588426439,346828.6939678392,11412575.528470099
2004Q4,2004-10-01,SBUX,2.435248356953286,277924.5580431209,11412575.528470099
2004Q4,2004-10-01,ADBE,2.4098652505442395,275027.6918527165,11412575.528470099
2004Q4,2004-10-01,AMAT,2.275739197795195,259720.45477937616,11412575.528470099
2004Q4,2004-10-01,AAPL,2.1004684537635665,239717.54873745507,11412575.528470099
2004Q4,2004-10-01,GILD,1.976566004395616,225577.08812171328,11412575.528470099
2004Q4,2004-10-01,PAYX,1.311002443588759,149619.14405465574,11412575.528470099
2004Q4,2004-10-01,MCHP,0.9519574319726689,108642.8609227652,11412575.528470099
2004Q4,2004-10-01,KLAC,0.6745303588798884,76981.28666962768,11412575.528470099
2005Q1,2005-01-03,INTC,11.917657149418108,1557874.4786501618,13071986.038180554
2005Q1,2005-01-03,MSFT,11.917657149418108,1557874.4786501618,13071986.038180554
2005Q1,2005-01-03,CSCO,10.370801997487494,1355669.7891589152,13071986.038180554
2005Q1,2005-01-03,YHOO,7.74195132353669,1012026.7960954508,13071986.038180554
2005Q1,2005-01-03,NXTL,7.285083516849484,952305.1001923576,13071986.038180554
2005Q1,2005-01-03,ORCL,6.5129399960444925,851370.6069580131,13071986.038180554
2005Q1,2005-01-03,QCOM,5.861056161920683,766156.4431761927,13071986.038180554
2005Q1,2005-01-03,TEVA,5.593797726647918,731220.4578314772,13071986.038180554
2005Q1,2005-01-03,CMCSA,5.193182111360361,678852.0405343164,13071986.038180554
2005Q1,2005-01-03,AMZN,5.067337916456038,662401.7049465628,13071986.038180554
2005Q1,2005-01-03,AMGN,4.9285955962836185,644265.3282245762,13071986.038180554
2005Q1,2005-01-03,COST,3.0164128024959163,394305.0603961569,13071986.038180554
2005Q1,2005-01-03,AAPL,2.9443775437706194,384888.6214330189,13071986.038180554
2005Q1,2005-01-03,SBUX,2.719555733318719,355499.94575996173,13071986.038180554
2005Q1,2005-01-03,ADBE,2.594154335424046,339107.4925354868,13071986.038180554
2005Q1,2005-01-03,AMAT,2.042078181886982,266940.17482499755,13071986.038180554
2005Q1,2005-01-03,GILD,1.565669730257245,204664.12854324622,13071986.038180554
2005Q1,2005-01-03,PAYX,1.2596820707069833,164665.46440828056,13071986.038180554
2005Q1,2005-01-03,MCHP,0.8109002978205475,106000.77371466652,13071986.038180554
2005Q1,2005-01-03,KLAC,0.6571086588959545,85897.15214655465,13071986.038180554
2005Q2,2005-04-01,INTC,12.576652953875334,1552718.7517245894,12346041.171837687
2005Q2,2005-04-01,MSFT,11.449402670064428,1413547.9675756379,12346041.171837687
2005Q2,2005-04-01,CSCO,10.16785829771883,1255327.9717304814,12346041.171837687
2005Q2,2005-04-01,YHOO,7.374855120673746,910502.6495617606,12346041.171837687
2005Q2,2005-04-01,NXTL,7.3047668143343,901849.518404449,12346041.171837687
2005Q2,2005-04-01,ORCL,6.272652274862728,774424.2324207657,12346041.171837687
2005Q2,2005-04-01,TEVA,6.162022468133228,760765.8309336171,12346041.171837687
2005Q2,2005-04-01,CMCSA,5.581151685909038,689051.285005043,12346041.171837687
2005Q2,2005-04-01,QCOM,5.372073798605532,663238.4429573438,12346041.171837687
2005Q2,2005-04-01,AMGN,4.735197448007958,584609.4264988699,12346041.171837687
2005Q2,2005-04-01,AMZN,4.151472451364206,512542.4980829241,12346041.171837687
2005Q2,2005-04-01,AAPL,4.034363529688906,498084.1823969965,12346041.171837687
2005Q2,2005-04-01,ADBE,2.9412075267229385,363122.69219840295,12346041.171837687
2005Q2,2005-04-01,COST,2.921008733782467,360628.94090575806,12346041.171837687
2005Q2,2005-04-01,SBUX,2.385392931592082,294501.59344446444,12346041.171837687
2005Q2,2005-04-01,AMAT,2.054676835868513,253671.24810453848,12346041.171837687
2005Q2,2005-04-01,GILD,1.6961063010364648,209401.9822440952,12346041.171837687
2005Q2,2005-04-01,PAYX,1.2899403650535337,159256.56856166266,12346041.171837687
2005Q2,2005-04-01,MCHP,0.8419652906579429,103949.38143721249,12346041.171837687
2005Q2,2005-04-01,KLAC,0.687232502047843,84846.00764907697,12346041.171837687
2005Q3,2005-07-01,INTC,12.299784304276598,1560545.1560681413,12687581.484868353
2005Q3,2005-07-01,MSFT,12.299784304276598,1560545.1560681413,12687581.484868353
2005Q3,2005-07-01,CSCO,11.275027092949133,1430528.2498589046,12687581.484868353
2005Q3,2005-07-01,YHOO,7.724400515008506,980039.6095592949,12687581.484868353
2005Q3,2005-07-01,ORCL,7.139380819032944,905814.7589298664,12687581.484868353
2005Q3,2005-07-01,TEVA,6.601168341576832,837528.6122908936,12687581.484868353
2005Q3,2005-07-01,CMCSA,5.321185854385958,675129.7912365068,12687581.484868353
2005Q3,2005-07-01,QCOM,5.170027631179576,655951.4684961179,12687581.484868353
2005Q3,2005-07-01,AMGN,5.161388495358693,654855.3710992548,12687581.484868353
2005Q3,2005-07-01,AMZN,4.143237093413108,525676.5823380792,12687581.484868353
2005Q3,2005-07-01,AAPL,3.75636775189549,476592.21939305775,12687581.484868353
2005Q3,2005-07-01,MRVL,3.3152058903064288,420619.4487237835,12687581.484868353
2005Q3,2005-07-01,COST,3.1448935997012666,399010.93807450775,12687581.484868353
2005Q3,2005-07-01,ADBE,2.6470719293176876,335849.4079952584,12687581.484868353
2005Q3,2005-07-01,SBUX,2.511627945079311,318664.84212866216,12687581.484868353
2005Q3,2005-07-01,GILD,2.2004756073917475,279187.1357424798,12687581.484868353
2005Q3,2005-07-01,AMAT,2.171421293131975,275500.8459459014,12687581.484868353
2005Q3,2005-07-01,PAYX,1.3769875461039156,174706.41694842346,12687581.484868353
2005Q3,2005-07-01,MCHP,1.0389453924515901,131817.04325058078,12687581.484868353
2005Q3,2005-07-01,KLAC,0.7016185931626523,89018.4307204985,12687581.484868353
2005Q4,2005-10-03,MSFT,11.956648933851515,1621253.8390068356,13559433.315941576
2005Q4,2005-10-03,INTC,10.934703929012517,1482683.8875500958,13559433.315941576
2005Q4,2005-10-03,CSCO,9.90865112030106,1343556.9411665204,13559433.315941576
2005Q4,2005-10-03,YHOO,7.058775060025396,957129.8971864586,13559433.315941576
2005Q4,2005-10-03,TEVA,6.642612892775703,900700.6656320591,13559433.315941576
2005Q4,2005-10-03,QCOM,6.572777972203486,891231.4461458287,13559433.315941576
2005Q4,2005-10-03,AMGN,6.364007332467299,862923.3304675356,13559433.315941576
2005Q4,2005-10-03,ORCL,6.275461091394277,850916.9619554664,13559433.315941576
2005Q4,2005-10-03,AMZN,5.307359963715,719647.9351169164,13559433.315941576
2005Q4,2005-10-03,AAPL,5.119002459204895,694107.7248972971,13559433.315941576
2005Q4,2005-10-03,CMCSA,4.769618579401081,646733.2506986494,13559433.315941576
2005Q4,2005-10-03,MRVL,3.7670585253434266,510791.78871643404,13559433.315941576
2005Q4,2005-10-03,COST,2.8419917186647554,385357.97193692945,13559433.315941576
2005Q4,2005-10-03,ADBE,2.5842202269973904,350405.6184167852,13559433.315941576
2005Q4,2005-10-03,GILD,2.282252036701395,309460.4430182441,13559433.315941576
2005Q4,2005-10-03,SBUX,2.279166943636485,309042.12188137294,13559433.315941576
2005Q4,2005-10-03,AMAT,2.133424325984361,289280.2488279255,13559433.315941576
2005Q4,2005-10-03,PAYX,1.4750158224907413,200003.78685021924,13559433.315941576
2005Q4,2005-10-03,MCHP,0.9925691676903627,134586.75440757105,13559433.315941576
2005Q4,2005-10-03,KLAC,0.7346818981388576,99618.70206243222,13559433.315941576
2006Q1,2006-01-03,INTC,11.80920735715584,1709371.4815157403,14474904.452244539
2006Q1,2006-01-03,MSFT,11.80920735715584,1709371.4815157403,14474904.452244539
2006Q1,2006-01-03,CSCO,8.640103680719061,1250646.7523589479,14474904.452244539
2006Q1,2006-01-03,TEVA,7.8500174964221365,1136282.5320915831,14474904.452244539
2006Q1,2006-01-03,YHOO,7.651780999329041,1107587.9885478811,14474904.452244539
2006Q1,2006-01-03,AAPL,6.415308248964045,928609.7393545078,14474904.452244539
2006Q1,2006-01-03,AMGN,5.683363136403047,822661.3836684295,14474904.452244539
2006Q1,2006-01-03,QCOM,5.669880093018664,820709.7260212854,14474904.452244539
2006Q1,2006-01-03,ORCL,5.644650295902909,817057.7369952847,14474904.452244539
2006Q1,2006-01-03,AMZN,4.995366332804062,723074.50371298,14474904.452244539
2006Q1,2006-01-03,MRVL,4.232110454095303,612593.9445437476,14474904.452244539
2006Q1,2006-01-03,CMCSA,3.8225238919335083,553306.6810215946,14474904.452244539
2006Q1,2006-01-03,ADBE,2.988826736864191,432629.81440423,14474904.452244539
2006Q1,2006-01-03,COST,2.9281448769215443,423846.173157687,14474904.452244539
2006Q1,2006-01-03,SBUX,2.5331295894885444,366668.08773000113,14474904.452244539
2006Q1,2006-01-03,GILD,2.274578188457482,329243.01947081526,14474904.452244539
2006Q1,2006-01-03,AMAT,2.063527343131703,298693.6112642544,14474904.452244539
2006Q1,2006-01-03,PAYX,1.3661407617731125,197747.56994982372,14474904.452244539
2006Q1,2006-01-03,MCHP,0.9385432988636233,135853.24575345338,14474904.452244539
2006Q1,2006-01-03,KLAC,0.6835898605963472,98948.9791665529,14474904.452244539
2006Q2,2006-04-03,MSFT,12.434000558275718,1784689.5251333914,14353300.989242377
2006Q2,2006-04-03,CSCO,11.02904854173499,1583032.5334448703,14353300.989242377
2006Q2,2006-04-03,INTC,9.329028246405517,1339023.5035780238,14353300.989242377
2006Q2,2006-04-03,TEVA,7.592767336314629,1089812.7491941198,14353300.989242377
2006Q2,2006-04-03,QCOM,6.730262116989012,966014.7790163888,14353300.989242377
2006Q2,2006-04-03,ORCL,6.382471951857485,916095.4098040777,14353300.989242377
2006Q2,2006-04-03,YHOO,6.353688256575278,911963.9993843961,14353300.989242377
2006Q2,2006-04-03,AAPL,5.644415625546967,810159.9638185841,14353300.989242377
2006Q2,2006-04-03,AMGN,5.287441153234247,758922.3433527796,14353300.989242377
2006Q2,2006-04-03,MRVL,4.116543466552419,590859.8741072608,14353300.989242377
2006Q2,2006-04-03,AMZN,3.903006108354919,560210.214360697,14353300.989242377
2006Q2,2006-04-03,CMCSA,3.890603414050526,558430.0183164119,14353300.989242377
2006Q2,2006-04-03,COST,3.2404712273997984,465114.5887384899,14353300.989242377
2006Q2,2006-04-03,SBUX,3.2032399929191007,459770.6775914647,14353300.989242377
2006Q2,2006-04-03,ADBE,2.8502298949295697,409102.0757046079,14353300.989242377
2006Q2,2006-04-03,GILD,2.714919351144559,389680.5460849647,14353300.989242377
2006Q2,2006-04-03,AMAT,2.0342026703803735,291975.232010901,14353300.989242377
2006Q2,2006-04-03,PAYX,1.512188634333427,217048.98621099055,14353300.989242377
2006Q2,2006-04-03,MCHP,1.0741110182077165,154170.38740196952,14353300.989242377
2006Q2,2006-04-03,KLAC,0.6773604347937691,97223.58198799052,14353300.989242377
2006Q3,2006-07-03,MSFT,11.1670792432077,1492007.4075534104,13360766.723858556
2006Q3,2006-07-03,INTC,10.677547688485248,1426602.2384872653,13360766.723858556
2006Q3,2006-07-03,GOOG,10.6599268193557,1424247.9552681502,13360766.723858556
2006Q3,2006-07-03,CSCO,9.411255386300715,1257415.877950212,13360766.723858556
2006Q3,2006-07-03,ORCL,6.305443256351406,842455.564386382,13360766.723858556
2006Q3,2006-07-03,YHOO,5.91931952103616,790866.4728454628,13360766.723858556
2006Q3,2006-07-03,TEVA,5.532860049751442,739232.5244048546,13360766.723858556
2006Q3,2006-07-03,QCOM,4.854628503578707,648615.5896730964,13360766.723858556
2006Q3,2006-07-03,AAPL,4.726656251922004,631517.5156579752,13360766.723858556
2006Q3,2006-07-03,CMCSA,4.535837652891284,606022.6877757456,13360766.723858556
2006Q3,2006-07-03,AMGN,4.422007191755605,590814.0654027151,13360766.723858556
2006Q3,2006-07-03,AMZN,3.8524484291104937,514716.6477704065,13360766.723858556
2006Q3,2006-07-03,COST,3.2247456578577984,430850.7447841384,13360766.723858556
2006Q3,2006-07-03,MRVL,3.1004005123029157,414237.2799541082,13360766.723858556
2006Q3,2006-07-03,SBUX,2.9650167896305613,396148.9765857793,13360766.723858556
2006Q3,2006-07-03,GILD,2.3419051840360607,312896.4885330085,13360766.723858556
2006Q3,2006-07-03,ADBE,2.2594218239567287,301876.07920680864,13360766.723858556
2006Q3,2006-07-03,AMAT,1.7762183767017838,237316.39381743254,13360766.723858556
2006Q3,2006-07-03,PAYX,1.3210763354955852,176505.92742966418,13360766.723858556
2006Q3,2006-07-03,MCHP,0.9462053262720995,126420.28637193996,13360766.723858556
2006Q4,2006-10-02,MSFT,12.404168993603601,1757796.529481746,14171014.038813729
2006Q4,2006-10-02,INTC,10.961213906437676,1553315.161505686,14171014.038813729
2006Q4,2006-10-02,CSCO,10.440606339598455,1479539.7901217733,14171014.038813729
2006Q4,2006-10-02,GOOG,9.632672772736827,1365047.4109375232,14171014.038813729
2006Q4,2006-10-02,ORCL,7.278323148225874,1031412.1951253179,14171014.038813729
2006Q4,2006-10-02,AAPL,5.990115614919734,848860.1247314488,14171014.038813729
2006Q4,2006-10-02,TEVA,5.642016745640767,799530.9850969745,14171014.038813729
2006Q4,2006-10-02,CMCSA,4.819873372516706,683024.9322723871,14171014.038813729
2006Q4,2006-10-02,AMGN,4.571833820456229,647875.2125280863,14171014.038813729
2006Q4,2006-10-02,YHOO,4.275286973354571,605851.5171936508,14171014.038813729
2006Q4,2006-10-02,QCOM,4.165460567800636,590288.0018442782,14171014.038813729
2006Q4,2006-10-02,AMZN,3.0161736404634354,427422.39002507256,14171014.038813729
2006Q4,2006-10-02,COST,2.65058717839307,375615.08116107865,14171014.038813729
2006Q4,2006-10-02,ADBE,2.628413922165184,372472.90590816276,14171014.038813729
2006Q4,2006-10-02,GILD,2.566672392313759,363723.50504513894,14171014.038813729
2006Q4,2006-10-02,MRVL,2.554524916067046,362002.0844808557,14171014.038813729
2006Q4,2006-10-02,SBUX,2.520825918733236,357226.59483774204,14171014.038813729
2006Q4,2006-10-02,AMAT,1.8297568497308185,259295.10005151012,14171014.038813729
2006Q4,2006-10-02,PAYX,1.1830797832248603,167654.402171162,14171014.038813729
2006Q4,2006-10-02,MCHP,0.868393143617521,123060.11429413476,14171014.038813729
2007Q1,2007-01-03,MSFT,11.384989170646339,1714981.7338167552,15063534.16864422
2007Q1,2007-01-03,CSCO,11.363005878972148,1711670.2731640209,15063534.16864422
2007Q1,2007-01-03,GOOGL,10.99336055502418,1655988.6234883233,15063534.16864422
2007Q1,2007-01-03,INTC,9.877281719446488,1487867.7067420708,15063534.16864422
2007Q1,2007-01-03,ORCL,6.491909452517588,977910.9985774308,15063534.16864422
2007Q1,2007-01-03,ERIC,5.967316873408601,898888.8161771765,15063534.16864422
2007Q1,2007-01-03,AAPL,5.952098270941519,896596.3567945575,15063534.16864422
2007Q1,2007-01-03,TEVA,4.647720516606003,700110.9680820329,15063534.16864422
2007Q1,2007-01-03,QCOM,4.0390178202030915,608418.8294239216,15063534.16864422
2007Q1,2007-01-03,AMGN,4.003515377124745,603070.9067801115,15063534.16864422
2007Q1,2007-01-03,YHOO,3.9642677035509735,597158.8200609285,15063534.16864422
2007Q1,2007-01-03,AMZN,3.3625883375807963,506524.6431823289,15063534.16864422
2007Q1,2007-01-03,MDLZ,2.9734627641159643,447908.57946452114,15063534.16864422
2007Q1,2007-01-03,COST,2.58993649977061,390135.9695891339,15063534.16864422
2007Q1,2007-01-03,ADBE,2.563449726800181,386146.12549256213,15063534.16864422
2007Q1,2007-01-03,SBUX,2.3938651364338397,360600.692777973,15063534.16864422
2007Q1,2007-01-03,MRVL,2.3530571344110767,354453.5654497331,15063534.16864422
2007Q1,2007-01-03,GILD,2.1732355398469343,327366.07810996263,15063534.16864422
2007Q1,2007-01-03,AMAT,1.7340149836779148,261203.9395557332,15063534.16864422
2007Q1,2007-01-03,PAYX,1.171906538921016,176530.5419149431,15063534.16864422
2007Q2,2007-04-02,GOOGL,10.972260465989752,1647644.8643777694,15016457.816371605
2007Q2,2007-04-02,MSFT,10.696515445574708,1606237.7297063991,15016457.816371605
2007Q2,2007-04-02,CSCO,10.64790316124645,1598937.886536672,15016457.816371605
2007Q2,2007-04-02,INTC,9.41032379327915,1413097.302801744,15016457.816371605
2007Q2,2007-04-02,ORCL,6.888406194299051,1034394.6103872458,15016457.816371605
2007Q2,2007-04-02,AAPL,6.538694178349301,981880.2530333687,15016457.816371605
2007Q2,2007-04-02,TEVA,5.628998158585739,845276.133968362,15016457.816371605
2007Q2,2007-04-02,ERIC,5.518808253558527,828729.5133620506,15016457.816371605
2007Q2,2007-04-02,YHOO,4.871993299668218,731600.818661129,15016457.816371605
2007Q2,2007-04-02,QCOM,4.58749655506565,688879.485018934,15016457.816371605
2007Q2,2007-04-02,AMZN,3.4013391363287786,510760.6565985493,15016457.816371605
2007Q2,2007-04-02,AMGN,3.2852854188044978,493333.4990621846,15016457.816371605
2007Q2,2007-04-02,MDLZ,2.6661175047412162,400356.410434364,15016457.816371605
2007Q2,2007-04-02,COST,2.651880062411093,398218.45091273077,15016457.816371605
2007Q2,2007-04-02,ADBE,2.607757177193969,391592.7564667353,15016457.816371605
2007Q2,2007-04-02,GILD,2.5685151622888407,385699.9958522124,15016457.816371605
2007Q2,2007-04-02,SBUX,2.126113241432286,319266.89802797016,15016457.816371605
2007Q2,2007-04-02,MRVL,2.06768662331184,310493.28956438095,15016457.816371605
2007Q2,2007-04-02,AMAT,1.7320344887968284,260090.2283751833,15016457.816371605
2007Q2,2007-04-02,PAYX,1.131871679074081,169967.03322361637,15016457.816371605
2007Q3,2007-07-02,MSFT,11.12454878406896,1865002.4924271584,16764747.304609396
2007Q3,2007-07-02,GOOGL,11.024503134030077,1848230.0920088857,16764747.304609396
2007Q3,2007-07-02,INTC,10.524723256865798,1764443.258523007,16764747.304609396
2007Q3,2007-07-02,CSCO,10.104114757056394,1693929.306388252,16764747.304609396
2007Q3,2007-07-02,AAPL,7.614656777612834,1276577.9668801043,16764747.304609396
2007Q3,2007-07-02,ORCL,6.5295353801774505,1094660.106651816,16764747.304609396
2007Q3,2007-07-02,TEVA,5.514579286946268,924505.2823688725,16764747.304609396
2007Q3,2007-07-02,AMZN,5.3473784047502795,896474.4769776374,16764747.304609396
2007Q3,2007-07-02,ERIC,5.281155253550583,885372.3330218589,16764747.304609396
2007Q3,2007-07-02,QCOM,4.2135482382142815,706390.7146944454,16764747.304609396
2007Q3,2007-07-02,YHOO,3.6759139433264503,616257.683733582,16764747.304609396
2007Q3,2007-07-02,AMGN,2.8585492288745074,479228.5547986716,16764747.304609396
2007Q3,2007-07-02,MDLZ,2.6623593392276494,446337.81556218385,16764747.304609396
2007Q3,2007-07-02,COST,2.6239883770911225,439905.0207216478,16764747.304609396
2007Q3,2007-07-02,GILD,2.393890793114767,401329.74221400043,16764747.304609396
2007Q3,2007-07-02,ADBE,2.279998338279815,382235.9599619043,16764747.304609396
2007Q3,2007-07-02,MRVL,1.9249208247975127,322708.11209110596,16764747.304609396
2007Q3,2007-07-02,AMAT,1.6883606650973437,283049.3990939922,16764747.304609396
2007Q3,2007-07-02,SBUX,1.5640650679250294,262211.5563172985,16764747.304609396
2007Q3,2007-07-02,PAYX,1.0492101489928674,175897.43017296994,16764747.304609396
2007Q4,2007-10-01,CSCO,11.012137767055123,2015077.3650236211,18298693.747294948
2007Q4,2007-10-01,GOOGL,10.961582858029308,2005826.4770467638,18298693.747294948
2007Q4,2007-10-01,INTC,10.552607301610825,1930989.29247645,18298693.747294948
2007Q4,2007-10-01,MSFT,10.22424764997882,1870903.7654346249,18298693.747294948
2007Q4,2007-10-01,AAPL,8.773010167344468,1605346.2629414122,18298693.747294948
2007Q4,2007-10-01,AMZN,6.670848612954068,1220678.158030138,18298693.747294948
2007Q4,2007-10-01,ORCL,6.5709857913712115,1202404.5661412834,18298693.747294948
2007Q4,2007-10-01,TEVA,5.4583533203652035,998807.3577389336,18298693.747294948
2007Q4,2007-10-01,ERIC,4.827528900575858,883374.7290785311,18298693.747294948
2007Q4,2007-10-01,QCOM,3.773750175326472,690546.9873709973,18298693.747294948
2007Q4,2007-10-01,YHOO,3.3317754210873805,609671.3806524264,18298693.747294948
2007Q4,2007-10-01,AMGN,2.679552687153814,490323.1400196887,18298693.747294948
2007Q4,2007-10-01,COST,2.527194815463604,462443.6396792006,18298693.747294948
2007Q4,2007-10-01,MDLZ,2.4079150289110394,440616.9968355197,18298693.747294948
2007Q4,2007-10-01,GILD,2.3102250292610265,422741.0029778303,18298693.747294948
2007Q4,2007-10-01,ADBE,2.27148366069124,415651.8385897343,18298693.747294948
2007Q4,2007-10-01,AMAT,1.6159015904473106,295688.88329362165,18298693.747294948
2007Q4,2007-10-01,MRVL,1.5853622369677018,290100.5805279842,18298693.747294948
2007Q4,2007-10-01,SBUX,1.4307686171484673,261811.96748440494,18298693.747294948
2007Q4,2007-10-01,PAYX,1.0147683682570758,185689.3559517845,18298693.747294948
2008Q1,2008-01-02,MSFT,11.538601647704725,2162503.2307606144,18741467.092685208
2008Q1,2008-01-02,GOOGL,11.538601647704725,2162503.2307606144,18741467.092685208
2008Q1,2008-01-02,AAPL,11.50196874041795,2155637.6864963695,18741467.092685208
2008Q1,2008-01-02,INTC,10.426525009713824,1954083.7536061096,18741467.092685208
2008Q1,2008-01-02,CSCO,9.038827630129912,1694008.9058653356,18741467.092685208
2008Q1,2008-01-02,AMZN,6.950744733186129,1302671.5368666286,18741467.092685208
2008Q1,2008-01-02,ORCL,6.93016533913436,1298814.6565025423,18741467.092685208
2008Q1,2008-01-02,TEVA,5.863472264856427,1098900.7250067913,18741467.092685208
2008Q1,2008-01-02,QCOM,3.48675880308196,653469.7536809102,18741467.092685208
2008Q1,2008-01-02,YHOO,3.0516575346220187,571925.3926326344,18741467.092685208
2008Q1,2008-01-02,COST,2.8026734500837267,525262.1223628669,18741467.092685208
2008Q1,2008-01-02,ERIC,2.7961366230965226,524037.0250841542,18741467.092685208
2008Q1,2008-01-02,GILD,2.5936590148436944,486089.7507633943,18741467.092685208
2008Q1,2008-01-02,MDLZ,2.295358525119396,430183.8626443962,18741467.092685208
2008Q1,2008-01-02,AMGN,2.2669353772354444,424856.9477370201,18741467.092685208
2008Q1,2008-01-02,ADBE,2.2260879726517366,417201.54484874854,18741467.092685208
2008Q1,2008-01-02,AMAT,1.3783036649828102,258314.32781002752,18741467.092685208
2008Q1,2008-01-02,MRVL,1.3341533519684288,250039.91142511973,18741467.092685208
2008Q1,2008-01-02,SBUX,1.0899093963446616,204265.01085601875,18741467.092685208
2008Q1,2008-01-02,PAYX,0.8894592731215465,166697.7169749117,18741467.092685208
2008Q2,2008-04-01,MSFT,10.962350611186439,1730626.8487908186,15787005.08835044
2008Q2,2008-04-01,INTC,9.89326177897719,1561849.7404509583,15787005.08835044
2008Q2,2008-04-01,AAPL,9.892072235329977,1561661.9471348445,15787005.08835044
2008Q2,2008-04-01,CSCO,9.549143325215201,1507523.7426456,15787005.08835044
2008Q2,2008-04-01,GOOGL,8.725568594181611,1377505.9579509587,15787005.08835044
2008Q2,2008-04-01,ORCL,7.126763587801249,1125102.5302408896,15787005.08835044
2008Q2,2008-04-01,TEVA,6.935794595016609,1094954.2456328068,15787005.08835044
2008Q2,2008-04-01,AMZN,6.350766838008487,1002595.8838656722,15787005.08835044
2008Q2,2008-04-01,YHOO,4.505874643888703,711342.6593054017,15787005.08835044
2008Q2,2008-04-01,QCOM,4.326735050542547,683061.8825885939,15787005.08835044
2008Q2,2008-04-01,GILD,3.4484548076163115,544407.7359478525,15787005.08835044
2008Q2,2008-04-01,COST,3.105714982323555,490299.3822890816,15787005.08835044
2008Q2,2008-04-01,ERIC,2.7934298574962466,440998.9137424329,15787005.08835044
2008Q2,2008-04-01,MDLZ,2.6121347604860428,412377.8475525022,15787005.08835044
2008Q2,2008-04-01,AMGN,2.421136418677292,382224.9296124897,15787005.08835044
2008Q2,2008-04-01,ADBE,2.201107535745829,347488.958668259,15787005.08835044
2008Q2,2008-04-01,AMAT,1.8033278570936486,284691.4605590152,15787005.08835044
2008Q2,2008-04-01,MRVL,1.2326262490255333,194594.76865400412,15787005.08835044
2008Q2,2008-04-01,SBUX,1.1061510426554628,174628.12138885935,15787005.08835044
2008Q2,2008-04-01,PAYX,1.007585228732081,159067.53132940104,15787005.08835044
2008Q3,2008-07-01,MSFT,11.067292244732704,1820755.271084407,16451677.888518445
2008Q3,2008-07-01,AAPL,11.067292244732704,1820755.271084407,16451677.888518445
2008Q3,2008-07-01,GOOGL,11.067292244732704,1820755.271084407,16451677.888518445
2008Q3,2008-07-01,INTC,9.840085653146133,1618859.195609918,16451677.888518445
2008Q3,2008-07-01,CSCO,8.640382560683236,1421487.9072193275,16451677.888518445
2008Q3,2008-07-01,ORCL,7.19628626882339,1183909.8368825067,16451677.888518445
2008Q3,2008-07-01,TEVA,6.460455614245434,1062853.3477863644,16451677.888518445
2008Q3,2008-07-01,AMZN,5.826359668354506,958533.9252642349,16451677.888518445
2008Q3,2008-07-01,QCOM,4.590396712888195,755197.2810095047,16451677.888518445
2008Q3,2008-07-01,COST,3.284714637356338,540390.6716948815,16451677.888518445
2008Q3,2008-07-01,GILD,3.2705673659254293,538063.208169054,16451677.888518445
2008Q3,2008-07-01,YHOO,2.8480158577280688,468546.3951273476,16451677.888518445
2008Q3,2008-07-01,AMGN,2.5930906224526264,426606.91656328406,16451677.888518445
2008Q3,2008-07-01,ADBE,2.3617794860332717,388552.35347930033,16451677.888518445
2008Q3,2008-07-01,MDLZ,2.269335132730236,373343.7062477609,16451677.888518445
2008Q3,2008-07-01,INFY,2.116187487288889,348148.34892590024,16451677.888518445
2008Q3,2008-07-01,MRVL,1.9512930084763145,321020.4404157042,16451677.888518445
2008Q3,2008-07-01,AMAT,1.6832526619515935,276923.3059941885,16451677.888518445
2008Q3,2008-07-01,SBUX,0.9661852675801701,158953.6880286096,16451677.888518445
2008Q3,2008-07-01,PAYX,0.89973526013806,148021.54684733713,16451677.888518445
2008Q4,2008-10-01,MSFT,12.00788923450782,1773529.3218132502,14769700.878956715
2008Q4,2008-10-01,INTC,9.617214658623228,1420433.837965829,14769700.878956715
2008Q4,2008-10-01,GOOGL,9.379328834627575,1385298.8133282296,14769700.878956715
2008Q4,2008-10-01,CSCO,9.33471057140038,1378708.8293121874,14769700.878956715
2008Q4,2008-10-01,AAPL,8.368132832473279,1235948.1885100715,14769700.878956715
2008Q4,2008-10-01,ORCL,7.7524270986505535,1145010.2933298694,14769700.878956715
2008Q4,2008-10-01,TEVA,7.2155225988571905,1065711.104704731,14769700.878956715
2008Q4,2008-10-01,AMZN,6.439420478777702,951083.143053749,14769700.878956715
2008Q4,2008-10-01,QCOM,4.966670984256935,733562.4480166846,14769700.878956715
2008Q4,2008-10-01,AMGN,3.6300892576773083,536153.3249980786,14769700.878956715
2008Q4,2008-10-01,COST,3.3954131830135537,501492.37073576497,14769700.878956715
2008Q4,2008-10-01,GILD,3.1393965542735534,463679.48047047784,14769700.878956715
2008Q4,2008-10-01,MDLZ,2.934150326756534,433365.22660087113,14769700.878956715
2008Q4,2008-10-01,YHOO,2.656425173816503,392346.05224600347,14769700.878956715
2008Q4,2008-10-01,ADBE,2.636082570812948,389341.51063138474,14769700.878956715
2008Q4,2008-10-01,INFY,1.8066654118512124,266839.0772139955,14769700.878956715
2008Q4,2008-10-01,AMAT,1.4908365448081793,220192.09826234155,14769700.878956715
2008Q4,2008-10-01,MRVL,1.1445984225144301,169053.76327063848,14769700.878956715
2008Q4,2008-10-01,PAYX,1.0682961718130923,157784.14907813922,14769700.878956715
2008Q4,2008-10-01,SBUX,1.0167290904880146,150167.84541441692,14769700.878956715
2009Q1,2009-01-02,MSFT,11.104071270670474,1296208.319448011,11673270.891836997
2009Q1,2009-01-02,INTC,9.648029476811743,1126240.6165525187,11673270.891836997
2009Q1,2009-01-02,GOOGL,9.43244149012903,1101074.446856788,11673270.891836997
2009Q1,2009-01-02,CSCO,8.677411562579344,1012937.7580994725,11673270.891836997
2009Q1,2009-01-02,ORCL,8.522385546020885,994841.1512337794,11673270.891836997
2009Q1,2009-01-02,TEVA,8.084876480370774,943769.5328240971,11673270.891836997
2009Q1,2009-01-02,AAPL,8.048108684538596,939477.5284156492,11673270.891836997
2009Q1,2009-01-02,AMZN,5.897436372050282,688423.7233831534,11673270.891836997
2009Q1,2009-01-02,QCOM,5.127949672298502,598599.4564444717,11673270.891836997
2009Q1,2009-01-02,GILD,4.484236814124827,523457.1107442721,11673270.891836997
2009Q1,2009-01-02,AMGN,4.3110679042004945,503242.63478836365,11673270.891836997
2009Q1,2009-01-02,COST,3.3295446607079002,388666.76770912827,11673270.891836997
2009Q1,2009-01-02,MDLZ,3.0527563579783554,356356.5193345906,11673270.891836997
2009Q1,2009-01-02,YHOO,2.4835781723607235,289914.8078702016,11673270.891836997
2009Q1,2009-01-02,ADBE,1.8456982308897991,215453.35433760931,11673270.891836997
2009Q1,2009-01-02,INFY,1.6902148630913933,197303.35962275017,11673270.891836997
2009Q1,2009-01-02,AMAT,1.287984479004193,150349.91727897487,11673270.891836997
2009Q1,2009-01-02,MRVL,1.0690510889643288,124793.22958693943,11673270.891836997
2009Q1,2009-01-02,PAYX,1.068790650004303,124762.82784162775,11673270.891836997
2009Q1,2009-01-02,SBUX,0.8343662232040414,97397.82946459707,11673270.891836997
2009Q2,2009-04-01,GOOGL,10.083720946423478,1245701.3673927106,12353588.263809891
2009Q2,2009-04-01,MSFT,9.983023087986604,1233261.568570945,12353588.263809891
2009Q2,2009-04-01,INTC,9.443087544495182,1166560.1546380506,12353588.263809891
2009Q2,2009-04-01,AAPL,9.366453403855726,1157093.088433943,12353588.263809891
2009Q2,2009-04-01,CSCO,8.435969727478646,1042144.9661923572,12353588.263809891
2009Q2,2009-04-01,ORCL,8.207483099250222,1013918.6689031557,12353588.263809891
2009Q2,2009-04-01,TEVA,8.110703180149487,1001962.8761754027,12353588.263809891
2009Q2,2009-04-01,AMZN,7.9808172717790535,985917.3058426098,12353588.263809891
2009Q2,2009-04-01,QCOM,5.286609652391623,653085.9895712924,12353588.263809891
2009Q2,2009-04-01,GILD,3.8379194414744418,474120.76569646475,12353588.263809891
2009Q2,2009-04-01,AMGN,3.493116152708459,431525.1870822398,12353588.263809891
2009Q2,2009-04-01,COST,2.7859715792560404,344167.4580480533,12353588.263809891
2009Q2,2009-04-01,YHOO,2.4641376425732195,304409.41861704696,12353588.263809891
2009Q2,2009-04-01,MDLZ,2.4265185939128497,299762.11623678263,12353588.263809891
2009Q2,2009-04-01,ADBE,1.7522466140150148,216465.33206196508,12353588.263809891
2009Q2,2009-04-01,INFY,1.7310410661210922,213845.68598606487,12353588.263809891
2009Q2,2009-04-01,MRVL,1.3872908309613357,171380.1972785503,12353588.263809891
2009Q2,2009-04-01,AMAT,1.299186472980334,160496.1476511042,12353588.263809891
2009Q2,2009-04-01,PAYX,0.9987717162967513,123384.1455266881,12353588.263809891
2009Q2,2009-04-01,SBUX,0.9259319758904291,114385.82390446308,12353588.263809891
2009Q3,2009-07-01,MSFT,11.08802448304905,1614327.760251447,14559200.899306903
2009Q3,2009-07-01,AAPL,10.487620002075557,1526913.6656580754,14559200.899306903
2009Q3,2009-07-01,GOOGL,10.183569581875497,1482646.3541459616,14559200.899306903
2009Q3,2009-07-01,INTC,9.124113178300936,1328397.9679089696,14559200.899306903
2009Q3,2009-07-01,ORCL,8.35418789736664,1216302.999483192,14559200.899306903
2009Q3,2009-07-01,CSCO,7.964017850866304,1159497.358564289,14559200.899306903
2009Q3,2009-07-01,TEVA,7.928585475055372,1154338.6877865782,14559200.899306903
2009Q3,2009-07-01,AMZN,7.329663824513373,1067140.4814547237,14559200.899306903
2009Q3,2009-07-01,QCOM,5.219729298343421,759950.8749458012,14559200.899306903
2009Q3,2009-07-01,GILD,3.332105557998201,485127.94236592937,14559200.899306903
2009Q3,2009-07-01,AMGN,3.1924292740063795,464792.1915708736,14559200.899306903
2009Q3,2009-07-01,MDLZ,2.5208761744325185,367019.42665839265,14559200.899306903
2009Q3,2009-07-01,YHOO,2.465961552755019,359024.2965652712,14559200.899306903
2009Q3,2009-07-01,COST,2.383878151576142,347073.6092826544,14559200.899306903
2009Q3,2009-07-01,INFY,2.0926387144307337,304671.4745306438,14559200.899306903
2009Q3,2009-07-01,ADBE,1.9025743221187257,276999.61781589175,14559200.899306903
2009Q3,2009-07-01,MRVL,1.4615273118412382,212786.69752920556,14559200.899306903
2009Q3,2009-07-01,AMAT,1.1246850381767342,163745.15419259729,14559200.899306903
2009Q3,2009-07-01,SBUX,0.9828785236547322,143099.25885503416,14559200.899306903
2009Q3,2009-07-01,PAYX,0.860933787563426,125345.07974137129,14559200.899306903
2009Q4,2009-10-01,AAPL,11.921333390141962,1987035.5227058574,16667896.59912527
2009Q4,2009-10-01,MSFT,10.538718452903646,1756582.6946029142,16667896.59912527
2009Q4,2009-10-01,GOOGL,10.462051162310186,1743803.8698814453,16667896.59912527
2009Q4,2009-10-01,INTC,9.492898393594047,1582266.4885042794,16667896.59912527
2009Q4,2009-10-01,CSCO,8.780440361542349,1463514.7204097398,16667896.59912527
2009Q4,2009-10-01,AMZN,7.1446966074612,1190870.6428528437,16667896.59912527
2009Q4,2009-10-01,TEVA,7.117311890728856,1186306.1865839334,16667896.59912527
2009Q4,2009-10-01,ORCL,7.117054897849896,1186263.3512766012,16667896.59912527
2009Q4,2009-10-01,QCOM,4.553650254793327,758997.7159547561,16667896.59912527
2009Q4,2009-10-01,AMGN,3.1725391789871065,528795.5499203086,16667896.59912527
2009Q4,2009-10-01,GILD,2.889425629773121,481606.4762792079,16667896.59912527
2009Q4,2009-10-01,COST,2.573895525860465,429014.24481993396,16667896.59912527
2009Q4,2009-10-01,YHOO,2.4497186735547642,408316.57547757117,16667896.59912527
2009Q4,2009-10-01,INFY,2.4098578045692687,401672.607051556,16667896.59912527
2009Q4,2009-10-01,MDLZ,2.3079968058564884,384694.52111127344,16667896.59912527
2009Q4,2009-10-01,ADBE,1.9402245662088184,323394.6244865127,16667896.59912527
2009Q4,2009-10-01,MRVL,1.7756506007739277,295963.6060987449,16667896.59912527
2009Q4,2009-10-01,SBUX,1.2763635526864623,212742.95719070133,16667896.59912527
2009Q4,2009-10-01,AMAT,1.1991861951815157,199879.11504383959,16667896.59912527
2009Q4,2009-10-01,PAYX,0.8769860552226024,146175.128873251,16667896.59912527
2010Q1,2010-01-04,MSFT,11.237984610559877,2122554.6745419106,18887324.979493495
2010Q1,2010-01-04,AAPL,11.237984610559877,2122554.6745419106,18887324.979493495
2010Q1,2010-01-04,GOOGL,11.237984610559877,2122554.6745419106,18887324.979493495
2010Q1,2010-01-04,AMZN,9.315184924978336,1759389.2492214455,18887324.979493495
2010Q1,2010-01-04,INTC,8.788729767768936,1659955.952808003,18887324.979493495
2010Q1,2010-01-04,CSCO,8.100511373941819,1529969.9081972248,18887324.979493495
2010Q1,2010-01-04,ORCL,7.431804147301695,1403669.0011403465,18887324.979493495
2010Q1,2010-01-04,TEVA,7.123792015241144,1345493.7487818038,18887324.979493495
2010Q1,2010-01-04,QCOM,4.233192270621984,799536.7811591738,18887324.979493495
2010Q1,2010-01-04,AMGN,2.7049537124742953,510893.39821989427,18887324.979493495
2010Q1,2010-01-04,INFY,2.4755995202508223,467574.52658055467,18887324.979493495
2010Q1,2010-01-04,COST,2.4116577868769307,455497.64360070653,18887324.979493495
2010Q1,2010-01-04,GILD,2.3861587780026023,450681.5629280622,18887324.979493495
2010Q1,2010-01-04,YHOO,2.1193261810016746,400284.0231812748,18887324.979493495
2010Q1,2010-01-04,MDLZ,2.0564443421724143,388407.3259285111,18887324.979493495
2010Q1,2010-01-04,MRVL,2.027659801898822,382970.69626318454,18887324.979493495
2010Q1,2010-01-04,ADBE,1.906949840271007,360171.8135279172,18887324.979493495
2010Q1,2010-01-04,SBUX,1.2533133655844395,236717.36836936045,18887324.979493495
2010Q1,2010-01-04,AMAT,1.1296025911197038,213351.71236155758,18887324.979493495
2010Q1,2010-01-04,PAYX,0.8211657488137512,155096.24359874445,18887324.979493495
2010Q2,2010-04-01,AAPL,12.148789423336044,2367010.7794512142,19483511.459212005
2010Q2,2010-04-01,MSFT,10.517731112087997,2049223.3464727711,19483511.459212005
2010Q2,2010-04-01,GOOGL,9.965266891039425,1941583.9166567263,19483511.459212005
2010Q2,2010-04-01,INTC,9.383597104629192,1828254.2171667148,19483511.459212005
2010Q2,2010-04-01,AMZN,9.114055356519907,1775738.0197864815,19483511.459212005
2010Q2,2010-04-01,CSCO,8.53819081274266,1663539.3854101025,19483511.459212005
2010Q2,2010-04-01,TEVA,7.779277244043427,1515676.3732870729,19483511.459212005
2010Q2,2010-04-01,ORCL,7.566212468301414,1474163.8732898335,19483511.459212005
2010Q2,2010-04-01,QCOM,3.7387024975288994,728430.5295318885,19483511.459212005
2010Q2,2010-04-01,AMGN,2.773755917632731,540425.0520625443,19483511.459212005
2010Q2,2010-04-01,INFY,2.5535551295545167,497522.2062840502,19483511.459212005
2010Q2,2010-04-01,GILD,2.430753056348866,473596.05027887743,19483511.459212005
2010Q2,2010-04-01,COST,2.3664462523744962,461066.826757478,19483511.459212005
2010Q2,2010-04-01,MDLZ,2.239153896380117,436265.80599061225,19483511.459212005
2010Q2,2010-04-01,YHOO,2.0238656498398653,394320.09580560564,19483511.459212005
2010Q2,2010-04-01,MRVL,1.9343546294434535,376880.2058894132,19483511.459212005
2010Q2,2010-04-01,ADBE,1.7777301070384024,346364.249118689,19483511.459212005
2010Q2,2010-04-01,SBUX,1.2787137615470219,249138.34226153488,19483511.459212005
2010Q2,2010-04-01,AMAT,1.0632209872457197,207152.7828867668,19483511.459212005
2010Q2,2010-04-01,PAYX,0.8066277023658466,157159.40082362824,19483511.459212005
2010Q3,2010-07-01,MSFT,11.339923573503853,1900114.781083878,16755975.19478496
2010Q3,2010-07-01,AAPL,11.339923573503853,1900114.781083878,16755975.19478496
2010Q3,2010-07-01,GOOGL,9.678489789814893,1621725.3484111787,16755975.19478496
2010Q3,2010-07-01,INTC,9.622410191447926,1612328.6648194746,16755975.19478496
2010Q3,2010-07-01,AMZN,9.030723094568502,1513185.7216356152,16755975.19478496
2010Q3,2010-07-01,CSCO,8.1601830281921,1367318.2440529203,16755975.19478496
2010Q3,2010-07-01,TEVA,7.630738066260852,1278604.5775616819,16755975.19478496
2010Q3,2010-07-01,ORCL,7.569528128740706,1268348.2556140628,16755975.19478496
2010Q3,2010-07-01,QCOM,3.405024085619875,570544.9911629196,16755975.19478496
2010Q3,2010-07-01,INFY,3.0340818420591433,508390.0008449047,16755975.19478496
2010Q3,2010-07-01,AMGN,2.851997986484864,477880.0751711703,16755975.19478496
2010Q3,2010-07-01,COST,2.624191749229464,439708.91856448253,16755975.19478496
2010Q3,2010-07-01,MDLZ,2.5040397533574876,419576.2799401351,16755975.19478496
2010Q3,2010-07-01,GILD,2.201001462320122,368799.2590632139,16755975.19478496
2010Q3,2010-07-01,YHOO,2.04294367275268,342315.1350498679,16755975.19478496
2010Q3,2010-07-01,MRVL,1.8386060873551486,308076.379927035,16755975.19478496
2010Q3,2010-07-01,ADBE,1.6035694478868683,268693.6989190738,16755975.19478496
2010Q3,2010-07-01,SBUX,1.575151787191988,263932.0427421015,16755975.19478496
2010Q3,2010-07-01,AMAT,1.1204751160695972,187746.53251235967,16755975.19478496
2010Q3,2010-07-01,PAYX,0.8269975636400589,138571.50662500423,16755975.19478496
2010Q4,2010-10-01,AMZN,11.467771249439506,2175187.279920623,18967829.341965087
2010Q4,2010-10-01,AAPL,11.300775686181117,2143511.8464731183,18967829.341965087
2010Q4,2010-10-01,MSFT,10.718771064689179,2033118.2031061777,18967829.341965087
2010Q4,2010-10-01,GOOGL,10.103241251924313,1916365.5586720207,18967829.341965087
2010Q4,2010-10-01,INTC,8.4550855531069,1603746.1984304613,18967829.341965087
2010Q4,2010-10-01,ORCL,8.384282714172702,1590316.4367721567,18967829.341965087
2010Q4,2010-10-01,CSCO,7.4082034300865605,1405175.3839244226,18967829.341965087
2010Q4,2010-10-01,TEVA,6.864887520956523,1302120.1494928908,18967829.341965087
2010Q4,2010-10-01,QCOM,4.154407259601585,788000.879171437,18967829.341965087
2010Q4,2010-10-01,INFY,3.011339251939115,571185.6902154194,18967829.341965087
2010Q4,2010-10-01,COST,2.7365216975272024,519058.7654928058,18967829.341965087
2010Q4,2010-10-01,AMGN,2.6396474506469847,500683.8236682521,18967829.341965087
2010Q4,2010-10-01,MDLZ,2.460424408534568,466689.10289889073,18967829.341965087
2010Q4,2010-10-01,GILD,2.019776995834486,383107.8536581546,18967829.341965087
2010Q4,2010-10-01,YHOO,1.8477428885593463,350476.71778023295,18967829.341965087
2010Q4,2010-10-01,MRVL,1.8045571536604097,342285.32128452923,18967829.341965087
2010Q4,2010-10-01,SBUX,1.4707431307560805,278968.0471004878,18967829.341965087
2010Q4,2010-10-01,ADBE,1.4015686256750675,265847.14502857224,18967829.341965087
2010Q4,2010-10-01,AMAT,0.9679271812360908,183594.7758913548,18967829.341965087
2010Q4,2010-10-01,PAYX,0.782325485472268,148390.16298307964,18967829.341965087
2011Q1,2011-01-03,MSFT,11.412120357738301,2390557.003432076,20947527.089574493
2011Q1,2011-01-03,AAPL,11.412120357738301,2390557.003432076,20947527.089574493
2011Q1,2011-01-03,AMZN,11.412120357738301,2390557.003432076,20947527.089574493
2011Q1,2011-01-03,GOOGL,10.584160496675416,2217119.887245125,20947527.089574493
2011Q1,2011-01-03,ORCL,8.867898243157528,1857605.3867613238,20947527.089574493
2011Q1,2011-01-03,INTC,8.416966652899704,1763146.3697366172,20947527.089574493
2011Q1,2011-01-03,CSCO,6.254430427210364,1310148.5080384808,20947527.089574493
2011Q1,2011-01-03,TEVA,6.11191187343076,1280294.3953778283,20947527.089574493
2011Q1,2011-01-03,QCOM,4.289948047627071,898638.0294053528,20947527.089574493
2011Q1,2011-01-03,INFY,3.2076103443609885,671915.0458130118,20947527.089574493
2011Q1,2011-01-03,COST,2.7737550327549507,581033.0868847792,20947527.089574493
2011Q1,2011-01-03,AMGN,2.421988948750417,507346.7911459941,20947527.089574493
2011Q1,2011-01-03,MDLZ,2.2939846687229126,480533.0599114178,20947527.089574493
2011Q1,2011-01-03,YHOO,1.9313911012599514,404578.67414205946,20947527.089574493
2011Q1,2011-01-03,GILD,1.8754684481432657,392864.26123123296,20947527.089574493
2011Q1,2011-01-03,SBUX,1.7050835959080344,357172.84815272636,20947527.089574493
2011Q1,2011-01-03,MRVL,1.6631061506845148,348379.61144301837,20947527.089574493
2011Q1,2011-01-03,ADBE,1.4967265793755886,313527.2056715631,20947527.089574493
2011Q1,2011-01-03,AMAT,1.0565705513380397,221325.40246200244,20947527.089574493
2011Q1,2011-01-03,PAYX,0.8126377644856025,170227.51585573415,20947527.089574493
2011Q2,2011-04-01,AAPL,12.341368244244467,2582878.017971367,20928619.638069067
2011Q2,2011-04-01,AMZN,11.430680202720584,2392283.5816714535,20928619.638069067
2011Q2,2011-04-01,GOOGL,10.465130351743618,2190207.325944541,20928619.638069067
2011Q2,2011-04-01,MSFT,10.452516072927045,2187567.3315109354,20928619.638069067
2011Q2,2011-04-01,ORCL,9.495150104416965,1987203.8494171444,20928619.638069067
2011Q2,2011-04-01,INTC,8.152505628458147,1706206.8939521778,20928619.638069067
2011Q2,2011-04-01,TEVA,5.912090019830961,1237318.832910664,20928619.638069067
2011Q2,2011-04-01,CSCO,5.32557622576473,1114569.5918257348,20928619.638069067
2011Q2,2011-04-01,QCOM,4.772700431587376,998860.3197914027,20928619.638069067
2011Q2,2011-04-01,INFY,3.0256755856508946,633232.1348027944,20928619.638069067
2011Q2,2011-04-01,COST,2.82668504149078,591586.1606998002,20928619.638069067
2011Q2,2011-04-01,AMGN,2.3601500823686976,493946.83362651855,20928619.638069067
2011Q2,2011-04-01,MDLZ,2.306380638249378,482693.6311852821,20928619.638069067
2011Q2,2011-04-01,GILD,2.1998650407185485,460401.3869228382,20928619.638069067
2011Q2,2011-04-01,SBUX,1.9705064275771542,412399.7951713255,20928619.638069067
2011Q2,2011-04-01,YHOO,1.9389533446541314,405796.17046228156,20928619.638069067
2011Q2,2011-04-01,ADBE,1.613914566687555,337770.0409454289,20928619.638069067
2011Q2,2011-04-01,MRVL,1.3953996742761237,292037.8902601046,20928619.638069067
2011Q2,2011-04-01,AMAT,1.1808243990429086,247130.24706920522,20928619.638069067
2011Q2,2011-04-01,PAYX,0.8339279175899454,174529.60192806975,20928619.638069067
2011Q3,2011-07-01,MSFT,11.252271141411088,2363255.4385915836,21002475.046075188
2011Q3,2011-07-01,AAPL,11.252271141411088,2363255.4385915836,21002475.046075188
2011Q3,2011-07-01,AMZN,11.252271141411088,2363255.4385915836,21002475.046075188
2011Q3,2011-07-01,ORCL,8.676514119006095,1822282.7127134453,21002475.046075188
2011Q3,2011-07-01,INTC,8.624018652179565,1811257.3653928828,21002475.046075188
2011Q3,2011-07-01,GOOGL,8.512771568504473,1787892.7244045355,21002475.046075188
2011Q3,2011-07-01,TEVA,5.3557995433925765,1124850.4626188348,21002475.046075188
2011Q3,2011-07-01,QCOM,4.649121797795106,976430.6454435592,21002475.046075188
2011Q3,2011-07-01,CSCO,4.532188608672221,951871.7815774453,21002475.046075188
2011Q3,2011-07-01,BIDU,4.4215622243450925,928637.5028147651,21002475.046075188
2011Q3,2011-07-01,COST,2.928076311378455,614968.4966272988,21002475.046075188
2011Q3,2011-07-01,VOD,2.7961483099804516,587260.3510548974,21002475.046075188
2011Q3,2011-07-01,INFY,2.5683635146542,539419.9062577479,21002475.046075188
2011Q3,2011-07-01,MDLZ,2.4396674567784835,512390.5488171181,21002475.046075188
2011Q3,2011-07-01,AMGN,2.3705432795165695,497872.7607368799,21002475.046075188
2011Q3,2011-07-01,GILD,2.0064963692448794,421413.89925106044,21002475.046075188
2011Q3,2011-07-01,SBUX,1.937299689529413,406880.88386110705,21002475.046075188
2011Q3,2011-07-01,YHOO,1.6619706859988432,349054.97859999165,21002475.046075188
2011Q3,2011-07-01,ADP,1.4981549629991537,314649.6222554342,21002475.046075188
2011Q3,2011-07-01,MRVL,1.2644894817911618,265574.08787343424,21002475.046075188
2011Q4,2011-10-03,AAPL,13.284264012335239,2684649.811272394,20209247.639007587
2011Q4,2011-10-03,AMZN,12.365292389346532,2498932.560250399,20209247.639007587
2011Q4,2011-10-03,MSFT,11.26535009395025,2276642.4978875797,20209247.639007587
2011Q4,2011-10-03,GOOGL,8.998202676584617,1818469.0619707943,20209247.639007587
2011Q4,2011-10-03,INTC,8.715138682989254,1761263.9585282428,20209247.639007587
2011Q4,2011-10-03,ORCL,7.888472993685326,1594201.042230103,20209247.639007587
2011Q4,2011-10-03,CSCO,4.694648853079228,948753.2125006106,20209247.639007587
2011Q4,2011-10-03,TEVA,4.320254382109598,873090.9067156056,20209247.639007587
2011Q4,2011-10-03,QCOM,4.1559532098892324,839886.8759477998,20209247.639007587
2011Q4,2011-10-03,BIDU,3.5057688688737376,708489.5123619288,20209247.639007587
2011Q4,2011-10-03,COST,3.086108964677185,623679.4030812256,20209247.639007587
2011Q4,2011-10-03,VOD,2.7906201197273526,563963.3306596708,20209247.639007587
2011Q4,2011-10-03,MDLZ,2.4369123899253085,492481.6596256638,20209247.639007587
2011Q4,2011-10-03,AMGN,2.333119632587394,471505.92426389037,20209247.639007587
2011Q4,2011-10-03,INFY,2.0897542399723017,422323.6094026633,20209247.639007587
2011Q4,2011-10-03,GILD,1.9538233696612728,394853.00320364925,20209247.639007587
2011Q4,2011-10-03,SBUX,1.9079319376841681,385578.69007030944,20209247.639007587
2011Q4,2011-10-03,YHOO,1.5124560832601217,305655.9952972728,20209247.639007587
2011Q4,2011-10-03,ADP,1.4040483361623435,283747.6052264137,20209247.639007587
2011Q4,2011-10-03,MRVL,1.2918787634995448,261078.97851137217,20209247.639007587
2012Q1,2012-01-03,MSFT,11.41710923419832,2443976.650733049,21406264.93624556
2012Q1,2012-01-03,AAPL,11.41710923419832,2443976.650733049,21406264.93624556
2012Q1,2012-01-03,GOOGL,10.670085054991235,2284066.6757941665,21406264.93624556
2012Q1,2012-01-03,AMZN,10.609670622331132,2271134.202279215,21406264.93624556
2012Q1,2012-01-03,INTC,9.391906914607398,2010456.4767064257,21406264.93624556
2012Q1,2012-01-03,ORCL,6.688186185648654,1431690.8543293271,21406264.93624556
2012Q1,2012-01-03,CSCO,5.28319272426863,1130934.2316493923,21406264.93624556
2012Q1,2012-01-03,TEVA,4.6739099553573284,1000509.5479253463,21406264.93624556
2012Q1,2012-01-03,QCOM,4.393694581560173,940525.9026182366,21406264.93624556
2012Q1,2012-01-03,BIDU,3.762569943567006,805425.6905314984,21406264.93624556
2012Q1,2012-01-03,COST,2.999641033457915,642111.1067583356,21406264.93624556
2012Q1,2012-01-03,VOD,2.999296370106702,642037.3272082368,21406264.93624556
2012Q1,2012-01-03,AMGN,2.585912922939209,553547.3713049786,21406264.93624556
2012Q1,2012-01-03,MDLZ,2.556663346662637,547286.1295144864,21406264.93624556
2012Q1,2012-01-03,SBUX,2.1586737534087246,462091.42276386777,21406264.93624556
2012Q1,2012-01-03,INFY,2.0503804874119047,438909.8793364754,21406264.93624556
2012Q1,2012-01-03,GILD,1.9650605228863687,420646.0616866284,21406264.93624556
2012Q1,2012-01-03,YHOO,1.7193073424985432,368039.484803561,21406264.93624556
2012Q1,2012-01-03,ADP,1.5085798494006377,322930.5993375148,21406264.93624556
2012Q1,2012-01-03,MRVL,1.1490499204991524,245968.67023176758,21406264.93624556
2012Q2,2012-04-02,AAPL,14.350470823555591,3617990.927998554,25211653.1400475
2012Q2,2012-04-02,MSFT,12.12565017279634,3057076.8625409836,25211653.1400475
2012Q2,2012-04-02,AMZN,10.53879317513053,2657003.9804609083,25211653.1400475
2012Q2,2012-04-02,INTC,9.320805570120296,2349929.170196956,25211653.1400475
2012Q2,2012-04-02,GOOGL,8.994204650328625,2267587.679146875,25211653.1400475
2012Q2,2012-04-02,ORCL,6.470183394782696,1631240.1950175634,25211653.1400475
2012Q2,2012-04-02,CSCO,5.2649196190086585,1327373.2724467735,25211653.1400475
2012Q2,2012-04-02,QCOM,4.657643803295976,1174269.0001858978,25211653.1400475
2012Q2,2012-04-02,TEVA,4.457316938919562,1123763.285992983,25211653.1400475
2012Q2,2012-04-02,BIDU,3.998326368727826,1008044.1754907162,25211653.1400475
2012Q2,2012-04-02,COST,2.78342661905016,701747.8646026776,25211653.1400475
2012Q2,2012-04-02,VOD,2.513882697980613,633791.3861625401,25211653.1400475
2012Q2,2012-04-02,AMGN,2.3366585255016723,589110.24251683,25211653.1400475
2012Q2,2012-04-02,SBUX,2.234287841480006,563300.9007441935,25211653.1400475
2012Q2,2012-04-02,MDLZ,2.2253574905886477,561049.4116532751,25211653.1400475
2012Q2,2012-04-02,GILD,1.9917152139113146,502144.33126887574,25211653.1400475
2012Q2,2012-04-02,INFY,1.932339111762487,487174.63434703305,25211653.1400475
2012Q2,2012-04-02,YHOO,1.377444617315702,347276.5591138895,25211653.1400475
2012Q2,2012-04-02,ADP,1.3185283246279944,332422.7877584895,25211653.1400475
2012Q2,2012-04-02,MRVL,1.1080450411153093,279356.4724014885,25211653.1400475
2012Q3,2012-07-02,MSFT,12.221532516596012,2957987.8484702334,24203084.55141355
2012Q3,2012-07-02,AAPL,12.221532516596012,2957987.8484702334,24203084.55141355
2012Q3,2012-07-02,AMZN,12.221532516596012,2957987.8484702334,24203084.55141355
2012Q3,2012-07-02,INTC,9.833233228841404,2379945.7525141775,24203084.55141355
2012Q3,2012-07-02,GOOGL,8.83200149073677,2137616.788385126,24203084.55141355
2012Q3,2012-07-02,ORCL,7.344262138940392,1777537.9751651965,24203084.55141355
2012Q3,2012-07-02,CSCO,4.634932341511348,1121796.5935168036,24203084.55141355
2012Q3,2012-07-02,QCOM,4.23173046003651,1024209.3012305581,24203084.55141355
2012Q3,2012-07-02,BIDU,3.2369393647742855,783439.171334309,24203084.55141355
2012Q3,2012-07-02,COST,3.1955149483589915,773413.1848043858,24203084.55141355
2012Q3,2012-07-02,VOD,2.9619429506281243,716881.5567051582,24203084.55141355
2012Q3,2012-07-02,AMGN,2.8758759726461034,696050.6932533233,24203084.55141355
2012Q3,2012-07-02,MDLZ,2.5697172163487414,621950.8306051166,24203084.55141355
2012Q3,2012-07-02,SBUX,2.403248154575782,581660.1828322624,24203084.55141355
2012Q3,2012-07-02,ISRG,2.3284406932389476,563554.4697141424,24203084.55141355
2012Q3,2012-07-02,GILD,2.299744954189862,556609.215729439,24203084.55141355
2012Q3,2012-07-02,TXN,1.8358884778762088,444341.6405700381,24203084.55141355
2012Q3,2012-07-02,INFY,1.6773644632010125,405973.9392639051,24203084.55141355
2012Q3,2012-07-02,YHOO,1.5868033060868436,384055.34583682433,24203084.55141355
2012Q3,2012-07-02,ADP,1.4877622882206245,360084.3645420827,24203084.55141355
2012Q4,2012-10-01,AAPL,13.0841829785941,3393401.67954483,25935143.868719056
2012Q4,2012-10-01,AMZN,12.702442185431554,3294396.6556325345,25935143.868719056
2012Q4,2012-10-01,MSFT,11.16937328898786,2896793.0317332787,25935143.868719056
2012Q4,2012-10-01,GOOGL,10.720622748698888,2780408.93349768,25935143.868719056
2012Q4,2012-10-01,INTC,7.8709851776706445,2041351.329714434,25935143.868719056
2012Q4,2012-10-01,ORCL,7.274958000318485,1886770.823771486,25935143.868719056
2012Q4,2012-10-01,CSCO,4.834112024042158,1253733.9082103805,25935143.868719056
2012Q4,2012-10-01,QCOM,4.448991654551745,1153852.3863152994,25935143.868719056
2012Q4,2012-10-01,COST,3.1531322742206824,817769.3916901471,25935143.868719056
2012Q4,2012-10-01,AMGN,3.116351938128963,808230.3586093612,25935143.868719056
2012Q4,2012-10-01,BIDU,3.0709423246153627,796453.3100143797,25935143.868719056
2012Q4,2012-10-01,VOD,2.7955196925135564,725022.0541317634,25935143.868719056
2012Q4,2012-10-01,GILD,2.7760281618715203,719966.8976175359,25935143.868719056
2012Q4,2012-10-01,MDLZ,2.58640440801227,670787.7042448736,25935143.868719056
2012Q4,2012-10-01,SBUX,2.141257233880239,555338.1442061942,25935143.868719056
2012Q4,2012-10-01,ISRG,1.9447317638859114,504368.9808244889,25935143.868719056
2012Q4,2012-10-01,INFY,1.6862352998085677,437327.55097047816,25935143.868719056
2012Q4,2012-10-01,TXN,1.656209057958538,429540.20194830344,25935143.868719056
2012Q4,2012-10-01,YHOO,1.4943941901114937,387573.28317119484,25935143.868719056
2012Q4,2012-10-01,ADP,1.4731255966974697,382057.2428704148,25935143.868719056
2013Q1,2013-01-02,MSFT,11.767472549795578,2919498.539589099,24809903.12265327
2013Q1,2013-01-02,AAPL,11.767472549795578,2919498.539589099,24809903.12265327
2013Q1,2013-01-02,AMZN,11.767472549795578,2919498.539589099,24809903.12265327
2013Q1,2013-01-02,GOOGL,10.204945147376158,2531837.0047839307,24809903.12265327
2013Q1,2013-01-02,ORCL,8.004824844007501,1985989.2889363414,24809903.12265327
2013Q1,2013-01-02,INTC,7.450133614411951,1848370.9322438315,24809903.12265327
2013Q1,2013-01-02,CSCO,5.194650594469236,1288787.7800481494,24809903.12265327
2013Q1,2013-01-02,QCOM,4.601322043538572,1141583.5413632095,24809903.12265327
2013Q1,2013-01-02,COST,3.4296299646724355,850887.8717007188,24809903.12265327
2013Q1,2013-01-02,AMGN,3.225019746336704,800124.2747525744,24809903.12265327
2013Q1,2013-01-02,GILD,3.100480527746038,769226.2152705209,24809903.12265327
2013Q1,2013-01-02,BIDU,2.7734874098782107,688099.5395097694,24809903.12265327
2013Q1,2013-01-02,VOD,2.542004212318417,630668.7824499646,24809903.12265327
2013Q1,2013-01-02,MDLZ,2.48259488766636,615929.3865579667,24809903.12265327
2013Q1,2013-01-02,SBUX,2.3406726977426318,580718.6287283418,24809903.12265327
2013Q1,2013-01-02,BIIB,2.1470440442257663,532679.5473731094,24809903.12265327
2013Q1,2013-01-02,TXN,1.971740423609235,489186.8889276444,24809903.12265327
2013Q1,2013-01-02,ISRG,1.898126521786136,470923.35120052844,24809903.12265327
2013Q1,2013-01-02,YHOO,1.865408368645102,462806.0091027165,24809903.12265327
2013Q1,2013-01-02,ADP,1.4654973021828153,363588.46093665366,24809903.12265327
2013Q2,2013-04-01,MSFT,11.971809162977525,3153065.776460983,26337420.965677835
2013Q2,2013-04-01,AMZN,11.775170616692412,3101276.254745083,26337420.965677835
2013Q2,2013-04-01,GOOGL,10.792799959591246,2842545.1593410536,26337420.965677835
2013Q2,2013-04-01,AAPL,9.274248163490693,2442597.7802201896,26337420.965677835
2013Q2,2013-04-01,INTC,7.513160486763342,1978772.7052258311,26337420.965677835
2013Q2,2013-04-01,ORCL,7.316514811627135,1926981.3059544093,26337420.965677835
2013Q2,2013-04-01,CSCO,5.2046542190015,1370771.691466337,26337420.965677835
2013Q2,2013-04-01,QCOM,4.707718953059725,1239891.7585483412,26337420.965677835
2013Q2,2013-04-01,GILD,3.8920907767789954,1025076.3322466045,26337420.965677835
2013Q2,2013-04-01,AMGN,3.6324683890123546,956698.4910593599,26337420.965677835
2013Q2,2013-04-01,COST,3.481479468939943,916931.9035683579,26337420.965677835
2013Q2,2013-04-01,MDLZ,2.8380434199492286,747467.4427007484,26337420.965677835
2013Q2,2013-04-01,VOD,2.6997172079690888,711035.885945663,26337420.965677835
2013Q2,2013-04-01,BIIB,2.661595697661823,700995.6632975643,26337420.965677835
2013Q2,2013-04-01,SBUX,2.350214925567502,618985.998544905,26337420.965677835
2013Q2,2013-04-01,BIDU,2.2846515131265557,601718.2866108693,26337420.965677835
2013Q2,2013-04-01,TXN,2.147021079452711,565469.9799173009,26337420.965677835
2013Q2,2013-04-01,YHOO,2.077669277950765,547204.5040084521,26337420.965677835
2013Q2,2013-04-01,ISRG,1.7910289141445934,471710.82473527023,26337420.965677835
2013Q2,2013-04-01,ADP,1.5879429562428486,418223.22108050843,26337420.965677835
2013Q3,2013-07-01,MSFT,11.60574085161605,3230695.9182903036,27837050.29774504
2013Q3,2013-07-01,AAPL,11.60574085161605,3230695.9182903036,27837050.29774504
2013Q3,2013-07-01,AMZN,11.60574085161605,3230695.9182903036,27837050.29774504
2013Q3,2013-07-01,GOOGL,11.60574085161605,3230695.9182903036,27837050.29774504
2013Q3,2013-07-01,INTC,8.139086975963405,2265681.735276149,27837050.29774504
2013Q3,2013-07-01,CSCO,6.047203548062585,1683363.0932812046,27837050.29774504
2013Q3,2013-07-01,QCOM,4.189647621272432,1166274.3156318855,27837050.29774504
2013Q3,2013-07-01,GILD,4.0889238909934535,1138235.8001723613,27837050.29774504
2013Q3,2013-07-01,COST,3.5969835732090387,1001294.126475827,27837050.29774504
2013Q3,2013-07-01,AMGN,3.4129649143197613,950068.7598435829,27837050.29774504
2013Q3,2013-07-01,BIIB,2.988514318926266,831914.2341148175,27837050.29774504
2013Q3,2013-07-01,VOD,2.8287553175291746,787442.0405407338,27837050.29774504
2013Q3,2013-07-01,TSLA,2.7258269853334514,758789.8289367802,27837050.29774504
2013Q3,2013-07-01,SBUX,2.720681107772017,757357.3684117433,27837050.29774504
2013Q3,2013-07-01,MDLZ,2.6255649020330254,730879.8223788736,27837050.29774504
2013Q3,2013-07-01,BIDU,2.361141588135674,657272.1714903036,27837050.29774504
2013Q3,2013-07-01,YHOO,2.246919184782284,625476.0236175272,27837050.29774504
2013Q3,2013-07-01,TXN,2.0783322732421396,578546.4002566823,27837050.29774504
2013Q3,2013-07-01,ISRG,1.8336529465412195,510434.8930147633,27837050.29774504
2013Q3,2013-07-01,ADP,1.6928374454198634,471236.0111405896,27837050.29774504
2013Q4,2013-10-01,AAPL,12.64318296693864,3909927.55770537,30925183.697251365
2013Q4,2013-10-01,AMZN,11.761646156697976,3637310.6797795543,30925183.697251365
2013Q4,2013-10-01,GOOGL,10.39388856430856,3214329.1318000243,30925183.697251365
2013Q4,2013-10-01,MSFT,10.136644388403704,3134775.8978509675,30925183.697251365
2013Q4,2013-10-01,INTC,6.998045252695889,2164158.349612982,30925183.697251365
2013Q4,2013-10-01,CSCO,5.276685807985987,1631824.7792464588,30925183.697251365
2013Q4,2013-10-01,GILD,4.5133618689244654,1395765.4488865882,30925183.697251365
2013Q4,2013-10-01,TSLA,4.419323665024996,1366683.9615850816,30925183.697251365
2013Q4,2013-10-01,QCOM,4.1777930509409815,1291990.175494501,30925183.697251365
2013Q4,2013-10-01,AMGN,3.5003038284431227,1082475.388907958,30925183.697251365
2013Q4,2013-10-01,BIDU,3.48640274223857,1078176.452463287,30925183.697251365
2013Q4,2013-10-01,COST,3.381266658674002,1045662.9254888485,30925183.697251365
2013Q4,2013-10-01,VOD,3.1157628965761233,963555.3993369662,30925183.697251365
2013Q4,2013-10-01,BIIB,3.009596901195726,930723.370241563,30925183.697251365
2013Q4,2013-10-01,SBUX,2.8856054675490936,892378.7916174863,30925183.697251365
2013Q4,2013-10-01,YHOO,2.6696365335082364,825590.0020363556,30925183.697251365
2013Q4,2013-10-01,MDLZ,2.6141853805950337,808441.6311357039,30925183.697251365
2013Q4,2013-10-01,TXN,2.178415765870891,673679.0772854582,30925183.697251365
2013Q4,2013-10-01,ADP,1.6111927543549958,498264.31900108635,30925183.697251365
2013Q4,2013-10-01,ISRG,1.227059349072995,379470.3577751206,30925183.697251365
2014Q1,2014-01-02,MSFT,11.6640880205722,4112616.41076551,35258790.94458136
2014Q1,2014-01-02,AAPL,11.6640880205722,4112616.41076551,35258790.94458136
2014Q1,2014-01-02,AMZN,11.6640880205722,4112616.41076551,35258790.94458136
2014Q1,2014-01-02,GOOGL,11.6640880205722,4112616.41076551,35258790.94458136
2014Q1,2014-01-02,INTC,7.131291427226551,2514407.135974662,35258790.94458136
2014Q1,2014-01-02,GILD,4.741287349240335,1671720.5945505328,35258790.94458136
2014Q1,2014-01-02,CSCO,4.417792185399212,1557660.1110159603,35258790.94458136
2014Q1,2014-01-02,QCOM,4.053128161645252,1429083.985230453,35258790.94458136
2014Q1,2014-01-02,BIDU,3.6585640783380646,1289965.459954768,35258790.94458136
2014Q1,2014-01-02,AMGN,3.255865428187158,1147978.7847614088,35258790.94458136
2014Q1,2014-01-02,VOD,3.093425652659464,1090704.483897252,35258790.94458136
2014Q1,2014-01-02,COST,3.0714573630312403,1082958.7305831362,35258790.94458136
2014Q1,2014-01-02,BIIB,3.06188939529879,1079585.1808427067,35258790.94458136
2014Q1,2014-01-02,YHOO,2.806506125074906,989540.1274870322,35258790.94458136
2014Q1,2014-01-02,TSLA,2.780401375064491,980335.9082542544,35258790.94458136
2014Q1,2014-01-02,BKNG,2.5719449098736495,906836.6789821516,35258790.94458136
2014Q1,2014-01-02,SBUX,2.539329194840116,895336.7722033976,35258790.94458136
2014Q1,2014-01-02,MDLZ,2.526422491031825,890786.024489796,35258790.94458136
2014Q1,2014-01-02,TXN,2.065471826273446,728260.3932449811,35258790.94458136
2014Q1,2014-01-02,ADP,1.56887095452671,553164.9300468308,35258790.94458136
2014Q2,2014-04-01,MSFT,12.968075031716491,4539967.823665712,35008802.868291155
2014Q2,2014-04-01,GOOGL,11.682389891067928,4089864.8472691444,35008802.868291155
2014Q2,2014-04-01,AAPL,11.306245727327749,3958181.278484763,35008802.868291155
2014Q2,2014-04-01,AMZN,9.908637387745927,3468895.3300097655,35008802.868291155
2014Q2,2014-04-01,INTC,7.20880626081421,2523716.7730054776,35008802.868291155
2014Q2,2014-04-01,GILD,4.505547100236427,1577338.1024597792,35008802.868291155
2014Q2,2014-04-01,CSCO,4.481320178166573,1568856.5470712895,35008802.868291155
2014Q2,2014-04-01,QCOM,4.355765552629092,1524901.3757248514,35008802.868291155
2014Q2,2014-04-01,TSLA,3.880297785475905,1358445.8024199267,35008802.868291155
2014Q2,2014-04-01,AMGN,3.563353706736173,1247487.4746912124,35008802.868291155
2014Q2,2014-04-01,BIIB,3.37385141727943,1181144.9917444028,35008802.868291155
2014Q2,2014-04-01,BIDU,3.1541914399324584,1104244.6632944685,35008802.868291155
2014Q2,2014-04-01,COST,2.9104654332375923,1018919.1060719048,35008802.868291155
2014Q2,2014-04-01,VOD,2.8619474504379294,1001933.5411178994,35008802.868291155
2014Q2,2014-04-01,BKNG,2.6560261873648736,929842.9720647581,35008802.868291155
2014Q2,2014-04-01,YHOO,2.509224282901719,878449.3827243552,35008802.868291155
2014Q2,2014-04-01,MDLZ,2.5006479616761714,875446.9153331517,35008802.868291155
2014Q2,2014-04-01,SBUX,2.403070374978986,841286.1703626984,35008802.868291155
2014Q2,2014-04-01,TXN,2.2499221197452277,787670.7995916844,35008802.868291155
2014Q2,2014-04-01,ADP,1.5202147105291277,532208.9711839053,35008802.868291155
2014Q3,2014-07-01,MSFT,11.526709353534775,4337813.602074205,37632714.32487341
2014Q3,2014-07-01,AAPL,11.526709353534775,4337813.602074205,37632714.32487341
2014Q3,2014-07-01,AMZN,11.526709353534775,4337813.602074205,37632714.32487341
2014Q3,2014-07-01,GOOGL,11.526709353534775,4337813.602074205,37632714.32487341
2014Q3,2014-07-01,INTC,7.929217363062747,2983979.718439664,37632714.32487341
2014Q3,2014-07-01,GILD,4.887797646854384,1839410.9252185952,37632714.32487341
2014Q3,2014-07-01,CSCO,4.617436067953526,1737666.5245866182,37632714.32487341
2014Q3,2014-07-01,QCOM,4.046512372651844,1522812.4413207255,37632714.32487341
2014Q3,2014-07-01,TSLA,4.036691416661137,1519116.549008771,37632714.32487341
2014Q3,2014-07-01,BIDU,3.5344866964060846,1330123.2813091576,37632714.32487341
2014Q3,2014-07-01,BIIB,3.22440978905404,1213432.92457796,37632714.32487341
2014Q3,2014-07-01,AMGN,3.107703061772811,1169513.0153023063,37632714.32487341
2014Q3,2014-07-01,COST,2.7517774681703555,1035568.5534527843,37632714.32487341
2014Q3,2014-07-01,BKNG,2.544896104387113,957713.4808288343,37632714.32487341
2014Q3,2014-07-01,MDLZ,2.518351249593357,947723.9314563478,37632714.32487341
2014Q3,2014-07-01,VOD,2.4685337269539596,928976.2454777343,37632714.32487341
2014Q3,2014-07-01,SBUX,2.3530994443994144,885535.1916910151,37632714.32487341
2014Q3,2014-07-01,YHOO,2.2780561685612084,857294.3700747963,37632714.32487341
2014Q3,2014-07-01,TXN,2.141199574384972,805791.5189537018,37632714.32487341
2014Q3,2014-07-01,ADP,1.452994434993959,546801.2448775851,37632714.32487341
2014Q4,2014-10-01,MSFT,12.110894409745342,4852686.633798683,40068771.71593408
2014Q4,2014-10-01,AAPL,11.795293258816956,4726229.129100328,40068771.71593408
2014Q4,2014-10-01,GOOGL,10.895171922137843,4365561.56553996,40068771.71593408
2014Q4,2014-10-01,AMZN,10.747921259585437,4306560.0337116355,40068771.71593408
2014Q4,2014-10-01,INTC,8.44771541408672,3384895.804482183,40068771.71593408
2014Q4,2014-10-01,GILD,5.894018275309451,2361660.727629179,40068771.71593408
2014Q4,2014-10-01,CSCO,4.459820533883023,1786995.3086619412,40068771.71593408
2014Q4,2014-10-01,BIDU,3.877932048451587,1553839.7397931127,40068771.71593408
2014Q4,2014-10-01,TSLA,3.8326509481338715,1535696.159076344,40068771.71593408
2014Q4,2014-10-01,QCOM,3.607767803530959,1445588.2452377891,40068771.71593408
2014Q4,2014-10-01,AMGN,3.480132133026622,1394446.1997953046,40068771.71593408
2014Q4,2014-10-01,BIIB,3.177244451647368,1273082.8261877655,40068771.71593408
2014Q4,2014-10-01,COST,2.8210195256247115,1130347.8737844923,40068771.71593408
2014Q4,2014-10-01,YHOO,2.4818354701920855,994440.988916346,40068771.71593408
2014Q4,2014-10-01,BKNG,2.301918871402043,922350.6176680909,40068771.71593408
2014Q4,2014-10-01,VOD,2.283736931332072,915065.3376079263,40068771.71593408
2014Q4,2014-10-01,MDLZ,2.16454093873681,867304.967440389,40068771.71593408
2014Q4,2014-10-01,SBUX,2.1624526032342186,866468.1970551929,40068771.71593408
2014Q4,2014-10-01,TXN,2.0196090598093233,809232.5437293203,40068771.71593408
2014Q4,2014-10-01,ADP,1.438324141313558,576318.8167180987,40068771.71593408
2015Q1,2015-01-02,MSFT,11.759059737676719,4820750.937912286,40996057.89454677
2015Q1,2015-01-02,AAPL,11.759059737676719,4820750.937912286,40996057.89454677
2015Q1,2015-01-02,AMZN,10.493093361378017,4301754.629359376,40996057.89454677
2015Q1,2015-01-02,GOOGL,9.737000292788913,3991786.277223931,40996057.89454677
2015Q1,2015-01-02,INTC,8.865968356439362,3634697.5203180774,40996057.89454677
2015Q1,2015-01-02,GILD,5.114025843096222,2096548.9953778107,40996057.89454677
2015Q1,2015-01-02,CSCO,4.885981314221299,2003059.728294901,40996057.89454677
2015Q1,2015-01-02,AMGN,3.9168481701233966,1605753.3434652833,40996057.89454677
2015Q1,2015-01-02,BIDU,3.875726850920426,1588895.223637832,40996057.89454677
2015Q1,2015-01-02,QCOM,3.5850401493469732,1469725.135169031,40996057.89454677
2015Q1,2015-01-02,TSLA,3.4722859815977314,1423500.3712800376,40996057.89454677
2015Q1,2015-01-02,BIIB,3.192927122130946,1308974.2515194886,40996057.89454677
2015Q1,2015-01-02,COST,3.1917415076908715,1308488.1963372296,40996057.89454677
2015Q1,2015-01-02,YHOO,3.0398645080126725,1246224.6136206544,40996057.89454677
2015Q1,2015-01-02,VOD,2.393431295809521,981212.4796962722,40996057.89454677
2015Q1,2015-01-02,SBUX,2.3249995539413337,953158.1631817434,40996057.89454677
2015Q1,2015-01-02,MDLZ,2.3195002091202874,950903.6485950864,40996057.89454677
2015Q1,2015-01-02,TXN,2.2503371829539662,922549.5343463208,40996057.89454677
2015Q1,2015-01-02,BKNG,2.1918379154172505,898567.1407590831,40996057.89454677
2015Q1,2015-01-02,ADP,1.6312709096573779,668756.7665400384,40996057.89454677
2015Q2,2015-04-01,AAPL,13.049363413993998,5455819.360192207,41809084.375268795
2015Q2,2015-04-01,AMZN,12.336242272909267,5157669.940618212,41809084.375268795
2015Q2,2015-04-01,MSFT,10.164953471889788,4249873.973769217,41809084.375268795
2015Q2,2015-04-01,GOOGL,9.980181250504828,4172622.3998283194,41809084.375268795
2015Q2,2015-04-01,INTC,7.544708735606593,3154373.6411380363,41809084.375268795
2015Q2,2015-04-01,GILD,5.220457180618278,2182625.3474194743,41809084.375268795
2015Q2,2015-04-01,CSCO,4.810160843817357,2011084.2057777403,41809084.375268795
2015Q2,2015-04-01,BIIB,3.8944307114187637,1628225.8220734517,41809084.375268795
2015Q2,2015-04-01,AMGN,3.8745868196048563,1619929.272601638,41809084.375268795
2015Q2,2015-04-01,BIDU,3.4741183035713856,1452497.0528368175,41809084.375268795
2015Q2,2015-04-01,COST,3.4640588842662137,1448291.301731856,41809084.375268795
2015Q2,2015-04-01,QCOM,3.2984357491416003,1379045.785422641,41809084.375268795
2015Q2,2015-04-01,TSLA,2.8897855101066345,1208192.8621847746,41809084.375268795
2015Q2,2015-04-01,SBUX,2.640876767661961,1104126.3960386605,41809084.375268795
2015Q2,2015-04-01,YHOO,2.6222458760189986,1096336.9908317896,41809084.375268795
2015Q2,2015-04-01,TXN,2.374818247210049,992889.7647353288,41809084.375268795
2015Q2,2015-04-01,MDLZ,2.269072429282431,948678.4064946529,41809084.375268795
2015Q2,2015-04-01,VOD,2.2445510962942707,938426.2616956923,41809084.375268795
2015Q2,2015-04-01,BKNG,2.194340524068018,917433.681188313,41809084.375268795
2015Q2,2015-04-01,ADP,1.6526119120146934,690941.908689966,41809084.375268795
2015Q3,2015-07-01,MSFT,12.02439712730361,5240220.2637434825,43579900.166841604
2015Q3,2015-07-01,AAPL,12.02439712730361,5240220.2637434825,43579900.166841604
2015Q3,2015-07-01,AMZN,12.02439712730361,5240220.2637434825,43579900.166841604
2015Q3,2015-07-01,GOOGL,9.524743542470999,4150873.7269565538,43579900.166841604
2015Q3,2015-07-01,INTC,7.117869812364727,3101960.5582343037,43579900.166841604
2015Q3,2015-07-01,GILD,5.98152846200696,2606744.132193849,43579900.166841604
2015Q3,2015-07-01,CSCO,4.685792996989973,2042063.9101130858,43579900.166841604
2015Q3,2015-07-01,TSLA,4.062999209722502,1770650.9993766295,43579900.166841604
2015Q3,2015-07-01,AMGN,3.6571553714660574,1593784.659831193,43579900.166841604
2015Q3,2015-07-01,BIIB,3.6086103552013076,1572628.790207038,43579900.166841604
2015Q3,2015-07-01,BIDU,3.291604152200535,1434477.803416606,43579900.166841604
2015Q3,2015-07-01,COST,3.04588072771308,1327391.7803384287,43579900.166841604
2015Q3,2015-07-01,SBUX,2.95379632257958,1287261.4885120194,43579900.166841604
2015Q3,2015-07-01,QCOM,2.931521015229258,1277553.9318068922,43579900.166841604
2015Q3,2015-07-01,VOD,2.5302954062597482,1102700.2119741775,43579900.166841604
2015Q3,2015-07-01,MDLZ,2.5212002954182555,1098736.5717493913,43579900.166841604
2015Q3,2015-07-01,YHOO,2.2721090617807866,990182.8608058282,43579900.166841604
2015Q3,2015-07-01,TXN,2.108481008189394,918873.9184057532,43579900.166841604
2015Q3,2015-07-01,BKNG,2.1049648967948866,917341.6005702721,43579900.166841604
2015Q3,2015-07-01,ADP,1.5282559817011285,666012.431119137,43579900.166841604
2015Q4,2015-10-01,AMZN,14.462111465921154,6179401.237333557,42728209.1684526
2015Q4,2015-10-01,MSFT,12.375704725756117,5287917.0012911465,42728209.1684526
2015Q4,2015-10-01,GOOGL,11.483423856180117,4906661.364968626,42728209.1684526
2015Q4,2015-10-01,AAPL,10.83353578213816,4628975.82933115,42728209.1684526
2015Q4,2015-10-01,INTC,7.252681419416901,3098940.8872099505,42728209.1684526
2015Q4,2015-10-01,GILD,5.136592753610006,2194774.0958940624,42728209.1684526
2015Q4,2015-10-01,CSCO,4.6038094130406515,1967125.3157209193,42728209.1684526
2015Q4,2015-10-01,TSLA,3.8371954095509015,1639564.8807951706,42728209.1684526
2015Q4,2015-10-01,AMGN,3.3763727494721585,1442663.6107010979,42728209.1684526
2015Q4,2015-10-01,COST,3.3344825895429473,1424764.6955455453,42728209.1684526
2015Q4,2015-10-01,SBUX,3.2023962567711424,1368326.57099587,42728209.1684526
2015Q4,2015-10-01,BIIB,2.6588561046985824,1136081.5979037813,42728209.1684526
2015Q4,2015-10-01,MDLZ,2.627519442989771,1122692.00354243,42728209.1684526
2015Q4,2015-10-01,QCOM,2.586680822183723,1105242.3922229107,42728209.1684526
2015Q4,2015-10-01,BIDU,2.317233810757995,990112.5095827811,42728209.1684526
2015Q4,2015-10-01,BKNG,2.306332787561196,985454.6975897514,42728209.1684526
2015Q4,2015-10-01,VOD,2.2472540981141234,960211.4315888257,42728209.1684526
2015Q4,2015-10-01,TXN,2.081559072355385,889412.9144009105,42728209.1684526
2015Q4,2015-10-01,YHOO,1.7051690569053881,728588.2013102648,42728209.1684526
2015Q4,2015-10-01,ADP,1.5710883830335938,671297.9305238536,42728209.1684526
2016Q1,2016-01-04,MSFT,11.796316686561866,5758915.780510967,48819609.82847647
2016Q1,2016-01-04,AAPL,11.796316686561866,5758915.780510967,48819609.82847647
2016Q1,2016-01-04,AMZN,11.796316686561866,5758915.780510967,48819609.82847647
2016Q1,2016-01-04,GOOGL,11.26688605305997,5500449.81092291,48819609.82847647
2016Q1,2016-01-04,GOOG,10.316892673614788,5036666.749681415,48819609.82847647
2016Q1,2016-01-04,INTC,6.888431460806698,3362905.3624678524,48819609.82847647
2016Q1,2016-01-04,GILD,4.311829447385611,2105018.3126830086,48819609.82847647
2016Q1,2016-01-04,CSCO,3.8900075514278987,1899086.5089053714,48819609.82847647
2016Q1,2016-01-04,AMGN,3.1925338798410308,1558582.5837803131,48819609.82847647
2016Q1,2016-01-04,COST,3.0289492931359923,1478721.2268113876,48819609.82847647
2016Q1,2016-01-04,TSLA,2.8539862925498825,1393304.9725810539,48819609.82847647
2016Q1,2016-01-04,SBUX,2.718561985453732,1327191.3542437954,48819609.82847647
2016Q1,2016-01-04,BIDU,2.579724865568173,1259411.6140185713,48819609.82847647
2016Q1,2016-01-04,MDLZ,2.2628257045325317,1104702.6800512557,48819609.82847647
2016Q1,2016-01-04,BIIB,2.2192419397334873,1083425.2561278015,48819609.82847647
2016Q1,2016-01-04,QCOM,2.0130782218250136,982776.9334370038,48819609.82847647
2016Q1,2016-01-04,BKNG,1.9284575292331196,941465.4414794866,48819609.82847647
2016Q1,2016-01-04,VOD,1.918161788634944,936439.1010905053,48819609.82847647
2016Q1,2016-01-04,TXN,1.8929017777803703,924107.2623486716,48819609.82847647
2016Q1,2016-01-04,ADP,1.328579475731169,648607.316313175,48819609.82847647
2016Q2,2016-04-01,AAPL,12.60047640253319,5995345.216188116,47580305.89210752
2016Q2,2016-04-01,MSFT,12.13554145339405,5774127.745188399,47580305.89210752
2016Q2,2016-04-01,GOOGL,11.335831246995344,5393623.182733491,47580305.89210752
2016Q2,2016-04-01,AMZN,10.630670111396595,5058105.357383347,47580305.89210752
2016Q2,2016-04-01,GOOG,10.391304564021002,4944214.4977417225,47580305.89210752
2016Q2,2016-04-01,INTC,6.695427498572004,3185704.8846048424,47580305.89210752
2016Q2,2016-04-01,CSCO,4.216442766704284,2006196.3661635397,47580305.89210752
2016Q2,2016-04-01,GILD,4.035578791647064,1920140.7335826892,47580305.89210752
2016Q2,2016-04-01,AMGN,3.0465036496978444,1449535.7555404538,47580305.89210752
2016Q2,2016-04-01,COST,3.0406287980002054,1446740.4831320099,47580305.89210752
2016Q2,2016-04-01,TSLA,2.803386098934969,1333859.681210078,47580305.89210752
2016Q2,2016-04-01,SBUX,2.783103592591431,1324209.2026492367,47580305.89210752
2016Q2,2016-04-01,BIDU,2.6726815054579123,1271670.035818659,47580305.89210752
2016Q2,2016-04-01,QCOM,2.1328619736079095,1014822.2512990847,47580305.89210752
2016Q2,2016-04-01,MDLZ,2.086360949742506,992696.9219009638,47580305.89210752
2016Q2,2016-04-01,TXN,2.0500654207805145,975427.3981956899,47580305.89210752
2016Q2,2016-04-01,BKNG,2.000430550961813,951810.9753068024,47580305.89210752
2016Q2,2016-04-01,VOD,1.955311319771882,930343.1070904661,47580305.89210752
2016Q2,2016-04-01,BIIB,1.934912721938557,920637.3918436691,47580305.89210752
2016Q2,2016-04-01,ADP,1.4524805832509247,691094.7045342574,47580305.89210752
2016Q3,2016-07-01,MSFT,11.893603627803154,5544398.537017761,46616641.26805827
2016Q3,2016-07-01,AAPL,11.893603627803154,5544398.537017761,46616641.26805827
2016Q3,2016-07-01,AMZN,11.893603627803154,5544398.537017761,46616641.26805827
2016Q3,2016-07-01,GOOGL,10.774181532299592,5022561.554481484,46616641.26805827
2016Q3,2016-07-01,GOOG,9.942804951044005,4635001.716010921,46616641.26805827
2016Q3,2016-07-01,INTC,6.905324035812903,3219030.1341719045,46616641.26805827
2016Q3,2016-07-01,CSCO,4.377142523452531,2040476.8279494997,46616641.26805827
2016Q3,2016-07-01,GILD,3.857290353881214,1798139.2069362209,46616641.26805827
2016Q3,2016-07-01,AMGN,3.223860781864159,1502855.6156632334,46616641.26805827
2016Q3,2016-07-01,COST,3.0477130083460926,1420741.4399806447,46616641.26805827
2016Q3,2016-07-01,TSLA,2.827936988042202,1318289.2410023652,46616641.26805827
2016Q3,2016-07-01,SBUX,2.737561877812774,1276159.4000711006,46616641.26805827
2016Q3,2016-07-01,MDLZ,2.4036738522180827,1120512.0169426207,46616641.26805827
2016Q3,2016-07-01,BIDU,2.3677240149368988,1103753.4102608005,46616641.26805827
2016Q3,2016-07-01,TXN,2.243183304224273,1045696.7139152054,46616641.26805827
2016Q3,2016-07-01,QCOM,2.2181692688401267,1034036.0107735129,46616641.26805827
2016Q3,2016-07-01,BKNG,2.0066782487342625,935446.000616605,46616641.26805827
2016Q3,2016-07-01,VOD,1.9441747827489038,906308.9840981077,46616641.26805827
2016Q3,2016-07-01,BIIB,1.8874584979038105,879869.7570513004,46616641.26805827
2016Q3,2016-07-01,ADP,1.554311094428709,724567.6270794617,46616641.26805827
2016Q4,2016-10-03,AAPL,12.63746880844177,6591941.889646656,52161884.54798218
2016Q4,2016-10-03,AMZN,12.436695784428032,6487214.896657117,52161884.54798218
2016Q4,2016-10-03,MSFT,12.039452080615348,6280005.094500217,52161884.54798218
2016Q4,2016-10-03,GOOGL,11.00469111273059,5740254.273084586,52161884.54798218
2016Q4,2016-10-03,GOOG,9.979549173165399,5205520.918115646,52161884.54798218
2016Q4,2016-10-03,INTC,7.156399077260846,3732912.6244736644,52161884.54798218
2016Q4,2016-10-03,CSCO,4.364348738952192,2276526.550483559,52161884.54798218
2016Q4,2016-10-03,GILD,3.289342214111829,1715782.888113053,52161884.54798218
2016Q4,2016-10-03,AMGN,3.1771033018626236,1657236.9562877114,52161884.54798218
2016Q4,2016-10-03,COST,2.652258139231044,1383467.8285001575,52161884.54798218
2016Q4,2016-10-03,QCOM,2.556361525168466,1333446.3473874114,52161884.54798218
2016Q4,2016-10-03,TSLA,2.4290831374473316,1267055.5417297804,52161884.54798218
2016Q4,2016-10-03,BIDU,2.332806047912477,1216835.597440452,52161884.54798218
2016Q4,2016-10-03,SBUX,2.326973561756898,1213793.262745702,52161884.54798218
2016Q4,2016-10-03,TXN,2.257702119105063,1177659.97280493,52161884.54798218
2016Q4,2016-10-03,BIIB,2.1835284070521577,1138969.566758941,52161884.54798218
2016Q4,2016-10-03,BKNG,2.113807764581815,1102601.9657274494,52161884.54798218
2016Q4,2016-10-03,MDLZ,2.0813110149326723,1085651.0486936166,52161884.54798218
2016Q4,2016-10-03,VOD,1.6396214290635698,855257.4368521149,52161884.54798218
2016Q4,2016-10-03,ADP,1.3414965621798811,699749.8879794196,52161884.54798218
2017Q1,2017-01-03,MSFT,12.14866440849548,6256480.443990069,51499327.28090633
2017Q1,2017-01-03,AAPL,12.14866440849548,6256480.443990069,51499327.28090633
2017Q1,2017-01-03,AMZN,12.14866440849548,6256480.443990069,51499327.28090633
2017Q1,2017-01-03,GOOGL,11.210279865616528,5773218.717099402,51499327.28090633
2017Q1,2017-01-03,GOOG,10.224166922844669,5265377.185341945,51499327.28090633
2017Q1,2017-01-03,INTC,7.165326182025927,3690094.781226002,51499327.28090633
2017Q1,2017-01-03,CSCO,4.319236119189694,2224377.5450566174,51499327.28090633
2017Q1,2017-01-03,GILD,3.121661654643144,1607634.7521272285,51499327.28090633
2017Q1,2017-01-03,AMGN,2.9169846953003558,1502227.4949666783,51499327.28090633
2017Q1,2017-01-03,COST,2.868513311575986,1477265.0584248812,51499327.28090633
2017Q1,2017-01-03,TSLA,2.592258305880785,1334995.588912023,51499327.28090633
2017Q1,2017-01-03,QCOM,2.544355425174707,1310325.927600218,51499327.28090633
2017Q1,2017-01-03,TXN,2.4613730409870893,1267590.557981938,51499327.28090633
2017Q1,2017-01-03,SBUX,2.4514698548539644,1262490.4837440024,51499327.28090633
2017Q1,2017-01-03,BIDU,2.2062675855405587,1136212.9645700823,51499327.28090633
2017Q1,2017-01-03,MDLZ,2.2046712797271115,1135390.877814811,51499327.28090633
2017Q1,2017-01-03,BKNG,2.1396812014630178,1101921.4247094681,51499327.28090633
2017Q1,2017-01-03,BIIB,2.0548637545255812,1058241.0101198487,51499327.28090633
2017Q1,2017-01-03,ADP,1.605264273107615,826700.3017311526,51499327.28090633
2017Q1,2017-01-03,VOD,1.467633302056817,755821.2775098127,51499327.28090633
2017Q2,2017-04-03,AAPL,13.761479472622307,7794015.878762723,56636467.716051035
2017Q2,2017-04-03,AMZN,13.060093543912688,7396775.663684174,56636467.716051035
2017Q2,2017-04-03,MSFT,11.779026704577717,6671224.656803189,56636467.716051035
2017Q2,2017-04-03,GOOGL,10.905443960403115,6176458.247925748,56636467.716051035
2017Q2,2017-04-03,GOOG,9.992291184007488,5659280.770524214,56636467.716051035
2017Q2,2017-04-03,INTC,6.525733139690791,3695944.7428966183,56636467.716051035
2017Q2,2017-04-03,CSCO,4.430450555668557,2509250.6986368257,56636467.716051035
2017Q2,2017-04-03,TSLA,3.0698182833618413,1738636.6409976615,56636467.716051035
2017Q2,2017-04-03,AMGN,2.996930054811999,1697355.3229662282,56636467.716051035
2017Q2,2017-04-03,COST,2.739171357359627,1551369.9014983021,56636467.716051035
2017Q2,2017-04-03,GILD,2.7129648238071313,1536527.446583347,56636467.716051035
2017Q2,2017-04-03,TXN,2.4866020560106956,1408323.570679159,56636467.716051035
2017Q2,2017-04-03,BKNG,2.3621934235339683,1337862.9157104967,56636467.716051035
2017Q2,2017-04-03,SBUX,2.3549061105832747,1333735.6390638093,56636467.716051035
2017Q2,2017-04-03,BIDU,2.105110037480901,1192259.96676522,56636467.716051035
2017Q2,2017-04-03,QCOM,2.053688936421703,1163136.8714645896,56636467.716051035
2017Q2,2017-04-03,MDLZ,1.956679395718012,1108194.0942624542,56636467.716051035
2017Q2,2017-04-03,BIIB,1.8015368538535443,1020326.8386255241,56636467.716051035
2017Q2,2017-04-03,ADP,1.462114786782028,828090.1691874117,56636467.716051035
2017Q2,2017-04-03,VOD,1.4437653193926312,817697.6790133487,56636467.716051035
2017Q3,2017-07-03,MSFT,12.376546021619296,7339812.053221719,59304203.61545594
2017Q3,2017-07-03,AAPL,12.376546021619296,7339812.053221719,59304203.61545594
2017Q3,2017-07-03,AMZN,12.376546021619296,7339812.053221719,59304203.61545594
2017Q3,2017-07-03,GOOGL,11.144894412500548,6609390.875116898,59304203.61545594
2017Q3,2017-07-03,GOOG,10.2114195700934,6055801.0538767055,59304203.61545594
2017Q3,2017-07-03,INTC,5.806739901050755,3443640.8543390646,59304203.61545594
2017Q3,2017-07-03,CMCSA,4.240688307648554,2514906.428664731,59304203.61545594
2017Q3,2017-07-03,CSCO,3.938417167118878,2335646.9360142513,59304203.61545594
2017Q3,2017-07-03,TSLA,3.6803474234430587,2182600.729754858,59304203.61545594
2017Q3,2017-07-03,AMGN,2.9630235332491175,1757197.5093319335,59304203.61545594
2017Q3,2017-07-03,GILD,2.6411195853269094,1566294.936609956,59304203.61545594
2017Q3,2017-07-03,COST,2.6070741483692887,1546104.561354837,59304203.61545594
2017Q3,2017-07-03,BKNG,2.3318484036270655,1382884.1252907538,59304203.61545594
2017Q3,2017-07-03,SBUX,2.2734536545306465,1348253.5843858789,59304203.61545594
2017Q3,2017-07-03,TXN,2.2612308869913416,1341004.9694369256,59304203.61545594
2017Q3,2017-07-03,BIDU,2.061187503765698,1222370.834129543,59304203.61545594
2017Q3,2017-07-03,QCOM,1.9037434755417224,1128999.9070512208,59304203.61545594
2017Q3,2017-07-03,MDLZ,1.8714639621513085,1109856.7987040912,59304203.61545594
2017Q3,2017-07-03,VOD,1.5303538516773485,907564.1642357074,59304203.61545594
2017Q3,2017-07-03,ADP,1.4033561480564687,832249.1874934275,59304203.61545594
2017Q4,2017-10-02,MSFT,12.748530224422316,7974109.881579584,62549248.74636614
2017Q4,2017-10-02,AAPL,12.60668856074711,7885388.986541395,62549248.74636614
2017Q4,2017-10-02,AMZN,11.653838912336912,7289388.689778425,62549248.74636614
2017Q4,2017-10-02,GOOGL,11.067256919486763,6922486.059969194,62549248.74636614
2017Q4,2017-10-02,GOOG,10.218405668726959,6391535.979644804,62549248.74636614
2017Q4,2017-10-02,INTC,6.260305671046079,3915774.166465478,62549248.74636614
2017Q4,2017-10-02,CSCO,4.049546337714735,2532960.8118765494,62549248.74636614
2017Q4,2017-10-02,CMCSA,3.975226294989199,2486474.1834837487,62549248.74636614
2017Q4,2017-10-02,TSLA,3.291497284050627,2058806.8236807124,62549248.74636614
2017Q4,2017-10-02,AMGN,3.061758768479182,1915107.10810972,62549248.74636614
2017Q4,2017-10-02,GILD,2.88430022473502,1804108.1221615053,62549248.74636614
2017Q4,2017-10-02,BIDU,2.7063012034082172,1692771.0715457061,62549248.74636614
2017Q4,2017-10-02,COST,2.547324544006244,1593332.3654077027,62549248.74636614
2017Q4,2017-10-02,TXN,2.5133534921118525,1572083.7276565225,62549248.74636614
2017Q4,2017-10-02,BKNG,2.1639488050542175,1353533.7208173804,62549248.74636614
2017Q4,2017-10-02,SBUX,1.9944246078068006,1247497.6089958132,62549248.74636614
2017Q4,2017-10-02,QCOM,1.7132648913927715,1071634.3186014243,62549248.74636614
2017Q4,2017-10-02,MDLZ,1.6795409245778923,1050540.2307112436,62549248.74636614
2017Q4,2017-10-02,VOD,1.4373238262076713,899035.2553454237,62549248.74636614
2017Q4,2017-10-02,ADP,1.4271628386994357,892679.6339938103,62549248.74636614
2018Q1,2018-01-02,MSFT,12.49433421667539,8634081.703660173,69103975.88161853
2018Q1,2018-01-02,AAPL,12.49433421667539,8634081.703660173,69103975.88161853
2018Q1,2018-01-02,AMZN,12.49433421667539,8634081.703660173,69103975.88161853
2018Q1,2018-01-02,GOOGL,10.730207585670483,7415000.062049332,69103975.88161853
2018Q1,2018-01-02,GOOG,9.981626610754505,6897700.84568901,69103975.88161853
2018Q1,2018-01-02,INTC,6.796894059610074,4696924.031652109,69103975.88161853
2018Q1,2018-01-02,CSCO,4.102230216975659,2834804.179747327,69103975.88161853
2018Q1,2018-01-02,CMCSA,3.7756388778018595,2609116.5794932097,69103975.88161853
2018Q1,2018-01-02,AVGO,3.4440304174044263,2379961.948998761,69103975.88161853
2018Q1,2018-01-02,TSLA,2.759503413532506,1906926.573339943,69103975.88161853
2018Q1,2018-01-02,TXN,2.609307308117489,1803135.0928788194,69103975.88161853
2018Q1,2018-01-02,COST,2.565654754808693,1772969.4429685983,69103975.88161853
2018Q1,2018-01-02,AMGN,2.53759697770106,1753580.403443221,69103975.88161853
2018Q1,2018-01-02,GILD,2.3133076281261133,1598587.5454079108,69103975.88161853
2018Q1,2018-01-02,BIDU,2.2899728395953436,1582462.278769581,69103975.88161853
2018Q1,2018-01-02,QCOM,1.8997695675264659,1312816.3037498177,69103975.88161853
2018Q1,2018-01-02,SBUX,1.8735702154784972,1294711.509829449,69103975.88161853
2018Q1,2018-01-02,BKNG,1.8625252391915963,1287078.9920800186,69103975.88161853
2018Q1,2018-01-02,MDLZ,1.5315195580842607,1058340.9060408182,69103975.88161853
2018Q1,2018-01-02,VOD,1.443642079594808,997614.0745000923,69103975.88161853
2018Q2,2018-04-02,AMZN,14.904045779723202,10685568.167100443,71695755.13273078
2018Q2,2018-04-02,MSFT,12.909722902961859,9255723.320821598,71695755.13273078
2018Q2,2018-04-02,AAPL,11.98816172841734,8595003.077721842,71695755.13273078
2018Q2,2018-04-02,GOOGL,10.182671140593945,7300542.966931479,71695755.13273078
2018Q2,2018-04-02,GOOG,9.486467992678362,6801394.86277556,71695755.13273078
2018Q2,2018-04-02,INTC,7.441521212599106,5335254.826735273,71695755.13273078
2018Q2,2018-04-02,CSCO,4.460815244391489,3198215.1745424476,71695755.13273078
2018Q2,2018-04-02,CMCSA,3.117159846316893,2234871.2905111667,71695755.13273078
2018Q2,2018-04-02,AVGO,3.08956549511499,2215087.312042984,71695755.13273078
2018Q2,2018-04-02,TXN,2.515581780945176,1803565.3538300414,71695755.13273078
2018Q2,2018-04-02,COST,2.5102986326758834,1799777.5607835902,71695755.13273078
2018Q2,2018-04-02,AMGN,2.415887760165505,1732088.972809875,71695755.13273078
2018Q2,2018-04-02,GILD,2.363002605037105,1694172.5614874524,71695755.13273078
2018Q2,2018-04-02,TSLA,2.2734505677970454,1629967.5521514472,71695755.13273078
2018Q2,2018-04-02,BKNG,2.1491745089473464,1540866.8933099585,71695755.13273078
2018Q2,2018-04-02,BIDU,2.10333870483254,1508004.5674286888,71695755.13273078
2018Q2,2018-04-02,SBUX,1.830178881490915,1312160.5693646774,71695755.13273078
2018Q2,2018-04-02,QCOM,1.5984337083997262,1146009.1175332956,71695755.13273078
2018Q2,2018-04-02,MDLZ,1.447033275072351,1037461.4335850073,71695755.13273078
2018Q2,2018-04-02,VOD,1.2134882318392235,870019.551263954,71695755.13273078
2018Q3,2018-07-02,MSFT,13.01444749538334,10022975.270575464,77014220.34343715
2018Q3,2018-07-02,AAPL,13.01444749538334,10022975.270575464,77014220.34343715
2018Q3,2018-07-02,AMZN,13.01444749538334,10022975.270575464,77014220.34343715
2018Q3,2018-07-02,GOOGL,10.185365374740426,7844179.732486745,77014220.34343715
2018Q3,2018-07-02,GOOG,9.425363593884436,7258870.286364267,77014220.34343715
2018Q3,2018-07-02,INTC,6.577875280107174,5065899.362138222,77014220.34343715
2018Q3,2018-07-02,NFLX,5.142200803228646,3960225.857100505,77014220.34343715
2018Q3,2018-07-02,CSCO,4.0936637408692915,3152703.213512468,77014220.34343715
2018Q3,2018-07-02,AVGO,2.8634685511164992,2205277.979421888,77014220.34343715
2018Q3,2018-07-02,CMCSA,2.7513599059474187,2118938.38040733,77014220.34343715
2018Q3,2018-07-02,TSLA,2.5730193178382663,1981590.7669191658,77014220.34343715
2018Q3,2018-07-02,COST,2.5416433959160583,1957426.8452752118,77014220.34343715
2018Q3,2018-07-02,TXN,2.4585155553059095,1893406.5869409707,77014220.34343715
2018Q3,2018-07-02,AMGN,2.405781992924493,1852794.2450136028,77014220.34343715
2018Q3,2018-07-02,BIDU,2.0750054745870017,1598049.2883368172,77014220.34343715
2018Q3,2018-07-02,GILD,2.0150118430358384,1551845.6607419744,77014220.34343715
2018Q3,2018-07-02,BKNG,1.9062824055504044,1468108.5321787626,77014220.34343715
2018Q3,2018-07-02,QCOM,1.4880108293304932,1145979.9388347925,77014220.34343715
2018Q3,2018-07-02,SBUX,1.4378331085637885,1107335.958400208,77014220.34343715
2018Q3,2018-07-02,VOD,1.0162563409038423,782661.8976378369,77014220.34343715
2018Q4,2018-10-01,AAPL,14.517333753484147,12265796.797150157,84490699.22503075
2018Q4,2018-10-01,AMZN,13.978832354786693,11810813.20005411,84490699.22503075
2018Q4,2018-10-01,MSFT,13.811696061270432,11669598.57700342,84490699.22503075
2018Q4,2018-10-01,GOOGL,9.924479923494092,8385262.481807955,84490699.22503075
2018Q4,2018-10-01,GOOG,9.190597221818392,7765199.8556706095,84490699.22503075
2018Q4,2018-10-01,INTC,5.738606306462703,4848588.594102048,84490699.22503075
2018Q4,2018-10-01,NFLX,4.480014697192672,3785195.743042233,84490699.22503075
2018Q4,2018-10-01,CSCO,4.251648935737623,3592247.914398296,84490699.22503075
2018Q4,2018-10-01,CMCSA,2.7223971374055838,2300172.377076199,84490699.22503075
2018Q4,2018-10-01,AVGO,2.674007536916793,2259287.6652710205,84490699.22503075
2018Q4,2018-10-01,COST,2.610325610426801,2205482.3602996566,84490699.22503075
2018Q4,2018-10-01,AMGN,2.479330831042776,2094803.955249807,84490699.22503075
2018Q4,2018-10-01,TXN,2.192873053865093,1852773.7763279022,84490699.22503075
2018Q4,2018-10-01,GILD,2.017409428082729,1704523.3320187915,84490699.22503075
2018Q4,2018-10-01,TSLA,1.8106855399914714,1529860.873505318,84490699.22503075
2018Q4,2018-10-01,BIDU,1.7799309789588547,1503876.1298452714,84490699.22503075
2018Q4,2018-10-01,QCOM,1.7567115352416867,1484257.8594924735,84490699.22503075
2018Q4,2018-10-01,BKNG,1.700661491043168,1436900.7852332063,84490699.22503075
2018Q4,2018-10-01,SBUX,1.535581943732573,1297423.9214329692,84490699.22503075
2018Q4,2018-10-01,VOD,0.8268756590457246,698633.026049314,84490699.22503075
2019Q1,2019-01-02,MSFT,12.688474197919367,9094463.473589934,71674996.78630571
2019Q1,2019-01-02,AAPL,12.688474197919367,9094463.473589934,71674996.78630571
2019Q1,2019-01-02,AMZN,12.688474197919367,9094463.473589934,71674996.78630571
2019Q1,2019-01-02,GOOGL,9.586237595800142,6870935.488717381,71674996.78630571
2019Q1,2019-01-02,GOOG,8.910972419961022,6386939.19563565,71674996.78630571
2019Q1,2019-01-02,INTC,6.365532919707656,4562495.515631694,71674996.78630571
2019Q1,2019-01-02,CSCO,4.247047626863376,3044071.2500671977,71674996.78630571
2019Q1,2019-01-02,PEP,3.7037883162205487,2654690.1566226445,71674996.78630571
2019Q1,2019-01-02,NFLX,3.522992883092476,2525105.0357383112,71674996.78630571
2019Q1,2019-01-02,AVGO,3.1120188956383696,2230539.443438028,71674996.78630571
2019Q1,2019-01-02,CMCSA,2.937503976198542,2105455.8805379076,71674996.78630571
2019Q1,2019-01-02,ADBE,2.790311595079194,1999955.7461009277,71674996.78630571
2019Q1,2019-01-02,AMGN,2.574578045370281,1845328.7312800814,71674996.78630571
2019Q1,2019-01-02,COST,2.562617324636095,1836755.8850782344,71674996.78630571
2019Q1,2019-01-02,TSLA,2.427146568374567,1739657.2248814004,71674996.78630571
2019Q1,2019-01-02,TXN,2.177290592583768,1560572.9622629522,71674996.78630571
2019Q1,2019-01-02,SBUX,1.945020614747391,1394093.463113176,71674996.78630571
2019Q1,2019-01-02,GILD,1.8575457921083622,1331395.8867978256,71674996.78630571
2019Q1,2019-01-02,BKNG,1.6333758465122694,1170722.0854959628,71674996.78630571
2019Q1,2019-01-02,QCOM,1.580596393347842,1132892.4141365297,71674996.78630571
2019Q2,2019-04-01,AAPL,13.276805511755915,10998488.869868817,82839873.3425012
2019Q2,2019-04-01,AMZN,13.016053533268057,10782482.26115141,82839873.3425012
2019Q2,2019-04-01,MSFT,12.802185951238817,10605314.627077717,82839873.3425012
2019Q2,2019-04-01,GOOGL,9.341413817922586,7738415.375165976,82839873.3425012
2019Q2,2019-04-01,GOOG,8.735140102039114,7236178.996819232,82839873.3425012
2019Q2,2019-04-01,INTC,6.342067485870278,5253760.672590888,82839873.3425012
2019Q2,2019-04-01,CSCO,4.614128848862766,3822338.4942577234,82839873.3425012
2019Q2,2019-04-01,NFLX,4.060589951351473,3363787.572657891,82839873.3425012
2019Q2,2019-04-01,PEP,3.5835337150512228,2968594.790734261,82839873.3425012
2019Q2,2019-04-01,AVGO,3.212686570440426,2661385.485844394,82839873.3425012
2019Q2,2019-04-01,CMCSA,2.984230421324645,2472132.701273726,82839873.3425012
2019Q2,2019-04-01,ADBE,2.8437568360065977,2355764.561116585,82839873.3425012
2019Q2,2019-04-01,COST,2.6426386991692508,2189158.5512917284,82839873.3425012
2019Q2,2019-04-01,AMGN,2.1907274711149936,1814795.8623510401,82839873.3425012
2019Q2,2019-04-01,TXN,2.1306761366394014,1765049.4129309778,82839873.3425012
2019Q2,2019-04-01,SBUX,1.952763767234839,1617667.0314555953,82839873.3425012
2019Q2,2019-04-01,TSLA,1.7659637130143517,1462922.1031356202,82839873.3425012
2019Q2,2019-04-01,GILD,1.6865613009110623,1397145.2455183645,82839873.3425012
2019Q2,2019-04-01,BKNG,1.431687785943079,1186008.3485353063,82839873.3425012
2019Q2,2019-04-01,QCOM,1.386388380841145,1148482.3787239576,82839873.3425012
2019Q3,2019-07-01,MSFT,13.192121818441771,11253900.059809046,85307733.01438734
2019Q3,2019-07-01,AAPL,13.192121818441771,11253900.059809046,85307733.01438734
2019Q3,2019-07-01,AMZN,13.192121818441771,11253900.059809046,85307733.01438734
2019Q3,2019-07-01,GOOGL,8.50686232366217,7257011.398971232,85307733.01438734
2019Q3,2019-07-01,GOOG,7.959531665900912,6790096.022742367,85307733.01438734
2019Q3,2019-07-01,INTC,5.596761408088257,4774470.2794641955,85307733.01438734
2019Q3,2019-07-01,CSCO,4.67055703182454,3984346.322993573,85307733.01438734
2019Q3,2019-07-01,NFLX,4.1951290488401485,3578769.4885935606,85307733.01438734
2019Q3,2019-07-01,PEP,3.861680824252272,3294312.3674209206,85307733.01438734
2019Q3,2019-07-01,AVGO,3.1954371114281135,2725954.959659746,85307733.01438734
2019Q3,2019-07-01,ADBE,3.181804143901594,2714324.9841202847,85307733.01438734
2019Q3,2019-07-01,CMCSA,3.1220961881584293,2663389.480646557,85307733.01438734
2019Q3,2019-07-01,COST,2.821589227664829,2407033.8050990263,85307733.01438734
2019Q3,2019-07-01,TXN,2.33143288545167,1988892.5413307378,85307733.01438734
2019Q3,2019-07-01,SBUX,2.1969080854261174,1874132.4840868008,85307733.01438734
2019Q3,2019-07-01,AMGN,2.162109928607342,1844446.965373912,85307733.01438734
2019Q3,2019-07-01,QCOM,1.8541488594146054,1581732.3586787195,85307733.01438734
2019Q3,2019-07-01,GILD,1.7224450770626663,1469378.8476600775,85307733.01438734
2019Q3,2019-07-01,BKNG,1.5323931311129155,1307249.8410206165,85307733.01438734
2019Q3,2019-07-01,TSLA,1.512747603878101,1290490.6870978721,85307733.01438734
2019Q4,2019-10-01,AAPL,14.504523133090483,12783510.537141385,88134648.894297
2019Q4,2019-10-01,MSFT,13.296383191133781,11718720.641146082,88134648.894297
2019Q4,2019-10-01,AMZN,11.705459008734925,10316565.198814385,88134648.894297
2019Q4,2019-10-01,GOOGL,9.285992780665312,8184177.133589139,88134648.894297
2019Q4,2019-10-01,GOOG,8.688471018261875,7657553.4262278555,88134648.894297
2019Q4,2019-10-01,INTC,5.8708029242655915,5174211.5445776,88134648.894297
2019Q4,2019-10-01,CSCO,4.107068958626962,3619750.806532533,88134648.894297
2019Q4,2019-10-01,PEP,3.9349968063009557,3468095.6192351473,88134648.894297
2019Q4,2019-10-01,CMCSA,3.238004284714361,2853803.707515295,88134648.894297
2019Q4,2019-10-01,AVGO,2.9935593050819174,2638362.982976505,88134648.894297
2019Q4,2019-10-01,COST,2.9841586788158483,2630077.77402304,88134648.894297
2019Q4,2019-10-01,NFLX,2.9584282595446147,2607400.359339308,88134648.894297
2019Q4,2019-10-01,ADBE,2.8874270167758165,2544823.6633144403,88134648.894297
2019Q4,2019-10-01,TXN,2.5565345362976157,2253192.737427348,88134648.894297
2019Q4,2019-10-01,SBUX,2.251373485690205,1984240.1169123582,88134648.894297
2019Q4,2019-10-01,AMGN,2.2131495401721706,1950551.5767364912,88134648.894297
2019Q4,2019-10-01,QCOM,1.8139191792315907,1598691.2998420764,88134648.894297
2019Q4,2019-10-01,GILD,1.57865558010837,1391342.5527787395,88134648.894297
2019Q4,2019-10-01,TSLA,1.5783057365117772,1391034.2193532032,88134648.894297
2019Q4,2019-10-01,BKNG,1.552786575975851,1368542.9968140926,88134648.894297
2020Q1,2020-01-02,MSFT,13.370175267417036,13396194.780239284,100194608.61433624
2020Q1,2020-01-02,AAPL,13.370175267417036,13396194.780239284,100194608.61433624
2020Q1,2020-01-02,AMZN,13.370175267417036,13396194.780239284,100194608.61433624
2020Q1,2020-01-02,GOOGL,9.148285635748014,9166088.987659262,100194608.61433624
2020Q1,2020-01-02,GOOG,8.567461151274516,8584134.168704808,100194608.61433624
2020Q1,2020-01-02,INTC,6.200115154020279,6212181.112208768,100194608.61433624
2020Q1,2020-01-02,CSCO,3.64703543152983,3654132.8766474817,100194608.61433624
2020Q1,2020-01-02,PEP,3.485599446171933,3492382.7229554397,100194608.61433624
2020Q1,2020-01-02,NFLX,3.1922912960106276,3198503.7698673704,100194608.61433624
2020Q1,2020-01-02,ADBE,3.055741394570683,3061688.1305563557,100194608.61433624
2020Q1,2020-01-02,AVGO,3.0220409954902254,3027922.147596222,100194608.61433624
2020Q1,2020-01-02,CMCSA,2.8941096270972286,2899741.813739894,100194608.61433624
2020Q1,2020-01-02,COST,2.7090535698631544,2714325.621477091,100194608.61433624
2020Q1,2020-01-02,TSLA,2.4763248373760107,2481143.978828492,100194608.61433624
2020Q1,2020-01-02,AMGN,2.4408658955099534,2445616.0308070113,100194608.61433624
2020Q1,2020-01-02,TXN,2.258084044254969,2262478.4703240413,100194608.61433624
2020Q1,2020-01-02,SBUX,2.024241422547285,2028180.7707305243,100194608.61433624
2020Q1,2020-01-02,QCOM,1.862325307974759,1865949.5534510417,100194608.61433624
2020Q1,2020-01-02,GILD,1.458563144143409,1461401.6336674455,100194608.61433624
2020Q1,2020-01-02,BKNG,1.4473358441660238,1450152.484397147,100194608.61433624
2020Q2,2020-04-01,AMZN,15.23313173639809,14134789.476580027,92789780.33654314
2020Q2,2020-04-01,MSFT,14.47750162298016,13433641.954182759,92789780.33654314
2020Q2,2020-04-01,AAPL,12.53170303442148,11628139.718067601,92789780.33654314
2020Q2,2020-04-01,GOOGL,8.569674661946078,7951782.294376162,92789780.33654314
2020Q2,2020-04-01,GOOG,8.045761987133691,7465644.874262441,92789780.33654314
2020Q2,2020-04-01,INTC,6.083747120530587,5645095.589371101,92789780.33654314
2020Q2,2020-04-01,NFLX,4.000261890626902,3711834.22119915,92789780.33654314
2020Q2,2020-04-01,TSLA,3.349377644012155,3107880.158520163,92789780.33654314
2020Q2,2020-04-01,PEP,3.3297682930246078,3089684.6848133956,92789780.33654314
2020Q2,2020-04-01,CSCO,3.251540519808848,3017097.305884323,92789780.33654314
2020Q2,2020-04-01,ADBE,3.183843705128824,2954281.5802478925,92789780.33654314
2020Q2,2020-04-01,COST,2.843741270579274,2638701.2783101294,92789780.33654314
2020Q2,2020-04-01,AVGO,2.4898979787750486,2310370.8651093952,92789780.33654314
2020Q2,2020-04-01,CMCSA,2.4160858592506247,2241880.7615409354,92789780.33654314
2020Q2,2020-04-01,AMGN,2.2322091825263,2071261.9971182991,92789780.33654314
2020Q2,2020-04-01,TXN,1.9129925218181736,1775061.5588495804,92789780.33654314
2020Q2,2020-04-01,GILD,1.8288781528281233,1697012.0206322432,92789780.33654314
2020Q2,2020-04-01,SBUX,1.6419801986934501,1523589.819537187,92789780.33654314
2020Q2,2020-04-01,QCOM,1.5541482022351096,1442090.7029582923,92789780.33654314
2020Q2,2020-04-01,BKNG,1.0237544172824888,949939.4749820788,92789780.33654314
2020Q3,2020-07-01,MSFT,13.933153393632816,16843661.23036403,120889081.99389564
2020Q3,2020-07-01,AAPL,13.933153393632816,16843661.23036403,120889081.99389564
2020Q3,2020-07-01,AMZN,13.933153393632816,16843661.23036403,120889081.99389564
2020Q3,2020-07-01,GOOGL,7.933203436108066,9590376.806619225,120889081.99389564
2020Q3,2020-07-01,GOOG,7.416219393274552,8965399.543182863,120889081.99389564
2020Q3,2020-07-01,TSLA,5.303916424112294,6411855.874832809,120889081.99389564
2020Q3,2020-07-01,INTC,4.985251720319713,6026625.039779391,120889081.99389564
2020Q3,2020-07-01,NVDA,4.347078959919201,5255143.848196109,120889081.99389564
2020Q3,2020-07-01,NFLX,3.868999427355952,4677197.890079689,120889081.99389564
2020Q3,2020-07-01,ADBE,3.307668598162024,3998610.203718427,120889081.99389564
2020Q3,2020-07-01,CSCO,2.8825892043533368,3484735.626797889,120889081.99389564
2020Q3,2020-07-01,PEP,2.8365896210028505,3429127.152764469,120889081.99389564
2020Q3,2020-07-01,AVGO,2.479164353902541,2997039.0285526756,120889081.99389564
2020Q3,2020-07-01,COST,2.3414717982872104,2830583.7620953685,120889081.99389564
2020Q3,2020-07-01,AMGN,2.1644292302367982,2616558.6268408075,120889081.99389564
2020Q3,2020-07-01,CMCSA,2.1204364994904767,2563376.218497533,120889081.99389564
2020Q3,2020-07-01,TXN,1.8171982465978236,2196794.2783212764,120889081.99389564
2020Q3,2020-07-01,QCOM,1.5761425213731792,1905384.2250034767,120889081.99389564
2020Q3,2020-07-01,GILD,1.4254574117657264,1723222.3792975314,120889081.99389564
2020Q3,2020-07-01,SBUX,1.3947229728398065,1686067.7982240126,120889081.99389564
2020Q4,2020-10-01,AAPL,15.294069260694485,21427423.86986456,140102830.08808324
2020Q4,2020-10-01,AMZN,13.72150172877071,19224212.252593033,140102830.08808324
2020Q4,2020-10-01,MSFT,12.455285912890304,17450208.05952167,140102830.08808324
2020Q4,2020-10-01,TSLA,9.091318775425329,12737194.896700159,140102830.08808324
2020Q4,2020-10-01,GOOGL,7.074775909738472,9911961.271933537,140102830.08808324
2020Q4,2020-10-01,GOOG,6.652613815393973,9320500.23019777,140102830.08808324
2020Q4,2020-10-01,NVDA,5.345160656466681,7488721.352464588,140102830.08808324
2020Q4,2020-10-01,INTC,3.748087990670025,5251177.349120279,140102830.08808324
2020Q4,2020-10-01,NFLX,3.6684727186161155,5139634.099790424,140102830.08808324
2020Q4,2020-10-01,ADBE,3.2154409783190134,4504923.810436889,140102830.08808324
2020Q4,2020-10-01,PEP,2.5833490992753885,3619345.1991398265,140102830.08808324
2020Q4,2020-10-01,AVGO,2.49183475717239,3491131.0159170353,140102830.08808324
2020Q4,2020-10-01,COST,2.3705395671580387,3321193.021946211,140102830.08808324
2020Q4,2020-10-01,CMCSA,2.171346950923914,3042118.5292757074,140102830.08808324
2020Q4,2020-10-01,CSCO,2.1171812872805273,2966230.9015753306,140102830.08808324
2020Q4,2020-10-01,AMGN,2.0259834811480717,2838460.194205517,140102830.08808324
2020Q4,2020-10-01,TXN,1.775491120339176,2487513.3075578013,140102830.08808324
2020Q4,2020-10-01,QCOM,1.7640696331049006,2471511.480704432,140102830.08808324
2020Q4,2020-10-01,SBUX,1.4127316892282238,1979277.0781599267,140102830.08808324
2020Q4,2020-10-01,GILD,1.0207446673842684,1430092.1669785518,140102830.08808324
2021Q1,2021-01-04,MSFT,13.156915385582044,21113058.10001351,160471185.54209274
2021Q1,2021-01-04,AAPL,13.156915385582044,21113058.10001351,160471185.54209274
2021Q1,2021-01-04,AMZN,13.156915385582044,21113058.10001351,160471185.54209274
2021Q1,2021-01-04,TSLA,12.712164171445503,20399360.55397575,160471185.54209274
2021Q1,2021-01-04,GOOGL,6.983903007183071,11207151.95273654,160471185.54209274
2021Q1,2021-01-04,GOOG,6.554762752686813,10518505.498708041,160471185.54209274
2021Q1,2021-01-04,NVDA,4.401724175213566,7063498.968258113,160471185.54209274
2021Q1,2021-01-04,PDD,3.303170055980343,5300636.149303065,160471185.54209274
2021Q1,2021-01-04,INTC,3.140207148530881,5039127.63972505,160471185.54209274
2021Q1,2021-01-04,NFLX,3.063451152250473,4915956.382519234,160471185.54209274
2021Q1,2021-01-04,ADBE,2.6843818892057802,4307659.442085742,160471185.54209274
2021Q1,2021-01-04,AVGO,2.522999176916517,4048686.6904151766,160471185.54209274
2021Q1,2021-01-04,PEP,2.306491675306079,3701254.535793341,160471185.54209274
2021Q1,2021-01-04,COST,2.2132872326931134,3551688.2617544164,160471185.54209274
2021Q1,2021-01-04,CSCO,2.0747270788232326,3329339.14015047,160471185.54209274
2021Q1,2021-01-04,CMCSA,1.9940653525351708,3199900.3116973,160471185.54209274
2021Q1,2021-01-04,QCOM,1.9358598818849246,3106497.302894495,160471185.54209274
2021Q1,2021-01-04,TXN,1.761658165374797,2826953.743176017,160471185.54209274
2021Q1,2021-01-04,SBUX,1.4430429638627702,2315668.1519923406,160471185.54209274
2021Q1,2021-01-04,AMGN,1.4333579633608138,2300126.5168670933,160471185.54209274
2021Q2,2021-04-01,MSFT,13.785466752003867,22431844.890682027,162720967.6264412
2021Q2,2021-04-01,AMZN,12.3262432243795,20057382.246698968,162720967.6264412
2021Q2,2021-04-01,AAPL,11.962212140712928,19465027.344895706,162720967.6264412
2021Q2,2021-04-01,TSLA,11.865944896488488,19308380.353586387,162720967.6264412
2021Q2,2021-04-01,GOOGL,8.10507844221996,13188662.068062408,162720967.6264412
2021Q2,2021-04-01,GOOG,7.632888073066788,12420309.3303375,162720967.6264412
2021Q2,2021-04-01,NVDA,4.439906256374908,7224658.422080152,162720967.6264412
2021Q2,2021-04-01,INTC,4.00236119692699,6512680.867544812,162720967.6264412
2021Q2,2021-04-01,NFLX,2.914550352857237,4742584.536129152,162720967.6264412
2021Q2,2021-04-01,AVGO,2.6553791377831404,4320858.6271513775,162720967.6264412
2021Q2,2021-04-01,ADBE,2.516259287331675,4094481.460336296,162720967.6264412
2021Q2,2021-04-01,PDD,2.454630337936965,3994198.237543213,162720967.6264412
2021Q2,2021-04-01,CSCO,2.3834384633151244,3878354.1302871513,162720967.6264412
2021Q2,2021-04-01,PEP,2.1868615130182265,3558482.214633491,162720967.6264412
2021Q2,2021-04-01,COST,2.045947879761047,3329186.187079834,162720967.6264412
2021Q2,2021-04-01,CMCSA,2.0399582937413356,3319439.8747517415,162720967.6264412
2021Q2,2021-04-01,TXN,2.0125726762306817,3274877.7329479293,162720967.6264412
2021Q2,2021-04-01,QCOM,1.6695101004663764,2716642.9901000583,162720967.6264412
2021Q2,2021-04-01,AMGN,1.5410492998539276,2507610.3323228084,162720967.6264412
2021Q2,2021-04-01,SBUX,1.459741675530843,2375305.7792702136,162720967.6264412
2021Q3,2021-07-01,MSFT,13.04432250440001,23639473.018938243,181224230.0124392
2021Q3,2021-07-01,AAPL,13.04432250440001,23639473.018938243,181224230.0124392
2021Q3,2021-07-01,AMZN,13.04432250440001,23639473.018938243,181224230.0124392
2021Q3,2021-07-01,TSLA,10.273081330177977,18617312.539166685,181224230.0124392
2021Q3,2021-07-01,GOOGL,8.619514108335162,15620648.073643962,181224230.0124392
2021Q3,2021-07-01,GOOG,8.338934929695624,15112170.617579231,181224230.0124392
2021Q3,2021-07-01,NVDA,5.9054319737816785,10702073.623394236,181224230.0124392
2021Q3,2021-07-01,INTC,3.1182670727191333,5651055.492266676,181224230.0124392
2021Q3,2021-07-01,ADBE,2.8134706279612907,5098690.482148986,181224230.0124392
2021Q3,2021-07-01,NFLX,2.7194516297117928,4928305.276505926,181224230.0124392
2021Q3,2021-07-01,AVGO,2.462210493113587,4462122.0074305795,181224230.0124392
2021Q3,2021-07-01,CSCO,2.2098408797826155,4004767.118886157,181224230.0124392
2021Q3,2021-07-01,PDD,2.0992571940351206,3804362.6858708835,181224230.0124392
2021Q3,2021-07-01,PEP,2.092801369075062,3792663.1667960673,181224230.0124392
2021Q3,2021-07-01,COST,2.0064929893413685,3636251.470187469,181224230.0124392
2021Q3,2021-07-01,CMCSA,2.0015696787517228,3627329.2384802625,181224230.0124392
2021Q3,2021-07-01,TXN,1.8238604963244878,3305277.140965105,181224230.0124392
2021Q3,2021-07-01,QCOM,1.6125534513115978,2922337.5756784566,181224230.0124392
2021Q3,2021-07-01,SBUX,1.3922920588536876,2523170.563181932,181224230.0124392
2021Q3,2021-07-01,AMGN,1.378002203828071,2497273.8834418645,181224230.0124392
2021Q4,2021-10-01,MSFT,13.18311274473388,24648207.19053807,186968037.57810563
2021Q4,2021-10-01,AAPL,13.08227853653582,24459679.45026274,186968037.57810563
2021Q4,2021-10-01,AMZN,12.073479514690536,22573547.716011487,186968037.57810563
2021Q4,2021-10-01,TSLA,11.360644676778719,21240774.408394694,186968037.57810563
2021Q4,2021-10-01,GOOGL,9.1475909164617,17103071.22218149,186968037.57810563
2021Q4,2021-10-01,GOOG,8.595491694343377,16070822.141102873,186968037.57810563
2021Q4,2021-10-01,NVDA,5.929236526062762,11085777.17614379,186968037.57810563
2021Q4,2021-10-01,NFLX,3.0457584394745716,5694594.783655141,186968037.57810563
2021Q4,2021-10-01,INTC,2.8871345098307613,5398018.735270834,186968037.57810563
2021Q4,2021-10-01,ADBE,2.68084577790942,5012324.741452743,186968037.57810563
2021Q4,2021-10-01,AVGO,2.4448475644425423,4571083.513014332,186968037.57810563
2021Q4,2021-10-01,CSCO,2.2150815576548366,4141494.5191017822,186968037.57810563
2021Q4,2021-10-01,COST,2.212847579149008,4137317.6933295177,186968037.57810563
2021Q4,2021-10-01,PEP,2.073289172784832,3876388.07967514,186968037.57810563
2021Q4,2021-10-01,CMCSA,1.911171800960911,3573280.4110027547,186968037.57810563
2021Q4,2021-10-01,TXN,1.7768579221876393,3322156.3876653323,186968037.57810563
2021Q4,2021-10-01,PDD,1.452466263151899,2715647.668699149,186968037.57810563
2021Q4,2021-10-01,QCOM,1.4170330102911632,2649398.8111753436,186968037.57810563
2021Q4,2021-10-01,SBUX,1.3365829541844791,2498982.9200421916,186968037.57810563
2021Q4,2021-10-01,AMGN,1.174248838371119,2195470.0093861823,186968037.57810563
2022Q1,2022-01-03,MSFT,12.880860918368061,28019124.489795785,217525246.70024666
2022Q1,2022-01-03,AAPL,12.880860918368061,28019124.489795785,217525246.70024666
2022Q1,2022-01-03,AMZN,12.880860918368061,28019124.489795785,217525246.70024666
2022Q1,2022-01-03,TSLA,12.880860918368061,28019124.489795785,217525246.70024666
2022Q1,2022-01-03,GOOGL,8.118102151555576,17658921.7325493,217525246.70024666
2022Q1,2022-01-03,GOOG,7.614321083150166,16563070.720671292,217525246.70024666
2022Q1,2022-01-03,NVDA,7.001803024479432,15230689.302464217,217525246.70024666
2022Q1,2022-01-03,ASML,2.834288760117566,6165293.617643098,217525246.70024666
2022Q1,2022-01-03,AVGO,2.804091015358401,6099605.898857813,217525246.70024666
2022Q1,2022-01-03,NFLX,2.421732238567554,5267879.026363478,217525246.70024666
2022Q1,2022-01-03,INTC,2.3879880386800383,5194476.872311135,217525246.70024666
2022Q1,2022-01-03,COST,2.3003942249085045,5003938.212810452,217525246.70024666
2022Q1,2022-01-03,ADBE,2.1598286867042105,4698172.679056031,217525246.70024666
2022Q1,2022-01-03,CSCO,2.1059421465395856,4580955.849624704,217525246.70024666
2022Q1,2022-01-03,PEP,1.9694075680433198,4283958.67091956,217525246.70024666
2022Q1,2022-01-03,QCOM,1.7105644719489128,3720909.5875736442,217525246.70024666
2022Q1,2022-01-03,TXN,1.4658696846692285,3188636.647880867,217525246.70024666
2022Q1,2022-01-03,CMCSA,1.410965502980522,3069206.1912137563,217525246.70024666
2022Q1,2022-01-03,SBUX,1.1486684051021574,2498643.781966257,217525246.70024666
2022Q1,2022-01-03,AMGN,1.0225893237225776,2224389.9491579207,217525246.70024666
2022Q2,2022-04-01,TSLA,13.855388296898225,28571139.441747405,206209590.30172804
2022Q2,2022-04-01,AAPL,13.378214358846996,27587161.019065343,206209590.30172804
2022Q2,2022-04-01,AMZN,13.284547437804969,27394010.844936337,206209590.30172804
2022Q2,2022-04-01,MSFT,12.481809886989303,25738689.030201226,206209590.30172804
2022Q2,2022-04-01,GOOGL,8.221602542078124,16953732.918255758,206209590.30172804
2022Q2,2022-04-01,GOOG,7.752903658201045,15987230.870064061,206209590.30172804
2022Q2,2022-04-01,NVDA,6.853537456893111,14132651.511034755,206209590.30172804
2022Q2,2022-04-01,AVGO,2.8180603775588056,5811110.759019343,206209590.30172804
2022Q2,2022-04-01,ASML,2.5083398712093214,5172437.371795635,206209590.30172804
2022Q2,2022-04-01,COST,2.465194388330725,5083467.248317978,206209590.30172804
2022Q2,2022-04-01,INTC,2.4426028268744444,5036881.2819962185,206209590.30172804
2022Q2,2022-04-01,PEP,2.0149404789906935,4155000.5065503856,206209590.30172804
2022Q2,2022-04-01,CSCO,1.966246571112388,4054588.9986126306,206209590.30172804
2022Q2,2022-04-01,ADBE,1.83060177450499,3774876.4192629033,206209590.30172804
2022Q2,2022-04-01,NFLX,1.5884345056027798,3275504.2862147717,206209590.30172804
2022Q2,2022-04-01,TXN,1.5153363253427095,3124768.828182462,206209590.30172804
2022Q2,2022-04-01,QCOM,1.5142096248463501,3122445.4637049916,206209590.30172804
2022Q2,2022-04-01,CMCSA,1.3914472624263294,2869297.6991139445,206209590.30172804
2022Q2,2022-04-01,AMGN,1.169439051991191,2411495.4779394474,206209590.30172804
2022Q2,2022-04-01,SBUX,0.9471433034974915,1953100.3257124298,206209590.30172804
2022Q3,2022-07-01,MSFT,13.13562795861896,20020148.183129855,152411047.61949053
2022Q3,2022-07-01,AAPL,13.13562795861896,20020148.183129855,152411047.61949053
2022Q3,2022-07-01,AMZN,13.13562795861896,20020148.183129855,152411047.61949053
2022Q3,2022-07-01,TSLA,11.973073832644314,18248287.260588285,152411047.61949053
2022Q3,2022-07-01,GOOGL,8.870653521773464,13519855.963230168,152411047.61949053
2022Q3,2022-07-01,GOOG,8.341681463402665,12713644.107452849,152411047.61949053
2022Q3,2022-07-01,NVDA,4.920700812088455,7499691.657924793,152411047.61949053
2022Q3,2022-07-01,AVGO,2.9876405801369534,4553494.307291755,152411047.61949053
2022Q3,2022-07-01,COST,2.8819820083941585,4392458.971198771,152411047.61949053
2022Q3,2022-07-01,PEP,2.848060816729408,4340759.327617509,152411047.61949053
2022Q3,2022-07-01,INTC,2.413256247809976,3678069.129029993,152411047.61949053
2022Q3,2022-07-01,ASML,2.3453415726631803,3574559.661151388,152411047.61949053
2022Q3,2022-07-01,CSCO,2.0960123908372283,3194554.4431093503,152411047.61949053
2022Q3,2022-07-01,ADBE,2.054630330715967,3131483.6117520086,152411047.61949053
2022Q3,2022-07-01,TXN,1.6869012662807923,2571023.892245007,152411047.61949053
2022Q3,2022-07-01,QCOM,1.6690192047440995,2543769.654920972,152411047.61949053
2022Q3,2022-07-01,CMCSA,1.6497450847110806,2514393.7666592095,152411047.61949053
2022Q3,2022-07-01,AMGN,1.6408030179582294,2500765.069042355,152411047.61949053
2022Q3,2022-07-01,SBUX,1.1506979302876783,1753790.7704872454,152411047.61949053
2022Q3,2022-07-01,NFLX,1.0629160429654843,1620001.4763993288,152411047.61949053
2022Q4,2022-10-03,TSLA,14.621683233005598,21563177.4466521,147473974.80187118
2022Q4,2022-10-03,AMZN,14.443250390227231,21300035.441054866,147473974.80187118
2022Q4,2022-10-03,AAPL,13.741394193444298,20264980.210265834,147473974.80187118
2022Q4,2022-10-03,MSFT,12.336630616623012,18193319.526958548,147473974.80187118
2022Q4,2022-10-03,GOOGL,8.047529687768613,11868011.903912988,147473974.80187118
2022Q4,2022-10-03,GOOG,7.578719621772083,11176639.065316629,147473974.80187118
2022Q4,2022-10-03,NVDA,4.073515998378744,6007375.956999259,147473974.80187118
2022Q4,2022-10-03,COST,2.939966451964635,4335685.384553792,147473974.80187118
2022Q4,2022-10-03,PEP,2.9027362581864438,4280780.537962655,147473974.80187118
2022Q4,2022-10-03,AVGO,2.845654981591346,4196600.510500214,147473974.80187118
2022Q4,2022-10-03,ASML,2.120623616938452,3127367.938486342,147473974.80187118
2022Q4,2022-10-03,CSCO,2.050355239600187,3023740.3693968253,147473974.80187118
2022Q4,2022-10-03,TXN,1.7677631987138904,2606990.654228075,147473974.80187118
2022Q4,2022-10-03,INTC,1.7353760353179717,2559228.0170425368,147473974.80187118
2022Q4,2022-10-03,ADBE,1.596360355357539,2354216.068207038,147473974.80187118
2022Q4,2022-10-03,AMGN,1.5831072932153616,2334671.2506830073,147473974.80187118
2022Q4,2022-10-03,QCOM,1.5341475415689754,2262468.358876957,147473974.80187118
2022Q4,2022-10-03,NFLX,1.478989147676349,2181124.0829666285,147473974.80187118
2022Q4,2022-10-03,SBUX,1.3192124058923442,1945494.9710488343,147473974.80187118
2022Q4,2022-10-03,CMCSA,1.2829837327569413,1892067.1067580779,147473974.80187118
2023Q1,2023-01-03,MSFT,13.200937651116865,17805267.60103381,134878809.9118656
2023Q1,2023-01-03,AAPL,13.200937651116865,17805267.60103381,134878809.9118656
2023Q1,2023-01-03,AMZN,13.200937651116865,17805267.60103381,134878809.9118656
2023Q1,2023-01-03,GOOGL,8.322042911207108,11224672.438990919,134878809.9118656
2023Q1,2023-01-03,GOOG,7.851912068854781,10590565.553797474,134878809.9118656
2023Q1,2023-01-03,TSLA,6.518992772991239,8792739.87045111,134878809.9118656
2023Q1,2023-01-03,NVDA,5.554956548810421,7492459.284156736,134878809.9118656
2023Q1,2023-01-03,AVGO,4.02773974056371,5432567.428419596,134878809.9118656
2023Q1,2023-01-03,PEP,3.4978089968267287,4717803.147910057,134878809.9118656
2023Q1,2023-01-03,ASML,3.2976513530985447,4447832.90010185,134878809.9118656
2023Q1,2023-01-03,COST,3.0892062280020984,4166684.5960524636,134878809.9118656
2023Q1,2023-01-03,CSCO,2.7495873956608285,3708610.756753985,134878809.9118656
2023Q1,2023-01-03,TXN,2.1526413390805312,2903457.019822668,134878809.9118656
2023Q1,2023-01-03,ADBE,2.1504289574853073,2900472.9858563202,134878809.9118656
2023Q1,2023-01-03,INTC,2.0801025744555983,2805617.597371789,134878809.9118656
2023Q1,2023-01-03,AMGN,2.0306630364642593,2738934.1369031463,134878809.9118656
2023Q1,2023-01-03,NFLX,1.9942244315890811,2689786.180299019,134878809.9118656
2023Q1,2023-01-03,CMCSA,1.7065285593470938,2301745.411653465,134878809.9118656
2023Q1,2023-01-03,SBUX,1.6948521171099622,2285996.3653239757,134878809.9118656
2023Q1,2023-01-03,QCOM,1.6778480151021111,2263061.4348995863,134878809.9118656
2023Q2,2023-04-03,AAPL,13.36775496593864,22631971.437566105,169302710.10527128
2023Q2,2023-04-03,AMZN,12.931937300694576,21894120.319190383,169302710.10527128
2023Q2,2023-04-03,MSFT,12.674484172023332,21458245.195099153,169302710.10527128
2023Q2,2023-04-03,TSLA,8.746906851155286,14808750.349389546,169302710.10527128
2023Q2,2023-04-03,NVDA,8.412991551790988,14243422.69810966,169302710.10527128
2023Q2,2023-04-03,GOOGL,7.794670683808377,13196588.711468663,169302710.10527128
2023Q2,2023-04-03,GOOG,7.331926868673942,12413150.891601538,169302710.10527128
2023Q2,2023-04-03,AVGO,3.7082311161735264,6278135.776648731,169302710.10527128
2023Q2,2023-04-03,ASML,3.2800288817084895,5553177.788968096,169302710.10527128
2023Q2,2023-04-03,PEP,2.830906487573331,4792801.404007594,169302710.10527128
2023Q2,2023-04-03,COST,2.683391667909536,4543054.816509886,169302710.10527128
2023Q2,2023-04-03,CSCO,2.423077319649508,4102335.5701127844,169302710.10527128
2023Q2,2023-04-03,INTC,2.073367867668393,3510267.990414464,169302710.10527128
2023Q2,2023-04-03,ADBE,1.9618194158936297,3321413.4384793183,169302710.10527128
2023Q2,2023-04-03,TXN,1.9445056453585439,3292100.75574201,169302710.10527128
2023Q2,2023-04-03,NFLX,1.8613645235187462,3151340.583255307,169302710.10527128
2023Q2,2023-04-03,QCOM,1.560644778484284,2642213.9050903004,169302710.10527128
2023Q2,2023-04-03,AMGN,1.5022300290507244,2543316.1511980803,169302710.10527128
2023Q2,2023-04-03,CMCSA,1.4853119260048484,2514673.34424301,169302710.10527128
2023Q2,2023-04-03,SBUX,1.4244479469212898,2411628.97817664,169302710.10527128
2023Q3,2023-07-03,MSFT,12.971900203838082,26346357.743650585,203103302.7517072
2023Q3,2023-07-03,AAPL,12.971900203838082,26346357.743650585,203103302.7517072
2023Q3,2023-07-03,AMZN,12.971900203838082,26346357.743650585,203103302.7517072
2023Q3,2023-07-03,TSLA,10.861091787513413,22059236.135334175,203103302.7517072
2023Q3,2023-07-03,NVDA,10.59611892042536,21521067.490882445,203103302.7517072
2023Q3,2023-07-03,GOOGL,7.206325901685914,14636285.913375836,203103302.7517072
2023Q3,2023-07-03,GOOG,6.792445573296675,13795681.29697768,203103302.7517072
2023Q3,2023-07-03,AVGO,4.15665316451167,8442299.861056557,203103302.7517072
2023Q3,2023-07-03,ASML,2.848768482500615,5785942.875708439,203103302.7517072
2023Q3,2023-07-03,COST,2.382373175519124,4838678.6033500675,203103302.7517072
2023Q3,2023-07-03,PEP,2.361106057400233,4795484.384050492,203103302.7517072
2023Q3,2023-07-03,ADBE,1.9932782785158305,4048414.0166980247,203103302.7517072
2023Q3,2023-07-03,CSCO,1.9427327814405542,3945754.4427458704,203103302.7517072
2023Q3,2023-07-03,NFLX,1.9210435982474299,3901702.995340767,203103302.7517072
2023Q3,2023-07-03,INTC,1.7114257513043223,3475962.225042297,203103302.7517072
2023Q3,2023-07-03,TXN,1.5487193616821053,3145500.1739315134,203103302.7517072
2023Q3,2023-07-03,CMCSA,1.3085735371161895,2657756.0728178183,203103302.7517072
2023Q3,2023-07-03,QCOM,1.2256175055385103,2489269.6328518023,203103302.7517072
2023Q3,2023-07-03,AMGN,1.1445912180956936,2324702.5669583497,203103302.7517072
2023Q3,2023-07-03,SBUX,1.08343429369212,2200490.833633327,203103302.7517072
2023Q4,2023-10-02,AMZN,12.95396988401682,25691539.222571548,198329465.42720395
2023Q4,2023-10-02,MSFT,12.343177421212276,24480157.796221647,198329465.42720395
2023Q4,2023-10-02,AAPL,11.741239389757178,23286337.316233713,198329465.42720395
2023Q4,2023-10-02,NVDA,11.159139929973735,22131862.569390573,198329465.42720395
2023Q4,2023-10-02,TSLA,10.63176565838694,21085923.99575187,198329465.42720395
2023Q4,2023-10-02,GOOGL,8.067822966543178,16000870.161158273,198329465.42720395
2023Q4,2023-10-02,GOOG,7.581557646171048,15036462.750706347,198329465.42720395
2023Q4,2023-10-02,AVGO,4.098071579769911,8127683.456981836,198329465.42720395
2023Q4,2023-10-02,COST,2.5650038756987303,5087158.474860354,198329465.42720395
2023Q4,2023-10-02,ASML,2.3748159912021527,4709959.860230985,198329465.42720395
2023Q4,2023-10-02,PEP,2.22750045330534,4417789.741429026,198329465.42720395
2023Q4,2023-10-02,ADBE,2.12854441239057,4221530.754474836,198329465.42720395
2023Q4,2023-10-02,CSCO,2.082842772728793,4130890.9368421673,198329465.42720395
2023Q4,2023-10-02,INTC,1.8699102403968795,3708582.9837476755,198329465.42720395
2023Q4,2023-10-02,NFLX,1.686408881124604,3344645.718851319,198329465.42720395
2023Q4,2023-10-02,CMCSA,1.4401056243757724,2856153.786411567,198329465.42720395
2023Q4,2023-10-02,AMGN,1.430399289761931,2836903.26485936,198329465.42720395
2023Q4,2023-10-02,TXN,1.4107396862876176,2797912.478383646,198329465.42720395
2023Q4,2023-10-02,QCOM,1.1792713526926533,2338842.569731496,198329465.42720395
2023Q4,2023-10-02,SBUX,1.027712944203866,2038257.5883657064,198329465.42720395
2024Q1,2024-01-02,MSFT,12.832068075822626,28949888.755221736,225605791.55410883
2024Q1,2024-01-02,AAPL,12.832068075822626,28949888.755221736,225605791.55410883
2024Q1,2024-01-02,AMZN,12.832068075822626,28949888.755221736,225605791.55410883
2024Q1,2024-01-02,NVDA,11.09852125138196,25038906.719981253,225605791.55410883
2024Q1,2024-01-02,TSLA,8.89131307330411,20059317.238581695,225605791.55410883
2024Q1,2024-01-02,GOOGL,7.657606590020985,17276003.961516444,225605791.55410883
2024Q1,2024-01-02,GOOG,7.25050892348783,16357568.048536016,225605791.55410883
2024Q1,2024-01-02,AVGO,4.794456042776814,10816570.506020434,225605791.55410883
2024Q1,2024-01-02,COST,2.712027436532666,6118490.965354128,225605791.55410883
2024Q1,2024-01-02,ASML,2.5784893042508994,5817221.204993276,225605791.55410883
2024Q1,2024-01-02,INTC,2.259218664941459,5096928.151979348,225605791.55410883
2024Q1,2024-01-02,ADBE,2.1973702356593736,4957394.513533716,225605791.55410883
2024Q1,2024-01-02,PEP,2.058191733280612,4643399.751568957,225605791.55410883
2024Q1,2024-01-02,NFLX,1.8800081730884741,4241407.320178192,225605791.55410883
2024Q1,2024-01-02,CSCO,1.772081997681502,3997919.617857217,225605791.55410883
2024Q1,2024-01-02,AMGN,1.4173124675820155,3197539.011283478,225605791.55410883
2024Q1,2024-01-02,TXN,1.3665398361521655,3082993.014253315,225605791.55410883
2024Q1,2024-01-02,QCOM,1.3374923123556697,3017460.1182653625,225605791.55410883
2024Q1,2024-01-02,CMCSA,1.2785780253299444,2884546.074682515,225605791.55410883
2024Q1,2024-01-02,SBUX,0.9540797047056176,2152459.069858213,225605791.55410883
2024Q2,2024-04-01,NVDA,18.012556945340368,45687199.17252011,253640831.2887463
2024Q2,2024-04-01,AMZN,13.550146685286027,34368704.69340398,253640831.2887463
2024Q2,2024-04-01,MSFT,12.793495353484035,32449527.96546404,253640831.2887463
2024Q2,2024-04-01,AAPL,10.1788012361254,25817596.07053765,253640831.2887463
2024Q2,2024-04-01,GOOGL,7.359263017687423,18666095.894787654,253640831.2887463
2024Q2,2024-04-01,GOOG,6.967580063773481,17672627.994464014,253640831.2887463
2024Q2,2024-04-01,TSLA,5.594994932985718,14191191.658588208,253640831.2887463
2024Q2,2024-04-01,AVGO,5.085161959727017,12898047.06703071,253640831.2887463
2024Q2,2024-04-01,ASML,2.9456957286724936,7471487.133442005,253640831.2887463
2024Q2,2024-04-01,COST,2.6813362816308106,6800963.6343751475,253640831.2887463
2024Q2,2024-04-01,NFLX,2.0859006894695664,5290695.848628298,253640831.2887463
2024Q2,2024-04-01,PEP,1.900821901489202,4821260.472255766,253640831.2887463
2024Q2,2024-04-01,INTC,1.771543351428206,4493357.283203018,253640831.2887463
2024Q2,2024-04-01,ADBE,1.6530969861058211,4192928.9375680154,253640831.2887463
2024Q2,2024-04-01,CSCO,1.569297741814665,3980379.8377342396,253640831.2887463
2024Q2,2024-04-01,QCOM,1.3996560548874504,3550099.2527998006,253640831.2887463
2024Q2,2024-04-01,AMGN,1.2541898965672051,3181137.6795925265,253640831.2887463
2024Q2,2024-04-01,TXN,1.2520384539085045,3175680.742548297,253640831.2887463
2024Q2,2024-04-01,CMCSA,1.1317736692018874,2870640.142870813,253640831.2887463
2024Q2,2024-04-01,SBUX,0.812649050414721,2061209.8069320014,253640831.2887463
2024Q3,2024-07-01,MSFT,13.211482342455943,38922883.49469541,294614052.27492326
2024Q3,2024-07-01,AAPL,13.211482342455943,38922883.49469541,294614052.27492326
2024Q3,2024-07-01,AMZN,13.211482342455943,38922883.49469541,294614052.27492326
2024Q3,2024-07-01,NVDA,13.211482342455943,38922883.49469541,294614052.27492326
2024Q3,2024-07-01,GOOGL,7.787574062330961,22943287.518944103,294614052.27492326
2024Q3,2024-07-01,GOOG,7.359896324231081,21683288.804050315,294614052.27492326
2024Q3,2024-07-01,TSLA,5.761112760894988,16973047.761000432,294614052.27492326
2024Q3,2024-07-01,AVGO,5.600579308269603,16500093.650963945,294614052.27492326
2024Q3,2024-07-01,ASML,2.8619353531037435,8431663.717267573,294614052.27492326
2024Q3,2024-07-01,COST,2.711935417794957,7989742.829444593,294614052.27492326
2024Q3,2024-07-01,NFLX,2.0732708424881134,6108147.243688673,294614052.27492326
2024Q3,2024-07-01,AMD,1.8794674965857312,5537175.352881278,294614052.27492326
2024Q3,2024-07-01,AZN,1.701814237409668,5013783.887024206,294614052.27492326
2024Q3,2024-07-01,ADBE,1.6271064779802311,4793684.329605341,294614052.27492326
2024Q3,2024-07-01,PEP,1.510324007140616,4449626.759917971,294614052.27492326
2024Q3,2024-07-01,QCOM,1.476792088134754,4350837.014529255,294614052.27492326
2024Q3,2024-07-01,CSCO,1.299212820734135,3827663.5388401696,294614052.27492326
2024Q3,2024-07-01,TXN,1.223321889855643,3604078.1920698835,294614052.27492326
2024Q3,2024-07-01,AMGN,1.1538954404485189,3399538.1161209554,294614052.27492326
2024Q3,2024-07-01,INTC,1.1258321027734761,3316859.579792917,294614052.27492326
2024Q4,2024-10-01,AAPL,14.528121563300184,43108575.692256026,296725048.069212
2024Q4,2024-10-01,NVDA,12.89561719655214,38264526.3252909,296725048.069212
2024Q4,2024-10-01,MSFT,12.651594484791914,37540449.81652059,296725048.069212
2024Q4,2024-10-01,AMZN,12.64777360342845,37529112.30445818,296725048.069212
2024Q4,2024-10-01,TSLA,7.56295055948901,22441168.6830945,296725048.069212
2024Q4,2024-10-01,GOOGL,7.049586835517408,20917889.92636987,296725048.069212
2024Q4,2024-10-01,GOOG,6.669693193513929,19790650.334523167,296725048.069212
2024Q4,2024-10-01,AVGO,5.994169846330215,17786203.35787354,296725048.069212
2024Q4,2024-10-01,COST,2.8123616558413866,8344981.475175441,296725048.069212
2024Q4,2024-10-01,ASML,2.3194086166820096,6882266.332771138,296725048.069212
2024Q4,2024-10-01,NFLX,2.163417509130314,6419401.643904673,296725048.069212
2024Q4,2024-10-01,AMD,1.887609168626522,5601009.212965901,296725048.069212
2024Q4,2024-10-01,AZN,1.6983488142304,5039426.335408047,296725048.069212
2024Q4,2024-10-01,PEP,1.5579048395424173,4622693.884004818,296725048.069212
2024Q4,2024-10-01,ADBE,1.5057234057384274,4467858.499466725,296725048.069212
2024Q4,2024-10-01,CSCO,1.457384893998691,4324426.027271051,296725048.069212
2024Q4,2024-10-01,TXN,1.298191669475985,3852059.8552831225,296725048.069212
2024Q4,2024-10-01,QCOM,1.258311325154818,3733724.8844259726,296725048.069212
2024Q4,2024-10-01,AMGN,1.1897006114716686,3530139.711269018,296725048.069212
2024Q4,2024-10-01,INTC,0.8521302071841266,2528483.7668793756,296725048.069212
2025Q1,2025-01-02,MSFT,12.919773075464011,42689185.44689222,330417455.4579709
2025Q1,2025-01-02,AAPL,12.919773075464011,42689185.44689222,330417455.4579709
2025Q1,2025-01-02,AMZN,12.919773075464011,42689185.44689222,330417455.4579709
2025Q1,2025-01-02,NVDA,12.919773075464011,42689185.44689222,330417455.4579709
2025Q1,2025-01-02,TSLA,9.331759371570248,30833761.865003154,330417455.4579709
2025Q1,2025-01-02,GOOGL,7.243088799462362,23932429.70774483,330417455.4579709
2025Q1,2025-01-02,AVGO,7.139090306277886,23588800.532850053,330417455.4579709
2025Q1,2025-01-02,GOOG,6.832517507426071,22575830.4917576,330417455.4579709
2025Q1,2025-01-02,COST,2.622107987664151,8663902.492200093,330417455.4579709
2025Q1,2025-01-02,NFLX,2.4460525522205856,8082184.602212014,330417455.4579709
2025Q1,2025-01-02,ASML,1.7456202822188693,5767834.118465839,330417455.4579709
2025Q1,2025-01-02,TMUS,1.5168984740693665,5012097.33990079,330417455.4579709
2025Q1,2025-01-02,CSCO,1.4717345116888085,4862867.724618955,330417455.4579709
2025Q1,2025-01-02,AZN,1.2971591242916056,4286040.171725222,330417455.4579709
2025Q1,2025-01-02,AMD,1.2885843790321923,4257707.716627065,330417455.4579709
2025Q1,2025-01-02,PEP,1.2684643995632874,4191227.792427243,330417455.4579709
2025Q1,2025-01-02,ADBE,1.1483801013566328,3794448.3098882535,330417455.4579709
2025Q1,2025-01-02,TXN,1.067132434092487,3525991.835095104,330417455.4579709
2025Q1,2025-01-02,QCOM,1.0272114802762882,3394086.035301068,330417455.4579709
2025Q1,2025-01-02,AMGN,0.8751059869331198,2891502.934584778,330417455.4579709
2025Q2,2025-04-01,MSFT,13.469632119327155,38095438.07750606,282824636.4861302
2025Q2,2025-04-01,AAPL,13.403433927908114,37908213.28326476,282824636.4861302
2025Q2,2025-04-01,AMZN,13.089747931206686,37021032.00338605,282824636.4861302
2025Q2,2025-04-01,NVDA,12.182769529600854,34455873.63603665,282824636.4861302
2025Q2,2025-04-01,TSLA,6.9962919580016285,19787237.297726464,282824636.4861302
2025Q2,2025-04-01,GOOGL,6.92055084899105,19573022.781496733,282824636.4861302
2025Q2,2025-04-01,GOOG,6.555823224363813,18541483.202980254,282824636.4861302
2025Q2,2025-04-01,AVGO,6.041512758186435,17086886.496603962,282824636.4861302
2025Q2,2025-04-01,COST,3.1655019481917153,8952819.377934588,282824636.4861302
2025Q2,2025-04-01,NFLX,2.9897898464324153,8455862.264871707,282824636.4861302
2025Q2,2025-04-01,TMUS,2.1484699891875834,6076402.436933382,282824636.4861302
2025Q2,2025-04-01,ASML,1.9538919628051048,5526087.841135251,282824636.4861302
2025Q2,2025-04-01,CSCO,1.8045062864644992,5103588.3450625865,282824636.4861302
2025Q2,2025-04-01,AZN,1.7242963707030732,4876734.942384503,282824636.4861302
2025Q2,2025-04-01,PEP,1.4741762830039296,4169333.7135706097,282824636.4861302
2025Q2,2025-04-01,AMD,1.2804634161673958,3621466.0021133213,282824636.4861302
2025Q2,2025-04-01,AMGN,1.2319345775949397,3484214.4908298315,282824636.4861302
2025Q2,2025-04-01,QCOM,1.2064596283263724,3412165.05816598,282824636.4861302
2025Q2,2025-04-01,TXN,1.2036147310452894,3404118.987772353,282824636.4861302
2025Q2,2025-04-01,ADBE,1.1571326624919438,3272656.24635512,282824636.4861302
2025Q3,2025-07-01,MSFT,13.000727719787127,44357771.91967817,341194530.6120485
2025Q3,2025-07-01,AAPL,13.000727719787127,44357771.91967817,341194530.6120485
2025Q3,2025-07-01,AMZN,13.000727719787127,44357771.91967817,341194530.6120485
2025Q3,2025-07-01,NVDA,13.000727719787127,44357771.91967817,341194530.6120485
2025Q3,2025-07-01,AVGO,8.044983178913357,27449042.59511169,341194530.6120485
2025Q3,2025-07-01,TSLA,7.2666039741997315,24793255.321207236,341194530.6120485
2025Q3,2025-07-01,GOOGL,6.619087179916801,22583963.434319407,341194530.6120485
2025Q3,2025-07-01,GOOG,6.2422056839343325,21298064.38313836,341194530.6120485
2025Q3,2025-07-01,NFLX,3.5047290682642,11957943.893688058,341194530.6120485
2025Q3,2025-07-01,COST,2.797591513164679,9545229.231784731,341194530.6120485
2025Q3,2025-07-01,ASML,1.9449878057179502,6636192.0141809415,341194530.6120485
2025Q3,2025-07-01,CSCO,1.7129288357015886,5844419.500690462,341194530.6120485
2025Q3,2025-07-01,TMUS,1.6505433180388145,5631563.526531064,341194530.6120485
2025Q3,2025-07-01,AMD,1.4279980794713247,4872251.344401254,341194530.6120485
2025Q3,2025-07-01,AZN,1.401658454693633,4782381.985276034,341194530.6120485
2025Q3,2025-07-01,TXN,1.1987012850356564,4089903.222918002,341194530.6120485
2025Q3,2025-07-01,PEP,1.1441715091376838,3903850.609999112,341194530.6120485
2025Q3,2025-07-01,QCOM,1.0586694519879467,3612122.267443421,341194530.6120485
2025Q3,2025-07-01,ADBE,1.0028222501005652,3421574.669103807,341194530.6120485
2025Q3,2025-07-01,AMGN,0.9794075325732281,3341684.9335422716,341194530.6120485
2025Q4,2025-10-01,AAPL,13.974556440502036,55113510.37599032,394384684.8423503
2025Q4,2025-10-01,NVDA,13.283411763549728,52387741.61998728,394384684.8423503
2025Q4,2025-10-01,MSFT,11.731036617126126,46265411.79119358,394384684.8423503
2025Q4,2025-10-01,AMZN,11.256564684779045,44394167.15614114,394384684.8423503
2025Q4,2025-10-01,TSLA,8.801113805938758,34710244.946168154,394384684.8423503
2025Q4,2025-10-01,AVGO,8.344265905814721,32908506.795055076,394384684.8423503
2025Q4,2025-10-01,GOOGL,7.906303238875161,31181249.111318335,394384684.8423503
2025Q4,2025-10-01,GOOG,7.4210794273518035,29267600.711461905,394384684.8423503
2025Q4,2025-10-01,NFLX,2.7145881399948215,10705919.880686395,394384684.8423503
2025Q4,2025-10-01,COST,2.2661888931518175,8937501.924189141,394384684.8423503
2025Q4,2025-10-01,ASML,2.03784411737984,8036945.099906856,394384684.8423503
2025Q4,2025-10-01,CSCO,1.4701914931375017,5798210.08678938,394384684.8423503
2025Q4,2025-10-01,TMUS,1.4397055041950972,5677978.015377805,394384684.8423503
2025Q4,2025-10-01,AMD,1.4085715835239,5555190.600459637,394384684.8423503
2025Q4,2025-10-01,AZN,1.3405706686256709,5287005.40654834,394384684.8423503
2025Q4,2025-10-01,PEP,1.0631297304180767,4192820.8367746603,394384684.8423503
2025Q4,2025-10-01,QCOM,0.9621640910036545,3794627.8179710275,394384684.8423503
2025Q4,2025-10-01,TXN,0.9243398025559455,3645454.6171826688,394384684.8423503
2025Q4,2025-10-01,AMGN,0.8633372368499851,3404869.840677469,394384684.8423503
2025Q4,2025-10-01,ADBE,0.7910368552263186,3119728.2084711553,394384684.8423503
2026Q1,2026-01-02,MSFT,12.263628431286513,51300205.715331316,418311807.1683919
2026Q1,2026-01-02,AAPL,12.263628431286513,51300205.715331316,418311807.1683919
2026Q1,2026-01-02,NVDA,12.263628431286513,51300205.715331316,418311807.1683919
2026Q1,2026-01-02,AMZN,12.026800155195275,50309525.073728316,418311807.1683919
2026Q1,2026-01-02,GOOGL,9.11520229907312,38129967.46430758,418311807.1683919
2026Q1,2026-01-02,GOOG,8.548793440563514,35760612.33231418,418311807.1683919
2026Q1,2026-01-02,AVGO,8.133552449042917,34023610.23658042,418311807.1683919
2026Q1,2026-01-02,TSLA,8.121261145525816,33972194.262713484,418311807.1683919
2026Q1,2026-01-02,ASML,2.206321581866422,9229303.68105168,418311807.1683919
2026Q1,2026-01-02,NFLX,1.891230305839333,7911239.670072819,418311807.1683919
2026Q1,2026-01-02,COST,1.8652996205661716,7802768.551895509,418311807.1683919
2026Q1,2026-01-02,AMD,1.7986768324394227,7524077.562896537,418311807.1683919
2026Q1,2026-01-02,MU,1.7550918133842284,7341756.282032065,418311807.1683919
2026Q1,2026-01-02,CSCO,1.471417148145169,6155111.663391671,418311807.1683919
2026Q1,2026-01-02,AZN,1.3875176469711663,5804150.143825433,418311807.1683919
2026Q1,2026-01-02,LRCX,1.1402009105445228,4769595.034249253,418311807.1683919
2026Q1,2026-01-02,TMUS,1.0553085907077007,4414480.43699267,418311807.1683919
2026Q1,2026-01-02,PEP,0.9411615998376078,3936990.096655646,418311807.1683919
2026Q1,2026-01-02,QCOM,0.8909272562569434,3726853.906204189,418311807.1683919
2026Q1,2026-01-02,AMGN,0.8603519101811362,3598953.6234864905,418311807.1683919
2026Q2,2026-04-01,NVDA,12.445278493912534,47974480.71023867,385483384.1902762
2026Q2,2026-04-01,AAPL,12.435086878221455,47935193.72516903,385483384.1902762
2026Q2,2026-04-01,AMZN,11.776000894981767,45394526.77225293,385483384.1902762
2026Q2,2026-04-01,MSFT,10.209407512192508,39355569.58377596,385483384.1902762
2026Q2,2026-04-01,GOOGL,9.093907022986823,35055500.5473268,385483384.1902762
2026Q2,2026-04-01,GOOG,8.486373845188872,32713561.09347254,385483384.1902762
2026Q2,2026-04-01,AVGO,7.90966113119879,30490429.40652798,385483384.1902762
2026Q2,2026-04-01,TSLA,7.284952255733545,28082280.492047537,385483384.1902762
2026Q2,2026-04-01,ASML,2.959754571656719,11409362.086548734,385483384.1902762
2026Q2,2026-04-01,COST,2.342093385510058,9028380.843360784,385483384.1902762
2026Q2,2026-04-01,MU,2.255374001601862,8694092.027522512,385483384.1902762
2026Q2,2026-04-01,NFLX,2.104604843178146,8112901.973315572,385483384.1902762
2026Q2,2026-04-01,AMD,1.8540618540058946,7147100.379802901,385483384.1902762
2026Q2,2026-04-01,AZN,1.6319275969270242,6290809.7281693425,385483384.1902762
2026Q2,2026-04-01,CSCO,1.6169397972249946,6233034.250662299,385483384.1902762
2026Q2,2026-04-01,LRCX,1.5462015596123602,5960350.098396556,385483384.1902762
2026Q2,2026-04-01,TMUS,1.1903012997178817,4588413.732213332,385483384.1902762
2026Q2,2026-04-01,PEP,1.114942624175918,4297918.559453201,385483384.1902762
2026Q2,2026-04-01,AMGN,1.010573351717889,3895592.3559272205,385483384.1902762
2026Q2,2026-04-01,QCOM,0.7325570802549569,2823885.8240922857,385483384.1902762
2026Q3,2026-07-01,AAPL,11.21824062316502,53788759.19839524,479475891.14218634
2026Q3,2026-07-01,NVDA,11.21824062316502,53788759.19839524,479475891.14218634
2026Q3,2026-07-01,MSFT,10.848647973182848,52016651.5462972,479475891.14218634
2026Q3,2026-07-01,AMZN,9.881042287819884,47377215.56366067,479475891.14218634
2026Q3,2026-07-01,GOOGL,8.054116386998448,38617546.32018967,479475891.14218634
2026Q3,2026-07-01,GOOG,7.480217660694661,35865840.287990935,479475891.14218634
2026Q3,2026-07-01,AVGO,6.677947255790917,32019147.114708677,479475891.14218634
2026Q3,2026-07-01,TSLA,6.070431333261862,29106254.731331814,479475891.14218634
2026Q3,2026-07-01,SPCX,4.533121515712045,21735224.784018513,479475891.14218634
2026Q3,2026-07-01,MU,4.4235198107607205,21209711.03249612,479475891.14218634
2026Q3,2026-07-01,AMD,3.3518074441303036,16071108.612113914,479475891.14218634
2026Q3,2026-07-01,WMT,3.2911486703551596,15780264.415999617,479475891.14218634
2026Q3,2026-07-01,ASML,2.6995844149664796,12943856.430796105,479475891.14218634
2026Q3,2026-07-01,INTC,2.42619167008749,11633004.130969487,479475891.14218634
2026Q3,2026-07-01,LRCX,1.859534931383124,8916021.683349477,479475891.14218634
2026Q3,2026-07-01,CSCO,1.7461687283426908,8372458.0710673,479475891.14218634
2026Q3,2026-07-01,COST,1.5584402395689019,7472345.226591416,479475891.14218634
2026Q3,2026-07-01,NFLX,1.187245067513583,5692553.867502404,479475891.14218634
2026Q3,2026-07-01,AMGN,0.7411286583635929,3553533.239198967,479475891.14218634
2026Q3,2026-07-01,PEP,0.7332247047372381,3515635.687113537,479475891.14218634
