Quarter,Date,Ticker,Type,Prev_Weight_Pct,New_Weight_Pct,Weight_Change_Pct,Portfolio_Value_USD,Trade_Value_USD
1997Q1,1997-01-02,AAPL,BUY,0.0,3.0653832498913283,3.0653832498913283,6000000.0,183922.9949934797
1997Q1,1997-01-02,AMAT,BUY,0.0,3.3570105494009352,3.3570105494009352,6000000.0,201420.6329640561
1997Q1,1997-01-02,AMGN,BUY,0.0,6.570766954242262,6.570766954242262,6000000.0,394246.0172545357
1997Q1,1997-01-02,COST,BUY,0.0,4.781770632833709,4.781770632833709,6000000.0,286906.23797002254
1997Q1,1997-01-02,CSCO,BUY,0.0,18.94211865741744,18.94211865741744,6000000.0,1136527.1194450464
1997Q1,1997-01-02,INTC,BUY,0.0,18.94211865741744,18.94211865741744,6000000.0,1136527.1194450464
1997Q1,1997-01-02,MSFT,BUY,0.0,18.94211865741744,18.94211865741744,6000000.0,1136527.1194450464
1997Q1,1997-01-02,ORCL,BUY,0.0,14.22303971009865,14.22303971009865,6000000.0,853382.382605919
1997Q1,1997-01-02,PAYX,BUY,0.0,2.1985822553282586,2.1985822553282586,6000000.0,131914.9353196955
1997Q1,1997-01-02,PCAR,BUY,0.0,1.0943162985415615,1.0943162985415615,6000000.0,65658.97791249369
1997Q1,1997-01-02,QCOM,BUY,0.0,2.0660375668493223,2.0660375668493223,6000000.0,123962.25401095932
1997Q1,1997-01-02,SNPS,BUY,0.0,5.81673681056165,5.81673681056165,6000000.0,349004.20863369905
1997Q2,1997-04-01,AAPL,SELL,2.7758516253405676,0.0,-2.7758516253405676,5792614.665391173,-160794.38833897695
1997Q2,1997-04-01,AMAT,REBALANCE,4.48709515231534,4.607087124695449,0.11999197238010822,5792614.665391173,6950.672589382275
1997Q2,1997-04-01,AMGN,REBALANCE,6.993761697362035,7.139976180706176,0.14621448334414117,5792614.665391173,8469.641605118655
1997Q2,1997-04-01,COST,REBALANCE,5.445800703358319,5.677109708649354,0.23130900529103465,5792614.665391173,13398.839362858918
1997Q2,1997-04-01,CSCO,REBALANCE,14.840484490727924,18.629940327923087,3.789455837195166,5792614.665391173,219508.57456388904
1997Q2,1997-04-01,INTC,REBALANCE,20.854042572612165,19.966380741822327,-0.8876618307898404,5792614.665391173,-51418.82938941207
1997Q2,1997-04-01,KLAC,BUY,0.0,1.6917820590469888,1.6917820590469888,5792614.665391173,97998.41565881264
1997Q2,1997-04-01,MSFT,REBALANCE,21.772274769014256,19.966380741822327,-1.8058940271919288,5792614.665391173,-104608.48226054294
1997Q2,1997-04-01,ORCL,REBALANCE,13.607475679919684,12.892447562901049,-0.7150281170186346,5792614.665391173,-41418.823568091786
1997Q2,1997-04-01,PAYX,REBALANCE,1.824213444169092,1.784415201642128,-0.03979824252696405,5792614.665391173,-2305.3588331848664
1997Q2,1997-04-01,PCAR,REBALANCE,1.1167267156109848,1.194804713013895,0.07807799740291027,5792614.665391173,4522.7575280047195
1997Q2,1997-04-01,QCOM,REBALANCE,3.025524090929416,3.1954933940954096,0.16996930316599407,5792614.665391173,9845.666781856557
1997Q2,1997-04-01,SNPS,REBALANCE,3.2567490586402355,3.2541822436818175,-0.00256681495841779,5792614.665391173,-148.68569971476325
1997Q3,1997-07-01,AMAT,REBALANCE,5.583256208061738,5.861724503888781,0.27846829582704247,7298601.477049174,20324.291152346188
1997Q3,1997-07-01,AMGN,REBALANCE,5.89490935788533,5.722000261761847,-0.17290909612348304,7298601.477049174,-12619.94584362091
1997Q3,1997-07-01,CSCO,REBALANCE,20.623390323889435,19.65425100435097,-0.9691393195384618,7298601.477049174,-70733.61669049849
1997Q3,1997-07-01,INTC,REBALANCE,16.158175458978103,19.65425100435097,3.4960755453728676,7298601.477049174,255164.62139333907
1997Q3,1997-07-01,KLAC,REBALANCE,1.793333789485247,1.9952007612442142,0.20186697175896723,7298601.477049174,14733.46578247442
1997Q3,1997-07-01,MSFT,REBALANCE,21.841646968465554,19.65425100435097,-2.18739596411458,7298601.477049174,-159649.31414578075
1997Q3,1997-07-01,ORCL,REBALANCE,13.366584000751425,13.830528684379232,0.4639446836278066,7298601.477049174,33861.47353195021
1997Q3,1997-07-01,PAYX,REBALANCE,1.967098034112321,2.1651526574573787,0.1980546233450578,7298601.477049174,14455.217664826567
1997Q3,1997-07-01,PCAR,SELL,1.3243136847257946,0.0,-1.3243136847257946,7298601.477049174,-96656.37815416118
1997Q3,1997-07-01,QCOM,REBALANCE,2.288711450485046,2.2780967860985792,-0.010614664386466438,7298601.477049174,-774.722051694452
1997Q3,1997-07-01,SNPS,REBALANCE,3.79659432788419,3.8226002297287205,0.026005901844530777,7298601.477049174,1898.0671361448815
1997Q4,1997-10-01,AMAT,REBALANCE,6.956541314390405,6.684793232450224,-0.27174808194018046,8272305.582985273,-22479.83175399294
1997Q4,1997-10-01,AMGN,REBALANCE,4.1636431204336715,4.207802241470566,0.04415912103689426,8272305.582985273,3652.977434932228
1997Q4,1997-10-01,COST,REBALANCE,5.414345693317616,5.705034867323431,0.29068917400581623,8272305.582985273,24046.69677041691
1997Q4,1997-10-01,CSCO,REBALANCE,18.874687159853192,19.977073028246064,1.1023858683928744,8272305.582985273,91192.72773710443
1997Q4,1997-10-01,INTC,REBALANCE,22.583591599645047,19.977073028246064,-2.606518571398983,8272305.582985273,-215619.18130338605
1997Q4,1997-10-01,KLAC,REBALANCE,2.4396683911604895,2.194434971751915,-0.2452334194085741,8272305.582985273,-20286.457845081164
1997Q4,1997-10-01,MSFT,REBALANCE,18.155544968986707,19.977073028246064,1.8215280592593586,8272305.582985273,150682.3673417552
1997Q4,1997-10-01,ORCL,REBALANCE,13.239650751265444,13.538346307835639,0.2986955565701943,8272305.582985273,24709.009202285117
1997Q4,1997-10-01,PAYX,SELL,1.7558368196844394,0.0,-1.7558368196844394,8272305.582985273,-145248.18726286694
1997Q4,1997-10-01,PCAR,BUY,0.0,1.4471530464927338,1.4471530464927338,8272305.582985273,119712.92225935987
1997Q4,1997-10-01,QCOM,REBALANCE,2.5161404565528134,2.4084510218371467,-0.10768943471566664,8272305.582985273,-8908.399120269372
1997Q4,1997-10-01,SNPS,REBALANCE,3.9003497247101726,3.88276522610015,-0.01758449861002237,8272305.582985273,-1454.6434602568481
1998Q1,1998-01-02,AMAT,REBALANCE,4.728611508280214,5.25508617667466,0.5264746683944457,7397295.963713145,38944.8893951145
1998Q1,1998-01-02,AMGN,REBALANCE,5.312897503870573,5.774437204285248,0.46153970041467457,7397295.963713145,34141.457629708464
1998Q1,1998-01-02,COST,REBALANCE,7.5668212893973035,7.682298663057646,0.11547737366034289,7397295.963713145,8542.20310077849
1998Q1,1998-01-02,CSCO,REBALANCE,25.569790601290592,21.353524040024908,-4.2162665612656856,7397295.963713145,-311889.7161558936
1998Q1,1998-01-02,INTC,REBALANCE,17.00688561207894,21.353524040024908,4.346638427945967,7397295.963713145,321533.70898765157
1998Q1,1998-01-02,KLAC,SELL,1.4029402307709307,0.0,-1.4029402307709307,7397295.963713145,-103779.64106412594
1998Q1,1998-01-02,MSFT,REBALANCE,21.82303372824379,21.353524040024908,-0.46950968821888317,7397295.963713145,-34731.02121585762
1998Q1,1998-01-02,ORCL,REBALANCE,9.270834031778003,10.398164110577879,1.127330078799875,7397295.963713145,83391.94241678737
1998Q1,1998-01-02,PAYX,BUY,0.0,2.835283139915688,2.835283139915688,7397295.963713145,209734.2852688225
1998Q1,1998-01-02,PCAR,REBALANCE,1.530114876546355,1.5745434337892243,0.044428557242869385,7397295.963713145,3286.511871662761
1998Q1,1998-01-02,QCOM,REBALANCE,2.135641288142673,2.419615151624936,0.283973863482263,7397295.963713145,21006.387141373718
1998Q1,1998-01-02,SNPS,SELL,3.6524293296006247,0.0,-3.6524293296006247,7397295.963713145,-270181.0073760221
1998Q2,1998-04-01,AAPL,BUY,0.0,2.86155817572705,2.86155817572705,9146190.658816792,261723.56656495563
1998Q2,1998-04-01,AMAT,REBALANCE,4.982117993983545,5.10862675916525,0.12650876518170498,9146190.658816792,11570.732863633571
1998Q2,1998-04-01,AMGN,REBALANCE,5.252710202564863,5.155653848426237,-0.09705635413862698,9146190.658816792,-8876.959196015247
1998Q2,1998-04-01,COST,REBALANCE,7.431623611471652,7.586617058994795,0.15499344752314265,9146190.658816792,14175.996219139779
1998Q2,1998-04-01,CSCO,REBALANCE,21.181401680103495,21.275458599228774,0.09405691912527936,9146190.658816792,8602.625151007165
1998Q2,1998-04-01,INTC,REBALANCE,19.198312341416106,21.275458599228774,2.0771462578126676,9146190.658816792,189979.75700202477
1998Q2,1998-04-01,MSFT,REBALANCE,23.917996201882083,21.275458599228774,-2.642537602653308,9146190.658816792,-241691.52736959807
1998Q2,1998-04-01,ORCL,REBALANCE,11.896317380714242,11.361142338012066,-0.5351750427021782,9146190.658816792,-48948.12976394539
1998Q2,1998-04-01,PAYX,REBALANCE,2.6178595069819166,2.637874489612453,0.02001498263053611,9146190.658816792,1830.6084717178971
1998Q2,1998-04-01,PCAR,REBALANCE,1.4484588564762026,1.4621515323758323,0.013692675899629712,9146190.658816792,1252.3582440739908
1998Q2,1998-04-01,QCOM,SELL,2.073202224405894,0.0,-2.073202224405894,9146190.658816792,-189619.02818699385
1998Q3,1998-07-01,AAPL,REBALANCE,2.7312562091900103,2.7459653875721375,0.014709178382127028,9996301.156490441,1470.373768722806
1998Q3,1998-07-01,AMAT,REBALANCE,3.904797377404624,3.642896799360161,-0.26190057804446265,9996301.156490441,-26180.370511913767
1998Q3,1998-07-01,AMGN,REBALANCE,5.065909832824434,4.950854128604087,-0.11505570422034664,9996301.156490441,-11501.314691586733
1998Q3,1998-07-01,COST,REBALANCE,8.201291440042885,7.588826806344337,-0.6124646336985479,9996301.156490441,-61223.80926150289
1998Q3,1998-07-01,CSCO,REBALANCE,26.20989645949055,21.623812700908996,-4.586083758581555,9996301.156490441,-458438.7437967083
1998Q3,1998-07-01,INTC,REBALANCE,18.491249462303212,21.623812700908996,3.1325632386057816,9996301.156490441,313140.45524854417
1998Q3,1998-07-01,MSFT,REBALANCE,23.57142427296708,21.623812700908996,-1.9476115720580833,9996301.156490441,-194689.11810158385
1998Q3,1998-07-01,ORCL,REBALANCE,8.089546867685025,7.680497413281137,-0.40904945440388835,9996301.156490441,-40889.81534119373
1998Q3,1998-07-01,PAYX,REBALANCE,2.5579050028912786,2.6367841256592217,0.07887912276794348,9996301.156490441,7884.99466148145
1998Q3,1998-07-01,PCAR,SELL,1.1767230752008961,0.0,-1.1767230752008961,9996301.156490441,-117628.78237499706
1998Q3,1998-07-01,SBUX,BUY,0.0,2.3075769157453423,2.3075769157453423,9996301.156490441,230672.3379155581
1998Q3,1998-07-01,SNPS,BUY,0.0,3.5751603207065954,3.5751603207065954,9996301.156490441,357383.7924851808
1998Q4,1998-10-01,AAPL,REBALANCE,3.5234380149079203,3.1815608001378726,-0.34187721477004773,10353468.46800073,-35396.14963049603
1998Q4,1998-10-01,AMAT,REBALANCE,3.010509016489589,2.7627815337591266,-0.24772748273046258,10353468.46800073,-25648.386811070395
1998Q4,1998-10-01,AMGN,REBALANCE,5.524949409390739,5.427269552653543,-0.09767985673719559,10353468.46800073,-10113.253166873832
1998Q4,1998-10-01,AMZN,BUY,0.0,7.46144583716014,7.46144583716014,10353468.46800073,772518.4420073282
1998Q4,1998-10-01,COST,REBALANCE,5.504353152119793,5.331671077607343,-0.17268207451245007,10353468.46800073,-17878.584134536046
1998Q4,1998-10-01,CSCO,REBALANCE,21.02666583451378,20.997405512427935,-0.029260322085841728,10353468.46800073,-3029.458220793077
1998Q4,1998-10-01,CTAS,BUY,0.0,1.8738774181302253,1.8738774181302253,10353468.46800073,194011.3076150991
1998Q4,1998-10-01,INTC,REBALANCE,24.16096532283494,20.997405512427935,-3.1635598104070044,10353468.46800073,-327538.1674368329
1998Q4,1998-10-01,MSFT,REBALANCE,21.202941843320094,20.997405512427935,-0.20553633089215873,10353468.46800073,-21280.1392092053
1998Q4,1998-10-01,ORCL,REBALANCE,8.792982055628068,8.376397055928452,-0.41658499969961654,10353468.46800073,-43130.99658632074
1998Q4,1998-10-01,PAYX,REBALANCE,3.2310072915760295,2.592780187339496,-0.6382271042365338,10353468.46800073,-66078.6419913637
1998Q4,1998-10-01,SBUX,SELL,1.5087677733230058,0.0,-1.5087677733230058,10353468.46800073,-156209.79566635416
1998Q4,1998-10-01,SNPS,SELL,2.513420285896042,0.0,-2.513420285896042,10353468.46800073,-260226.17676858054
1999Q1,1999-01-04,AAPL,REBALANCE,2.2797330172133985,2.08464420288304,-0.1950888143303582,15515038.559526613,-30268.104768678357
1999Q1,1999-01-04,AMAT,REBALANCE,3.1168711410670467,2.9220800599984975,-0.1947910810685488,15515038.559526613,-30221.911338304093
1999Q1,1999-01-04,AMGN,REBALANCE,5.011688084806328,4.471672864601867,-0.5400152202044601,15515038.559526613,-83783.56964203455
1999Q1,1999-01-04,AMZN,REBALANCE,14.329721582156724,14.628665550757317,0.2989439686005929,15515038.559526613,46381.27199976112
1999Q1,1999-01-04,COST,REBALANCE,5.421372457649955,4.856150026366133,-0.5652224312838225,15515038.559526613,-87694.47816077888
1999Q1,1999-01-04,CSCO,REBALANCE,21.039178077169378,18.50638276954348,-2.5327953076258956,15515038.559526613,-392964.1686120384
1999Q1,1999-01-04,CTAS,REBALANCE,1.7572100385454152,1.5431802097987888,-0.21402982874662632,15515038.559526613,-33206.810458927845
1999Q1,1999-01-04,INTC,REBALANCE,19.382235492737525,18.50638276954348,-0.8758527231940455,15515038.559526613,-135888.88772822006
1999Q1,1999-01-04,MSFT,REBALANCE,17.65617060425118,18.50638276954348,0.8502121652922995,15515038.559526613,131910.7452828864
1999Q1,1999-01-04,ORCL,REBALANCE,8.276624370505363,7.5621429007040195,-0.7144814698013437,15515038.559526613,-110852.07554035098
1999Q1,1999-01-04,PAYX,REBALANCE,1.7291951338976805,1.7593217505970482,0.030126616699367725,15515038.559526613,4674.156197587687
1999Q1,1999-01-04,SANM,BUY,0.0,2.273271038214117,2.273271038214117,15515038.559526613,352698.8781414712
1999Q1,1999-01-04,SNPS,BUY,0.0,2.3797230874487414,2.3797230874487414,15515038.559526613,369214.9546276295
1999Q2,1999-04-01,AAPL,REBALANCE,1.5106305417190384,1.4897644601492979,-0.020866081569740486,18795514.526584554,-3921.8873925695552
1999Q2,1999-04-01,AMAT,REBALANCE,3.4856754249597035,3.4700593112046914,-0.015616113755011901,18795514.526584554,-2935.1289293112304
1999Q2,1999-04-01,AMGN,REBALANCE,5.286392109005226,5.234022000092056,-0.05237010891317104,18795514.526584554,-9843.231428363215
1999Q2,1999-04-01,AMZN,REBALANCE,19.417047354621783,17.28319479833185,-2.1338525562899364,18795514.526584554,-401068.56719337084
1999Q2,1999-04-01,COST,REBALANCE,5.084474969925024,4.9932245004046205,-0.09125046952040278,18795514.526584554,-17150.995254283916
1999Q2,1999-04-01,CSCO,REBALANCE,18.03332352461635,18.2515282112932,0.2182046866768511,18795514.526584554,41012.69358203586
1999Q2,1999-04-01,CTAS,SELL,1.1857317208115987,0.0,-1.1857317208115987,18795514.526584554,-222864.37783146504
1999Q2,1999-04-01,INTC,REBALANCE,15.323469163475076,18.2515282112932,2.928059047818124,18795514.526584554,550343.7636796288
1999Q2,1999-04-01,MSFT,REBALANCE,19.744314037915675,18.2515282112932,-1.4927858266224754,18795514.526584554,-280576.77689362265
1999Q2,1999-04-01,ORCL,REBALANCE,5.726619769261268,5.566108369705485,-0.16051139955578358,18795514.526584554,-30168.94342033148
1999Q2,1999-04-01,PAYX,REBALANCE,1.3420125504404867,1.3365962336858783,-0.005416316754608408,18795514.526584554,-1018.0246024182564
1999Q2,1999-04-01,QCOM,BUY,0.0,2.079990945868953,2.079990945868953,18795514.526584554,390945.00038244255
1999Q2,1999-04-01,SANM,REBALANCE,1.9140356875863265,1.8809158285616707,-0.03311985902465578,18795514.526584554,-6225.047914163502
1999Q2,1999-04-01,SNPS,REBALANCE,1.9462731456624578,1.9115389181158997,-0.03473422754655814,18795514.526584554,-6528.476784210269
1999Q3,1999-07-01,AAPL,REBALANCE,1.8539250931654077,1.7307022847721627,-0.12322280839324497,19463853.700934213,-23983.907151843683
1999Q3,1999-07-01,AMAT,REBALANCE,4.012939813757421,3.6070401437367137,-0.4058996700207068,19463853.700934213,-79003.71794540511
1999Q3,1999-07-01,AMGN,REBALANCE,4.109254958648147,3.8320599447737704,-0.2771950138743762,19463853.700934213,-53952.83196679287
1999Q3,1999-07-01,AMZN,REBALANCE,12.128073703533435,11.435717514431424,-0.69235618910201,19463853.700934213,-134759.19573617863
1999Q3,1999-07-01,CIEN,BUY,0.0,5.100119519899112,5.100119519899112,19463853.700934213,992679.8019259514
1999Q3,1999-07-01,COST,REBALANCE,4.2161716242725005,4.189924794488809,-0.026246829783691666,19463853.700934213,-5108.644550230973
1999Q3,1999-07-01,CSCO,REBALANCE,20.731530953893856,17.777481698580605,-2.9540492553132514,19463853.700934213,-574971.8253077078
1999Q3,1999-07-01,INTC,REBALANCE,17.651933233945876,17.777481698580605,0.12554846463472824,19463853.700934213,24436.569480272632
1999Q3,1999-07-01,MSFT,REBALANCE,17.735429465239534,17.777481698580605,0.04205223334107222,19463853.700934213,8184.985175481776
1999Q3,1999-07-01,ORCL,REBALANCE,7.565730761490393,7.526293544838651,-0.03943721665174149,19463853.700934213,-7676.00215281543
1999Q3,1999-07-01,PAYX,REBALANCE,1.3031064516709154,1.2378776408052536,-0.06522881086566176,19463853.700934213,-12696.040317751484
1999Q3,1999-07-01,QCOM,REBALANCE,4.634846461470402,3.9234276898467693,-0.7114187716236329,19463853.700934213,-138469.50890980716
1999Q3,1999-07-01,SANM,REBALANCE,2.161788805615947,2.1860352168473054,0.024246411231358678,19463853.700934213,4719.286009798535
1999Q3,1999-07-01,SNPS,REBALANCE,1.8952686732961739,1.8983566098182338,0.0030879365220597838,19463853.700934213,601.0314470314324
1999Q4,1999-10-01,AAPL,REBALANCE,2.0627559456768187,2.0298570301748398,-0.03289891550197939,22325183.0853616,-7344.743118915308
1999Q4,1999-10-01,ADBE,BUY,0.0,1.6702421084900172,1.6702421084900172,22325183.0853616,372884.60868920025
1999Q4,1999-10-01,AMAT,REBALANCE,3.3070329971870356,3.3553984695906522,0.04836547240361644,22325183.0853616,10797.680264207409
1999Q4,1999-10-01,AMGN,REBALANCE,4.472853951000019,4.698876442760764,0.22602249176074535,22325183.0853616,50459.935099682734
1999Q4,1999-10-01,AMZN,REBALANCE,12.738951967089774,12.432073710465753,-0.30687825662401996,22325183.0853616,-68511.13264047827
1999Q4,1999-10-01,CIEN,REBALANCE,5.37625516232736,5.244001823635453,-0.1322533386919067,22325183.0853616,-29525.799999471543
1999Q4,1999-10-01,COST,REBALANCE,3.2850598054931526,3.2266378768717163,-0.058421928621436164,22325183.0853616,-13042.802526734893
1999Q4,1999-10-01,CSCO,REBALANCE,16.491187258006498,16.842308445482267,0.3511211874757697,22325183.0853616,78388.44795546134
1999Q4,1999-10-01,INTC,REBALANCE,19.365452863547997,16.842308445482267,-2.5231444180657285,22325183.0853616,-563296.6108412554
1999Q4,1999-10-01,MSFT,REBALANCE,15.563455434097554,16.842308445482267,1.2788530113847147,22325183.0853616,285506.27618429775
1999Q4,1999-10-01,ORCL,REBALANCE,8.04192491383416,7.768322499227466,-0.273602414606694,22325183.0853616,-61082.23998691456
1999Q4,1999-10-01,PAYX,REBALANCE,1.1578052189910943,1.0889909761217236,-0.06881424286937082,22325183.0853616,-15362.905709392426
1999Q4,1999-10-01,QCOM,REBALANCE,4.509622750112971,4.516106377934456,0.0064836278214852605,22325183.0853616,1447.4817817200262
1999Q4,1999-10-01,SANM,REBALANCE,1.943537454591282,1.8267263522294939,-0.11681110236178814,22325183.0853616,-26078.29246629835
1999Q4,1999-10-01,SNPS,REBALANCE,1.6841042780442974,1.6158409960508213,-0.06826328199347614,22325183.0853616,-15239.902685120227
2000Q1,2000-01-03,AAPL,REBALANCE,2.196605152677196,2.2280741912657853,0.03146903858858921,33501566.681787632,10542.620946873696
2000Q1,2000-01-03,ADBE,REBALANCE,1.31946585887196,1.1714779310678798,-0.1479879278040802,33501566.681787632,-49578.27431427967
2000Q1,2000-01-03,AMAT,REBALANCE,3.646334745841784,3.2855095623239405,-0.3608251835178433,33501566.681787632,-120882.08946091287
2000Q1,2000-01-03,AMGN,REBALANCE,4.6152982262091875,4.1293586841446235,-0.4859395420645632,33501566.681787632,-162797.3597179331
2000Q1,2000-01-03,AMZN,REBALANCE,7.88951376170508,8.70495528496053,0.8154415232554502,33501566.681787632,273185.6856644094
2000Q1,2000-01-03,CIEN,REBALANCE,5.505131868245577,4.990474095654281,-0.5146577725912969,33501566.681787632,-172418.41686767625
2000Q1,2000-01-03,COST,REBALANCE,2.725087720037921,2.3807981907300113,-0.34428952930791007,33501566.681787632,-115342.38623950226
2000Q1,2000-01-03,CSCO,REBALANCE,17.536212219958323,14.998991065370213,-2.5372211545881096,33501566.681787632,-850008.8369687576
2000Q1,2000-01-03,INTC,REBALANCE,12.436653950846894,14.998991065370213,2.562337114523318,33501566.681787632,858423.0770342224
2000Q1,2000-01-03,INTU,BUY,0.0,1.3105862312252206,1.3105862312252206,33501566.681787632,439066.92017624475
2000Q1,2000-01-03,KLAC,BUY,0.0,0.6733862751492192,0.6733862751492192,33501566.681787632,225594.95199512164
2000Q1,2000-01-03,MSFT,REBALANCE,14.469054796764535,14.998991065370213,0.5299362686056769,33501566.681787632,177536.95239790805
2000Q1,2000-01-03,NTAP,BUY,0.0,1.1068938643995214,1.1068938643995214,33501566.681787632,370826.7860784217
2000Q1,2000-01-03,ORCL,REBALANCE,12.74987981314219,12.273148305089487,-0.47673150805270237,33501566.681787632,-159712.52406336786
2000Q1,2000-01-03,PAYX,REBALANCE,0.8527161522431874,0.8100320235722446,-0.042684128670942775,33501566.681787632,-14299.851829235928
2000Q1,2000-01-03,QCOM,REBALANCE,11.206827492028332,10.493836155999478,-0.7129913360288537,33501566.681787632,-238863.26787507493
2000Q1,2000-01-03,SANM,REBALANCE,1.571301540639819,1.4444960083071212,-0.12680553233269787,33501566.681787632,-42481.83997063455
2000Q1,2000-01-03,SNPS,SELL,1.27991670078801,0.0,-1.27991670078801,33501566.681787632,-428792.14698583144
2000Q2,2000-04-03,AAPL,REBALANCE,2.297316136688338,2.3260985358095265,0.028782399121188643,42920802.68589406,12353.636735071883
2000Q2,2000-04-03,ADBE,REBALANCE,1.5138733717900983,1.653857470225564,0.1399840984354656,42920802.68589406,60082.29868111391
2000Q2,2000-04-03,AMAT,REBALANCE,3.815729980615283,4.063999675762283,0.24826969514699995,42920802.68589406,106559.34598291454
2000Q2,2000-04-03,AMGN,REBALANCE,3.2935768118992326,3.414916155509435,0.12133934361020227,42920802.68589406,52079.82025129391
2000Q2,2000-04-03,AMZN,REBALANCE,5.980139295177866,5.426936067476533,-0.5532032277013328,42920802.68589406,-237439.26581368627
2000Q2,2000-04-03,CIEN,REBALANCE,8.544219993013384,8.955780276443214,0.4115602834298307,42920802.68589406,176644.97718442397
2000Q2,2000-04-03,COST,REBALANCE,2.140883054966134,2.462212064607584,0.32132900964145017,42920802.68589406,137916.99020074433
2000Q2,2000-04-03,CSCO,REBALANCE,16.89850513690226,14.735587558950067,-2.162917577952192,42920802.68589406,-928341.585891379
2000Q2,2000-04-03,INTC,REBALANCE,18.7711969471018,14.735587558950067,-4.035609388151731,42920802.68589406,-1732115.942662021
2000Q2,2000-04-03,INTU,SELL,0.9280333854222003,0.0,-0.9280333854222003,42920802.68589406,-398319.37821628526
2000Q2,2000-04-03,KLAC,REBALANCE,0.7951952792272738,0.8385153389667945,0.04332005973952061,42920802.68589406,18593.317364211074
2000Q2,2000-04-03,MSFT,REBALANCE,10.654452107243264,14.735587558950067,4.081135451706802,42920802.68589406,1751656.0945711476
2000Q2,2000-04-03,NTAP,REBALANCE,1.721457571588301,1.5496379396338176,-0.17181963195448333,42920802.68589406,-73746.36520681316
2000Q2,2000-04-03,ORCL,REBALANCE,13.346433329790433,14.003365155582642,0.6569318257922091,42920802.68589406,281960.41272911534
2000Q2,2000-04-03,PAYX,REBALANCE,0.8296064376583203,0.935040072278288,0.10543363461996777,42920802.68589406,45252.96227980286
2000Q2,2000-04-03,QCOM,REBALANCE,6.943950250607579,7.220635528632322,0.27668527802474224,42920802.68589406,118755.542241917
2000Q2,2000-04-03,SANM,REBALANCE,1.5254309103082528,1.5330603579921194,0.007629447683866336,42920802.68589406,3274.6201864157842
2000Q2,2000-04-03,VRSN,BUY,0.0,1.4091826842296786,1.4091826842296786,42920802.68589406,604832.5193820059
2000Q3,2000-07-03,AAPL,REBALANCE,1.975595475070614,1.896771151435658,-0.0788243236349559,38977327.55463125,-30723.614815919376
2000Q3,2000-07-03,ADBE,REBALANCE,2.127358387471855,2.04296091857515,-0.08439746889670509,38977327.55463125,-32895.87789968677
2000Q3,2000-07-03,AMAT,REBALANCE,4.303048181419957,4.297136691523826,-0.005911489896130717,38977327.55463125,-2304.1407801738
2000Q3,2000-07-03,AMGN,REBALANCE,4.304182345056987,4.016664008633947,-0.2875183364230399,38977327.55463125,-112066.9637672349
2000Q3,2000-07-03,AMZN,REBALANCE,3.238857418990705,3.2207275361341403,-0.018129882856565,38977327.55463125,-7066.543826274276
2000Q3,2000-07-03,CIEN,REBALANCE,13.033500120342435,13.711016672012704,0.6775165516702708,38977327.55463125,264077.84558136394
2000Q3,2000-07-03,COST,REBALANCE,1.7022340591186373,1.6346767200586076,-0.06755733906002974,38977327.55463125,-26332.04533262063
2000Q3,2000-07-03,CSCO,REBALANCE,13.340574757534487,14.450484839739916,1.1099100822054286,38977327.55463125,432613.2883030869
2000Q3,2000-07-03,INTC,REBALANCE,16.445732298473605,14.450484839739916,-1.995247458733687,38977327.55463125,-777694.1375160852
2000Q3,2000-07-03,KLAC,REBALANCE,0.6418249819941827,0.646886391969872,0.005061409975689202,38977327.55463125,1972.8023451071622
2000Q3,2000-07-03,MSFT,REBALANCE,12.21755400382361,14.450484839739916,2.2329308359163065,38977327.55463125,870336.7659834644
2000Q3,2000-07-03,NTAP,REBALANCE,1.6600223372946514,1.9275908992316528,0.2675685619370014,38977327.55463125,104291.07481940143
2000Q3,2000-07-03,ORCL,REBALANCE,16.605362899049215,14.450484839739916,-2.154878059309298,38977327.55463125,-839913.8795798662
2000Q3,2000-07-03,PAYX,REBALANCE,1.2406713858591236,1.1326598113663326,-0.10801157449279106,38977327.55463125,-42100.0251869697
2000Q3,2000-07-03,QCOM,REBALANCE,3.1951119354641295,3.151247383810049,-0.04386455165408046,38977327.55463125,-17097.22997858136
2000Q3,2000-07-03,SANM,REBALANCE,2.136364898824051,2.260732485457165,0.12436758663311419,38977327.55463125,48475.161613778706
2000Q3,2000-07-03,VRSN,REBALANCE,1.8320045142117676,2.258989970831248,0.4269854566194803,38977327.55463125,166427.52003721276
2000Q4,2000-10-02,AAPL,SELL,0.9792017437828778,0.0,-0.9792017437828778,37119966.61024827,-363479.36033917306
2000Q4,2000-10-02,ADBE,REBALANCE,2.562276826900336,2.7687624745189146,0.20648564761857857,37119966.61024827,76647.40345097125
2000Q4,2000-10-02,AMAT,REBALANCE,2.9531247028015697,2.7975752948891515,-0.1555494079124184,37119966.61024827,-57739.88827952858
2000Q4,2000-10-02,AMGN,REBALANCE,4.19231678990928,4.098465043992282,-0.09385174591699866,37119966.61024827,-34837.73674752494
2000Q4,2000-10-02,AMZN,REBALANCE,3.5797892790241397,3.3196686947896694,-0.2601205842344703,37119966.61024827,-96556.67401421811
2000Q4,2000-10-02,CHKP,BUY,0.0,2.0104595041859925,2.0104595041859925,37119966.61024827,746281.8966664033
2000Q4,2000-10-02,CIEN,REBALANCE,21.215031234458575,13.544069643008957,-7.670961591449618,37119966.61024827,-2847458.3814310674
2000Q4,2000-10-02,COST,REBALANCE,1.8172482081642825,1.6741935479945318,-0.14305466016975055,37119966.61024827,-53101.842089415535
2000Q4,2000-10-02,CSCO,REBALANCE,13.189189736918424,13.544069643008957,0.35487990609053277,37119966.61024827,131731.30264728618
2000Q4,2000-10-02,FLEX,BUY,0.0,1.947509026965926,1.947509026965926,37119966.61024827,722914.7005413227
2000Q4,2000-10-02,INTC,REBALANCE,9.43767587076534,13.544069643008957,4.106393772243617,37119966.61024827,1524291.9971421452
2000Q4,2000-10-02,KLAC,SELL,0.47772532402786066,0.0,-0.47772532402786066,37119966.61024827,-177331.4807678422
2000Q4,2000-10-02,MSFT,REBALANCE,11.439436184803707,13.544069643008957,2.1046334582052504,37119966.61024827,781239.2369539024
2000Q4,2000-10-02,NTAP,REBALANCE,3.2026358864204503,3.023404303041141,-0.1792315833793096,37119966.61024827,-66530.70390541901
2000Q4,2000-10-02,ORCL,REBALANCE,14.21460977920753,13.544069643008957,-0.6705401361985719,37119966.61024827,-248904.27466522314
2000Q4,2000-10-02,PAYX,REBALANCE,1.4886664959481635,1.497587507507722,0.008921011559558448,37119966.61024827,3311.476512204484
2000Q4,2000-10-02,QCOM,REBALANCE,3.9293522288453078,3.9649851302129244,0.03563290136761668,37119966.61024827,13226.92108992201
2000Q4,2000-10-02,SANM,REBALANCE,2.599437457707196,2.6643273219622583,0.06488986425506223,37119966.61024827,24087.095944914523
2000Q4,2000-10-02,VRSN,REBALANCE,2.722282250314969,2.5127139348946925,-0.20956831542027626,37119966.61024827,-77791.68870966633
2001Q1,2001-01-02,ADBE,REBALANCE,2.8664006338075474,1.3563101660496542,-1.5100904677578935,26877222.502160493,-405870.37500320515
2001Q1,2001-01-02,AMAT,REBALANCE,2.4875963124064167,1.664903361727867,-0.8226929506785496,26877222.502160493,-221117.01486346326
2001Q1,2001-01-02,AMGN,REBALANCE,5.182862902378449,3.3473473410200785,-1.835515561358371,26877222.502160493,-493335.6014880696
2001Q1,2001-01-02,AMZN,REBALANCE,1.8562743256066372,1.096562023639265,-0.7597123019673722,26877222.502160493,-204189.56577605603
2001Q1,2001-01-02,BIIB,BUY,0.0,1.2853414525095208,1.2853414525095208,26877222.502160493,345464.0821034855
2001Q1,2001-01-02,CHKP,REBALANCE,2.354629002276772,1.126043195429077,-1.2285858068476951,26877222.502160493,-330209.74093641876
2001Q1,2001-01-02,CIEN,REBALANCE,12.375226775404526,9.59118151606299,-2.784045259341535,26877222.502160493,-748274.0389140754
2001Q1,2001-01-02,COST,REBALANCE,2.6431249282670812,1.788041933905492,-0.8550829943615893,26877222.502160493,-229822.55897270082
2001Q1,2001-01-02,CSCO,REBALANCE,12.950052706553873,12.416180956613513,-0.5338717499403595,26877222.502160493,-143489.8981076483
2001Q1,2001-01-02,FLEX,REBALANCE,1.8668188233456642,0.9787241209736816,-0.8880947023719826,26877222.502160493,-238695.1891864178
2001Q1,2001-01-02,INTC,REBALANCE,13.535728948663191,13.04817033141524,-0.4875586172479518,26877222.502160493,-131042.21438618905
2001Q1,2001-01-02,MSFT,REBALANCE,13.452539718042376,14.39628317624562,0.9437434582032445,26877222.502160493,253652.02911087003
2001Q1,2001-01-02,NTAP,REBALANCE,2.1041934266175866,1.0870433088502303,-1.0171501177673565,26877222.502160493,-273381.70033331995
2001Q1,2001-01-02,ORCL,REBALANCE,13.806536099197361,8.894393453127417,-4.912142646069944,26877222.502160493,-1320247.508607733
2001Q1,2001-01-02,PAYX,REBALANCE,1.918864137921495,1.133849633715609,-0.7850145042058861,26877222.502160493,-210990.09496964805
2001Q1,2001-01-02,QCOM,REBALANCE,6.3166280810798074,3.365630071004854,-2.950998010074953,26877222.502160493,-793146.3012021737
2001Q1,2001-01-02,SANM,REBALANCE,3.011545474830683,1.6228560724276777,-1.3886894024030052,26877222.502160493,-373241.14054777863
2001Q1,2001-01-02,SSCC,BUY,0.0,21.801137885282216,21.801137885282216,26877222.502160493,5859540.337430107
2001Q1,2001-01-02,VRSN,SELL,1.2709777036005387,0.0,-1.2709777036005387,26877222.502160493,-341603.5053495667
2001Q2,2001-04-02,AAPL,BUY,0.0,0.8493751430109331,0.8493751430109331,20905966.067429315,177570.0791830449
2001Q2,2001-04-02,ADBE,REBALANCE,1.0485991400311407,1.2022310059585146,0.153631865927374,20905966.067429315,32118.225759535304
2001Q2,2001-04-02,AMAT,REBALANCE,2.438211401791369,2.053358579149467,-0.3848528226419023,20905966.067429315,-80457.20051106001
2001Q2,2001-04-02,AMGN,REBALANCE,4.051031726708505,3.6958187638658124,-0.355212962842693,20905966.067429315,-74260.70147900369
2001Q2,2001-04-02,AMZN,SELL,0.9267095176946887,0.0,-0.9267095176946887,20905966.067429315,-193737.57731288948
2001Q2,2001-04-02,BIIB,REBALANCE,1.0460717594351703,1.0221481575356328,-0.023923601899537503,20905966.067429315,-5001.460095224185
2001Q2,2001-04-02,CHKP,SELL,0.7722706636858676,0.0,-0.7722706636858676,20905966.067429315,-161450.64289887866
2001Q2,2001-04-02,CIEN,REBALANCE,6.336061235099098,7.5251350470294245,1.189073811930326,20905966.067429315,248587.36763884223
2001Q2,2001-04-02,COST,REBALANCE,2.2591791953909137,1.9133038372249014,-0.3458753581660121,20905966.067429315,-72308.5850137861
2001Q2,2001-04-02,CSCO,REBALANCE,6.598894617382775,6.837398410340599,0.23850379295782403,20905966.067429315,49861.52202529456
2001Q2,2001-04-02,FLEX,SELL,0.662248272901447,0.0,-0.662248272901447,20905966.067429315,-138449.3992149132
2001Q2,2001-04-02,INTC,REBALANCE,14.690772535418152,13.204945252196564,-1.4858272832215857,20905966.067429315,-310626.5476509116
2001Q2,2001-04-02,MSFT,REBALANCE,23.335299554302203,22.56085790579624,-0.7744416485059635,20905966.067429315,-161904.50824869695
2001Q2,2001-04-02,NTAP,SELL,0.36605195047474515,0.0,-0.36605195047474515,20905966.067429315,-76526.69655541338
2001Q2,2001-04-02,NVDA,BUY,0.0,1.028474985395601,1.028474985395601,20905966.067429315,215012.63145880293
2001Q2,2001-04-02,ORCL,REBALANCE,5.756280142942429,6.24281410605228,0.4865339631098517,20905966.067429315,101714.62523426466
2001Q2,2001-04-02,PAYX,REBALANCE,1.1132625477837021,1.1243211424360318,0.011058594652329536,20905966.067429315,2311.9060455505655
2001Q2,2001-04-02,QCOM,REBALANCE,2.9811450620978412,2.9784727653505136,-0.002672296747327496,20905966.067429315,-558.6694512173036
2001Q2,2001-04-02,SANM,REBALANCE,1.0653149296310427,1.1617905914068778,0.0964756617758352,20905966.067429315,20169.169114183984
2001Q2,2001-04-02,SBUX,BUY,0.0,0.8087221738550091,0.8087221738550091,20905966.067429315,169071.18324590492
2001Q2,2001-04-02,SSCC,REBALANCE,24.55259574722892,25.790832133395615,1.2382363861666912,20905966.067429315,258865.27872657147
2001Q3,2001-07-02,AAPL,SELL,0.7622500519517892,0.0,-0.7622500519517892,24541077.676102925,-187064.37733562346
2001Q3,2001-07-02,ADBE,REBALANCE,1.3768652528536665,1.3816376940685735,0.004772441214906907,24541077.676102925,1171.2085055966543
2001Q3,2001-07-02,AMAT,REBALANCE,1.9743930588279528,2.1337934634905937,0.15940040466264072,24541077.676102925,39118.577124281044
2001Q3,2001-07-02,AMGN,REBALANCE,3.1741445134253663,3.326862775455038,0.15271826202967187,24541077.676102925,37478.70731029617
2001Q3,2001-07-02,AMZN,BUY,0.0,1.1636002442166218,1.1636002442166218,24541077.676102925,285560.0397725245
2001Q3,2001-07-02,BIIB,REBALANCE,1.473516487665145,1.4453197136747153,-0.02819677399042951,24541077.676102925,-6919.792207146493
2001Q3,2001-07-02,CIEN,REBALANCE,5.834693216724827,5.404137829081993,-0.43055538764283363,24541077.676102925,-105662.93212007386
2001Q3,2001-07-02,COST,REBALANCE,1.7058915584696182,1.8625216664969455,0.15663010802732732,24541077.676102925,38438.71647515032
2001Q3,2001-07-02,CSCO,REBALANCE,6.70406941984663,7.258923142039683,0.5548537221930536,24541077.676102925,136167.0829521456
2001Q3,2001-07-02,FLEX,BUY,0.0,1.0716970659569776,1.0716970659569776,24541077.676102925,263006.00940901786
2001Q3,2001-07-02,INTC,REBALANCE,12.512638757153653,12.810192891758051,0.2975541346043997,24541077.676102925,73022.99130172159
2001Q3,2001-07-02,KLAC,BUY,0.0,0.5966380181747697,0.5966380181747697,24541077.676102925,146421.39948543132
2001Q3,2001-07-02,MSFT,REBALANCE,25.65470080271181,23.743999723852916,-1.9107010788588952,24541077.676102925,-468906.63592089806
2001Q3,2001-07-02,NVDA,REBALANCE,1.2516775030346083,1.21967528017697,-0.03200222285763849,24541077.676102925,-7853.690369572628
2001Q3,2001-07-02,ORCL,REBALANCE,6.9066294035193545,6.690745058604968,-0.21588434491438685,24541077.676102925,-52980.34477598563
2001Q3,2001-07-02,PAYX,REBALANCE,1.0364023937033824,1.030730355468076,-0.005672038235306383,24541077.676102925,-1391.979309144797
2001Q3,2001-07-02,QCOM,REBALANCE,2.6204117439252315,2.7846135175317537,0.16420177360652216,24541077.676102925,40296.88480631528
2001Q3,2001-07-02,SANM,REBALANCE,1.1843540397961327,1.1228277526745762,-0.06152628712155651,24541077.676102925,-15099.213913723293
2001Q3,2001-07-02,SBUX,SELL,0.7467653869176158,0.0,-0.7467653869176158,24541077.676102925,-183264.27366170267
2001Q3,2001-07-02,SSCC,REBALANCE,25.080596409473216,24.952083807276782,-0.12851260219643446,24541077.676102925,-31538.377528608133
2001Q4,2001-10-01,ADBE,REBALANCE,1.0281954079493227,1.0682595068067753,0.040064098857452504,16833758.69415243,6744.293724650235
2001Q4,2001-10-01,AMAT,REBALANCE,1.8018265016383668,1.82893327998019,0.02710677834182329,16833758.69415243,4563.089655821306
2001Q4,2001-10-01,AMGN,REBALANCE,4.697396477257682,4.755922775387197,0.058526298129515236,16833758.69415243,9852.175799742841
2001Q4,2001-10-01,AMZN,SELL,0.7157053133549967,0.0,-0.7157053133549967,16833758.69415243,-120480.10541140764
2001Q4,2001-10-01,BIIB,REBALANCE,1.5430174780966062,1.709077886910201,0.16606040881359496,16833758.69415243,27954.208506203606
2001Q4,2001-10-01,CIEN,REBALANCE,2.133392285413407,2.18295590601223,0.049563620598822716,16833758.69415243,8343.420291691044
2001Q4,2001-10-01,COST,REBALANCE,2.350417794927036,2.336434250795815,-0.013983544131221035,16833758.69415243,-2353.956075940063
2001Q4,2001-10-01,CSCO,REBALANCE,7.082074443433345,6.771888561706294,-0.3101858817270514,16833758.69415243,-52215.94283326089
2001Q4,2001-10-01,FLEX,SELL,0.9897219617864069,0.0,-0.9897219617864069,16833758.69415243,-166607.40679015528
2001Q4,2001-10-01,INTC,REBALANCE,13.05850925538167,12.856665860552788,-0.20184339482888225,16833758.69415243,-33977.83002557938
2001Q4,2001-10-01,INTU,BUY,0.0,0.9806688026276313,0.9806688026276313,16833758.69415243,165083.41982316942
2001Q4,2001-10-01,KLAC,SELL,0.4697885197163844,0.0,-0.4697885197163844,16833758.69415243,-79083.06578188686
2001Q4,2001-10-01,MCHP,BUY,0.0,0.5612545213196904,0.5612545213196904,16833758.69415243,94480.231778977
2001Q4,2001-10-01,MSFT,REBALANCE,24.263802868532697,26.24452554281202,1.9807226742793227,16833758.69415243,333430.075388544
2001Q4,2001-10-01,NVDA,REBALANCE,1.0532526463353027,1.0424476942471144,-0.010804952088188345,16833758.69415243,-1818.87956154441
2001Q4,2001-10-01,ORCL,REBALANCE,6.458241314224196,6.477188806072324,0.018947491848128606,16833758.69415243,3189.575056308172
2001Q4,2001-10-01,PAYX,REBALANCE,1.1864645774000806,1.1594933949003265,-0.026971182499753964,16833758.69415243,-4540.263778968051
2001Q4,2001-10-01,QCOM,REBALANCE,3.300116173782937,3.2481297203147714,-0.051986453468165494,16833758.69415243,-8751.274130478816
2001Q4,2001-10-01,SANM,SELL,0.9495635260344226,0.0,-0.9495635260344226,16833758.69415243,-159847.23262032
2001Q4,2001-10-01,SSCC,REBALANCE,26.918513454735127,26.776153489554638,-0.14235996518048855,16833758.69415243,-23964.53301556286
2002Q1,2002-01-02,AAPL,BUY,0.0,0.9771605914392653,0.9771605914392653,19386513.95310103,189437.37440357773
2002Q1,2002-01-02,AMAT,REBALANCE,2.239206827548084,2.2803011691234754,0.041094341575391435,19386513.95310103,7966.760263448259
2002Q1,2002-01-02,AMGN,REBALANCE,3.96595173655628,3.8983321793708052,-0.06761955718547485,19386513.95310103,-13109.074888787214
2002Q1,2002-01-02,BIIB,REBALANCE,2.06363361978993,1.9194326483309117,-0.14420097145901833,19386513.95310103,-27955.541452409823
2002Q1,2002-01-02,CIEN,REBALANCE,2.6360315090470965,2.946961314586028,0.3109298055389311,19386513.95310103,60278.45013515478
2002Q1,2002-01-02,COST,REBALANCE,2.531981274493061,2.5053071419635047,-0.02667413252955622,19386513.95310103,-5171.184424711078
2002Q1,2002-01-02,CSCO,REBALANCE,8.743040613862117,9.305440334717051,0.562399720854935,19386513.95310103,109029.70035574323
2002Q1,2002-01-02,FLEX,BUY,0.0,1.316242976772343,1.316242976772343,19386513.95310103,255173.62834868263
2002Q1,2002-01-02,INTC,REBALANCE,17.190158062417378,18.043484216150844,0.8533261537334691,19386513.95310103,165430.19385899935
2002Q1,2002-01-02,INTU,SELL,1.0175635371712985,0.0,-1.0175635371712985,19386513.95310103,-197270.0971153822
2002Q1,2002-01-02,KLAC,BUY,0.0,0.6839001852347544,0.6839001852347544,19386513.95310103,132584.40483581947
2002Q1,2002-01-02,MCHP,REBALANCE,0.7044759409724191,0.7400953226283911,0.03561938165597203,19386513.95310103,6905.356394743328
2002Q1,2002-01-02,MSFT,REBALANCE,29.50466525733916,20.0551077707308,-9.44955748660836,19386513.95310103,-1831939.7806476327
2002Q1,2002-01-02,NVDA,REBALANCE,2.2044611831277656,2.373004105474905,0.16854292234713963,19386513.95310103,32674.59715779246
2002Q1,2002-01-02,ORCL,REBALANCE,6.174202898724246,6.120795209775317,-0.053407688948928916,19386513.95310103,-10353.889070112902
2002Q1,2002-01-02,PAYX,REBALANCE,1.1173343062035186,1.1263880015772987,0.009053695373780098,19386513.95310103,1755.1959169091413
2002Q1,2002-01-02,QCOM,REBALANCE,2.996034232793561,3.2090080557069203,0.2129738229133593,19386513.95310103,41288.199895551086
2002Q1,2002-01-02,SANM,BUY,0.0,1.242321973624383,1.242321973624383,19386513.95310103,240842.92275913112
2002Q1,2002-01-02,SSCC,REBALANCE,15.709698452260104,20.0551077707308,4.345409318470694,19386513.95310103,842423.3838446736
2002Q2,2002-04-01,AAPL,REBALANCE,1.1517761272269504,0.9091788935873493,-0.242597233639601,17776763.705596704,-43125.93698042623
2002Q2,2002-04-01,ADBE,REBALANCE,1.7009539461101544,1.3591233282372173,-0.34183061787293695,17776763.705596704,-60766.421212653215
2002Q2,2002-04-01,AMAT,REBALANCE,3.3655388057303752,2.6927756332505064,-0.672763172479869,17776763.705596704,-119595.51947002232
2002Q2,2002-04-01,AMGN,REBALANCE,4.495395487698167,3.76079318702454,-0.7346023006736271,17776763.705596704,-130588.51516662772
2002Q2,2002-04-01,AMZN,BUY,0.0,1.345925068317616,1.345925068317616,17776763.705596704,239261.9190492136
2002Q2,2002-04-01,BIIB,REBALANCE,1.9526419400533017,1.6362958992390357,-0.31634604081426587,17776763.705596704,-56236.08816756255
2002Q2,2002-04-01,CIEN,REBALANCE,2.021270049538729,1.5698205689287572,-0.4514494806099719,17776763.705596704,-80253.10741817832
2002Q2,2002-04-01,COST,REBALANCE,2.4514448663293313,1.9806818212668724,-0.47076304506245903,17776763.705596704,-83686.43413402508
2002Q2,2002-04-01,CSCO,REBALANCE,9.486858253158163,7.514045225911463,-1.972813027246699,17776763.705596704,-350702.3102068748
2002Q2,2002-04-01,FLEX,SELL,1.0919826384902878,0.0,-1.0919826384902878,17776763.705596704,-194119.17335055873
2002Q2,2002-04-01,INTC,REBALANCE,19.037905439792198,15.114051986198776,-3.9238534535934235,17776763.705596704,-697534.1565991985
2002Q2,2002-04-01,KLAC,REBALANCE,1.0007605515034959,0.7941281658406225,-0.20663238566287334,17776763.705596704,-36732.55093852628
2002Q2,2002-04-01,MCHP,REBALANCE,0.8714911059050753,0.7001715938201766,-0.17131951208489868,17776763.705596704,-30455.064844913628
2002Q2,2002-04-01,MSFT,REBALANCE,19.910185905173314,23.060197899281945,3.150011994108631,17776763.705596704,559970.1888906462
2002Q2,2002-04-01,NVDA,REBALANCE,1.7159763777245811,1.3634856797795807,-0.3524906979450005,17776763.705596704,-62661.43845789136
2002Q2,2002-04-01,ORCL,REBALANCE,6.186872192359561,4.982505101215166,-1.2043670911443956,17776763.705596704,-214097.49194070767
2002Q2,2002-04-01,PAYX,REBALANCE,1.4038617258148278,1.1364373985579295,-0.26742432725689846,17776763.705596704,-47539.39074774048
2002Q2,2002-04-01,QCOM,REBALANCE,2.6084114082639056,2.1496447780471915,-0.45876663021671427,17776763.705596704,-81553.85981375391
2002Q2,2002-04-01,SANM,SELL,0.7999557675433342,0.0,-0.7999557675433342,17776763.705596704,-142206.24654547096
2002Q2,2002-04-01,SBUX,BUY,0.0,0.8280622895686273,0.8280622895686273,17776763.705596704,147202.67655176882
2002Q2,2002-04-01,SSCC,REBALANCE,18.746717411584253,27.10267548192663,8.355958070342378,17776763.705596704,1485418.9215035026
2002Q3,2002-07-01,AAPL,SELL,0.9050512883032905,0.0,-0.9050512883032905,13368861.617765173,-120995.05430306784
2002Q3,2002-07-01,ADBE,REBALANCE,1.2789919473085545,1.2915112989166535,0.012519351608098958,13368861.617765173,1673.6947919282086
2002Q3,2002-07-01,AMAT,REBALANCE,2.509799865262189,2.4991309743228802,-0.010668890939308923,13368861.617765173,-1426.3092658264968
2002Q3,2002-07-01,AMGN,REBALANCE,3.509260210703461,3.357938756604892,-0.15132145409856926,13368861.617765173,-20229.95579642777
2002Q3,2002-07-01,AMZN,REBALANCE,2.0337449972974566,1.7608032326257343,-0.27294176467172226,13368861.617765173,-36489.20681604882
2002Q3,2002-07-01,BIIB,SELL,1.1995693733739914,0.0,-1.1995693733739914,13368861.617765173,-160368.76953546173
2002Q3,2002-07-01,CIEN,SELL,0.9718064996836464,0.0,-0.9718064996836464,13368861.617765173,-129919.46613515423
2002Q3,2002-07-01,COST,REBALANCE,2.554371183841617,2.6960672440957545,0.14169606025413695,13368861.617765173,18943.150213200726
2002Q3,2002-07-01,CSCO,REBALANCE,8.232829398011212,8.022168683045834,-0.2106607149653772,13368861.617765173,-28162.939466716005
2002Q3,2002-07-01,INTC,REBALANCE,12.082944495860506,12.161803905976495,0.07885941011599035,13368861.617765173,10542.605410992659
2002Q3,2002-07-01,INTU,BUY,0.0,1.3823249900148165,1.3823249900148165,13368861.617765173,184801.11502286707
2002Q3,2002-07-01,KLAC,REBALANCE,0.6985237702442457,0.6842991173760516,-0.014224652868194063,13368861.617765173,-1901.674157556329
2002Q3,2002-07-01,MCHP,REBALANCE,0.9157809557257267,0.9059466920758392,-0.00983426364988757,13368861.617765173,-1314.7290984796518
2002Q3,2002-07-01,MSFT,REBALANCE,27.81118188394318,27.243187278990728,-0.5679946049524542,13368861.617765173,-75934.41273246559
2002Q3,2002-07-01,NVDA,SELL,0.702168217424555,0.0,-0.702168217424555,13368861.617765173,-93871.89731141725
2002Q3,2002-07-01,ORCL,REBALANCE,4.901691258649665,4.990424919491896,0.0887336608422308,13368861.617765173,11862.680326374919
2002Q3,2002-07-01,PAYX,REBALANCE,1.1945386364688944,1.2333437766718156,0.038805140202921064,13368861.617765173,5187.805494308276
2002Q3,2002-07-01,QCOM,REBALANCE,2.0876139760884467,2.0636763502551188,-0.023937625833328133,13368861.617765173,-3200.1880722360456
2002Q3,2002-07-01,SBUX,REBALANCE,1.182965352163152,1.2370763109054244,0.0541109587422723,13368861.617765173,7234.01919430039
2002Q3,2002-07-01,SNPS,BUY,0.0,1.2271091896393453,1.2271091896393453,13368861.617765173,164050.5294617637
2002Q3,2002-07-01,SSCC,REBALANCE,25.227166689646204,27.243187278990728,2.016020589344525,13368861.617765173,269519.00277512346
2002Q4,2002-10-01,ADBE,SELL,1.1150373356205996,0.0,-1.1150373356205996,10384352.255505176,-115789.40471124255
2002Q4,2002-10-01,AMAT,REBALANCE,1.9537791279794436,1.8468658847409416,-0.10691324323850206,10384352.255505176,-11102.247785671123
2002Q4,2002-10-01,AMGN,REBALANCE,4.304444953970394,4.256630876936358,-0.047814077034036284,10384352.255505176,-4965.18218693293
2002Q4,2002-10-01,AMZN,REBALANCE,2.2222262240859183,2.4036308361641843,0.18140461207826614,10384352.255505176,18837.693925939846
2002Q4,2002-10-01,BIIB,BUY,0.0,1.6216132327060258,1.6216132327060258,10384352.255505176,168394.0303060786
2002Q4,2002-10-01,CMCSA,BUY,0.0,4.483950929513629,4.483950929513629,10384352.255505176,465629.2594846939
2002Q4,2002-10-01,COST,REBALANCE,2.9092165723940253,2.586117766772016,-0.32309880562200954,10384352.255505176,-33551.71810911943
2002Q4,2002-10-01,CSCO,REBALANCE,7.758792363097222,7.316373427525077,-0.44241893557214473,10384352.255505176,-45942.340714868005
2002Q4,2002-10-01,GILD,BUY,0.0,0.9764352549645512,0.9764352549645512,10384352.255505176,101396.47642245909
2002Q4,2002-10-01,INTC,REBALANCE,11.917825080715332,11.113355215128214,-0.8044698655871165,10384352.255505176,-83538.9846319552
2002Q4,2002-10-01,INTU,REBALANCE,1.6296400402108842,1.5018189317569697,-0.12782110845391462,10384352.255505176,-13273.3941587458
2002Q4,2002-10-01,KLAC,SELL,0.5595430215579152,0.0,-0.5595430215579152,10384352.255505176,-58104.91837967119
2002Q4,2002-10-01,MCHP,REBALANCE,0.8695319260381381,0.8140439275911528,-0.05548799844698523,10384352.255505176,-5762.069218264188
2002Q4,2002-10-01,MSFT,REBALANCE,28.045573886944435,23.500546691293486,-4.54502719565095,10384352.255505176,-471971.63410490303
2002Q4,2002-10-01,ORCL,REBALANCE,5.332429522458765,5.167489734163562,-0.16493978829520278,10384352.255505176,-17127.928626058354
2002Q4,2002-10-01,PAYX,REBALANCE,1.2367868163679983,1.1429108359817344,-0.09387598038626405,10384352.255505176,-9748.412486618607
2002Q4,2002-10-01,QCOM,REBALANCE,2.6693499093078032,2.5365880344148652,-0.13276187489293828,10384352.255505176,-13786.460749895798
2002Q4,2002-10-01,SBUX,REBALANCE,1.3240838478079189,1.1859313450357256,-0.1381525027721932,10384352.255505176,-14346.242537661097
2002Q4,2002-10-01,SNPS,SELL,1.0995955442725731,0.0,-1.0995955442725731,10384352.255505176,-114185.87470310337
2002Q4,2002-10-01,SSCC,REBALANCE,25.052143827170635,23.500546691293486,-1.55159713587715,10384352.255505176,-161123.31217581255
2002Q4,2002-10-01,TEVA,BUY,0.0,4.045150384018024,4.045150384018024,10384352.255505176,420062.66514135204
2003Q1,2003-01-02,AMAT,REBALANCE,2.255523653479737,2.3117450481420403,0.056221394662303234,9592453.736497553,5393.0112729951425
2003Q1,2003-01-02,AMGN,REBALANCE,5.341785948755476,5.150591409670597,-0.1911945390848782,9592453.736497553,-18340.247708426676
2003Q1,2003-01-02,AMZN,REBALANCE,3.0855575145356773,3.033905924715575,-0.05165158982010226,9592453.736497553,-4954.654857658789
2003Q1,2003-01-02,BIIB,SELL,1.402442537823352,0.0,-1.402442537823352,9592453.736497553,-134528.65162166726
2003Q1,2003-01-02,CIEN,BUY,0.0,1.6193682197614978,1.6193682197614978,9592453.736497553,155337.1473041657
2003Q1,2003-01-02,CMCSA,REBALANCE,5.363884900747624,5.33669206368834,-0.02719283705928388,9592453.736497553,-2608.460314552968
2003Q1,2003-01-02,COST,REBALANCE,2.426850804449397,2.470423335273316,0.04357253082391925,9592453.736497553,4179.67486110559
2003Q1,2003-01-02,CSCO,REBALANCE,9.900463198515208,9.972552915813022,0.07208971729781438,9592453.736497553,6915.172780564719
2003Q1,2003-01-02,GILD,SELL,1.0718609175472293,0.0,-1.0718609175472293,9592453.736497553,-102817.76263531616
2003Q1,2003-01-02,INTC,REBALANCE,13.500322347444127,13.837184981793424,0.336862634349297,9592453.736497553,32313.392355503227
2003Q1,2003-01-02,INTU,REBALANCE,1.6754343511638428,1.637685329687193,-0.03774902147664974,9592453.736497553,-3621.057421128152
2003Q1,2003-01-02,MCHP,REBALANCE,1.0544168262722098,1.062681107336978,0.008264281064768349,9592453.736497553,792.7473377920312
2003Q1,2003-01-02,MSFT,REBALANCE,30.070408048655107,16.877159798633866,-13.193248250021242,9592453.736497553,-1265556.2347245605
2003Q1,2003-01-02,ORCL,REBALANCE,7.686535480813815,7.4155023368039865,-0.27103314400982875,9592453.736497553,-25998.728949717613
2003Q1,2003-01-02,PAYX,REBALANCE,1.4280072646846769,1.4430868219403288,0.015079557255652,9592453.736497553,1446.4995534170782
2003Q1,2003-01-02,PTEN,BUY,0.0,1.1583391479786247,1.1583391479786247,9592453.736497553,111113.1468815895
2003Q1,2003-01-02,QCOM,REBALANCE,3.617913657829671,3.4596034501758335,-0.15831020765383758,9592453.736497553,-15185.833429347578
2003Q1,2003-01-02,SBUX,REBALANCE,1.2664355313166924,1.2843844030513334,0.017948871734640992,9592453.736497553,1721.7372173687231
2003Q1,2003-01-02,SSCC,REBALANCE,3.7991323478804495,16.877159798633866,13.078027450753416,9592453.736497553,1254503.7328599717
2003Q1,2003-01-02,TEVA,REBALANCE,5.053024668085713,5.051933906900186,-0.0010907611855265342,9592453.736497553,-104.63076209730504
2003Q2,2003-04-01,ADBE,BUY,0.0,1.6101991752006255,1.6101991752006255,9700789.03786346,156202.0250756301
2003Q2,2003-04-01,AMAT,REBALANCE,2.2069824284834048,1.9420568729693541,-0.2649255555140506,9700789.03786346,-25699.869247805895
2003Q2,2003-04-01,AMGN,REBALANCE,6.063428610060346,5.624918218750786,-0.4385103913095607,9700789.03786346,-42538.96797005003
2003Q2,2003-04-01,AMZN,REBALANCE,4.1339664495189,3.644267325245196,-0.4896991242737049,9700789.03786346,-47504.67896605693
2003Q2,2003-04-01,CIEN,SELL,1.3614026474235332,0.0,-1.3614026474235332,9700789.03786346,-132066.79878244505
2003Q2,2003-04-01,CMCSA,REBALANCE,6.401021867572052,5.793276588661753,-0.6077452789102988,9700789.03786346,-58956.08739466298
2003Q2,2003-04-01,COST,REBALANCE,2.6143376570748433,2.3835158392615243,-0.23082181781331929,9700789.03786346,-22391.537599431646
2003Q2,2003-04-01,CSCO,REBALANCE,9.770849095292997,8.734630844177152,-1.0362182511158446,9700789.03786346,-100521.34651258631
2003Q2,2003-04-01,GILD,BUY,0.0,1.2048899244625184,1.2048899244625184,9700789.03786346,116883.82971058131
2003Q2,2003-04-01,INTC,REBALANCE,14.324919868759176,12.545793604599845,-1.7791262641593308,9700789.03786346,-172589.28560331807
2003Q2,2003-04-01,INTU,SELL,1.2839202839111918,0.0,-1.2839202839111918,9700789.03786346,-124550.3981565623
2003Q2,2003-04-01,MCHP,REBALANCE,0.8560136859819165,0.7840150217516707,-0.07199866423024584,9700789.03786346,-6984.438527055808
2003Q2,2003-04-01,MSFT,REBALANCE,15.680161770752834,18.544821804531754,2.8646600337789208,9700789.03786346,277894.6265288812
2003Q2,2003-04-01,ORCL,REBALANCE,7.366633577928512,6.551267825565754,-0.815365752362758,9700789.03786346,-79096.91152369935
2003Q2,2003-04-01,PAYX,REBALANCE,1.4109957527665455,1.2900923699139875,-0.12090338285255814,9700789.03786346,-11728.58211016705
2003Q2,2003-04-01,PTEN,REBALANCE,1.2266481652318246,1.1269931848812733,-0.0996549803505515,9700789.03786346,-9667.319409531285
2003Q2,2003-04-01,QCOM,REBALANCE,3.3892104789013984,3.0866736173409253,-0.30253686156047344,9700789.03786346,-29348.462701754557
2003Q2,2003-04-01,SBUX,REBALANCE,1.605311731902384,1.4124476650044455,-0.19286406689793864,9700789.03786346,-18709.33625961288
2003Q2,2003-04-01,SSCC,REBALANCE,14.900608115850567,18.544821804531754,3.6442136886811887,9700789.03786346,353517.48202790436
2003Q2,2003-04-01,TEVA,REBALANCE,5.40358781258757,5.175318313149687,-0.2282694994378824,9700789.03786346,-22143.942578255886
2003Q3,2003-07-01,ADBE,REBALANCE,1.5791456677423175,1.3871102618828666,-0.19203540585945103,10293569.358948823,-19767.297695881465
2003Q3,2003-07-01,AMAT,REBALANCE,2.304505175145939,1.9777422950800043,-0.32676288006593457,10293569.358948823,-33635.56369888574
2003Q3,2003-07-01,AMGN,REBALANCE,6.073804757679943,5.083323711484745,-0.9904810461951976,10293569.358948823,-101955.8534773446
2003Q3,2003-07-01,AMZN,REBALANCE,4.792068005270489,4.268700459628239,-0.5233675456422504,10293569.358948823,-53873.20131291318
2003Q3,2003-07-01,CMCSA,REBALANCE,5.763288788346098,4.848345945333632,-0.914942843012466,10293569.358948823,-94180.27614022643
2003Q3,2003-07-01,COST,REBALANCE,2.737694397526957,2.298229100472388,-0.4394652970545695,10293569.358948823,-45236.66516082259
2003Q3,2003-07-01,CSCO,REBALANCE,10.647847009047249,9.317235607875602,-1.3306114011716454,10293569.358948823,-136967.40747768412
2003Q3,2003-07-01,GILD,REBALANCE,1.5021956069613618,1.248167726764422,-0.2540278801969399,10293569.358948823,-26148.536039139428
2003Q3,2003-07-01,INTC,REBALANCE,15.129107410005021,13.151596964133189,-1.977510445871833,10293569.358948823,-203556.40932627523
2003Q3,2003-07-01,INTU,BUY,0.0,1.1514455825293584,1.1514455825293584,10293569.358948823,118524.84966821181
2003Q3,2003-07-01,MCHP,REBALANCE,0.9199435004188554,0.7814652880099209,-0.13847821240893457,10293569.358948823,-14254.350841346157
2003Q3,2003-07-01,MSFT,REBALANCE,18.50917449616899,18.759767425955935,0.2505929297869469,10293569.358948823,25794.957036241307
2003Q3,2003-07-01,ORCL,REBALANCE,6.8340767150679005,6.029151046740759,-0.804925668327141,10293569.358948823,-82855.58195723662
2003Q3,2003-07-01,PAYX,REBALANCE,1.305429828710239,1.0877610797976416,-0.21766874891259758,10293569.358948823,-22405.883642074394
2003Q3,2003-07-01,PCAR,BUY,0.0,0.6916885160800375,0.6916885160800375,10293569.358948823,71199.43715058254
2003Q3,2003-07-01,PTEN,SELL,1.0640646669341254,0.0,-1.0640646669341254,10293569.358948823,-109530.23451493197
2003Q3,2003-07-01,QCOM,REBALANCE,2.9086489463793463,2.4890900056205743,-0.41955894075877237,10293569.358948823,-43187.59056867524
2003Q3,2003-07-01,SBUX,REBALANCE,1.2685834859365344,1.1343639829156285,-0.13421950302090602,10293569.358948823,-13815.977636693371
2003Q3,2003-07-01,SSCC,REBALANCE,9.986784552970072,18.759767425955935,8.772982872985864,10293569.358948823,903053.0768795011
2003Q3,2003-07-01,TEVA,REBALANCE,6.673636989688564,5.535047573739135,-1.1385894159494288,10293569.358948823,-117201.49124440475
2003Q4,2003-10-01,ADBE,REBALANCE,1.5529498022382033,1.5260292313495827,-0.026920570888620647,11296466.28731594,-3041.073214786021
2003Q4,2003-10-01,AMAT,REBALANCE,2.062697875306858,2.0575027349252997,-0.005195140381558314,11296466.28731594,-586.8672817814717
2003Q4,2003-10-01,AMGN,REBALANCE,4.5322786261374715,4.640297703174149,0.1080190770366779,11296466.28731594,12202.338621318153
2003Q4,2003-10-01,AMZN,REBALANCE,5.186658958370956,5.1050401279240045,-0.08161883044695215,11296466.28731594,-9220.043665541507
2003Q4,2003-10-01,CMCSA,REBALANCE,4.51159597302954,4.586066493633209,0.0744705206036679,11296466.28731594,8412.537253982016
2003Q4,2003-10-01,COST,REBALANCE,1.782352239988663,1.8439768462095039,0.061624606220840594,11296466.28731594,6961.40286642846
2003Q4,2003-10-01,CSCO,REBALANCE,9.905902963677587,9.900858353477272,-0.005044610200315158,11296466.28731594,-569.862690605103
2003Q4,2003-10-01,GILD,REBALANCE,1.147388490315369,1.1686295011403731,0.021241010825004056,11296466.28731594,2399.4836269317125
2003Q4,2003-10-01,INTC,REBALANCE,15.860757690472719,15.962477002363446,0.10171931189072725,11296466.28731594,11490.687775425758
2003Q4,2003-10-01,INTU,SELL,1.134852196274907,0.0,-1.134852196274907,11296466.28731594,-128198.1957630594
2003Q4,2003-10-01,KLAC,BUY,0.0,0.6990756104484223,0.6990756104484223,11296466.28731594,78970.84065715413
2003Q4,2003-10-01,MCHP,SELL,0.6900079951910162,0.0,-0.6900079951910162,11296466.28731594,-77946.52055653774
2003Q4,2003-10-01,MRVL,BUY,0.0,1.360106174108571,1.360106174108571,11296466.28731594,153643.93542987737
2003Q4,2003-10-01,MSFT,REBALANCE,18.5343618603035,17.584905863278813,-0.9494559970246841,11296466.28731594,-107254.97661679288
2003Q4,2003-10-01,ORCL,REBALANCE,5.146226084762581,5.184164938560734,0.03793885379815287,11296466.28731594,4285.749829102422
2003Q4,2003-10-01,PAYX,REBALANCE,1.1540932836614068,1.16898299656197,0.01488971290056311,11296466.28731594,1682.011398090244
2003Q4,2003-10-01,PCAR,REBALANCE,0.6939674955367519,0.7164362577166848,0.022468762179933023,11296466.28731594,2538.176144833328
2003Q4,2003-10-01,QCOM,REBALANCE,2.6343756842766206,2.657352082195976,0.02297639791935535,11296466.28731594,2595.5210449995384
2003Q4,2003-10-01,SBUX,REBALANCE,1.2125980530177565,1.190025305995432,-0.022572747022324424,11296466.28731594,-2549.9227574979914
2003Q4,2003-10-01,SSCC,REBALANCE,17.179752239027117,17.584905863278813,0.4051536242516973,11296466.28731594,45768.04257543169
2003Q4,2003-10-01,TEVA,REBALANCE,5.077182488410988,5.063166913657729,-0.014015574753258736,11296466.28731594,-1583.2646769754374
2004Q1,2004-01-02,ADBE,REBALANCE,1.343582288020288,1.3237760169676853,-0.019806271052602575,12729454.10724664,-2521.230183997921
2004Q1,2004-01-02,AMAT,REBALANCE,2.2599475065242327,2.1632795028767626,-0.09666800364746993,12729454.10724664,-12305.309160696192
2004Q1,2004-01-02,AMGN,REBALANCE,3.9436886465349796,3.854409223327123,-0.0892794232078567,12729454.10724664,-11364.783204458625
2004Q1,2004-01-02,AMZN,REBALANCE,4.922303392949695,4.762841304461886,-0.15946208848780924,12729454.10724664,-20298.653372512705
2004Q1,2004-01-02,CMCSA,REBALANCE,4.329940631739224,4.19850971709377,-0.13143091464545495,12729454.10724664,-16730.43796252769
2004Q1,2004-01-02,COST,REBALANCE,1.9531681263238496,1.8308673399078108,-0.12230078641603873,12729454.10724664,-15568.222479631382
2004Q1,2004-01-02,CSCO,REBALANCE,10.86737634405181,10.495205663253257,-0.3721706807985531,12729454.10724664,-47375.2960128792
2004Q1,2004-01-02,GILD,REBALANCE,1.0785268210650913,1.0544287845782758,-0.02409803648681548,12729454.10724664,-3067.548495336727
2004Q1,2004-01-02,INTC,REBALANCE,16.507096029487805,15.842034441024614,-0.6650615884631922,12729454.10724664,-84658.70968834756
2004Q1,2004-01-02,KLAC,SELL,0.7038177543647206,0.0,-0.7038177543647206,12729454.10724664,-89592.15804051099
2004Q1,2004-01-02,MCHP,BUY,0.0,0.8404305135833866,0.8404305135833866,12729454.10724664,106982.21652989443
2004Q1,2004-01-02,MRVL,REBALANCE,1.2117882541446054,1.205100293157957,-0.006687960986648429,12729454.10724664,-851.3409245059713
2004Q1,2004-01-02,MSFT,REBALANCE,15.450140541661659,18.442743088814943,2.9926025471532864,12729454.10724664,380941.96785217157
2004Q1,2004-01-02,ORCL,REBALANCE,5.410272210060203,5.145381777861778,-0.26489043219842456,12729454.10724664,-33719.106001185726
2004Q1,2004-01-02,PAYX,REBALANCE,1.1352503715386475,1.104077201482196,-0.03117317005645135,12729454.10724664,-3968.174376109926
2004Q1,2004-01-02,PCAR,REBALANCE,0.7404409855529288,0.7019171698931528,-0.038523815659776035,12729454.10724664,-4903.871434771485
2004Q1,2004-01-02,QCOM,REBALANCE,3.0567671714203546,2.9754575532095804,-0.08130961821077413,12729454.10724664,-10350.270534917949
2004Q1,2004-01-02,SBUX,REBALANCE,1.2159365536314388,1.1802511591039035,-0.03568539452753535,12729454.10724664,-4542.555919372516
2004Q1,2004-01-02,SSCC,REBALANCE,19.409610928583557,18.442743088814943,-0.966867839768612,12729454.10724664,-123076.99794107243
2004Q1,2004-01-02,TEVA,REBALANCE,4.460345442344912,4.436546160586967,-0.02379928175794549,12729454.10724664,-3029.518649231992
2004Q2,2004-04-01,ADBE,REBALANCE,1.3825496661489338,1.37057411740337,-0.011975548745563752,12264905.355562933,-1468.7897194526984
2004Q2,2004-04-01,AMAT,REBALANCE,2.1341557247570244,2.1353693114241032,0.0012135866670790613,12264905.355562933,148.84525612497748
2004Q2,2004-04-01,AMGN,REBALANCE,3.7647386299755334,3.6408934878013564,-0.1238451421741775,12264905.355562933,-15189.489475125225
2004Q2,2004-04-01,AMZN,REBALANCE,4.0658195334256035,4.12370318925535,0.057883655829747,12264905.355562933,7099.375603858255
2004Q2,2004-04-01,BIIB,BUY,0.0,1.4294528456770028,1.4294528456770028,12264905.355562933,175321.03862468546
2004Q2,2004-04-01,CMCSA,REBALANCE,3.821978862839174,3.7319608305892897,-0.09001803224988406,12264905.355562933,-11040.626458388397
2004Q2,2004-04-01,COST,REBALANCE,1.9221910147127839,1.891011643746628,-0.031179370966155986,12264905.355562933,-3824.1203394588997
2004Q2,2004-04-01,CSCO,REBALANCE,10.596020400541255,10.319359357551065,-0.27666104299018945,12264905.355562933,-33932.215078460016
2004Q2,2004-04-01,GILD,REBALANCE,1.041225977022452,1.0186951233859205,-0.022530853636531373,12264905.355562933,-2763.387874320982
2004Q2,2004-04-01,INTC,REBALANCE,13.971761477347219,13.563585621168844,-0.40817585617837493,12264905.355562933,-50062.382444536364
2004Q2,2004-04-01,MCHP,SELL,0.6914120153510024,0.0,-0.6914120153510024,12264905.355562933,-84801.02929979071
2004Q2,2004-04-01,MRVL,REBALANCE,1.482559710606196,1.4562677529733499,-0.0262919576328461,12264905.355562933,-3224.6837197932787
2004Q2,2004-04-01,MSFT,REBALANCE,17.434865548298458,19.336688079162435,1.901822530863978,12264905.355562933,233256.73344123855
2004Q2,2004-04-01,ORCL,REBALANCE,4.8437803672535145,4.833558661746186,-0.010221705507328788,12264905.355562933,-1253.6825061982397
2004Q2,2004-04-01,PAYX,REBALANCE,1.100193453607071,1.093800050068954,-0.006393403538117008,12264905.355562933,-784.144892949263
2004Q2,2004-04-01,PCAR,REBALANCE,0.7214994559058661,0.7114737721989736,-0.010025683706892542,12264905.355562933,-1229.6406178984637
2004Q2,2004-04-01,QCOM,REBALANCE,3.8002731686263767,3.6988391048045006,-0.10143406382187581,12264905.355562933,-12440.79192605437
2004Q2,2004-04-01,SBUX,REBALANCE,1.3989456729745913,1.3770304528967958,-0.021915220077795353,12264905.355562933,-2687.881001004925
2004Q2,2004-04-01,SSCC,REBALANCE,20.672588051131978,19.336688079162435,-1.3358999719695397,12264905.355562933,-163846.8672070558
2004Q2,2004-04-01,TEVA,REBALANCE,5.153441269474976,4.931048518983424,-0.22239275049155127,12264905.355562933,-27276.260365421982
2004Q3,2004-07-01,ADBE,REBALANCE,1.5151711712894813,1.5236030459403198,0.008431874650838625,13130899.473651877,1107.180984145955
2004Q3,2004-07-01,AMAT,REBALANCE,1.8346406431390516,1.8217286846466891,-0.012911958492362388,13130899.473651877,-1695.4562897117617
2004Q3,2004-07-01,AMGN,REBALANCE,3.191405659949299,3.3158458420197157,0.12444018207041704,13130899.473651877,16340.115212495828
2004Q3,2004-07-01,AMZN,REBALANCE,4.841375506111201,4.724586214824809,-0.11678929128639201,13130899.473651877,-15335.484434806605
2004Q3,2004-07-01,BIIB,REBALANCE,1.5188864524454628,1.526329517403591,0.007443064958127972,13130899.473651877,977.3413774103932
2004Q3,2004-07-01,CMCSA,REBALANCE,3.405841298509766,3.4724079138006445,0.06656661529087851,13130899.473651877,8740.795336857836
2004Q3,2004-07-01,COST,REBALANCE,1.9391411162659693,2.023428615539176,0.08428749927320671,13130899.473651877,11067.70679841983
2004Q3,2004-07-01,CSCO,REBALANCE,9.691946851852887,9.796906749526608,0.10495989767372038,13130899.473651877,13782.178651184098
2004Q3,2004-07-01,GILD,REBALANCE,1.1497069550779728,1.1917892671006223,0.04208231202264944,13130899.473651877,5525.786087882616
2004Q3,2004-07-01,INTC,REBALANCE,12.874958293871492,13.073896970691862,0.19893867682037047,13130899.473651877,26122.437667496033
2004Q3,2004-07-01,MRVL,REBALANCE,1.6155705174556254,1.556022692538826,-0.05954782491679935,13130899.473651877,-7819.165028571147
2004Q3,2004-07-01,MSFT,REBALANCE,20.691300224526493,19.61610761090694,-1.0751926136195522,13130899.473651877,-141182.46124251364
2004Q3,2004-07-01,ORCL,REBALANCE,4.488446965789749,4.529830524783584,0.04138355899383564,13130899.473651877,5434.033530099978
2004Q3,2004-07-01,PAYX,REBALANCE,0.9754561137012282,0.9871643375797412,0.011708223878512981,13130899.473651877,1537.3951076376445
2004Q3,2004-07-01,PCAR,REBALANCE,0.6901048969897468,0.7027499415733526,0.012645044583605835,13130899.473651877,1660.4080926717438
2004Q3,2004-07-01,QCOM,REBALANCE,3.8092626182820597,3.9266132275578665,0.11735060927580698,13130899.473651877,15409.19053572421
2004Q3,2004-07-01,SBUX,REBALANCE,1.4770913101205583,1.567421965985855,0.09033065586529672,13130899.473651877,11861.227615562535
2004Q3,2004-07-01,SSCC,REBALANCE,19.39929959369041,19.61610761090694,0.21680801721652987,13130899.473651877,28468.84279152039
2004Q3,2004-07-01,TEVA,REBALANCE,4.89039381093154,5.027459266672846,0.13706545574130521,13130899.473651877,17997.927206493594
2004Q4,2004-10-01,AAPL,BUY,0.0,1.5432541559271202,1.5432541559271202,11649387.963716967,179779.66389013582
2004Q4,2004-10-01,ADBE,REBALANCE,1.8275396233772632,1.802926668227631,-0.0246129551496322,11649387.963716967,-2867.258634716309
2004Q4,2004-10-01,AMAT,REBALANCE,1.7258241121590685,1.801761318908056,0.07593720674898725,11649387.963716967,8846.21982299939
2004Q4,2004-10-01,AMGN,REBALANCE,3.8909581301311564,3.7990882410842626,-0.09186988904689372,11649387.963716967,-10702.27979690897
2004Q4,2004-10-01,AMZN,REBALANCE,3.9999503478450027,3.9515068638316606,-0.048443484013342,11649387.963716967,-5643.369395855417
2004Q4,2004-10-01,BIIB,REBALANCE,1.663863168454938,1.6850118570650192,0.02114868861008111,11649387.963716967,2463.69278542677
2004Q4,2004-10-01,CMCSA,REBALANCE,3.9335104529046747,3.9453074428151367,0.011796989910461964,11649387.963716967,1374.277122710261
2004Q4,2004-10-01,COST,REBALANCE,2.304652220583843,2.279826556724059,-0.02482566385978366,11649387.963716967,-2892.0378975944705
2004Q4,2004-10-01,CSCO,REBALANCE,8.43355517504224,8.716873666467286,0.28331849142504556,11649387.963716967,33004.870239053744
2004Q4,2004-10-01,GILD,REBALANCE,1.4989438477681174,1.4575594976921358,-0.04138435007598161,11649387.963716967,-4821.023496613895
2004Q4,2004-10-01,INTC,REBALANCE,10.728464274859666,10.976556960419034,0.24809268555936598,11649387.963716967,28901.27945041496
2004Q4,2004-10-01,MRVL,REBALANCE,1.7164670416117376,1.8972415776964384,0.1807745360847008,11649387.963716967,21059.12704811632
2004Q4,2004-10-01,MSFT,REBALANCE,21.469406554421315,19.15037947009786,-2.3190270843234524,11649387.963716967,-270152.4620365128
2004Q4,2004-10-01,ORCL,REBALANCE,4.8277194478060625,4.957927472643612,0.13020802483754979,11649387.963716967,15168.437973219123
2004Q4,2004-10-01,PAYX,REBALANCE,0.9942086643482614,0.9886496520883189,-0.005559012259942486,11649387.963716967,-647.5909051112906
2004Q4,2004-10-01,PCAR,REBALANCE,0.947460650194071,0.9516613499723986,0.004200699778327682,11649387.963716967,489.3558143683903
2004Q4,2004-10-01,QCOM,REBALANCE,4.744010673579234,4.7979358557917315,0.05392518221249837,11649387.963716967,6281.953686075228
2004Q4,2004-10-01,SBUX,REBALANCE,1.8467890949883647,1.8017864710995246,-0.04500262388884013,11649387.963716967,-5242.530250663359
2004Q4,2004-10-01,SSCC,REBALANCE,19.06102336148496,19.15037947009786,0.08935610861290078,11649387.963716967,10409.439761597123
2004Q4,2004-10-01,TEVA,REBALANCE,4.385653158440031,4.3443654513508445,-0.04128770708918608,11649387.963716967,-4809.765180142361
2005Q1,2005-01-03,AAPL,REBALANCE,2.439224083135563,2.506481214812817,0.06725713167725356,12249071.980815602,8238.37447137872
2005Q1,2005-01-03,ADBE,REBALANCE,2.1750617157115237,2.2083442131333375,0.03328249742181391,12249071.980815602,4076.797066211083
2005Q1,2005-01-03,AMAT,REBALANCE,1.776939481084003,1.738374419037337,-0.03856506204666585,12249071.980815602,-4723.862209542299
2005Q1,2005-01-03,AMGN,REBALANCE,4.079913556715665,4.195600629963389,0.11568707324772429,12249071.980815602,14170.592874612617
2005Q1,2005-01-03,AMZN,REBALANCE,4.073521142912302,4.313708791719837,0.24018764880753551,12249071.980815602,29420.75799146361
2005Q1,2005-01-03,BIIB,SELL,1.7450338412912012,0.0,-1.7450338412912012,12249071.980815602,-213750.45130935076
2005Q1,2005-01-03,CMCSA,REBALANCE,4.421803476914081,4.420837074635957,-0.0009664022781241677,12249071.980815602,-118.37531067167109
2005Q1,2005-01-03,COST,REBALANCE,2.5338445463598323,2.567803181889062,0.03395863552923019,12249071.980815602,4159.617709678228
2005Q1,2005-01-03,CSCO,REBALANCE,8.848896836534271,8.828426383104732,-0.02047045342953857,12249071.980815602,-2507.440575383516
2005Q1,2005-01-03,EBAY,BUY,0.0,1.6989491144489364,1.6989491144489364,12249071.980815602,208105.49994627948
2005Q1,2005-01-03,GILD,REBALANCE,1.2975703062390154,1.332818807762432,0.035248501523416596,12249071.980815602,4317.614323762183
2005Q1,2005-01-03,INTC,REBALANCE,12.19367101710399,12.073769104610827,-0.11990191249316301,12249071.980815602,-14686.871567662072
2005Q1,2005-01-03,MRVL,REBALANCE,2.4493126786192887,2.3319298434353595,-0.11738283518392921,12249071.980815602,-14378.307974801632
2005Q1,2005-01-03,MSFT,REBALANCE,19.61619167138351,16.007736432304682,-3.608455239078831,12249071.980815602,-442002.2796302778
2005Q1,2005-01-03,ORCL,REBALANCE,5.735153424174422,5.544316756465639,-0.1908366677087832,12249071.980815602,-23375.720793438737
2005Q1,2005-01-03,PAYX,REBALANCE,1.0670546456885697,1.0723385163507886,0.005283870662218908,12249071.980815602,647.225120788392
2005Q1,2005-01-03,PCAR,REBALANCE,1.0836547031069186,1.0844785837290385,0.0008238806221199865,12249071.980815602,100.91773043946854
2005Q1,2005-01-03,QCOM,REBALANCE,4.963751856843598,4.989382968192331,0.025631111348733276,12249071.980815602,3139.573278589336
2005Q1,2005-01-03,SBUX,REBALANCE,2.3506072599520684,2.3150955530894723,-0.03551170686259611,12249071.980815602,-4349.854535215632
2005Q1,2005-01-03,SSCC,REBALANCE,12.38472076131984,16.007736432304682,3.6230156709848402,12249071.980815602,443785.79741516244
2005Q1,2005-01-03,TEVA,REBALANCE,4.764072994910345,4.761871979009338,-0.002201015901007186,12249071.980815602,-269.6040220235673
2005Q2,2005-04-01,AAPL,REBALANCE,3.3088384702631224,3.26830161270108,-0.040536857562042256,12007697.882432655,-4867.543387082089
2005Q2,2005-04-01,ADBE,REBALANCE,2.4122716115765543,2.4121233488100446,-0.00014826276650940773,12007697.882432655,-17.802945074586223
2005Q2,2005-04-01,AMAT,REBALANCE,1.6851713308553753,1.6697622456547034,-0.015409085200671774,12007697.882432655,-1850.2763973433082
2005Q2,2005-04-01,AMGN,REBALANCE,3.8836370012170676,3.7774421180188233,-0.10619488319824413,12007697.882432655,-12751.560741047391
2005Q2,2005-04-01,AMZN,REBALANCE,3.404886955333622,3.325433438027637,-0.07945351730598502,12007697.882432655,-9540.538315069025
2005Q2,2005-04-01,CMCSA,REBALANCE,4.577457948647918,4.531764610928087,-0.04569333771983139,12007697.882432655,-5486.717945796995
2005Q2,2005-04-01,COST,REBALANCE,2.3957052950702473,2.3740208866480277,-0.021684408422219942,12007697.882432655,-2603.798250932952
2005Q2,2005-04-01,CSCO,REBALANCE,8.339308158050533,8.161979844418587,-0.17732831363194562,12007697.882432655,-21293.04816093667
2005Q2,2005-04-01,EBAY,SELL,1.1101139484772222,0.0,-1.1101139484772222,12007697.882432655,-133299.12908388893
2005Q2,2005-04-01,GILD,REBALANCE,1.391084798686422,1.3682202422143004,-0.022864556472121725,12007697.882432655,-2745.5068633305787
2005Q2,2005-04-01,INTC,REBALANCE,12.27571044301762,12.195490717219224,-0.08021972579839581,12007697.882432655,-9632.542315987255
2005Q2,2005-04-01,MRVL,REBALANCE,2.571282019326957,2.5530977402503567,-0.01818427907660028,12007697.882432655,-2183.513293616576
2005Q2,2005-04-01,MSFT,REBALANCE,14.816698620636053,17.301486978459277,2.4847883578232226,12007697.882432655,298365.87902527227
2005Q2,2005-04-01,ORCL,REBALANCE,5.144601621770492,5.227768748170035,0.08316712639954219,12007697.882432655,9986.457275557916
2005Q2,2005-04-01,PAYX,REBALANCE,1.0579622467892782,1.0486906564460763,-0.009271590343202032,12007697.882432655,-1113.304557308501
2005Q2,2005-04-01,PCAR,REBALANCE,0.9978125748045976,0.9974377280458002,-0.00037484675879748824,12007697.882432655,-45.010466318493435
2005Q2,2005-04-01,PTEN,BUY,0.0,1.222497488200686,1.222497488200686,12007697.882432655,146793.80500346614
2005Q2,2005-04-01,QCOM,REBALANCE,4.405979857568569,4.238068445981638,-0.16791141158693165,12007697.882432655,-20162.29501348677
2005Q2,2005-04-01,SBUX,REBALANCE,1.9564126635247137,1.9586999811923225,0.00228731766760866,12007697.882432655,274.654195137953
2005Q2,2005-04-01,SSCC,REBALANCE,19.21119736287627,17.301486978459277,-1.9097103844169934,12007697.882432655,-229312.2533902358
2005Q2,2005-04-01,TEVA,REBALANCE,5.0538670715073595,5.066226190154026,0.012359118646666778,12007697.882432655,1484.045628023146
2005Q3,2005-07-01,AAPL,REBALANCE,2.836344017108236,2.8436289411573297,0.007284924049093602,12222650.783824202,890.410826387537
2005Q3,2005-07-01,ADBE,REBALANCE,2.0186749210471446,2.0038747121430327,-0.014800208904111947,12222650.783824202,-1808.9778496260583
2005Q3,2005-07-01,AMAT,REBALANCE,1.6363689541753588,1.6437997662714339,0.007430812096075046,12222650.783824202,908.2422129054202
2005Q3,2005-07-01,AMGN,REBALANCE,3.854451443364484,3.9072515449405363,0.0528001015760525,12222650.783824202,6453.572029145355
2005Q3,2005-07-01,AMZN,REBALANCE,3.1544617605528193,3.1364950630728035,-0.01796669748001592,12222650.783824202,-2196.0066903684888
2005Q3,2005-07-01,CMCSA,REBALANCE,4.042182112604344,4.028220636590614,-0.01396147601373035,12222650.783824202,-1706.4624574256407
2005Q3,2005-07-01,COST,REBALANCE,2.367781992680507,2.380733476496895,0.012951483816388276,12222650.783824202,1583.0146382006462
2005Q3,2005-07-01,CSCO,REBALANCE,8.551807199184818,8.535371260618568,-0.016435938566250474,12222650.783824202,-2008.9073739966777
2005Q3,2005-07-01,GILD,REBALANCE,1.6516622266323717,1.6657943350547697,0.01413210842239783,12222650.783824202,1727.3182608610944
2005Q3,2005-07-01,INTC,REBALANCE,13.465179585602657,13.585797685505115,0.12061809990245864,12222650.783824202,14742.72913316172
2005Q3,2005-07-01,MRVL,REBALANCE,2.4839927840597036,2.5096625352545883,0.025669751194884807,12222650.783824202,3137.5240456273104
2005Q3,2005-07-01,MSFT,REBALANCE,17.523796010935133,17.125111154080297,-0.39868485685483623,12222650.783824202,-48729.85778135604
2005Q3,2005-07-01,ORCL,REBALANCE,5.432129872708791,5.404622566228025,-0.027507306480766686,12222650.783824202,-3362.1220111803545
2005Q3,2005-07-01,PAYX,REBALANCE,1.0251334489340853,1.0424010364103586,0.017267587476273334,12222650.783824202,2110.556916016252
2005Q3,2005-07-01,PCAR,REBALANCE,0.9233671769165375,0.9279009037696012,0.004533726853063816,12222650.783824202,554.1416007424529
2005Q3,2005-07-01,PTEN,REBALANCE,1.3378837773822412,1.321902886762524,-0.0159808906197172,12222650.783824202,-1953.2884525929526
2005Q3,2005-07-01,QCOM,REBALANCE,3.7611917846081053,3.913791505420832,0.15259972081272666,12222650.783824202,18651.730972030276
2005Q3,2005-07-01,SBUX,REBALANCE,1.9242534236198816,1.9013415048201996,-0.022911918799681935,12222650.783824202,-2800.4438227584887
2005Q3,2005-07-01,SSCC,REBALANCE,16.99721543457049,17.125111154080297,0.12789571950980738,12222650.783824202,15632.247163143074
2005Q3,2005-07-01,TEVA,REBALANCE,5.012122073312299,4.9971873313222055,-0.014934741990094147,12222650.783824202,-1825.4213589143644
2005Q4,2005-10-03,AAPL,REBALANCE,4.013969627514151,4.783781193515496,0.7698115660013451,12610844.687908258,97079.74097798402
2005Q4,2005-10-03,ADBE,REBALANCE,2.0263677512642664,2.430987163681152,0.40461941241688554,12610844.687908258,51025.925677020416
2005Q4,2005-10-03,AMAT,REBALANCE,1.6728846128413875,1.9539102615681159,0.28102564872672825,12610844.687908258,35439.708094114336
2005Q4,2005-10-03,AMGN,REBALANCE,4.99021681379868,5.765467375961653,0.7752505621629726,12610844.687908258,97765.64433650815
2005Q4,2005-10-03,AMZN,REBALANCE,4.161666626732901,4.945861031324536,0.7841944045916337,12610844.687908258,98893.53841431782
2005Q4,2005-10-03,CMCSA,REBALANCE,3.740006820687652,4.318146152271256,0.5781393315836041,12610844.687908258,72908.25318571924
2005Q4,2005-10-03,COST,REBALANCE,2.2284944247006635,2.5668400183635347,0.33834559366287126,12610844.687908258,42668.23732520586
2005Q4,2005-10-03,CSCO,REBALANCE,7.769682660535452,8.993398224936541,1.22371556440109,12610844.687908258,154320.8692483814
2005Q4,2005-10-03,GILD,REBALANCE,1.789585066750411,2.0385174737058547,0.2489324069554436,12610844.687908258,31392.47921902273
2005Q4,2005-10-03,GOOG,BUY,0.0,8.648005852875848,8.648005852875848,12610844.687908258,1090586.5867073892
2005Q4,2005-10-03,INTC,REBALANCE,12.510613220800634,11.719016234373617,-0.7915969864270165,12610844.687908258,-99827.06651247326
2005Q4,2005-10-03,MRVL,REBALANCE,2.9538681855107782,3.4340417527214617,0.4801735672106837,12610844.687908258,60553.9427933281
2005Q4,2005-10-03,MSFT,REBALANCE,17.24365412355756,11.719016234373617,-5.524637889183944,12610844.687908258,-696703.5037743202
2005Q4,2005-10-03,ORCL,REBALANCE,4.92078494203653,5.678503312295969,0.7577183702594393,12610844.687908258,95554.68684516754
2005Q4,2005-10-03,PAYX,REBALANCE,1.1566059517971543,1.3333736692480245,0.17676771745087014,12610844.687908258,22291.902306089734
2005Q4,2005-10-03,PCAR,SELL,0.9005574700108739,0.0,-0.9005574700108739,12610844.687908258,-113567.9038684273
2005Q4,2005-10-03,PTEN,REBALANCE,1.6630120916606232,1.895857362349291,0.2328452706886676,12610844.687908258,29363.75544968744
2005Q4,2005-10-03,QCOM,REBALANCE,5.153920389582465,5.931947530327389,0.778027140744924,12610844.687908258,98115.79434911575
2005Q4,2005-10-03,SBUX,REBALANCE,1.7871659489712568,2.11722965288112,0.3300637039098633,12610844.687908258,41623.82107123023
2005Q4,2005-10-03,SIRI,BUY,0.0,3.455440899130967,3.455440899130967,12610844.687908258,435760.2850718669
2005Q4,2005-10-03,SSCC,SELL,14.108263140415547,0.0,-14.108263140415547,12610844.687908258,-1779171.1527992128
2005Q4,2005-10-03,TEVA,REBALANCE,5.208680130831006,6.2706586040945576,1.0619784732635515,12610844.687908258,133924.4558822858
2006Q1,2006-01-03,AAPL,REBALANCE,5.94788720249216,5.893433283340074,-0.05445391915208514,13601145.603959002,-7406.356830937217
2006Q1,2006-01-03,ADBE,REBALANCE,2.7908658633010277,2.745690508638699,-0.045175354662329095,13601145.603959002,-6144.365764728262
2006Q1,2006-01-03,AMAT,REBALANCE,1.9195420149458502,1.8956627262701702,-0.02387928867568015,13601145.603959002,-3247.8568219689505
2006Q1,2006-01-03,AMGN,REBALANCE,5.291334088120648,5.22103072362805,-0.07030336449259794,13601145.603959002,-9562.06296912026
2006Q1,2006-01-03,AMZN,REBALANCE,4.773029137568878,4.589001348918488,-0.18402778865039063,13601145.603959002,-25029.88748608557
2006Q1,2006-01-03,CMCSA,REBALANCE,3.5322317747817475,3.5115677465258814,-0.0206640282558658,13601145.603959002,-2810.5445707235376
2006Q1,2006-01-03,COST,REBALANCE,2.7387238294556164,2.6899450200039596,-0.04877880945165676,13601145.603959002,-6634.4768973975515
2006Q1,2006-01-03,CSCO,REBALANCE,7.966329350425997,7.937245199664635,-0.029084150761361782,13601145.603959002,-3955.7776927277664
2006Q1,2006-01-03,GILD,REBALANCE,2.037779990157432,2.0895449261661545,0.05176493600872224,13601145.603959002,7040.624318342516
2006Q1,2006-01-03,GOOG,REBALANCE,10.511568553047297,10.59702815448795,0.08545960144065307,13601145.603959002,11623.484824506268
2006Q1,2006-01-03,INTC,REBALANCE,11.040190441074099,11.526450618695371,0.4862601776212727,13601145.603959002,66136.95477233897
2006Q1,2006-01-03,MRVL,REBALANCE,3.8731527496009526,3.8878351033193703,0.01468235371841764,13601145.603959002,1996.968307330272
2006Q1,2006-01-03,MSFT,REBALANCE,11.075479458802993,11.526450618695371,0.4509711598923785,13601145.603959002,61337.24408882516
2006Q1,2006-01-03,ORCL,REBALANCE,5.184375862838383,5.185467110183132,0.0010912473447491355,13601145.603959002,148.4221402586664
2006Q1,2006-01-03,PAYX,REBALANCE,1.2759952038105762,1.2550074170576848,-0.020987786752891223,13601145.603959002,-2854.579435309154
2006Q1,2006-01-03,PTEN,REBALANCE,1.607199966138559,1.60592098965843,-0.0012789764801287434,13601145.603959002,-173.95545330270016
2006Q1,2006-01-03,QCOM,REBALANCE,5.305352409806352,5.20864450404849,-0.09670790575786181,13601145.603959002,-13153.383072666236
2006Q1,2006-01-03,SBUX,REBALANCE,2.351769895994724,2.327063588272021,-0.024706307722702908,13601145.603959002,-3360.34088672699
2006Q1,2006-01-03,SIRI,REBALANCE,3.2822322265772557,3.095579161918843,-0.1866530646584128,13601145.603959002,-25386.955098442468
2006Q1,2006-01-03,TEVA,REBALANCE,7.49495998105945,7.211431250507232,-0.2835287305522183,13601145.603959002,-38563.1554714638
2006Q2,2006-04-03,AAPL,REBALANCE,5.203429409380778,5.060271507951714,-0.14315790142906404,13439766.932664415,-19240.088297759667
2006Q2,2006-04-03,ADBE,REBALANCE,2.6275474810265447,2.6069283577805744,-0.020619123245970566,13439766.932664415,-2771.162107817274
2006Q2,2006-04-03,AMAT,REBALANCE,1.8752747320361303,1.8887337206680614,0.013458988631931054,13439766.932664415,1808.8567036253326
2006Q2,2006-04-03,AMGN,REBALANCE,4.874344595140117,4.784317887037353,-0.09002670810276531,13439766.932664415,-12099.379746161767
2006Q2,2006-04-03,AMZN,REBALANCE,3.598072522740345,3.570898346325991,-0.027174176414353907,13439766.932664415,-3652.145975960229
2006Q2,2006-04-03,CMCSA,REBALANCE,3.5866388246251777,3.618038832363938,0.031400007738760505,13439766.932664415,4220.087856928001
2006Q2,2006-04-03,COST,REBALANCE,2.9873000862282186,3.0056545826448877,0.01835449641666917,13439766.932664415,2466.801540064578
2006Q2,2006-04-03,CSCO,REBALANCE,10.167372381262389,10.06057157750189,-0.10680080376049977,13439766.932664415,-14353.77910762346
2006Q2,2006-04-03,GILD,REBALANCE,2.502808462917474,2.4846507890852974,-0.01815767383217641,13439766.932664415,-2440.3490434379046
2006Q2,2006-04-03,GOOG,REBALANCE,10.081630254033064,9.720558606407081,-0.3610716476259823,13439766.932664415,-48527.18790086335
2006Q2,2006-04-03,INTC,REBALANCE,9.137577902362212,10.514215155254378,1.3766372528921669,13439766.932664415,185016.83829694125
2006Q2,2006-04-03,MRVL,REBALANCE,3.7949266602381835,3.8144998685216196,0.019573208283436144,13439766.932664415,2630.593574538783
2006Q2,2006-04-03,MSFT,REBALANCE,12.17882996367131,11.472437361991851,-0.7063926016794592,13439766.932664415,-94937.5192953038
2006Q2,2006-04-03,ORCL,REBALANCE,5.883822960968597,5.814030185966376,-0.0697927750022205,13439766.932664415,-9379.986296137307
2006Q2,2006-04-03,PAYX,REBALANCE,1.394044544985013,1.396245310663286,0.0022007656782729867,13439766.932664415,295.7777778939606
2006Q2,2006-04-03,PTEN,REBALANCE,1.578797159407409,1.5481177319948212,-0.030679427412587737,13439766.932664415,-4123.243540527748
2006Q2,2006-04-03,QCOM,REBALANCE,6.20444101846032,6.218728519807254,0.014287501346934434,13439766.932664415,1920.2068815292769
2006Q2,2006-04-03,SBUX,REBALANCE,2.952977649098039,2.9338400850011324,-0.019137564096907006,13439766.932664415,-2572.044011213565
2006Q2,2006-04-03,SIRI,REBALANCE,2.3706028563036186,2.4611635474660045,0.09056069116238595,13439766.932664415,12171.145824834692
2006Q2,2006-04-03,TEVA,REBALANCE,6.999560535115059,7.026098025566499,0.02653749045144066,13439766.932664415,3566.576866451698
2006Q3,2006-07-03,AAPL,REBALANCE,4.913480253367583,4.908640227760159,-0.004840025607423526,12638555.975820519,-611.7093456382694
2006Q3,2006-07-03,ADBE,REBALANCE,2.4081191083751237,2.346413249756298,-0.061705858618825785,12638555.975820519,-7798.729481900967
2006Q3,2006-07-03,AMAT,REBALANCE,1.8726581308556973,1.8446056815787877,-0.02805244927690971,12638555.975820519,-3545.424504450892
2006Q3,2006-07-03,AMGN,REBALANCE,4.561721550404953,4.592261681832681,0.030540131427727463,12638555.975820519,3859.83160558249
2006Q3,2006-07-03,AMZN,REBALANCE,4.0207637069135576,4.000773977759373,-0.019989729154185065,12638555.975820519,-2526.413108566593
2006Q3,2006-07-03,CMCSA,REBALANCE,4.815135538609647,4.710474801402753,-0.104660737206895,12638555.975820519,-13227.605856599837
2006Q3,2006-07-03,COST,REBALANCE,3.379213304939192,3.3489036259023663,-0.030309679036825965,12638555.975820519,-3830.7057511607873
2006Q3,2006-07-03,CSCO,REBALANCE,9.641847432492872,9.773604070347886,0.13175663785501418,12638555.975820519,16652.136427165096
2006Q3,2006-07-03,GILD,REBALANCE,2.512221205167646,2.432072353745846,-0.08014885142179975,12638555.975820519,-10129.657450921382
2006Q3,2006-07-03,GOOG,REBALANCE,11.114167274075916,11.070351390412943,-0.04381588366297179,12638555.975820519,-5537.694983045088
2006Q3,2006-07-03,INTC,REBALANCE,10.972474731231031,11.088650691747207,0.11617596051617524,12638555.975820519,14682.963800283953
2006Q3,2006-07-03,MRVL,REBALANCE,3.3237814724510817,3.2197709894113595,-0.10401048303972232,12638555.975820519,-13145.423119696614
2006Q3,2006-07-03,MSFT,REBALANCE,10.487397176353198,11.247015180727628,0.7596180043744294,12638555.975820519,96004.74668527301
2006Q3,2006-07-03,ORCL,REBALANCE,6.543894967878744,6.548213107183294,0.004318139304550217,12638555.975820519,545.750453119486
2006Q3,2006-07-03,PAYX,REBALANCE,1.3948249871693787,1.3719399293567693,-0.02288505781260948,12638555.975820519,-2892.340841745536
2006Q3,2006-07-03,PCAR,BUY,0.0,1.278207174795443,1.278207174795443,12638555.975820519,161546.9292734761
2006Q3,2006-07-03,PTEN,SELL,1.4626942968912193,0.0,-1.4626942968912193,12638555.975820519,-184863.43746773113
2006Q3,2006-07-03,QCOM,REBALANCE,5.249631818897522,5.041539619854456,-0.20809219904306606,12638555.975820519,-26299.849057373754
2006Q3,2006-07-03,SBUX,REBALANCE,3.1306067231458394,3.079174772577691,-0.051431950568148546,12638555.975820519,-6500.255862011793
2006Q3,2006-07-03,SIRI,REBALANCE,2.451998434337948,2.351503286958397,-0.10049514737955068,12638555.975820519,-12701.135454547839
2006Q3,2006-07-03,TEVA,REBALANCE,5.743367886441856,5.745884186888648,0.0025163004467920747,12638555.975820519,318.02404048763816
2006Q4,2006-10-02,AAPL,REBALANCE,6.146679821044337,5.734845714630872,-0.4118341064134661,13566530.625162542,-55871.60017144736
2006Q4,2006-10-02,ADBE,REBALANCE,2.69711302007002,2.5626056718559904,-0.13450734821402988,13566530.625162542,-18247.98058855038
2006Q4,2006-10-02,AMAT,REBALANCE,1.8775813738294251,1.7830632831801794,-0.09451809064924578,13566530.625162542,-12822.825714248822
2006Q4,2006-10-02,AMGN,REBALANCE,4.691328264077733,4.437990879854289,-0.25333738422344476,13566530.625162542,-34369.093815659326
2006Q4,2006-10-02,AMZN,REBALANCE,3.0950076500069112,2.8929780042790556,-0.2020296457278553,13566530.625162542,-27408.413759576877
2006Q4,2006-10-02,CMCSA,REBALANCE,4.9458508488628485,4.720679153198191,-0.22517169566465753,13566530.625162542,-30547.987051543558
2006Q4,2006-10-02,COST,REBALANCE,2.7198658207477435,2.570801830399735,-0.14906399034800843,13566530.625162542,-20222.8119016519
2006Q4,2006-10-02,CSCO,REBALANCE,10.71349343362169,10.15638319998806,-0.5571102336336287,13566530.625162542,-75580.53046182082
2006Q4,2006-10-02,ERIC,BUY,0.0,5.350744142987977,5.350744142987977,13566530.625162542,725910.3428325548
2006Q4,2006-10-02,GILD,REBALANCE,2.6337577461395925,2.3859158477302516,-0.24784189840934107,13566530.625162542,-33623.54704968749
2006Q4,2006-10-02,GOOG,REBALANCE,9.88444283236059,9.497309698940482,-0.3871331334201075,13566530.625162542,-52520.53510559025
2006Q4,2006-10-02,INFY,BUY,0.0,2.67178804208188,2.67178804208188,13566530.625162542,362468.9429684689
2006Q4,2006-10-02,INTC,REBALANCE,11.247708168610004,10.648648304412298,-0.5990598641977068,13566530.625162542,-81271.63993943903
2006Q4,2006-10-02,MRVL,REBALANCE,2.621292770182144,2.479474271276726,-0.14181849890541748,13566530.625162542,-19239.850086149265
2006Q4,2006-10-02,MSFT,REBALANCE,12.34421739168166,11.350335461649458,-0.9938819300322019,13566530.625162542,-134835.29641577523
2006Q4,2006-10-02,ORCL,REBALANCE,7.468557353853223,7.061922091068437,-0.40663526278478523,13566530.625162542,-55166.297458408066
2006Q4,2006-10-02,PAYX,SELL,1.2140020489957115,0.0,-1.2140020489957115,13566530.625162542,-164697.95976710395
2006Q4,2006-10-02,PCAR,SELL,1.2407036656088632,0.0,-1.2407036656088632,13566530.625162542,-168320.44276234068
2006Q4,2006-10-02,QCOM,REBALANCE,4.274333596113598,4.0178193198738645,-0.2565142762397332,13566530.625162542,-34800.087843977446
2006Q4,2006-10-02,SBUX,REBALANCE,2.5867129790366743,2.462544216017036,-0.12416876301963829,13566530.625162542,-16845.39326194473
2006Q4,2006-10-02,SIRI,REBALANCE,1.8078685557496563,1.8314692977124747,0.023600741962818278,13566530.625162542,3201.8018861513287
2006Q4,2006-10-02,TEVA,REBALANCE,5.789482659407572,5.382681568862757,-0.40680109054481506,13566530.625162542,-55188.79453225754
2007Q1,2007-01-03,AAPL,REBALANCE,5.904907416466909,6.016452138544,0.1115447220770921,14521125.343878023,16197.548907294926
2007Q1,2007-01-03,ADBE,REBALANCE,2.6280622056812657,2.5911656509692254,-0.036896554712039994,14521125.343878023,-5357.79495730786
2007Q1,2007-01-03,AMAT,REBALANCE,1.7382987626821822,1.752763089908808,0.0144643272266258,14521125.343878023,2100.3830867270085
2007Q1,2007-01-03,AMGN,REBALANCE,3.9595976437837734,4.04680123814317,0.0872035943593967,14521125.343878023,12662.94324129494
2007Q1,2007-01-03,AMZN,REBALANCE,3.3204368628633953,3.3989445190193286,0.07850765615593294,14521125.343878023,11400.195154943794
2007Q1,2007-01-03,CMCSA,SELL,5.059350936321774,0.0,-5.059350936321774,14521125.343878023,-734674.6910499512
2007Q1,2007-01-03,COST,REBALANCE,2.562377186803273,2.617938797954895,0.05556161115162217,14521125.343878023,8068.171198405165
2007Q1,2007-01-03,CSCO,REBALANCE,11.284881742403527,11.416131813476003,0.1312500710724751,14521125.343878023,19058.9873343631
2007Q1,2007-01-03,ERIC,REBALANCE,5.834336029751424,6.0318352839812555,0.19749925422983192,14521125.343878023,28679.11425993821
2007Q1,2007-01-03,GILD,REBALANCE,2.1046027169498416,2.196732482577719,0.09212976562787724,14521125.343878023,13378.278745845106
2007Q1,2007-01-03,GOOG,SELL,10.166274526607843,0.0,-10.166274526607843,14521125.343878023,-1476257.4668114672
2007Q1,2007-01-03,GOOGL,BUY,0.0,11.11222036503744,11.11222036503744,14521125.343878023,1613619.4476950266
2007Q1,2007-01-03,INFY,REBALANCE,2.8593767513756445,2.9512556160549193,0.09187886467927481,14521125.343878023,13341.845104609567
2007Q1,2007-01-03,INTC,REBALANCE,9.84144523433654,9.984074526136004,0.14262929179946482,14521125.343878023,20711.378239285827
2007Q1,2007-01-03,MDLZ,BUY,0.0,3.0056117341652366,3.0056117341652366,14521125.343878023,436448.64726843993
2007Q1,2007-01-03,MRVL,REBALANCE,2.294950336265164,2.378498301608911,0.08354796534374709,14521125.343878023,12132.104769825286
2007Q1,2007-01-03,MSFT,REBALANCE,11.616948449337293,11.416131813476003,-0.2008166358612909,14521125.343878023,-29160.835404777154
2007Q1,2007-01-03,ORCL,REBALANCE,6.374538761096003,6.562099738762398,0.18756097766639418,14521125.343878023,27235.964663140163
2007Q1,2007-01-03,PCAR,BUY,0.0,1.3209363397052878,1.3209363397052878,14521125.343878023,191814.82160143927
2007Q1,2007-01-03,QCOM,REBALANCE,3.914925662096453,4.082687532330391,0.167761870233938,14521125.343878023,24360.91145590413
2007Q1,2007-01-03,SBUX,REBALANCE,2.3932277838894573,2.4197475182487307,0.02651973435927324,14521125.343878023,3850.9638671735543
2007Q1,2007-01-03,SIRI,SELL,1.5452027048430712,0.0,-1.5452027048430712,14521125.343878023,-224380.82158725592
2007Q1,2007-01-03,TEVA,REBALANCE,4.596258286445165,4.697971499900283,0.10171321345511797,14521125.343878023,14769.903217103887
2007Q2,2007-04-02,AAPL,REBALANCE,6.670071063569726,6.806918789727528,0.136847726157803,14344051.487966236,19629.5083001863
2007Q2,2007-04-02,ADBE,REBALANCE,2.660152809411383,2.7369444022067966,0.07679159279541346,14344051.487966236,11015.025609003478
2007Q2,2007-04-02,AMAT,REBALANCE,1.766834907661185,1.7736498162924503,0.006814908631265493,14344051.487966236,977.5340029265774
2007Q2,2007-04-02,AMGN,REBALANCE,3.3512940978480517,3.3272559902674996,-0.024038107580551943,14344051.487966236,-3448.0385280870855
2007Q2,2007-04-02,AMZN,REBALANCE,3.4696795922548014,3.593980375774835,0.12430078352003368,14344051.487966236,17829.76838805908
2007Q2,2007-04-02,COST,REBALANCE,2.70516222136744,2.7103285979230223,0.0051663765555824,14344051.487966236,741.067713194956
2007Q2,2007-04-02,CSCO,REBALANCE,10.795901121227084,10.651077629400985,-0.14482349182609738,14344051.487966236,-20773.556234205982
2007Q2,2007-04-02,ERIC,REBALANCE,5.6296933658921295,5.401324417449117,-0.22836894844301264,14344051.487966236,-32757.359547192802
2007Q2,2007-04-02,GILD,REBALANCE,2.6201223352898784,2.6944382206454507,0.07431588535557233,14344051.487966236,10659.908859141255
2007Q2,2007-04-02,GOOGL,REBALANCE,11.192717542667548,11.031883337612447,-0.16083420505510204,14344051.487966236,-23070.14118336503
2007Q2,2007-04-02,INFY,REBALANCE,2.751674974670381,2.6661205008168305,-0.08555447385355033,14344051.487966236,-12271.97777981187
2007Q2,2007-04-02,INTC,REBALANCE,9.599398093920149,9.552619595777198,-0.0467784981429506,14344051.487966236,-6709.931858922163
2007Q2,2007-04-02,MDLZ,REBALANCE,2.7196857255282287,2.65691167164527,-0.06277405388295867,14344051.487966236,-9004.34261005526
2007Q2,2007-04-02,MRVL,REBALANCE,2.109231038874526,2.0555141570326256,-0.05371688184190038,14344051.487966236,-7705.177189132176
2007Q2,2007-04-02,MSFT,REBALANCE,10.824248089351086,11.279401347022137,0.45515325767105236,14344051.487966236,65287.41762949138
2007Q2,2007-04-02,ORCL,REBALANCE,7.026809570455818,6.882406026768774,-0.1444035436870439,14344051.487966236,-20713.318656917392
2007Q2,2007-04-02,PCAR,REBALANCE,1.5167250943351585,1.5337028502893033,0.016977755954144906,14344051.487966236,2435.2980555637987
2007Q2,2007-04-02,QCOM,REBALANCE,4.6796695473979115,4.767570079120658,0.08790053172274617,14344051.487966236,12608.497528506805
2007Q2,2007-04-02,SBUX,REBALANCE,2.168831577489379,2.1717370466641053,0.0029054691747264216,14344051.487966236,416.7619943897456
2007Q2,2007-04-02,TEVA,REBALANCE,5.742097230788141,5.706215147562964,-0.035882083225177025,14344051.487966236,-5146.944492774288
2007Q3,2007-07-02,AAPL,REBALANCE,7.923002717640591,7.6187998522528115,-0.30420286538778013,16187222.054612722,-49241.993316814594
2007Q3,2007-07-02,ADBE,REBALANCE,2.3351511108872685,2.2812388673765818,-0.05391224351068667,16187222.054612722,-8726.894571698389
2007Q3,2007-07-02,AMAT,REBALANCE,1.7096772037361232,1.6892792888067232,-0.020397914929400074,16187222.054612722,-3301.85578413299
2007Q3,2007-07-02,AMGN,REBALANCE,2.917265723030411,2.8601045429435668,-0.05716118008684441,16187222.054612722,-9252.807149694574
2007Q3,2007-07-02,AMZN,REBALANCE,5.475463129430684,5.350287871126259,-0.12517525830442536,16187222.054612722,-20262.397019172386
2007Q3,2007-07-02,COST,REBALANCE,2.617478460783204,2.625416068452431,0.007937607669226965,16187222.054612722,1284.878179241738
2007Q3,2007-07-02,CSCO,REBALANCE,10.29596853970966,10.10961232613035,-0.18635621357930982,16187222.054612722,-30165.894104651226
2007Q3,2007-07-02,ERIC,REBALANCE,5.245395917631874,5.284028688432783,0.03863277080090946,16187222.054612722,6253.5723953928
2007Q3,2007-07-02,GILD,REBALANCE,2.4219663695608107,2.3951932901971036,-0.026773079363707347,16187222.054612722,-4333.817807461003
2007Q3,2007-07-02,GOOGL,REBALANCE,11.152815530945052,11.030501479154083,-0.12231405179096988,16187222.054612722,-19799.247167398305
2007Q3,2007-07-02,INFY,REBALANCE,2.3762240537171917,2.3672577718580268,-0.00896628185916501,16187222.054612722,-1451.391954585498
2007Q3,2007-07-02,INTC,REBALANCE,10.559205433373846,10.530449675704071,-0.028755757669775284,16187222.054612722,-4654.758347492854
2007Q3,2007-07-02,MDLZ,REBALANCE,2.6398823978930204,2.663807907926542,0.023925510033522,16187222.054612722,3872.8754368248533
2007Q3,2007-07-02,MRVL,REBALANCE,1.973159871798364,1.9259681590222975,-0.04719171277606654,16187222.054612722,-7639.027338436933
2007Q3,2007-07-02,MSFT,REBALANCE,10.60311148681012,11.125655271371757,0.5225437845616382,16187222.054612722,84585.32273956948
2007Q3,2007-07-02,NVDA,BUY,0.0,2.273075410250321,2.273075410250321,16187222.054612722,367947.7641260185
2007Q3,2007-07-02,ORCL,REBALANCE,6.630229790363436,6.533088048831407,-0.09714174153202942,16187222.054612722,-15724.549409507554
2007Q3,2007-07-02,PCAR,REBALANCE,1.6163413046127655,1.6028149576130832,-0.013526346999682276,16187222.054612722,-2189.5398247160156
2007Q3,2007-07-02,QCOM,REBALANCE,4.310628705141437,4.215840796547495,-0.09478790859394279,16187222.054612722,-15343.529245024854
2007Q3,2007-07-02,SBUX,SELL,1.610254370507866,0.0,-1.610254370507866,16187222.054612722,-260655.45059821452
2007Q3,2007-07-02,TEVA,REBALANCE,5.586777882426267,5.517579726002309,-0.0691981564239573,16187222.054612722,-11201.259238044226
2007Q4,2007-10-01,AAPL,REBALANCE,8.731013742191978,8.91275630499274,0.18174256280076295,17762970.487231404,32282.87779303752
2007Q4,2007-10-01,ADBE,REBALANCE,2.2606100618099316,2.2677887876093683,0.007178725799436569,17762970.487231404,1275.1549451131846
2007Q4,2007-10-01,AMAT,SELL,1.608166264840418,0.0,-1.608166264840418,17762970.487231404,-285658.0990092151
2007Q4,2007-10-01,AMGN,REBALANCE,2.6667256606575864,2.6500674404332245,-0.01665822022436196,17762970.487231404,-2958.994742151428
2007Q4,2007-10-01,AMZN,REBALANCE,6.638915241268224,6.514359760003385,-0.1245554812648389,17762970.487231404,-22124.753377302375
2007Q4,2007-10-01,COST,REBALANCE,2.515097126541684,2.449745618904011,-0.06535150763767317,17762970.487231404,-11608.36901464066
2007Q4,2007-10-01,CSCO,REBALANCE,10.959422631579235,10.850288888233466,-0.10913374334576842,17762970.487231404,-19385.39462211971
2007Q4,2007-10-01,ERIC,REBALANCE,4.804419505707139,4.737843178198888,-0.06657632750825052,17762970.487231404,-11825.933406773062
2007Q4,2007-10-01,GILD,REBALANCE,2.299165975335854,2.3130338121121157,0.013867836776261175,17762970.487231404,2463.3397537846954
2007Q4,2007-10-01,GOOGL,REBALANCE,10.909109729049764,10.949424559139267,0.04031483008950232,17762970.487231404,7161.111370775782
2007Q4,2007-10-01,GRMN,BUY,0.0,1.453754265848363,1.453754265848363,17762970.487231404,258229.9411995123
2007Q4,2007-10-01,INFY,REBALANCE,2.072047299018297,2.128126263218898,0.05607896420060099,17762970.487231404,9961.289860497818
2007Q4,2007-10-01,INTC,REBALANCE,10.502091939807713,10.430002509930407,-0.07208942987730615,17762970.487231404,-12805.22415351927
2007Q4,2007-10-01,MDLZ,REBALANCE,2.396388332673798,2.380247172225499,-0.016141160448298816,17762970.487231404,-2867.149566727987
2007Q4,2007-10-01,MRVL,SELL,1.5777731033346163,0.0,-1.5777731033346163,17762970.487231404,-280259.37070080295
2007Q4,2007-10-01,MSFT,REBALANCE,10.170782376427724,10.949424559139267,0.7786421827115433,17762970.487231404,138309.98111618587
2007Q4,2007-10-01,NVDA,REBALANCE,2.7258044283979297,2.7155225792266027,-0.010281849171326837,17762970.487231404,-1826.3618338444328
2007Q4,2007-10-01,ORCL,REBALANCE,6.539530463302352,6.537804956369573,-0.001725506932778731,17762970.487231404,-306.5012872246178
2007Q4,2007-10-01,PCAR,REBALANCE,1.4350267286128238,1.4224600022281852,-0.012566726384638516,17762970.487231404,-2232.2238989144616
2007Q4,2007-10-01,QCOM,REBALANCE,3.755685222276247,3.6786058502828296,-0.07707937199341736,17762970.487231404,-13691.586098934033
2007Q4,2007-10-01,TEVA,REBALANCE,5.4322241671667,5.400510639278988,-0.031713527887711895,17762970.487231404,-5633.264599154165
2007Q4,2007-10-01,WYNN,BUY,0.0,1.2582328526249487,1.2582328526249487,17762970.487231404,223499.53027241945
2008Q1,2008-01-02,AAPL,REBALANCE,11.159359312830084,11.341890530157524,0.18253121732744182,18310727.73734928,33422.79424049718
2008Q1,2008-01-02,ADBE,REBALANCE,2.1530878545319396,2.1951064783887464,0.042018623856806755,18310727.73734928,7693.915813400776
2008Q1,2008-01-02,AMGN,REBALANCE,2.1104385745435597,2.235385390780629,0.12494681623706969,18310727.73734928,22878.671337655953
2008Q1,2008-01-02,AMZN,REBALANCE,6.284886398127136,6.8540080090672735,0.5691216109401376,18310727.73734928,104210.30867366483
2008Q1,2008-01-02,COST,REBALANCE,2.70730530375841,2.7636673494796393,0.05636204572122931,18310727.73734928,10320.300739214617
2008Q1,2008-01-02,CSCO,REBALANCE,8.600388977525093,8.913030092113727,0.3126411145886354,18310727.73734928,57246.86328733921
2008Q1,2008-01-02,EA,BUY,0.0,1.8286918097310236,1.8286918097310236,18310727.73734928,334846.778435053
2008Q1,2008-01-02,ERIC,REBALANCE,2.6964636752512257,2.757221498532147,0.060757823280921386,18310727.73734928,11125.19960010933
2008Q1,2008-01-02,GILD,REBALANCE,2.5260351459299004,2.5575618646520906,0.031526718722190566,18310727.73734928,5772.771629740237
2008Q1,2008-01-02,GOOGL,REBALANCE,12.947655350122695,11.49399244846686,-1.4536629016558333,18310727.73734928,-266176.25614105107
2008Q1,2008-01-02,GRMN,REBALANCE,1.1456934231897393,1.2749691530357936,0.12927572984605412,18310727.73734928,23671.326922582153
2008Q1,2008-01-02,INFY,REBALANCE,1.941086015950809,1.9165050034336657,-0.024581012517143133,18310727.73734928,-4500.962277097826
2008Q1,2008-01-02,INTC,REBALANCE,10.475167039130904,10.28141424646462,-0.1937527926662852,18310727.73734928,-35477.54634863432
2008Q1,2008-01-02,MDLZ,REBALANCE,2.20131422609828,2.2634129605904345,0.062098734492154264,18310727.73734928,11370.730201197775
2008Q1,2008-01-02,MSFT,REBALANCE,12.878108543465425,11.49399244846686,-1.3841160949985638,18310727.73734928,-253441.7297240177
2008Q1,2008-01-02,NVDA,REBALANCE,2.4729173373474445,2.423357407441825,-0.049559929905619235,18310727.73734928,-9074.783831839082
2008Q1,2008-01-02,ORCL,REBALANCE,6.614665720397407,6.8337150279455345,0.21904930754812757,18310727.73734928,40109.522315686525
2008Q1,2008-01-02,PCAR,REBALANCE,1.3517944877812942,1.3519786967711187,0.00018420898982435263,18310727.73734928,33.73000659445865
2008Q1,2008-01-02,QCOM,REBALANCE,3.3346952486308377,3.4382319707279665,0.10353672209712922,18310727.73734928,18958.32729138128
2008Q1,2008-01-02,TEVA,REBALANCE,5.488454237935628,5.781867613752519,0.29341337581689153,18310727.73734928,53726.12439079644
2008Q1,2008-01-02,WYNN,SELL,0.9104831274521854,0.0,-0.9104831274521854,18310727.73734928,-166716.0865622725
2008Q2,2008-04-01,AAPL,REBALANCE,10.078758201576129,10.024341138154105,-0.05441706342202424,14927782.218679538,-8123.260717440501
2008Q2,2008-04-01,ADBE,REBALANCE,2.2426474555267197,2.2576773546769577,0.015029899150237683,14927782.218679538,2243.6306128346478
2008Q2,2008-04-01,AMAT,BUY,0.0,1.812956012364212,1.812956012364212,14927782.218679538,270634.12524618645
2008Q2,2008-04-01,AMGN,REBALANCE,2.4668287853504958,2.3290954375270805,-0.1377333478234155,14927782.218679538,-20560.53420557586
2008Q2,2008-04-01,AMZN,REBALANCE,6.470620293922745,6.290127176480464,-0.18049311744228053,14927782.218679538,-26943.619491489128
2008Q2,2008-04-01,COST,REBALANCE,3.1643269079713994,3.112711677184982,-0.05161523078641775,14927782.218679538,-7705.009243465275
2008Q2,2008-04-01,CSCO,REBALANCE,9.729357440729238,9.66133496786757,-0.06802247286167018,14927782.218679538,-10154.246608550515
2008Q2,2008-04-01,EA,REBALANCE,1.9170713235198187,1.9268002650887854,0.009728941568966712,14927782.218679538,1452.3152095979349
2008Q2,2008-04-01,ERIC,SELL,2.846148250536789,0.0,-2.846148250536789,14927782.218679538,-424866.8124608895
2008Q2,2008-04-01,GILD,REBALANCE,3.5135350155344067,3.435233350422366,-0.07830166511204051,14927782.218679538,-11688.702041525183
2008Q2,2008-04-01,GOOGL,REBALANCE,8.980860345078733,10.334326000991098,1.3534656559123643,14927782.218679538,202042.40551922028
2008Q2,2008-04-01,GRMN,SELL,0.8707881381522761,0.0,-0.8707881381522761,14927782.218679538,-129989.35684946607
2008Q2,2008-04-01,INFY,REBALANCE,1.8538135753486573,1.8594035496006092,0.005589974251951971,14927782.218679538,834.4591824116508
2008Q2,2008-04-01,INTC,REBALANCE,10.079970194625256,10.324168617214955,0.24419842258970037,14927782.218679538,36453.40870564121
2008Q2,2008-04-01,ISRG,BUY,0.0,2.0816769269505264,2.0816769269505264,14927782.218679538,310748.19815167534
2008Q2,2008-04-01,MDLZ,REBALANCE,2.661431701523822,2.6014091641220283,-0.06002253740179375,14927782.218679538,-8960.033665465244
2008Q2,2008-04-01,MSFT,REBALANCE,11.283085890643651,11.267551755334106,-0.015534135309545893,14927782.218679538,-2318.9018885640116
2008Q2,2008-04-01,NVDA,SELL,1.7291760494542927,0.0,-1.7291760494542927,14927782.218679538,-258127.63484010322
2008Q2,2008-04-01,ORCL,REBALANCE,7.2612618723815885,7.142178693403597,-0.11908317897799114,14927782.218679538,-17776.47761691489
2008Q2,2008-04-01,PAYX,BUY,0.0,1.038216878832157,1.038216878832157,14927782.218679538,154982.75462963645
2008Q2,2008-04-01,PCAR,REBALANCE,1.3752392890645209,1.4144866421097706,0.0392473530452497,14927782.218679538,5858.7593891911665
2008Q2,2008-04-01,QCOM,REBALANCE,4.408390409944065,4.368689000654913,-0.0397014092891515,14927782.218679538,-5926.539916431144
2008Q2,2008-04-01,TEVA,REBALANCE,7.066688859115403,6.717615391019698,-0.349073468095705,14927782.218679538,-52108.92710051864
2008Q3,2008-07-01,AAPL,REBALANCE,11.175964905297601,11.110057793241337,-0.06590711205626404,15623313.129203182,-10296.874490964952
2008Q3,2008-07-01,ADBE,REBALANCE,2.3874924915847284,2.391706377136842,0.0042138855521133695,15623313.129203182,658.348534712924
2008Q3,2008-07-01,AMAT,REBALANCE,1.7000886716877452,1.7045817146476294,0.004493042959884119,15623313.129203182,701.9621706523149
2008Q3,2008-07-01,AMGN,REBALANCE,2.511972055846604,2.6259485336753916,0.11397647782878766,15623313.129203182,17806.902024828334
2008Q3,2008-07-01,AMZN,REBALANCE,6.181213417706717,5.900187403905692,-0.2810260138010251,15623313.129203182,-43905.5741106519
2008Q3,2008-07-01,COST,REBALANCE,3.2177628367191202,3.3263363458349597,0.10857350911583977,15623313.129203182,16962.779304531607
2008Q3,2008-07-01,CSCO,REBALANCE,8.913170525163688,8.74986771351647,-0.16330281164721738,15623313.129203182,-25513.309612437657
2008Q3,2008-07-01,EA,REBALANCE,1.63855314831969,1.6469156815267019,0.00836253320701183,15623313.129203182,1306.5047484650552
2008Q3,2008-07-01,GILD,REBALANCE,3.372750936720704,3.3120098096360953,-0.06074112708460838,15623313.129203182,-9489.77648263561
2008Q3,2008-07-01,GOOGL,REBALANCE,11.801041216370166,11.110057793241337,-0.6909834231288283,15623313.129203182,-107954.50386630381
2008Q3,2008-07-01,INFY,REBALANCE,2.191995835708023,2.1430024007307873,-0.04899343497723578,15623313.129203182,-7654.3977592461015
2008Q3,2008-07-01,INTC,REBALANCE,10.064022955815318,9.964772641721051,-0.0992503140942666,15623313.129203182,-15506.18735266495
2008Q3,2008-07-01,ISRG,SELL,1.6520345838464008,0.0,-1.6520345838464008,15623313.129203182,-258102.5360370519
2008Q3,2008-07-01,MDLZ,REBALANCE,2.3016628191453803,2.298090630775817,-0.0035721883695629536,15623313.129203182,-558.094174541798
2008Q3,2008-07-01,MRVL,BUY,0.0,1.9760184892932846,1.9760184892932846,15623313.129203182,308719.5560732401
2008Q3,2008-07-01,MSFT,REBALANCE,10.474319545971355,11.110057793241337,0.6357382472699833,15623313.129203182,99323.37705309747
2008Q3,2008-07-01,ORCL,REBALANCE,7.326613970547948,7.287472798637358,-0.03914117191058941,15623313.129203182,-6115.147850031103
2008Q3,2008-07-01,PAYX,REBALANCE,0.9132605792622586,0.9111361039981354,-0.0021244752641232448,15623313.129203182,-331.9134228664409
2008Q3,2008-07-01,PCAR,REBALANCE,1.2608731141769711,1.2408986334790122,-0.019974480697958902,15623313.129203182,-3120.6756653743682
2008Q3,2008-07-01,QCOM,REBALANCE,4.532143512788386,4.648563151948737,0.11641963916035128,15623313.129203182,18188.60476991013
2008Q3,2008-07-01,TEVA,REBALANCE,6.383062877321205,6.542318189812002,0.15925531249079694,15623313.129203182,24880.956145328233
2008Q4,2008-10-01,AAPL,REBALANCE,8.393756745523637,8.29264141417806,-0.1011153313455776,14037241.305015348,-14193.80305734455
2008Q4,2008-10-01,ADBE,REBALANCE,2.6673524125353714,2.619083953941981,-0.048268458593390615,14037241.305015348,-6775.5600069656575
2008Q4,2008-10-01,AMAT,REBALANCE,1.508521204350456,1.539240907929727,0.030719703579270945,14037241.305015348,4312.198919607699
2008Q4,2008-10-01,AMGN,REBALANCE,3.673150244378815,3.7061467776858295,0.03299653330701424,14037241.305015348,4631.80300259535
2008Q4,2008-10-01,AMZN,REBALANCE,6.515806424113784,6.4685871560826484,-0.04721926803113452,14037241.305015348,-6628.282595992322
2008Q4,2008-10-01,COST,REBALANCE,3.4356903860081127,3.4490337252667946,0.013343339258681947,14037241.305015348,1873.036729888031
2008Q4,2008-10-01,CSCO,REBALANCE,9.44544114005715,9.623655719863061,0.17821457980591038,14037241.305015348,25016.41060807479
2008Q4,2008-10-01,EA,SELL,1.5260570751864835,0.0,-1.5260570751864835,14037241.305015348,-214216.3140961862
2008Q4,2008-10-01,GILD,REBALANCE,3.1766368268063574,3.335982416642744,0.1593455898363863,14037241.305015348,22367.724954233556
2008Q4,2008-10-01,GOOGL,REBALANCE,9.408049113253707,10.35689236081586,0.948843247562152,14037241.305015348,133191.4162666434
2008Q4,2008-10-01,INFY,REBALANCE,1.8280965089266539,1.8528185290918704,0.024722020165216657,14037241.305015348,3470.2896260660164
2008Q4,2008-10-01,INTC,REBALANCE,9.73129635830723,9.986692274468863,0.255395916161634,14037241.305015348,35850.54103476326
2008Q4,2008-10-01,ISRG,BUY,0.0,1.6089510650491923,1.6089510650491923,14037241.305015348,225852.34348056957
2008Q4,2008-10-01,MDLZ,REBALANCE,2.9689559194657122,3.166038855033494,0.19708293556778209,14037241.305015348,27665.00723665749
2008Q4,2008-10-01,MRVL,SELL,1.1581759226671369,0.0,-1.1581759226671369,14037241.305015348,-162575.94900137393
2008Q4,2008-10-01,MSFT,REBALANCE,12.044658381917781,11.322777449267344,-0.7218809326504372,14037241.305015348,-101332.1684510372
2008Q4,2008-10-01,ORCL,REBALANCE,7.844388242441534,7.878212332317772,0.03382408987623736,14037241.305015348,4747.969115152706
2008Q4,2008-10-01,PAYX,REBALANCE,1.08096855642469,1.0968345163568465,0.015865959932156483,14037241.305015348,2227.1430810338547
2008Q4,2008-10-01,PCAR,REBALANCE,1.2662968615678685,1.220032405516405,-0.046264456051463634,14037241.305015348,-6494.253334396726
2008Q4,2008-10-01,QCOM,REBALANCE,5.025586822965714,4.900911548475909,-0.12467527448980498,14037241.305015348,-17500.969127824166
2008Q4,2008-10-01,TEVA,REBALANCE,7.301114853101811,7.575466592015596,0.27435173891378617,14037241.305015348,38511.41561583386
2009Q1,2009-01-02,AAPL,REBALANCE,7.864669871688274,7.986912351834488,0.12224248014621464,11114500.313290063,13586.640838824569
2009Q1,2009-01-02,ADBE,REBALANCE,1.7842256699210062,1.8316638822699918,0.04743821234898561,11114500.313290063,5272.520260147211
2009Q1,2009-01-02,ADP,BUY,0.0,1.8469760583325616,1.8469760583325616,11114500.313290063,205282.15978976502
2009Q1,2009-01-02,AMAT,SELL,1.3085220284927492,0.0,-1.3085220284927492,11114500.313290063,-145435.6849562961
2009Q1,2009-01-02,AMGN,REBALANCE,4.5606999929807515,4.2782873397080845,-0.28241265327266646,11114500.313290063,-31388.755232761294
2009Q1,2009-01-02,AMZN,REBALANCE,5.757799844705237,5.852593354582263,0.09479350987702667,11114500.313290063,10535.824952260777
2009Q1,2009-01-02,COST,REBALANCE,3.5329236056585542,3.304227417763443,-0.22869618789511104,11114500.313290063,-25418.438520084546
2009Q1,2009-01-02,CSCO,REBALANCE,8.781737289532728,8.611430126964015,-0.17030716256871414,11114500.313290063,-18928.79011725515
2009Q1,2009-01-02,FSLR,BUY,0.0,3.2586368624975064,3.2586368624975064,11114500.313290063,362181.2042912708
2009Q1,2009-01-02,GILD,REBALANCE,4.721997179010158,4.4501395052094574,-0.2718576738006996,11114500.313290063,-30215.622006281836
2009Q1,2009-01-02,GOOGL,REBALANCE,10.047405619912837,9.360718946328038,-0.6866866735847978,11114500.313290063,-76321.79248690348
2009Q1,2009-01-02,INFY,REBALANCE,1.7382497221212996,1.677362781297086,-0.0608869408242136,11114500.313290063,-6767.279228659956
2009Q1,2009-01-02,INTC,REBALANCE,9.957839092888667,9.574667641758962,-0.38317145112970463,11114500.313290063,-42587.592136249106
2009Q1,2009-01-02,ISRG,SELL,1.0708364731624282,0.0,-1.0708364731624282,11114500.313290063,-119018.12316446236
2009Q1,2009-01-02,MDLZ,REBALANCE,3.314025066488272,3.029543762190936,-0.28448130429733626,11114500.313290063,-31618.675457379097
2009Q1,2009-01-02,MSFT,REBALANCE,10.486355319084582,11.08876355709838,0.6024082380137976,11114500.313290063,66954.6655013287
2009Q1,2009-01-02,ORCL,REBALANCE,8.685968506137828,8.457582899616654,-0.22838560652117257,11114500.313290063,-25383.918952305135
2009Q1,2009-01-02,PAYX,REBALANCE,1.1150516775487198,1.0606637632073648,-0.05438791434135507,11114500.313290063,-6044.944909861841
2009Q1,2009-01-02,PCAR,REBALANCE,1.1652916583362503,1.2174714875628676,0.05217982922661717,11114500.313290063,5799.527282866586
2009Q1,2009-01-02,QCOM,REBALANCE,5.185938036514501,5.088957689643154,-0.0969803468713469,11114500.313290063,-10778.880956845642
2009Q1,2009-01-02,TEVA,REBALANCE,8.920463345815161,8.023400572134737,-0.8970627736804238,11114500.313290063,-99704.04479111923
2009Q2,2009-04-01,AAPL,REBALANCE,9.403315893028715,9.284328627413391,-0.11898726561532375,11627055.295846228,-13834.715168109116
2009Q2,2009-04-01,ADBE,REBALANCE,1.7591427324338562,1.6959041613714612,-0.06323857106239512,11627055.295846228,-7352.783625727692
2009Q2,2009-04-01,ADP,REBALANCE,1.593150991105959,1.572059579744303,-0.021091411361655668,11627055.295846228,-2452.3100616940983
2009Q2,2009-04-01,AMGN,REBALANCE,3.506863614080146,3.402020039063013,-0.10484357501713282,11627055.295846228,-12190.220441384054
2009Q2,2009-04-01,AMZN,REBALANCE,8.012226469859463,7.680416639638388,-0.3318098302210748,11627055.295846228,-38579.71243685785
2009Q2,2009-04-01,COST,REBALANCE,2.7969360118698146,2.796384106444875,-0.0005519054249395611,11627055.295846228,-64.17034893849787
2009Q2,2009-04-01,CSCO,REBALANCE,8.469170217497075,8.604431353848907,0.13526113635183162,11627055.295846228,15726.887117417426
2009Q2,2009-04-01,FSLR,REBALANCE,2.9962212279977853,2.828727826460003,-0.1674934015377827,11627055.295846228,-19474.550413691748
2009Q2,2009-04-01,GILD,REBALANCE,3.8530239060735916,3.7397659408447104,-0.11325796522888149,11627055.295846228,-13168.566244112344
2009Q2,2009-04-01,GOOGL,REBALANCE,10.12340630417672,10.011833717090855,-0.1115725870858647,11627055.295846228,-12972.606395479675
2009Q2,2009-04-01,INFY,REBALANCE,1.737853728268286,1.7471102457632104,0.009256517494924538,11627055.295846228,1076.2604076045561
2009Q2,2009-04-01,INTC,REBALANCE,9.480251633970639,9.283643137475073,-0.196608496495565,11627055.295846228,-22859.778603871237
2009Q2,2009-04-01,MDLZ,REBALANCE,2.4360683681485686,2.4857571185370935,0.049688750388524744,11627055.295846228,5777.338483488779
2009Q2,2009-04-01,MSFT,REBALANCE,10.085181563995855,10.945315802111677,0.8601342381158215,11627055.295846228,100008.28348423222
2009Q2,2009-04-01,ORCL,REBALANCE,8.239784360340046,8.284509990446512,0.04472563010646524,11627055.295846228,5200.273743894361
2009Q2,2009-04-01,PAYX,REBALANCE,1.0027024689510187,0.993521297156932,-0.009181171794086715,11627055.295846228,-1067.4999213050994
2009Q2,2009-04-01,PCAR,REBALANCE,1.0546613898471613,1.0063990400670986,-0.048262349780062684,11627055.295846228,-5611.490096002609
2009Q2,2009-04-01,QCOM,REBALANCE,5.307415562875621,5.314473445769283,0.007057882893661549,11627055.295846228,820.6239467621001
2009Q2,2009-04-01,TEVA,REBALANCE,8.142623555479666,8.323397930753213,0.18077437527354717,11627055.295846228,21018.7365737759
2009Q3,2009-07-01,AAPL,REBALANCE,10.677017837912075,10.409362003106946,-0.26765583480512917,13698919.58033373,-36665.95756202554
2009Q3,2009-07-01,ADBE,REBALANCE,1.9044096752408333,1.8883774252719094,-0.016032249968923884,13698919.58033373,-2196.2450301609624
2009Q3,2009-07-01,ADP,REBALANCE,1.3566113668328283,1.3625518790519626,0.005940512219134407,13698919.58033373,813.785991559121
2009Q3,2009-07-01,AMGN,REBALANCE,3.086906442154186,3.1686075559442153,0.08170111379002948,13698919.58033373,11192.169874333089
2009Q3,2009-07-01,AMZN,REBALANCE,7.42597376975356,7.274970307404105,-0.1510034623494555,13698919.58033373,-20685.84287077143
2009Q3,2009-07-01,COST,REBALANCE,2.354817129658291,2.366089794075544,0.011272664417252831,13698919.58033373,1544.2332330803613
2009Q3,2009-07-01,CSCO,REBALANCE,8.121784428861409,7.9045908216036365,-0.2171936072577721,13698919.58033373,-29753.177591868083
2009Q3,2009-07-01,FSLR,REBALANCE,2.934637840584571,2.7659158734132414,-0.16872196717132928,13698919.58033373,-23113.086597157475
2009Q3,2009-07-01,GILD,REBALANCE,3.2097872109729355,3.307241583781981,0.09745437280904504,13698919.58033373,13350.196158629702
2009Q3,2009-07-01,GOOGL,REBALANCE,10.292790273309272,10.107580389124665,-0.18520988418460615,13698919.58033373,-25371.753089278438
2009Q3,2009-07-01,INFY,REBALANCE,2.063320421617437,2.0770235683515295,0.013703146734092217,13698919.58033373,1877.1830510784207
2009Q3,2009-07-01,INTC,REBALANCE,8.74995757307159,9.056029586451151,0.30607201337956164,13698919.58033373,41928.558970774444
2009Q3,2009-07-01,MDLZ,REBALANCE,2.4255794365648384,2.5020655458037453,0.07648610923890707,13698919.58033373,10477.770594764086
2009Q3,2009-07-01,MRVL,BUY,0.0,1.4506214816490657,1.4506214816490657,13698919.58033373,198719.47018615113
2009Q3,2009-07-01,MSFT,REBALANCE,12.097096085802946,11.073122126340158,-1.0239739594627886,13698919.58033373,-140273.36923036652
2009Q3,2009-07-01,ORCL,REBALANCE,8.356776018349517,8.291849442338108,-0.06492657601140928,13698919.58033373,-8894.239434067207
2009Q3,2009-07-01,PAYX,REBALANCE,0.8374445736738739,0.8545095506587854,0.017064976984911516,13698919.58033373,2337.7174735654885
2009Q3,2009-07-01,PCAR,REBALANCE,1.0819374277470042,1.0892882379123374,0.007350810165333323,13698919.58033373,1006.9815730520088
2009Q3,2009-07-01,QCOM,REBALANCE,5.260530329523194,5.18077998763562,-0.07975034188757446,13698919.58033373,-10924.93520022003
2009Q3,2009-07-01,TEVA,REBALANCE,7.762622158369646,7.869422840081314,0.10680068171166762,13698919.58033373,14630.539498929542
2009Q4,2009-10-01,AAPL,REBALANCE,11.934189025847637,11.056981933546,-0.8772070923016378,15549222.034173321,-136398.87848149738
2009Q4,2009-10-01,ADBE,REBALANCE,1.9423168506365787,1.9317478106714607,-0.010569039965117877,15549222.034173321,-1643.4034910566932
2009Q4,2009-10-01,ADP,REBALANCE,1.3425917397455125,1.3795494616886301,0.036957721943117576,15549222.034173321,5746.638243707746
2009Q4,2009-10-01,AMGN,REBALANCE,3.175960357358031,3.2282531753056882,0.05229281794765714,15549222.034173321,8131.126370607245
2009Q4,2009-10-01,AMZN,REBALANCE,7.152401250373782,7.394777250541408,0.24237600016762534,15549222.034173321,37687.582423612366
2009Q4,2009-10-01,COST,REBALANCE,2.5766711434983547,2.6314205028393536,0.05474935934099874,15549222.034173321,8513.099446219305
2009Q4,2009-10-01,CSCO,REBALANCE,8.789908945209053,8.844988841210885,0.055079896001831996,15549222.034173321,8564.495325516611
2009Q4,2009-10-01,FSLR,REBALANCE,2.2964639543418657,2.332841924662523,0.03637797032065744,15549222.034173321,5656.491376684698
2009Q4,2009-10-01,GILD,REBALANCE,2.892541506334854,2.9146848104059946,0.022143304071140305,15549222.034173321,3443.1115157237464
2009Q4,2009-10-01,GOOGL,REBALANCE,10.473333148483615,10.707859376361402,0.23452622787778626,15549222.034173321,36467.003901088276
2009Q4,2009-10-01,INFY,REBALANCE,2.4124565284723807,2.3951736188071537,-0.017282909665226887,15549222.034173321,-2687.3579978117295
2009Q4,2009-10-01,INTC,REBALANCE,9.50313527226734,9.218075917416154,-0.28505935485118455,15549222.034173321,-44324.5120149927
2009Q4,2009-10-01,MDLZ,REBALANCE,2.3104856856801512,2.2510511951646452,-0.05943449051550587,15549222.034173321,-9241.60089513569
2009Q4,2009-10-01,MRVL,REBALANCE,1.7775654131960799,1.684106031137033,-0.0934593820590468,15549222.034173321,-14532.206828127533
2009Q4,2009-10-01,MSFT,REBALANCE,10.61511309886441,11.056981933546,0.44186883468158994,15549222.034173321,68707.16620445467
2009Q4,2009-10-01,ORCL,REBALANCE,7.124729732708509,7.092222586775875,-0.032507145932635095,15549222.034173321,-5054.6082980381725
2009Q4,2009-10-01,PAYX,SELL,0.8779317726919422,0.0,-0.8779317726919422,15549222.034173321,-136511.5606444239
2009Q4,2009-10-01,PCAR,REBALANCE,1.1186567864769412,1.0766568648433068,-0.04199992163363437,15549222.034173321,-6530.661068992603
2009Q4,2009-10-01,QCOM,REBALANCE,4.558560785091475,4.479141092365974,-0.07941969272550198,15549222.034173321,-12349.144360746499
2009Q4,2009-10-01,SBUX,BUY,0.0,1.2677944616912993,1.2677944616912993,15549222.034173321,197132.17578533254
2009Q4,2009-10-01,TEVA,REBALANCE,7.124987002721469,7.055691211019215,-0.06929579170225492,15549222.034173321,-10774.95651212187
2010Q1,2010-01-04,AAPL,REBALANCE,11.098852535671746,11.234724890950021,0.13587235527827562,17611691.94283915,23929.420647089853
2010Q1,2010-01-04,ADBE,REBALANCE,1.8985833733654995,1.9051966851097617,0.006613311744262107,17611691.94283915,1164.7160916190446
2010Q1,2010-01-04,ADP,REBALANCE,1.337657074648646,1.3084058937587777,-0.029251180889868292,17611691.94283915,-5151.627867966239
2010Q1,2010-01-04,AMGN,REBALANCE,2.677001866763049,2.702466912107653,0.025465045344604323,17611691.94283915,4484.825339196015
2010Q1,2010-01-04,AMZN,REBALANCE,9.40716291774583,9.306621005684654,-0.10054191206117502,17611691.94283915,-17707.131825654385
2010Q1,2010-01-04,COST,REBALANCE,2.4456784555542086,2.4094406282464655,-0.03623782730774322,17611691.94283915,-6382.094512217778
2010Q1,2010-01-04,CSCO,REBALANCE,7.94186996474312,8.093064165303161,0.15119420056004113,17611691.94283915,26627.85683807283
2010Q1,2010-01-04,FSLR,REBALANCE,1.824390004553729,1.8809487137751313,0.056558709221402395,17611691.94283915,9960.945634919548
2010Q1,2010-01-04,GILD,REBALANCE,2.39460088654917,2.3839650618969848,-0.010635824652185238,17611691.94283915,-1873.1486733234076
2010Q1,2010-01-04,GOOGL,REBALANCE,11.820548838659168,11.234724890950021,-0.5858239477091465,17611691.94283915,-103173.50899791399
2010Q1,2010-01-04,INFY,REBALANCE,2.421401519443166,2.4733235767600963,0.0519220573169301,17611691.94283915,9144.352785042103
2010Q1,2010-01-04,INTC,REBALANCE,8.548428744034437,8.78064984525196,0.23222110121752237,17611691.94283915,40898.06497269873
2010Q1,2010-01-04,MDLZ,REBALANCE,2.078147214849308,2.054553749176124,-0.02359346567318392,17611691.94283915,-4155.208493000653
2010Q1,2010-01-04,MRVL,REBALANCE,1.9056718636840424,2.025795671982094,0.12012380829805151,17611691.94283915,21155.835067459484
2010Q1,2010-01-04,MSFT,REBALANCE,11.619936231858025,11.234724890950021,-0.3852113409080052,17611691.94283915,-67842.2346895978
2010Q1,2010-01-04,ORCL,REBALANCE,7.38813835615524,7.424971714941357,0.03683335878611749,17611691.94283915,6486.977681611689
2010Q1,2010-01-04,PCAR,REBALANCE,0.9163517683789826,0.9477173343135081,0.0313655659345255,17611691.94283915,5524.006848516728
2010Q1,2010-01-04,QCOM,REBALANCE,4.082525537716377,4.229300483475275,0.14677494575889918,17611691.94283915,25849.55129632658
2010Q1,2010-01-04,SBUX,REBALANCE,1.2499585225288485,1.2521611313991816,0.002202608870333078,17611691.94283915,387.9166889487111
2010Q1,2010-01-04,TEVA,REBALANCE,6.943094323097408,7.117242753967767,0.1741484308703592,17611691.94283915,30670.485168175856
2010Q2,2010-04-01,AAPL,REBALANCE,12.130917576750125,11.127719431312782,-1.0031981454373424,18189100.405052252,-182472.7179352203
2010Q2,2010-04-01,ADBE,REBALANCE,1.7739975407931812,1.7931625054595075,0.01916496466632632,18189100.405052252,3485.934665750882
2010Q2,2010-04-01,ADP,REBALANCE,1.326011531248069,1.3286066265668643,0.0025950953187954193,18189100.405052252,472.02449314250964
2010Q2,2010-04-01,AMGN,REBALANCE,2.7679320708802635,2.780480148998447,0.01254807811818387,18189100.405052252,2282.382527820855
2010Q2,2010-04-01,AMZN,REBALANCE,9.094919259737768,8.948327922198924,-0.14659133753884418,18189100.405052252,-26663.645570049423
2010Q2,2010-04-01,BIDU,BUY,0.0,2.080736508426161,2.080736508426161,18189100.405052252,378467.252682213
2010Q2,2010-04-01,COST,REBALANCE,2.3614776031021614,2.389652103010917,0.028174499908755618,18189100.405052252,5124.6880770249145
2010Q2,2010-04-01,CSCO,REBALANCE,8.520263815446087,8.269861592977888,-0.250402222468199,18189100.405052252,-45545.91166122302
2010Q2,2010-04-01,FSLR,SELL,1.6497408465285455,0.0,-1.6497408465285455,18189100.405052252,-300073.0189982361
2010Q2,2010-04-01,GILD,REBALANCE,2.425649386915202,2.454369537627479,0.02872015071227682,18189100.405052252,5223.93704953836
2010Q2,2010-04-01,GOOGL,REBALANCE,9.950607181758219,10.44854104867629,0.4979338669180697,18189100.405052252,90569.69100448696
2010Q2,2010-04-01,INFY,REBALANCE,2.5481936218407433,2.561373709372355,0.013180087531611956,18189100.405052252,2397.3393545986714
2010Q2,2010-04-01,INTC,REBALANCE,9.363895071304333,9.270272626841914,-0.0936224444624198,18189100.405052252,-17029.080424933818
2010Q2,2010-04-01,MDLZ,REBALANCE,2.234452513297053,2.240891393040005,0.006438879742952028,18189100.405052252,1171.1743014061146
2010Q2,2010-04-01,MRVL,REBALANCE,1.9302932104645196,1.9175324119128392,-0.012760798551680538,18189100.405052252,-2321.0744610516267
2010Q2,2010-04-01,MSFT,REBALANCE,10.502258683493064,11.127719431312782,0.6254607478197185,18189100.405052252,113765.68341511927
2010Q2,2010-04-01,ORCL,REBALANCE,7.55032626085545,7.445356186574535,-0.10497007428091482,18189100.405052252,-19093.112206213525
2010Q2,2010-04-01,PCAR,REBALANCE,1.0992385776813831,1.1110012689818003,0.011762691300417141,18189100.405052252,2139.52773096922
2010Q2,2010-04-01,QCOM,REBALANCE,3.730852624993159,3.736455240756545,0.005602615763385804,18189100.405052252,1019.0654065115286
2010Q2,2010-04-01,SBUX,REBALANCE,1.2760289424033535,1.2861871705050754,0.010158228101721754,18189100.405052252,1847.6903087964033
2010Q2,2010-04-01,TEVA,REBALANCE,7.762943680507335,7.68175313544688,-0.08119054506045553,18189100.405052252,-14767.829760455448
2010Q3,2010-07-01,AAPL,REBALANCE,13.774780935945921,11.275728227200602,-2.4990527087453183,15727321.075469457,-393034.0433495928
2010Q3,2010-07-01,ADBE,SELL,1.5496664758646157,0.0,-1.5496664758646157,15727321.075469457,-243721.0222581405
2010Q3,2010-07-01,ADP,REBALANCE,1.402713446203181,1.4127635454744414,0.010050099271260472,15727321.075469457,1580.6113807945505
2010Q3,2010-07-01,AMGN,REBALANCE,2.8266400832579217,2.791103423616799,-0.035536659641122875,15727321.075469457,-5588.964561256166
2010Q3,2010-07-01,AMZN,REBALANCE,8.3282879574772,8.837903205553058,0.5096152480758578,15727321.075469457,80148.82631444035
2010Q3,2010-07-01,BIDU,REBALANCE,2.7442190615197197,2.789090331589805,0.04487127007008519,15727321.075469457,7057.048714563327
2010Q3,2010-07-01,COST,REBALANCE,2.5465479714273287,2.568161201449076,0.021613230021747323,15727321.075469457,3399.1820802999587
2010Q3,2010-07-01,CSCO,REBALANCE,7.83003632413146,7.985950514431593,0.15591419030013265,15727321.075469457,24521.125310720316
2010Q3,2010-07-01,FSLR,BUY,0.0,1.8689179475369453,1.8689179475369453,15727321.075469457,293930.7262462092
2010Q3,2010-07-01,GILD,REBALANCE,2.139991547550333,2.154006680922977,0.014015133372644387,15727321.075469457,2204.2050246710537
2010Q3,2010-07-01,GOOGL,REBALANCE,9.480874103555106,9.471839081165479,-0.009035022389627945,15727321.075469457,-1420.9669804573398
2010Q3,2010-07-01,INFY,REBALANCE,3.0362258940244504,2.9692995075856743,-0.06692638643877626,15727321.075469457,-10525.727679435791
2010Q3,2010-07-01,INTC,REBALANCE,9.421298939854356,9.41695686885718,-0.00434207099717504,15727321.075469457,-682.891447050557
2010Q3,2010-07-01,MDLZ,REBALANCE,2.423644328335101,2.4505746363035668,0.026930307968466016,15727321.075469457,4235.416000813386
2010Q3,2010-07-01,MRVL,REBALANCE,1.711589775455903,1.7993490070533327,0.08775923159742953,15727321.075469457,13802.176126692586
2010Q3,2010-07-01,MSFT,REBALANCE,10.155825424081236,11.275728227200602,1.1199028031193672,15727321.075469457,176130.70957976545
2010Q3,2010-07-01,ORCL,REBALANCE,7.201138879621011,7.40790700954584,0.20676812992482946,15727321.075469457,32519.087675021772
2010Q3,2010-07-01,PCAR,REBALANCE,1.1844462909643245,1.1830691397778739,-0.001377151186450834,15727321.075469457,-216.5889887877597
2010Q3,2010-07-01,QCOM,REBALANCE,3.4002213093192153,3.332321561203084,-0.06789974811613128,15727321.075469457,-10678.81139565899
2010Q3,2010-07-01,SBUX,REBALANCE,1.4955216260071211,1.5415198631911833,0.04599823718406219,15727321.075469457,7234.2904509934415
2010Q3,2010-07-01,TEVA,REBALANCE,7.346329625404488,7.4678100203408855,0.12148039493639767,15727321.075469457,19105.611755395603
2010Q4,2010-10-01,AAPL,REBALANCE,11.0438067436227,11.042705190707073,-0.0011015529156263582,18114510.643212944,-199.54092014175916
2010Q4,2010-10-01,ADP,SELL,1.2915777096957206,0.0,-1.2915777096957206,18114510.643212944,-233962.9816881973
2010Q4,2010-10-01,AMGN,REBALANCE,2.5389182256245006,2.5060330265766386,-0.03288519904786208,18114510.643212944,-5956.992881566738
2010Q4,2010-10-01,AMZN,REBALANCE,11.03015988948004,10.301373122177147,-0.7287867673028927,18114510.643212944,-132016.15652941007
2010Q4,2010-10-01,BIDU,REBALANCE,3.65008678321815,3.382378796284708,-0.26770798693344156,18114510.643212944,-48493.991785789396
2010Q4,2010-10-01,COST,REBALANCE,2.632095741030032,2.569712893247569,-0.062382847782463044,18114510.643212944,-11300.347601093597
2010Q4,2010-10-01,CSCO,REBALANCE,7.125505606125778,6.924937564361204,-0.2005680417645747,18114510.643212944,-36331.91927232767
2010Q4,2010-10-01,CTSH,BUY,0.0,1.6983781400606486,1.6983781400606486,18114510.643212944,307652.88894328824
2010Q4,2010-10-01,FSLR,REBALANCE,2.10044733490842,1.971259083995051,-0.1291882509133691,18114510.643212944,-23401.819461482894
2010Q4,2010-10-01,GILD,REBALANCE,1.9427020927224141,1.8984152136620545,-0.04428687906035955,18114510.643212944,-8022.351420935675
2010Q4,2010-10-01,GOOGL,REBALANCE,9.717700500536449,9.531634099173509,-0.18606640136293873,18114510.643212944,-33705.01807833285
2010Q4,2010-10-01,INFY,REBALANCE,2.8964262285907627,2.98118522498514,0.08475899639437748,18114510.643212944,15353.677422939983
2010Q4,2010-10-01,INTC,REBALANCE,8.132438596955803,8.013046865164101,-0.11939173179170148,18114510.643212944,-21627.22796252402
2010Q4,2010-10-01,MDLZ,REBALANCE,2.3665343536951093,2.3194907341094084,-0.047043619585700885,18114510.643212944,-8521.721476804396
2010Q4,2010-10-01,MRVL,REBALANCE,1.7356950624169605,1.6254592330017705,-0.11023582941518985,18114510.643212944,-19968.681052048632
2010Q4,2010-10-01,MSFT,REBALANCE,10.475036356337514,11.042705190707073,0.56766883436956,18114510.643212944,102830.43142007678
2010Q4,2010-10-01,ORCL,REBALANCE,8.064337601820299,7.895792676697752,-0.16854492512254626,18114510.643212944,-30531.088399918932
2010Q4,2010-10-01,PCAR,REBALANCE,1.2431144254623523,1.2131643871230786,-0.02995003833927371,18114510.643212944,-5425.3028826140935
2010Q4,2010-10-01,QCOM,REBALANCE,3.9958746405638053,3.9024438494150195,-0.09343079114878597,18114510.643212944,-16924.530606684893
2010Q4,2010-10-01,SBUX,SELL,1.4146194178216536,0.0,-1.4146194178216536,18114510.643212944,-256251.38500226045
2010Q4,2010-10-01,TEVA,REBALANCE,6.602922689371542,6.411111199960084,-0.19181148941145726,18114510.643212944,-34745.71266434369
2010Q4,2010-10-01,VOD,BUY,0.0,2.768773508590977,2.768773508590977,18114510.643212944,501549.7719001729
2011Q1,2011-01-03,AAPL,REBALANCE,11.510062833962772,11.234720823097199,-0.27534201086557436,19756003.915215157,-54396.57844683501
2011Q1,2011-01-03,ADP,BUY,0.0,1.3167452740914771,1.3167452740914771,19756003.915215157,260136.24790292277
2011Q1,2011-01-03,AMGN,REBALANCE,2.2890545867030996,2.306483209333168,0.01742862263006892,19756003.915215157,3443.1993691644902
2011Q1,2011-01-03,AMZN,REBALANCE,10.82504034026001,11.234720823097199,0.40968048283718805,19756003.915215157,80936.49222918724
2011Q1,2011-01-03,BIDU,REBALANCE,2.917292829321999,3.140086597950917,0.2227937686289181,19756003.915215157,44015.14565318446
2011Q1,2011-01-03,COST,REBALANCE,2.646776904070944,2.641473410996944,-0.0053034930739999375,19756003.915215157,-1047.7582993425924
2011Q1,2011-01-03,CSCO,REBALANCE,5.865366043557832,5.956153834535822,0.09078779097798986,19756003.915215157,17936.03954014903
2011Q1,2011-01-03,CTSH,REBALANCE,1.7703091229472927,1.7889570765136673,0.01864795356637458,19756003.915215157,3684.0904366804666
2011Q1,2011-01-03,FSLR,SELL,1.5963637323275388,0.0,-1.5963637323275388,19756003.915215157,-315377.68145970337
2011Q1,2011-01-03,GILD,REBALANCE,1.7714754467133935,1.7860265165571314,0.014551069843737885,19756003.915215157,2874.7099280345487
2011Q1,2011-01-03,GOOGL,REBALANCE,9.87295266692682,10.079397134765745,0.206444467838926,19756003.915215157,40785.17714900332
2011Q1,2011-01-03,INFY,REBALANCE,3.1309076140296175,3.0546379681744726,-0.0762696458551447,19756003.915215157,-15067.834221263121
2011Q1,2011-01-03,INTC,REBALANCE,8.110540665003658,8.01555773755552,-0.09498292744813674,19756003.915215157,-18764.830865439868
2011Q1,2011-01-03,MDLZ,REBALANCE,2.1915112387857354,2.1845835108400995,-0.006927727945636036,19756003.915215157,-1368.6422041753099
2011Q1,2011-01-03,MRVL,SELL,1.5789244480271767,0.0,-1.5789244480271767,19756003.915215157,-311932.37577053835
2011Q1,2011-01-03,MSFT,REBALANCE,11.610055143068958,11.234720823097199,-0.375334319971761,19756003.915215157,-74151.06294876728
2011Q1,2011-01-03,ORCL,REBALANCE,8.45514872357622,8.444984197995884,-0.010164525580336203,19756003.915215157,-2008.1040716142666
2011Q1,2011-01-03,PCAR,REBALANCE,1.3347610139277428,1.3468716349362857,0.012110621008542925,19756003.915215157,2392.5747606046098
2011Q1,2011-01-03,QCOM,REBALANCE,3.939491579490361,4.085358500858743,0.14586692136838234,19756003.915215157,28817.474696541427
2011Q1,2011-01-03,SBUX,BUY,0.0,1.6237673943559214,1.6237673943559214,19756003.915215157,320791.55000294297
2011Q1,2011-01-03,TEVA,REBALANCE,5.831498031476304,5.820432054516676,-0.011065976959627466,19756003.915215157,-2186.1948414008093
2011Q1,2011-01-03,VOD,REBALANCE,2.752467035822518,2.7043214767299006,-0.04814555909261713,19756003.915215157,-9511.638539339667
2011Q2,2011-04-01,AAPL,REBALANCE,11.93182818846446,11.12784625730962,-0.8039819311548388,20098293.75075029,-161586.65022645445
2011Q2,2011-04-01,ADP,REBALANCE,1.445220422932131,1.4395149014658593,-0.005705521466271672,20098293.75075029,-1146.7124643033958
2011Q2,2011-04-01,AMGN,REBALANCE,2.2073210217903863,2.1780336193212975,-0.02928740246908902,20098293.75075029,-5886.268180202004
2011Q2,2011-04-01,AMZN,REBALANCE,11.051360720862585,10.972290284886054,-0.0790704359765304,20098293.75075029,-15891.808492562019
2011Q2,2011-04-01,BIDU,REBALANCE,4.40656279889617,4.319831981846106,-0.08673081705006386,20098293.75075029,-17431.41438314765
2011Q2,2011-04-01,COST,REBALANCE,2.643645995512723,2.6819086573872246,0.038262661874501405,20098293.75075029,7690.142180393629
2011Q2,2011-04-01,CSCO,REBALANCE,4.980724083647998,4.912244033236125,-0.06848005041187322,20098293.75075029,-13763.321692440162
2011Q2,2011-04-01,CTSH,REBALANCE,1.9530768811207626,1.9333333568816609,-0.019743524239101626,20098293.75075029,-3968.1114983252305
2011Q2,2011-04-01,GILD,REBALANCE,2.0574150710815844,2.0584143238434343,0.0009992527618497837,20098293.75075029,200.83275538905474
2011Q2,2011-04-01,GOOGL,REBALANCE,9.787471734846934,9.754133901877937,-0.033337832968996506,20098293.75075029,-6700.335600243394
2011Q2,2011-04-01,INFY,REBALANCE,2.8297511142267355,2.846653022685435,0.016901908458699655,20098293.75075029,3396.995211512367
2011Q2,2011-04-01,INTC,REBALANCE,7.624598617008169,7.555510145132652,-0.06908847187551692,20098293.75075029,-13885.604025445888
2011Q2,2011-04-01,MDLZ,REBALANCE,2.1570333620262025,2.174870408361336,0.01783704633513336,20098293.75075029,3584.941968892542
2011Q2,2011-04-01,MSFT,REBALANCE,10.105656313876885,11.12784625730962,1.022189943432736,20098293.75075029,205442.73752173944
2011Q2,2011-04-01,ORCL,REBALANCE,8.88030154823882,8.993650784718897,0.11334923648007589,20098293.75075029,22781.26251199826
2011Q2,2011-04-01,PCAR,REBALANCE,1.2117050864279308,1.2325966635286416,0.02089157710071076,20098293.75075029,4198.850534865329
2011Q2,2011-04-01,QCOM,REBALANCE,4.463649185723744,4.396871392274228,-0.06677779344951562,20098293.75075029,-13421.197087752933
2011Q2,2011-04-01,SBUX,REBALANCE,1.8429083360659946,1.8049385621832819,-0.037969773882712624,20098293.75075029,-7631.276691443246
2011Q2,2011-04-01,TEVA,REBALANCE,5.529258787811015,5.546770206418036,0.01751141860702049,20098293.75075029,3519.4963515625222
2011Q2,2011-04-01,VOD,REBALANCE,2.8905107294387786,2.9427412393325527,0.05223050989377406,20098293.75075029,10497.441305965403
2011Q3,2011-07-01,AAPL,REBALANCE,10.640451264264103,11.25199792974008,0.6115466654759774,20244519.37668281,123804.68318974186
2011Q3,2011-07-01,ADP,REBALANCE,1.4773114728147723,1.4980399861386546,0.020728513323882425,20244519.37668281,4196.387896351655
2011Q3,2011-07-01,AMGN,REBALANCE,2.360530487519252,2.3703613506569474,0.009830863137695253,20244519.37668281,1990.2109928058833
2011Q3,2011-07-01,AMZN,REBALANCE,12.366164208467584,11.25199792974008,-1.1141662787275033,20244519.37668281,-225557.60818545523
2011Q3,2011-07-01,BIDU,REBALANCE,4.360828288950221,4.4212228887252065,0.06039459977498565,20244519.37668281,12226.596453917004
2011Q3,2011-07-01,COST,REBALANCE,2.958779477566709,2.927851594289837,-0.030927883276872167,20244519.37668281,-6261.201322784228
2011Q3,2011-07-01,CSCO,REBALANCE,4.438849617377006,4.531840782959738,0.09299116558273285,20244519.37668281,18825.61453499955
2011Q3,2011-07-01,CTSH,REBALANCE,1.729319477176726,1.7393603450389465,0.010040867862220679,20244519.37668281,2032.7254399543824
2011Q3,2011-07-01,GILD,REBALANCE,1.9925413007559793,2.0063423793981445,0.013801078642165093,20244519.37668281,2793.962039904345
2011Q3,2011-07-01,GOOGL,REBALANCE,8.357115786539795,8.512118250407704,0.15500246386790928,20244519.37668281,31379.503832074664
2011Q3,2011-07-01,INFY,REBALANCE,2.5894910344987547,2.568166403954153,-0.021324630544601597,20244519.37668281,-4317.068962607891
2011Q3,2011-07-01,INTC,REBALANCE,8.301589027816183,8.62335679635423,0.3217677685380463,20244519.37668281,65140.338249604676
2011Q3,2011-07-01,MDLZ,REBALANCE,2.4461765440640755,2.4394802229396815,-0.006696321124393875,20244519.37668281,-1355.6380275528222
2011Q3,2011-07-01,MSFT,REBALANCE,11.387034831700081,11.25199792974008,-0.13503690196000062,20244519.37668281,-27337.571782964496
2011Q3,2011-07-01,ORCL,REBALANCE,8.805556250478107,8.675848234382595,-0.12970801609551164,20244519.37668281,-26258.764451566713
2011Q3,2011-07-01,PCAR,REBALANCE,1.1968302024836237,1.1927787404145813,-0.004051462069042458,20244519.37668281,-820.1990236062547
2011Q3,2011-07-01,QCOM,REBALANCE,4.5384834205556235,4.648764997970261,0.1102815774146372,20244519.37668281,22325.975308617682
2011Q3,2011-07-01,SBUX,REBALANCE,1.921918595432044,1.937151010226104,0.015232414794060303,20244519.37668281,3083.729164520237
2011Q3,2011-07-01,TEVA,REBALANCE,5.31745507713535,5.3553885091323234,0.03793343199697333,20244519.37668281,7679.440990868063
2011Q3,2011-07-01,VOD,REBALANCE,2.813573634404015,2.795933717790651,-0.01763991661336388,20244519.37668281,-3571.1163368231405
2011Q4,2011-10-03,AAPL,REBALANCE,13.342649429241234,11.698266563880031,-1.6443828653612034,19394206.56004136,-318915.00954607857
2011Q4,2011-10-03,ADP,REBALANCE,1.410145253352853,1.4385666387519342,0.028421385399081227,19394206.56004136,5512.102191523249
2011Q4,2011-10-03,AMGN,REBALANCE,2.3432509342164516,2.436239072750578,0.09298813853412663,19394206.56004136,18034.311663645934
2011Q4,2011-10-03,AMZN,REBALANCE,12.419638851494991,11.698266563880031,-0.7213722876149589,19394206.56004136,-139904.43152694078
2011Q4,2011-10-03,BIDU,REBALANCE,3.5209922639179707,3.5848285299050917,0.06383626598712097,19394206.56004136,12380.537285759667
2011Q4,2011-10-03,BKNG,BUY,0.0,1.6785574314267675,1.6785574314267675,19394206.56004136,325542.8954798319
2011Q4,2011-10-03,COST,REBALANCE,3.0995100352200615,3.2499586723674723,0.1504486371474104,19394206.56004136,29178.319455135897
2011Q4,2011-10-03,CSCO,REBALANCE,4.71503482168055,4.815578241459326,0.1005434197787751,19394206.56004136,19499.59851442512
2011Q4,2011-10-03,CTSH,REBALANCE,1.5522137120706567,1.5767962730622507,0.024582560991594053,19394206.56004136,4767.592656457902
2011Q4,2011-10-03,GILD,REBALANCE,1.9623076212236306,1.9987243187699948,0.0364166975463643,19394206.56004136,7062.729544487406
2011Q4,2011-10-03,GOOGL,REBALANCE,9.037276328943712,8.947654646281675,-0.08962168266203607,19394206.56004136,-17381.41425806005
2011Q4,2011-10-03,INFY,REBALANCE,2.0988287555865197,2.149854951115281,0.05102619552876178,19394206.56004136,9896.125760578649
2011Q4,2011-10-03,INTC,REBALANCE,8.752983162759243,8.80838642187673,0.05540325911748689,19394206.56004136,10745.022514240356
2011Q4,2011-10-03,MDLZ,REBALANCE,2.4474943995749987,2.5356863468279247,0.08819194725292641,19394206.56004136,17104.12841955527
2011Q4,2011-10-03,MSFT,REBALANCE,11.314862220569879,11.698266563880031,0.3834043433101536,19394206.56004136,74358.2303017413
2011Q4,2011-10-03,ORCL,REBALANCE,7.922727773498354,8.120979549325652,0.19825177582729753,19394206.56004136,38449.35891289623
2011Q4,2011-10-03,PCAR,SELL,0.828114920228644,0.0,-0.828114920228644,19394206.56004136,-160606.31818366493
2011Q4,2011-10-03,QCOM,REBALANCE,4.173999955087185,4.249051772998973,0.07505181791178789,19394206.56004136,14555.704592878263
2011Q4,2011-10-03,SBUX,REBALANCE,1.9162169110213279,1.9353858587683397,0.019168947747011736,19394206.56004136,3717.6653214418507
2011Q4,2011-10-03,TEVA,REBALANCE,4.339014586107737,4.426513022194499,0.08749843608676158,19394206.56004136,16969.627431472312
2011Q4,2011-10-03,VOD,REBALANCE,2.8027380642040023,2.9524385604773986,0.14970049627339616,19394206.56004136,29033.223468669472
2012Q1,2012-01-03,AAPL,REBALANCE,11.732120063113475,11.379705038779639,-0.3524150243338367,20539151.736049928,-72383.056588564
2012Q1,2012-01-03,ADP,REBALANCE,1.567886438177699,1.4902817572870577,-0.07760468089064113,20539151.736049928,-15939.343162406125
2012Q1,2012-01-03,AMGN,REBALANCE,2.700795855756122,2.5545474815405074,-0.1462483742156146,20539151.736049928,-30038.175491651204
2012Q1,2012-01-03,AMZN,REBALANCE,8.842847778698545,10.480982220176424,1.63813444147788,20539151.736049928,336458.9185756358
2012Q1,2012-01-03,BIDU,REBALANCE,3.687683467751964,3.7169324180236747,0.0292489502717104,20539151.736049928,6007.486277508387
2012Q1,2012-01-03,BIIB,BUY,0.0,1.8239041089546697,1.8239041089546697,20539151.736049928,374614.43245824904
2012Q1,2012-01-03,BKNG,SELL,1.6493442435472916,0.0,-1.6493442435472916,20539151.736049928,-338761.3168319831
2012Q1,2012-01-03,COST,REBALANCE,3.1221601750286414,2.9632573392439867,-0.1589028357846547,20539151.736049928,-32637.29455469647
2012Q1,2012-01-03,CSCO,REBALANCE,5.325049102189658,5.21911103368999,-0.1059380684996683,20539151.736049928,-21758.780635387386
2012Q1,2012-01-03,CTSH,SELL,1.5271299582885067,0.0,-1.5271299582885067,20539151.736049928,-313659.53933955234
2012Q1,2012-01-03,GILD,REBALANCE,1.9909134316685884,1.941225617182955,-0.04968781448563345,20539151.736049928,-10205.45561153125
2012Q1,2012-01-03,GOOGL,REBALANCE,10.59553877528253,10.540663865073093,-0.05487491020943619,20539151.736049928,-11270.841072937252
2012Q1,2012-01-03,INFY,REBALANCE,2.053483286910052,2.025510706046698,-0.027972580863353663,20539151.736049928,-5745.330828013473
2012Q1,2012-01-03,INTC,REBALANCE,9.535513623519146,9.277989193968391,-0.25752442955075394,20539151.736049928,-52893.33334282635
2012Q1,2012-01-03,ISRG,BUY,0.0,2.0204409644575634,2.0204409644575634,20539151.736049928,414981.4354272496
2012Q1,2012-01-03,MDLZ,REBALANCE,2.6845082826725397,2.5256526835948296,-0.15885559907771013,20539151.736049928,-32627.59253578201
2012Q1,2012-01-03,MSFT,REBALANCE,11.60776979668342,11.379705038779639,-0.22806475790378145,20539151.736049928,-46842.566682312594
2012Q1,2012-01-03,ORCL,REBALANCE,6.857503137966579,6.607062838451356,-0.25044029951522273,20539151.736049928,-51438.31312564951
2012Q1,2012-01-03,QCOM,REBALANCE,4.530489233938687,4.340401924758304,-0.19008730918038327,20539151.736049928,-39042.320863533285
2012Q1,2012-01-03,SBUX,REBALANCE,2.2636633046813546,2.132490445180967,-0.13117285950038743,20539151.736049928,-26941.792649300154
2012Q1,2012-01-03,TEVA,REBALANCE,4.556329100741257,4.61721846837526,0.06088936763400318,20539151.736049928,12506.159609469187
2012Q1,2012-01-03,VOD,REBALANCE,3.1692709433839505,2.962916856434991,-0.20635408694895974,20539151.736049928,-42383.37903198724
2012Q2,2012-04-02,AAPL,REBALANCE,14.25408146166711,12.0030813955564,-2.251000066110709,24274187.00276739,-546411.9654801311
2012Q2,2012-04-02,ADP,SELL,1.2980391276600878,0.0,-1.2980391276600878,24274187.00276739,-315088.44521730026
2012Q2,2012-04-02,AMGN,REBALANCE,2.3003481513659874,2.398513762065091,0.0981656106991035,24274187.00276739,23828.903913509017
2012Q2,2012-04-02,AMZN,REBALANCE,10.375026189517847,10.192178800653036,-0.18284738886481106,24274187.00276739,-44384.717102721515
2012Q2,2012-04-02,BIDU,REBALANCE,3.9361946003155297,3.856511077806071,-0.07968352250945845,24274187.00276739,-19342.527264338194
2012Q2,2012-04-02,BIIB,SELL,1.7669338789515248,0.0,-1.7669338789515248,24274187.00276739,-428908.83399194473
2012Q2,2012-04-02,BKNG,BUY,0.0,2.090768015308562,2.090768015308562,24274187.00276739,507516.93783004873
2012Q2,2012-04-02,COST,REBALANCE,2.7401737171760034,2.8358368544096026,0.09566313723359914,24274187.00276739,23221.448824797855
2012Q2,2012-04-02,CSCO,REBALANCE,5.183105695804165,5.218319920124033,0.035214224319868315,24274187.00276739,8547.966662978828
2012Q2,2012-04-02,GILD,REBALANCE,1.9607650670243928,1.9885412159515239,0.027776148927131233,24274187.00276739,6742.434332739004
2012Q2,2012-04-02,GOOGL,REBALANCE,8.854439711488775,9.008350974920706,0.15391126343193146,24274187.00276739,37360.707903788985
2012Q2,2012-04-02,INFY,REBALANCE,1.9023116364855677,1.9111187126348053,0.008807076149237522,24274187.00276739,2137.8461339420414
2012Q2,2012-04-02,INTC,REBALANCE,9.17596543460055,9.507455475117176,0.33149004051662434,24274187.00276739,80466.51233055479
2012Q2,2012-04-02,ISRG,REBALANCE,2.0002878773472603,2.05511687189072,0.05482899454345956,24274187.00276739,13309.292667216503
2012Q2,2012-04-02,MDLZ,REBALANCE,2.1907766726441125,2.3037259581226697,0.11294928547855715,24274187.00276739,27417.520775354555
2012Q2,2012-04-02,MSFT,REBALANCE,12.044204504775433,12.0030813955564,-0.04112310921903228,24274187.00276739,-9982.300433180173
2012Q2,2012-04-02,ORCL,REBALANCE,6.369640342716229,6.647040067332272,0.27739972461604256,24274187.00276739,67336.52789845994
2012Q2,2012-04-02,QCOM,REBALANCE,4.585266608578522,4.732563716407721,0.14729710782919944,24274187.00276739,35755.1754041278
2012Q2,2012-04-02,SBUX,REBALANCE,2.1995682508485355,2.353881518327433,0.1543132674788974,24274187.00276739,37458.291117908186
2012Q2,2012-04-02,TEVA,REBALANCE,4.388052712278346,4.318244293337521,-0.06980841894082476,24274187.00276739,-16945.426157371094
2012Q2,2012-04-02,TXN,BUY,0.0,1.9655710042287908,1.9655710042287908,24274187.00276739,477126.3812386697
2012Q2,2012-04-02,VOD,REBALANCE,2.474818358754019,2.6100989702494726,0.1352806114954537,24274187.00276739,32838.26861289367
2012Q3,2012-07-02,AAPL,REBALANCE,12.1895127449673,12.14436403327482,-0.04514871169248036,23282975.90546468,-10511.963664987916
2012Q3,2012-07-02,AMGN,REBALANCE,2.696081139270758,2.826877083070374,0.13079594379961645,23282975.90546468,30453.188080189822
2012Q3,2012-07-02,AMZN,REBALANCE,11.981957507941809,12.14436403327482,0.16240652533301148,23282975.90546468,37813.072162187455
2012Q3,2012-07-02,BIDU,REBALANCE,3.171428599536788,3.181788712935857,0.010360113399068838,23282975.90546468,2412.1427064840154
2012Q3,2012-07-02,BIIB,BUY,0.0,2.209198903304923,2.209198903304923,23282975.90546468,514367.2483602751
2012Q3,2012-07-02,BKNG,REBALANCE,2.018822748893883,2.123590302294456,0.10476755340057264,23282975.90546468,24393.00421500017
2012Q3,2012-07-02,COST,REBALANCE,3.1035580652239068,3.1410700816187305,0.037512016394823655,23282975.90546468,8733.913738860752
2012Q3,2012-07-02,CSCO,REBALANCE,4.43342532123131,4.555962823996401,0.12253750276509101,23282975.90546468,28530.377243954255
2012Q3,2012-07-02,GILD,REBALANCE,2.175881860900416,2.2605621277625425,0.08468026686212667,23282975.90546468,19716.086130192143
2012Q3,2012-07-02,GOOGL,REBALANCE,8.495936789027194,8.68152272534721,0.1855859363200138,23282975.90546468,43209.928837319836
2012Q3,2012-07-02,INFY,REBALANCE,1.597256167644143,1.6487856938478203,0.05152952620367732,23282975.90546468,11997.607170202298
2012Q3,2012-07-02,INTC,REBALANCE,9.462133137506664,9.66569557640604,0.20356243889937814,23282975.90546468,47395.39360151847
2012Q3,2012-07-02,ISRG,REBALANCE,2.1902260220133516,2.2887689516559218,0.09854292964257029,23282975.90546468,22943.72656521865
2012Q3,2012-07-02,MDLZ,REBALANCE,2.4592325247629163,2.5259346292961884,0.0667021045332724,23282975.90546468,15530.234926919675
2012Q3,2012-07-02,MSFT,REBALANCE,11.94413201948186,12.14436403327482,0.2002320137929614,23282975.90546468,46619.971526441914
2012Q3,2012-07-02,ORCL,REBALANCE,7.072709933703178,7.219131329064041,0.14642139536086285,23282975.90546468,34091.25820231487
2012Q3,2012-07-02,QCOM,REBALANCE,4.053903423484257,4.1596306561862075,0.10572723270195136,23282975.90546468,24616.44611550991
2012Q3,2012-07-02,SBUX,REBALANCE,2.3484305856696186,2.362301850886341,0.013871265216722217,23282975.90546468,3229.6433381925367
2012Q3,2012-07-02,TEVA,SELL,3.9664529338163073,0.0,-3.9664529338163073,23282975.90546468,-923508.2808820476
2012Q3,2012-07-02,TXN,REBALANCE,1.7586216366800398,1.804608792084321,0.04598715540428122,23282975.90546468,10707.178312387396
2012Q3,2012-07-02,VOD,REBALANCE,2.8802968382443126,2.9114776604181634,0.031180822173850625,23282975.90546468,7259.823313863429
2012Q4,2012-10-01,AAPL,REBALANCE,13.033837940660554,12.011071754706608,-1.0227661859539452,24887417.521773737,-254540.09096987912
2012Q4,2012-10-01,ADP,BUY,0.0,1.4045896228091121,1.4045896228091121,24887417.521773737,349566.0838960106
2012Q4,2012-10-01,AMGN,REBALANCE,3.070858950289717,2.9535682983076965,-0.11729065198202056,24887417.521773737,-29190.614272776038
2012Q4,2012-10-01,AMZN,REBALANCE,12.65356600151389,12.011071754706608,-0.6424942468072834,24887417.521773737,-159900.22575630402
2012Q4,2012-10-01,BIDU,REBALANCE,3.0261122333411947,2.894850437483086,-0.13126179585810882,24887417.521773737,-32667.671181785845
2012Q4,2012-10-01,BIIB,REBALANCE,2.135916996620645,2.068272433326763,-0.06764456329388241,24887417.521773737,-16834.984897729017
2012Q4,2012-10-01,BKNG,SELL,1.8508070638175673,0.0,-1.8508070638175673,24887417.521773737,-460618.0814947593
2012Q4,2012-10-01,COST,REBALANCE,3.107102361343519,3.0493688574639592,-0.05773350387955935,24887417.521773737,-14368.378160455373
2012Q4,2012-10-01,CSCO,REBALANCE,4.763542908650359,4.617488774887853,-0.14605413376250556,24887417.521773737,-36349.10207728466
2012Q4,2012-10-01,GILD,REBALANCE,2.7355032731822018,2.6845933456618845,-0.05090992752031717,24887417.521773737,-12670.166222013726
2012Q4,2012-10-01,GOOGL,REBALANCE,10.56412143882807,10.358393175778978,-0.20572826304909309,24887417.521773737,-51200.45178532076
2012Q4,2012-10-01,INFY,SELL,1.6616193759619327,0.0,-1.6616193759619327,24887417.521773737,-413534.15171833744
2012Q4,2012-10-01,INTC,REBALANCE,7.756083318034862,7.565140234888383,-0.19094308314647895,24887417.521773737,-47520.8023316118
2012Q4,2012-10-01,ISRG,REBALANCE,1.9163422686550957,1.8376017953013108,-0.07874047335378505,24887417.521773737,-19596.47036217748
2012Q4,2012-10-01,MDLZ,REBALANCE,2.5486476762255146,2.5298884730946414,-0.018759203130873023,24887417.521773737,-4668.68120693802
2012Q4,2012-10-01,META,BUY,0.0,4.472642195898477,4.472642195898477,24887417.521773737,1113125.1375482832
2012Q4,2012-10-01,MSFT,REBALANCE,11.12639601460642,12.011071754706608,0.8846757401001868,24887417.521773737,220172.94515257535
2012Q4,2012-10-01,ORCL,REBALANCE,7.168757037651148,6.989743153713822,-0.1790138839373262,24887417.521773737,-44551.93271742582
2012Q4,2012-10-01,QCOM,REBALANCE,4.384044585910023,4.2230876696343405,-0.1609569162756834,24887417.521773737,-40058.019783701115
2012Q4,2012-10-01,SBUX,REBALANCE,2.109998829426705,2.0482647110678256,-0.061734118358879736,24887417.521773737,-15364.027789360372
2012Q4,2012-10-01,TXN,REBALANCE,1.6320314618369067,1.6119612850405345,-0.020070176796372144,24887417.521773737,-4994.9486966712875
2012Q4,2012-10-01,VOD,REBALANCE,2.7547102634436658,2.65733027152153,-0.09737999192213562,24887417.521773737,-24235.36517233143
2013Q1,2013-01-02,AAPL,REBALANCE,9.957799699205507,11.578057068636111,1.6202573694306026,24056724.851213444,389780.857245429
2013Q1,2013-01-02,ADI,BUY,0.0,1.484751070876061,1.484751070876061,24056724.851213444,357182.4798460991
2013Q1,2013-01-02,ADP,SELL,1.4208874422512074,0.0,-1.4208874422512074,24056724.851213444,-341818.9824278173
2013Q1,2013-01-02,AMGN,REBALANCE,3.138006420282756,3.0751193893293784,-0.06288703095337737,24056724.851213444,-15128.560003551425
2013Q1,2013-01-02,AMZN,REBALANCE,12.257257811238233,11.578057068636111,-0.679200742602122,24056724.851213444,-163393.45383519097
2013Q1,2013-01-02,BIDU,REBALANCE,2.5695066293195357,2.644574477370336,0.0750678480508006,24056724.851213444,18058.865657308095
2013Q1,2013-01-02,BIIB,REBALANCE,2.0989649417213347,2.0472484789100887,-0.051716462811246186,24056724.851213444,-12441.28716128162
2013Q1,2013-01-02,COST,REBALANCE,3.3392051456412615,3.270219233407491,-0.06898591223377035,24056724.851213444,-16595.751092177725
2013Q1,2013-01-02,CSCO,REBALANCE,4.9875287431747255,4.953200916673076,-0.03432782650164973,24056724.851213444,-8258.150768903804
2013Q1,2013-01-02,EQIX,BUY,0.0,1.4417549584354352,1.4417549584354352,24056724.851213444,346839.0233795394
2013Q1,2013-01-02,GILD,REBALANCE,3.0754141425406867,2.9563688091956895,-0.11904533334499735,24056724.851213444,-28638.40829101586
2013Q1,2013-01-02,GOOGL,REBALANCE,10.04683539104853,9.730614742866397,-0.31622064818213474,24056724.851213444,-76072.33125589984
2013Q1,2013-01-02,INTC,REBALANCE,7.195172891554294,7.103848079316802,-0.09132481223749211,24056724.851213444,-21969.75880086078
2013Q1,2013-01-02,ISRG,SELL,1.8808798966937095,0.0,-1.8808798966937095,24056724.851213444,-452478.10152939335
2013Q1,2013-01-02,MDLZ,REBALANCE,2.4286916557257983,2.367202769404615,-0.06148888632118328,24056724.851213444,-14792.212196362483
2013Q1,2013-01-02,META,REBALANCE,5.6866572708216125,5.634897356565181,-0.05175991425643081,24056724.851213444,-12451.740155893562
2013Q1,2013-01-02,MSFT,REBALANCE,11.243982293563507,11.578057068636111,0.3340747750726042,24056724.851213444,80367.44943652659
2013Q1,2013-01-02,ORCL,REBALANCE,7.71659741922845,7.632757013024192,-0.08384040620425803,24056724.851213444,-20169.25583469804
2013Q1,2013-01-02,QCOM,REBALANCE,4.343360292227069,4.387450541568521,0.044090249341451754,24056724.851213444,10606.669970286996
2013Q1,2013-01-02,SBUX,REBALANCE,2.2503333244300103,2.2318771862027504,-0.018456138227259528,24056724.851213444,-4439.942391491447
2013Q1,2013-01-02,TXN,REBALANCE,1.8827893750809441,1.8800930488108234,-0.0026963262701205915,24056724.851213444,-648.6477918938969
2013Q1,2013-01-02,VOD,REBALANCE,2.480129214250833,2.423850722134834,-0.05627849211599888,24056724.851213444,-13538.7619987577
2013Q2,2013-04-01,AAPL,REBALANCE,9.19527121608464,11.179501131814346,1.9842299157297059,25342609.943305474,502855.64792175824
2013Q2,2013-04-01,ADI,REBALANCE,1.5697230226872176,1.502651082835802,-0.06707193985141577,25342609.943305474,-16997.780097952756
2013Q2,2013-04-01,ADP,BUY,0.0,1.516993944784242,1.516993944784242,25342609.943305474,384445.85829023324
2013Q2,2013-04-01,AMGN,REBALANCE,3.4903163025224297,3.4532629859317323,-0.037053316590697494,25342609.943305474,-9390.27749463856
2013Q2,2013-04-01,AMZN,REBALANCE,11.67489650130343,11.179501131814346,-0.49539536948908364,25342609.943305474,-125546.1161668154
2013Q2,2013-04-01,BIDU,REBALANCE,2.195244546647322,2.151802947185886,-0.043441599461435665,25342609.943305474,-11009.235104644731
2013Q2,2013-04-01,BIIB,REBALANCE,2.557437494121855,2.560535674499534,0.0030981803776787553,25342609.943305474,785.1597684551554
2013Q2,2013-04-01,COST,REBALANCE,3.345236144131215,3.3282895907118464,-0.016946553419368293,25342609.943305474,-4294.698931904403
2013Q2,2013-04-01,CSCO,REBALANCE,5.000976615384194,4.93669309381501,-0.06428352156918407,25342609.943305474,-16291.122129098962
2013Q2,2013-04-01,EQIX,SELL,1.435702355621971,0.0,-1.435702355621971,25342609.943305474,-363844.44793212455
2013Q2,2013-04-01,GILD,REBALANCE,3.739778694339161,3.6783447457590275,-0.06143394858013351,25342609.943305474,-15568.965961434087
2013Q2,2013-04-01,GOOGL,REBALANCE,10.370437293486551,10.49057958152671,0.12014228804015925,25342609.943305474,30447.1914349801
2013Q2,2013-04-01,INTC,REBALANCE,7.2191423908158,7.004269835484253,-0.2148725553315467,25342609.943305474,-54454.31357288711
2013Q2,2013-04-01,MDLZ,REBALANCE,2.7269801564903853,2.673153256279907,-0.05382690021047826,25342609.943305474,-13641.141364913778
2013Q2,2013-04-01,META,REBALANCE,5.140006763338055,5.000239226143279,-0.13976753719477583,25342609.943305474,-35420.74177863644
2013Q2,2013-04-01,MSFT,REBALANCE,11.86986052779414,11.179501131814346,-0.6903593959797949,25342609.943305474,-174955.08893011912
2013Q2,2013-04-01,ORCL,REBALANCE,7.030192197106041,6.940141602250462,-0.09005059485557992,25342609.943305474,-22821.171005875924
2013Q2,2013-04-01,QCOM,REBALANCE,4.5234882867145405,4.368463848394319,-0.15502443832022192,25342609.943305474,-39287.23872029402
2013Q2,2013-04-01,SBUX,REBALANCE,2.2582422173177212,2.2544046699134466,-0.0038375474042746244,25342609.943305474,-972.534670054762
2013Q2,2013-04-01,TXN,REBALANCE,2.063000107073365,1.9953347121487843,-0.06766539492458062,25342609.943305474,-17148.177102333688
2013Q2,2013-04-01,VOD,REBALANCE,2.5940671670199635,2.606335806892734,0.012268639872770742,25342609.943305474,3109.1935483051384
2013Q3,2013-07-01,AAPL,REBALANCE,9.618700876572671,11.408212242202014,1.7895113656293427,26560017.907391015,475294.5391659509
2013Q3,2013-07-01,ADI,SELL,1.4001396027858115,0.0,-1.4001396027858115,26560017.907391015,-371877.329228385
2013Q3,2013-07-01,ADP,REBALANCE,1.5425616053294895,1.6179119379723956,0.075350332642906,26560017.907391015,20013.061843234533
2013Q3,2013-07-01,AMGN,REBALANCE,3.18523448851369,3.2619060345686774,0.07667154605498772,26560017.907391015,20363.976362078287
2013Q3,2013-07-01,AMZN,REBALANCE,11.115390043038284,11.408212242202014,0.2928221991637295,26560017.907391015,77773.62853470273
2013Q3,2013-07-01,BIDU,REBALANCE,2.214710807205613,2.25663673320998,0.041925926004366884,26560017.907391015,11135.53345459935
2013Q3,2013-07-01,BIIB,REBALANCE,2.729572914838134,2.8562417534384226,0.12666883860028877,26560017.907391015,33643.266215320924
2013Q3,2013-07-01,BKNG,BUY,0.0,2.265705281339907,2.265705281339907,26560017.907391015,601771.7284525833
2013Q3,2013-07-01,COST,REBALANCE,3.3184517102794633,3.4377799708595838,0.11932826058012047,26560017.907391015,31693.607378658213
2013Q3,2013-07-01,CSCO,REBALANCE,5.530059768194668,5.779552453917312,0.24949268572264371,26560017.907391015,66265.30200556495
2013Q3,2013-07-01,GILD,REBALANCE,3.6768395455233014,3.907946858452228,0.23110731292892636,26560017.907391015,61382.14369921303
2013Q3,2013-07-01,GOOGL,REBALANCE,11.095919016842613,11.408212242202014,0.3122932253594002,26560017.907391015,82945.13657902567
2013Q3,2013-07-01,INTC,REBALANCE,7.484426466211891,7.778848476110348,0.2944220098984568,26560017.907391015,78198.53855233068
2013Q3,2013-07-01,MDLZ,REBALANCE,2.387288100111019,2.509356589679506,0.12206848956848697,26560017.907391015,32421.412688671873
2013Q3,2013-07-01,META,REBALANCE,4.640486933682738,4.795710070678337,0.15522313699559837,26560017.907391015,41227.29298244501
2013Q3,2013-07-01,MSFT,REBALANCE,12.968348131088156,11.408212242202014,-1.5601358888861425,26560017.907391015,-414372.3714677934
2013Q3,2013-07-01,ORCL,SELL,6.290216074964559,0.0,-6.290216074964559,26560017.907391015,-1670682.5159241753
2013Q3,2013-07-01,QCOM,REBALANCE,3.8250509632472034,4.004212525363353,0.17916156211614936,26560017.907391015,47585.34298121075
2013Q3,2013-07-01,SBUX,REBALANCE,2.482737271550647,2.6002629228162855,0.11752565126563856,26560017.907391015,31214.834021931518
2013Q3,2013-07-01,TSLA,BUY,0.0,2.6051810422497343,2.6051810422497343,26560017.907391015,691936.5513414853
2013Q3,2013-07-01,TXN,REBALANCE,1.884684034270196,1.9863446458190628,0.1016606115488667,26560017.907391015,27001.076632142212
2013Q3,2013-07-01,VOD,REBALANCE,2.609181645749845,2.7035537347168166,0.0943720889669715,26560017.907391015,25065.24372920661
2013Q4,2013-10-01,AAPL,REBALANCE,11.917559210612998,11.122277253533905,-0.7952819570790928,30770267.053872414,-244710.38202449985
2013Q4,2013-10-01,ADP,SELL,1.4766354640351076,0.0,-1.4766354640351076,30770267.053872414,-454364.6756957908
2013Q4,2013-10-01,AMGN,REBALANCE,3.207979153336096,3.2349953321470575,0.027016178810961022,30770267.053872414,8312.9503678844
2013Q4,2013-10-01,AMZN,REBALANCE,11.086615993240441,11.122277253533905,0.03566126029346389,30770267.053872414,10973.065027075405
2013Q4,2013-10-01,BIDU,REBALANCE,3.195239003640925,3.2515410138024863,0.05630201016156161,30770267.053872414,17324.27888341089
2013Q4,2013-10-01,BIIB,REBALANCE,2.75825316663298,2.697481352286632,-0.06077181434634808,30770267.053872414,-18699.649567854853
2013Q4,2013-10-01,BKNG,REBALANCE,2.3916526234236595,2.350789958849895,-0.04086266457376461,30770267.053872414,-12573.551014675488
2013Q4,2013-10-01,COST,REBALANCE,3.098883264005451,3.0155991474795028,-0.0832841165259484,30770267.053872414,-25626.74506849261
2013Q4,2013-10-01,CSCO,REBALANCE,4.836008215393272,4.670130257296766,-0.16587795809650668,30770267.053872414,-51041.090689805686
2013Q4,2013-10-01,GILD,REBALANCE,4.136432577457609,3.9920377635530175,-0.1443948139045914,30770267.053872414,-44430.669850384875
2013Q4,2013-10-01,GOOGL,REBALANCE,9.797357415262807,9.630090405896174,-0.16726700936663258,30770267.053872414,-51468.50547513863
2013Q4,2013-10-01,INTC,REBALANCE,6.413609899325863,6.306529261361125,-0.10708063796473766,30770267.053872414,-32948.99826474007
2013Q4,2013-10-01,MDLZ,REBALANCE,2.395864077786334,2.248671959579631,-0.14719211820670258,30770267.053872414,-45291.40785445394
2013Q4,2013-10-01,META,REBALANCE,8.35723950743834,8.188148187381165,-0.1690913200571742,30770267.053872414,-52029.85074651063
2013Q4,2013-10-01,MSFT,REBALANCE,9.554877123239173,11.122277253533905,1.5674001302947327,30770267.053872414,482293.2058944334
2013Q4,2013-10-01,QCOM,REBALANCE,3.828888482612717,3.744145999844875,-0.08474248276784183,30770267.053872414,-26075.488255746743
2013Q4,2013-10-01,REGN,BUY,0.0,2.4135035017933983,2.4135035017933983,30770267.053872414,742641.4728563911
2013Q4,2013-10-01,SBUX,REBALANCE,2.6446167642445744,2.551999358279798,-0.09261740596477608,30770267.053872414,-28498.623153730758
2013Q4,2013-10-01,TSLA,REBALANCE,4.050247888209973,3.6049426199939236,-0.4453052682160494,30770267.053872414,-137021.62023504122
2013Q4,2013-10-01,TXN,REBALANCE,1.9964873641614103,1.9379785812265884,-0.05850878293482201,30770267.053872414,-18003.30875901526
2013Q4,2013-10-01,VOD,REBALANCE,2.8555528059402855,2.794583538626262,-0.0609692673140233,30770267.053872414,-18760.406373314316
2014Q1,2014-01-02,AAPL,REBALANCE,11.631765871218358,11.320632142618809,-0.3111337285995483,34825330.319781385,-108353.34872104482
2014Q1,2014-01-02,AMGN,REBALANCE,2.9256265303539846,2.9929136484841115,0.06728711813012676,34825330.319781385,23432.961151478154
2014Q1,2014-01-02,AMZN,REBALANCE,12.535148227403573,11.320632142618809,-1.2145160847847627,34825330.319781385,-422959.2383131698
2014Q1,2014-01-02,BIDU,REBALANCE,3.2931890534730086,3.363089355326469,0.0699003018534608,34825330.319781385,24343.011014991993
2014Q1,2014-01-02,BIIB,REBALANCE,2.76758345228707,2.814603601857385,0.047020149570314515,34825330.319781385,16374.922404717297
2014Q1,2014-01-02,BKNG,REBALANCE,2.38822788308864,2.3642282501202927,-0.023999632968347423,34825330.319781385,-8357.951456762145
2014Q1,2014-01-02,COST,REBALANCE,2.7605211711114115,2.823398836748481,0.06287766563706915,34825330.319781385,21897.354755477
2014Q1,2014-01-02,CSCO,REBALANCE,3.979096858892321,4.0610003145030795,0.08190345561075799,34825330.319781385,28523.148959761987
2014Q1,2014-01-02,GILD,REBALANCE,4.213347825926415,4.358369205335212,0.1450213794087961,34825330.319781385,50504.174413416666
2014Q1,2014-01-02,GOOGL,REBALANCE,10.886796524421124,11.01697272108843,0.13017619666730734,34825330.319781385,45334.29048711803
2014Q1,2014-01-02,INTC,REBALANCE,6.3703464303766495,6.5553506171008715,0.18500418672422192,34825330.319781385,64428.319132135424
2014Q1,2014-01-02,MDLZ,REBALANCE,2.241174873877161,2.322382334903961,0.08120746102680022,34825330.319781385,28280.76654689091
2014Q1,2014-01-02,META,REBALANCE,7.871342215443978,8.099590219710445,0.22824800426646807,34825330.319781385,79488.12143410622
2014Q1,2014-01-02,MSFT,REBALANCE,11.130524002238111,11.320632142618809,0.19010814038069868,34825330.319781385,66205.78785237201
2014Q1,2014-01-02,QCOM,REBALANCE,3.666147767542513,3.725787463150052,0.05963969560753915,34825330.319781385,20769.720997037657
2014Q1,2014-01-02,REGN,REBALANCE,1.8759945643339728,1.9080689856056483,0.03207442127167552,34825330.319781385,11170.023156019226
2014Q1,2014-01-02,SBUX,REBALANCE,2.303840011351525,2.3342466612518358,0.030406649900310487,34825330.319781385,10589.216266962605
2014Q1,2014-01-02,TSLA,REBALANCE,2.4778772795661,2.555849253366671,0.07797197380057103,34825330.319781385,27153.99743290226
2014Q1,2014-01-02,TXN,REBALANCE,1.8799225750505508,1.8986591908545705,0.018736615804019682,34825330.319781385,6525.088344498217
2014Q1,2014-01-02,VOD,REBALANCE,2.801526882043531,2.8435929127360664,0.042066030692535644,34825330.319781385,14649.63414109616
2014Q2,2014-04-01,AAPL,REBALANCE,10.82634623691493,11.136760176158141,0.31041393924321203,35047858.511557706,108793.43822611365
2014Q2,2014-04-01,AMGN,REBALANCE,3.2316943273416796,3.1328044194613236,-0.09888990788035623,35047858.511557706,-34658.79499611701
2014Q2,2014-04-01,AMZN,REBALANCE,9.488060111455944,11.136760176158141,1.6487000647021979,35047858.511557706,577834.0659567866
2014Q2,2014-04-01,BIDU,REBALANCE,2.8606148652910344,2.8451591392343367,-0.015455726056697733,35047858.511557706,-5416.901000285378
2014Q2,2014-04-01,BIIB,REBALANCE,3.0598299758747163,2.9753849084006156,-0.08444506747410062,35047858.511557706,-29596.187768312222
2014Q2,2014-04-01,BKNG,REBALANCE,2.4088163761997,2.4707611899335773,0.06194481373387739,35047858.511557706,21710.330672697313
2014Q2,2014-04-01,COST,REBALANCE,2.6395736726155894,2.5713739737594716,-0.06819969885611746,35047858.511557706,-23902.533960400484
2014Q2,2014-04-01,CSCO,REBALANCE,4.064221009383777,4.113833204286924,0.04961219490314736,35047858.511557706,17388.01187413333
2014Q2,2014-04-01,GILD,REBALANCE,4.08619300909688,4.082162382174597,-0.004030626922283537,35047858.511557706,-1412.648420850687
2014Q2,2014-04-01,GOOGL,REBALANCE,10.886462578625473,10.744893041853585,-0.14156953677188777,35047858.511557706,-49617.09094327888
2014Q2,2014-04-01,INTC,REBALANCE,6.537846146437383,6.379705404038733,-0.15814074239865056,35047858.511557706,-55424.943645005995
2014Q2,2014-04-01,MDLZ,REBALANCE,2.2678999890329328,2.2313596128719504,-0.03654037616098241,35047858.511557706,-12806.619336492075
2014Q2,2014-04-01,META,REBALANCE,8.871386946876394,8.868240269009982,-0.0031466778664099304,35047858.511557706,-1102.8432064338551
2014Q2,2014-04-01,MSFT,REBALANCE,12.417638330671329,11.136760176158141,-1.2808781545131875,35047858.511557706,-448920.36329923343
2014Q2,2014-04-01,QCOM,REBALANCE,3.9503523888328758,3.911828060614199,-0.03852432821867674,35047858.511557706,-13501.952046609922
2014Q2,2014-04-01,REGN,REBALANCE,2.0684388020482074,2.0398866710749317,-0.02855213097327572,35047858.511557706,-10006.910465548319
2014Q2,2014-04-01,SBUX,REBALANCE,2.179404442601807,2.1495966839764047,-0.029807758625402178,35047858.511557706,-10446.981068497593
2014Q2,2014-04-01,TSLA,REBALANCE,3.519138815215968,3.5341281836099623,0.014989368393994451,35047858.511557706,5253.452626503325
2014Q2,2014-04-01,TXN,REBALANCE,2.040510471243979,2.017033898729952,-0.02347657251402721,35047858.511557706,-8228.035918079502
2014Q2,2014-04-01,VOD,REBALANCE,2.5955715042393948,2.5215684284950304,-0.07400307574436417,35047858.511557706,-25936.493281085633
2014Q3,2014-07-01,AAPL,REBALANCE,12.590913825428055,11.16904453239264,-1.4218692930354146,37780888.00580774,-537194.8451906804
2014Q3,2014-07-01,AMGN,REBALANCE,2.80438651506899,2.798882486987644,-0.005504028081346549,37780888.00580774,-2079.470685221748
2014Q3,2014-07-01,AMZN,REBALANCE,9.975167809265145,10.82873113525195,0.8535633259868058,37780888.00580774,322483.80424972274
2014Q3,2014-07-01,BIDU,REBALANCE,3.238035779629042,3.1832555165095124,-0.05478026311952974,37780888.00580774,-20696.469858476336
2014Q3,2014-07-01,BIIB,REBALANCE,2.8453346090310676,2.903991761782622,0.05865715275155427,37780888.00580774,22161.193188460293
2014Q3,2014-07-01,BKNG,REBALANCE,2.3133937659038537,2.2920031277727286,-0.021390638131125322,37780888.00580774,-8081.573036048065
2014Q3,2014-07-01,COST,REBALANCE,2.467224336062326,2.47832614978202,0.011101813719694223,37780888.00580774,4194.363808051073
2014Q3,2014-07-01,CSCO,REBALANCE,4.266018798030597,4.158589378873224,-0.10742941915737256,37780888.00580774,-40587.788537136694
2014Q3,2014-07-01,GILD,REBALANCE,4.430832166086178,4.4020844211274435,-0.028747744958734084,37780888.00580774,-10861.153327054566
2014Q3,2014-07-01,GOOGL,REBALANCE,10.447532231779686,10.41777751509539,-0.02975471668429791,37780888.00580774,-11241.596186939985
2014Q3,2014-07-01,INTC,REBALANCE,7.146220316192048,7.141270311821408,-0.00495000437063936,37780888.00580774,-1870.1556075538451
2014Q3,2014-07-01,MDLZ,REBALANCE,2.2618072797991693,2.268096104571004,0.006288824771834983,37780888.00580774,2375.9738439284693
2014Q3,2014-07-01,META,REBALANCE,9.189509664115272,8.974290225823703,-0.21521943829156953,37780888.00580774,-81311.81494766638
2014Q3,2014-07-01,MSFT,REBALANCE,10.584235553923513,11.16904453239264,0.584808978469127,37780888.00580774,220946.02520332922
2014Q3,2014-07-01,MU,BUY,0.0,2.2637402359140677,2.2637402359140677,37780888.00580774,855261.1632731019
2014Q3,2014-07-01,QCOM,REBALANCE,3.663621580632542,3.6443998632009693,-0.019221717431573,37780888.00580774,-7262.135535615419
2014Q3,2014-07-01,REGN,SELL,1.7800875072342972,0.0,-1.7800875072342972,37780888.00580774,-672532.8675135646
2014Q3,2014-07-01,SBUX,REBALANCE,2.1105354884650853,2.119265803121106,0.00873031465602088,37780888.00580774,3298.390402745868
2014Q3,2014-07-01,TSLA,REBALANCE,3.775630813137884,3.6355548412727194,-0.14007597186516466,37780888.00580774,-52921.946053424625
2014Q3,2014-07-01,TXN,REBALANCE,1.9084746245920412,1.9284229769599561,0.019948352367914896,37780888.00580774,7536.664667125823
2014Q3,2014-07-01,VOD,REBALANCE,2.2010373356232322,2.223229079347243,0.022191743724010726,37780888.00580774,8384.23784290436
2014Q4,2014-10-01,AAPL,REBALANCE,11.346598488478273,11.08412370531409,-0.26247478316418354,40519715.09710497,-106354.0343398712
2014Q4,2014-10-01,AMGN,REBALANCE,3.1116242449605953,2.9063377588579704,-0.20528648610262484,40519715.09710497,-83181.49930164157
2014Q4,2014-10-01,AMZN,REBALANCE,10.024044099149657,9.26283872181293,-0.7612053773367267,40519715.09710497,-308438.2502006845
2014Q4,2014-10-01,AVGO,BUY,0.0,1.6555185373636854,1.6555185373636854,40519715.09710497,670811.3947195245
2014Q4,2014-10-01,BIDU,REBALANCE,3.467301504951042,3.1602736889667327,-0.3070278159843093,40519715.09710497,-124406.79630570582
2014Q4,2014-10-01,BIIB,REBALANCE,2.8408090526477934,2.590951814695285,-0.24985723795250825,40519715.09710497,-101241.44096785196
2014Q4,2014-10-01,BKNG,SELL,2.05817086719568,0.0,-2.05817086719568,40519715.09710497,-833964.9715993041
2014Q4,2014-10-01,COST,REBALANCE,2.5223044458967254,2.40612117183381,-0.11618327406291533,40519715.09710497,-47077.13164078194
2014Q4,2014-10-01,CSCO,REBALANCE,3.9875743710152354,3.774024124397269,-0.21355024661796618,40519715.09710497,-86529.95151876492
2014Q4,2014-10-01,GILD,REBALANCE,5.269906275007945,4.880997633148701,-0.38890864185924384,40519715.09710497,-157584.6736693859
2014Q4,2014-10-01,GOOG,BUY,0.0,8.380026133947936,8.380026133947936,40519715.09710497,3395562.7145386436
2014Q4,2014-10-01,GOOGL,REBALANCE,9.775750022828475,9.143321198517443,-0.6324288243110334,40519715.09710497,-256258.35780280127
2014Q4,2014-10-01,INTC,REBALANCE,7.553194847845897,7.063987863219351,-0.48920698462654594,40519715.09710497,-198225.2764058145
2014Q4,2014-10-01,MDLZ,REBALANCE,1.935339753414967,1.8182126216595584,-0.11712713175540852,40519715.09710497,-47459.58008870229
2014Q4,2014-10-01,META,REBALANCE,9.828841317485141,9.040219629918058,-0.7886216875670843,40519715.09710497,-319547.2609961638
2014Q4,2014-10-01,MSFT,REBALANCE,11.650194123068285,11.08412370531409,-0.5660704177541955,40519715.09710497,-229370.12052299193
2014Q4,2014-10-01,MU,SELL,2.1946453943702293,0.0,-2.1946453943702293,40519715.09710497,-889264.0611905525
2014Q4,2014-10-01,QCOM,REBALANCE,3.2257446954728355,3.041253418110613,-0.1844912773622226,40519715.09710497,-74755.3399661823
2014Q4,2014-10-01,SBUX,REBALANCE,1.933472549776403,1.8198136118468093,-0.11365893792959353,40519715.09710497,-46054.27783146667
2014Q4,2014-10-01,TSLA,REBALANCE,3.426815177363084,3.2631514459895503,-0.16366373137353396,40519715.09710497,-66316.07766984716
2014Q4,2014-10-01,TXN,REBALANCE,1.8057545735711606,1.6804417358092203,-0.12531283776194035,40519715.09710497,-50776.404841235606
2014Q4,2014-10-01,VOD,REBALANCE,2.0419141955005924,1.9442614792769093,-0.09765271622368295,40519715.09710497,-39568.60239842073
2015Q1,2015-01-02,AAPL,REBALANCE,12.09669274620792,11.164797336448721,-0.931895409759198,40853154.16385246,-380708.66839478974
2015Q1,2015-01-02,AMGN,REBALANCE,3.2815504599996985,3.2373906408029374,-0.044159819196760985,40853154.16385246,-18040.67901493128
2015Q1,2015-01-02,AMZN,REBALANCE,8.842757896865,8.672851426897774,-0.16990646996722647,40853154.16385246,-69412.15211007072
2015Q1,2015-01-02,AVGO,REBALANCE,1.9053515052139272,1.8730247988810536,-0.03232670633287367,40853154.16385246,-13206.479174264738
2015Q1,2015-01-02,BIDU,REBALANCE,3.274377467051956,3.2034026565505447,-0.07097481050141116,40853154.16385246,-28995.44875164365
2015Q1,2015-01-02,BIIB,REBALANCE,2.636922275706825,2.6390485239633206,0.0021262482564954333,40853154.16385246,868.6394781323045
2015Q1,2015-01-02,CMCSA,BUY,0.0,3.7949412268387466,3.7949412268387466,40853154.16385246,1550353.189828027
2015Q1,2015-01-02,COST,REBALANCE,2.706371304200921,2.6380685786284013,-0.06830272557251972,40853154.16385246,-27903.81777625456
2015Q1,2015-01-02,CSCO,REBALANCE,4.137321051377291,4.038407793912458,-0.09891325746483257,40853154.16385246,-40409.18556059635
2015Q1,2015-01-02,GILD,REBALANCE,4.286781124519058,4.2268933290673045,-0.05988779545175321,40853154.16385246,-24466.05340123736
2015Q1,2015-01-02,GOOG,REBALANCE,7.578013667673932,7.456177136076783,-0.12183653159714841,40853154.16385246,-49774.06608127386
2015Q1,2015-01-02,GOOGL,REBALANCE,8.178641720965294,8.047918185293664,-0.13072353567162992,40853154.16385246,-53404.68755636964
2015Q1,2015-01-02,INTC,REBALANCE,7.350001420256024,7.327984576406887,-0.02201684384913749,40853154.16385246,-8994.575159702807
2015Q1,2015-01-02,MDLZ,REBALANCE,1.9194002363180056,1.9171353961646944,-0.0022648401533112428,40853154.16385246,-925.2586393970744
2015Q1,2015-01-02,META,REBALANCE,8.850721692159794,8.925860937903213,0.07513924574341774,40853154.16385246,30696.751901114396
2015Q1,2015-01-02,MSFT,REBALANCE,11.084469978079655,11.164797336448721,0.08032735836906585,40853154.16385246,32816.25955026472
2015Q1,2015-01-02,QCOM,REBALANCE,3.016208934875831,2.963141516418038,-0.05306741845779346,40853154.16385246,-21679.714273339057
2015Q1,2015-01-02,SBUX,SELL,1.9706961416989348,0.0,-1.9706961416989348,40853154.16385246,-805091.5328693582
2015Q1,2015-01-02,TSLA,REBALANCE,2.966185700713456,2.8699468681885607,-0.09623883252489543,40853154.16385246,-39316.59861688731
2015Q1,2015-01-02,TXN,REBALANCE,1.881925362711141,1.859970113295585,-0.021955249415555808,40853154.16385246,-8969.41189079533
2015Q1,2015-01-02,VOD,REBALANCE,2.035609313405323,1.978241621812592,-0.057367691592730835,40853154.16385246,-23436.511486621755
2015Q2,2015-04-01,AAPL,REBALANCE,12.292793101808137,11.13619497313628,-1.1565981286718554,41992444.13103308,-485683.82300310297
2015Q2,2015-04-01,AMGN,REBALANCE,3.177362495771314,3.099477221879119,-0.07788527389219514,41992444.13103308,-32705.930125482137
2015Q2,2015-04-01,AMZN,REBALANCE,10.116359591779137,10.08859413362779,-0.027765458151346456,41992444.13103308,-11659.39450192953
2015Q2,2015-04-01,AVGO,REBALANCE,2.307058240359609,2.2854493012576067,-0.021608939102002456,41992444.13103308,-9074.121679717342
2015Q2,2015-04-01,BIDU,REBALANCE,2.848957506329967,2.9378029700762927,0.08884546374632596,41992444.13103308,37308.381726633175
2015Q2,2015-04-01,BIIB,REBALANCE,3.1936355180457467,3.0949581861308593,-0.09867733191488738,41992444.13103308,-41437.023474353155
2015Q2,2015-04-01,CMCSA,REBALANCE,3.6243227071912893,3.690634806224892,0.06631209903360247,41992444.13103308,27846.071138800842
2015Q2,2015-04-01,COST,REBALANCE,2.840708259863788,2.8094377219247213,-0.03127053793906716,41992444.13103308,-13131.26317353628
2015Q2,2015-04-01,CSCO,REBALANCE,3.944581803262231,3.892840059676042,-0.05174174358618874,41992444.13103308,-21727.6227678527
2015Q2,2015-04-01,GILD,REBALANCE,4.281046116336155,4.218304830896369,-0.06274128543978519,41992444.13103308,-26346.599235393787
2015Q2,2015-04-01,GOOG,REBALANCE,7.551536834761493,7.4714885144467305,-0.08004832031476283,41992444.13103308,-33614.246186007185
2015Q2,2015-04-01,GOOGL,REBALANCE,8.184267144538552,8.09434401709193,-0.08992312744662279,41992444.13103308,-37760.91905390075
2015Q2,2015-04-01,INTC,REBALANCE,6.187053147638438,6.061799076303682,-0.1252540713347565,41992444.13103308,-52597.245927091935
2015Q2,2015-04-01,MDLZ,SELL,1.8607572813985822,0.0,-1.8607572813985822,41992444.13103308,-781377.4618054297
2015Q2,2015-04-01,META,REBALANCE,9.151160225713063,9.006685152721618,-0.14447507299144569,41992444.13103308,-60668.61430920209
2015Q2,2015-04-01,MSFT,REBALANCE,9.575614223866769,11.13619497313628,1.560580749269512,41992444.13103308,655325.9992566572
2015Q2,2015-04-01,QCOM,REBALANCE,2.7048886841314084,2.7001992345110004,-0.004689449620408001,41992444.13103308,-1969.2145119027725
2015Q2,2015-04-01,SBUX,BUY,0.0,2.135243326912161,2.135243326912161,41992444.13103308,896640.861115201
2015Q2,2015-04-01,TSLA,REBALANCE,2.3697742567483897,2.3794156563787827,0.00964139963039283,41992444.13103308,4048.659353242339
2015Q2,2015-04-01,TXN,REBALANCE,1.9474743461105675,1.9178606501807238,-0.029613695929843475,41992444.13103308,-12435.514718473538
2015Q2,2015-04-01,VOD,REBALANCE,1.8406485143453661,1.8430751934871148,0.0024266791417485584,41992444.13103308,1019.0218828381963
2015Q3,2015-07-01,AAPL,REBALANCE,10.816282807452273,11.117217965310651,0.30093515785837854,43763970.036985025,131701.17231589436
2015Q3,2015-07-01,AMGN,REBALANCE,2.8703238590280487,2.8913135773508913,0.020989718322842604,43763970.036985025,9185.934037656392
2015Q3,2015-07-01,AMZN,REBALANCE,11.292893112598936,11.117217965310651,-0.17567514728828448,43763970.036985025,-76882.41882167413
2015Q3,2015-07-01,AVGO,REBALANCE,2.3021776739262223,2.3258744258477,0.0236967519214773,43763970.036985025,10370.639410654
2015Q3,2015-07-01,BIDU,REBALANCE,2.6928182425312963,2.602312127829241,-0.09050611470205541,43763970.036985025,-39609.06891984683
2015Q3,2015-07-01,BIIB,REBALANCE,2.8409705248567243,2.852934331630542,0.011963806773817448,43763970.036985025,5235.836811776253
2015Q3,2015-07-01,CMCSA,REBALANCE,3.786838576932795,3.8038895209605914,0.01705094402779661,43763970.036985025,7462.170035347996
2015Q3,2015-07-01,COST,REBALANCE,2.4097627104765165,2.4080454365541235,-0.0017172739223931394,43763970.036985025,-751.5472448490909
2015Q3,2015-07-01,CSCO,REBALANCE,3.7257651462277575,3.7045450730800527,-0.021220073147704827,43763970.036985025,-9286.746454187845
2015Q3,2015-07-01,GILD,REBALANCE,4.846672828181524,4.728941677033157,-0.11773115114836613,43763970.036985025,-51523.82571276851
2015Q3,2015-07-01,GOOG,REBALANCE,6.828114378291819,6.780020493792112,-0.04809388449970725,43763970.036985025,-21047.793202074066
2015Q3,2015-07-01,GOOGL,REBALANCE,7.561427847227371,7.530175102758065,-0.031252744469306704,43763970.036985025,-13677.44172528288
2015Q3,2015-07-01,INTC,REBALANCE,5.69923271154025,5.6273227522341225,-0.07190995930612815,43763970.036985025,-31470.653044342045
2015Q3,2015-07-01,KHC,BUY,0.0,2.5093806448526434,2.5093806448526434,43763970.036985025,1098204.5935272125
2015Q3,2015-07-01,META,REBALANCE,9.015241348604587,9.018114496351838,0.0028731477472523914,43763970.036985025,1257.4035192258468
2015Q3,2015-07-01,MSFT,REBALANCE,11.677993548066278,11.117217965310651,-0.5607755827556266,43763970.036985025,-245417.65801190058
2015Q3,2015-07-01,QCOM,REBALANCE,2.356410419850323,2.3176336941419136,-0.038776725708409426,43763970.036985025,-16970.23462035217
2015Q3,2015-07-01,SBUX,REBALANCE,2.327491662067099,2.3352443483361958,0.0077526862690968645,43763970.036985025,3392.883295869004
2015Q3,2015-07-01,TSLA,REBALANCE,3.2444994185434277,3.212170002809419,-0.032329415734008715,43763970.036985025,-14148.635814963896
2015Q3,2015-07-01,TXN,SELL,1.6676653293331618,0.0,-1.6676653293331618,43763970.036985025,-729836.5550465526
2015Q3,2015-07-01,VOD,REBALANCE,2.037417854263612,2.000428398505436,-0.03698945575817576,43763970.036985025,-16188.054334851873
2015Q4,2015-10-01,AAPL,REBALANCE,9.810793052162934,11.121520933167266,1.3107278810043324,43807058.08736176,574191.3241988139
2015Q4,2015-10-01,AMGN,REBALANCE,2.6145879423572738,2.6496461989872446,0.03505825662997071,43807058.08736176,15357.990846307624
2015Q4,2015-10-01,AMZN,REBALANCE,13.096812115892797,11.121520933167266,-1.9752911827255317,43807058.08736176,-865316.9558111088
2015Q4,2015-10-01,AVGO,SELL,2.1919984840416324,0.0,-2.1919984840416324,43807058.08736176,-960250.0491782071
2015Q4,2015-10-01,BIDU,SELL,1.794414311090986,0.0,-1.794414311090986,43807058.08736176,-786080.1195875606
2015Q4,2015-10-01,BIIB,SELL,2.058959015379671,0.0,-2.058959015379671,43807058.08736176,-901969.3718623442
2015Q4,2015-10-01,CMCSA,REBALANCE,3.5941542554555714,3.5368450747584,-0.05730918069717164,43807058.08736176,-25105.466077401095
2015Q4,2015-10-01,COST,REBALANCE,2.5821491344467837,2.5783644700085793,-0.0037846644382045352,43807058.08736176,-1657.9501488559845
2015Q4,2015-10-01,CSCO,REBALANCE,3.56508758759791,3.54197517898411,-0.023112408613799873,43807058.08736176,-10124.866266835714
2015Q4,2015-10-01,GILD,REBALANCE,3.9776631535982134,4.054489808275887,0.07682665467767386,43807058.08736176,33655.497241225414
2015Q4,2015-10-01,GOOG,REBALANCE,7.917316770039738,8.00720408039596,0.08988731035622088,43807058.08736176,39376.98626091683
2015Q4,2015-10-01,GOOGL,REBALANCE,8.89250796021864,8.970989014098217,0.07848105387957549,43807058.08736176,34380.24086059932
2015Q4,2015-10-01,INTC,REBALANCE,5.616315139354959,5.686391495069666,0.07007635571470647,43807058.08736176,30698.389853447716
2015Q4,2015-10-01,KHC,REBALANCE,2.442216096054797,2.4733590372354666,0.03114294118066914,43807058.08736176,13642.806333128636
2015Q4,2015-10-01,MDLZ,BUY,0.0,2.0466575178676205,2.0466575178676205,43807058.08736176,896580.4477016248
2015Q4,2015-10-01,META,REBALANCE,9.443057006043174,9.514558628686725,0.07150162264355081,43807058.08736176,31322.757364866513
2015Q4,2015-10-01,MSFT,REBALANCE,11.207373140286522,11.121520933167266,-0.08585220711925662,43807058.08736176,-37609.326242014875
2015Q4,2015-10-01,NFLX,BUY,0.0,2.1445198819554294,2.1445198819554294,43807058.08736176,939451.0703832369
2015Q4,2015-10-01,QCOM,REBALANCE,2.0030680822979834,1.9921695714595515,-0.010898510838431782,43807058.08736176,-4774.316973649228
2015Q4,2015-10-01,REGN,BUY,0.0,2.322376107550429,2.322376107550429,43807058.08736176,1017364.6504416275
2015Q4,2015-10-01,SBUX,REBALANCE,2.4798644168991335,2.518120924713605,0.03825650781447143,43807058.08736176,16759.05060048159
2015Q4,2015-10-01,TSLA,REBALANCE,2.971438758309168,2.8862778885270317,-0.08516086978213634,43807058.08736176,-37306.471693162974
2015Q4,2015-10-01,VOD,REBALANCE,1.7402235784721105,1.7114923219242806,-0.028731256547830097,43807058.08736176,-12586.31824513686
2016Q1,2016-01-04,AAPL,REBALANCE,9.323380360907404,11.197618355807581,1.8742379949001768,50081556.98527734,938647.5694556516
2016Q1,2016-01-04,AMGN,REBALANCE,2.733763087965236,2.7268027599986193,-0.006960327966616664,50081556.98527734,-3485.84061696332
2016Q1,2016-01-04,AMZN,REBALANCE,12.84487293652446,11.197618355807581,-1.6472545807168781,50081556.98527734,-824970.7415343146
2016Q1,2016-01-04,AVGO,BUY,0.0,2.246723018635537,2.246723018635537,50081556.98527734,1125193.8688792996
2016Q1,2016-01-04,CMCSA,REBALANCE,3.082375711205548,3.1355981371766366,0.0532224259710886,50081556.98527734,26654.619591657785
2016Q1,2016-01-04,COST,REBALANCE,2.525956381206016,2.5870821119775735,0.06112573077155792,50081556.98527734,30612.717689024987
2016Q1,2016-01-04,CSCO,REBALANCE,3.2314739782412776,3.3225280378785667,0.09105405963728899,50081556.98527734,45601.2907646573
2016Q1,2016-01-04,GILD,REBALANCE,3.6706557429869746,3.6828139904845294,0.012158247497554703,50081556.98527734,6089.0396488989145
2016Q1,2016-01-04,GOOG,REBALANCE,8.736082130720197,8.811850547510291,0.07576841679009516,50081556.98527734,37946.002831573955
2016Q1,2016-01-04,GOOGL,REBALANCE,9.563553666228668,9.623257619932815,0.05970395370414744,50081556.98527734,29900.6695968062
2016Q1,2016-01-04,INTC,REBALANCE,5.72528989975313,5.883537849980257,0.1582479502271278,50081556.98527734,79253.03737103232
2016Q1,2016-01-04,KHC,REBALANCE,2.2666764634047167,2.339657884300687,0.0729814208959706,50081556.98527734,36550.23189468062
2016Q1,2016-01-04,MDLZ,REBALANCE,1.924488536269292,1.9327216589546015,0.008233122685309333,50081556.98527734,4123.2760293109895
2016Q1,2016-01-04,META,REBALANCE,9.688934820512126,9.697172265416112,0.00823744490398709,50081556.98527734,4125.440663721119
2016Q1,2016-01-04,MSFT,REBALANCE,12.276450801872283,11.197618355807581,-1.0788324460647023,50081556.98527734,-540296.0862515552
2016Q1,2016-01-04,NFLX,SELL,2.077850492041963,0.0,-2.077850492041963,50081556.98527734,-1040619.8782408612
2016Q1,2016-01-04,QCOM,REBALANCE,1.6372889359073883,1.7194076736435113,0.08211873773612301,50081556.98527734,41126.34243490689
2016Q1,2016-01-04,REGN,REBALANCE,2.370887665808656,2.3000361308448167,-0.07085153496383945,50081556.98527734,-35483.551857858954
2016Q1,2016-01-04,SBUX,REBALANCE,2.333785933493165,2.321974520606086,-0.0118114128870795,50081556.98527734,-5915.339475809112
2016Q1,2016-01-04,TSLA,REBALANCE,2.4393953562423185,2.437642948337562,-0.0017524079047565033,50081556.98527734,-877.6331634351328
2016Q1,2016-01-04,VOD,REBALANCE,1.546837098709174,1.6383377768990504,0.0915006781898764,50081556.98527734,45824.96428957818
2016Q2,2016-04-01,AAPL,REBALANCE,11.827819429540796,11.1265226833744,-0.7012967461663953,49359672.07501495,-346157.77418048267
2016Q2,2016-04-01,AMGN,REBALANCE,2.5731102505100867,2.608636179596512,0.035525929086425295,49359672.07501495,17535.48209866188
2016Q2,2016-04-01,AMZN,REBALANCE,9.9788009973446,11.1265226833744,1.1477216860297998,49359672.07501495,566511.6605581419
2016Q2,2016-04-01,AVGO,REBALANCE,2.4344578572461595,2.4395949590204005,0.005137101774240968,49359672.07501495,2535.656589925117
2016Q2,2016-04-01,CMCSA,REBALANCE,3.458942761251244,3.4023788106735133,-0.05656395057773017,49359672.07501495,-27919.780517841136
2016Q2,2016-04-01,COST,REBALANCE,2.568148286612582,2.5109010853482214,-0.05724720126436024,49359672.07501495,-28257.030816212027
2016Q2,2016-04-01,CSCO,REBALANCE,3.561253604528584,3.5220879648997645,-0.03916563962881939,49359672.07501495,-19332.03128686735
2016Q2,2016-04-01,GILD,REBALANCE,3.4084939161514107,3.467760554326712,0.05926663817530098,49359672.07501495,29253.818253214187
2016Q2,2016-04-01,GOOG,REBALANCE,8.776609308348158,8.692314831225769,-0.08429447712239024,49359672.07501495,-41607.47748496032
2016Q2,2016-04-01,GOOGL,REBALANCE,9.574366859067842,9.517056623735886,-0.057310235331956005,49359672.07501495,-28288.144225272838
2016Q2,2016-04-01,INTC,REBALANCE,5.655031179703793,5.529390319362903,-0.12564086034089067,49359672.07501495,-62015.91665649114
2016Q2,2016-04-01,KHC,REBALANCE,2.582194824614467,2.50193914798996,-0.08025567662450668,49359672.07501495,-39613.93880344092
2016Q2,2016-04-01,MDLZ,REBALANCE,1.7621632413205381,1.7838510353655912,0.02168779404505307,49359672.07501495,10705.024020942814
2016Q2,2016-04-01,META,REBALANCE,10.726438054312428,10.743883832954939,0.017445778642512233,49359672.07501495,8611.179128877033
2016Q2,2016-04-01,MSFT,REBALANCE,11.391394135034092,11.1265226833744,-0.26487145165969284,49359672.07501495,-130739.67995955612
2016Q2,2016-04-01,QCOM,REBALANCE,1.8014385138708109,1.7192609335717108,-0.08217758029910004,49359672.07501495,-40562.584154817865
2016Q2,2016-04-01,REGN,SELL,1.5494492895480523,0.0,-1.5494492895480523,49359672.07501495,-764803.0882895674
2016Q2,2016-04-01,SBUX,REBALANCE,2.3506396859359495,2.380924471338315,0.030284785402365233,49359672.07501495,14948.470763229476
2016Q2,2016-04-01,TSLA,REBALANCE,2.36777051227971,2.5296767608308754,0.16190624855116562,49359672.07501495,79916.39335381398
2016Q2,2016-04-01,TXN,BUY,0.0,1.694898525926386,1.694898525926386,49359672.07501495,836596.3544015264
2016Q2,2016-04-01,VOD,REBALANCE,1.651477292778708,1.5758759137093254,-0.07560137906938262,49359672.07501495,-37316.59279283625
2016Q3,2016-07-01,AAPL,REBALANCE,9.853015332963027,11.17105179110198,1.3180364581389534,49189233.5667925,648332.0318894491
2016Q3,2016-07-01,AMGN,REBALANCE,2.673923474864407,2.6694112584386884,-0.004512216425718585,49189233.5667925,-2219.524676685891
2016Q3,2016-07-01,AMZN,REBALANCE,13.459253439866774,11.17105179110198,-2.2882016487647943,49189233.5667925,-1125548.8534901117
2016Q3,2016-07-01,AVGO,REBALANCE,2.4700760400248885,2.4295924974898533,-0.04048354253503514,49189233.5667925,-19913.544293670224
2016Q3,2016-07-01,CMCSA,REBALANCE,3.6601723171864067,3.678472828104492,0.018300510918085183,49189233.5667925,9001.881059413285
2016Q3,2016-07-01,COST,REBALANCE,2.5183937570147803,2.52355792245619,0.0051641654414093935,49189233.5667925,2540.213400750448
2016Q3,2016-07-01,CSCO,REBALANCE,3.594175189038884,3.6243480480377808,0.03017285899889685,49189233.5667925,14841.798086746343
2016Q3,2016-07-01,GILD,REBALANCE,3.177841622314733,3.193901658421963,0.016060036107230086,49189233.5667925,7899.808671696617
2016Q3,2016-07-01,GOOG,REBALANCE,8.1036244701991,8.232810680314035,0.12918621011493714,49189233.5667925,63545.70662952375
2016Q3,2016-07-01,GOOGL,REBALANCE,8.806835032645713,8.921204552186706,0.11436951954099384,49189233.5667925,56257.49009623785
2016Q3,2016-07-01,INTC,REBALANCE,5.674326018911117,5.717725104031166,0.043399085120048725,49189233.5667925,21347.67734555186
2016Q3,2016-07-01,KHC,REBALANCE,2.8470683211958723,2.8553865482837093,0.008318227087836944,49189233.5667925,4091.6721508523165
2016Q3,2016-07-01,MDLZ,REBALANCE,2.038893951072297,1.9902826073697386,-0.04861134370255857,49189233.5667925,-23911.547393807814
2016Q3,2016-07-01,META,REBALANCE,10.798118378785295,10.737938722152025,-0.06017965663327046,49189233.5667925,-29601.911861033146
2016Q3,2016-07-01,MSFT,REBALANCE,10.416673119376487,11.17105179110198,0.7543786717254947,49189233.5667925,371073.08681312046
2016Q3,2016-07-01,QCOM,REBALANCE,1.8245419261197753,1.8366816745544086,0.012139748434633266,49189233.5667925,5971.449211932793
2016Q3,2016-07-01,SBUX,REBALANCE,2.293921301873352,2.2667475402211377,-0.027173761652214343,49189233.5667925,-13366.565087991206
2016Q3,2016-07-01,TSLA,REBALANCE,2.3452168911313502,2.3415796601706766,-0.0036372309606735875,49189233.5667925,-1789.1260326094218
2016Q3,2016-07-01,TXN,REBALANCE,1.8675261564658996,1.8573937189606224,-0.010132437505276995,49189233.5667925,-4984.0683504799845
2016Q3,2016-07-01,VOD,REBALANCE,1.5764032589498396,1.6098096055008848,0.03340634655104521,49189233.5667925,16432.325831125763
2016Q4,2016-10-03,AAPL,REBALANCE,11.932157945128912,11.368748723227364,-0.5634092219015494,54752513.073046,-308480.7078763925
2016Q4,2016-10-03,AMGN,REBALANCE,2.6445320635816993,2.6678493442888978,0.02331728070719824,54752513.073046,12766.79716748755
2016Q4,2016-10-03,AMZN,REBALANCE,11.742590281701531,11.368748723227364,-0.37384155847416806,54752513.073046,-204687.64817604778
2016Q4,2016-10-03,AVGO,REBALANCE,2.430500913004508,2.4618790761248315,0.03137816312032381,54752513.073046,17180.33286453699
2016Q4,2016-10-03,CMCSA,REBALANCE,3.37725466533859,3.4310112246104314,0.05375655927184128,54752513.073046,29433.06714293462
2016Q4,2016-10-03,COST,REBALANCE,2.2076656072152234,2.242293068179143,0.034627460963919734,54752513.073046,18959.405091134053
2016Q4,2016-10-03,CSCO,REBALANCE,3.6327620099871982,3.6948720340057704,0.0621100240185718,54752513.073046,34006.799020440536
2016Q4,2016-10-03,GILD,REBALANCE,2.737956599715145,2.70670756969104,-0.031249030024104937,54752513.073046,-17109.629249148125
2016Q4,2016-10-03,GOOG,REBALANCE,8.306698039391401,8.333185321063215,0.02648728167181369,54752513.073046,14502.452360054307
2016Q4,2016-10-03,GOOGL,REBALANCE,9.159997561416098,9.209729839596623,0.049732278180524,54752513.073046,27229.67211231501
2016Q4,2016-10-03,INTC,REBALANCE,5.956786739829183,6.068902570517026,0.11211583068784295,54752513.073046,61386.23485431533
2016Q4,2016-10-03,KHC,REBALANCE,2.612640145452149,2.658522055278018,0.045881909825869205,54752513.073046,25121.498675572213
2016Q4,2016-10-03,MDLZ,REBALANCE,1.7324251654166785,1.7773463106753193,0.04492114525864073,54752513.073046,24595.45593029925
2016Q4,2016-10-03,META,REBALANCE,10.827839077938092,11.092919772121048,0.26508069418295643,54752513.073046,145138.3417366443
2016Q4,2016-10-03,MSFT,REBALANCE,11.367517180556863,11.368748723227364,0.0012315426705003518,54752513.073046,674.300561665845
2016Q4,2016-10-03,QCOM,REBALANCE,2.12784394371164,2.148593987822387,0.02075004411074728,54752513.073046,11361.170614399716
2016Q4,2016-10-03,SBUX,REBALANCE,1.9369078089356773,1.96860118943518,0.03169338049950274,54752513.073046,17352.922301280447
2016Q4,2016-10-03,TSLA,REBALANCE,2.021900968192968,2.1173561649699857,0.09545519677701744,54752513.073046,52264.11909423826
2016Q4,2016-10-03,TXN,REBALANCE,1.8792481945706228,1.9186067540824507,0.03935855951182794,54752513.073046,21549.800442076183
2016Q4,2016-10-03,VOD,REBALANCE,1.3647750889158048,1.3953775478565502,0.030602458940745536,54752513.073046,16755.615332205234
2017Q1,2017-01-03,AAPL,REBALANCE,11.921270542227477,11.362115284370455,-0.5591552578570219,53768893.43922868,-300651.5947569865
2017Q1,2017-01-03,AMGN,REBALANCE,2.3972487287711055,2.402135480281204,0.004886751510098375,53768893.43922868,2627.552212104694
2017Q1,2017-01-03,AMZN,REBALANCE,10.36776894796143,11.362115284370455,0.9943463364090257,53768893.43922868,534649.0220406434
2017Q1,2017-01-03,AVGO,REBALANCE,2.5833572700833427,2.577959503847443,-0.005397766235899423,53768893.43922868,-2902.319175479426
2017Q1,2017-01-03,CMCSA,REBALANCE,3.666019774446557,3.567904899686443,-0.09811487476011418,53768893.43922868,-52755.28245779847
2017Q1,2017-01-03,COST,REBALANCE,2.4044736096043646,2.362219319318746,-0.04225429028561836,53768893.43922868,-22719.664317176495
2017Q1,2017-01-03,CSCO,REBALANCE,3.614166161478035,3.5568888470116993,-0.05727731446633563,53768893.43922868,-30797.37818025592
2017Q1,2017-01-03,GILD,REBALANCE,2.510664600818279,2.5706868569221295,0.06002225610385083,53768893.43922868,32273.302924300486
2017Q1,2017-01-03,GOOG,REBALANCE,8.425913191872459,8.419596496770033,-0.006316695102424885,53768893.43922868,-3396.4170585038137
2017Q1,2017-01-03,GOOGL,REBALANCE,9.242794714113593,9.23166002635015,-0.011134687763443563,53768893.43922868,-5986.998398316805
2017Q1,2017-01-03,INTC,REBALANCE,5.982594184785402,5.900642631880537,-0.0819515529048652,53768893.43922868,-44064.443153210086
2017Q1,2017-01-03,KHC,REBALANCE,2.6599211108759775,2.6124183419675746,-0.04750276890840288,53768893.43922868,-25541.7131950422
2017Q1,2017-01-03,MDLZ,REBALANCE,1.8353297835118125,1.8155457284098473,-0.019784055101965126,53768893.43922868,-10637.667505733914
2017Q1,2017-01-03,META,REBALANCE,10.131654061948483,9.995617221058822,-0.13603684088965978,53768893.43922868,-73145.50401605424
2017Q1,2017-01-03,MSFT,REBALANCE,12.573564807014995,11.362115284370455,-1.2114495226445392,53768893.43922868,-651383.0029007869
2017Q1,2017-01-03,NVDA,BUY,0.0,2.3879082739411963,2.3879082739411963,53768893.43922868,1283951.8552419667
2017Q1,2017-01-03,QCOM,REBALANCE,2.098785373868515,2.095275457257345,-0.0035099166111701025,53768893.43922868,-1887.243322465839
2017Q1,2017-01-03,SBUX,REBALANCE,2.0652331602282756,2.0187842351974243,-0.0464489250308512,53768893.43922868,-24975.0730035056
2017Q1,2017-01-03,TMUS,BUY,0.0,2.371471322818329,2.371471322818329,53768893.43922868,1275113.8885080542
2017Q1,2017-01-03,TSLA,SELL,2.258172151719806,0.0,-2.258172151719806,53768893.43922868,-1214194.17793256
2017Q1,2017-01-03,TXN,REBALANCE,2.0462367069803378,2.026939504169708,-0.019297202810629813,53768893.43922868,-10375.892415999386
2017Q1,2017-01-03,VOD,SELL,1.2148311176897562,0.0,-1.2148311176897562,53768893.43922868,-653201.2491371958
2017Q2,2017-04-03,AAPL,REBALANCE,12.695475293583556,11.50998016267253,-1.1854951309110253,59947699.337698676,-710677.0567415988
2017Q2,2017-04-03,AMGN,REBALANCE,2.43440671017531,2.3627318277614573,-0.0716748824138528,59947699.337698676,-42967.44301010553
2017Q2,2017-04-03,AMZN,REBALANCE,12.048420756539405,11.50998016267253,-0.5384405938668763,59947699.337698676,-322782.7483234342
2017Q2,2017-04-03,AVGO,REBALANCE,2.877106848234602,2.8544263405948644,-0.022680507639737807,59947699.337698676,-13596.442528133799
2017Q2,2017-04-03,CMCSA,REBALANCE,3.484258444255835,3.5019794587851782,0.01772101452934341,59947699.337698676,10623.340509640686
2017Q2,2017-04-03,COST,REBALANCE,2.225029283539485,2.220837518095116,-0.00419176544436857,59947699.337698676,-2512.866945531619
2017Q2,2017-04-03,CSCO,REBALANCE,3.59885561710117,3.5438421612087128,-0.0550134558924574,59947699.337698676,-32979.30113368784
2017Q2,2017-04-03,GILD,REBALANCE,2.2037417126039562,2.105765443862041,-0.09797626874191584,59947699.337698676,-58734.51900769935
2017Q2,2017-04-03,GOOG,REBALANCE,8.116739551300416,8.068624866749907,-0.048114684550508435,59947699.337698676,-28843.646431620953
2017Q2,2017-04-03,GOOGL,REBALANCE,8.85849368156562,8.794202591537347,-0.0642910900282706,59947699.337698676,-38541.02935107684
2017Q2,2017-04-03,INTC,REBALANCE,5.300853958392842,5.274910876642467,-0.025943081750374325,59947699.337698676,-15552.280646647776
2017Q2,2017-04-03,KHC,REBALANCE,2.452889870534342,2.457816988951516,0.0049271184171740395,59947699.337698676,2953.694134739871
2017Q2,2017-04-03,MDLZ,SELL,1.5894109517002109,0.0,-1.5894109517002109,59947699.337698676,-952815.2985656975
2017Q2,2017-04-03,META,REBALANCE,11.069367675580196,10.933689305310413,-0.13567837026978308,59947699.337698676,-81336.0614756191
2017Q2,2017-04-03,MSFT,REBALANCE,10.866589076263908,11.50998016267253,0.6433910864086206,59947699.337698676,385698.154045793
2017Q2,2017-04-03,NFLX,BUY,0.0,2.1838563890515594,2.1838563890515594,59947699.337698676,1309171.662075752
2017Q2,2017-04-03,NVDA,REBALANCE,2.1884887601556535,2.2821860377906513,0.09369727763499786,59947699.337698676,56169.3622842373
2017Q2,2017-04-03,QCOM,SELL,1.668211815424374,0.0,-1.668211815424374,59947699.337698676,-1000054.6034265684
2017Q2,2017-04-03,SBUX,REBALANCE,1.912890568877957,1.9235977115897287,0.010707142711771644,59947699.337698676,6418.685720511182
2017Q2,2017-04-03,TMUS,REBALANCE,2.38890222007391,2.321641141882625,-0.06726107819128545,59947699.337698676,-40321.46892540622
2017Q2,2017-04-03,TSLA,BUY,0.0,2.638484213049002,2.638484213049002,59947699.337698676,1581710.5831112608
2017Q2,2017-04-03,TXN,REBALANCE,2.0198672040972636,2.001466639119836,-0.018400564977427702,59947699.337698676,-11030.715369106241
2017Q3,2017-07-03,AAPL,REBALANCE,11.001851033645082,11.560850747448926,0.5589997138038441,63133129.82487144,352914.01503644075
2017Q3,2017-07-03,AMGN,REBALANCE,2.3721267790751726,2.4470539938251727,0.07492721475000005,63133129.82487144,47303.89576227776
2017Q3,2017-07-03,AMZN,REBALANCE,11.93347189089201,11.560850747448926,-0.37262114344308317,63133129.82487144,-235247.39024484213
2017Q3,2017-07-03,AVGO,REBALANCE,2.8971034136258034,2.9356259546943977,0.03852254106859396,63133129.82487144,24320.485864674843
2017Q3,2017-07-03,CMCSA,REBALANCE,3.471584045917747,3.5022311309218486,0.030647085004101293,63133129.82487144,19348.463963177976
2017Q3,2017-07-03,COST,REBALANCE,2.0985577712967367,2.153088267905113,0.0545304966083765,63133129.82487144,34426.809217913455
2017Q3,2017-07-03,CSCO,REBALANCE,3.1432863627417116,3.2525963260169597,0.10930996327524825,63133129.82487144,69010.80102608177
2017Q3,2017-07-03,GILD,REBALANCE,2.100479091664595,2.18120516321283,0.0807260715482351,63133129.82487144,50964.89555306588
2017Q3,2017-07-03,GOOG,REBALANCE,8.392701039972366,8.43324218023371,0.04054114026134509,63133129.82487144,25594.89071367822
2017Q3,2017-07-03,GOOGL,REBALANCE,9.156968435170883,9.204165298330894,0.04719686316000948,63133129.82487144,29796.85689207571
2017Q3,2017-07-03,INTC,REBALANCE,4.720066773891145,4.795576513828376,0.07550973993723023,63133129.82487144,47671.66214499436
2017Q3,2017-07-03,KHC,REBALANCE,2.215857842462612,2.2385545428456934,0.02269670038308122,63133129.82487144,14329.13731881276
2017Q3,2017-07-03,META,REBALANCE,11.03468836011547,11.123816843086868,0.08912848297139564,63133129.82487144,56269.60086526965
2017Q3,2017-07-03,MSFT,REBALANCE,11.504257382548694,11.560850747448926,0.05659336490023287,63133129.82487144,35729.16253472724
2017Q3,2017-07-03,NFLX,SELL,2.096115070283055,0.0,-2.096115070283055,63133129.82487144,-1323343.0486004965
2017Q3,2017-07-03,NVDA,REBALANCE,2.8788833501013764,2.8642628245679735,-0.014620525533402817,63133129.82487144,-9230.395366081679
2017Q3,2017-07-03,SBUX,REBALANCE,1.8315521946197018,1.8775631656881338,0.04601097106843206,63133129.82487144,29048.166098317255
2017Q3,2017-07-03,TMUS,REBALANCE,2.069002036857298,2.1376669632458998,0.06866492638860182,63133129.82487144,43350.317121068394
2017Q3,2017-07-03,TSLA,REBALANCE,3.2553441435819117,3.0394658564607955,-0.21587828712111637,63133129.82487144,-136290.71927188314
2017Q3,2017-07-03,TXN,REBALANCE,1.8261029815366134,1.8674688239500332,0.04136584241341973,63133129.82487144,26115.550994016012
2017Q3,2017-07-03,VOD,BUY,0.0,1.2638639088385335,1.2638639088385335,63133129.82487144,797916.8423767261
2017Q4,2017-10-02,AAPL,REBALANCE,11.68324846745782,11.416867201859414,-0.266381265598406,67115322.92654777,-178782.64662219508
2017Q4,2017-10-02,AMGN,REBALANCE,2.5087170252761912,2.420718426318253,-0.087998598957938,67115322.92654777,-59060.54386145779
2017Q4,2017-10-02,AMZN,REBALANCE,10.800195067600821,11.416867201859414,0.6166721342585946,67115322.92654777,413881.49430568994
2017Q4,2017-10-02,AVGO,REBALANCE,2.8856409480111074,2.798647774656245,-0.0869931733548622,67115322.92654777,-58385.74922116727
2017Q4,2017-10-02,BIDU,BUY,0.0,2.1337254636099168,2.1337254636099168,67115322.92654777,1432056.7352677742
2017Q4,2017-10-02,CMCSA,REBALANCE,3.257186029230702,3.1448232163709364,-0.11236281285976549,67115322.92654777,-75412.66470018415
2017Q4,2017-10-02,COST,REBALANCE,2.0872044258492144,2.0466927301318454,-0.040511695717368804,67115322.92654777,-27189.555403732495
2017Q4,2017-10-02,CSCO,REBALANCE,3.318081733498551,3.2082745963579864,-0.10980713714056484,67115322.92654777,-73697.41468828726
2017Q4,2017-10-02,GILD,REBALANCE,2.3633126013369288,2.3521447751617397,-0.011167826175189147,67115322.92654777,-7495.322601353724
2017Q4,2017-10-02,GOOG,REBALANCE,8.372667545277368,8.114935628504579,-0.25773191677278956,67115322.92654777,-172977.60822683905
2017Q4,2017-10-02,GOOGL,REBALANCE,9.068191832373925,8.7857410625425,-0.282450769831423,67115322.92654777,-189567.74628087968
2017Q4,2017-10-02,INTC,REBALANCE,5.129514311209901,5.114016043055897,-0.015498268154003764,67115322.92654777,-10401.71271958194
2017Q4,2017-10-02,KHC,REBALANCE,1.9206538045377923,1.885184247179688,-0.03546955735810424,67115322.92654777,-23805.507961508745
2017Q4,2017-10-02,META,REBALANCE,11.842296132646378,11.416867201859414,-0.4254289307869641,67115322.92654777,-285528.00072063034
2017Q4,2017-10-02,MSFT,REBALANCE,11.814700227511192,11.416867201859414,-0.39783302565177675,67115322.92654777,-267006.9198746456
2017Q4,2017-10-02,NFLX,BUY,0.0,2.3277671202020036,2.3277671202020036,67115322.92654777,1562288.419701576
2017Q4,2017-10-02,NVDA,REBALANCE,3.3348565786220785,3.3411260932025657,0.006269514580486968,67115322.92654777,4207.804956620825
2017Q4,2017-10-02,SBUX,SELL,1.6341741291786966,0.0,-1.6341741291786966,67115322.92654777,-1096781.243980382
2017Q4,2017-10-02,TMUS,REBALANCE,2.045329682530422,1.9883574967472073,-0.056972185783215126,67115322.92654777,-38237.066466717566
2017Q4,2017-10-02,TSLA,REBALANCE,2.696958153646351,2.670598027163516,-0.02636012648283524,67115322.92654777,-17691.68401280131
2017Q4,2017-10-02,TXN,REBALANCE,2.0593695235272538,1.9997784913574537,-0.05959103216979997,67115322.92654777,-39994.713676024214
2017Q4,2017-10-02,VOD,SELL,1.1777017806773094,0.0,-1.1777017806773094,67115322.92654777,-790418.3532132795
2018Q1,2018-01-02,AAPL,REBALANCE,11.488062030552157,11.683312951318529,0.19525092076637107,73501916.04244149,143513.16785379202
2018Q1,2018-01-02,ADBE,BUY,0.0,2.01856220062881,2.01856220062881,73501916.04244149,1483681.8939706474
2018Q1,2018-01-02,AMGN,REBALANCE,2.075693586434429,2.109018522047517,0.03332493561308825,73501916.04244149,24494.466195529807
2018Q1,2018-01-02,AMZN,REBALANCE,12.681701108861004,11.683312951318529,-0.9983881575424749,73501916.04244149,-733834.4253345483
2018Q1,2018-01-02,AVGO,REBALANCE,2.7247179382549045,2.8623630957274306,0.13764515747252612,73501916.04244149,101171.82808194253
2018Q1,2018-01-02,BIDU,SELL,1.8422922829593773,0.0,-1.8422922829593773,73501916.04244149,-1354120.1270771802
2018Q1,2018-01-02,CMCSA,REBALANCE,3.001220000287872,3.1379657194661466,0.1367457191782745,73501916.04244149,100510.72370204813
2018Q1,2018-01-02,COST,REBALANCE,2.1234618742493674,2.1323375802460687,0.008875705996701233,73501916.04244149,6523.813969869285
2018Q1,2018-01-02,CSCO,REBALANCE,3.3651405321624424,3.409398570904145,0.0442580387417027,73501916.04244149,32530.506477957544
2018Q1,2018-01-02,GILD,REBALANCE,1.912094720230783,1.9226097279370766,0.010515007706293766,73501916.04244149,7728.7321361362965
2018Q1,2018-01-02,GOOG,REBALANCE,8.084204800496767,8.295815130310888,0.21161032981412142,73501916.04244149,155537.64695710904
2018Q1,2018-01-02,GOOGL,REBALANCE,8.678819708285948,8.917967172271656,0.23914746398570746,73501916.04244149,175777.96819640268
2018Q1,2018-01-02,INTC,REBALANCE,5.694034295885412,5.648956705922232,-0.0450775899631807,73501916.04244149,-33132.89232869311
2018Q1,2018-01-02,KHC,REBALANCE,1.7398452240434803,1.720275679822467,-0.01956954422101323,73501916.04244149,-14383.989963217604
2018Q1,2018-01-02,META,REBALANCE,10.765901085352011,11.286179455328243,0.520278369976232,73501916.04244149,382414.57068691315
2018Q1,2018-01-02,MSFT,REBALANCE,12.03142037228958,11.683312951318529,-0.34810742097104996,73501916.04244149,-255865.6242996495
2018Q1,2018-01-02,NFLX,REBALANCE,2.2498611151225645,2.419520638844498,0.16965952372193366,73501916.04244149,124703.00068410177
2018Q1,2018-01-02,NVDA,REBALANCE,3.304485847023796,3.407203237603549,0.10271739057975265,73501916.04244149,75499.2501849165
2018Q1,2018-01-02,TMUS,SELL,1.8700621810487497,0.0,-1.8700621810487497,73501916.04244149,-1374531.534255902
2018Q1,2018-01-02,TSLA,REBALANCE,2.2258643435799854,2.29344685619302,0.06758251261303472,73501916.04244149,49674.44168020521
2018Q1,2018-01-02,TXN,REBALANCE,2.1411169528793828,2.168617590142015,0.02750063726263234,73501916.04244149,20213.495311916402
2018Q1,2018-01-02,VOD,BUY,0.0,1.199823262648653,1.199823262648653,73501916.04244149,881893.0871696951
2018Q2,2018-04-02,AAPL,REBALANCE,11.12387460708815,11.970781323624138,0.8469067165359876,76849043.80487856,650839.7135771997
2018Q2,2018-04-02,ADBE,REBALANCE,2.3805847403004283,2.4476775582628454,0.06709281796241709,76849043.80487856,51560.18906586534
2018Q2,2018-04-02,AMGN,REBALANCE,1.9924392998725435,2.023517458042907,0.03107815817036362,76849043.80487856,23883.267386092186
2018Q2,2018-04-02,AMZN,REBALANCE,13.829537851407492,11.970781323624138,-1.8587565277833549,76849043.80487856,-1428436.61826227
2018Q2,2018-04-02,AVGO,REBALANCE,2.5480371288339776,2.513796224102677,-0.034240904731300606,76849043.80487856,-26313.80787614394
2018Q2,2018-04-02,CMCSA,REBALANCE,2.57079483748903,2.5996682304681356,0.0288733929791056,76849043.80487856,22188.926418467592
2018Q2,2018-04-02,COST,REBALANCE,2.0703021608160688,2.106046082158988,0.03574392134291955,76849043.80487856,27468.861770401585
2018Q2,2018-04-02,CSCO,REBALANCE,3.678938959394059,3.6794452866289755,0.000506327234916365,76849043.80487856,389.1076385569077
2018Q2,2018-04-02,GILD,REBALANCE,1.9488236720296044,1.9399093764440476,-0.00891429558555687,76849043.80487856,-6850.550919440954
2018Q2,2018-04-02,GOOG,REBALANCE,7.823712656377915,7.957941238534912,0.13422858215699635,76849043.80487856,103153.38190049754
2018Q2,2018-04-02,GOOGL,REBALANCE,8.397887721740625,8.541268974173702,0.1433812524330766,76849043.80487856,110187.12149027854
2018Q2,2018-04-02,INTC,REBALANCE,6.137197083113609,6.027981652730105,-0.10921543038350384,76849043.80487856,-83931.01393710551
2018Q2,2018-04-02,KHC,REBALANCE,1.3303397833604313,1.3743992958031659,0.04405951244273454,76849043.80487856,33859.31401733299
2018Q2,2018-04-02,META,REBALANCE,9.774859865073932,9.812399561779486,0.03753969670555468,76849043.80487856,28848.89796547027
2018Q2,2018-04-02,MSFT,REBALANCE,11.978995782513566,11.970781323624138,-0.008214458889428677,76849043.80487856,-6312.733110270786
2018Q2,2018-04-02,NFLX,REBALANCE,3.560539222789437,3.4235766222851094,-0.1369626005043277,76849043.80487856,-105254.44885787163
2018Q2,2018-04-02,NVDA,REBALANCE,3.9027151173228214,3.837358874260001,-0.06535624306282031,76849043.80487856,-50225.64786056969
2018Q2,2018-04-02,PYPL,BUY,0.0,1.9025881216311775,1.9025881216311775,76849043.80487856,1462120.77901876
2018Q2,2018-04-02,TMUS,BUY,0.0,1.7897849335017189,1.7897849335017189,76849043.80487856,1375432.6075598525
2018Q2,2018-04-02,TSLA,SELL,1.87496800649632,0.0,-1.87496800649632,76849043.80487856,-1440894.9846398153
2018Q2,2018-04-02,TXN,REBALANCE,2.074659297108722,2.110296538319635,0.03563724121091287,76849043.80487856,27386.879109024667
2018Q2,2018-04-02,VOD,SELL,1.0007922068712638,0.0,-1.0007922068712638,76849043.80487856,-769099.2414543085
2018Q3,2018-07-02,AAPL,REBALANCE,12.0645382969889,12.048253673100504,-0.016284623888396244,84452281.48309773,-13752.73640469217
2018Q3,2018-07-02,ADBE,REBALANCE,2.5131489131178717,2.427220049847717,-0.08592886327015437,84452281.48309773,-72568.88548413695
2018Q3,2018-07-02,AMGN,REBALANCE,2.0091292063713846,1.9690306512968936,-0.0400985550744911,84452281.48309773,-33864.1446021642
2018Q3,2018-07-02,AMZN,REBALANCE,12.793131015892135,12.048253673100504,-0.7448773427916305,84452281.48309773,-629065.9102382066
2018Q3,2018-07-02,ASML,BUY,0.0,1.7551096552927505,1.7551096552927505,84452281.48309773,1482230.14642486
2018Q3,2018-07-02,AVGO,REBALANCE,2.3869166113198803,2.3436277113867536,-0.043288899933126984,84452281.48309773,-36558.463622460906
2018Q3,2018-07-02,CMCSA,REBALANCE,2.2844148157094724,2.2518715342840454,-0.03254328142542687,84452281.48309773,-27483.543633238158
2018Q3,2018-07-02,COST,REBALANCE,2.1316415301892966,2.0802274545007444,-0.05141407568855193,84452281.48309773,-43420.35992242879
2018Q3,2018-07-02,CSCO,REBALANCE,3.3861179598589435,3.3504903626266875,-0.03562759723225589,84452281.48309773,-30088.31870024908
2018Q3,2018-07-02,GILD,REBALANCE,1.6720904170462485,1.6492018367968295,-0.022888580249419074,84452281.48309773,-19329.92821972411
2018Q3,2018-07-02,GOOG,REBALANCE,7.830047413845917,7.714260839327341,-0.11578657451857544,84452281.48309773,-97784.40383206404
2018Q3,2018-07-02,GOOGL,REBALANCE,8.462118674563298,8.336290102970864,-0.12582857159243316,84452281.48309773,-106265.0994674028
2018Q3,2018-07-02,INTC,REBALANCE,5.265881993199008,5.383712275273345,0.11783028207433682,84452281.48309773,99510.36148974698
2018Q3,2018-07-02,KHC,SELL,1.2747410007698459,0.0,-1.2747410007698459,84452281.48309773,-1076547.8581506072
2018Q3,2018-07-02,META,REBALANCE,10.858508629813695,10.784617163489736,-0.07389146632395815,84452281.48309773,-62403.02913189751
2018Q3,2018-07-02,MSFT,REBALANCE,11.820088788257138,12.048253673100504,0.2281648848433654,84452281.48309773,192690.45079350474
2018Q3,2018-07-02,NFLX,REBALANCE,4.128804181461641,4.2086735317078645,0.07986935024622346,84452281.48309773,67451.48848866185
2018Q3,2018-07-02,NVDA,REBALANCE,3.5741540977711326,3.641242751465037,0.06708865369390443,84452281.48309773,56657.89866079682
2018Q3,2018-07-02,PYPL,REBALANCE,1.9001605955174132,1.8415649046439688,-0.05859569087344439,84452281.48309773,-49485.397793407064
2018Q3,2018-07-02,TMUS,SELL,1.5942310152278139,0.0,-1.5942310152278139,84452281.48309773,-1346364.46447104
2018Q3,2018-07-02,TSLA,BUY,0.0,2.105907317497152,2.105907317497152,84452281.48309773,1778486.7755458474
2018Q3,2018-07-02,TXN,REBALANCE,2.0501348430789506,2.0121908382907554,-0.03794400478819501,84452281.48309773,-32044.577729686534
2018Q4,2018-10-01,AAPL,REBALANCE,13.690897707877559,12.554324408538731,-1.1365732993388278,90949993.13854265,-1033713.3377631718
2018Q4,2018-10-01,ADBE,REBALANCE,2.4954548012934388,2.5983760656484063,0.10292126435496769,90949993.13854265,93606.88286894446
2018Q4,2018-10-01,AMGN,REBALANCE,2.0671756697734556,2.0925980525749996,0.02542238280154388,90949993.13854265,23121.655413658205
2018Q4,2018-10-01,AMZN,REBALANCE,13.183051867153115,12.554324408538731,-0.6287274586143837,90949993.13854265,-571827.5804699156
2018Q4,2018-10-01,ASML,SELL,1.5478097406372595,0.0,-1.5478097406372595,90949993.13854265,-1407732.8529072823
2018Q4,2018-10-01,AVGO,REBALANCE,2.229490010730186,2.300794883390209,0.07130487266002322,90949993.13854265,64851.7767917377
2018Q4,2018-10-01,CMCSA,REBALANCE,2.2698354957086524,2.2794435457782996,0.009608050069647225,90949993.13854265,8738.520879091893
2018Q4,2018-10-01,COST,REBALANCE,2.1763943417713794,2.223941692748433,0.04754735097705319,90949993.13854265,43244.31245118867
2018Q4,2018-10-01,CSCO,REBALANCE,3.5448699005120257,3.6436361261034387,0.09876622559141304,90949993.13854265,89827.87539858773
2018Q4,2018-10-01,GILD,REBALANCE,1.682042442052884,1.7182849861304923,0.03624254407760853,90949993.13854265,32962.59135181826
2018Q4,2018-10-01,GOOG,REBALANCE,7.662784945742771,7.730925841453308,0.06814089571053755,90949993.13854265,61974.13997327541
2018Q4,2018-10-01,GOOGL,REBALANCE,8.274669590735286,8.338348925029472,0.06367933429418521,90949993.13854265,57916.35017123108
2018Q4,2018-10-01,INTC,REBALANCE,4.7846407533031385,4.737560462626485,-0.04708029067665362,90949993.13854265,-42819.5211400224
2018Q4,2018-10-01,META,REBALANCE,8.475323167057574,8.390663144347135,-0.08466002271043938,90949993.13854265,-76998.28484623326
2018Q4,2018-10-01,MSFT,REBALANCE,13.025430231068896,12.554324408538731,-0.47110582253016564,90949993.13854265,-428470.7132664606
2018Q4,2018-10-01,NFLX,REBALANCE,3.7352729479708553,3.8109949968593635,0.07572204888850811,90949993.13854265,68869.19826846205
2018Q4,2018-10-01,NVDA,REBALANCE,4.012988950543387,4.113746439409892,0.10075748886650554,90949993.13854265,91638.92921065466
2018Q4,2018-10-01,PEP,BUY,0.0,2.8258740230448662,2.8258740230448662,90949993.13854265,2570132.230063165
2018Q4,2018-10-01,PYPL,REBALANCE,1.8038462191690838,1.81673142510568,0.012885205936596228,90949993.13854265,11719.09391522136
2018Q4,2018-10-01,TSLA,REBALANCE,1.5096835997101363,1.845876730195002,0.3361931304848659,90949993.13854265,305767.6291082373
2018Q4,2018-10-01,TXN,REBALANCE,1.8283376171889045,1.8692294339383069,0.04089181674940233,90949993.13854265,37191.104527806856
2019Q1,2019-01-02,AAPL,REBALANCE,10.561585970547112,12.166638575095105,1.6050526045479936,75807640.75574356,1216752.5123964483
2019Q1,2019-01-02,ADBE,REBALANCE,2.612629029323311,2.498871350352274,-0.11375767897103643,75807640.75574356,-86237.01260643534
2019Q1,2019-01-02,AMGN,REBALANCE,2.3742037003010545,2.3056705667451305,-0.0685331335559241,75807640.75574356,-51953.351684728885
2019Q1,2019-01-02,AMZN,REBALANCE,11.294404999834734,12.166638575095105,0.8722335752603714,75807640.75574356,661219.6952843604
2019Q1,2019-01-02,AVGO,REBALANCE,2.8748174998076736,2.7869772228233654,-0.08784027698430855,75807640.75574356,-66589.64161511471
2019Q1,2019-01-02,CMCSA,REBALANCE,2.6585682499847376,2.630689898796085,-0.027878351188652742,75807640.75574356,-21133.920317718435
2019Q1,2019-01-02,COST,REBALANCE,2.319585346948471,2.294959109850878,-0.024626237097592416,75807640.75574356,-18668.56935060051
2019Q1,2019-01-02,CSCO,REBALANCE,3.9197374474349815,3.8034553764771557,-0.11628207095782592,75807640.75574356,-88150.69461504748
2019Q1,2019-01-02,GILD,REBALANCE,1.6841737304930005,1.6635303275995839,-0.020643402893416596,75807640.75574356,-15649.276705202024
2019Q1,2019-01-02,GOOG,REBALANCE,8.048332988807546,7.980246264714348,-0.06808672409319844,75807640.75574356,-51614.93920292617
2019Q1,2019-01-02,GOOGL,REBALANCE,8.660308480899316,8.584981880898129,-0.0753266000011868,75807640.75574356,-57103.31832241561
2019Q1,2019-01-02,INTC,REBALANCE,5.676101228366359,5.700670803516576,0.024569575150217016,75807640.75574356,18625.615265088956
2019Q1,2019-01-02,META,REBALANCE,8.024079035429844,8.268277629384507,0.24419859395466148,75807640.75574356,185121.1928357267
2019Q1,2019-01-02,MSFT,REBALANCE,13.434099113431936,12.166638575095105,-1.26746053833683,75807640.75574356,-960831.9316231976
2019Q1,2019-01-02,NFLX,REBALANCE,3.2710639969992363,3.1550261263222428,-0.11603787067699378,75807640.75574356,-87965.57214342974
2019Q1,2019-01-02,NVDA,REBALANCE,2.3469600840694156,2.287020737789593,-0.0599393462798227,75807640.75574356,-45438.604299149134
2019Q1,2019-01-02,PEP,REBALANCE,3.37690680115574,3.3169379819426,-0.059968819213140206,75807640.75574356,-45460.94703455865
2019Q1,2019-01-02,PYPL,REBALANCE,2.0865674731954984,2.0992524245477098,0.012684951352211551,75807640.75574356,9616.162351125367
2019Q1,2019-01-02,TSLA,REBALANCE,2.7836006875395425,2.173637895320757,-0.6099627922187857,75807640.75574356,-462398.4022689196
2019Q1,2019-01-02,TXN,REBALANCE,1.9922741354304978,1.9498786776337378,-0.042395457796760155,75807640.75574356,-32138.996343320814
2019Q2,2019-04-01,AAPL,REBALANCE,12.510328579415471,12.193771447942485,-0.3165571314729873,89160153.63600829,-282242.82476705627
2019Q2,2019-04-01,ADBE,REBALANCE,2.5026353166223965,2.5609381898098005,0.058302873187403986,89160153.63600829,51982.93130809648
2019Q2,2019-04-01,AMGN,REBALANCE,1.9279397833488043,1.9634269164071276,0.035487133058323406,89160153.63600829,31640.382355815836
2019Q2,2019-04-01,AMZN,REBALANCE,12.264629949144219,12.193771447942485,-0.07085850120173431,89160153.63600829,-63177.5485356391
2019Q2,2019-04-01,AVGO,REBALANCE,2.82731025755116,2.8680753400481556,0.04076508249699559,89160153.63600829,36346.2101841668
2019Q2,2019-04-01,CMCSA,REBALANCE,2.6262584588046916,2.608973683010008,-0.01728477579468375,89160153.63600829,-15411.132654179606
2019Q2,2019-04-01,COST,REBALANCE,2.325642211695308,2.320576734980529,-0.005065476714779388,89160153.63600829,-4516.386821293528
2019Q2,2019-04-01,CSCO,REBALANCE,4.060643183833521,4.148930484233273,0.08828730039975238,89160153.63600829,78717.09267750339
2019Q2,2019-04-01,GILD,REBALANCE,1.4842506299644949,1.4749221784687432,-0.009328451495751663,89160153.63600829,-8317.261685472697
2019Q2,2019-04-01,GOOG,REBALANCE,7.687320462218623,7.706803439482746,0.019482977264122237,89160153.63600829,17371.05246155995
2019Q2,2019-04-01,GOOGL,REBALANCE,8.22086889846276,8.252722642816654,0.03185374435389354,89160153.63600829,28400.8474047528
2019Q2,2019-04-01,INTC,REBALANCE,5.5813077509221625,5.616639966569743,0.03533221564758007,89160153.63600829,31502.257754388156
2019Q2,2019-04-01,META,REBALANCE,8.939169638257702,8.693225472466349,-0.2459441657913536,89160153.63600829,-219284.1960783698
2019Q2,2019-04-01,MSFT,REBALANCE,12.06310905458101,12.193771447942485,0.13066239336147478,89160153.63600829,116498.79066557641
2019Q2,2019-04-01,NFLX,REBALANCE,3.5735037855221954,3.657672931237367,0.08416914571517178,89160153.63600829,75045.33963376285
2019Q2,2019-04-01,NVDA,REBALANCE,2.6181100295033772,2.590492104838961,-0.027617924664416135,89160153.63600829,-24624.184061870455
2019Q2,2019-04-01,PEP,REBALANCE,3.1536726066171377,3.1566809353890446,0.0030083287719070984,89160153.63600829,2682.2305549086104
2019Q2,2019-04-01,PYPL,REBALANCE,2.204079162047684,2.1850203743765526,-0.019058787671131366,89160153.63600829,-16992.844368741335
2019Q2,2019-04-01,SBUX,BUY,0.0,1.702524863444849,1.702524863444849,89160153.63600829,1517973.7839386677
2019Q2,2019-04-01,TSLA,SELL,1.5541283629122071,0.0,-1.5541283629122071,89160153.63600829,-1385663.2360733044
2019Q2,2019-04-01,TXN,REBALANCE,1.875091878575076,1.91105939859264,0.03596752001756402,89160153.63600829,32068.69610672212
2019Q3,2019-07-01,AAPL,REBALANCE,12.264236904120255,12.471070264558715,0.20683336043846173,92723119.87415534,191782.34473909865
2019Q3,2019-07-01,ADBE,REBALANCE,2.722747727592025,2.7646546240278274,0.04190689643580256,92723119.87415534,38857.38181770734
2019Q3,2019-07-01,AMGN,REBALANCE,1.8471014931876477,1.8786471264227615,0.031545633235113835,92723119.87415534,29250.09531965599
2019Q3,2019-07-01,AMZN,REBALANCE,12.468465779192647,12.471070264558715,0.002604485366070053,92723119.87415534,2414.960088085969
2019Q3,2019-07-01,AVGO,REBALANCE,2.6653288958144037,2.776500245256165,0.11117134944176148,92723119.87415534,103081.54360860062
2019Q3,2019-07-01,CMCSA,REBALANCE,2.6669398595393408,2.7127746627005487,0.04583480316120783,92723119.87415534,42499.45947924988
2019Q3,2019-07-01,COST,REBALANCE,2.4418270836203244,2.451665581089247,0.009838497468922514,92723119.87415534,9122.561801924761
2019Q3,2019-07-01,CSCO,REBALANCE,4.069789197892888,4.058224991493616,-0.011564206399271304,92723119.87415534,-10722.692962091074
2019Q3,2019-07-01,GILD,REBALANCE,1.4879138483162984,1.496624409161793,0.008710560845494666,92723119.87415534,8076.703774479259
2019Q3,2019-07-01,GOOG,REBALANCE,6.827062316892706,6.91599954931401,0.08893723242130447,92723119.87415534,82465.37663076229
2019Q3,2019-07-01,GOOGL,REBALANCE,7.301168423181646,7.391572578141724,0.09040415496007759,92723119.87415534,83825.5529748499
2019Q3,2019-07-01,INTC,REBALANCE,4.843956523018441,4.86299960860515,0.01904308558670839,92723119.87415534,17657.34307630162
2019Q3,2019-07-01,META,REBALANCE,9.67857776163504,9.709169299543888,0.030591537908847277,92723119.87415534,28365.428366568136
2019Q3,2019-07-01,MSFT,REBALANCE,13.367169490891422,12.471070264558715,-0.896099226332707,92723119.87415534,-830891.1598238545
2019Q3,2019-07-01,NFLX,REBALANCE,3.6232608233097525,3.6451278578849187,0.02186703457516606,92723119.87415534,20275.79668205422
2019Q3,2019-07-01,NVDA,REBALANCE,2.2808853229796937,2.3080767574888332,0.0271914345091398,92723119.87415534,25212.74641541214
2019Q3,2019-07-01,PEP,REBALANCE,3.2716766903335746,3.355396267162202,0.08371957682862738,92723119.87415534,77627.40358094375
2019Q3,2019-07-01,PYPL,REBALANCE,2.3159401303478147,2.3247015215956766,0.008761391247861725,92723119.87415534,8123.835309398582
2019Q3,2019-07-01,SBUX,REBALANCE,1.854655872588073,1.9088830808705117,0.05422720828243861,92723119.87415534,50281.15934013345
2019Q3,2019-07-01,TXN,REBALANCE,2.001295855546006,2.0257710455649747,0.024475190018968807,92723119.87415534,22694.15978071575
2019Q4,2019-10-01,AAPL,REBALANCE,13.893618482664378,12.45955808450914,-1.434060398155236,94541714.25632808,-1355785.2838870839
2019Q4,2019-10-01,ADBE,REBALANCE,2.542150734224715,2.5022956014212316,-0.03985513280348359,94541714.25632808,-37679.72577154953
2019Q4,2019-10-01,AMGN,REBALANCE,1.948502835157409,1.9592340331119562,0.010731197954547134,94541714.25632808,10145.458506468874
2019Q4,2019-10-01,AMZN,REBALANCE,11.21244594803706,12.45955808450914,1.2471121364720812,94541714.25632808,1179041.192519423
2019Q4,2019-10-01,ASML,BUY,0.0,2.052218726706976,2.052218726706976,94541714.25632808,1940202.7645181636
2019Q4,2019-10-01,AVGO,REBALANCE,2.635591805834408,2.561319460086186,-0.0742723457482216,94541714.25632808,-70218.3488887557
2019Q4,2019-10-01,CMCSA,REBALANCE,2.8508062444469644,2.8518558544338277,0.0010496099868629455,94541714.25632808,992.3192745858486
2019Q4,2019-10-01,COST,REBALANCE,2.62731529916407,2.644167482651588,0.016852183487518074,94541714.25632808,15932.343158721442
2019Q4,2019-10-01,CSCO,REBALANCE,3.6159488388882473,3.557672348177596,-0.05827649071065144,94541714.25632808,-55095.59332627966
2019Q4,2019-10-01,GILD,SELL,1.3898811705868375,0.0,-1.3898811705868375,94541714.25632808,-1314017.4847987157
2019Q4,2019-10-01,GOOG,REBALANCE,7.649510394561594,7.582551899259575,-0.06695849530201914,94541714.25632808,-63303.70929877179
2019Q4,2019-10-01,GOOGL,REBALANCE,8.175580968184377,8.094897696304987,-0.08068327187939067,94541714.25632808,-76279.34835286983
2019Q4,2019-10-01,INTC,REBALANCE,5.168776865250592,5.166241064343659,-0.002535800906933866,94541714.25632808,-2397.3896475427914
2019Q4,2019-10-01,META,REBALANCE,8.78626805674571,8.834627173030565,0.048359116284854564,94541714.25632808,45719.53753491262
2019Q4,2019-10-01,MSFT,REBALANCE,12.736363240751578,12.45955808450914,-0.27680515624243646,94541714.25632808,-261696.33986150674
2019Q4,2019-10-01,NFLX,REBALANCE,2.6046617034671913,2.620309335404437,0.01564763193724547,94541714.25632808,14793.539473992547
2019Q4,2019-10-01,NVDA,REBALANCE,2.401683378056431,2.416553587529794,0.014870209473363122,94541714.25632808,14058.55094962439
2019Q4,2019-10-01,PEP,REBALANCE,3.464452941040884,3.5156077038641182,0.05115476282323422,94541714.25632808,48362.58969684444
2019Q4,2019-10-01,PYPL,REBALANCE,2.0634589821622793,2.069792988893582,0.006334006731302869,94541714.25632808,5988.2785448849445
2019Q4,2019-10-01,SBUX,REBALANCE,1.982155990925181,1.9583705252345134,-0.023785465690667404,94541714.25632808,-22487.18700780773
2019Q4,2019-10-01,TXN,REBALANCE,2.2508261198500916,2.233610266017989,-0.01721585383210253,94541714.25632808,-16276.16333673348
2020Q1,2020-01-02,AAPL,REBALANCE,14.441021478576177,12.627126727488111,-1.8138947510880659,107268021.93375203,-1945729.0194523234
2020Q1,2020-01-02,ADBE,REBALANCE,2.6330150578436755,2.6558440472655387,0.022828989421862927,107268021.93375203,24488.205380297855
2020Q1,2020-01-02,AMGN,REBALANCE,2.165486388856552,2.121435789782972,-0.04405059907357997,107268021.93375203,-47252.206276196936
2020Q1,2020-01-02,AMZN,REBALANCE,11.689420512648246,12.627126727488111,0.9377062148398646,107268021.93375203,1005858.9082085819
2020Q1,2020-01-02,ASML,REBALANCE,2.1640926901073874,2.201441913467974,0.03734922336058703,107268021.93375203,40063.77310652054
2020Q1,2020-01-02,AVGO,REBALANCE,2.610293095668037,2.6265539363787562,0.01626084071071933,107268021.93375203,17442.68218018689
2020Q1,2020-01-02,CMCSA,REBALANCE,2.5191130837846845,2.5153646309588806,-0.003748452825803536,107268021.93375203,-4020.8911993592847
2020Q1,2020-01-02,COST,REBALANCE,2.3826245779742083,2.3545264039777667,-0.028098173996441572,107268021.93375203,-30140.355445486755
2020Q1,2020-01-02,CSCO,REBALANCE,3.066623530753664,3.1697568904896922,0.10313335973602816,107268021.93375203,110629.11494265808
2020Q1,2020-01-02,GOOG,REBALANCE,7.329980337139816,7.446258619665683,0.1162782825258668,107268021.93375203,124729.41360403696
2020Q1,2020-01-02,GOOGL,REBALANCE,7.825392762739401,7.951072034942184,0.1256792722027833,107268021.93375203,134813.6692726615
2020Q1,2020-01-02,INTC,REBALANCE,5.317598435859485,5.388721360198441,0.07112292433895592,107268021.93375203,76292.1540798371
2020Q1,2020-01-02,META,REBALANCE,8.974482740834095,9.123647915278232,0.14916517444413802,107268021.93375203,160006.53204025744
2020Q1,2020-01-02,MSFT,REBALANCE,12.498392720821409,12.627126727488111,0.1287340066667031,107268021.93375203,138090.4225074369
2020Q1,2020-01-02,NFLX,REBALANCE,2.792257335558236,2.7745239995476014,-0.017733336010634926,107268021.93375203,-19022.19876147382
2020Q1,2020-01-02,NVDA,REBALANCE,2.8811637189837747,2.88586224938353,0.004698530399755568,107268021.93375203,5040.02061977381
2020Q1,2020-01-02,PEP,REBALANCE,3.110432104352281,3.0294476347755137,-0.08098446957676697,107268021.93375203,-86870.43858853914
2020Q1,2020-01-02,PYPL,SELL,1.9048866005482563,0.0,-1.9048866005482563,107268021.93375203,-2043334.176489207
2020Q1,2020-01-02,SBUX,REBALANCE,1.7248479727954458,1.7593339350811927,0.03448596228574699,107268021.93375203,36992.409588740535
2020Q1,2020-01-02,TSLA,BUY,0.0,2.152254307293854,2.152254307293854,107268021.93375203,2308680.6224180944
2020Q1,2020-01-02,TXN,REBALANCE,1.9688748541551584,1.962574149047851,-0.0063007051073073195,107268021.93375203,-6758.64173648745
2020Q2,2020-04-01,AAPL,REBALANCE,11.851307675843142,12.955725162196305,1.1044174863531624,99205859.92782167,1095646.8645298874
2020Q2,2020-04-01,ADBE,REBALANCE,2.7709357234799756,2.775950734013721,0.005015010533745284,99205859.92782167,4975.184325472848
2020Q2,2020-04-01,AMGN,REBALANCE,1.9427172747764958,2.042692055178409,0.09997478040191347,99205859.92782167,99180.84060866959
2020Q2,2020-04-01,AMZN,REBALANCE,14.406065207484275,12.955725162196305,-1.4503400452879704,99205859.92782167,-1438822.3138054893
2020Q2,2020-04-01,ASML,REBALANCE,2.1044597061030212,2.100729249751962,-0.0037304563510594246,99205859.92782167,-3700.8313023005403
2020Q2,2020-04-01,AVGO,REBALANCE,2.166986792126225,2.150304291302681,-0.016682500823544597,99205859.92782167,-16550.018399463348
2020Q2,2020-04-01,CMCSA,REBALANCE,2.1027472572248955,2.1094072469862706,0.006659989761375121,99205859.92782167,6607.100113877067
2020Q2,2020-04-01,COST,REBALANCE,2.474940670702184,2.693943992579994,0.21900332187781008,99205859.92782167,217264.1287393767
2020Q2,2020-04-01,CSCO,REBALANCE,2.8298530383784772,2.911957036202416,0.08210399782393879,99205859.92782167,81451.97707635847
2020Q2,2020-04-01,GILD,BUY,0.0,1.6505641144029661,1.6505641144029661,99205859.92782167,1637456.3233534966
2020Q2,2020-04-01,GOOG,REBALANCE,7.002319013603699,6.987196176512402,-0.015122837091297026,99205859.92782167,-15002.740581904787
2020Q2,2020-04-01,GOOGL,REBALANCE,7.458286228414848,7.430017948846721,-0.02826827956812772,99205859.92782167,-28043.789832361817
2020Q2,2020-04-01,INTC,REBALANCE,5.294754953498751,5.358891282432584,0.064136328933833,99205859.92782167,63626.99664494533
2020Q2,2020-04-01,META,REBALANCE,8.017046389015299,8.055311679555324,0.03826529054002381,99205859.92782167,37961.410534110015
2020Q2,2020-04-01,MSFT,REBALANCE,13.691461219610435,12.955725162196305,-0.7357360574141297,99205859.92782167,-729893.2825567392
2020Q2,2020-04-01,NFLX,REBALANCE,3.4814738418716225,3.5544019926023607,0.07292815073073819,99205859.92782167,72348.99906188677
2020Q2,2020-04-01,NVDA,REBALANCE,3.4977740641541946,3.3951833611602185,-0.10259070299397585,99205859.92782167,-101775.98911117123
2020Q2,2020-04-01,PEP,REBALANCE,2.8979355673740614,3.0781568221096176,0.18022125473555645,99205859.92782167,178790.0455331188
2020Q2,2020-04-01,SBUX,SELL,1.429034214988999,0.0,-1.429034214988999,99205859.92782167,-1417685.6816426322
2020Q2,2020-04-01,TMUS,BUY,0.0,2.042625841773566,2.042625841773566,99205859.92782167,2026404.5314393723
2020Q2,2020-04-01,TSLA,REBALANCE,2.915001810631583,2.7954906879998638,-0.11951112263171894,99205859.92782167,-118562.03691619026
2020Q2,2020-04-01,TXN,SELL,1.664899350717832,0.0,-1.664899350717832,99205859.92782167,-1651677.717812345
2020Q3,2020-07-01,AAPL,REBALANCE,14.15448015259373,13.144438249172898,-1.0100419034208303,130618544.3425532,-1319302.0314981055
2020Q3,2020-07-01,ADBE,REBALANCE,2.883952677070931,2.889646996430874,0.005694319359942843,130618544.3425532,7437.8370581735335
2020Q3,2020-07-01,AMGN,REBALANCE,1.8171942575819218,1.8908896821212269,0.07369542453930511,130618544.3425532,96259.89078030508
2020Q3,2020-07-01,AMZN,REBALANCE,13.923400438594022,13.144438249172898,-0.7789621894211229,130618544.3425532,-1017469.0728007527
2020Q3,2020-07-01,ASML,REBALANCE,2.255668007086854,2.2220196888116983,-0.033648318275155895,130618544.3425532,-43950.94352675793
2020Q3,2020-07-01,AVGO,REBALANCE,2.1963574673671458,2.1658487288883,-0.030508738478845707,130618544.3425532,-39850.070098344666
2020Q3,2020-07-01,CMCSA,REBALANCE,1.8272652515075025,1.8524567319954073,0.025191480487904774,130618544.3425532,32904.74511163953
2020Q3,2020-07-01,COST,REBALANCE,2.1807848424438627,2.04555769369033,-0.13522714875353267,130618544.3425532,-176631.73325780345
2020Q3,2020-07-01,CSCO,REBALANCE,2.648934133601231,2.5182889364830072,-0.1306451971182239,130618544.3425532,-170646.8547292833
2020Q3,2020-07-01,GILD,SELL,1.3016574184563263,0.0,-1.3016574184563263,130618544.3425532,-1700205.9723145098
2020Q3,2020-07-01,GOOG,REBALANCE,6.451434265414576,6.4789610744427035,0.027526809028126376,130618544.3425532,35955.117256493184
2020Q3,2020-07-01,GOOGL,REBALANCE,6.886941898273827,6.930608917097396,0.043667018823569104,130618544.3425532,57037.22434513466
2020Q3,2020-07-01,INTC,REBALANCE,4.5249623493206075,4.3552179526324055,-0.16974439668820188,130618544.3425532,-221717.66005717838
2020Q3,2020-07-01,META,REBALANCE,8.328725562095265,8.547552711962979,0.2188271498677133,130618544.3425532,285828.83778350445
2020Q3,2020-07-01,MSFT,REBALANCE,12.732935540820412,13.144438249172898,0.4115027083524875,130618544.3425532,537498.8475802012
2020Q3,2020-07-01,NFLX,REBALANCE,3.2714379531531876,3.3800370994434954,0.10859914629030784,130618544.3425532,141850.62405283996
2020Q3,2020-07-01,NVDA,REBALANCE,3.718169119642748,3.7976971655378193,0.07952804589507131,130618544.3425532,103878.37589221979
2020Q3,2020-07-01,PEP,REBALANCE,2.594577916266724,2.4781027588412488,-0.116475157425475,130618544.3425532,-152138.1551498527
2020Q3,2020-07-01,PYPL,BUY,0.0,2.5647504336264535,2.5647504336264535,130618544.3425532,3350039.6824221946
2020Q3,2020-07-01,TMUS,REBALANCE,1.9258332751659664,1.815438719437866,-0.11039455572810046,130618544.3425532,-144195.7617254735
2020Q3,2020-07-01,TSLA,REBALANCE,4.375287473543149,4.633609961038097,0.2583224874949483,130618544.3425532,337417.07287537545
2020Q4,2020-10-01,AAPL,REBALANCE,14.473120049674371,13.07631514074307,-1.3968049089313013,150910051.83637854,-2107919.0121213067
2020Q4,2020-10-01,ADBE,REBALANCE,2.8177979163982707,2.8361011100833005,0.018303193685029542,150910051.83637854,27621.359077790847
2020Q4,2020-10-01,AMD,BUY,0.0,1.9764736102623814,1.9764736102623814,150910051.83637854,2982697.3497793023
2020Q4,2020-10-01,AMGN,REBALANCE,1.7754367349080833,1.6467314348243767,-0.12870530008370662,150910051.83637854,-194229.23507248823
2020Q4,2020-10-01,AMZN,REBALANCE,12.984964197376398,13.07631514074307,0.09135094336667204,150910051.83637854,137857.7559876656
2020Q4,2020-10-01,ASML,REBALANCE,1.9297247886829911,1.995523412211731,0.06579862352873965,150910051.83637854,99296.73687484457
2020Q4,2020-10-01,AVGO,REBALANCE,2.1836777083185357,2.2261430815888024,0.04246537327026664,150910051.83637854,64084.51681467103
2020Q4,2020-10-01,CMCSA,REBALANCE,1.9028235801391613,1.8726110753847651,-0.030212504754396213,150910051.83637854,-45593.706585927655
2020Q4,2020-10-01,COST,REBALANCE,2.0773826974643006,2.0837215860977776,0.0063388886334770495,150910051.83637854,9566.020122630523
2020Q4,2020-10-01,CSCO,REBALANCE,1.855356406838888,1.8646886863280925,0.00933227948920444,150910051.83637854,14083.347814674144
2020Q4,2020-10-01,GOOG,REBALANCE,5.829906838289876,5.80155996337651,-0.028346874913365294,150910051.83637854,-42778.28362575295
2020Q4,2020-10-01,GOOGL,REBALANCE,6.199861528127835,6.179846422309847,-0.020015105817988016,150910051.83637854,-30204.806565031733
2020Q4,2020-10-01,INTC,REBALANCE,3.2845742160407263,3.3658847690773834,0.08131055303665716,150910051.83637854,122705.79773606539
2020Q4,2020-10-01,META,REBALANCE,8.533047418243202,8.290745204711762,-0.24230221353144094,150910051.83637854,-365658.39604099013
2020Q4,2020-10-01,MSFT,REBALANCE,11.786715830662693,13.07631514074307,1.2895993100803762,150910051.83637854,1946134.987323876
2020Q4,2020-10-01,NFLX,REBALANCE,3.214804704107628,3.172747687188842,-0.04205701691878602,150910051.83637854,-63468.26603297448
2020Q4,2020-10-01,NVDA,REBALANCE,4.6841421323428625,4.689827337815305,0.005685205472442251,150910051.83637854,8579.54652546723
2020Q4,2020-10-01,PEP,REBALANCE,2.263874771252403,2.2944293188315408,0.03055454757913724,150910051.83637854,46109.88359004696
2020Q4,2020-10-01,PYPL,REBALANCE,2.5103897767350998,2.460083488236593,-0.05030628849850699,150910051.83637854,-75917.24605005504
2020Q4,2020-10-01,TMUS,SELL,1.7253735668062282,0.0,-1.7253735668062282,150910051.83637854,-2603762.1440384523
2020Q4,2020-10-01,TSLA,REBALANCE,7.967025137590433,8.013936389441794,0.04691125185136008,150910051.83637854,70793.79448598159
2021Q1,2021-01-04,AAPL,REBALANCE,13.206748191781564,12.591107514338542,-0.6156406774430218,171493774.431719,-1055785.4346840426
2021Q1,2021-01-04,ADBE,REBALANCE,2.545005443121861,2.406439814021594,-0.1385656291002676,171493774.431719,-237631.42740910526
2021Q1,2021-01-04,AMD,SELL,1.9454346349649223,0.0,-1.9454346349649223,171493774.431719,-3336299.28460328
2021Q1,2021-01-04,AMGN,SELL,1.3197824466044292,0.0,-1.3197824466044292,171493774.431719,-2263344.731969222
2021Q1,2021-01-04,AMZN,REBALANCE,11.902226233580757,12.591107514338542,0.6888812807577847,171493774.431719,1181388.509725092
2021Q1,2021-01-04,ASML,REBALANCE,2.3282780593338144,2.2897343983986604,-0.03854366093515409,171493774.431719,-66099.97894185975
2021Q1,2021-01-04,AVGO,REBALANCE,2.374378938067876,2.261766738365217,-0.11261219970265905,171493774.431719,-193122.91174067504
2021Q1,2021-01-04,CMCSA,REBALANCE,1.8759840636460554,1.7875989535607348,-0.08838511008532057,171493774.431719,-151574.9613209462
2021Q1,2021-01-04,COST,REBALANCE,2.0009309407061795,1.9841225043409207,-0.01680843636525861,171493774.431719,-28825.42194573563
2021Q1,2021-01-04,CSCO,REBALANCE,1.8813545652621986,1.8599089294206643,-0.021445635841534083,171493774.431719,-36777.93035552835
2021Q1,2021-01-04,GOOG,REBALANCE,6.0858301784653,5.8760797496656565,-0.20975042879964323,171493774.431719,-359708.9272352235
2021Q1,2021-01-04,GOOGL,REBALANCE,6.503165105689361,6.260786634469105,-0.2423784712202559,171493774.431719,-415663.98870551464
2021Q1,2021-01-04,INTC,REBALANCE,2.870504134437228,2.8150687265796286,-0.055435407857599636,171493774.431719,-95068.27330661536
2021Q1,2021-01-04,META,REBALANCE,7.609305058046338,7.302834453680841,-0.3064706043654969,171493774.431719,-525578.0069500912
2021Q1,2021-01-04,MSFT,REBALANCE,12.200094671293511,12.591107514338542,0.3910128430450313,171493774.431719,670562.6830506974
2021Q1,2021-01-04,NFLX,REBALANCE,3.019185372683353,2.7462600797336623,-0.2729252929496908,171493774.431719,-468049.88625825103
2021Q1,2021-01-04,NVDA,REBALANCE,3.9830708076372,3.9459677284252774,-0.037103079211922574,171493774.431719,-63629.470970916525
2021Q1,2021-01-04,PDD,BUY,0.0,2.9611583832980055,2.9611583832980055,171493774.431719,5078202.278419019
2021Q1,2021-01-04,PEP,REBALANCE,2.1757321361850126,2.067676518190228,-0.10805561799478447,171493774.431719,-185308.65778477566
2021Q1,2021-01-04,PYPL,REBALANCE,2.5732037429320043,2.529912610270989,-0.04329113266101567,171493774.431719,-74241.59739461844
2021Q1,2021-01-04,QCOM,BUY,0.0,1.735420102805614,1.735420102805614,171493774.431719,2976137.436548166
2021Q1,2021-01-04,TSLA,REBALANCE,11.599785275561032,11.395941131757585,-0.20384414380344718,171493774.431719,-349580.0161665526
2021Q2,2021-04-01,AAPL,REBALANCE,11.371923484933488,12.3525407228644,0.9806172379309128,175058110.94658786,1716650.0123384628
2021Q2,2021-04-01,ADBE,REBALANCE,2.240777181325354,2.246238684274186,0.005461502948832242,175058110.94658786,9560.803891517913
2021Q2,2021-04-01,AMZN,REBALANCE,11.717991050104343,12.3525407228644,0.6345496727600584,175058110.94658786,1110830.670151513
2021Q2,2021-04-01,ASML,REBALANCE,2.839351432913054,2.734619172971925,-0.10473225994112913,175058110.94658786,-183342.3158046106
2021Q2,2021-04-01,AVGO,REBALANCE,2.3646660778037454,2.3913946453299815,0.026728567526236244,175058110.94658786,46790.5253945123
2021Q2,2021-04-01,CMCSA,REBALANCE,1.8166220065175858,1.8244553804391426,0.00783337392155671,175058110.94658786,13712.956410459827
2021Q2,2021-04-01,COST,REBALANCE,1.8219558478057734,1.739800801868365,-0.08215504593740812,175058110.94658786,-143819.07146532813
2021Q2,2021-04-01,CSCO,REBALANCE,2.12249768876291,2.061315388658948,-0.06118230010396172,175058110.94658786,-107104.57879566765
2021Q2,2021-04-01,GOOG,REBALANCE,6.79723330097499,6.812629600937983,0.015396299962992799,175058110.94658786,26952.471870885398
2021Q2,2021-04-01,GOOGL,REBALANCE,7.217727885840292,7.240430663524297,0.022702777684005526,175058110.94658786,39743.05374602359
2021Q2,2021-04-01,INTC,REBALANCE,3.564179449490037,3.449797207354477,-0.11438224213555989,175058110.94658786,-200235.3923408632
2021Q2,2021-04-01,META,REBALANCE,7.713828759768,7.601289908967271,-0.1125388508007294,175058110.94658786,-197008.38629275584
2021Q2,2021-04-01,MSFT,REBALANCE,13.105207570624087,12.3525407228644,-0.7526668477596852,175058110.94658786,-1317604.3654093351
2021Q2,2021-04-01,NFLX,REBALANCE,2.595463018213745,2.6555687711563394,0.06010575294259461,175058110.94658786,105219.99567152928
2021Q2,2021-04-01,NVDA,REBALANCE,3.9538217212339153,3.8967957042307106,-0.0570260170032047,175058110.94658786,-99828.66811389013
2021Q2,2021-04-01,PDD,REBALANCE,2.1858954192557607,2.3952079261876644,0.20931250693190379,175058110.94658786,366418.52060993656
2021Q2,2021-04-01,PEP,REBALANCE,1.947442142294598,1.9130024548111093,-0.03443968748348854,175058110.94658786,-60289.4663245035
2021Q2,2021-04-01,PYPL,REBALANCE,2.56983354766644,2.5309697301124148,-0.038863817554025265,175058110.94658786,-68034.26485180504
2021Q2,2021-04-01,QCOM,SELL,1.4867307816613466,0.0,-1.4867307816613466,175058110.94658786,-2602642.821237793
2021Q2,2021-04-01,TSLA,REBALANCE,10.566851632810534,9.685730359802339,-0.8811212730081952,175058110.94658786,-1542474.2556766737
2021Q2,2021-04-01,TXN,BUY,0.0,1.7631314307796673,1.7631314307796673,175058110.94658786,3086504.576228432
2021Q3,2021-07-01,AAPL,REBALANCE,12.329096138127344,12.372472481093604,0.043376342966260084,196990156.3209058,85447.12581552796
2021Q3,2021-07-01,ADBE,REBALANCE,2.459192875465312,2.4602895600208767,0.0010966845555647475,196990156.3209058,2160.360620354227
2021Q3,2021-07-01,AMZN,REBALANCE,12.205093593145211,12.372472481093604,0.16737888794839395,196990156.3209058,329719.933017735
2021Q3,2021-07-01,ASML,REBALANCE,2.727272574543221,2.64752420500206,-0.07974836954116084,196990156.3209058,-157096.43782250636
2021Q3,2021-07-01,AVGO,REBALANCE,2.2026639241589008,2.15312387148353,-0.04954005267537066,196990156.3209058,-97589.02720667174
2021Q3,2021-07-01,CMCSA,REBALANCE,1.7163521129148793,1.7503082972846153,0.03395618436973606,196990156.3209058,66890.34067055806
2021Q3,2021-07-01,COST,REBALANCE,1.7392627981479984,1.7546135740214914,0.01535077587349297,196990156.3209058,30239.517389665692
2021Q3,2021-07-01,CSCO,REBALANCE,1.8909756158980642,1.9324347628879257,0.04145914698986154,196990156.3209058,81670.43846464237
2021Q3,2021-07-01,GOOG,REBALANCE,7.335103159982611,7.292130347950391,-0.04297281203222009,196990156.3209058,-84652.20959775937
2021Q3,2021-07-01,GOOGL,REBALANCE,7.617496065224668,7.537487813958949,-0.0800082512657202,196990156.3209058,-157608.3792379653
2021Q3,2021-07-01,INTC,REBALANCE,2.7057668662872594,2.7268242462253625,0.02105737993810322,196990156.3209058,41480.965657156594
2021Q3,2021-07-01,META,REBALANCE,7.974669056805804,8.166189245501831,0.19152018869602744,196990156.3209058,377275.91909839824
2021Q3,2021-07-01,MSFT,REBALANCE,12.64201012261093,12.372472481093604,-0.2695376415173256,196990156.3209058,-530962.6213686625
2021Q3,2021-07-01,NFLX,REBALANCE,2.3895401796747437,2.3780729704684647,-0.011467209206278764,196990156.3209058,-22589.273341093838
2021Q3,2021-07-01,NVDA,REBALANCE,5.190446856305148,5.164110294279726,-0.02633656202542245,196990156.3209058,-51880.434703432
2021Q3,2021-07-01,PDD,REBALANCE,2.019469555790932,1.835732886973785,-0.1837366688171468,196990156.3209058,-361943.1511217224
2021Q3,2021-07-01,PEP,REBALANCE,1.793791400538677,1.8300874757181274,0.03629607517945041,196990156.3209058,71499.69523435285
2021Q3,2021-07-01,PYPL,REBALANCE,2.6996857687768947,2.675266513845048,-0.024419254931846643,196990156.3209058,-48103.528462645205
2021Q3,2021-07-01,TSLA,REBALANCE,8.759038190211598,8.983479157270239,0.22444096705863947,196990156.3209058,442126.6118569666
2021Q3,2021-07-01,TXN,REBALANCE,1.6030731453898064,1.5949073338267565,-0.008165811563050004,196990156.3209058,-16085.844962922805
2021Q4,2021-10-01,AAPL,REBALANCE,12.450968933157483,12.262887016988055,-0.18808191616942888,202540017.05842724,-380941.1450933781
2021Q4,2021-10-01,ADBE,REBALANCE,2.3523419749047534,2.3210565238059373,-0.03128545109881593,202540017.05842724,-63365.557992347705
2021Q4,2021-10-01,AMD,BUY,0.0,1.6891909134473075,1.6891909134473075,202540017.05842724,3421287.5642455798
2021Q4,2021-10-01,AMZN,REBALANCE,11.490851378274614,12.262887016988055,0.7720356387134392,202540017.05842724,1563681.1143473375
2021Q4,2021-10-01,ASML,REBALANCE,2.7772595900707073,2.7617868459468373,-0.01547274412386987,202540017.05842724,-31338.49858789283
2021Q4,2021-10-01,AVGO,REBALANCE,2.1452623628975354,2.1500149288786905,0.004752565981155227,202540017.05842724,9625.847948944807
2021Q4,2021-10-01,CMCSA,REBALANCE,1.676981826295329,1.6634984782968094,-0.013483347998519482,202540017.05842724,-27309.175336248467
2021Q4,2021-10-01,COST,REBALANCE,1.9416910466807373,1.9082626225023016,-0.03342842417843571,202540017.05842724,-67705.9360333671
2021Q4,2021-10-01,CSCO,REBALANCE,1.9436512793258223,1.9179970571337575,-0.025654222192064702,202540017.05842724,-51960.066004014676
2021Q4,2021-10-01,GOOG,REBALANCE,7.5422227097736,7.522363573544092,-0.01985913622950808,202540017.05842724,-40222.697906901965
2021Q4,2021-10-01,GOOGL,REBALANCE,8.026669142762364,8.029385533484588,0.002716390722225237,202540017.05842724,5501.77823216853
2021Q4,2021-10-01,INTC,REBALANCE,2.533352627232119,2.5211373241868444,-0.012215303045274434,202540017.05842724,-24740.87687163742
2021Q4,2021-10-01,META,REBALANCE,7.752379108541153,7.550402855350702,-0.20197625319045148,202540017.05842724,-409082.73766591266
2021Q4,2021-10-01,MSFT,REBALANCE,12.546937199707317,12.262887016988055,-0.2840501827192629,202540017.05842724,-575315.2885340889
2021Q4,2021-10-01,NFLX,REBALANCE,2.672539197008037,2.6106602937986905,-0.06187890320934683,202540017.05842724,-125329.54111577876
2021Q4,2021-10-01,NVDA,REBALANCE,5.202683449501704,5.0633604021797405,-0.13932304732196393,202540017.05842724,-282184.9238122264
2021Q4,2021-10-01,PDD,SELL,1.274484860747816,0.0,-1.274484860747816,202540017.05842724,-2581341.8543656995
2021Q4,2021-10-01,PEP,REBALANCE,1.819233761018717,1.792870480776634,-0.026363280242083093,202540017.05842724,-53396.192299476075
2021Q4,2021-10-01,PYPL,REBALANCE,2.322822028805223,2.3402734298349595,0.01745140102973608,202540017.05842724,35346.070622562
2021Q4,2021-10-01,TSLA,REBALANCE,9.968541105712108,9.813333645617496,-0.15520746009461128,202540017.05842724,-314357.21615157736
2021Q4,2021-10-01,TXN,REBALANCE,1.5591264175828472,1.5557440402504557,-0.0033823773323915854,202540017.05842724,-6850.667626006293
2022Q1,2022-01-03,AAPL,REBALANCE,13.457833729226376,12.336660428662203,-1.1211733005641737,231939606.2365878,-2600444.9385582996
2022Q1,2022-01-03,ADBE,REBALANCE,1.996362302957684,1.9549874431341783,-0.04137485982350572,231939606.2365878,-95964.68695557934
2022Q1,2022-01-03,AMD,REBALANCE,2.062813939970944,2.134893042811935,0.07207910284099082,231939606.2365878,167179.9873082593
2022Q1,2022-01-03,AMZN,REBALANCE,10.869207116951603,12.336660428662203,1.4674533117105995,231939606.2365878,3403605.4328873316
2022Q1,2022-01-03,ASML,REBALANCE,2.5835535752737826,2.5654807579676455,-0.01807281730613723,231939606.2365878,-41918.02129571259
2022Q1,2022-01-03,AVGO,REBALANCE,2.5927278956088826,2.5381470105373225,-0.054580885071560045,231939606.2365878,-126594.6899154209
2022Q1,2022-01-03,CMCSA,SELL,1.3129760654579232,0.0,-1.3129760654579232,231939606.2365878,-3045311.5162037504
2022Q1,2022-01-03,COST,REBALANCE,2.1086785210089607,2.0822215445323455,-0.026456976476615587,231939606.2365878,-61364.20706196885
2022Q1,2022-01-03,CSCO,REBALANCE,1.9631485140995164,1.9062115795555987,-0.05693693454391774,231939606.2365878,-132059.30178434655
2022Q1,2022-01-03,GOOG,REBALANCE,7.13147710185588,6.892167974796902,-0.23930912705897728,231939606.2365878,-555052.6469888075
2022Q1,2022-01-03,GOOGL,REBALANCE,7.597826951219078,7.348169725715481,-0.2496572255035967,231939606.2365878,-579053.9857742322
2022Q1,2022-01-03,INTC,REBALANCE,2.142817493366611,2.1615078356505975,0.01869034228398625,231939606.2365878,43350.306297748175
2022Q1,2022-01-03,INTU,BUY,0.0,1.4595784832904468,1.4595784832904468,231939606.2365878,3385340.5868578227
2022Q1,2022-01-03,META,REBALANCE,6.5342902811093815,6.422396463347151,-0.11189381776223056,231939606.2365878,-259526.0803208027
2022Q1,2022-01-03,MSFT,REBALANCE,12.798209955863518,12.336660428662203,-0.4615495272013159,231939606.2365878,-1070516.1559775649
2022Q1,2022-01-03,NFLX,REBALANCE,2.2502369438637997,2.1920516873295783,-0.05818525653422148,231939606.2365878,-134954.65489322177
2022Q1,2022-01-03,NVDA,REBALANCE,6.278150823441594,6.337742005382875,0.0595911819412806,231939606.2365878,138215.55274633484
2022Q1,2022-01-03,PEP,REBALANCE,1.82036240136867,1.782626135878059,-0.037736265490610765,231939606.2365878,-87525.34558731597
2022Q1,2022-01-03,PYPL,SELL,1.4810653646519845,0.0,-1.4810653646519845,231939606.2365878,-3435177.174880296
2022Q1,2022-01-03,QCOM,BUY,0.0,1.5483320894466623,1.5483320894466623,231939606.2365878,3591195.351497321
2022Q1,2022-01-03,TSLA,REBALANCE,11.677946037862654,12.336660428662203,0.6587143907995487,231939606.2365878,1527819.5642442117
2022Q1,2022-01-03,TXN,REBALANCE,1.3403149848411653,1.3268445059744065,-0.013470478866758721,231939606.2365878,-31243.37564174295
2022Q2,2022-04-01,AAPL,REBALANCE,13.145549926218273,12.633234940819332,-0.51231498539894,214311865.3144645,-1097951.801493995
2022Q2,2022-04-01,ADBE,REBALANCE,1.6999902669047056,1.7851874821426381,0.08519721523793274,214311865.3144645,182587.74117239285
2022Q2,2022-04-01,AMD,REBALANCE,1.7555900091803665,1.7291625850449817,-0.026427424135384847,214311865.3144645,-56637.10561910826
2022Q2,2022-04-01,AMZN,REBALANCE,13.053511993952762,12.633234940819332,-0.42027705313343044,214311865.3144645,-900703.5920589179
2022Q2,2022-04-01,ASML,REBALANCE,2.329372464580901,2.4160313203616344,0.08665885578073365,214311865.3144645,185720.21028386193
2022Q2,2022-04-01,AVGO,REBALANCE,2.6169947391727026,2.7166420864182528,0.09964734724554995,214311865.3144645,213556.08861831977
2022Q2,2022-04-01,CMCSA,BUY,0.0,1.3571015236961543,1.3571015236961543,214311865.3144645,2908429.5896442477
2022Q2,2022-04-01,COST,REBALANCE,2.289305366440804,2.382210601282668,0.09290523484186408,214311865.3144645,199106.9417643827
2022Q2,2022-04-01,CSCO,REBALANCE,1.8259569502109125,1.9005614152277,0.07460446501678757,214311865.3144645,159886.22058535457
2022Q2,2022-04-01,GOOG,REBALANCE,7.199742151870028,7.518253648087592,0.31851149621756336,214311865.3144645,682607.9287848701
2022Q2,2022-04-01,GOOGL,REBALANCE,7.634999864277519,7.9889448928498545,0.35394502857233473,214311865.3144645,758546.1929211849
2022Q2,2022-04-01,INTC,REBALANCE,2.2683256890884005,2.2148937141598144,-0.05343197492858609,214311865.3144645,-114511.06214380986
2022Q2,2022-04-01,INTU,SELL,1.182227571950158,0.0,-1.182227571950158,214311865.3144645,-2533653.961708287
2022Q2,2022-04-01,META,REBALANCE,4.595058929996542,4.7977567874765805,0.20269785748003866,214311865.3144645,434405.55931792565
2022Q2,2022-04-01,MSFT,REBALANCE,12.264735086299208,12.633234940819332,0.368499854520124,214311865.3144645,789738.9119031659
2022Q2,2022-04-01,NFLX,REBALANCE,1.4751013774530513,1.5414210184116106,0.06631964095855941,214311865.3144645,142130.8596081443
2022Q2,2022-04-01,NVDA,REBALANCE,6.364544781311389,6.322717605554723,-0.041827175756666,214311865.3144645,-89640.60057247039
2022Q2,2022-04-01,PEP,REBALANCE,1.8711765990736773,1.9806373718286685,0.10946077275499136,214311865.3144645,234587.42387884913
2022Q2,2022-04-01,QCOM,REBALANCE,1.406172363723558,1.3804320633177571,-0.02574030040580072,214311865.3144645,-55164.5179372182
2022Q2,2022-04-01,TSLA,REBALANCE,13.614425192968262,12.633234940819332,-0.9811902521489307,214311865.3144645,-2102807.131664071
2022Q2,2022-04-01,TXN,REBALANCE,1.4072186753267713,1.4351061208620441,0.02788744553527296,214311865.3144645,59766.10471519884
2022Q3,2022-07-01,AAPL,REBALANCE,13.46608203197665,12.82474945001724,-0.6413325819594112,157659456.49423707,-1011121.4630376652
2022Q3,2022-07-01,ADBE,REBALANCE,1.9496628726871796,1.9372864336658504,-0.012376439021329413,157659456.49423707,-19512.626494368626
2022Q3,2022-07-01,AMD,SELL,1.643894957126613,0.0,-1.643894957126613,157659456.49423707,-2591755.854741989
2022Q3,2022-07-01,AMGN,BUY,0.0,1.5470935961024157,1.5470935961024157,157659456.49423707,2439139.3550722157
2022Q3,2022-07-01,AMZN,REBALANCE,11.189874925500908,12.82474945001724,1.6348745245163319,157659456.49423707,2577534.2897151913
2022Q3,2022-07-01,ASML,REBALANCE,2.355969895366583,2.211394596442866,-0.14457529892371696,157659456.49423707,-227936.6305080507
2022Q3,2022-07-01,AVGO,REBALANCE,2.8727032846912794,2.8170106700177073,-0.05569261467357235,157659456.49423707,-87804.67360178388
2022Q3,2022-07-01,CMCSA,REBALANCE,1.5548207267769147,1.5555249641934326,0.0007042374165178514,157659456.49423707,1110.296883311101
2022Q3,2022-07-01,COST,REBALANCE,2.6995555603871217,2.7173864628901416,0.017830902503019816,157659456.49423707,28112.103974278354
2022Q3,2022-07-01,CSCO,REBALANCE,1.9891451580158037,1.9763050845986083,-0.012840073417195313,157659456.49423707,-20243.589963011145
2022Q3,2022-07-01,GOOG,REBALANCE,8.004088643854073,7.8652719622709935,-0.1388166815830802,157659456.49423707,-218857.6257072199
2022Q3,2022-07-01,GOOGL,REBALANCE,8.50881279479899,8.364033407164566,-0.1447793876344236,157659456.49423707,-228258.39566011692
2022Q3,2022-07-01,INTC,REBALANCE,2.290630056266209,2.275430533633992,-0.015199522632216786,157659456.49423707,-23963.48477167154
2022Q3,2022-07-01,META,REBALANCE,4.72941517109819,4.6077444372239285,-0.12167073387426147,157659456.49423707,-191825.41773871024
2022Q3,2022-07-01,MSFT,REBALANCE,14.33868517366447,12.82474945001724,-1.5139357236472306,157659456.49423707,-2386862.833574319
2022Q3,2022-07-01,NFLX,SELL,0.978152548239781,0.0,-0.978152548239781,157659456.49423707,-1542149.9912393687
2022Q3,2022-07-01,NVDA,REBALANCE,4.775869743248911,4.639670107500868,-0.13619963574804175,157659456.49423707,-214731.60546749324
2022Q3,2022-07-01,PEP,REBALANCE,2.6994122096461917,2.6854025758407363,-0.014009633805455238,157659456.49423707,-22087.51251451363
2022Q3,2022-07-01,QCOM,REBALANCE,1.5767690622611656,1.5736983020939799,-0.0030707601671859514,157659456.49423707,-4841.343789826897
2022Q3,2022-07-01,TMUS,BUY,0.0,1.8726709153307572,1.8726709153307572,157659456.49423707,2952442.7870361265
2022Q3,2022-07-01,TSLA,REBALANCE,10.731715871745786,11.289268516336303,0.5575526445905186,157659456.49423707,879034.4691306567
2022Q3,2022-07-01,TXN,REBALANCE,1.644739312647184,1.5905590846411453,-0.0541802280060389,157659456.49423707,-85420.25300165935
2022Q4,2022-10-03,AAPL,REBALANCE,13.559562173073372,13.006260230480871,-0.5533019425925018,150939234.78055352,-835149.7181750597
2022Q4,2022-10-03,ADBE,REBALANCE,1.521275582932233,1.5558387986769828,0.0345632157447498,150939234.78055352,52169.45336067714
2022Q4,2022-10-03,AMGN,REBALANCE,1.5086458782616603,1.5179230240143888,0.00927714575272836,150939234.78055352,14002.852808644808
2022Q4,2022-10-03,AMZN,REBALANCE,14.25213110769978,13.006260230480871,-1.2458708772189104,150939234.78055352,-1880507.9684279927
2022Q4,2022-10-03,ASML,REBALANCE,2.0208801341194427,2.2069558295318075,0.18607569541236496,150939234.78055352,280861.23076801724
2022Q4,2022-10-03,AVGO,REBALANCE,2.711809665290022,2.817175185826664,0.10536552053664223,150939234.78055352,159037.91042055475
2022Q4,2022-10-03,AZN,BUY,0.0,2.196073454829127,2.196073454829127,150939234.78055352,3314736.4679379486
2022Q4,2022-10-03,CMCSA,SELL,1.2226386225341006,0.0,-1.2226386225341006,150939234.78055352,-1845441.3809844714
2022Q4,2022-10-03,COST,REBALANCE,2.8016851978336677,2.777381011902536,-0.02430418593113194,150939234.78055352,-36684.5522640935
2022Q4,2022-10-03,CSCO,REBALANCE,1.9539168282855117,2.0051871851239533,0.05127035683844157,150939234.78055352,77387.0842812029
2022Q4,2022-10-03,GOOG,REBALANCE,7.222254719492229,7.428278166603236,0.20602344711100756,150939234.78055352,310970.2145378732
2022Q4,2022-10-03,GOOGL,REBALANCE,7.669014314867962,7.871612236324782,0.20259792145682076,150939234.78055352,305799.7523282321
2022Q4,2022-10-03,INTC,REBALANCE,1.653752663598122,1.769686404376623,0.11593374077850105,150939234.78055352,174989.50118354
2022Q4,2022-10-03,META,REBALANCE,4.04969549644029,4.1405289299284505,0.09083343348816122,150939234.78055352,137103.2894319336
2022Q4,2022-10-03,MSFT,REBALANCE,12.173387030272782,13.006260230480871,0.8328732002080883,150939234.78055352,1257132.4350863958
2022Q4,2022-10-03,NVDA,REBALANCE,3.8819182675264226,4.148211506922479,0.26629323939605587,150939234.78055352,401940.9778167542
2022Q4,2022-10-03,PEP,REBALANCE,2.7662061253595107,2.736189374605078,-0.030016750754432997,150939234.78055352,-45307.05389472719
2022Q4,2022-10-03,QCOM,REBALANCE,1.4619889474025916,1.5579561951404695,0.09596724773787788,150939234.78055352,144852.22937551094
2022Q4,2022-10-03,TMUS,REBALANCE,1.9506680474769464,1.9725142906344817,0.021846243157535097,150939234.78055352,32974.55225028251
2022Q4,2022-10-03,TSLA,REBALANCE,13.933952700021235,12.492326045413847,-1.4416266546073877,150939234.78055352,-2175980.2408568845
2022Q4,2022-10-03,TXN,REBALANCE,1.6846164975121227,1.787381668702488,0.10276517119036516,150939234.78055352,155112.963015663
2023Q1,2023-01-03,AAPL,REBALANCE,13.268167335013331,12.883039604086246,-0.3851277309270845,139336457.84121975,-536623.3384380634
2023Q1,2023-01-03,ADBE,REBALANCE,2.0609967675724885,2.0263296494950414,-0.03466711807744716,139336457.84121975,-48303.93436474803
2023Q1,2023-01-03,AMGN,REBALANCE,1.9291906458425063,1.9134753113318197,-0.015715334510686685,139336457.84121975,-21897.19044508961
2023Q1,2023-01-03,AMZN,REBALANCE,10.473471609068435,12.883039604086246,2.4095679950178113,139336457.84121975,3357406.6935335165
2023Q1,2023-01-03,ASML,REBALANCE,3.1545203752006707,3.1073468794314625,-0.04717349576920833,139336457.84121975,-65729.87804469255
2023Q1,2023-01-03,AVGO,REBALANCE,3.875073432519529,3.7953025271282304,-0.07977090539129858,139336457.84121975,-111149.95396010604
2023Q1,2023-01-03,AZN,REBALANCE,2.9411451848688372,3.0221294716278377,0.08098428675900014,139336457.84121975,112840.63657796674
2023Q1,2023-01-03,COST,REBALANCE,2.9134432126647307,2.910930933763786,-0.0025122789009450475,139336457.84121975,-3500.520431669155
2023Q1,2023-01-03,CSCO,REBALANCE,2.6110755923138558,2.590911196722693,-0.020164395591162898,139336457.84121975,-28096.354561817465
2023Q1,2023-01-03,GOOG,REBALANCE,7.425859187773448,7.398785333022145,-0.02707385475130275,139336457.84121975,-37723.75021154203
2023Q1,2023-01-03,GOOGL,REBALANCE,7.865610872278392,7.841785350151103,-0.023825522127289556,139336457.84121975,-33197.6385943413
2023Q1,2023-01-03,HON,BUY,0.0,1.7965193839647207,1.7965193839647207,139336457.84121975,2503206.4740473437
2023Q1,2023-01-03,INTC,REBALANCE,1.992703705633781,1.9600617383516352,-0.03264196728214597,139336457.84121975,-45482.16098063206
2023Q1,2023-01-03,META,REBALANCE,3.9782068482330395,4.108621214395958,0.13041436616291827,139336457.84121975,181714.75832748855
2023Q1,2023-01-03,MSFT,REBALANCE,14.548823952976193,12.883039604086246,-1.6657843488899453,139336457.84121975,-2321044.907016676
2023Q1,2023-01-03,NVDA,REBALANCE,5.411224419412644,5.23438503621811,-0.1768393831945339,139336457.84121975,-246401.73261152479
2023Q1,2023-01-03,PEP,REBALANCE,3.3003982700768804,3.295953606776584,-0.0044446633002966085,139336457.84121975,-6193.036405601951
2023Q1,2023-01-03,QCOM,SELL,1.65274976818699,0.0,-1.65274976818699,139336457.84121975,-2302882.9839707226
2023Q1,2023-01-03,TMUS,REBALANCE,2.2296164187462786,2.1771415960023623,-0.05247482274391632,139336457.84121975,-73116.55926983176
2023Q1,2023-01-03,TSLA,REBALANCE,6.284424266732878,6.142787602806125,-0.141636663926753,139336457.84121975,-197351.5105200103
2023Q1,2023-01-03,TXN,REBALANCE,2.083298134885089,2.0284143565516475,-0.05488377833344146,139336457.84121975,-76473.11265924417
2023Q2,2023-04-03,AAPL,REBALANCE,12.927389586501095,12.67490895871771,-0.25248062778338576,176500586.05092126,-445629.787702721
2023Q2,2023-04-03,ADBE,REBALANCE,1.8318201283090176,1.7522283932658054,-0.0795917350432121,176500586.05092126,-140479.87879936583
2023Q2,2023-04-03,AMD,BUY,0.0,1.8260952745254153,1.8260952745254153,176500586.05092126,3223068.861385538
2023Q2,2023-04-03,AMGN,SELL,1.4026852738185762,0.0,-1.4026852738185762,176500586.05092126,-2475747.7287397566
2023Q2,2023-04-03,AMZN,REBALANCE,12.50592878312426,12.67490895871771,0.16898017559345002,176500586.05092126,298251.0002323151
2023Q2,2023-04-03,ASML,REBALANCE,3.0626788981041995,2.9274825009832925,-0.13519639712090692,176500586.05092126,-238622.43323813155
2023Q2,2023-04-03,AVGO,REBALANCE,3.4625064590536145,3.4012954779824516,-0.061210981071162934,176500586.05092126,-108037.74031812105
2023Q2,2023-04-03,AZN,REBALANCE,2.477890920687855,2.369854472233093,-0.10803644845476176,176500586.05092126,-190684.964671256
2023Q2,2023-04-03,COST,REBALANCE,2.5055776436866015,2.4509574266871876,-0.05462021699941394,176500586.05092126,-96405.00310625053
2023Q2,2023-04-03,CSCO,REBALANCE,2.262512936014134,2.184378517828266,-0.07813441818586772,176500586.05092126,-137907.70600553413
2023Q2,2023-04-03,GOOG,REBALANCE,6.846079261178459,6.6331111541131875,-0.21296810706527142,176500586.05092126,-375889.9570717575
2023Q2,2023-04-03,GOOGL,REBALANCE,7.278159516856672,7.038923090573698,-0.2392364262829738,176500586.05092126,-422253.694436729
2023Q2,2023-04-03,HON,SELL,1.271536133974235,0.0,-1.271536133974235,176500586.05092126,-2244268.728313752
2023Q2,2023-04-03,INTC,REBALANCE,1.9359768603646237,1.871229158098748,-0.06474770226587573,176500586.05092126,-114280.07395377629
2023Q2,2023-04-03,META,REBALANCE,5.7123874191291515,5.379539726953173,-0.33284769217597904,176500586.05092126,-587478.1273475694
2023Q2,2023-04-03,MSFT,REBALANCE,12.256956767772593,12.67490895871771,0.41795219094511726,176500586.05092126,737688.0664307975
2023Q2,2023-04-03,NFLX,BUY,0.0,1.7008717405365348,1.7008717405365348,176500586.05092126,3002048.5900214887
2023Q2,2023-04-03,NVDA,REBALANCE,7.8555075655852455,7.839625923627056,-0.015881641958190307,176500586.05092126,-28031.1911307149
2023Q2,2023-04-03,PEP,REBALANCE,2.643317444656475,2.5873466085272074,-0.05597083612926719,176500586.05092126,-98788.85378575737
2023Q2,2023-04-03,TMUS,REBALANCE,1.7781386696720982,1.761518146809017,-0.016620522863081133,176500586.05092126,-29335.320258065556
2023Q2,2023-04-03,TSLA,REBALANCE,8.167296082698702,8.483875889781933,0.31657980708323097,176500586.05092126,558765.2148207786
2023Q2,2023-04-03,TXN,REBALANCE,1.8156536488124062,1.766939621320804,-0.048714027491602446,176500586.05092126,-85980.54401168521
2023Q3,2023-07-03,AAPL,REBALANCE,12.31562149619835,12.526596070327468,0.21097457412911774,213968072.54331294,451418.22982053616
2023Q3,2023-07-03,ADBE,REBALANCE,1.834044894226225,1.8251563913206532,-0.008888502905571652,213968072.54331294,-19018.55834500803
2023Q3,2023-07-03,AMD,REBALANCE,1.7507013919284011,1.7871638985267873,0.03646250659838611,213968072.54331294,78018.12256954506
2023Q3,2023-07-03,AMZN,REBALANCE,13.195568282916327,12.526596070327468,-0.6689722125888586,213968072.54331294,-1431386.9491267346
2023Q3,2023-07-03,ASML,REBALANCE,2.578614418697819,2.6084907758590936,0.029876357161274375,213968072.54331294,63925.86556413482
2023Q3,2023-07-03,AVGO,REBALANCE,3.8138165112179356,3.8060626915377496,-0.0077538196801861525,213968072.54331294,-16590.698518178382
2023Q3,2023-07-03,AZN,REBALANCE,2.015708785903821,1.8047521490309244,-0.21095663687289679,213968072.54331294,-451379.849819133
2023Q3,2023-07-03,COST,REBALANCE,2.1952501657603394,2.181433307469355,-0.01381685829098464,213968072.54331294,-29563.665371260762
2023Q3,2023-07-03,CSCO,REBALANCE,1.7966604072881827,1.7788741245474904,-0.01778628274069216,213968072.54331294,-38056.96635736295
2023Q3,2023-07-03,GOOG,REBALANCE,6.364418881995667,6.219540735692439,-0.14487814630322893,213968072.54331294,-309992.97718149994
2023Q3,2023-07-03,GOOGL,REBALANCE,6.70028385771425,6.59851257055534,-0.10177128715890965,213968072.54331294,-217758.0615364391
2023Q3,2023-07-03,INTC,REBALANCE,1.5864127411725608,1.5670765501892903,-0.019336190983270524,213968072.54331294,-41373.27515019781
2023Q3,2023-07-03,META,REBALANCE,6.008706881254385,5.892149665311671,-0.11655721594271348,213968072.54331294,-249395.2283627711
2023Q3,2023-07-03,MSFT,REBALANCE,12.3769584650096,12.526596070327468,0.14963760531786635,213968072.54331294,320176.69989860855
2023Q3,2023-07-03,NFLX,REBALANCE,1.7888827615853007,1.7590143027884684,-0.02986845879683238,213968072.54331294,-63908.965585975835
2023Q3,2023-07-03,NVDA,REBALANCE,9.849473401614654,9.702395485495405,-0.14707791611924953,213968072.54331294,-314699.7822572288
2023Q3,2023-07-03,PEP,REBALANCE,2.1836161270500463,2.161959951953452,-0.021656175096594274,213968072.54331294,-46337.30044078771
2023Q3,2023-07-03,TMUS,REBALANCE,1.3934715773963455,1.3645162816438932,-0.028955295752452342,213968072.54331294,-61955.088220738035
2023Q3,2023-07-03,TSLA,REBALANCE,8.830330346417274,9.945019371535246,1.1146890251179737,213968072.54331294,2385078.6218967736
2023Q3,2023-07-03,TXN,REBALANCE,1.4214586046525108,1.4180935355603375,-0.003365069092173441,213968072.54331294,-7200.17347627427
2023Q4,2023-10-02,AAPL,REBALANCE,11.349284675670066,12.26078922898068,0.9115045533106145,208734462.5231019,1902624.130226512
2023Q4,2023-10-02,ADBE,REBALANCE,1.9509221420700777,1.9675351402414478,0.01661299817137009,208734462.5231019,34677.0524419821
2023Q4,2023-10-02,AMD,REBALANCE,1.6536170132467771,1.599414601989961,-0.05420241125681617,208734462.5231019,-113139.11181147651
2023Q4,2023-10-02,AMZN,REBALANCE,12.521530906014855,12.26078922898068,-0.2607416770341736,208734462.5231019,-544257.7381310045
2023Q4,2023-10-02,ASML,REBALANCE,2.1766429084629557,2.0815863305844973,-0.09505657787845824,208734462.5231019,-198415.83692745358
2023Q4,2023-10-02,AVGO,REBALANCE,3.756096672552873,3.6591412574422324,-0.09695541511064026,208734462.5231019,-202379.36461823728
2023Q4,2023-10-02,AZN,REBALANCE,1.7619789965568728,1.8646901459695349,0.10271114941266188,208734462.5231019,214393.5656778199
2023Q4,2023-10-02,CMCSA,BUY,0.0,1.2812627787249056,1.2812627787249056,208734462.5231019,2674436.974679992
2023Q4,2023-10-02,COST,REBALANCE,2.350960039389592,2.3163829148687656,-0.03457712452082651,208734462.5231019,-72174.37502449089
2023Q4,2023-10-02,CSCO,REBALANCE,1.9090342020176871,1.888225408482478,-0.020808793535209008,208734462.5231019,-43435.1233432605
2023Q4,2023-10-02,GOOG,REBALANCE,6.948893618190469,6.999087393749148,0.05019377555867954,208734462.5231019,104771.70763246182
2023Q4,2023-10-02,GOOGL,REBALANCE,7.39458118520221,7.411196042252875,0.016614857050666065,208734462.5231019,34680.93256368951
2023Q4,2023-10-02,INTC,REBALANCE,1.7138704132448552,1.6649336650022433,-0.048936748242612085,208734462.5231019,-102147.85842049985
2023Q4,2023-10-02,META,REBALANCE,6.318327286036954,6.344057955727209,0.025730669690254837,208734462.5231019,53708.77508154812
2023Q4,2023-10-02,MSFT,REBALANCE,11.931128367747078,12.26078922898068,0.32966086123360355,208734462.5231019,688115.8268449912
2023Q4,2023-10-02,NFLX,REBALANCE,1.545681831968241,1.5211230319306748,-0.024558800037566275,208734462.5231019,-51262.67926053731
2023Q4,2023-10-02,NVDA,REBALANCE,10.227934662351498,10.283132499867206,0.05519783751570806,208734462.5231019,115216.90946278832
2023Q4,2023-10-02,PEP,REBALANCE,2.041620522704475,1.9917907807306596,-0.04982974197381522,208734462.5231019,-104011.8440856917
2023Q4,2023-10-02,TMUS,REBALANCE,1.4103093475625292,1.3688836837137077,-0.04142566384882137,208734462.5231019,-86469.63678146421
2023Q4,2023-10-02,TSLA,REBALANCE,9.744568594156004,8.975188681780413,-0.7693799123755896,208734462.5231019,-1605961.0248578992
2023Q4,2023-10-02,TXN,SELL,1.2930166148539328,0.0,-1.2930166148539328,208734462.5231019,-2698971.2813497633
2024Q1,2024-01-02,AAPL,REBALANCE,12.067724089640194,12.321688432859832,0.253964343219637,238796667.70774633,606458.388774357
2024Q1,2024-01-02,ADBE,REBALANCE,2.0122716930021642,1.9791707569580048,-0.03310093604415934,238796667.70774633,-79043.9322535248
2024Q1,2024-01-02,AMD,REBALANCE,2.004362695488954,1.9396076691977455,-0.06475502629120812,238796667.70774633,-154632.84495668003
2024Q1,2024-01-02,AMZN,REBALANCE,12.809806160246751,12.321688432859832,-0.48811772738691916,238796667.70774633,-1165608.8674907445
2024Q1,2024-01-02,ASML,REBALANCE,2.345615917413392,2.322444595492126,-0.02317132192126599,238796667.70774633,-55332.34461181772
2024Q1,2024-01-02,AZN,REBALANCE,1.62103803466986,1.72730133153868,0.10626329686882,238796667.70774633,253753.2119191321
2024Q1,2024-01-02,CMCSA,SELL,1.1148543973918006,0.0,-1.1148543973918006,238796667.70774633,-2662235.1507648956
2024Q1,2024-01-02,COST,REBALANCE,2.423911962954638,2.4427223539061758,0.01881039095153747,238796667.70774633,44918.586775070915
2024Q1,2024-01-02,CSCO,REBALANCE,1.562245216242948,1.5961137599056068,0.033868543662658734,238796667.70774633,80876.95366757216
2024Q1,2024-01-02,GOOG,REBALANCE,6.539288863018592,6.530531360421435,-0.008757502597156464,238796667.70774633,-20912.624376428976
2024Q1,2024-01-02,GOOGL,REBALANCE,6.915326098940519,6.897204114858963,-0.01812198408155663,238796667.70774633,-43274.69410928547
2024Q1,2024-01-02,INTC,REBALANCE,2.0638824855752596,2.0348776199219323,-0.029004865653327327,238796667.70774633,-69262.6526532543
2024Q1,2024-01-02,META,REBALANCE,6.538257142214905,6.470679624705228,-0.06757751750967739,238796667.70774633,-161372.8599327284
2024Q1,2024-01-02,MSFT,REBALANCE,12.789560088175492,12.321688432859832,-0.46787165531566033,238796667.70774633,-1117261.9220428697
2024Q1,2024-01-02,NFLX,REBALANCE,1.7144317633161956,1.6933228359226498,-0.021108927393545876,238796667.70774633,-50407.41520463518
2024Q1,2024-01-02,NVDA,REBALANCE,10.2340711091041,9.996434988399098,-0.23763612070500234,238796667.70774633,-567467.1375135034
2024Q1,2024-01-02,PDD,BUY,0.0,1.7793946160456713,1.7793946160456713,238796667.70774633,4249135.04848811
2024Q1,2024-01-02,PEP,REBALANCE,1.7584607847200955,1.853812718774423,0.09535193405432775,238796667.70774633,227697.24111662243
2024Q1,2024-01-02,TMUS,REBALANCE,1.3758016519592968,1.4445479385345037,0.06874628657520687,238796667.70774633,164163.8415144118
2024Q1,2024-01-02,TSLA,REBALANCE,7.790743252743545,8.008403199455085,0.21765994671153893,238796667.70774633,519764.6996816113
2024Q2,2024-04-01,AAPL,REBALANCE,9.66463503340048,12.331105745191588,2.6664707117911064,271507561.55060714,7239669.609045151
2024Q2,2024-04-01,ADBE,REBALANCE,1.472290868405574,1.493943985303283,0.02165311689770917,271507561.55060714,58789.84968867264
2024Q2,2024-04-01,AMD,REBALANCE,2.0887498256511243,2.2377957210827173,0.14904589543159286,271507561.55060714,404670.8762775855
2024Q2,2024-04-01,AMZN,REBALANCE,12.865682247291845,12.331105745191588,-0.5345765021002591,271507561.55060714,-1451415.6254749435
2024Q2,2024-04-01,ASML,REBALANCE,2.6235126909536235,2.8100318820226624,0.18651919106903864,271507561.55060714,506413.7074954646
2024Q2,2024-04-01,AVGO,REBALANCE,4.528976569793479,4.704900753781382,0.1759241839879029,271507561.55060714,477647.46212335886
2024Q2,2024-04-01,AZN,REBALANCE,1.5517028678809626,1.503753075909822,-0.047949791971140486,271507561.55060714,-130187.31094943234
2024Q2,2024-04-01,COST,REBALANCE,2.3880673401196852,2.364799080343872,-0.023268259775812913,271507561.55060714,-63175.08473257041
2024Q2,2024-04-01,CSCO,REBALANCE,1.397657097255946,1.3896966029849258,-0.007960494271020031,271507561.55060714,-21613.343882622266
2024Q2,2024-04-01,GOOG,REBALANCE,6.20550674824213,6.386336908297253,0.1808301600551232,271507561.55060714,490967.55811372504
2024Q2,2024-04-01,GOOGL,REBALANCE,6.554349702530058,6.7687999478788745,0.21445024534881563,271507561.55060714,582248.6318858636
2024Q2,2024-04-01,INTC,REBALANCE,1.5777822603358045,1.6576260046203433,0.07984374428453879,271507561.55060714,216781.8031576535
2024Q2,2024-04-01,LIN,BUY,0.0,1.5578338826161058,1.5578338826161058,271507561.55060714,4229636.787700136
2024Q2,2024-04-01,META,REBALANCE,7.815619818755806,8.015143251719971,0.19952343296416458,271507561.55060714,541721.2075630636
2024Q2,2024-04-01,MSFT,REBALANCE,12.147251972472311,12.331105745191588,0.18385377271927517,271507561.55060714,499176.89512889937
2024Q2,2024-04-01,NFLX,REBALANCE,1.8577570241304269,1.9362777649082483,0.07852074077782135,271507561.55060714,213189.748597336
2024Q2,2024-04-01,NVDA,REBALANCE,16.04244840451383,12.331105745191588,-3.711342659322245,271507561.55060714,-10076575.955113284
2024Q2,2024-04-01,PDD,SELL,1.2434764467293709,0.0,-1.2434764467293709,271507561.55060714,-3376132.5789710493
2024Q2,2024-04-01,PEP,REBALANCE,1.6929210757442674,1.6296458163256367,-0.06327525941863081,271507561.55060714,-171797.1139123454
2024Q2,2024-04-01,QCOM,BUY,0.0,1.2930089175406339,1.2930089175406339,271507561.55060714,3510616.982646476
2024Q2,2024-04-01,TMUS,SELL,1.2985650231626769,0.0,-1.2985650231626769,271507561.55060714,-3525702.229538061
2024Q2,2024-04-01,TSLA,REBALANCE,4.9830469826305865,4.925983423897917,-0.05706355873266941,271507561.55060714,-154931.87684906926
2024Q3,2024-07-01,AAPL,REBALANCE,13.287050318853822,12.640946648109718,-0.6461036707441026,309906112.6377589,-2002314.7696129135
2024Q3,2024-07-01,ADBE,REBALANCE,1.44096743747596,1.4741356989887942,0.03316826151283422,309906112.6377589,102790.46988395044
2024Q3,2024-07-01,AMD,REBALANCE,1.7619626989621655,1.7027712502535974,-0.059191448708567976,309906112.6377589,-183437.91770669597
2024Q3,2024-07-01,AMZN,REBALANCE,11.574038353640365,12.640946648109718,1.0669082944693542,309906112.6377589,3306414.0207997896
2024Q3,2024-07-01,ASML,REBALANCE,2.5998254576811255,2.592873379402517,-0.006952078278608595,309906112.6377589,-21544.91554076992
2024Q3,2024-07-01,AVGO,REBALANCE,5.0089551278451205,5.074046477638384,0.06509134979326286,309906112.6377589,201722.07180774686
2024Q3,2024-07-01,AZN,REBALANCE,1.5165540140021947,1.5418198835561776,0.025265869553982995,309906112.6377589,78300.47415887578
2024Q3,2024-07-01,COST,REBALANCE,2.4075295121276574,2.4569755371425717,0.04944602501491431,309906112.6377589,153236.2539776148
2024Q3,2024-07-01,CSCO,SELL,1.1684306486713025,0.0,-1.1684306486713025,309906112.6377589,-3621038.0021653837
2024Q3,2024-07-01,GOOG,REBALANCE,6.747742254334914,6.667963073856842,-0.07977918047807203,309906112.6377589,-247240.55691385487
2024Q3,2024-07-01,GOOGL,REBALANCE,7.164984129375298,7.055433119565473,-0.10955100980982457,309906112.6377589,-339505.2758570373
2024Q3,2024-07-01,INTC,SELL,1.0223805447547596,0.0,-1.0223805447547596,309906112.6377589,-3168419.802614218
2024Q3,2024-07-01,LIN,REBALANCE,1.2939698903416312,1.2798017198751013,-0.01416817046653012,309906112.6377589,-43908.02632471453
2024Q3,2024-07-01,META,REBALANCE,7.298831574352185,7.290483911594632,-0.00834766275755322,309906112.6377589,-25869.917148043136
2024Q3,2024-07-01,MSFT,REBALANCE,11.497469132804456,12.640946648109718,1.143477515305262,309906112.6377589,3543706.7165693725
2024Q3,2024-07-01,NFLX,REBALANCE,1.8850429506662474,1.8783543695174412,-0.006688581148806341,309906112.6377589,-20728.32182888769
2024Q3,2024-07-01,NVDA,REBALANCE,14.772027464244813,12.640946648109718,-2.1310808161350945,309906112.6377589,-6604349.714453299
2024Q3,2024-07-01,PDD,BUY,0.0,1.253478062070878,1.253478062070878,309906112.6377589,3884605.134930973
2024Q3,2024-07-01,PEP,REBALANCE,1.3561032940021098,1.3683324146859177,0.012229120683807798,309906112.6377589,37898.79252096887
2024Q3,2024-07-01,QCOM,REBALANCE,1.3381912891227064,1.3379529653191489,-0.00023832380355755245,309906112.6377589,-738.5800350956598
2024Q3,2024-07-01,TMUS,BUY,0.0,1.2423040049146783,1.2423040049146783,309906112.6377589,3849976.048774273
2024Q3,2024-07-01,TSLA,REBALANCE,4.8579439067411725,5.219487539178967,0.36154363243779475,309906112.6377589,1120445.8167773173
2024Q4,2024-10-01,AAPL,REBALANCE,13.728530165877832,12.407509870229559,-1.3210202956482717,316041683.2118271,-4174974.7779366523
2024Q4,2024-10-01,ADBE,REBALANCE,1.3472655916192915,1.3151597735281937,-0.0321058180910978,316041683.2118271,-101467.76790403278
2024Q4,2024-10-01,AMD,REBALANCE,1.6889628424607217,1.7140938641062142,0.025131021645492455,316041683.2118271,79424.50381674296
2024Q4,2024-10-01,AMZN,REBALANCE,11.951671844795456,12.407509870229559,0.4558380254341035,316041683.2118271,1440638.1683014974
2024Q4,2024-10-01,ASML,REBALANCE,2.0753210119812815,2.053890133324127,-0.021430878657154734,316041683.2118271,-67730.50963515604
2024Q4,2024-10-01,AVGO,REBALANCE,5.3633613939355165,5.1630165262021395,-0.20034486773337704,316041683.2118271,-633173.2922130735
2024Q4,2024-10-01,AZN,REBALANCE,1.5196196799889088,1.5559119190997899,0.03629223911088119,316041683.2118271,114698.60336128995
2024Q4,2024-10-01,COST,REBALANCE,2.5163971521359065,2.5365714675042645,0.020174315368357704,316041683.2118271,63759.245866620004
2024Q4,2024-10-01,CSCO,BUY,0.0,1.3092178649450257,1.3092178649450257,316041683.2118271,4137674.1772822044
2024Q4,2024-10-01,GOOG,REBALANCE,5.967794690600509,6.056572118263193,0.08877742766268473,316041683.2118271,280573.67669731105
2024Q4,2024-10-01,GOOGL,REBALANCE,6.307709465382952,6.4062551319036,0.09854566652064828,316041683.2118271,311445.3832041708
2024Q4,2024-10-01,LIN,REBALANCE,1.3677857863002865,1.4124560309288337,0.04467024462854706,316041683.2118271,141176.5930189009
2024Q4,2024-10-01,META,REBALANCE,8.123929072717807,8.282714128555895,0.1587850558380871,316041683.2118271,501826.96315953
2024Q4,2024-10-01,MSFT,REBALANCE,11.955282434425389,12.407509870229559,0.45222743580417,316041683.2118271,1429227.200061184
2024Q4,2024-10-01,NFLX,REBALANCE,1.9357459406221946,1.9565693424483528,0.020823401826158133,316041683.2118271,65810.62963335251
2024Q4,2024-10-01,NVDA,REBALANCE,12.185874747751166,12.407509870229559,0.2216351224783933,316041683.2118271,700459.3716693087
2024Q4,2024-10-01,PDD,REBALANCE,1.2463392808715743,1.364120312094464,0.11778103122288969,316041683.2118271,372237.1535810682
2024Q4,2024-10-01,PEP,REBALANCE,1.3939556078716435,1.441429754803381,0.04747414693173739,316041683.2118271,150038.09305351882
2024Q4,2024-10-01,QCOM,SELL,1.1258904161714698,0.0,-1.1258904161714698,316041683.2118271,-3558283.022388958
2024Q4,2024-10-01,TMUS,REBALANCE,1.431514543378813,1.4253240467497648,-0.006190496629048317,316041683.2118271,-19564.549745615717
2024Q4,2024-10-01,TSLA,REBALANCE,6.767048331111273,6.376658104624519,-0.39039022648675314,316041683.2118271,-1233795.8428831988
2025Q1,2025-01-02,AAPL,REBALANCE,12.094069437291969,12.334355520805952,0.2402860835139825,348856823.439342,838254.3981136839
2025Q1,2025-01-02,ADBE,REBALANCE,1.0232410508141798,1.0320062647633763,0.008765213949196368,348856823.439342,30578.046950828553
2025Q1,2025-01-02,AMD,REBALANCE,1.1431601502147946,1.158002607556908,0.014842457342113466,348856823.439342,51778.92520403643
2025Q1,2025-01-02,AMZN,REBALANCE,13.234752139766915,12.334355520805952,-0.9003966189609622,348856823.439342,-3141095.043262449
2025Q1,2025-01-02,ASML,REBALANCE,1.5512770103201148,1.5687236874095116,0.01744667708939683,348856823.439342,60863.92348978924
2025Q1,2025-01-02,AVGO,REBALANCE,6.303213291751204,6.415633562516983,0.11242027076577843,348856823.439342,392185.7854954019
2025Q1,2025-01-02,AZN,REBALANCE,1.1853941331382032,1.165708410553678,-0.019685722584525216,348856823.439342,-68674.98647945581
2025Q1,2025-01-02,COST,REBALANCE,2.3782410380219194,2.3563904206967163,-0.021850617325203103,348856823.439342,-76227.36950259007
2025Q1,2025-01-02,CSCO,REBALANCE,1.329420406996096,1.3225927846860512,-0.00682762231004469,348856823.439342,-23818.626307257728
2025Q1,2025-01-02,GOOG,REBALANCE,6.256973476869611,6.14012804944918,-0.11684542742043114,348856823.439342,-407623.246433038
2025Q1,2025-01-02,GOOGL,REBALANCE,6.631838945442422,6.509093120345912,-0.12274582509651105,348856823.439342,-428207.1863360991
2025Q1,2025-01-02,ISRG,BUY,0.0,1.0926115319492773,1.0926115319492773,348856823.439342,3811649.88289018
2025Q1,2025-01-02,LIN,REBALANCE,1.1268556972307988,1.105140175253683,-0.021715521977115973,348856823.439342,-75756.08016263899
2025Q1,2025-01-02,META,REBALANCE,7.681116480080428,7.709166557161604,0.028050077081175073,348856823.439342,97854.60787767427
2025Q1,2025-01-02,MSFT,REBALANCE,11.032564430397484,12.334355520805952,1.3017910904084689,348856823.439342,4541387.045815358
2025Q1,2025-01-02,NFLX,REBALANCE,2.2274832946918477,2.198175982716848,-0.029307311974999598,348856823.439342,-102240.55759144148
2025Q1,2025-01-02,NVDA,REBALANCE,12.430643100762593,12.334355520805952,-0.0962875799566415,348856823.439342,-335905.79280335613
2025Q1,2025-01-02,PDD,SELL,0.8891083089490569,0.0,-0.8891083089490569,348856823.439342,-3101715.0035349308
2025Q1,2025-01-02,PEP,REBALANCE,1.177636528527502,1.139921534196014,-0.03771499433148796,348856823.439342,-131571.3311851568
2025Q1,2025-01-02,TMUS,REBALANCE,1.38614885447137,1.3631799492173866,-0.022968905253983353,348856823.439342,-80128.59324783846
2025Q1,2025-01-02,TSLA,REBALANCE,8.916862224261498,8.386103278303047,-0.5307589459584511,348856823.439342,-1851588.7989907863
2025Q2,2025-04-01,AAPL,REBALANCE,12.664348192599501,12.285797630987274,-0.3785505616122273,301714574.1405444,-1142142.2148749707
2025Q2,2025-04-01,ADBE,SELL,1.0291650180094032,0.0,-1.0291650180094032,301714574.1405444,-3105140.851290528
2025Q2,2025-04-01,AMD,SELL,1.1388565870419145,0.0,-1.1388565870419145,301714574.1405444,-3436096.301665051
2025Q2,2025-04-01,AMZN,REBALANCE,12.36795931891706,12.285797630987274,-0.08216168792978817,301714574.1405444,-247893.78684404347
2025Q2,2025-04-01,ASML,REBALANCE,1.7378104708912236,1.6955650510699836,-0.042245419821240054,301714574.1405444,-127460.58850753956
2025Q2,2025-04-01,AVGO,REBALANCE,5.373380069656674,5.291937644067881,-0.08144242558879439,301714574.1405444,-245723.66753496075
2025Q2,2025-04-01,AZN,REBALANCE,1.533605923444,1.4750083999755386,-0.05859752346846162,301714574.1405444,-176797.26838977454
2025Q2,2025-04-01,COST,REBALANCE,2.815428148492182,2.801357969699586,-0.014070178792595714,301714574.1405444,-42451.78002489335
2025Q2,2025-04-01,CSCO,REBALANCE,1.6049454008219592,1.5762988238274842,-0.028646576994474995,301714574.1405444,-86430.8977847234
2025Q2,2025-04-01,GOOG,REBALANCE,5.83081278877633,5.799785368927587,-0.03102741984874341,301714574.1405444,-93614.24766343493
2025Q2,2025-04-01,GOOGL,REBALANCE,6.155205077176223,6.116837516879796,-0.03836756029642688,301714574.1405444,-115760.52115648096
2025Q2,2025-04-01,ISRG,REBALANCE,1.1987303048327225,1.1715704885267726,-0.027159816305949783,301714574.1405444,-81945.12410485053
2025Q2,2025-04-01,LIN,REBALANCE,1.4259129767978718,1.4156230742738907,-0.010289902523981202,301714574.1405444,-31046.135579707014
2025Q2,2025-04-01,META,REBALANCE,8.782215720747296,8.54186167154325,-0.24035404920404457,301714574.1405444,-725183.1959855377
2025Q2,2025-04-01,MSFT,REBALANCE,12.726896115046852,12.285797630987274,-0.441098484059578,301714574.1405444,-1330858.412720753
2025Q2,2025-04-01,NFLX,REBALANCE,2.659148100202698,2.6053069181541204,-0.05384118204857791,301714574.1405444,-162446.69313010207
2025Q2,2025-04-01,NVDA,REBALANCE,11.510993086018546,12.285797630987274,0.7748045449687269,301714574.1405444,2337698.2332739774
2025Q2,2025-04-01,PDD,BUY,0.0,1.1591248639721952,1.1591248639721952,301714574.1405444,3497248.647090873
2025Q2,2025-04-01,PEP,REBALANCE,1.3111466904576607,1.2971666759648532,-0.013980014492807544,301714574.1405444,-42179.74119176067
2025Q2,2025-04-01,PLTR,BUY,0.0,1.295790804802965,1.295790804802965,301714574.1405444,3909589.708463599
2025Q2,2025-04-01,TMUS,REBALANCE,1.9108700556020233,1.8939978550308605,-0.01687220057116287,301714574.1405444,-50905.888101422555
2025Q2,2025-04-01,TSLA,REBALANCE,6.222569954467867,6.719576349334161,0.49700639486629367,301714574.1405444,1499540.7277221105
2025Q3,2025-07-01,AAPL,REBALANCE,9.325374763071999,12.24157654979955,2.9162017867275516,367628435.3663962,10720787.000673387
2025Q3,2025-07-01,AMD,BUY,0.0,1.242936562912724,1.242936562912724,367628435.3663962,4569388.23883291
2025Q3,2025-07-01,AMZN,REBALANCE,11.626791853095684,12.24157654979955,0.6147846967038656,367628435.3663962,2260123.361364465
2025Q3,2025-07-01,ASML,REBALANCE,1.6881746445729449,1.6929269674096752,0.004752322836730147,367628435.3663962,17470.89008823097
2025Q3,2025-07-01,AVGO,REBALANCE,7.1671682061239705,7.002392989765951,-0.16477521635801934,367628435.3663962,-605760.5497685806
2025Q3,2025-07-01,AZN,REBALANCE,1.1509255763589115,1.2200104237531282,0.06908484739421658,367628435.3663962,253975.54355062096
2025Q3,2025-07-01,COST,REBALANCE,2.409572695997387,2.4350374344299235,0.02546473843253634,367628435.3663962,93615.61946967871
2025Q3,2025-07-01,CSCO,REBALANCE,1.4641798586636052,1.4909416967488152,0.026761838085210057,367628435.3663962,98384.12662794605
2025Q3,2025-07-01,GOOG,REBALANCE,5.411099927579347,5.433246577373572,0.022146649794225343,367628435.3663962,81417.38212458583
2025Q3,2025-07-01,GOOGL,REBALANCE,5.727928636865167,5.761286088053643,0.033357451188475995,367628435.3663962,122631.47588230362
2025Q3,2025-07-01,INTU,BUY,0.0,1.184637229838422,1.184637229838422,367628435.3663962,4355063.312822809
2025Q3,2025-07-01,ISRG,SELL,1.0549726691646995,0.0,-1.0549726691646995,367628435.3663962,-3878379.5171932913
2025Q3,2025-07-01,LIN,REBALANCE,1.1743753804968797,1.218044995185624,0.04366961468874435,367628435.3663962,160541.92121076476
2025Q3,2025-07-01,META,REBALANCE,8.984404607468928,8.816441557827268,-0.16796304964165898,367628435.3663962,-617479.9313913143
2025Q3,2025-07-01,MSFT,REBALANCE,13.385015297236874,12.24157654979955,-1.143438747437324,367628435.3663962,-4203605.976576952
2025Q3,2025-07-01,NFLX,REBALANCE,3.0704780889983057,3.050533445858246,-0.019944643140059823,367628435.3663962,-73322.1795152132
2025Q3,2025-07-01,NVDA,REBALANCE,14.699453348380665,12.24157654979955,-2.4578767985811143,367628435.3663962,-9035854.01785742
2025Q3,2025-07-01,PDD,SELL,0.8412593495496317,0.0,-0.8412593495496317,367628435.3663962,-3092708.584122833
2025Q3,2025-07-01,PEP,SELL,0.9477861449554722,0.0,-0.9477861449554722,367628435.3663962,-3484331.3753192862
2025Q3,2025-07-01,PLTR,REBALANCE,1.7176680329765264,1.6803733977401696,-0.03729463523635679,367628435.3663962,-137105.68399502314
2025Q3,2025-07-01,TMUS,REBALANCE,1.3937297053662117,1.436641034854363,0.04291132948815151,367628435.3663962,157754.24919221038
2025Q3,2025-07-01,TSLA,REBALANCE,6.759641213076796,6.324887895566055,-0.43475331751074153,367628435.3663962,-1598276.8188682396
2025Q3,2025-07-01,TXN,BUY,0.0,1.0433555034842068,1.0433555034842068,367628435.3663962,3835671.5127681745
2025Q4,2025-10-01,AAPL,REBALANCE,13.302895986776948,12.112789802048491,-1.1901061847284553,420328272.8803187,-5002352.771710971
2025Q4,2025-10-01,AMD,REBALANCE,1.2394777538240835,1.269387998957846,0.029910245133762427,420328272.8803187,125721.21678501318
2025Q4,2025-10-01,AMZN,REBALANCE,10.71553933089718,11.265140880569422,0.5496015496722434,420328272.8803187,2310130.7014608076
2025Q4,2025-10-01,APP,BUY,0.0,1.0217521398854763,1.0217521398854763,420328272.8803187,4294713.12269832
2025Q4,2025-10-01,ASML,REBALANCE,1.7932084381075581,1.8257280998776886,0.03251966177013031,420328272.8803187,136689.33266491
2025Q4,2025-10-01,AVGO,REBALANCE,7.342567522465304,7.486660408744671,0.1440928862793664,420328272.8803187,605663.1402414625
2025Q4,2025-10-01,AZN,REBALANCE,1.1796400982573163,1.2291701916589233,0.04953009340160717,420328272.8803187,208188.9861509841
2025Q4,2025-10-01,COST,REBALANCE,1.9941412647256112,1.9228395976336157,-0.07130166709199554,420328272.8803187,-299701.0658226594
2025Q4,2025-10-01,CSCO,REBALANCE,1.293700420284268,1.264807087477446,-0.028893332806822006,420328272.8803187,-121446.84676447745
2025Q4,2025-10-01,GOOG,REBALANCE,6.530206179903428,6.397089847265809,-0.13311633263761863,420328272.8803187,-559525.5818973223
2025Q4,2025-10-01,GOOGL,REBALANCE,6.957180660323026,6.806814893218179,-0.15036576710484723,420328272.8803187,-632029.8318750467
2025Q4,2025-10-01,INTU,SELL,0.8995687364708842,0.0,-0.8995687364708842,420328272.8803187,-3781141.733379373
2025Q4,2025-10-01,LIN,REBALANCE,1.081984326229182,1.014053704837209,-0.06793062139197302,420328272.8803187,-285531.6076537485
2025Q4,2025-10-01,META,REBALANCE,7.677473407597558,7.457869592808232,-0.21960381478932645,420328272.8803187,-923056.9218832698
2025Q4,2025-10-01,MSFT,REBALANCE,11.167206673007918,12.112789802048491,0.9455831290405738,420328272.8803187,3974553.2349439193
2025Q4,2025-10-01,MU,BUY,0.0,0.9736045196723013,0.9736045196723013,420328272.8803187,4092335.062223307
2025Q4,2025-10-01,NFLX,REBALANCE,2.388711833800235,2.34024173814363,-0.04847009565660462,420328272.8803187,-203733.51593684457
2025Q4,2025-10-01,NVDA,REBALANCE,12.644969863078018,12.112789802048491,-0.532180061029526,420328272.8803187,-2236903.259138833
2025Q4,2025-10-01,PLTR,REBALANCE,1.9667046127775867,2.0156548639158256,0.04895025113823871,420328272.8803187,205751.74517993734
2025Q4,2025-10-01,TMUS,REBALANCE,1.2668741620099753,1.1801753586394668,-0.08669880337050848,420328272.8803187,-364419.5828151618
2025Q4,2025-10-01,TSLA,REBALANCE,7.744572515117766,8.190639670548777,0.4460671554310111,420328272.8803187,1874946.3703095356
2025Q4,2025-10-01,TXN,SELL,0.8133762143461565,0.0,-0.8133762143461565,420328272.8803187,-3418850.1937805186
2026Q1,2026-01-02,AAPL,REBALANCE,12.347339616403751,11.867460572641077,-0.47987904376267515,440672448.4115252,-2114694.731562795
2026Q1,2026-01-02,AMAT,BUY,0.0,0.9600122239461434,0.9600122239461434,440672448.4115252,4230509.372313404
2026Q1,2026-01-02,AMD,REBALANCE,1.6027057737189665,1.642796729119027,0.04009095540006072,440672448.4115252,176669.79475302013
2026Q1,2026-01-02,AMZN,REBALANCE,11.295612002135954,10.984512392883348,-0.3110996092526075,440672448.4115252,-1370930.265092153
2026Q1,2026-01-02,APP,SELL,0.9139264078366571,0.0,-0.9139264078366571,440672448.4115252,-4027421.878093298
2026Q1,2026-01-02,ASML,REBALANCE,1.9279236763828347,2.015113450457447,0.08718977407461241,440672448.4115252,384221.31217907177
2026Q1,2026-01-02,AVGO,REBALANCE,7.5058031124963716,7.428668184536572,-0.0771349279598002,440672448.4115252,-339912.37562091765
2026Q1,2026-01-02,AZN,REBALANCE,1.404861161057733,1.2672701459926816,-0.1375910150650514,440672448.4115252,-606325.6948814325
2026Q1,2026-01-02,COST,REBALANCE,1.7110821747237874,1.7036457357029262,-0.007436439020861232,440672448.4115252,-32770.33790785924
2026Q1,2026-01-02,CSCO,REBALANCE,1.3664330603705057,1.3438986006531224,-0.022534459717383354,440672448.4115252,-99303.15537290208
2026Q1,2026-01-02,GOOG,REBALANCE,7.866892048240998,7.807922829041562,-0.058969219199435374,440672448.4115252,-259861.10205531106
2026Q1,2026-01-02,GOOGL,REBALANCE,8.364885588833419,8.325244564287164,-0.0396410245462539,440672448.4115252,-174687.07344339075
2026Q1,2026-01-02,LIN,SELL,0.8714521875081517,0.0,-0.8714521875081517,440672448.4115252,-3840249.6914279675
2026Q1,2026-01-02,LRCX,BUY,0.0,1.0413868086801872,1.0413868086801872,440672448.4115252,4589104.7472456265
2026Q1,2026-01-02,META,REBALANCE,6.399172777513998,6.427935710884893,0.028762933370894694,440672448.4115252,126750.32272049728
2026Q1,2026-01-02,MSFT,REBALANCE,10.808000652797546,11.867460572641077,1.059459919843532,440672448.4115252,4668747.968713274
2026Q1,2026-01-02,MU,REBALANCE,1.5857105491318906,1.6029889518401281,0.017278402708237675,440672448.4115252,76141.16026079423
2026Q1,2026-01-02,NFLX,REBALANCE,1.7456647213075285,1.7273291702044928,-0.018335551103035655,440672448.4115252,-80799.72197549364
2026Q1,2026-01-02,NVDA,REBALANCE,11.549276976654838,11.867460572641077,0.3181835959862392,440672448.4115252,1402147.4428763955
2026Q1,2026-01-02,PLTR,REBALANCE,1.8733806839385092,1.7375991154499824,-0.13578156848852685,440672448.4115252,-598351.9623499631
2026Q1,2026-01-02,TMUS,REBALANCE,0.9595316595488161,0.9638515767585547,0.004319917209738566,440672448.4115252,19036.684937505783
2026Q1,2026-01-02,TSLA,REBALANCE,7.900345169397763,7.417442091638541,-0.4829030777592225,440672448.4115252,-2128020.816216177
2026Q2,2026-04-01,AAPL,REBALANCE,12.079193304279325,11.462682477112546,-0.6165108271667787,404549012.0435512,-2494088.4604447293
2026Q2,2026-04-01,AMAT,REBALANCE,1.3925344951736958,1.2802800849802236,-0.11225441019347224,404549012.0435512,-454124.1074130074
2026Q2,2026-04-01,AMD,REBALANCE,1.6998288696352801,1.5641897730926784,-0.13563909654260192,404549012.0435512,-548726.6250078947
2026Q2,2026-04-01,AMZN,REBALANCE,10.796396164934672,10.33666750968442,-0.4597286552502536,404549012.0435512,-1859827.7328960043
2026Q2,2026-04-01,ASML,REBALANCE,2.713542839505019,2.3863535183406777,-0.32718932116434124,404549012.0435512,-1323641.1662823444
2026Q2,2026-04-01,AVGO,REBALANCE,7.251683815615034,6.795344059302029,-0.45633975631300533,404549012.0435512,-1846117.9757262121
2026Q2,2026-04-01,AZN,SELL,1.4961731920742398,0.0,-1.4961731920742398,404549012.0435512,-6052753.8669968005
2026Q2,2026-04-01,COST,REBALANCE,2.14726274825736,2.0138867135853724,-0.13337603467198783,404549012.0435512,-539571.4305683911
2026Q2,2026-04-01,CSCO,REBALANCE,1.4824321755214351,1.3941211907899285,-0.0883109847315067,404549012.0435512,-357261.21625724173
2026Q2,2026-04-01,GOOG,REBALANCE,7.780421796285957,7.396666762907091,-0.38375503337886585,404549012.0435512,-1552477.196201602
2026Q2,2026-04-01,GOOGL,REBALANCE,8.337416393122615,7.957618779346699,-0.3797976137759146,404549012.0435512,-1536467.4942954448
2026Q2,2026-04-01,INTC,BUY,0.0,1.101598935734702,1.101598935734702,404549012.0435512,4456507.611197012
2026Q2,2026-04-01,LRCX,REBALANCE,1.417578406904555,1.2660868694549796,-0.15149153744957525,404549012.0435512,-612857.518081843
2026Q2,2026-04-01,META,REBALANCE,6.074066282668697,5.799339412844002,-0.27472686982469435,404549012.0435512,-1111404.837693974
2026Q2,2026-04-01,MSFT,REBALANCE,9.917213130043944,11.462682477112546,1.545469347068601,404549012.0435512,6252180.975001947
2026Q2,2026-04-01,MU,REBALANCE,2.0677572495569523,1.8930666699299659,-0.1746905796269866,404549012.0435512,-706709.0140141274
2026Q2,2026-04-01,NFLX,REBALANCE,1.9295300552562191,1.8360462442540655,-0.09348381100215374,404549012.0435512,-378187.8338298736
2026Q2,2026-04-01,NVDA,REBALANCE,12.089093234792166,11.462682477112546,-0.6264107576796198,404549012.0435512,-2534138.531527426
2026Q2,2026-04-01,PLTR,REBALANCE,1.5576492814345229,1.5349061267705153,-0.022743154664007538,404549012.0435512,-92007.20750077933
2026Q2,2026-04-01,TMUS,SELL,1.091284257023725,0.0,-1.091284257023725,404549012.0435512,-4414779.680376287
2026Q2,2026-04-01,TSLA,REBALANCE,6.6789423079146,6.534364504991228,-0.14457780292337213,404549012.0435512,-584888.0733607744
2026Q2,2026-04-01,WMT,BUY,0.0,4.521415412653794,4.521415412653794,404549012.0435512,18291341.38227578
2026Q3,2026-07-01,AAPL,SELL,11.02045994786492,0.0,-11.02045994786492,486372828.5324435,-53600522.76571566
2026Q3,2026-07-01,ALAB,BUY,0.0,16.79334143216342,16.79334143216342,486372828.5324435,81678249.72872399
2026Q3,2026-07-01,AMAT,SELL,1.8373004798634711,0.0,-1.8373004798634711,486372828.5324435,-8936130.312552122
2026Q3,2026-07-01,AMD,SELL,3.3240108491782485,0.0,-3.3240108491782485,486372828.5324435,-16167085.587873543
2026Q3,2026-07-01,AMZN,SELL,9.671021449526988,0.0,-9.671021449526988,486372828.5324435,-47037220.57204373
2026Q3,2026-07-01,ASML,SELL,2.654806767380407,0.0,-2.654806767380407,486372828.5324435,-12912258.766578814
2026Q3,2026-07-01,AVGO,SELL,6.988248421783153,0.0,-6.988248421783153,486372828.5324435,-33988941.51390056
2026Q3,2026-07-01,COST,SELL,1.6180200070636783,0.0,-1.6180200070636783,486372828.5324435,-7869609.674576455
2026Q3,2026-07-01,CRWV,BUY,0.0,8.720464170156236,8.720464170156236,486372828.5324435,42413968.24554717
2026Q3,2026-07-01,CSCO,SELL,1.7990638156720844,0.0,-1.7990638156720844,486372828.5324435,-8750157.567388022
2026Q3,2026-07-01,GOOG,SELL,7.404550238790337,0.0,-7.404550238790337,486372828.5324435,-36013720.43651037
2026Q3,2026-07-01,GOOGL,SELL,7.952429788279905,0.0,-7.952429788279905,486372828.5324435,-38678457.69831359
2026Q3,2026-07-01,HONA,BUY,0.0,16.07996967202746,16.07996967202746,486372828.5324435,78208603.32099904
2026Q3,2026-07-01,INTC,SELL,2.7334570420318665,0.0,-2.7334570420318665,486372828.5324435,-13294792.332049653
2026Q3,2026-07-01,LRCX,SELL,1.8486194175987885,0.0,-1.8486194175987885,486372828.5324435,-8991182.550175212
2026Q3,2026-07-01,META,SELL,4.706144402734263,0.0,-4.706144402734263,486372828.5324435,-22889407.646399904
2026Q3,2026-07-01,MSFT,SELL,9.433358262131184,0.0,-9.433358262131184,486372828.5324435,-45881291.4051264
2026Q3,2026-07-01,MU,SELL,4.886852899647852,0.0,-4.886852899647852,486372828.5324435,-23768324.674236994
2026Q3,2026-07-01,NBIS,BUY,0.0,11.486051242519887,11.486051242519887,486372828.5324435,55865032.31492985
2026Q3,2026-07-01,NFLX,SELL,1.1410441838625827,0.0,-1.1410441838625827,486372828.5324435,-5549728.871857379
2026Q3,2026-07-01,NVDA,SELL,10.891822821931992,0.0,-10.891822821931992,486372828.5324435,-52974866.73777284
2026Q3,2026-07-01,PLTR,SELL,0.9905914454365876,0.0,-0.9905914454365876,486372828.5324435,-4817967.632370348
2026Q3,2026-07-01,RKLB,BUY,0.0,13.172040865237689,13.172040865237689,486372828.5324435,64065227.7317059
2026Q3,2026-07-01,SPCX,BUY,0.0,33.7481326178953,33.7481326178953,486372828.5324435,164141747.19053757
2026Q3,2026-07-01,TSLA,SELL,5.49033514357912,0.0,-5.49033514357912,486372828.5324435,-26703498.33373656
2026Q3,2026-07-01,WMT,SELL,3.6078626156425724,0.0,-3.6078626156425724,486372828.5324435,-17547663.45326538
