Date,Daily_Return,Cumulative_Return,Benchmark_Return
1997-01-02,-0.001058680486577283,-0.0010586804865773125,
1997-01-03,0.005810580072838551,0.004745748038522457,0.03993380124958934
1997-01-06,0.0005698463977943972,0.00531829878374146,0.04616236579337096
1997-01-07,0.002272160873925516,0.007602543688079333,0.06001718204057682
1997-01-08,-0.0021967142968372442,0.005389128774830221,0.04596622411936413
1997-01-09,0.00015505389248108697,0.005545018272704816,0.05069891841449259
1997-01-10,0.001506893333487909,0.007060267357261951,0.06128009195684414
1997-01-13,0.00045555478107289624,0.007519038476885065,0.059808767480443725
1997-01-14,0.002264590150936935,0.009800656168301058,0.08065231886454827
1997-01-15,-0.0027740972487964003,0.006999370946191741,0.05969838633997826
1997-01-16,0.0009346570157368785,0.007940569973089229,0.07115011161591256
1997-01-17,0.0015785053434964446,0.009531609548718567,0.083178063862412
1997-01-20,0.003098295620679304,0.012659436913520672,0.10321242794356555
1997-01-21,0.0032325333747488597,0.015932892340598137,0.1203163411233732
1997-01-22,0.0023316901869327787,0.01830173309625094,0.1347720049480685
1997-01-23,-0.0026714871675871028,0.015581353083552463,0.11910252275161093
1997-01-24,-0.001040745803066797,0.014524391052657792,0.10148359736252677
1997-01-27,-0.000680944267893079,0.013833556483932696,0.09100053207451442
1997-01-28,0.00015233225443707897,0.013987996035215833,0.09218980467402416
1997-01-29,0.001214801281998757,0.015219789952730878,0.0942374309556615
1997-01-30,0.00436448523014702,0.019650701731332543,0.1178396876700154
1997-01-31,0.002022979131197597,0.021713433822046158,0.12990438374022228
1997-02-03,0.0002628010333783068,0.021981941168271124,0.12556404762777884
1997-02-04,0.00028457374082315677,0.022272770392323116,0.12346740463630779
1997-02-05,-0.006162194033801036,0.015973327225694334,0.08802113929800637
1997-02-06,-0.001273952788198503,0.01467902517273978,0.0857283546325287
1997-02-07,0.002895303272844914,0.017616828675209417,0.1032859904256529
1997-02-10,-0.004524715642091647,0.013012401892847025,0.0692251393608676
1997-02-11,0.0005599314868159558,0.01357961943320185,0.06879603735447515
1997-02-12,0.00466719900239988,0.018310197221873326,0.10409517772860366
1997-02-13,0.00027637976808768145,0.018591637558022622,0.11272683324365707
1997-02-14,-0.0019339849667102684,0.01662169664376867,0.10337175095919404
1997-02-18,-1.49979538760914e-05,0.016606449398453016,0.10045372261331709
1997-02-19,5.110602941401924e-05,0.016658404117558367,0.10060084757749
1997-02-20,-0.0033174958436552825,0.013285644087481119,0.07930364841474025
1997-02-21,-0.002604753826317784,0.010646284428891484,0.05968618828852401
1997-02-24,0.0033523796253316905,0.014034354441228025,0.0792791026424875
1997-02-25,-0.0005185880850990677,0.013508488307133693,0.08146150616749992
1997-02-26,-0.0003382052303347686,0.0131657144353996,0.07986760249917912
1997-02-27,-0.005499172726834549,0.007594141170812696,0.04043654057274004
1997-02-28,0.001358695606749202,0.008963154903807835,0.04274159812434419
1997-03-03,0.0021028443020376037,0.011084847325063318,0.049632225006903896
1997-03-04,0.0005159884055144494,0.011606555383274264,0.05693968100972979
1997-03-05,0.002364258909883619,0.013998255195135867,0.06923741224699387
1997-03-06,-0.004341719829996598,0.009595758862973147,0.04402897897819291
1997-03-07,-0.001728758697621831,0.007850411413756753,0.03117956654261622
1997-03-10,0.0027320134031029114,0.01060387224606174,0.048111883820669776
1997-03-11,-0.0013447013376388336,0.009244911867229533,0.04033843231840106
1997-03-12,-0.001340462973570148,0.007892056431607397,0.029082923551145168
1997-03-13,0.0005369388239580165,0.008433232807064428,0.030529702255293056
1997-03-14,-0.0007339816678817892,0.007693061300901416,0.028666019596207626
1997-03-17,-0.00017259244498187137,0.007519141091660186,0.020402176491586488
1997-03-18,-0.00048328374292390484,0.007032223470085919,0.014676351270955124
1997-03-19,-0.0029739828719505183,0.004037326885983683,-0.0046591318130415615
1997-03-20,0.0002779251187218644,0.004316374079259777,0.0075159453976307855
1997-03-21,-0.0024167262338399514,0.0018892163509474091,-0.0035188759233658606
1997-03-24,-0.002520005417364549,-0.0006355499018561028,-0.016221163394769644
1997-03-25,0.0010599741818494543,0.00042375061350630183,-0.010311394551586361
1997-03-26,0.0057157836211456795,0.006141956301468188,0.0230260297437892
1997-03-27,-0.0017626586058450608,0.004368471523491735,0.003849944510091685
1997-03-31,-0.00243836229094077,0.0019194573163190398,-0.022731704980770706
1997-04-01,0.0008372819290702561,0.00275834637231398,-0.02306277356749553
1997-04-02,-0.0019225509349218304,0.0008304923759951954,-0.03884256206974701
1997-04-03,0.00394779563891038,0.004781566629085798,-0.013401168468560432
1997-04-04,0.0025677535434373766,0.007361598057178176,0.008337480421379606
1997-04-07,0.0021479815803958245,0.009525392214603023,0.020488011859799204
1997-04-08,0.0018550716684814922,0.011398134168313145,0.0303580315188674
1997-04-09,-0.002212616836495641,0.009160297628252101,0.016098584202850263
1997-04-10,-0.003179574384468747,0.005951597396090413,-0.0026605970759095987
1997-04-11,-0.004249835794056757,0.0016764682903878114,-0.03142472492645576
1997-04-14,0.0033701203116183742,0.005052238501843442,-0.010801860988610468
1997-04-15,-0.0021499052164504874,0.002891471451482941,-0.021579176204968742
1997-04-16,0.0008223270929103876,0.003716176279706218,-0.020745443129765118
1997-04-17,0.0020524380300642963,0.0057762415312934134,-0.009048559469990392
1997-04-18,0.0038335181729997653,0.009631903031175115,0.001017676697756098
1997-04-21,-0.0006023924485989204,0.009023708396924457,-0.016061765544470363
1997-04-22,0.002511575014470872,0.011557947131942914,0.0030407572071406985
1997-04-23,0.0051586314842865105,0.016776201806197877,0.027427655452192834
1997-04-24,-0.0005773611717678513,0.016189154706897302,0.027157951296099547
1997-04-25,-0.0021410715284573426,0.01401342104022718,0.0036415299499583664
1997-04-28,0.0017360110989370846,0.01577375959362426,0.0169078463404726
1997-04-29,0.004639567303304085,0.020486510316189088,0.049852912453163256
1997-04-30,0.0032096473797378075,0.023761912170083166,0.07251105495184795
1997-05-01,0.0005613785571859507,0.024336630155239014,0.0815596144218389
1997-05-02,0.0034509281163241814,0.0278715422328224,0.11511772616347371
1997-05-05,0.003383217347765238,0.031349055065778675,0.14380829153193342
1997-05-06,-0.0036194069092290097,0.02761618317004677,0.12175092177606661
1997-05-07,-0.001755506436989943,0.025812196345736726,0.11487249294496182
1997-05-08,0.002521823590919283,0.02839911374233406,0.12715795129609964
1997-05-09,0.000411231858355931,0.02882202422100999,0.12687597425388009
1997-05-12,0.0007245605084034485,0.02956746802993626,0.13369303865435334
1997-05-13,-0.0023812512603544355,0.027115809199069973,0.11644192567570144
1997-05-14,-0.0007425581718651212,0.026353115961497364,0.11564493642420537
1997-05-15,0.0033634887208233055,0.02980524309061572,0.14250863779195866
1997-05-16,-0.002619083017064304,0.027108097667553288,0.122229040492293
1997-05-19,-0.0002942860394929682,0.02680583409335946,0.12012019944936703
1997-05-20,0.00592451849500035,0.03288916424821986,0.15511281700902324
1997-05-21,0.0015572785301914182,0.03449766036777091,0.165436559281408
1997-05-22,-0.0008016463462817856,0.033668359098099954,0.16000490915445087
1997-05-23,0.0026081185965087213,0.036364288768086395,0.17591962456942034
1997-05-27,0.004521872467195495,0.04105059591145155,0.20722169546928493
1997-05-28,-0.0013570180313849931,0.03963787148121556,0.2047572400673816
1997-05-29,-0.0017930297418869913,0.03777376985685765,0.18997058249063303
1997-05-30,-0.0045990100216240035,0.033001037889107465,0.17563757269252944
1997-06-02,-0.0004299019521516614,0.03255694872634418,0.1754414310185226
1997-06-03,-0.004977889721012109,0.0274169941049196,0.14003190950392863
1997-06-04,-0.001728826672144203,0.02564076820209671,0.13040712306337232
1997-06-05,0.0011995040047268458,0.026871028410966113,0.14101276754330505
1997-06-06,0.0033096744504483777,0.03026963721760345,0.15864396581851548
1997-06-09,0.002102547646377369,0.032435828218469354,0.170622901355181
1997-06-10,-0.002595458665522974,0.02975618370152322,0.15397256111934698
1997-06-11,0.001786816998051119,0.03159616955440936,0.16356060373619563
1997-06-12,-0.0008603997290863485,0.030708584489598234,0.16478669499408416
1997-06-13,0.002953758815012234,0.033753049056743034,0.1824424390415471
1997-06-16,0.002096071020503278,0.0359198688652278,0.19665279481305875
1997-06-17,0.0025502461106431725,0.038561719481739365,0.21305790183038065
1997-06-18,-0.003958426421023031,0.03445064933147979,0.19120894663464671
1997-06-19,0.0002839065441584772,0.03474433664043386,0.203960325650556
1997-06-20,0.00015659241588632868,0.03490636975593309,0.20329818847710657
1997-06-23,-0.001664838227629514,0.033183418069546056,0.188155991376052
1997-06-24,0.0037493993607743475,0.037057235316818815,0.20944091765267547
1997-06-25,-0.0016794572137764855,0.035315542061866934,0.2006130456289439
1997-06-26,-0.002337750025504779,0.03289523312700626,0.18604715033312624
1997-06-27,-0.0008578646647898016,0.03200914880407679,0.18073815423276107
1997-06-30,-0.0010637406886343744,0.030911358681450896,0.1737371462097359
1997-07-01,-0.0008779952782039289,0.03000622337628167,0.16900445191460745
1997-07-02,0.0022994986150705584,0.03237472126044949,0.19657923233097252
1997-07-03,0.0012225106474874755,0.03363681034938737,0.20956357167926742
1997-07-07,0.0006431033131838777,0.034301545606751915,0.21510545327734687
1997-07-08,0.0012365550410731545,0.03558051639696158,0.23321484510345503
1997-07-09,0.000662012181377457,0.03626608331361347,0.23847474965931492
1997-07-10,-0.0005953000764843375,0.03564919403495881,0.23840118717722847
1997-07-11,0.0009135048252425309,0.03659526457096818,0.24524279734995447
1997-07-14,0.002992290336480767,0.03969705856398553,0.2774399657556541
1997-07-15,0.0021070036797553125,0.04188770409221054,0.2984551878761843
1997-07-16,0.006357663664311883,0.04851167569081083,0.35290594254642893
1997-07-17,-0.000275613922721717,0.048222691274854235,0.342385983765366
1997-07-18,-0.0037264028573679043,0.04431659124292975,0.3131314643124674
1997-07-21,-0.0017913689972713451,0.04244583487804099,0.29775623204435564
1997-07-22,0.0042386125338728506,0.04686435885963869,0.3375919250396058
1997-07-23,-0.00020769032956569758,0.04664693525593666,0.33896529093101035
1997-07-24,-0.0008778367516556305,0.04572815011016118,0.33420805086362915
1997-07-25,-9.49471742235498e-05,0.04562886117730214,0.33078720835993036
1997-07-28,-0.0009956333571857308,0.044587798203877815,0.3182688645110785
1997-07-29,0.000974036595182054,0.04560526494620909,0.3338892551630306
1997-07-30,0.0011822265395857842,0.04684140724035912,0.3499019291629961
1997-07-31,0.0010790038713827485,0.047970953171495356,0.3573198411409588
1997-08-01,0.0007631710523907137,0.04877073426670231,0.35966156768159885
1997-08-04,0.00191398812104186,0.05077806899378512,0.378224607286352
1997-08-05,0.0018836143869850885,0.05275732968207025,0.39334240828449696
1997-08-06,0.0003988695747373489,0.05317724255046219,0.39997545422774694
1997-08-07,-0.00020205154134357215,0.052964446465296966,0.3923614754104492
1997-08-08,-0.002510274077633751,0.050321217110665284,0.3671162983179408
1997-08-11,-0.0017429457749060448,0.04849056418300801,0.3501472372161798
1997-08-12,-0.0015412752769963125,0.04687455159826892,0.33739585820027074
1997-08-13,0.0009594749997728161,0.04787900155842584,0.3475968716113922
1997-08-14,0.00034440472667855075,0.04823989603954981,0.35300397596609656
1997-08-15,-0.0032629537494559416,0.04481953774043834,0.3200957285117849
1997-08-18,0.0017235539774439756,0.046620340610422195,0.33588778990016266
1997-08-19,0.0035398239755688615,0.05032519238543309,0.3746690623739499
1997-08-20,0.002348872493285289,0.05279227233883166,0.4039602508158846
1997-08-21,-0.0022021099454804342,0.05047390800538931,0.37165277610439085
1997-08-22,-0.0010467474836180386,0.04937432708557821,0.3620770812083398
1997-08-25,-0.0009187699795599224,0.04841019345653108,0.35820259092599605
1997-08-26,-0.0014669753019883735,0.046872201596377616,0.34037517614210744
1997-08-27,0.0002911550030258756,0.04717700367540112,0.33875680153620547
1997-08-28,-0.002122055471087849,0.044954835985554276,0.3126164521031902
1997-08-29,0.00015944946708227684,0.04512145347727725,0.31688337540289035
1997-09-02,0.0035130633768559413,0.04879303137985458,0.3520721346365534
1997-09-03,-0.0007271012437228715,0.0480304526623303,0.34923979198954624
1997-09-04,0.0007329663748046389,0.04879862374390309,0.35583616894376013
1997-09-05,-8.50624592102001e-05,0.04870941035375109,0.3623713311366856
1997-09-08,0.0007829384194837229,0.04953048524199111,0.3705492640384227
1997-09-09,0.0009377797703336089,0.05051471369939953,0.38147377905362534
1997-09-10,-0.0029175919120253083,0.04744974046724648,0.3523172930203944
1997-09-11,0.0004956598684925439,0.04796891926785918,0.3549044772835608
1997-09-12,0.00015475349553153653,0.04813109612132416,0.35614269175823243
1997-09-15,-0.003586523668888772,0.04437194913698672,0.32453417287856734
1997-09-16,0.0043164568390229845,0.0488799355793228,0.36895543520477303
1997-09-17,-0.0013295635449421704,0.04748538305395522,0.35928155721971144
1997-09-18,-0.0004676239988963269,0.04699555375034614,0.3600908193573338
1997-09-19,0.001145195601548344,0.04819456845334158,0.37160383422922805
1997-09-22,0.0003766241537081883,0.04858934384560687,0.3776974718602917
1997-09-23,0.0017998492985724119,0.050476646640617906,0.391662669247963
1997-09-24,-0.002521493451502565,0.0478278766551572,0.368170718839403
1997-09-25,-0.0013860685675135852,0.046375515371160914,0.35664543108138247
1997-09-26,7.100056008154395e-05,0.046449808618807875,0.35706226020164844
1997-09-29,0.0017130819179965353,0.048242462864043656,0.37171414053502194
1997-09-30,-0.0022277631195626126,0.04590722696491567,0.34521832641237227
1997-10-01,0.0008061594871241775,0.04675039499858524,0.35122620350989453
1997-10-02,0.00026810393401482865,0.04703103289741595,0.3644433535212319
1997-10-03,0.001231930123147639,0.04832090196671257,0.3786659821788698
1997-10-06,0.0003215811183295938,0.04865802217473547,0.3804929958489194
1997-10-07,0.0016672183357991904,0.050406364057288044,0.3986513295501899
1997-10-08,0.00046612654410694003,0.05089598634567416,0.4042913194026083
1997-10-09,0.000280839180491937,0.05119111911326191,0.4078101953259745
1997-10-10,-0.0015516966845051745,0.04955998933895267,0.3950098744349031
1997-10-13,7.949036041032161e-05,0.04964341924077731,0.39833253384959133
1997-10-14,-0.0008103998250640094,0.04879278839744505,0.3872364977673062
1997-10-15,-0.0023407286559731524,0.046337849063465164,0.3720818781107824
1997-10-16,-0.0021465437323375802,0.04409183911165049,0.3479402130842424
1997-10-17,-0.0021911286957617742,0.04180409952196218,0.3181952271943198
1997-10-20,0.000814425415755856,0.04265257125885147,0.3342938113971694
1997-10-21,0.0028336532688942105,0.045607087125719925,0.3616357063158204
1997-10-22,-0.0014272120601937167,0.04411478408075009,0.34711867806049357
1997-10-23,-0.0017920461730811363,0.04224368217768082,0.31761900022375444
1997-10-24,-0.0017931312506009411,0.040374802460426684,0.2963952887084198
1997-10-27,-0.006656058135546141,0.03345000729249281,0.1992766480652608
1997-10-28,0.00782219446904695,0.041533854223572586,0.2835581491589694
1997-10-29,-0.0025032216663668917,0.0389266641134256,0.2625797456968182
1997-10-30,-0.003179711092964767,0.03562317747476729,0.22694953673596485
1997-10-31,0.0020000279202254173,0.03769445274454952,0.25014716238150725
1997-11-03,0.0029905505752816225,0.04079773048717139,0.28827857056797135
1997-11-04,-0.0007759579262420516,0.03999011523858509,0.2844777176023856
1997-11-05,-0.0002897396378329858,0.039688788879246095,0.2836195135896009
1997-11-06,-0.0013143730031636362,0.03832225000345124,0.26798685005152256
1997-11-07,0.0008475710061484709,0.03920230183759288,0.2608140964574004
1997-11-10,-0.001825119377802986,0.03730563357905159,0.24024032406406048
1997-11-11,0.0004583863780729192,0.03778112035138248,0.2395292450154487
1997-11-12,-0.0025664095848917895,0.035117748937093074,0.2017165576949116
1997-11-13,0.0027893422836376704,0.038005046642747065,0.23252823699242353
1997-11-14,0.0019196239607989897,0.03999762600171275,0.26023786948683525
1997-11-17,0.0018235266374289167,0.041894089375589694,0.2870279335378305
1997-11-18,-0.0014945387511444649,0.04033693828442941,0.2706107033037253
1997-11-19,0.00077055400020951,0.04113857407379018,0.27405594191033367
1997-11-20,0.0022046934585351085,0.04343396547747935,0.3027096886204146
1997-11-21,-0.00021487065605992327,0.043209762136761976,0.2954757202650038
1997-11-24,-0.0027358831817099376,0.04035566209353636,0.2631436997812575
1997-11-25,0.0006007953272892659,0.04098070291404121,0.2727563630050305
1997-11-26,0.0009126233841963418,0.04193072624601757,0.28033352316394944
1997-11-28,0.0006588362058500089,0.04261718793245595,0.2880211392980052
1997-12-01,0.002930917564199663,0.04567301296130366,0.323234444303921
1997-12-02,-0.002972971175773878,0.04256425723448509,0.289933763832253
1997-12-03,0.0009825230488226498,0.04358860064709669,0.30164299521282545
1997-12-04,-0.0014571183079467433,0.04206796859112938,0.29077984462825435
1997-12-05,0.0014062797823869491,0.04353340770723224,0.3122487145274295
1997-12-08,0.0016288615322941754,0.0452331791327103,0.3277587988735877
1997-12-09,-0.0037524414828020766,0.041311002792131735,0.2882173558066834
1997-12-10,-0.001665170558872048,0.03957704236765269,0.26680970066879683
1997-12-11,-0.0034090165573418306,0.036033107017588994,0.2283963154401134
1997-12-12,-0.002512095458806653,0.0334304929542768,0.19971802295777996
1997-12-15,0.0009312006776345778,0.034392824129604094,0.2069397184270645
1997-12-16,0.0012335474503387467,0.035668796760457866,0.22279306941140242
1997-12-17,-0.0019377726547115254,0.033661906086757565,0.20602014998364826
1997-12-18,-0.001838007786057677,0.03176202745521883,0.18534826933596915
1997-12-19,-7.923560697141776e-05,0.03168027516472338,0.1891859409599339
1997-12-22,0.0003932166062715208,0.03208594898128081,0.19626043663037396
1997-12-23,-0.0025369277493653025,0.0294676214975802,0.1642594847333525
1997-12-24,-0.0013119335602092442,0.028117028375788777,0.15128741827118408
1997-12-26,0.0014406040201760115,0.02959813790007826,0.169776895393851
1997-12-29,0.0025299218214669987,0.03220294069649343,0.19976711450228568
1997-12-30,0.0019394915764760882,0.03420488960518808,0.2242031042918433
1997-12-31,-0.000947716929500959,0.033224756122736565,0.2148480220073803
1998-01-02,0.002277439428188796,0.03557786292051124,0.23618196499383748
1998-01-05,0.0009698095668816671,0.03658217623922244,0.24744974664721964
1998-01-06,-0.0009531210213353638,0.035594187976707214,0.23380334496014665
1998-01-07,-0.001740643927140371,0.033791587242423704,0.2152893968998988
1998-01-08,0.0010372393277120239,0.03486387653336931,0.2194090455660831
1998-01-09,-0.0031522184011703496,0.03160175957905431,0.17237620287380095
1998-01-12,0.002436256324735708,0.03411500589043737,0.19074302596987613
1998-01-13,0.0018781554462807039,0.03605723462083121,0.22002209119502747
1998-01-14,-0.000583051716327378,0.03545315967197227,0.221640540635601
1998-01-15,0.00017522874773638668,0.03563460083248127,0.22067195548235086
1998-01-16,0.0008159509184316281,0.036479627836190076,0.23328840758554192
1998-01-20,0.002349296408320251,0.03891462570316273,0.25904859688732684
1998-01-21,-0.00013798116873066629,0.03877127504889688,0.2586072219948081
1998-01-22,-0.00023800452055004005,0.03852404278961785,0.2513855265255236
1998-01-23,7.219888887881183e-05,0.03859902307158114,0.2560936750483995
1998-01-26,0.0005894722636692921,0.03921124838875589,0.24619918445175015
1998-01-27,0.0023136034367161737,0.041615571104502314,0.26993629324415047
1998-01-28,0.0030182668493256384,0.0447594448525086,0.30358016551932643
1998-01-29,0.0006943996515036797,0.0454849254469194,0.31069155468281684
1998-01-30,-0.0002100256691598309,0.04526534677585592,0.31330313504889307
1998-02-02,0.003571246045216621,0.048998246511731125,0.3499142020491228
1998-02-03,0.0015988268375627514,0.05067541306081047,0.3625061832147327
1998-02-04,0.0013565299499175769,0.05210068572626958,0.3786659821788714
1998-02-05,-0.0012965332162627563,0.050736602240372575,0.36692008180926283
1998-02-06,0.002213992051376529,0.05306292472582319,0.39077976979358353
1998-02-09,-0.0015365305755646098,0.0514448613439884,0.3765571411359454
1998-02-10,0.001151794833647363,0.05265591010314963,0.39748660272293446
1998-02-11,-0.0004504504215140337,0.05218174080473448,0.39628505723729845
1998-02-12,0.00017028700435570599,0.05236091368141382,0.40362933189850314
1998-02-13,-0.0009724631745053893,0.05133753144656983,0.39368560008800535
1998-02-17,-0.0007476630325439743,0.050551485239581195,0.38380338237748224
1998-02-18,0.0014997401517208202,0.05212703948344477,0.398651329550191
1998-02-19,0.0014422172651182754,0.05364443526488549,0.4182810625625335
1998-02-20,0.00047928541807447036,0.054149431678543136,0.42193479056394634
1998-02-23,0.0038754466909381173,0.05823473160529602,0.4535680048852071
1998-02-24,-0.0009815997588611001,0.05719596864793375,0.4374694206823573
1998-02-25,0.0030649469499590314,0.060436218207550185,0.47178770301710915
1998-02-26,-0.00016832809400996816,0.06025771700012017,0.4798553296130521
1998-02-27,-0.002097560710005731,0.05803376207046029,0.46411235976917964
1998-03-02,-0.001960876751979858,0.055959088263606516,0.443832762469514
1998-03-03,-6.526787127839822e-05,0.055890168061758505,0.4415399778040361
1998-03-04,-0.0005099112427489872,0.055351757793955736,0.4466282864581421
1998-03-05,-0.006806026113880864,0.04816900617108,0.3815963582455457
1998-03-06,0.0037135859435087006,0.052061471858818376,0.42607898500238317
1998-03-09,-0.0040293573832484155,0.04782234019955278,0.3834845866768837
1998-03-10,0.0019644651607107137,0.04988075068148912,0.4083006617629996
1998-03-11,0.00018792068149837008,0.05007804498764923,0.4147499137530404
1998-03-12,0.0011705057294102738,0.05130716735563512,0.42627520151106113
1998-03-13,0.0008676104802085621,0.05221929247195134,0.43365629483064483
1998-03-16,0.0005046265322187269,0.05275027024464518,0.44699617370324574
1998-03-17,-0.0016569453067582466,0.05100592062517495,0.4319397371357325
1998-03-18,0.000861423959699541,0.051911282306987605,0.4431216834209022
1998-03-19,0.0005698294358632347,0.052510692319562624,0.45434044836445064
1998-03-20,-0.0010151853036051597,0.05144219893283264,0.4338279655670707
1998-03-23,0.0011301275726185122,0.05263046275286132,0.4457823553314839
1998-03-24,0.0013520692165700165,0.054053691997973274,0.46862444145272053
1998-03-25,0.0034075768565315885,0.05764546096436729,0.4894801160536084
1998-03-26,0.0006682027918360658,0.05835218261415642,0.4933055147914467
1998-03-27,-0.00034552920990020834,0.05798649102070175,0.4855812296683548
1998-03-30,-0.0009428751080436175,0.056988941893671985,0.4794507733789122
1998-03-31,0.0016310876192594474,0.0587129834704887,0.4966405967616041
1998-04-01,0.0006788709494741396,0.05943171295879779,0.50614280401024
1998-04-02,0.000262334867242498,0.059709638836569434,0.5083130094837975
1998-04-03,0.0007276418151341538,0.06048072788168746,0.5125797831141545
1998-04-06,-0.0038405433327240255,0.056407905692739124,0.4778936135342988
1998-04-07,-0.002046700739334078,0.05424575485111949,0.4493992646745173
1998-04-08,0.0008534883848123681,0.05514554135762273,0.46034832546197246
1998-04-09,0.00044119003788181845,0.055611061058985056,0.46750865650062523
1998-04-13,0.0008977675400829385,0.056558754404556266,0.47495096458149777
1998-04-14,0.00036767063264726623,0.056947220030217016,0.48739582078293453
1998-04-15,0.002037957088661408,0.05910123310961857,0.5097597133532734
1998-04-16,-0.0004912864424616512,0.05858091103259744,0.5050638377165237
1998-04-17,0.0007461425491939839,0.05937076329208324,0.5096248612752265
1998-04-20,0.0027041116614313033,0.06223542012688066,0.5364271982123481
1998-04-21,0.0015550760371129692,0.0638872769744927,0.5567680102733024
1998-04-22,0.004020584568899459,0.06816472574334487,0.5827612347421445
1998-04-23,-0.0036220905638471115,0.06429573636959551,0.5431338814723559
1998-04-24,-0.0016432254552645143,0.06254685852366348,0.5327857430970615
1998-04-27,-0.0028170929104284316,0.05955356530151845,0.4958926990546122
1998-04-28,-0.00029651629403238566,0.059239390405006365,0.49889656276870187
1998-04-29,0.0012953739621860375,0.060611501531058654,0.5198137514695647
1998-04-30,0.0006121998018031518,0.061260807682086194,0.5303090148090319
1998-05-01,0.0001440472005562823,0.06141367933049291,0.534490027905848
1998-05-04,-0.0005778024413163216,0.060800391915329266,0.5397498576270365
1998-05-05,-0.0005814918831310894,0.06018354509780832,0.5292668671736955
1998-05-06,-0.0004727375236562035,0.05968235655407783,0.5231118651120004
1998-05-07,-0.0021398231729226054,0.057414823691586125,0.499117325049633
1998-05-08,0.0031652809976106208,0.06076183873960894,0.5375552560505692
1998-05-11,-0.0019360649787416944,0.05870813489283955,0.517484148145708
1998-05-12,0.0020491426474529327,0.06087757888325385,0.5404733592311175
1998-05-13,0.0008394976157930522,0.06176818308137455,0.5486512921328544
1998-05-14,0.0008843552095084153,0.06270716330537285,0.552415476109404
1998-05-15,-0.0014703287600094672,0.06114463439969686,0.5319887538455654
1998-05-18,-0.0020550131186790675,0.05896396825518968,0.5234183879264722
1998-05-19,0.001009373616578424,0.060032858545653545,0.5394678805848168
1998-05-20,-0.0021504334961618596,0.057753328379604785,0.5175944544515019
1998-05-21,-0.0012335421877000643,0.0564485450248684,0.5003678124104312
1998-05-22,-0.0007277403964101615,0.05567972474192495,0.4886341849269491
1998-05-26,-0.0016387927032074578,0.05394968451209392,0.47145663443038366
1998-05-27,0.0016279710302466626,0.05566548406581728,0.48290828487164617
1998-05-28,0.0002891457811356196,0.05597072528682534,0.4894923889397338
1998-05-29,-0.0024036308431967485,0.05343256148201303,0.4615865399366439
1998-06-01,-0.002883462418434604,0.050395028280624254,0.42907072549968883
1998-06-02,0.0026612054376997317,0.053190345241617365,0.455554266736212
1998-06-03,-0.002643021757241587,0.05040674024462688,0.42714567840997164
1998-06-04,0.002672314722856277,0.0532137576415701,0.4654119386744824
1998-06-05,0.0011803123271250013,0.05445687882281214,0.4795242610263266
1998-06-08,-0.0002242146157154431,0.05422045417893839,0.4799166940436832
1998-06-09,0.0017038830598310308,0.056016722552141296,0.5000981082543383
1998-06-10,-0.0017913153647515464,0.054125063571599075,0.47046357833955255
1998-06-11,-0.0007034821833321776,0.05338350537037262,0.4530529926759299
1998-06-12,0.00023025765528472095,0.05362605498643469,0.45535805022753406
1998-06-15,-0.001099621285786803,0.05246746534911195,0.4389038516657069
1998-06-16,0.0040088117331477475,0.056686609272959876,0.4846739341110644
1998-06-17,0.0007657986284666228,0.05749581842906015,0.5008337330752028
1998-06-18,0.0006334072209890731,0.058165643916618937,0.5048185296633405
1998-06-19,0.0020451809805686707,0.06032978416584833,0.5199975454227739
1998-06-22,0.002648249012872471,0.06313780147008496,0.5496935894375343
1998-06-23,0.004180932799923685,0.0675827091750898,0.5968490113217364
1998-06-24,0.003925680374858386,0.07177369766503672,0.6321236807582837
1998-06-25,-0.002733202276350592,0.06884432335484592,0.6078961055288594
1998-06-26,0.0024404396399893896,0.07145277341053857,0.6195929143539627
1998-06-29,0.0020033849777099204,0.07359930580111484,0.6426066712116247
1998-06-30,-0.00034334703907182404,0.0732306886583185,0.6397008409172027
1998-07-01,0.007522193683350993,0.08130373776532251,0.662751416433244
1998-07-02,-0.012252003858910036,0.06805560019756807,0.6338034197948172
1998-07-06,0.003736863469783723,0.07204677815364424,0.6461255471349912
1998-07-07,0.0032723896410629186,0.0755549329252092,0.6507111164659467
1998-07-08,0.01335384797759815,0.08991772999104808,0.6893575368616873
1998-07-09,0.004078299112223444,0.09436274050166715,0.6959539138159014
1998-07-10,0.0048514839066124225,0.09967202372520734,0.7056277918009628
1998-07-13,0.016613266804489376,0.1179411684527869,0.7417606652502948
1998-07-14,-0.0039046246568980136,0.11357602780148479,0.7387568015362052
1998-07-15,0.011710662618254897,0.12661674096284425,0.7773173117290615
1998-07-16,0.0010061026927635016,0.1277502330996394,0.7810446770472326
1998-07-17,0.002816442889431965,0.13092647722470807,0.7949607828903986
1998-07-20,-0.0012042573549067086,0.1295645506966514,0.797314931986508
1998-07-21,-0.013227655867074601,0.1146230595403892,0.7556278292182987
1998-07-22,0.008218562998748862,0.12378365937508007,0.7540215778291801
1998-07-23,-0.008927446638004755,0.11375114072334735,0.7236391502074035
1998-07-24,-0.00038665009489647007,0.1133205087390956,0.7270721159278857
1998-07-27,0.013209080869634458,0.12802644937285268,0.7488597815276596
1998-07-28,-0.012639982384615576,0.11376821492339939,0.708288463711545
1998-07-29,-0.007978014438800377,0.10488255602326357,0.6921039693058109
1998-07-30,0.01894415763989121,0.12581362533813412,0.7435631331480921
1998-07-31,-0.02034631129768068,0.102907470853834,0.688646457813076
1998-08-03,-0.0029696047179286157,0.09963227162494781,0.6778322491036672
1998-08-04,-0.021685359548721535,0.07578635044338333,0.6150564365675129
1998-08-05,0.007655201845684485,0.08402171209885978,0.6305787937997975
1998-08-06,0.016557190734464475,0.10197006634638117,0.6746812604254049
1998-08-07,-0.0033945413867627885,0.09822938334919473,0.6724742362934684
1998-08-10,-0.0014908924114464314,0.09659204149553191,0.6710152595378656
1998-08-11,-0.009772507153784398,0.08587558792523375,0.6308607708420169
1998-08-12,0.007656973345194029,0.09419010835817421,0.6609368253186643
1998-08-13,-0.0071882836130830316,0.08632475953266572,0.6409882966057234
1998-08-14,0.0006611571599638961,0.08704299092547685,0.630750464536223
1998-08-17,0.017936920037958964,0.10654119413153085,0.6770354095215143
1998-08-18,0.01667485458388805,0.12499260763475584,0.7180481022301477
1998-08-19,-0.005501597444391574,0.11880335117963292,0.7143943742287346
1998-08-20,-0.002846219523938621,0.11561899123805741,0.7143207369119766
1998-08-21,-0.008093481138871591,0.10658974997430537,0.685593502554481
1998-08-24,-0.0013848879637463312,0.10505724714876097,0.6808730811454788
1998-08-25,0.006059491573371896,0.1117533322259523,0.7022437679556432
1998-08-26,-0.004975156675178705,0.1062221852139762,0.6847107527694434
1998-08-27,-0.023561182902838526,0.08015828197697195,0.6080555033791588
1998-08-28,-0.02246174526745563,0.05589604179867269,0.5510545327734695
1998-08-31,-0.05514538686234091,-0.0023317539127296616,0.39816086311316656
1998-09-01,0.03842855969006217,0.03600719983291478,0.4897745156512967
1998-09-02,-0.0028309985550034364,0.03307426494721466,0.497596834194056
1998-09-03,-0.0013698299454587073,0.0316591288832071,0.48229523924270223
1998-09-04,-0.003726394760915209,0.027814759710286463,0.4779427050788039
1998-09-08,0.034781064670423835,0.06356325133698615,0.577329584615188
1998-09-09,-0.006685784837964205,0.056452496276981456,0.5470451904130791
1998-09-10,-0.01240940602835287,0.04334254830101347,0.5146763512709538
1998-09-11,0.029174674274767803,0.07378172730470167,0.5819028810600173
1998-09-14,0.008394047491061417,0.0827951021187312,0.6040093423603896
1998-09-15,0.009517724198094518,0.0931008472637449,0.6235777109421006
1998-09-16,-0.0008316063999794008,0.09219181760333761,0.6324791454479186
1998-09-17,-0.018771439747140208,0.07168980470687702,0.5838524739219872
1998-09-18,0.0020698537517140894,0.07390804586982336,0.594776839267847
1998-09-21,0.011944793065089365,0.08673565524867288,0.6278813032308368
1998-09-22,0.0028525602309080176,0.08983563416034501,0.6382908060367629
1998-09-23,0.025438989595134173,0.11755995151815646,0.7099682027480787
1998-09-24,-0.01582930673266162,0.09986975225343708,0.6631436997812581
1998-09-25,0.01569102301995477,0.1171278338549977,0.7043771547708224
1998-09-28,-0.0057642890309996305,0.110688386136083,0.6959907324742811
1998-09-29,0.0029586518240899613,0.11397452635572014,0.6980015400975397
1998-09-30,-0.016731233399394092,0.09533635855428302,0.6496812417167375
1998-10-01,-0.03236920388956975,0.05988119263658054,0.5617214668493631
1998-10-02,0.00039377307595104324,0.06029854531394774,0.5650318533779246
1998-10-05,-0.02968223476108875,0.02882651497509814,0.4807259561813062
1998-10-06,-0.012408994907848716,0.016059811989712403,0.45272192408920575
1998-10-07,-0.016213887328752556,-0.0004144673211622374,0.4113413441354685
1998-10-08,-0.007645908818528763,-0.008057207160345192,0.38410990519195454
1998-10-09,0.03714641759213873,0.028789914049988985,0.4686979291001352
1998-10-12,0.017148948300315287,0.04643257909791809,0.5245218999924415
1998-10-13,-0.016172002007812467,0.029509669327706156,0.47976956907951074
1998-10-14,0.012086923802237706,0.04195327425453699,0.5150442385160581
1998-10-15,0.029358732895758487,0.07254370212323691,0.5935018061347963
1998-10-16,-0.0033480354348749365,0.06895278780307645,0.5864517814019372
1998-10-19,0.004127969556568992,0.07336539236853712,0.6063880372287518
1998-10-20,-0.012507651503860212,0.05994011210448735,0.5733570609131771
1998-10-21,0.025980347268704247,0.08747772430099143,0.6332149199381261
1998-10-22,0.012655571368441323,0.10124037625247273,0.6615865399366443
1998-10-23,-0.00754096914320573,0.0929359565559007,0.6436979103914671
1998-10-26,0.011042183392287984,0.10500435582421663,0.6784331715158278
1998-10-27,-0.009289248109656067,0.09473969620071476,0.6593183010434189
1998-10-28,0.01017323937009541,0.10587674517811019,0.6919568443416373
1998-10-29,0.00626428922832965,0.11280427696078954,0.7119912832574624
1998-10-30,-0.0007648328953870171,0.11195316764364271,0.7171653524451096
1998-11-02,0.009808405876029918,0.12285965562702872,0.7395660636738275
1998-11-03,-0.007690524408239401,0.1142242760384018,0.7186488749729649
1998-11-04,0.01596103178874641,0.13200844512804366,0.7582148638121222
1998-11-05,0.005893913469221128,0.13868040495005585,0.7680726854197357
1998-11-06,0.008803841112454719,0.1487051663131016,0.7880578831217129
1998-11-09,0.002080138544301978,0.15109463220558816,0.7994483188016868
1998-11-10,0.004840489238668805,0.1566664933854689,0.8115252877580201
1998-11-11,0.007318286260880082,0.16513130989243208,0.815485538573905
1998-11-12,-0.006876439273534718,0.15711935519426268,0.7981119212380043
1998-11-13,0.003986501225090996,0.16173221292132123,0.7964933969627594
1998-11-16,0.0049773659391623825,0.16751457926834346,0.809220230206416
1998-11-17,0.014366773662795634,0.18428799697670595,0.8373591143765629
1998-11-18,0.006913007362086017,0.1924749886186361,0.8573934036230451
1998-11-19,0.008965255402413039,0.20316583145259193,0.8850539445729513
1998-11-20,0.008192129582443308,0.2130223218530196,0.8933546063359514
1998-11-23,0.023700741568225894,0.24177185041974747,0.9483326461015991
1998-11-24,-0.003335520216123448,0.23762989530885936,0.9382417893269286
1998-11-25,0.0044684873368064796,0.24316022882370003,0.9598823299625296
1998-11-27,0.014003318503400947,0.2605685974586791,0.9965056698488857
1998-11-30,-0.027964766782376516,0.22531709061755967,0.9102010882457925
1998-12-01,0.03776859125845579,0.27159559097509445,1.0016307971613707
1998-12-02,-0.008269077954571866,0.26108066790663154,0.9851520528272908
1998-12-03,-0.02273131475559236,0.2324146463122534,0.9295979357604207
1998-12-04,0.02754401337047164,0.2663602918082433,0.9985410232443968
1998-12-07,0.02065700962339255,0.2925195085428083,1.0560201874009838
1998-12-08,-0.00201489295147714,0.2899152200953987,1.045316434666712
1998-12-09,0.006977533888032322,0.2989156472563028,1.0664296902069101
1998-12-10,-0.014092687266481434,0.28061043525398044,1.0264345993613606
1998-12-11,0.012836436704125528,0.297048910048761,1.05371512984938
1998-12-14,-0.026140583888042183,0.2631432942087377,0.9790215965378486
1998-12-15,0.02514065239833365,0.2948995406977257,1.0399461489703872
1998-12-16,0.0030867272274972763,0.298896542366871,1.030750464536223
1998-12-17,0.009611935746396693,0.31138145247331805,1.071640578052936
1998-12-18,0.020190052999743878,0.33785831350163553,1.127268332436564
1998-12-21,0.019357315432675562,0.36375565888031414,1.19139296509187
1998-12-22,-0.009184120622940554,0.35123076240893947,1.1675085816659538
1998-12-23,0.023976240137679263,0.3836281956498757,1.2302109065546936
1998-12-24,-0.0060563499796947055,0.3752484590552465,1.2143699032911535
1998-12-28,0.0025977235943133357,0.37882097442537743,1.236378181502515
1998-12-29,-0.005664761440171685,0.37101028253655266,1.235544523261983
1998-12-30,-0.009608784219294179,0.3578365405692252,1.2204144493777118
1998-12-31,0.0009702121647882404,0.35915393009867946,1.2511158223694299
1999-01-04,0.014901337940467982,0.3794071421241949,1.2736513856761946
1999-01-05,0.01948878538057583,0.4062901118694868,1.3332516637618337
1999-01-06,0.028871223444468665,0.4468914279170175,1.4079818660624013
1999-01-07,0.009948703478653339,0.46128612169916927,1.4109245150152026
1999-01-08,0.0038700465714371383,0.46694136704433986,1.419887313951652
1999-01-11,0.015672303104354874,0.4899317167849755,1.4524032780579503
1999-01-12,-0.029740676804955447,0.4456201391346213,1.3774889824654881
1999-01-13,0.00014973437941604969,0.445836598169026,1.3892962472657282
1999-01-14,-0.01625307307197709,0.4223373102888459,1.3370770624996724
1999-01-15,0.02643515300020806,0.45993701470423587,1.429646952470255
1999-01-19,0.022660927955837594,0.4930205422145093,1.4935140041862516
1999-01-20,-0.001421607354700545,0.4908980532309781,1.4935140041862516
1999-01-21,-0.02485744325620334,0.453838139472005,1.4052967980489104
1999-01-22,-0.0014767007489206244,0.45169125560263734,1.408300661763
1999-01-25,0.007986897968002577,0.4632857655421774,1.4487004585120324
1999-01-26,0.031071241544853034,0.5087518710124836,1.528445332149948
1999-01-27,-0.01176668880421381,0.49099885726350445,1.489406628406194
1999-01-28,0.024413889914583663,0.5273999392275055,1.5804195082015062
1999-01-29,0.01116923510306021,0.5444598282451372,1.6081289910265748
1999-02-01,-0.003320475439852512,0.5393314873176105,1.6127145603575306
1999-02-02,-0.018314033262383504,0.5111401192570415,1.5486635650189822
1999-02-03,0.012186132152059406,0.5295550724505864,1.5992398294068835
1999-02-04,-0.035767319752017246,0.47484698709592643,1.4860962418776325
1999-02-05,-0.010556846435966964,0.4592772539366061,1.438143830741934
1999-02-08,0.015866917889974696,0.48243148630352595,1.4941270498151966
1999-02-09,-0.03256716177715003,0.434152900265538,1.3728911402484067
1999-02-10,0.007784143175742233,0.4453165517771107,1.3837421676161945
1999-02-11,0.030551930722811652,0.48947376293953804,1.5069643390339897
1999-02-12,-0.029652949603295328,0.44530647251166133,1.401422307766567
1999-02-16,-0.004715152413264599,0.43849163220989107,1.3963830906569665
1999-02-17,-0.021355163832581618,0.4077724077322511,1.3189922164458174
1999-02-18,-0.000985813782753404,0.4063846062897287,1.3370402438412938
1999-02-19,0.011229676751549256,0.4221778508067171,1.368305570917451
1999-02-22,0.018800211846451073,0.4489150956852137,1.4473026965177183
1999-02-23,0.01868832860058426,0.4759928971077261,1.486795048040117
1999-02-24,-0.016249317412228174,0.45200902002442844,1.4388671826766712
1999-02-25,-0.0012005314168924684,0.45026583757827776,1.4207823366228158
1999-02-26,-0.020116407015306068,0.4210916997091594,1.3605690129082322
1999-03-01,0.003886982486485227,0.4266154582576185,1.3757969705428277
1999-03-02,-0.025777073599335613,0.389841486592162,1.3156695570311285
1999-03-03,0.007627508980154166,0.40044251501213446,1.329340504490454
1999-03-04,0.009223982983363455,0.4133601729397849,1.370071220156868
1999-03-05,0.013148356567406897,0.431943536451769,1.415240380190065
1999-03-08,0.020981505881546802,0.4619878681838747,1.4939309829758605
1999-03-09,0.00045496663548693674,0.462653023885385,1.4872118771603833
1999-03-10,0.0044606587753748235,0.4691774199317078,1.4993993020918537
1999-03-11,0.0026416488533758504,0.47305847077847596,1.5058362811957684
1999-03-12,-0.012601591306395809,0.4544955899593013,1.4631682455535109
1999-03-15,0.015782281417118165,0.47745084867999643,1.5261649700399391
1999-03-16,0.006771597772826434,0.4874555515563783,1.5420673377341108
1999-03-17,-0.003600715638900574,0.48209964708971986,1.531265401910828
1999-03-18,0.01501490776587468,0.5043532365906076,1.578187938297316
1999-03-19,-0.013355059107150603,0.4842625101979068,1.5180112835717687
1999-03-22,-0.0060597498890597136,0.47526825061639966,1.4854586504764349
1999-03-23,-0.021189522784878047,0.4440080204061563,1.4047451168505978
1999-03-24,0.020224923422077528,0.47321297203973645,1.4687961121891462
1999-03-25,0.023883975061613973,0.5083991539243797,1.5543773418575015
1999-03-26,-0.007144139577971681,0.4976229398294496,1.534698517300654
1999-03-29,0.02944670278171419,0.5417229974176845,1.6295487693812452
1999-03-30,0.004295753991193045,0.5483458601371556,1.6062898541397423
1999-03-31,-0.011514862428203633,0.5305168705663976,1.5826262329947571
1999-04-01,0.011731568423217964,0.5484722339563368,1.631351087609699
1999-04-05,0.025775614473558695,0.5883850572818055,1.7214810679506307
1999-04-06,0.0014713969243208224,0.5907222021697269,1.7204881615291425
1999-04-07,-0.002985904047311949,0.5859724583081194,1.687947651650592
1999-04-08,0.004381441349815791,0.5929213036166197,1.7277465259874631
1999-04-09,0.00222335982193707,0.5964629408425883,1.73721191457772
1999-04-12,-0.014265924684242957,0.5736879207673431,1.720953932524571
1999-04-13,-0.017384710280559657,0.5463298121927864,1.6669690985190977
1999-04-14,-0.02806614053409808,0.5029303023717182,1.5792422091494376
1999-04-15,0.01197867125099948,0.5209334103769943,1.6186980413521437
1999-04-16,-0.009890035960715447,0.5058913242545122,1.558190318039871
1999-04-19,-0.041136540476980496,0.4439441648403828,1.412432583315311
1999-04-20,0.018335797795402523,0.47042003307474767,1.4893085949865261
1999-04-21,0.017940572183811027,0.49680020981864703,1.5819275765016143
1999-04-22,0.02846321601379393,0.5394039575202072,1.6771579887134354
1999-04-23,0.016127336409157422,0.5642304430127238,1.7102010882457939
1999-04-26,0.0159441678919744,0.5891707958178565,1.7717753552963122
1999-04-27,-0.01780108548511955,0.5608818306310472,1.7060202248183205
1999-04-28,-0.018745583733687683,0.5316221895765612,1.6366356127724826
1999-04-29,-0.01332336301312518,0.511215831145875,1.59844298982473
1999-04-30,0.0053003073077026,0.5192257394592135,1.619408970731412
1999-05-03,-0.0025228911939825975,0.51539289821946,1.621321744935003
1999-05-04,-0.018928149188882422,0.4867093153621891,1.5717877778517817
1999-05-05,0.017128463618664883,0.5121743617819003,1.6431707749654083
1999-05-06,-0.026686943777386368,0.4718190496074217,1.5485899277022246
1999-05-07,0.010384993926283814,0.4871038814981836,1.5965302156211396
1999-05-10,0.004945513896105852,0.4944583744090858,1.6173983127774973
1999-05-11,0.009975987841888575,0.5093670729823994,1.6677907832121894
1999-05-12,0.010808779885825985,0.5256814894411797,1.7190779769793596
1999-05-13,-0.015013856256180451,0.5027751268659946,1.6717510340280746
1999-05-14,-0.017315188867961434,0.476754291718235,1.6056277169662936
1999-05-17,0.012219184442814529,0.4947990247854581,1.6676557814648003
1999-05-18,-0.0058735179397067135,0.48601929589712456,1.6474498214818927
1999-05-19,0.009214905399233303,0.49971282313025167,1.6804806481281243
1999-05-20,-0.015026019323376893,0.4771781092703804,1.6237739274507805
1999-05-21,-0.00811615362988309,0.4651891047968417,1.5924472359439918
1999-05-24,-0.015593463446501043,0.44234173204898064,1.5264714928544127
1999-05-25,-0.021737094538037564,0.4109894134632752,1.4510055160636375
1999-05-26,0.012871693901764843,0.4291512372920052,1.5172144439896171
1999-05-27,0.0005393657622574039,0.42992207253848846,1.5135975346465833
1999-05-28,0.013371868695670789,0.4490428027375146,1.5621628417418831
1999-06-01,-0.024076317758522134,0.41415518777310667,1.4838034572121557
1999-06-02,0.014215965297936988,0.43425876884838677,1.5435754060342206
1999-06-03,-0.013735650077206247,0.41455829227932073,1.4894557199507008
1999-06-04,0.029635768210615976,0.45647981394971526,1.5863290525406768
1999-06-07,0.006502872790530931,0.46595111690180646,1.6393943181027342
1999-06-08,-0.0170117432149545,0.4410127329353972,1.5585459323988502
1999-06-09,0.016654502653403836,0.46501208331965826,1.6182933354486626
1999-06-10,-0.004646037613665374,0.45820558207608086,1.5720820277801293
1999-06-11,-0.012293391050796437,0.4402792906231654,1.5285557881250873
1999-06-14,-0.008699766784629772,0.42774919669001177,1.4876411288361213
1999-06-15,0.011709891088740187,0.4444679842852879,1.5235041484600176
1999-06-16,0.04175302761474553,0.5047788959217674,1.6575405285872216
1999-06-17,0.0027978461815997327,0.5089890358098741,1.6861576063082664
1999-06-18,-0.0015229277372452218,0.5066909545520402,1.7040951777286057
1999-06-21,0.02406711685680539,0.5429526618223357,1.7815840853594223
1999-06-22,-0.01703440717878909,0.5166693779232576,1.7095266781862195
1999-06-23,0.008334010432059821,0.5293093163408555,1.745623032315859
1999-06-24,-0.014786100588973667,0.5066967949577852,1.6788501503054407
1999-06-25,0.0029578131459104995,0.5111533225448126,1.6799412398159395
1999-06-28,0.016048514729761404,0.5354050889006008,1.751275145385061
1999-06-29,0.015711588021337555,0.5595287411032723,1.7955617053025636
1999-06-30,0.014770069063996215,0.5825630883166548,1.816049642327691
1999-07-01,0.010356604157885831,0.5989530677772317,1.8473763338344797
1999-07-02,0.011322365062223455,0.6170569981279674,1.8787149988887086
1999-07-06,-0.0051800012963014045,0.6086806407814713,1.857687653551395
1999-07-07,0.006501256345747288,0.6191390860056329,1.8698749288135224
1999-07-08,0.011042684192712381,0.6370187275964703,1.9114518749452807
1999-07-09,0.006429241906642479,0.6475435170018922,1.9340609258994599
1999-07-12,-0.007688352528796216,0.6348766216366488,1.9232958087345566
1999-07-13,0.0001358847164802587,0.6350987763828602,1.9103236674377166
1999-07-14,0.016020762727269097,0.6612943059149379,1.9635239347471636
1999-07-15,0.003843909479178693,0.6676801708451499,1.9785067339979192
1999-07-16,0.010552955670525069,0.6852791257606923,2.0155469030045414
1999-07-19,-0.007435235160389729,0.6727486791497657,1.9728055293842122
1999-07-20,-0.03081544877150079,0.6212021779198305,1.8559589726396997
1999-07-21,0.008068812303980877,0.6342833540002706,1.8980259362004528
1999-07-22,-0.027605031463143352,0.5891689105934017,1.7978420674125721
1999-07-23,0.007625916438171436,0.6012877799117269,1.8224866214316058
1999-07-26,-0.020547104039065015,0.5683859533013973,1.7384870973801165
1999-07-27,0.02350835050731395,0.6052561200223543,1.8307750103084799
1999-07-28,0.01319764195614811,0.626441715542325,1.8614272917556929
1999-07-29,-0.016001296091968608,0.6004165400756027,1.7747181539184598
1999-07-30,-0.0014967903802178078,0.5980210519940761,1.7843673364619255
1999-08-02,0.0005985265587864297,0.5989775100351944,1.7768638136197645
1999-08-03,-0.0009399109556642161,0.5974746135556515,1.7454389390239653
1999-08-04,-0.0038564059859864676,0.5913141028934741,1.702709838289762
1999-08-05,0.004886135643943502,0.599089479452332,1.736917664649377
1999-08-06,-0.003665708753790941,0.5932276831494088,1.7122976564025962
1999-08-09,-0.0036328530252949806,0.5874397211406956,1.6822096283785082
1999-08-10,-0.008961648150237764,0.573213644900121,1.6529795050285188
1999-08-11,0.028638775441899997,0.6182685571985487,1.7486514418022017
1999-08-12,-0.009694955118987875,0.6025795161660394,1.7149707508686465
1999-08-13,0.02834362476299039,0.6480024286251045,1.8286661692655533
1999-08-16,-0.003484925406138778,0.6422592630922104,1.8360472625851374
1999-08-17,0.007810254336575513,0.6550857256235576,1.865829067133439
1999-08-18,-0.006340798569382687,0.6445911604223182,1.8413314884092356
1999-08-19,-0.011365610701687486,0.6258993775295216,1.7940045454579505
1999-08-20,0.014363048015375069,0.6492522483571468,1.8384871722147884
1999-08-23,0.023554675587139903,0.6880998500285604,1.9252944931410325
1999-08-24,0.013046649887873404,0.7101238977476547,1.9485288626102828
1999-08-25,0.017574650507521706,0.7401787275751304,2.0173124025746163
1999-08-26,-0.00851963710328396,0.7253530363213359,1.9638304575616363
1999-08-27,0.000506827632079873,0.7262274929152364,1.9457701572800334
1999-08-30,-0.011153891429979409,0.7069733388758144,1.9020107327885913
1999-08-31,0.006591288968118011,0.7182244934132183,1.9387814969778066
1999-09-01,0.0033892468479990888,0.7240479803616737,1.9486758379051126
1999-09-02,0.0015346681494220777,0.7266938218852104,1.9335460633595276
1999-09-03,0.03154493002612474,0.7811622576731214,2.0734306233952693
1999-09-07,-0.00686569833164533,0.7689333349322256,2.055198802046584
1999-09-08,-0.011554060611850036,0.7484949719620966,2.009649332212814
1999-09-09,0.01371764195198585,0.7724801999423201,2.0719716466396667
1999-09-10,0.005968436679122529,0.7830591357806744,2.107663294865823
1999-09-13,-0.01537311861134457,0.7556479561952765,2.0445073221984384
1999-09-14,0.014184240310059224,0.7805504887058146,2.0927661064792664
1999-09-15,-0.020818433854933507,0.743482216131323,2.0199732241545423
1999-09-16,0.003956766675589843,0.7503807684635948,2.0246198585774433
1999-09-17,0.021118020737417635,0.7873453458303858,2.110483065288018
1999-09-20,0.00022126014455345322,0.7877408141199713,2.1209048409800704
1999-09-21,-0.020392473013728894,0.7512843578124879,2.03303097631558
1999-09-22,0.01370249543822799,0.7752813237364538,2.0823197850149606
1999-09-23,-0.03654650878928294,0.7104009892350698,1.946383202908978
1999-09-24,-0.005317228526144819,0.7013063963039627,1.9421041563924946
1999-09-27,0.006474477282848365,0.7123214659179975,1.9751227101526005
1999-09-28,0.0017414884695573806,0.7153034540070695,1.9770845759006965
1999-09-29,-0.009028840660318577,0.6998162524367455,1.941123223518447
1999-09-30,0.005848634908516962,0.7097578571088115,1.9523050201342738
1999-10-01,-0.0006542784599453506,0.7086391993711829,1.9480750651622958
1999-10-04,0.01771721371300996,0.7389115252248684,2.025895041379837
1999-10-05,0.0005360924916252615,0.7398437426371423,2.030284543871457
1999-10-06,0.01161070947487097,0.7600445628645742,2.104953381741393
1999-10-07,-0.005901932485893881,0.7496568986823828,2.1044630649737117
1999-10-08,0.008493622905516524,0.7645178245938267,2.133104688467009
1999-10-11,0.005668334214040717,0.7745197013502565,2.161942079460956
1999-10-12,-0.009747684284685604,0.7572222435445395,2.0981119960726815
1999-10-13,-0.02291041999145974,0.7169635439265989,2.009428719601226
1999-10-14,5.720199419395329e-05,0.7170617576652698,2.0296592253563865
1999-10-15,-0.02185243656396678,0.6795397745294762,1.9472904984662684
1999-10-18,-0.008494360916023434,0.6652731575118063,1.8961625528800545
1999-10-19,-0.012732923251788913,0.6440693622039444,1.8963340739471368
1999-10-20,0.03993124711371142,0.7097191021781921,2.0238966563120475
1999-10-21,0.004975441142969336,0.7182257089420903,2.0371995668569265
1999-10-22,-0.0017522536521984166,0.7152149416682951,2.0479401382495777
1999-10-25,-0.005151634521754155,0.7063787811625681,2.0458435700927784
1999-10-26,-0.0014764674316286603,0.7038593684661594,2.024031358720752
1999-10-27,-0.006100152019469181,0.6934655672987189,2.0130701747165136
1999-10-28,0.01271516248438428,0.714998257148632,2.1141858848339368
1999-10-29,0.03088394068768157,0.7679641616018875,2.233742055364193
1999-11-01,-0.005297374574574517,0.7585985932034589,2.2078962551982095
1999-11-02,0.006954983999643288,0.770829618280984,2.2209294615869952
1999-11-03,0.010429934379133032,0.7892992549962796,2.2769985908631423
1999-11-04,0.004589841849220891,0.7975118555976415,2.3142596718200386
1999-11-05,0.015546237712035418,0.8254564021949644,2.3787396194956365
1999-11-08,0.007622286890164253,0.8393705545979815,2.41622131306412
1999-11-09,-0.012494992051502769,0.8163876341385115,2.3884013742639145
1999-11-10,0.00791399794455238,0.830762522141594,2.430125295690503
1999-11-11,0.024389921615727332,0.8754146765536386,2.4941271994845464
1999-11-12,-0.001619327670564383,0.8723777656741127,2.542067188064776
1999-11-15,-0.014120858498253487,0.8459381841897524,2.526079209506406
1999-11-16,0.014234700660048939,0.8722145616786479,2.6050148210066997
1999-11-17,-0.007459887237192172,0.858248052164696,2.569997582840119
1999-11-18,0.01709382417146297,0.8900126176353627,2.6825528201820217
1999-11-19,0.00962263176797959,0.9081995130917029,2.7136343533049696
1999-11-22,0.006974878375984276,0.9215089726126298,2.739100292678409
1999-11-23,-0.005755484798202072,0.9104497569311489,2.678004069509445
1999-11-24,0.024701655090522696,0.9576410278946352,2.811329220918694
1999-11-26,0.0017185106042698136,0.961005254760426,2.8212606798430655
1999-11-29,-0.010637853144084709,0.9401443688455062,2.7557994999547337
1999-11-30,-0.018580154011050443,0.9040961876686846,2.6374571477962396
1999-12-01,0.011133831667165636,0.9252960741002796,2.6749388413647237
1999-12-02,0.0206884191171254,0.9651274062058224,2.811267856488063
1999-12-03,0.014405644344264983,0.9934363327107916,2.8896152674703504
1999-12-06,0.0038160797438685813,1.0010434447207412,2.912567659897381
1999-12-07,0.0020868024762410744,1.0052192271362506,2.9297206646216933
1999-12-08,-0.013689519853335427,0.977768738716079,2.8794509230482643
1999-12-09,0.004256211609467086,0.9861865409826434,2.8836686051341163
1999-12-10,0.009476237727066922,1.0050081168152958,2.9275136404897575
1999-12-13,0.00973297087800148,1.0245228024264157,2.9754416555225465
1999-12-14,-0.013837210199376922,0.9965090548558098,2.8833866280918974
1999-12-15,0.035721941579808784,1.0678282346769281,2.9715301969124805
1999-12-16,0.01538709823521723,1.0996461108574582,3.085716231415754
1999-12-17,0.01184910217560463,1.124525032157619,3.119495105438319
1999-12-20,0.005712819347013193,1.136662059864543,3.1564616371281833
1999-12-21,0.018256442585976924,1.1756699080860953,3.3262998221179947
1999-12-22,0.0027881028849655294,1.1817358996335625,3.3676926749578575
1999-12-23,0.00041414514230214564,1.1826394549581818,3.4020109572926094
1999-12-27,0.006554734011439472,1.196946076028306,3.4121016643979365
1999-12-28,-0.0042103953120781945,1.1876960645689079,3.3893453388102417
1999-12-29,0.024758345090067704,1.2418597986876878,3.5238843085912537
1999-12-30,-0.0028539475201634994,1.2354616484746686,3.516515488157796
1999-12-31,0.000506001544116183,1.2365927955206093,3.546138044525141
2000-01-03,0.020960024177468325,1.2834718345898728,3.6475602774570364
2000-01-04,-0.0443885990994763,1.1821117187693173,3.347964758856504
2000-01-05,-0.005917412571763872,1.1691992634516786,3.300282201546241
2000-01-06,-0.03217145808924984,1.0994129602603113,3.096138007107804
2000-01-07,0.03821913945079913,1.179650716953315,3.327611823578766
2000-01-10,0.033036426438374046,1.2516585875252924,3.557883795225406
2000-01-11,-0.017740696699134056,1.2117125954540056,3.3456966696326216
2000-01-12,-0.0157713379021676,1.1768309287686205,3.264516916003327
2000-01-13,0.015013669180632492,1.2095131481953212,3.428739806582316
2000-01-14,0.03624197952069172,1.289590278462915,3.542349314776339
2000-01-18,0.013383382569412567,1.3202327410867918,3.607381242988936
2000-01-19,-0.008351766736269046,1.3008546984593807,3.64797695690796
2000-01-20,-0.0022056190856912464,1.295779889423056,3.7103238171070645
2000-01-21,0.004025065952919126,1.3050205548913691,3.7204022513262656
2000-01-24,-0.023729570323480116,1.250323407537007,3.4886710035853365
2000-01-25,0.019311861000826786,1.2937813403902685,3.609012040150305
2000-01-26,-0.03897303373840559,1.2043857228227135,3.439933876084268
2000-01-27,-0.0044887668421012585,1.1944907492829056,3.405529683546632
2000-01-28,-0.0300857517895096,1.1284678452956052,3.225269722864768
2000-01-31,0.03345411036295868,1.1996738434961332,3.377207155092618
2000-02-01,0.037251768172041684,1.281615583568155,3.5387201325471773
2000-02-02,-0.003964420919438414,1.272570299018541,3.566527798461256
2000-02-03,0.0281783140340747,1.3366074985687968,3.7218735009679937
2000-02-04,0.008852612472490173,1.357292579253941,3.7503313305080823
2000-02-07,0.014715708566572354,1.3919818098563854,3.822633896065125
2000-02-08,0.017015238189356893,1.4326819500957009,3.9813268037588028
2000-02-09,-0.017040916931514858,1.3912268190633243,3.8656940653860525
2000-02-10,0.025999747875800887,1.4533981134728244,4.014713244764012
2000-02-11,-0.02509273107195678,1.3918356543990047,3.866221200812113
2000-02-14,0.007183854495175664,1.4090182537165803,3.8873590021245636
2000-02-15,-0.0017821120061923702,1.4047251133634955,3.90072357643876
2000-02-16,-0.004031907080224147,1.3950294851529326,3.9018760303798903
2000-02-17,0.01668830919120579,1.434998477723219,4.0580922097855385
2000-02-18,-0.027932968604357247,1.3669817416933188,3.8623714059713645
2000-02-22,-0.0022111570039847995,1.3617479734368696,3.866515450740459
2000-02-23,0.04038904752689614,1.4571367245825622,4.112910702031544
2000-02-24,0.009459000993630099,1.480378783301874,4.214627184891785
2000-02-25,-0.006283892023704963,1.4647923508497165,4.123320504176156
2000-02-28,-0.0010756897839285802,1.462140998898402,4.103151063512941
2000-02-29,0.012699950518778882,1.4934100677546684,4.231657760093521
2000-03-01,0.005151624864934045,1.5062551810581906,4.283239203789036
2000-03-02,-0.010114148250568127,1.4809065446032137,4.19158888226187
2000-03-03,0.03128689935185474,1.558526417965572,4.4473642106177
2000-03-06,-0.008801349912039392,1.5360079317018602,4.464909648359368
2000-03-07,-0.01290579143954881,1.5032787422462746,4.383558373662991
2000-03-08,0.006056529357730574,1.518439923439272,4.45080959889365
2000-03-09,0.029787461796427193,1.5934578564453163,4.623173005038624
2000-03-10,0.0010737926323513359,1.596242692383881,4.624276966112622
2000-03-13,-0.014855970389432913,1.5576729878220448,4.427660540949913
2000-03-14,-0.029917852442416418,1.4811529047764305,4.182675773547296
2000-03-15,0.0014198225413504157,1.4846757015991692,4.063768868626991
2000-03-16,0.028612570812176136,1.5557686610564687,4.337579951492171
2000-03-17,0.021201359253125142,1.6099544306074054,4.444397165561987
2000-03-20,-0.008047445657103842,1.588950964159575,4.224558643816153
2000-03-21,0.03579923615593662,1.6816334311216634,4.455284712249468
2000-03-22,0.023378584059082528,1.7443262237067874,4.636108627015771
2000-03-23,0.02508127468572782,1.8131574235508237,4.714345582022921
2000-03-24,0.002590845265849582,1.82044587914372,4.752341838792652
2000-03-27,0.0009335656651027952,1.823078950576769,4.768428299778718
2000-03-28,-0.02158199387507985,1.7621512779565545,4.619654578123286
2000-03-29,-0.018347941819294562,1.7114714870125174,4.411868629230876
2000-03-30,-0.029334901149643225,1.631930738970929,4.211120731523885
2000-03-31,0.02571243730553112,1.699604093089219,4.392152986015649
2000-04-03,-0.05035959160228743,1.5636531334733825,3.998798604183711
2000-04-04,-0.000964457927273493,1.5611805978860245,3.9462604740477136
2000-04-05,-0.007250487267049978,1.5426107905724362,3.9414665649912966
2000-04-06,0.01142709121526786,1.5716654360012319,4.010703902403619
2000-04-07,0.04129535934453855,1.6778632842948324,4.261807152548236
2000-04-10,-0.04135873257299111,1.5671102528526508,3.9022316447388636
2000-04-11,-0.016410291170223818,1.5249832261372718,3.7930481583561546
2000-04-12,-0.05006597845897207,1.3985674703282172,3.4551618337188597
2000-04-13,-0.01716755969067867,1.3573899201092376,3.3572954450380523
2000-04-14,-0.06695844891348396,1.1995427475744411,2.933251663761837
2000-04-17,0.07639557440401462,1.367578079201575,3.3274277302868667
2000-04-18,0.03954614843852893,1.4612066733614877,3.5559222288159917
2000-04-19,-0.034134627562813206,1.3771943002111828,3.393170887217418
2000-04-20,-0.014050946633671457,1.3437924699610475,3.297805473258207
2000-04-24,-0.03275141056259103,1.267029960503844,3.1117338519874993
2000-04-25,0.045226190710388414,1.3695590898437549,3.4403631277599986
2000-04-26,-0.01328064754400062,1.3380898107368573,3.2983203357981408
2000-04-27,0.03174509906124761,1.4123127033927925,3.5274278799562095
2000-04-28,0.00823595964427594,1.43218041346731,3.6262629286249384
2000-05-01,0.018491886862571166,1.4771560185025092,3.695733450873661
2000-05-02,-0.03359914870451005,1.3939256850725714,3.4474131524928584
2000-05-03,-0.013408154661304995,1.361827559239448,3.36753312743821
2000-05-04,-0.005307867281773342,1.3492912920125701,3.378040813333147
2000-05-05,0.027202247144443196,1.4131972943521847,3.5222660836546886
2000-05-08,-0.037811540474147504,1.3219505871846837,3.3178030935156535
2000-05-09,-0.008102298681808588,1.3031374500029127,3.2242031791265173
2000-05-10,-0.040021921033446616,1.2109614648497224,2.978335063261492
2000-05-11,0.03162501407160296,1.280883152287367,3.146113498752883
2000-05-12,0.0035985199294463473,1.2890909557676116,3.1763733471827393
2000-05-15,0.01738867529553119,1.3288952151193918,3.3061674994518384
2000-05-16,0.021275639937167527,1.3784439511676645,3.471419815772008
2000-05-17,-0.017243952594990522,1.3374301764238874,3.3532370111331566
2000-05-18,-0.023418308620427562,1.2826915151736924,3.201017901201773
2000-05-19,-0.03427744141451655,1.2044466904949118,2.9978420674125714
2000-05-22,-0.004151718372377377,1.1952944486690575,3.00283234264701
2000-05-23,-0.04785874287831029,1.0902304161080232,2.7069887351369015
2000-05-24,0.03496100007834328,1.1633069618493312,2.8993503602166943
2000-05-25,-0.015726644686957354,1.1292854019115057,2.8000001496693456
2000-05-26,0.0029052567251491453,1.135471522645171,2.802648399024458
2000-05-30,0.06314239001278134,1.2703102983892207,3.1859123730897547
2000-05-31,-0.01983596165061486,1.2252765103753762,3.0756255243104205
2000-06-01,0.04022619941078953,1.3147909270258817,3.3145905907374162
2000-06-02,0.03464650375388329,1.3949903395685386,3.604794058725763
2000-06-05,-0.007853702661961986,1.376180797563296,3.5737005520553744
2000-06-06,-0.011956843280535942,1.3477691761606128,3.470721159278866
2000-06-07,0.01165052612250954,1.3751219222770947,3.5806892123576013
2000-06-08,-0.00183312692254837,1.370768022337034,3.545500453123938
2000-06-09,0.006274293245882356,1.385642916127137,3.610421925361398
2000-06-12,-0.02030680095818789,1.337198140272032,3.4610348587383344
2000-06-13,0.025553328023251547,1.396921331005737,3.617226791710416
2000-06-14,-0.013853246031890967,1.3637161900882266,3.5089383279988704
2000-06-15,0.013208817735304704,1.394938086421091,3.600306672483817
2000-06-16,0.0027846188103006343,1.4016070760660448,3.6436491181856505
2000-06-19,0.030733090538108732,1.475415883771745,3.823075121288296
2000-06-20,0.0005514404150291546,1.4767809281340618,3.823234668807938
2000-06-21,0.013995896077110775,1.511445696609996,3.867582293817386
2000-06-22,-0.024476779185815645,1.4499735948569064,3.6641861467552825
2000-06-23,-0.020960611248182888,1.3986206507667975,3.518514172564264
2000-06-26,0.01430302392652601,1.4329281793253745,3.624141814695885
2000-06-27,-0.009083810654531158,1.4108279204083098,3.5353115629296
2000-06-28,0.011135088811292191,1.4376727034107994,3.62366377081433
2000-06-29,-0.01479802753925489,1.4015999556140364,3.494642211693817
2000-06-30,0.019432988902193846,1.4482702208989933,3.6147500634223864
2000-07-03,0.006551481314422783,1.4643100175038706,3.665007532109689
2000-07-05,-0.030556278761597756,1.3890098736540244,3.4749879329092224
2000-07-06,0.02592457305133753,1.4509439346439348,3.651152641027812
2000-07-07,0.01145627011802616,1.4790226104033533,3.7097475901364936
2000-07-10,-0.014037461386454952,1.4442234262336675,3.625061383139302
2000-07-11,-0.007164685871670495,1.426711333184525,3.591135533821906
2000-07-12,0.017486985080843884,1.4691471980634376,3.7831292716565947
2000-07-13,0.00689451639440841,1.4861707739006933,3.8512384015613526
2000-07-14,0.01353108773626522,1.5198113687696821,3.954818567080679
2000-07-17,0.004415643100354303,1.5309379564543844,3.980235414909613
2000-07-18,-0.015691187773048444,1.4912245337377232,3.8564983809518836
2000-07-19,-0.023098942535667303,1.433679881389471,3.7130702495511807
2000-07-20,0.027331873838952116,1.5001969128720036,3.8987985293490377
2000-07-21,-0.02124189319740963,1.447087997076283,3.792484204271715
2000-07-24,-0.0102165790157448,1.4220871291956727,3.647646187659915
2000-07-25,0.009582269540316738,1.4452962209177573,3.739320755620648
2000-07-26,-0.0058750584360219285,1.430929962726482,3.681596582749563
2000-07-27,-0.014825171070799786,1.3948910101679286,3.514014214097508
2000-07-28,-0.03762638479954564,1.3047799194663776,3.2634994638095813
2000-07-31,0.023147120421934692,1.3581289378083228,3.4253926013953704
2000-08-01,-0.01700660550987583,1.318025169221594,3.3172511129786546
2000-08-02,-0.010982069420273568,1.2925684558952613,3.279475468820511
2000-08-03,0.02356834692518784,1.3466005046135434,3.442741672959018
2000-08-04,0.0014679172140540154,1.3500451198887733,3.4367704648505324
2000-08-07,0.010100416563045988,1.3737815545416034,3.5492766106479303
2000-08-08,0.0015587458608173573,1.3774816767142295,3.51982617402504
2000-08-09,0.01102388939676357,1.403690771761159,3.528004106926776
2000-08-10,-0.025243159157985095,1.343014023043012,3.408030957606911
2000-08-11,0.012283772360493822,1.3717950739395173,3.468624591122068
2000-08-14,0.015534932885263086,1.4086407512307648,3.560581435463707
2000-08-15,-0.0014017198347397665,1.4052645117150022,3.5642719821234987
2000-08-16,-0.002808582613772509,1.3985091276258754,3.5625920934176225
2000-08-17,0.01893691899740256,1.443929500690257,3.69665301931708
2000-08-18,-0.004151985617791867,1.433782340552494,3.6683547372966334
2000-08-21,0.009960745676210976,1.4580246274779909,3.693011564201793
2000-08-22,0.0030215695721725203,1.4654517199000288,3.6933423334498316
2000-08-23,0.015267664843095512,1.5030934104462959,3.777979448902518
2000-08-24,0.006025740707167967,1.518176402303466,3.8425333332335603
2000-08-25,-0.008146946846936245,1.4976609530026903,3.8200712575742104
2000-08-28,0.010387327601813573,1.5236049755597874,3.848259083619519
2000-08-29,0.005562629611371331,1.5376428553242403,3.8454390138586376
2000-08-30,-0.0007773610571423968,1.5356701905915755,3.8660251339727756
2000-08-31,0.017600957509018772,1.5803004138730636,3.9994975600155405
2000-09-01,0.002212320104617827,1.5860088643546288,4.026115653991424
2000-09-05,-0.023753249597865983,1.5245827503373195,3.8884626638598716
2000-09-06,-0.024691473085770056,1.4622470833045664,3.705272476780676
2000-09-07,0.020396413610356018,1.512468093226539,3.847180266995145
2000-09-08,-0.024781662296258708,1.4502049574100742,3.6756253746410783
2000-09-11,-0.020769350927452617,1.3993157908054403,3.544801497292111
2000-09-12,-0.01223338379887584,1.3699640398818143,3.495917394496213
2000-09-13,0.0070798325266235715,1.3867429883782973,3.587726964204336
2000-09-14,-0.002908236579068918,1.3798017751146592,3.582417893269299
2000-09-15,-0.007950032862171606,1.3608822727970433,3.507516169901649
2000-09-18,-0.017733793083143223,1.3190148750775994,3.3961747509315083
2000-09-19,0.03567510050356072,1.401745963815245,3.6056890813969282
2000-09-20,0.015410770395900737,1.438758719412883,3.647437548595769
2000-09-21,-0.014881301673985284,1.4024668151992379,3.5587910907826927
2000-09-22,-0.03070777524909228,1.328692404194697,3.537984358056967
2000-09-25,-0.021409408801021816,1.2788364765414584,3.44102526493345
2000-09-26,-0.007759462117594507,1.2611539312295426,3.3925823873607275
2000-09-27,-0.0008175669930423806,1.2593052864091812,3.379475244316498
2000-09-28,0.02199021533887977,1.3089878961735884,3.5673737295879118
2000-09-29,-0.040554878658199504,1.215347172221017,3.377893838038317
2000-10-02,-0.01238055818965202,1.1879199376450535,3.239786751120091
2000-10-03,-0.024037394952789427,1.1353280419787968,3.1115009664897855
2000-10-04,0.013826596887059443,1.1648523620368714,3.2341346380508895
2000-10-05,-0.003027752098721553,1.158297725754292,3.1985289000276174
2000-10-06,-0.018397370334099133,1.1185907232023462,3.06074060880999
2000-10-09,-0.013107220110004581,1.0908218882703196,3.069274156070705
2000-10-10,-0.018798341652703568,1.0515179040796632,2.9091345445075505
2000-10-11,-0.01319757379281078,1.0244428451532994,2.801532763741707
2000-10-12,-0.009646214787903628,1.0049146346431161,2.6837298198953996
2000-10-13,0.061169660694313295,1.1275545825652986,3.0188451663163196
2000-10-16,-0.024199363510169245,1.0760691158340747,2.984134450964211
2000-10-17,-0.007807386966269295,1.0598604408780377,2.889394355520071
2000-10-18,0.001988387282638639,1.06395624118269,2.849080618643266
2000-10-19,0.08731058051412983,1.2441614587561118,3.1723271861639715
2000-10-20,0.01574319885295462,1.2794917388594458,3.238119434639028
2000-10-23,-0.017679209998343555,1.2391921257186604,3.195684284494485
2000-10-24,-0.014094227210674761,1.2076324431304277,3.1114027834007763
2000-10-25,-0.043561858337044825,1.111463871382516,2.8102135856359376
2000-10-26,0.028193410281829683,1.170993238603664,2.8832025347999966
2000-10-27,0.004928537494829409,1.1816930601811433,2.893146266610494
2000-10-30,-0.030565465897195398,1.1150085953520286,2.777673075757386
2000-10-31,0.04015504561282928,1.1999368619699151,3.0243993956351956
2000-11-01,-0.008999485740582892,1.1801385615504345,2.9544753752771715
2000-11-02,0.02004836270571195,1.2238467701811069,3.0564983809518846
2000-11-03,-0.00047747043989471513,1.22278494908549,3.072964702730495
2000-11-06,-0.009352768243794782,1.201995756600898,3.0344164654237646
2000-11-07,0.004865538449899197,1.2127096516211546,3.0210521904482546
2000-11-08,-0.04874919558559057,1.1048418360401508,2.7507236138560907
2000-11-09,0.005336319039554118,1.1160739436050617,2.7482346126819346
2000-11-10,-0.04100197580116095,1.0293107309759,2.543722530998394
2000-11-13,-0.002553566535122467,1.0241287510039148,2.477955127634276
2000-11-14,0.05240151113717834,1.1301961562927292,2.726704378352128
2000-11-15,0.006815766810791123,1.144715076555264,2.7723149132778437
2000-11-16,-0.022997469685670357,1.0953920565977842,2.586512996163229
2000-11-17,0.017274194946619897,1.1315882674730533,2.5983449564050654
2000-11-20,-0.03578731076298879,1.055304455726254,2.42374938167853
2000-11-21,0.016440862004505452,1.0890954326600943,2.416540108764715
2000-11-22,-0.025162928786817963,1.0365276730592017,2.27151799886102
2000-11-24,0.04066228817149215,1.1193375481703534,2.4699487157996236
2000-11-27,-0.006835633468495777,1.10485053349504,2.395439126110644
2000-11-28,-0.036597310046815004,1.027818665918518,2.213720188673177
2000-11-29,-0.006107077506745743,1.0154346201561277,2.191331750330585
2000-11-30,-0.04712816877397282,0.9204508772245019,2.0732468294420583
2000-12-01,-0.011667278706455723,0.8980444415978663,2.1262139119151047
2000-12-04,-0.00432254082762331,0.8898400670064162,2.131927389414938
2000-12-05,0.02001384299009115,0.9276630293838659,2.4978791105749654
2000-12-06,0.032663474071259274,0.990627200762271,2.36402652440097
2000-12-07,-0.02815979090822307,0.9345715550125839,2.3348577654816127
2000-12-08,0.0427832678099194,1.0173388479481393,2.5500122354687935
2000-12-11,0.040448103833136975,1.0989363791365667,2.6450588537274053
2000-12-12,-0.01677183849651663,1.0637333571712246,2.510556702604773
2000-12-13,-0.0356386959080358,0.9901845916197296,2.370377593302
2000-12-14,-0.020457063973021494,0.9494712581108431,2.235973625268378
2000-12-15,-0.03716129552304346,0.8770263805745067,2.1180605247856192
2000-12-18,-0.007876536819106428,0.8622419131774777,2.1180605247856192
2000-12-19,-0.03974478252238064,0.7882275133341767,1.9421652214844376
2000-12-20,-0.057522245948817274,0.6853646504997264,1.710054112950965
2000-12-21,0.020009986070869214,0.7190887736805611,1.7278569819626006
2000-12-22,0.05610438793535119,0.8155371971344423,1.9870770999170104
2000-12-26,-0.00609219140845542,0.8044765970203287,1.9482591584541873
2000-12-27,0.005974026881082234,0.8152565887172118,2.016441925675703
2000-12-28,0.0035764943021531557,0.821748843563705,2.0218491796997506
2000-12-29,-0.028721271484073163,0.7694259004519155,1.8711378387297883
2001-01-02,-0.0764357940043036,0.6341784268190935,1.610078583888546
2001-01-03,0.15708670392691018,0.8908861295165682,2.100024470937583
2001-01-04,-0.008947616067282439,0.8739672064027042,2.0162335859502414
2001-01-05,-0.07703407110920417,0.7296078833683617,1.7805911789379332
2001-01-08,0.035867927930680076,0.7916453342773544,1.7973762964171427
2001-01-09,0.014891594987302713,0.8183257909563033,1.83398721374803
2001-01-10,-0.007273221263425389,0.805100705149685,1.9594286821838884
2001-01-11,0.04878927362432338,0.8931702573726921,2.0950099492695795
2001-01-12,-0.012213333815894805,0.8700483370490759,2.0726460566992406
2001-01-16,-0.006829970808281044,0.8572759614969561,2.02932815676966
2001-01-17,0.011634314523002462,0.8788840941890235,2.137162823033217
2001-01-18,0.03791989959988925,0.9501311904005001,2.27423988553289
2001-01-19,0.020465332875479504,0.9900412743629017,2.256216403909666
2001-01-22,-0.004746459203234394,0.9805956246413856,2.240718442780291
2001-01-23,0.018079505992063847,1.0164038151049448,2.3472904984662666
2001-01-24,-0.003369012240486157,1.0096105259700932,2.3428764502023935
2001-01-25,-0.032027182626383065,0.9452483626469472,2.1827491115253657
2001-01-26,0.02547586705937322,0.9948052513312045,2.2268024866064677
2001-01-29,0.002885499752882443,1.0005612613909691,2.303739713038972
2001-01-30,-0.0005206034867487106,0.9995197622228345,2.2934526397556234
2001-01-31,-0.021017917459917032,0.9574940209009621,2.179254631704909
2001-02-01,-0.020536783517437273,0.9172933899570412,2.1966159761546833
2001-02-02,-0.027064251259627255,0.8654032799128213,2.031118202111987
2001-02-05,0.00387610905250805,0.8726337864526696,2.02513502045606
2001-02-06,-0.011688231449320182,0.850746009336794,2.032417930686633
2001-02-07,0.009018671509324356,0.8674372796421954,1.954462952721702
2001-02-08,-0.018032469866878776,0.8337627731687614,1.8882662976818487
2001-02-09,-0.06641881230679456,0.7119664277224782,1.773136448301592
2001-02-12,0.008358005920485195,0.7262750532610547,1.8037764568626784
2001-02-13,-0.03715397539172516,0.6621370724128444,1.7076998141855126
2001-02-14,0.04649466021372657,0.7394175708233179,1.8271458280793178
2001-02-15,-0.014958693614945107,0.7133981563129199,1.9071114639981643
2001-02-16,-0.018016641851899873,0.6825284753809244,1.7127391809644563
2001-02-20,-0.05354633545844206,0.5924352412197964,1.5687961870238194
2001-02-21,-0.013156339145650467,0.5714846231188231,1.5239579459080042
2001-02-22,-0.02023081966752345,0.5396922010982201,1.49193244823873
2001-02-23,0.020343267416323602,0.5710145712839889,1.5209172635355355
2001-02-26,0.002552723938484107,0.5750249377878129,1.5718979344882333
2001-02-27,-0.019522682367459507,0.5442762262065539,1.4086808218942313
2001-02-28,-0.022442043900744096,0.509619511343151,1.339774403399291
2001-03-01,0.025079265838464846,0.5474796603830594,1.4129721412968408
2001-03-02,-0.03933795068391336,0.4866049818185516,1.306694485208554
2001-03-05,0.03372491686403995,0.5367406112400497,1.3500246580242607
2001-03-06,0.014588309840972705,0.5591590594220253,1.4231364857189264
2001-03-07,0.04134011706133074,0.6236148774557662,1.447560127787686
2001-03-08,-0.006490419586797554,0.6130769356537114,1.3763488014104848
2001-03-09,-0.055923145953528985,0.5228685987468775,1.2229279963241217
2001-03-12,-0.0492840464279814,0.4478154720225216,1.060618029618067
2001-03-13,0.08780312531960179,0.5749381953521735,1.1943354643753294
2001-03-14,-0.014841952337399872,0.5515630377224061,1.1396886428657496
2001-03-15,-0.0367116998137866,0.4946025212393743,1.0818049224750226
2001-03-16,0.0025594898552782214,0.49842794123016,1.0199976202574468
2001-03-19,0.013229239140866643,0.5182510028000502,1.1217018302315616
2001-03-20,-0.04511935157573673,0.4497485020244998,0.9794875172026207
2001-03-21,-0.0028234237184414914,0.4456552477181088,0.9679255604555641
2001-03-22,0.052505366085500556,0.5215599057329732,1.0866847417343237
2001-03-23,0.008918853622491622,0.5351304758100577,1.0905101404721624
2001-03-26,-0.009238647558869844,0.5209479463871685,1.0560324602871112
2001-03-27,0.021678215001800727,0.5539193829754967,1.1280407759158084
2001-03-28,-0.0520986471583751,0.4729622853292963,0.9644678992934863
2001-03-29,-0.01581785981243043,0.44966317439096026,0.9165523068161667
2001-03-30,-0.00020494942143039634,0.4493660667621,0.9289480714730984
2001-04-02,-0.009338011776546102,0.43583186936214924,0.8594654260075931
2001-04-03,-0.045654696325757554,0.37027940139157556,0.715363034216657
2001-04-04,-0.022131688352462247,0.33995280472417866,0.6806645917506751
2001-04-05,0.06728030523867341,0.4301052384314381,0.8624939851632782
2001-04-06,-0.03544941445134573,0.37940884512524153,0.7755763579312407
2001-04-09,0.01314763436204461,0.39754480825671856,0.8161108570889766
2001-04-10,0.04879917001171044,0.46574383495382166,0.9591344322555397
2001-04-11,0.034721241580223015,0.5166362807419758,1.0198136766348944
2001-04-12,0.027165653768641787,0.5578366968375728,1.1018760303798834
2001-04-16,-0.027654470446976304,0.514755547943663,1.0233080067860083
2001-04-17,0.006702970912895461,0.5249089103216762,1.049423810446771
2001-04-18,0.07837117816857897,0.64441781822335,1.2447156619238955
2001-04-19,0.04397919804154211,0.7167379951140351,1.3948995681291114
2001-04-20,-0.003979391566994254,0.7099064224135399,1.3707332076609755
2001-04-23,-0.04226874561315454,0.6376308228222427,1.2215425072159336
2001-04-24,-0.02186720088601827,0.6018204206424533,1.1606302276695213
2001-04-25,0.015897241210087464,0.6272849462446501,1.2245340980438968
2001-04-26,-0.019752954779100575,0.5951412602887685,1.162003443891583
2001-04-27,0.007808656807466325,0.6075971709497927,1.2198014037487686
2001-04-30,0.016296968651013304,0.633796131648219,1.274583227005738
2001-05-01,0.020699298994031994,0.6676145662724984,1.352881396774177
2001-05-02,0.016440131359094192,0.6950303687983572,1.406106060186533
2001-05-03,-0.030142574272855088,0.6439377900121079,1.3023542239307808
2001-05-04,0.02053670199581646,0.6776988505052477,1.3591467051416655
2001-05-07,-0.00031384858554790734,0.6771723070940412,1.3239456730218762
2001-05-08,0.016806749838685384,0.7053601224957418,1.3654242863952812
2001-05-09,-0.022999158349995923,0.6661382749946938,1.300882824619709
2001-05-10,-0.014362361318295814,0.6422085950829779,1.2539480153470945
2001-05-11,-0.007602509308017323,0.6297236889531534,1.2329573389988169
2001-05-14,-0.007406379559008121,0.6176533367364594,1.2009074452266333
2001-05-15,-0.004847862495413559,0.609811175794714,1.2033840238453197
2001-05-16,0.03101516180012326,0.6597397298796339,1.3289235257008456
2001-05-17,-0.0009165527036991172,0.6582184909427757,1.3603973421718067
2001-05-18,0.0016108937720663242,0.6608897047825606,1.3635237850778168
2001-05-21,0.04016001702104209,0.7275910635967018,1.5166382170190507
2001-05-22,0.0063802970855165305,0.7386136078247321,1.504818679332684
2001-05-23,-0.023224039313420406,0.6982359770457627,1.400147274633516
2001-05-24,0.01850430440039262,0.7296606525087155,1.45631443732933
2001-05-25,-0.014722054618194168,0.7041964939115408,1.4040461610187691
2001-05-29,-0.025229074774595243,0.6612011931360435,1.2971187903125019
2001-05-30,-0.032334223637196624,0.6074875422508048,1.1812163477836588
2001-05-31,0.00939024335217242,0.6225822414581255,1.2068294121212708
2001-06-01,0.01856784348688886,0.6527100945621251,1.2570255163779418
2001-06-04,0.002856494550002913,0.6574310519399766,1.2545856067482912
2001-06-05,0.03082581027687341,0.7085227070940772,1.3588770009855726
2001-06-06,-0.005744424681212799,0.6987082270870333,1.3342815385110445
2001-06-07,0.02509602624164571,0.741339053330909,1.4071972993663748
2001-06-08,-0.0205397472349368,0.705572389325168,1.3249387291127075
2001-06-11,-0.016119383364546498,0.67807961412565,1.2639775076911328
2001-06-12,-0.0014226044636167412,0.6756923705762905,1.2707578282678984
2001-06-13,-0.024959317891779246,0.6338682320102476,1.1949607828903988
2001-06-14,-0.029397146368647254,0.5858371684467594,1.0983203357981375
2001-06-15,-0.010804153770708041,0.5687035398235563,1.086231093955678
2001-06-18,-0.007210580275242128,0.557392277021602,1.0432688083850747
2001-06-19,0.0007963893567496966,0.5586325676553063,1.0548063690292215
2001-06-20,0.017209663040260555,0.5854561089482302,1.1107897377718272
2001-06-21,0.012511262006180588,0.6052921657265813,1.1471554967188733
2001-06-22,-0.004250342383440737,0.5984691243967883,1.118035829344021
2001-06-25,-0.02581419687561252,0.5572059277200216,1.1381805745656401
2001-06-26,0.06817039960993845,0.6633612780876605,1.147645963155897
2001-06-27,-0.0005622819993278716,0.662425999982613,1.153040794624475
2001-06-28,0.01813023126916572,0.692566167830172,1.2179254482035553
2001-06-29,0.00011182159996068038,0.6927554332870982,1.243979887433686
2001-07-02,0.002401932264365375,0.6968213171779902,1.243979887433686
2001-07-03,-0.016470556098154537,0.6688737264848656,1.234134488381542
2001-07-05,-0.026398448774158586,0.6248180489057158,1.1468857925627796
2001-07-06,-0.03171020639557027,0.5732947332196676,1.0458435700927713
2001-07-09,0.012309153501723718,0.592660659594322,1.0807382290674314
2001-07-10,-0.06935255361927016,0.48220557580250456,0.9923369296381954
2001-07-11,0.012287149042536865,0.5004176566240692,1.0127024371407454
2001-07-12,0.05323941577751335,0.5802990160850003,1.1458190991551898
2001-07-13,0.0023924845855518716,0.5840798571215464,1.147020644640826
2001-07-16,-0.0231474709835382,0.547412414593218,1.066871065099428
2001-07-17,0.03767771339221398,0.6057153760498151,1.120586194948808
2001-07-18,0.0016180368614432381,0.6083134827172496,1.0437347290498455
2001-07-19,0.019628626038210025,0.6398824666217175,1.0793159213008647
2001-07-20,-0.03207801234409441,0.587278296614562,1.0554929023055801
2001-07-23,-0.019382221179775748,0.5565133175957209,0.9984429898247285
2001-07-24,-0.00712140141537885,0.5454287614527387,0.9677047981746314
2001-07-25,0.03404951634572817,0.5980498633269822,0.9959048971060669
2001-07-26,0.008155872035992216,0.6110833535194118,1.051728867998373
2001-07-27,-0.002490357305141373,0.6070711803207831,1.063732349307291
2001-07-30,-0.04481159418262043,0.5350557587656635,1.0476092193321884
2001-07-31,0.007954580845938823,0.5472664839017891,1.064259484733351
2001-08-01,0.01759370352538562,0.5744886316943232,1.120561649176555
2001-08-02,0.012193700565566162,0.5936874746130918,1.1474374737610917
2001-08-03,-0.008663192563932717,0.579881053133791,1.1161109319236462
2001-08-06,-0.016445207045609058,0.553899582107571,1.0878371956754527
2001-08-07,-0.00026086444087318114,0.5534942249619115,1.0799044211575564
2001-08-08,-0.02893858075162278,0.5085383068856715,0.9938695437105562
2001-08-09,0.0011282953025011414,0.5102403835709737,0.9972046256807134
2001-08-10,-0.0024881745520005565,0.5064826418811688,0.9831412452040316
2001-08-13,0.012703613835246695,0.5256204156131294,1.0270599178764304
2001-08-14,-0.012103327671653187,0.5071553318203998,0.9984673859276383
2001-08-15,-0.01966148076039235,0.47752242626089036,0.9274522760591155
2001-08-16,0.003765093835339662,0.4830854368395814,0.9396518242073693
2001-08-17,-0.035589556948217346,0.43030308322610744,0.859465426007592
2001-08-20,0.008296481275855975,0.4421695659748919,0.8832638992306239
2001-08-21,-0.026337665303267154,0.40418618663568706,0.8155223572322838
2001-08-22,0.016890946503943665,0.4279042203957273,0.858030995024242
2001-08-23,-0.007746593482639591,0.4168428268681761,0.8354340672868457
2001-08-24,0.04070021429247811,0.47450863354047135,0.9367582667990733
2001-08-27,-0.0007186228909323572,0.4734490178835318,0.9351765611822074
2001-08-28,0.009689093362662856,0.487725402982929,0.8713831467829689
2001-08-29,-0.009330238908191468,0.47384456954331267,0.8388426369044182
2001-08-30,-0.029670312737953463,0.43011514023782804,0.7826141097779724
2001-08-31,0.006799425798827161,0.4398391020176544,0.8019862618510052
2001-09-04,-0.02273393102922078,0.4071058991792098,0.7461010761974105
2001-09-05,0.0009206271902426561,0.408401319129545,0.7352870171573447
2001-09-06,-0.02737140624368238,0.3698513944695121,0.6695561331129198
2001-09-07,-0.004253763488946243,0.36402437062243553,0.6604586317677665
2001-09-10,0.010895881114128942,0.378886618001512,0.6740927605687133
2001-09-17,-0.0514815867652556,0.3078993469374174,0.5359244588891987
2001-09-18,-0.028484298821519122,0.27064475111078234,0.5015204160209055
2001-09-19,-0.01596004331096447,0.2503652058502046,0.481400216571539
2001-09-20,-0.02883388175493129,0.21431232335423944,0.42995347528472694
2001-09-21,0.04439074987826561,0.2682165579743532,0.3817434832097186
2001-09-24,0.038314209219401874,0.3168072725120923,0.4602992339174674
2001-09-25,-0.06595134593710547,0.2299620605501509,0.45631443732932975
2001-09-26,-0.018827495452798788,0.2068049554480278,0.4020108076232578
2001-09-27,-0.006607753750313399,0.19883068547776928,0.40297946761117953
2001-09-28,0.0151179129686388,0.21695450344495582,0.43252823699242393
2001-10-01,-0.00696965894601917,0.20847274560312234,0.41152528775802
2001-10-02,-0.0001947928925137608,0.20823734370148217,0.4214934156714274
2001-10-03,0.05620102126133729,0.27614151634359096,0.5318907204258985
2001-10-04,0.004289104238592011,0.28161502033038355,0.5456842470771441
2001-10-05,0.013195950672562488,0.2985271489198784,0.5592570114474591
2001-10-08,0.0049107954499824505,0.304903950134473,0.5689431623186469
2001-10-09,-0.027801641530937175,0.2686254782805304,0.5259442077590077
2001-10-10,0.03236254684974741,0.3096814297561674,0.5996568081964913
2001-10-11,0.04076805925746397,0.36307459989286706,0.7041074506147287
2001-10-12,0.006869210331117201,0.3724378460165345,0.7089749969879036
2001-10-15,-0.004415859292702188,0.36637735360054635,0.6906818112085866
2001-10-16,0.015743297132621525,0.3878886382735647,0.7224253318356413
2001-10-17,-0.03708883506626174,0.336413465478298,0.6120648457395492
2001-10-18,0.010042495297352605,0.3498343914206825,0.631105929225857
2001-10-19,0.009284443635940639,0.36236685274568226,0.6522682763105603
2001-10-22,0.022480018894753248,0.3929928853369906,0.6957699701933497
2001-10-23,0.03759812728725281,0.4453668091501284,0.6969839382344549
2001-10-24,0.015102257792250514,0.4671951113062762,0.746799882359896
2001-10-25,0.04180429381587815,0.5285301668245439,0.8134503348477371
2001-10-26,-0.010987843314690233,0.5117349168496985,0.7838402010358609
2001-10-29,-0.03715906306672032,0.45556026373431724,0.6853604673874236
2001-10-30,-0.01152195478136324,0.43878936419402126,0.6457332637869779
2001-10-31,0.006033124957531448,0.4474697602157709,0.673344862861722
2001-11-01,0.012417055609249413,0.465443072721077,0.7461378948557893
2001-11-02,0.0007447978384643736,0.46653453155403235,0.7481364295929211
2001-11-05,0.022663461709297276,0.49977128075526944,0.8148724929449604
2001-11-06,0.02100970042383015,0.5312810260682017,0.8674472920699932
2001-11-07,0.0029040605338950067,0.5357279588623087,0.8693846120458366
2001-11-08,-0.0029569301000754037,0.5311869186352214,0.8521334242325131
2001-11-09,0.0011407126268246578,0.5329335628873373,0.857479164156586
2001-11-12,0.008068384765878936,0.545301860693242,0.8743870104970584
2001-11-13,0.02135977730163962,0.5783091643014591,0.938156028793387
2001-11-14,0.00389286882236547,0.5844533148392217,0.944445882933129
2001-11-15,-0.002952199520232138,0.5797756925233231,0.9403874490282333
2001-11-16,-0.0029059690897423503,0.5751849131921238,0.939848040716047
2001-11-19,-0.006927833281656843,0.5642722947257477,0.983300643054331
2001-11-20,-0.025144093144279418,0.5249400864441478,0.9000735624820853
2001-11-21,0.00021150981839526247,0.5252626262448952,0.9029059051290924
2001-11-23,0.011577178620898234,0.5429208641127128,0.9341221406607441
2001-11-26,0.017239296730700966,0.5695197347211414,0.9858387357729921
2001-11-27,-0.0048451465073944995,0.5619151816601704,0.9738475273502001
2001-11-28,-0.020158567307915515,0.5304292093414187,0.9090609071907874
2001-11-29,0.0195978913424282,0.56042239469337,0.9608878086088295
2001-11-30,0.0009078817925958544,0.5618390737742709,0.9569030120206918
2001-12-03,-0.009101287636112053,0.5476243271225325,0.9219471382847428
2001-12-04,0.023421384081696063,0.5838718309022459,1.003764183976548
2001-12-05,0.03813684001058883,0.6442756975146433,1.1099927485203294
2001-12-06,-0.00042166564225346823,0.6435823629466091,1.1063879623940789
2001-12-07,-0.01621396857257013,0.616933370167362,1.0523541865134431
2001-12-10,-0.03165371504066552,0.5657514220283415,1.0173614941191156
2001-12-11,0.004234529163030727,0.5723816420869774,1.0368686479395377
2001-12-12,-0.029108416343748333,0.526612102597843,1.0475110362431779
2001-12-13,-0.021611762869791752,0.4936193238423443,0.9640878888315969
2001-12-14,-0.014749585270471738,0.47158905826370723,0.9686980039348052
2001-12-17,0.015187337889591068,0.49393857852618317,1.0112064920574202
2001-12-18,0.0034631182145867753,0.4991122644289512,1.0324670222311338
2001-12-19,-0.010346187328566382,0.48360216811461787,0.9969224989691505
2001-12-20,-0.031642401574541706,0.43665743253427447,0.9094654634249268
2001-12-21,0.008214872336414797,0.44845938993370504,0.9351030735347914
2001-12-24,0.019381350128004217,0.47653248851620567,0.9339260738214084
2001-12-26,-0.01673081603056156,0.45182889508769364,0.950514974791939
2001-12-27,0.005558879587569022,0.45989943709723935,0.9696910600256365
2001-12-28,0.0012389075606844008,0.461708117547698,0.987653326887572
2001-12-31,-0.020387726992971148,0.4319072115037257,0.93360727812081
2002-01-02,0.021956689242372946,0.4633471531706259,0.974485118751397
2002-01-03,0.036477167935874,0.5167259130253139,1.0434772977798783
2002-01-04,0.0035815502780812123,0.5221581431408826,1.0537396756216313
2002-01-07,0.022159485559315576,0.5558883845328078,1.0228420861212353
2002-01-08,0.008027308735173494,0.5683779809529228,1.0433791146908677
2002-01-09,-0.0024638882914093715,0.5645136728091484,1.027660690619248
2002-01-10,-0.001248043923238773,0.5625610910269752,1.031240930973246
2002-01-11,-0.011276364107767497,0.5449410832239245,1.0036416047846282
2002-01-14,-0.006576812918244688,0.5347802947498506,0.9663561277248225
2002-01-15,-0.02518057638216387,0.496133642308062,0.9770230618007154
2002-01-16,-0.02520863273437876,0.45841815879756953,0.9114517252759329
2002-01-17,0.021414955621481394,0.48965011894578203,0.9645904784854047
2002-01-18,-0.027402981016605953,0.4488292650149259,0.8982589713675049
2002-01-22,-0.02282054054658184,0.4157661980275784,0.8413193651924471
2002-01-23,0.020358179938145912,0.4445886210373684,0.8994727897392671
2002-01-24,0.009465246802051139,0.4582620088629217,0.9189922164458155
2002-01-25,-0.0007282689652631088,0.4572000018986446,0.9105689754908952
2002-01-28,0.0055751432676781195,0.4653241006788904,0.9186611478590909
2002-01-29,-0.023618918359415056,0.4307147303748724,0.8628371769667849
2002-01-30,0.01466824159755085,0.4517007996971858,0.8868808085736575
2002-01-31,0.013852347372845217,0.4718102634560284,0.9006499391219933
2002-02-01,-0.01367198791828564,0.4516876913160488,0.8736513856761936
2002-02-04,-0.02185601618398636,0.41995958164055147,0.8135974598119093
2002-02-05,-0.003903481887265652,0.41441679513296825,0.7935998395544632
2002-02-06,-0.0068703678630194645,0.40469923143877184,0.7728788673622788
2002-02-07,-0.019026289507026842,0.37797301719111953,0.7335213679179262
2002-02-08,0.009218529443450654,0.39067590202237623,0.7804929958489197
2002-02-11,0.020411741085633088,0.4190620184684861,0.8117215042666976
2002-02-12,-0.10553677225481993,0.2692987934099125,0.7959294428783199
2002-02-13,0.04444730066417212,0.32571569851327387,0.8228911776657408
2002-02-14,-0.003211456326963988,0.3214582204455281,0.8081289910265734
2002-02-15,-0.02133258173620585,0.2932681049468926,0.7615252503406837
2002-02-19,-0.02166586197118044,0.2652483366933831,0.7009196432780869
2002-02-20,0.011157521827699786,0.2793653726275005,0.7266552868076195
2002-02-21,-0.04026344060241322,0.22785372093792877,0.6530775384481826
2002-02-22,0.002684941651286747,0.2311504365349626,0.6627759622054967
2002-02-25,0.07957888756791978,0.32912401870317365,0.7263242182208947
2002-02-26,-0.008048781994720564,0.31842618923268495,0.7179867377995155
2002-02-27,-0.013405307495023012,0.3007522807565295,0.6901422532270571
2002-02-28,-0.010024341483655618,0.28771309570858206,0.666527723626577
2002-03-01,0.04008447756759597,0.3393304024070123,0.7599436943931608
2002-03-04,0.024688610614827182,0.37239660919663886,0.8326385432982175
2002-03-05,0.002794007256260238,0.37623109528120113,0.8378494311442437
2002-03-06,0.008155894415791167,0.38745549078604324,0.8635973475599024
2002-03-07,-0.0018414386009003858,0.3849005766882787,0.8474866401402692
2002-03-08,0.021086739351577684,0.414103614176754,0.9067067580946784
2002-03-11,-0.0026682777430300916,0.4103303929767077,0.9051006563749029
2002-03-12,-0.016608058019874642,0.3869075439829579,0.8643208491639836
2002-03-13,-0.01900894780709044,0.36054389086612604,0.8223026778090494
2002-03-14,-0.007544424789853202,0.3502793698081923,0.8111696733990423
2002-03-15,0.009558581219506907,0.36318612483352863,0.8335091698664716
2002-03-18,0.002535279608514081,0.3666421828184283,0.8463585823020483
2002-03-19,0.0023408547452254827,0.36984129365710405,0.8448627868880667
2002-03-20,-0.026930293204830886,0.33295106597483337,0.7790829609684795
2002-03-21,0.019570169478631643,0.3590371442426836,0.8256130643376114
2002-03-22,-0.010377639716099013,0.3449335463989369,0.802476728288029
2002-03-25,-0.01770430288418372,0.3211224355343909,0.7503678498277673
2002-03-26,0.008326608279654837,0.3321229045445495,0.7650197301611408
2002-03-27,-0.0030498590689859765,0.32806011742312036,0.7612923648429699
2002-03-28,0.008602789467081247,0.33948513901293875,0.78127771221429
2002-04-01,0.011313682819183319,0.3546396490167407,0.8128004705604137
2002-04-02,-0.02976348712319976,0.31432084926665516,0.7292914129459485
2002-04-03,-0.005712192671992164,0.3068131953428277,0.7094286447665488
2002-04-04,0.004252591273317431,0.31237053773319845,0.7128126686118683
2002-04-05,-0.011897364721735852,0.2967567867957259,0.6879843206396261
2002-04-08,0.008074938799356376,0.3072280184867515,0.7078960306941882
2002-04-09,-0.02986866104053918,0.268182867899875,0.6494850252080584
2002-04-10,0.015023942399016804,0.2872359742586228,0.6715179988610156
2002-04-11,-0.01731598569568514,0.2649462145413892,0.6241418146958824
2002-04-12,0.008630355376401375,0.2758631499049151,0.6574914370427127
2002-04-15,-0.0022261431019855284,0.27302289595467677,0.6614639607447241
2002-04-16,0.03002100855283207,0.31124032720208317,0.733607278120811
2002-04-17,0.0017796819605337732,0.31357391795832923,0.7210765117164897
2002-04-18,-0.006818795275812607,0.30461692633212434,0.7115008168204389
2002-04-19,-0.001488230399695232,0.3026753557623998,0.6981486650617119
2002-04-22,-0.014659359946002225,0.2835789688294923,0.6550147087546832
2002-04-23,-0.018863311235695398,0.2593664192448686,0.6218858486887837
2002-04-24,-0.009143494760183314,0.24785140898935243,0.5967631011188526
2002-04-25,0.004591158277357435,0.2535804923146461,0.5967631011188526
2002-04-26,-0.027322463217910053,0.21932958542268954,0.5337053115404786
2002-04-29,0.001650618285804142,0.2213422331328101,0.5286292757724991
2002-04-30,0.010630965674227074,0.23432628048972903,0.5658042968571677
2002-05-01,-0.005867409101378105,0.22708398323751355,0.5539970320569276
2002-05-02,-0.020429420608690078,0.2020153684217676,0.502415438692069
2002-05-03,-0.023223844144006515,0.17409995084683993,0.4599558924446161
2002-05-06,-0.015117527360369622,0.1563504627161041,0.42368816691723743
2002-05-07,0.006480838931282511,0.1638445838130811,0.42134629070725427
2002-05-08,0.0803640042751808,0.25737579492228146,0.572351731936219
2002-05-09,-0.02504435745626373,0.22588562605739404,0.5208558991049017
2002-05-10,-0.028113131515623634,0.19142214222892995,0.4575528014733443
2002-05-13,0.03252746468284531,0.23017608388264144,0.5222413882130896
2002-05-14,0.03541127735418008,0.2737381903834888,0.6007235016040804
2002-05-15,0.003946289205298356,0.27876472965457544,0.6074670035224672
2002-05-16,0.009547491436617804,0.2909737249604014,0.6133521517587264
2002-05-17,0.005348403099898261,0.2978783728328669,0.6255518495763228
2002-05-20,-0.021668716128288894,0.269755014802906,0.5843673364619208
2002-05-21,-0.022337268099415167,0.24139215661667657,0.5398603136021738
2002-05-22,0.010339404794191723,0.2542274126322712,0.5504046684861463
2002-05-23,0.010117340635107927,0.2669168585997619,0.5776974718602919
2002-05-24,-0.01954488218432596,0.24215511786109323,0.5363291647926811
2002-05-28,-0.00641860839158354,0.23418221059794142,0.5262628537902632
2002-05-29,-0.016332240251010814,0.21402525022093233,0.49421296001807935
2002-05-30,0.004704345205937121,0.2197364440866958,0.5055174854951692
2002-05-31,-0.011421000673131069,0.20580583333773905,0.4815350686495852
2002-06-03,-0.024093078748486443,0.17675425843974857,0.4212237115153341
2002-06-04,0.014917671281423125,0.1943086916461676,0.445316434666712
2002-06-05,-0.05377025468970179,0.13009040911822867,0.4659146779976331
2002-06-06,-0.019682609790075755,0.10784728056804749,0.4193477559701224
2002-06-07,-0.030611816112412454,0.07393406333466213,0.3980382839212464
2002-06-10,-0.004696772826074187,0.06889003900899637,0.39237374829657523
2002-06-11,-0.019422546923726317,0.04812947207004048,0.34988965627686963
2002-06-12,0.02767872098274904,0.07714035528126306,0.3773173117290618
2002-06-13,0.06292015792508945,0.14491419654304716,0.3567190683981407
2002-06-14,0.0021875432888132616,0.14741874590996185,0.3604708298192212
2002-06-17,0.0248885990497335,0.17597639101906282,0.40989464026599154
2002-06-18,-0.07680534789788829,0.08565511518714053,0.3958680784476887
2002-06-19,0.04703140922306687,0.13671500518462265,0.3456842470771442
2002-06-20,-0.01651655373738996,0.11794039071739348,0.30266059707590953
2002-06-21,-0.018704944834451176,0.09702937738081974,0.26977689539385064
2002-06-24,0.020401737787467754,0.11941068308329217,0.29681226749802936
2002-06-25,-0.0958357386214481,0.012131133449265086,0.25397256111934663
2002-06-26,0.010357370999817912,0.02261415109886533,0.25946542600759215
2002-06-27,0.012663962439955824,0.0355644982989487,0.2881805371483044
2002-06-28,-0.003357899365963347,0.0320871769266966,0.28912465136397336
2002-07-01,-0.033479642223203245,-0.0024667324999649853,0.22384748993286507
2002-07-02,-0.025518088125966957,-0.027921874328614704,0.18153506864958513
2002-07-03,0.02493413525164572,-0.0036839468679581433,0.22079453467427013
2002-07-05,0.048634163233125985,0.04477105069184928,0.3007479725416615
2002-07-08,-0.03443630668586693,0.008792994373709284,0.24366116656775927
2002-07-09,-0.01249317680758299,-0.0038100348672525097,0.2141123223518433
2002-07-10,-0.021777944468278368,-0.02550500460776972,0.17588280591104022
2002-07-11,0.029796796341075276,0.0035318243053297227,0.223675894031111
2002-07-12,-0.03963954906067645,-0.0362477246781715,0.2270966617001382
2002-07-15,0.015190296831183706,-0.02160804154430429,0.25186372007642044
2002-07-16,-0.012028650353954912,-0.03337677632168912,0.2399460741357149
2002-07-17,0.0195492328653381,-0.014480033828957906,0.26132910866667736
2002-07-18,-0.020355596999824498,-0.03454088109561626,0.21948260804816888
2002-07-19,-0.021406039446288782,-0.05520753707866277,0.1836317116410564
2002-07-22,-0.02230273642472918,-0.07627899435526797,0.1514222703492305
2002-07-23,-0.037307286622435154,-0.11074051867201995,0.09958317087973345
2002-07-24,0.04288916483352319,-0.07260092219757086,0.16672394013525582
2002-07-25,-0.0471409226093736,-0.1163193703522597,0.09667734058531163
2002-07-26,0.020515607710001486,-0.09819012521347958,0.11685875479596675
2002-07-29,0.18904182170536502,0.07228965634805151,0.18946791800215346
2002-07-30,-0.1301413658278798,-0.0672595840921918,0.20201080762325807
2002-07-31,0.053169411449426815,-0.017666325143280037,0.17962236928066644
2002-08-01,-0.03883379471634482,-0.055814069415618506,0.12014474522161889
2002-08-02,-0.13665686325393028,-0.18484355701777322,0.09429872055162103
2002-08-05,0.06477042055572298,-0.13204553138710728,0.05085831626479176
2002-08-06,0.0505137072348551,-0.08820193346641136,0.10582393347497021
2002-08-07,0.006965212904898631,-0.08185106580672996,0.12687597425387942
2002-08-08,0.023360846921056885,-0.06040232910430943,0.1614026711487644
2002-08-09,-0.0111562555401742,-0.07088472082577424,0.1492521397103448
2002-08-12,0.058617909198380634,-0.016421925756311295,0.15127514538505782
2002-08-13,-0.020880060835689385,-0.03695909578316969,0.11282494149799538
2002-08-14,0.04738748756130903,0.00867699308643699,0.18788628721995915
2002-08-15,-0.024367300972089653,-0.015901742787722606,0.20277097821637535
2002-08-16,0.007052322522668454,-0.008961564483865758,0.22126045533904204
2002-08-19,0.03498156634104942,0.02570651229467158,0.2580432679103688
2002-08-20,-0.011378542493410202,0.01403546715875903,0.23592453372387023
2002-08-21,0.015919589002579285,0.030178495029965058,0.2695806788851727
2002-08-22,0.005565302908111987,0.03591175040422967,0.2862065481834257
2002-08-23,-0.02587140138891412,0.009111261706029161,0.23895294321021288
2002-08-26,0.0016740072155156465,0.010800521239383132,0.2466773031679761
2002-08-27,-0.025779794474264168,-0.01525770845264729,0.19478911215397376
2002-08-28,-0.01739476594449111,-0.03238707012975528,0.15844782414450864
2002-08-29,0.014034639756443935,-0.018806971235349135,0.17919326727427443
2002-08-30,-0.01643665027615277,-0.034934497902552875,0.15544388559574784
2002-09-03,-0.03084222818131785,-0.06469926832816042,0.10304075720714034
2002-09-04,-0.049803451776630946,-0.11128047321462653,0.1292055027430652
2002-09-05,-0.03241366888985223,-0.1400871336917937,0.08254047246121532
2002-09-06,0.034990744017866046,-0.10999814270913377,0.13072584392929953
2002-09-09,0.006278076933824636,-0.10441064257781485,0.14299902939431086
2002-09-10,0.015284451131932856,-0.09072205081001639,0.16199117100545646
2002-09-11,-0.0028390602606129032,-0.09330354570141319,0.16037279639955448
2002-09-12,-0.026824293116329428,-0.11762503715905503,0.12188577385411303
2002-09-13,0.00995431536380706,-0.10884159850980868,0.1326999077288502
2002-09-16,-0.010396099886970824,-0.11810617026681403,0.1138793620194587
2002-09-17,-0.008296238132521285,-0.12542257148588176,0.10045372261331664
2002-09-18,-0.003781850515931497,-0.1287300925851299,0.09759690902872853
2002-09-19,-0.017472057600436925,-0.14395297059300982,0.06170919396323682
2002-09-20,0.002443164552915068,-0.14186150683513443,0.06866111044175649
2002-09-23,-0.026518418063739224,-0.16461798215346757,0.0336930386543528
2002-09-24,0.0044579556799018,-0.16089388614212075,0.03434282810700462
2002-09-25,0.028369758901767687,-0.13708864799897347,0.07949979008874664
2002-09-26,-0.006638091078901803,-0.14281673214657453,0.0712849636939592
2002-09-27,-0.012568820691869763,-0.1535905149402952,0.05486758379051082
2002-09-30,-0.028576571323496128,-0.17777799595898747,0.020745517964437132
2002-10-01,0.037682993214447964,-0.14679420975994018,0.0674718378422472
2002-10-02,-0.021054122262413162,-0.16475770878265328,0.04162581317224934
2002-10-03,-0.014872143387399775,-0.177179551900858,0.02159152392576713
2002-10-04,-0.013183621971493106,-0.1880273056390117,-0.000245158383840427
2002-10-07,-0.009632106634397952,-0.19584831321531615,-0.013437912292268317
2002-10-08,0.00025952037666522804,-0.19563961946666575,-0.005026944223474272
2002-10-09,-0.003260642502024536,-0.19826235111037738,-0.010029417509367367
2002-10-10,0.018146463347881142,-0.18371364825018544,0.041650358944501864
2002-10-11,-0.03464876575086073,-0.2119969628375895,0.09196911722776457
2002-10-14,0.004305865455826138,-0.20860392778078585,0.1044017005430753
2002-10-15,0.049927417372812685,-0.16909156577589257,0.16530163236868956
2002-10-16,-0.0509827962734661,-0.21145360119984502,0.11590244252884307
2002-10-17,0.0233944124972252,-0.19300602147311274,0.15872980118672797
2002-10-18,0.015321230613669476,-0.18064188062425968,0.1723026403917145
2002-10-21,0.017274665203673614,-0.16648774343013206,0.2007724434792435
2002-10-22,-0.006162330358448978,-0.1716241213129318,0.1817925747542244
2002-10-23,0.02480718629344831,-0.15107444656934288,0.21299661223442135
2002-10-24,0.05023463387967157,-0.10842898220165631,0.18306768272194684
2002-10-25,-0.01644017156583677,-0.12308656269738882,0.22063513682397207
2002-10-28,-0.010795464472657425,-0.13255325055538514,0.20101767669775605
2002-10-29,-0.010627372747939243,-0.14177193050072134,0.17805301138459906
2002-10-30,0.017153507184312033,-0.1270503091447872,0.20903636141853643
2002-10-31,0.007858872126747102,-0.12018990915127259,0.21326631639051463
2002-11-01,0.01787456515313534,-0.10446368636001113,0.24946055427047842
2002-11-04,0.08476311998101084,-0.02855523435959262,0.28370527412314384
2002-11-05,-0.05733747117659406,-0.08425542060915259,0.2878740143338334
2002-11-06,0.009892669706874765,-0.0751962619493779,0.30684161017272626
2002-11-07,-0.026959230212738206,-0.10012825882508547,0.25771219932364464
2002-11-08,-0.010905004454410635,-0.1099413641709962,0.2363290899580106
2002-11-11,-0.02715564722578052,-0.13411148249582816,0.19234920252432341
2002-11-12,0.02139291901772393,-0.11558759956248432,0.22846987792220053
2002-11-13,0.008553274905432402,-0.1080229771717689,0.2407307905010856
2002-11-14,0.03744123741694922,-0.07462625368959352,0.296996061451239
2002-11-15,0.0029542220792223195,-0.07189249413671073,0.30122616609256014
2002-11-18,-0.011907219096872859,-0.08294367355447718,0.2814982499912071
2002-11-19,-0.014852437852758816,-0.09656419565048857,0.25792053904910595
2002-11-20,0.02918177570852,-0.0702003346409148,0.312567510228029
2002-11-21,0.032134383535287026,-0.040321795583284525,0.37094169705577973
2002-11-22,0.0018609346002635503,-0.03853589720756667,0.3683301166897035
2002-11-25,0.006206664914966746,-0.0325684116937649,0.38187848495710863
2002-11-26,-0.021841855277682554,-0.05369891243660829,0.33336197006762824
2002-11-27,0.025175240900672347,-0.029875554592631803,0.3801742001483226
2002-11-29,-0.004190718568731857,-0.03394107311998118,0.3684404229954974
2002-12-02,0.004698066303382333,-0.029402464228524328,0.373822981577949
2002-12-03,-0.02275732820962213,-0.051490670909526304,0.3349682214567469
2002-12-04,-0.012828403254000743,-0.06365853107328057,0.3112309629950034
2002-12-05,-0.015291781308991215,-0.07797686004664761,0.29114773187335885
2002-12-06,0.007261256376242156,-0.07128181364261843,0.30697646225077246
2002-12-09,-0.03656754420988752,-0.10524275698076857,0.2442864850828308
2002-12-10,0.01330685085613198,-0.09333635579546773,0.26663802993237207
2002-12-11,0.004637757738665713,-0.08913146946319117,0.27064737229276226
2002-12-12,0.004755175506692351,-0.08480012973696571,0.2750735437734184
2002-12-13,-0.026509402455966894,-0.10906153142541719,0.23326386181328895
2002-12-16,-0.02592279413908496,-0.13215714593686767,0.2781264990320136
2002-12-17,-0.005508433214712776,-0.1369376003393401,0.27514718109017666
2002-12-18,-0.021696185709649533,-0.15566276244139354,0.24285190443013782
2002-12-19,-0.005146659951976196,-0.1600082790878986,0.23350909503180106
2002-12-20,-0.015422157073094687,-0.17296276334790417,0.24313395630702872
2002-12-23,0.015860310270160303,-0.15984569616962596,0.265694065386046
2002-12-24,-0.008705642213323317,-0.16715977894275702,0.25464689634425164
2002-12-26,-0.007863793911522077,-0.17370906280237763,0.2462727469338366
2002-12-27,-0.013907618265505513,-0.18520080173316888,0.22345513175018095
2002-12-30,-0.012804314956086487,-0.19563374729374416,0.21369549323157822
2002-12-31,-0.006701235389123931,-0.20102399489219636,0.20692744554093867
2003-01-02,0.06837020853674321,-0.14639783880712176,0.2602501423729626
2003-01-03,0.0012591607566806778,-0.14532301646392976,0.2648725303622972
2003-01-06,0.02133569080459782,-0.12708789260539777,0.3014713244764007
2003-01-07,0.0098092733122564,-0.11852525916638645,0.31418588483393073
2003-01-08,-0.05253891701015949,-0.16483698742159547,0.27822468212102414
2003-01-09,0.02550478198381234,-0.14353633686483935,0.3193355579186681
2003-01-10,0.12201249450537485,-0.03903706887250735,0.33320257221732885
2003-01-13,-0.0005304563393177576,-0.0395468177511733,0.327856832293256
2003-01-14,0.00820778351757274,-0.031663625952511154,0.34241052953761897
2003-01-15,-0.014812978920477102,-0.04600757224920782,0.3163315445352355
2003-01-16,-0.007001911018127727,-0.05268734234028649,0.3014467787041477
2003-01-17,0.012905337403868023,-0.040461952866232886,0.2476459631558976
2003-01-21,-0.018031193839691866,-0.057763569390661185,0.2370402438412933
2003-01-22,-0.002248535270627563,-0.05988222123815645,0.23407312395091107
2003-01-23,0.019837688764200875,-0.04123245734138714,0.26614771316469055
2003-01-24,-0.02577795106474452,-0.06594752013850624,0.22140758030321472
2003-01-27,-0.004969476892425195,-0.07058927235349044,0.209428644766549
2003-01-28,0.007628731219693199,-0.06349904771957571,0.22782001363487647
2003-01-29,0.012035802840076321,-0.052227506898384846,0.2463953261257561
2003-01-30,-0.021247859651054024,-0.07236564381293753,0.20833748042137845
2003-01-31,-0.0033702207672710706,-0.07549197638459337,0.20530899610036468
2003-02-03,0.004499624528869533,-0.07133203740439675,0.21023790690417132
2003-02-04,-0.012243956933592268,-0.08270260794402418,0.19142963408090607
2003-02-05,-0.0021529283544608016,-0.0846774835088544,0.1880456102355863
2003-02-06,0.0010497782780361424,-0.08371659781364471,0.18998285537675796
2003-02-07,-0.010710114730790872,-0.09353009817697999,0.17343062339526316
2003-02-10,0.011414634551045952,-0.08318307551614768,0.18925950344201992
2003-02-11,0.0005073797694513086,-0.08271790115637401,0.19128250911673295
2003-02-12,-0.010308757288494631,-0.0921739396784339,0.17308735675708342
2003-02-13,-3.142829759312432e-05,-0.09220247110602053,0.16711629831794017
2003-02-14,0.020654160469336793,-0.07345267527057675,0.2041319963869812
2003-02-18,0.023137912855580926,-0.05201430401441576,0.24437224561637105
2003-02-19,-0.004456359057833635,-0.056238868657417784,0.23330068047166708
2003-02-20,-0.10530490412018756,-0.1556215441058082,0.2278935761169627
2003-02-21,0.00986568587326407,-0.14729117150180437,0.24561060976038585
2003-02-24,-0.015382045565073003,-0.16040757755550372,0.21958071630250764
2003-02-25,0.004042204707114026,-0.15701377311344134,0.22520850810347137
2003-02-26,-0.018759218982899745,-0.17282753634317471,0.1948136579262254
2003-02-27,0.014167127458866549,-0.16110887862008372,0.21971556838055428
2003-02-28,0.013274051055175812,-0.14997339504515295,0.2380333747667953
2003-03-03,-0.013287496477479288,-0.1612681205642541,0.215142271935725
2003-03-04,-0.0071527211156529455,-0.16726733578866537,0.20522316073215152
2003-03-05,0.0060849837944185435,-0.16220017102185635,0.21411232235184308
2003-03-06,-0.0067937243235315315,-0.1678919520982357,0.20642478105245865
2003-03-07,-0.003923216457318144,-0.1711564920860308,0.20993138408969858
2003-03-10,-0.014813881074918964,-0.18343488124198704,0.18230751212882823
2003-03-11,-0.004145057831450194,-0.18681959088238398,0.17560082886882045
2003-03-12,0.007654699025175472,-0.18059493959741946,0.18997058249063148
2003-03-13,0.04328787886042647,-0.14512463260509212,0.2626165643551972
2003-03-14,0.0006808973325660789,-0.14454255024775653,0.26342567682347684
2003-03-17,0.03332360569613488,-0.11603562350239172,0.32051255763205044
2003-03-18,0.00454457253945915,-0.11201838327110059,0.3268636265330809
2003-03-19,-0.004860254100836692,-0.1163341995652748,0.3180112835717681
2003-03-20,0.003595912045873182,-0.11315661506896535,0.3244728084479356
2003-03-21,0.01071297611707101,-0.10365588306661677,0.3402648698363133
2003-03-24,-0.033136714148384934,-0.13335778184802483,0.28384012620118915
2003-03-25,0.013723317495547921,-0.12146457553327927,0.3077120870716359
2003-03-26,-0.0014794513781493479,-0.12276432597775955,0.307381168154254
2003-03-27,-0.013043650004907892,-0.13420668108152511,0.3020231553440549
2003-03-28,-0.011381693952333703,-0.1440608756634304,0.28337420553641746
2003-03-31,-0.06041779607780541,-0.19577483113261263,0.24897008783345265
2003-04-01,0.005900627957564198,-0.19102939761701698,0.2538377090412993
2003-04-02,0.03446524370310188,-0.16314802865724232,0.30389896121992366
2003-04-03,0.0007703482944161979,-0.16250336116843966,0.3046347357101311
2003-04-04,-0.009979329766455283,-0.17086101630563777,0.2882540247957188
2003-04-07,0.00406487093088858,-0.16749067335315204,0.2914174360294506
2003-04-08,-0.0034727588615217613,-0.1703817774945644,0.28285934299648363
2003-04-09,-0.01950358761312272,-0.18656230918264238,0.2549289482211412
2003-04-10,-0.07612776285141647,-0.24848750080358994,0.266723940135255
2003-04-11,-0.007768574298195707,-0.25432568148962,0.2581535742161618
2003-04-14,0.018725265891763848,-0.24036273160685329,0.2853237983983872
2003-04-15,0.002192082542687735,-0.2386975440120337,0.2911721279762671
2003-04-16,0.007468435064508219,-0.2330118060550369,0.2933914249943299
2003-04-17,0.022511668491315896,-0.21574562209619486,0.3285435152389571
2003-04-21,-0.0032698730927783427,-0.2183100343843961,0.3254537413219831
2003-04-22,0.01658713231854574,-0.20534403949265057,0.35169197450532286
2003-04-23,0.006808097192657636,-0.19993394447879187,0.36455380949636895
2003-04-24,-0.008058092323793759,-0.20638095061931527,0.3586562387046406
2003-04-25,-0.015102117029182049,-0.2183662783796506,0.3280897177909692
2003-04-28,0.017839313186914302,-0.20442246962221178,0.35744242033287854
2003-04-29,0.004934335894524488,-0.20049682285719161,0.36928650379149763
2003-04-30,-0.0086643270124345,-0.20742397983143723,0.35613056854144864
2003-05-01,0.0033840101790482404,-0.20474189451151725,0.3648970012998769
2003-05-02,0.01343852668284745,-0.1940547972411596,0.39326877096773805
2003-05-05,-0.0009181578351836176,-0.1947947821438012,0.39315846466194415
2003-05-06,0.015342863324556446,-0.1824406285380138,0.4134135161893573
2003-05-07,-0.012903994038442508,-0.19299040979343207,0.3926557253387939
2003-05-08,-0.02632769214213786,-0.21423710984014344,0.37170186764889523
2003-05-09,0.023934641521516278,-0.1954301567432567,0.4020967178261412
2003-05-12,0.011322596481565955,-0.18632033706682383,0.4227808713599466
2003-05-13,-0.005133903519853818,-0.19049768995238991,0.4173246754607369
2003-05-14,-0.007842751193694627,-0.19684641516081436,0.40772443479243337
2003-05-15,0.012358040780100022,-0.18692101040668818,0.42585837239079405
2003-05-16,-0.008639416595678328,-0.19394553852297802,0.4154978114600303
2003-05-19,-0.030564724156746142,-0.21858237079333775,0.36401425151483924
2003-05-20,-0.0002405731648297868,-0.21877035890544982,0.36445562640735796
2003-05-21,-0.0007912364529597276,-0.21938849627561652,0.36547337793978496
2003-05-22,0.010264908091264326,-0.2113755909349021,0.3872608938702158
2003-05-23,-0.002872370760811306,-0.21364081262876278,0.3855444858446462
2003-05-27,0.04757349248894666,-0.17623095973474312,0.43769003329394374
2003-05-28,0.0012722526842450731,-0.1751829173620677,0.43858520563445036
2003-05-29,0.011124608627323465,-0.1660071501285899,0.44901910454328586
2003-05-30,0.07007214305095912,-0.10756748384892334,0.4687224748723864
2003-06-02,-0.0051707097803679394,-0.1121819933885041,0.45307753844818155
2003-06-03,0.009964558576708797,-0.103335278856167,0.46955613311291855
2003-06-04,0.013431627504921067,-0.09129161232495908,0.5016675409850768
2003-06-05,-0.05328379897887037,-0.13971104738424933,0.510201088245791
2003-06-06,0.040987039278962696,-0.1044503502921299,0.48738354789680716
2003-06-09,-0.005931131806969247,-0.10976197330423243,0.46585346323634313
2003-06-10,0.011777221335914618,-0.09927744302218855,0.48723642293263425
2003-06-11,0.00921210138381753,-0.09097989550861751,0.505934314615434
2003-06-12,0.007889958670381739,-0.08380776445363436,0.5072584392929902
2003-06-13,-0.01616315728428881,-0.09861632365941453,0.4761035681919701
2003-06-16,0.021796217018504906,-0.07896956943295741,0.5222903300882507
2003-06-17,-0.0023563270631272834,-0.08113981836246631,0.5198995120031051
2003-06-18,0.00734994901608541,-0.07438624287451956,0.530039310652938
2003-06-19,-0.0675915566845145,-0.13694991760723285,0.5030530300932645
2003-06-20,-0.0049903425600338995,-0.14125683316483828,0.5000000748346696
2003-06-23,-0.015731895637766256,-0.15476649104513396,0.47151799886101453
2003-06-24,-0.0030045989618644148,-0.15730607876867275,0.46113289215799824
2003-06-25,0.017964325880817533,-0.14216765054988922,0.4570009706056877
2003-06-26,0.01787942955377932,-0.12683009748894292,0.48918586612526105
2003-06-27,-0.005317422700047291,-0.13147311094955327,0.4777342156839983
2003-06-30,-0.001181843191620323,-0.13249957354011666,0.47338153185075704
2003-07-01,0.013816446418813822,-0.12051380037963555,0.49260670862895983
2003-07-02,0.019477028385852014,-0.10338402270466451,0.5274031845146097
2003-07-03,-0.009811155867055292,-0.11218086181080111,0.5097351675810202
2003-07-07,0.03068967616539625,-0.08493397996633334,0.5717141405350217
2003-07-08,0.008692632467003835,-0.07697964737113672,0.5919201005179295
2003-07-09,0.00021046738414541246,-0.07678538169200588,0.5879843954742972
2003-07-10,-0.017552028899138566,-0.0929896713526549,0.5554807042541254
2003-07-11,0.009471977942925829,-0.08439848952570139,0.5700956162597768
2003-07-14,-0.05369061709493154,-0.13355769963611785,0.5886954745229089
2003-07-15,-0.0016292258108351893,-0.13496932979547016,0.5871383146782956
2003-07-16,0.005195102795198092,-0.13047540654275847,0.5840976323058269
2003-07-17,-0.021790944046357875,-0.14942316830571722,0.539896982591209
2003-07-18,0.00030493076259913154,-0.1491638012637796,0.5447646786337272
2003-07-21,-0.015557462982365787,-0.16240065392967518,0.5213095468835465
2003-07-22,0.013700496969887713,-0.15092512662685875,0.5419691546450991
2003-07-23,0.008153823211580868,-0.1440019202159788,0.5553213064038263
2003-07-24,-0.014307815501669133,-0.15624938281131162,0.5372241874638446
2003-07-25,0.023573405063430156,-0.13635930773980343,0.5673247877127447
2003-07-28,-0.0006102959930181268,-0.13688638419369725,0.5700466743846149
2003-07-29,-0.00018363205050219914,-0.13704487951678412,0.5634748432026537
2003-07-30,-0.006443078515754071,-0.14260496711362947,0.5495096458149826
2003-07-31,0.00831609160913873,-0.13547479147492592,0.5656448990068683
2003-08-01,-0.008401806568907584,-0.1427383650508981,0.5501961790913417
2003-08-04,0.07163019264058025,-0.0813325489961152,0.5539235444095123
2003-08-05,-0.022998401771165765,-0.10246043212839528,0.5077489057300151
2003-08-06,-0.07716426711228666,-0.1717184150874861,0.48986027618483785
2003-08-07,0.0018149078261938244,-0.17021516035673623,0.4923615502451202
2003-08-08,0.06366283163198494,-0.11738870781975352,0.48023548974428154
2003-08-11,0.008691856638982668,-0.10971717700017558,0.4996812791340721
2003-08-12,0.012371877772817777,-0.09870270673078263,0.5212113637945361
2003-08-13,0.07374368075401816,-0.032237726871476746,0.5208068075603964
2003-08-14,0.006680876822492905,-0.025772226331249426,0.5349436756844934
2003-08-15,-0.0014866237267753455,-0.027220536454868882,0.5370647896135456
2003-08-18,0.024367989461951903,-0.0035158567383978268,0.5752943808890203
2003-08-19,-0.056978245155728746,-0.06029377454695373,0.5935384751238322
2003-08-20,-0.0016872665987499628,-0.06187930947379805,0.5935875666683377
2003-08-21,0.006667637392775096,-0.05562426087870942,0.6118809021169975
2003-08-22,0.0014148948869571096,-0.054288068474060425,0.599485137460066
2003-08-25,0.0024218328073943012,-0.05199771229194661,0.6020598991677633
2003-08-26,0.004504670115428706,-0.04772727471714999,0.6050148210066906
2003-08-27,0.003397312643776933,-0.044492106547222576,0.6171286086214027
2003-08-28,0.0005445575551518866,-0.04397177750483561,0.6335581117416345
2003-08-29,0.0032037670347969506,-0.04090888580127017,0.6444335352123318
2003-09-02,0.08085413694081865,0.036637598484876355,0.6688205082920553
2003-09-03,0.0038753687993249453,0.04065495149025167,0.6677169962260869
2003-09-04,0.007762926903031444,0.048733479809948355,0.6837420927815219
2003-09-05,-0.061730506009617596,-0.016005368567946876,0.6698137140522296
2003-09-08,0.014236598917406954,-0.0019966316633670544,0.7002575061046377
2003-09-09,-0.00898861691150832,-0.010967301617739955,0.6804317062529599
2003-09-10,-0.02254988699425422,-0.03326987719988217,0.6334968969803454
2003-09-11,0.10342744106395772,0.06671654560077966,0.6562041310235354
2003-09-12,0.0041528053636518915,0.07114641179284686,0.6645782804339506
2003-09-15,-0.0057159209702380784,0.06502382355548475,0.652489038591491
2003-09-16,0.018955966629098788,0.08521237961399786,0.6954634473788777
2003-09-17,-0.09333792213366134,-0.01607908897289878,0.6880825037286369
2003-09-18,0.0125973356868145,-0.003684306967413953,0.7166871588942123
2003-09-19,-0.0036009956675077353,-0.007272035461494242,0.7070378266814035
2003-09-22,-0.01543083487310664,-0.022590656756203087,0.6752329416237173
2003-09-23,0.013237761965244291,-0.009651944527735878,0.7019986095718032
2003-09-24,-0.028955659757454913,-0.038328125863447915,0.642520910678084
2003-09-25,-0.008534027374167818,-0.046535059962296565,0.6254904851456915
2003-09-26,-0.007896123127893466,-0.054063736526963835,0.6053336167072889
2003-09-29,0.017508947152341137,-0.037501388480331466,0.6374571477962307
2003-09-30,-0.01933472868638456,-0.0561110379950861,0.5984551130415126
2003-10-01,0.014113546585073947,-0.042789417158692666,0.6372486584014263
2003-10-02,-0.0004811499594178116,-0.04324997899178107,0.6394065909888575
2003-10-03,0.021902174487438846,-0.022295073090798367,0.686267762944714
2003-10-06,0.0016946458011150723,-0.020638209541682162,0.6940902311568167
2003-10-07,0.00645065074594722,-0.014320688677510018,0.7074057139265078
2003-10-08,-0.005550185955904433,-0.019791392148237663,0.6949485848389445
2003-10-09,0.0757059546281571,0.05441623624391689,0.7127881228396165
2003-10-10,0.0041194068599251015,0.058759805720716374,0.7224988194830568
2003-10-13,-0.046574101809322845,0.009449018737460735,0.73457578843939
2003-10-14,0.005167918008508025,0.014665768500064846,0.741858848339306
2003-10-15,0.0018431072044357275,0.01653590628808166,0.7380946643627564
2003-10-16,0.005112803370085549,0.021733254495564402,0.7492766106479261
2003-10-17,-0.01570962606278927,0.005682207131522343,0.7091957592688354
2003-10-20,0.009257717459512428,0.01499252885920499,0.7279427424961407
2003-10-21,0.004613278541990537,0.019674972112871947,0.7436611665677606
2003-10-22,0.1005890357590134,0.12224309434530456,0.7010790411283874
2003-10-23,-0.0044117989553548445,0.11729198343401781,0.6896886054484133
2003-10-24,-0.011446290431772525,0.10450313489454088,0.6804929210142494
2003-10-27,0.004831208386881318,0.10983921970318011,0.6888304014356286
2003-10-28,0.024407440338140542,0.13692755424301395,0.7410741319739367
2003-10-29,-0.002101714271355813,0.1345380573767636,0.7409515527820165
2003-10-30,-0.001371940342693869,0.13298153884552688,0.73783723309279
2003-10-31,-7.591638261249426e-05,0.13289552698553098,0.7366234147210278
2003-11-03,0.01614013335180332,0.15118061186473897,0.7694090829834193
2003-11-04,-0.00693688965844148,0.14319499898329613,0.7525503281874524
2003-11-05,0.0016811429903236556,0.14511687324240996,0.7527710904683831
2003-11-06,0.007856704074242087,0.15411371764589687,0.7656694447791221
2003-11-07,-0.004818283714650524,0.14855287031530895,0.7615620689990643
2003-11-10,-0.009051527074908505,0.13815671291268594,0.7344532092474705
2003-11-11,-0.001974028282985054,0.13590995937092698,0.7283472987302806
2003-11-12,0.014631403803027068,0.15252991667036309,0.769887276534317
2003-11-13,-0.00452683855520316,0.14731259980755462,0.7654120135091553
2003-11-14,-0.014929928655167212,0.13018330454725335,0.7257357183642044
2003-11-17,-0.007954881552486555,0.12119283022698202,0.708864690682111
2003-11-18,-0.010997748255276399,0.10886223373452486,0.6732466797727126
2003-11-19,-0.11450571337974412,-0.018108827379103465,0.6906572654363352
2003-11-20,0.031667571611499384,0.012985281644567914,0.6717631572448572
2003-11-21,-0.02903561763711612,-0.01642737166529018,0.6838155804289376
2003-11-24,0.15616957393801342,0.1371767466388334,0.7402036550750257
2003-11-25,-0.002896296323246958,0.13388314580866134,0.7304561397732063
2003-11-26,0.009441568835432684,0.14458878158115085,0.7411844382797308
2003-11-28,0.03289794871033027,0.18224340461202693,0.7462604740477103
2003-12-01,0.010837398326107646,0.19505584730622116,0.7742520835843414
2003-12-02,-0.004172653297720948,0.19006929358399804,0.7556278292182996
2003-12-03,-0.09012687053365082,0.0828120724350796,0.7407676091594646
2003-12-04,0.009726152844866288,0.09334366815384953,0.7562286019611177
2003-12-05,-0.015495266275184159,0.07640201688551906,0.7250000935433398
2003-12-08,0.02894524146381251,0.10755873317640519,0.7386587681165391
2003-12-09,-0.018561713527997046,0.0870005452557534,0.696493471797432
2003-12-10,0.005441599517838385,0.09291556689870717,0.7029916656626354
2003-12-11,-0.008162605406462478,0.08399452838353283,0.7373222208835135
2003-12-12,0.0014092878935057604,0.08552218874901008,0.7377023810147436
2003-12-15,-0.008437548266186996,0.07636304288742335,0.7126287249893177
2003-12-16,-0.003268507984417556,0.0728449416876138,0.7205493762904307
2003-12-17,-0.0030464941707648795,0.06957652582662788,0.716527761043914
2003-12-18,0.014801156714593078,0.08540749560363792,0.7549167501696878
2003-12-19,-0.005175620412572309,0.07978983841343279,0.7486146231438198
2003-12-22,0.0008774486516213869,0.08073729855118317,0.7554070669373689
2003-12-23,0.006161720778815394,0.0873965000201069,0.775588630817367
2003-12-24,-0.00221414777096829,0.08498884348342872,0.7694825706308341
2003-12-26,0.008602636761119364,0.09432260839378359,0.770304105654583
2003-12-29,0.006842361476659861,0.10181035925249526,0.8028077968747547
2003-12-30,-0.045443171456949635,0.05174060218394083,0.802366421982236
2003-12-31,0.012254917581005872,0.06462959658030254,0.799803933160665
2004-01-02,-0.00029088975562484905,0.06431990673712229,0.7944703164533757
2004-01-05,0.01714687511844504,0.08256966726401882,0.8349436008498228
2004-01-06,0.002575724126089741,0.08535806807416368,0.840681773791252
2004-01-07,0.010466736430939406,0.09671822490588955,0.8566209601438026
2004-01-08,0.024826438715496425,0.12394583270468362,0.8767166138209166
2004-01-09,-0.019925327627836584,0.1015508437521011,0.8642226660749743
2004-01-12,0.0077007172083345884,0.11003357529043845,0.887898560106086
2004-01-13,-0.00637973936979686,0.10295185038836174,0.8695194641238846
2004-01-14,0.004241878536576075,0.1076304381694011,0.8809220230206418
2004-01-15,-0.002116615418989847,0.10528601050542918,0.8783840799713234
2004-01-16,0.0112141024381131,0.11768080105065049,0.9048798940939728
2004-01-20,-0.0012565831394433364,0.11627634220077065,0.9039603256505566
2004-01-21,-0.0029984797929012894,0.11292921014538804,0.8962727095165008
2004-01-22,-0.007439445536222024,0.10464963390084092,0.8764346367786968
2004-01-23,-0.0008459399061275491,0.103715166693235,0.8774031470972756
2004-01-26,0.01186045540747894,0.11680573121035831,0.9049289856384786
2004-01-27,-0.016538870024951646,0.09833502637874902,0.8627145977748663
2004-01-28,-0.009818757495615017,0.08755074110579608,0.8288008716742539
2004-01-29,0.050571484884526424,0.1425497969707834,0.834722988238235
2004-01-30,0.040043590152546354,0.1883015927695566,0.830652281447213
2004-02-02,-0.0018998937082808154,0.1860439460499137,0.8242275752294246
2004-02-03,-0.04907299024180323,0.12784122305905643,0.829144213147105
2004-02-04,-0.020610159453627513,0.1045962356134349,0.7932933167399925
2004-02-05,7.540189904790548e-05,0.10467952426728133,0.7962605114650461
2004-02-06,-0.02028859800213932,0.0822671254782279,0.8378494311442446
2004-02-09,-0.0048099947596594375,0.07706142627612578,0.8279917592059742
2004-02-10,0.02181939555665309,0.10056225557485754,0.839492501191742
2004-02-11,0.002848307181980975,0.10369699495162843,0.8565229267241348
2004-02-12,-0.006802932734769623,0.09618861853540506,0.8407798072109192
2004-02-13,-0.008354742051197229,0.08703024538808357,0.8200956536771138
2004-02-17,-0.006639038196434087,0.07981341006827303,0.8471922405425811
2004-02-18,0.0735245790987829,0.1592062365487643,0.848320298380802
2004-02-19,-0.010713114968696464,0.1467875268641874,0.8205003595805964
2004-02-20,-0.001113644448671797,0.14551041330108894,0.8171898233826915
2004-02-23,-0.08271876427882427,0.05075520744429762,0.794691078734306
2004-02-24,0.05081771777557997,0.10415218902742285,0.7926067834636328
2004-02-25,0.005041936442912283,0.10971925418780137,0.8026238532522023
2004-02-26,0.01796670471508521,0.12965725234443815,0.8110961857516279
2004-02-27,-0.038564764614116835,0.0860922863131448,0.8028200697608805
2004-03-01,0.02769334430991275,0.11616981395035508,0.8262506557388087
2004-03-02,-0.007312594794794315,0.10800771637875517,0.8063021270258679
2004-03-03,-0.005219938382280063,0.10222398437216729,0.7975600903703493
2004-03-04,0.04242033571664488,0.14898069582417262,0.8162825278254016
2004-03-05,-0.03818599534372514,0.1051057243234006,0.8060201499836483
2004-03-08,-0.017197935034566774,0.08610018787015883,0.7669446275815153
2004-03-09,-0.01898057701257083,0.0654853796109216,0.7624693645563536
2004-03-10,-0.009681719831531368,0.05516964868093588,0.7379843580569623
2004-03-11,-0.007756279903118927,0.04698545754049088,0.719225101943531
2004-03-12,0.0017830701401899524,0.04885230604704449,0.7550270564754815
2004-03-15,-0.014390091644670375,0.0337592252413037,0.7163683631936144
2004-03-16,0.00407747511835747,0.037974352760597574,0.7251961603826742
2004-03-17,0.011108932686609058,0.049505139975841495,0.7519495554446334
2004-03-18,-0.0073303428598965594,0.0418119074665948,0.7383154266436869
2004-03-19,-0.022843437531543456,0.018013342238763386,0.7147866575767479
2004-03-22,-0.015259516032443143,0.0024789513216298964,0.693710220694929
2004-03-23,-0.006074461162898192,-0.0036105681347963214,0.679794114851763
2004-03-24,0.05837681368406247,0.05455547208596756,0.6942864476654942
2004-03-25,0.023906736514027065,0.07976645189655218,0.7482344630125886
2004-03-26,-0.052072322997116456,0.023540504451944555,0.7353973234631381
2004-03-29,0.012564070552981723,0.03640033956371336,0.7684037540064603
2004-03-30,0.0005900990994249327,0.037011918470733596,0.7720083904633679
2004-03-31,-0.005360681331335584,0.031452828039014946,0.7636219681668266
2004-04-01,0.01309579354886441,0.04496052133040629,0.7817803018680971
2004-04-02,0.020138115911204176,0.06600405743159032,0.8272438614989825
2004-04-05,0.008710114179090038,0.07528907448719258,0.849399264674517
2004-04-06,-0.007114066752628979,0.06763939623291804,0.8312653270761563
2004-04-07,-0.008017526697808738,0.05907956886998811,0.8170181526462656
2004-04-08,-0.001260358432868001,0.05774474900428461,0.8213708364795071
2004-04-12,0.005525063860098641,0.06358885629021716,0.834146761267669
2004-04-13,-0.009146009239929179,0.053861262783101216,0.8058852979056017
2004-04-14,-0.0005551361654622282,0.05327622628275064,0.809293867523174
2004-04-15,-0.009220532959220292,0.043564458123147354,0.789418826457648
2004-04-16,-0.005356807171889284,0.037974284549544546,0.7766798699972082
2004-04-19,0.050923467639513574,0.09083153443945058,0.806620922726466
2004-04-20,-0.056123010090151346,0.02961078522545013,0.7617705583938679
2004-04-21,0.00455997388265659,0.03430578351537972,0.7790706880823535
2004-04-22,0.014297263820841372,0.04909352617372109,0.8213585635933807
2004-04-23,0.01619455867745087,0.06608313284147527,0.8354708859452249
2004-04-26,-0.007089866484934797,0.05852474576778821,0.8152649259623173
2004-04-27,-0.0010070235209636551,0.05745878645127811,0.8139651973876707
2004-04-28,-0.014986007452063469,0.0416117011972692,0.781547416370383
2004-04-29,0.0036840365219229297,0.0454490367461422,0.7549779649309756
2004-04-30,-0.016102822820050836,0.028614356140026276,0.7181952271943204
2004-05-03,0.00627871765566378,0.03507273525879184,0.7352747442712182
2004-05-04,0.004250546398220721,0.03947235994554266,0.743636620795507
2004-05-05,0.0006683390012005212,0.0401670798643643,0.7513733284740682
2004-05-06,-0.006258701691788933,0.033656984401874146,0.7356547547331054
2004-05-07,-0.002629829062461845,0.030938643223677342,0.7241171940889586
2004-05-10,-0.001360113630860539,0.02953644952244794,0.7129720664621682
2004-05-11,0.015127931425440439,0.045111206330815,0.7433669166394139
2004-05-12,-0.016521682956084433,0.0278442103259664,0.7347106405174364
2004-05-13,0.0003304685228711698,0.02818388048389453,0.737481618733812
2004-05-14,-0.008567646892719324,0.01937476405512273,0.7163438174213614
2004-05-17,-0.009741578971270261,0.009444444289759657,0.6918833566942229
2004-05-18,0.016524715716185207,0.026125226762930387,0.7134257142408131
2004-05-19,-0.0016454689498736617,0.024436769563610072,0.7120402251326254
2004-05-20,0.0025214915823334985,0.027019878254697538,0.7126900894199486
2004-05-21,0.022618482726106927,0.05024950963036989,0.726544980501826
2004-05-24,0.002469135419233164,0.0528427178936306,0.7336562199959733
2004-05-25,0.01559659403121853,0.06926347834334234,0.7750367999497108
2004-05-26,-0.012842583980879911,0.05553137232503014,0.7825772911195936
2004-05-27,0.004437207091252461,0.06021498361535005,0.7939063623689362
2004-05-28,0.0006165970224537882,0.06086870901740826,0.7977194882206484
2004-06-01,-0.000841191147426853,0.05997631565080064,0.8005641037537816
2004-06-02,-0.0014277473136482905,0.05846293731359942,0.7952673057048711
2004-06-03,-0.009385431398554519,0.04852880602753018,0.7719592989188631
2004-06-04,0.007859492281082391,0.056769710084996206,0.7840118717722864
2004-06-07,0.01914399976490493,0.0770005091664221,0.8286537467100801
2004-06-08,0.003040642956871107,0.08027528317916555,0.8341957031428311
2004-06-09,-0.010702648907239858,0.06871347610012979,0.8017411034671644
2004-06-10,0.006882353272736129,0.07606873978998485,0.8161722215196072
2004-06-14,-0.010276090329933917,0.0650109602186848,0.7884257703668165
2004-06-15,0.012581963946340289,0.07841088972261345,0.8136341288009457
2004-06-16,-0.0009115680661762787,0.07742784479332543,0.8146027887888672
2004-06-17,-0.00629764274873487,0.07064258913927768,0.7950344202071562
2004-06-18,0.0036133144263130364,0.07451115745203984,0.7957945908002735
2004-06-21,-0.006531925895564245,0.06749253019760615,0.7817925747542234
2004-06-22,0.007248655380969535,0.07523041567076794,0.8083252075352518
2004-06-23,0.01059373525506057,0.08662112203257277,0.8311918394287412
2004-06-24,-0.0033217603334633025,0.08301162709190146,0.8248039518693318
2004-06-25,0.0013260449925585247,0.08444774923688936,0.837150624981758
2004-06-28,-0.006278571474476698,0.0776389665329702,0.8306400085610854
2004-06-29,0.00886635195665555,0.08719369289245815,0.8460643323737025
2004-06-30,0.003563235002755142,0.0910676195137472,0.8595390633243496
2004-07-01,-0.011097868106719026,0.0789590949768717,0.8263486891584757
2004-07-02,-0.027209429750189706,0.04960123327877031,0.8160740384305962
2004-07-06,-0.014837002695545947,0.03402829695136478,0.7725723445478068
2004-07-07,0.0033471357997812874,0.037489330082077554,0.7808852791969332
2004-07-08,-0.01003262791887327,0.027080585663562973,0.7546959878887558
2004-07-09,0.004700709555125029,0.0319085931864751,0.7655714113594532
2004-07-12,-0.004156361385133181,0.027619608156767672,0.7558975333743916
2004-07-13,-0.0023037213294046337,0.025252258946942607,0.7516921241746659
2004-07-14,-0.015149710810749475,0.009719983715828828,0.7362065856007602
2004-07-15,-0.002459231872942007,0.007236848149128283,0.7360471877504609
2004-07-16,-0.014302649052547934,-0.007169307002743208,0.7069275203756087
2004-07-19,0.003870259990665048,-0.0033267940941317242,0.7125675102280273
2004-07-20,0.041903251510983126,0.03843705392719987,0.7423614379931123
2004-07-21,-0.042472626568603705,-0.005668095279251051,0.7000612895959586
2004-07-22,-0.0010146711158846029,-0.0066770151425736834,0.7269618096220909
2004-07-23,-0.008583932878877414,-0.01520363297163596,0.6864639794533911
2004-07-26,0.0008176732237358295,-0.014398391351484463,0.677783307228504
2004-07-27,0.018696037325124686,0.004028453111511121,0.7061059853518599
2004-07-28,-0.03805359175916167,-0.034178435757776904,0.6966037781032239
2004-07-29,0.004784958928580128,-0.02955701924054077,0.7147499885877111
2004-07-30,0.002883520808790605,-0.02675872671177615,0.71700595459481
2004-08-02,0.006855100162157916,-0.020087060301439252,0.7242888648253829
2004-08-03,-0.026707903877911034,-0.046258480903629606,0.690951515364679
2004-08-04,0.0033147655901880797,-0.04309705133419517,0.6910372758982202
2004-08-05,-0.016116807766002675,-0.05851927220856301,0.6594408802353384
2004-08-06,-0.023244992513945507,-0.08040398467809895,0.6126778913684927
2004-08-09,0.0137812717103562,-0.06773078212718686,0.6170058797601383
2004-08-10,0.013711495449490569,-0.05494797698862364,0.6511893100168435
2004-08-11,-0.043780221297728926,-0.09632256369392811,0.6241418146958815
2004-08-12,-0.010484257305279125,-0.105796950457136,0.5993502853820183
2004-08-13,0.005461151531129481,-0.10091357210398422,0.6035066030372385
2004-08-16,0.009209495073037557,-0.09263344007604102,0.6268268827093726
2004-08-17,0.005029920191222399,-0.08806945869543936,0.6377145790661964
2004-08-18,0.017586074392121658,-0.07203218035560954,0.6720574071732011
2004-08-19,-0.00741195372356049,-0.07891023489176707,0.6591957218514979
2004-08-20,0.004164394638549906,-0.07507445361232712,0.6757356809468662
2004-08-23,0.0028758290652180635,-0.07241452584286279,0.680848535373225
2004-08-24,-0.00136506159059743,-0.07368073714563084,0.6794753191511635
2004-08-25,0.011130586801286767,-0.06337026018472636,0.7032492466019431
2004-08-26,-0.0036872177805563314,-0.06682381801517112,0.6968857551454435
2004-08-27,0.004736548777546347,-0.0624037835111555,0.7025013488949523
2004-08-30,-0.012564796399879098,-0.07418448907663477,0.677219203474722
2004-08-31,-0.0023308193707170305,-0.07634239780320518,0.6781266487013551
2004-09-01,0.006940755360946514,-0.0699315163490789,0.6895046618258598
2004-09-02,0.022336080482254543,-0.04915743184424348,0.7144924076484012
2004-09-03,-0.019556872977349586,-0.06775293917112246,0.6819764435421032
2004-09-07,0.006784530612128584,-0.061428080448862055,0.694261901893241
2004-09-08,-0.0018909714413367078,-0.06320289314437377,0.6880456850702572
2004-09-09,0.008725290624723764,-0.055029066130658055,0.7061428040102391
2004-09-10,0.009899447133527514,-0.045674376328098454,0.7324669473964631
2004-09-13,0.004279594237220056,-0.04159024988860083,0.7500490541271683
2004-09-14,0.005605842052938265,-0.03621755620748024,0.758668511590767
2004-09-15,-0.009154153723280583,-0.045040168853755946,0.735287017157344
2004-09-16,-0.024798335156319764,-0.06872158280734308,0.7385605850275268
2004-09-17,0.00415025977385606,-0.064856535454208,0.7487740209941176
2004-09-20,0.0014859366662270002,-0.06346697149205682,0.7468367010182744
2004-09-21,0.004994561939582623,-0.058789399272708986,0.7605567400221052
2004-09-22,-0.018792321835334424,-0.07647693179640469,0.7217018302315601
2004-09-23,0.0007716753209831968,-0.07576427183631329,0.7236023315490243
2004-09-24,-0.0036969205430112785,-0.07918109788634664,0.7153630342166557
2004-09-27,0.029649606954389836,-0.05187917936250397,0.6988108022351609
2004-09-28,0.0003984683599728302,-0.0515013832140484,0.703898961219924
2004-09-29,0.01187203407590199,-0.04024077531461967,0.7298430941442609
2004-09-30,0.017992317846739457,-0.02297248228774018,0.7321481516958652
2004-10-01,0.025084467071473406,0.0015357323082363372,0.781436960395246
2004-10-04,0.003216976717857644,0.004757649441174294,0.7888794181454615
2004-10-05,0.004105926695073581,0.008883110696094265,0.7922511691046548
2004-10-06,-0.03141417036426514,-0.022810115220942673,0.8076998890201812
2004-10-07,-0.008175995810962726,-0.030799615625411447,0.7849068944434499
2004-10-08,-0.014313653141196071,-0.0446724137516632,0.7544874984939514
2004-10-11,0.0046137683777363585,-0.040264753543851506,0.7627881602569515
2004-10-12,-0.0023520912655770414,-0.04252213843430741,0.7594409550700107
2004-10-13,0.0027027614406182955,-0.03993430418982202,0.7587788178965611
2004-10-14,-0.007919004074891465,-0.04753706834710625,0.7474374737610925
2004-10-15,0.0040331541772837915,-0.04369563849560243,0.7545120442662039
2004-10-18,0.011351510359644355,-0.03284013962901211,0.7867951228747878
2004-10-19,-0.0038737291934458893,-0.03658665501486025,0.7702306180071665
2004-10-20,-0.003624310822682864,-0.04007836442780699,0.7806033021547136
2004-10-21,0.01862238617096589,-0.02220233303631647,0.8082271741155842
2004-10-22,-0.0218270322448943,-0.043544754242115236,0.7634257516581482
2004-10-25,-0.0035960139229156453,-0.04698418062250631,0.7564614874588305
2004-10-26,0.006454064096987216,-0.04083335543880118,0.7681952646116557
2004-10-27,0.013921647984944104,-0.02748017505432032,0.8146518803333727
2004-10-28,0.011991315295395573,-0.01581838320237372,0.8233448254443863
2004-10-29,0.00016759002978237108,-0.01565344417590331,0.8228543590073623
2004-11-01,0.0004358747996222291,-0.015224392318124669,0.8253924517260234
2004-11-02,0.0023302069650728797,-0.012929661338070608,0.8327979411485169
2004-11-03,0.005503407180739972,-0.0074974113483829985,0.8439063997862712
2004-11-04,0.008319884775588631,0.0007600958286717585,0.8589995053428205
2004-11-05,-0.0014686368410617098,-0.0007096573171266884,0.8700834182083224
2004-11-08,0.010660563199474197,0.009943340535668366,0.8724007486460525
2004-11-09,-0.003475690496162187,0.006433090065306235,0.8722413507957532
2004-11-10,-0.005098924227139302,0.001301363999377525,0.8600540755336261
2004-11-11,0.011527088908573225,0.012843453846473896,0.890264832418977
2004-11-12,0.009422139539508632,0.022386606200293313,0.9107529191134471
2004-11-15,0.0009578189880732633,0.023365867504863802,0.913879362019457
2004-11-16,-0.006669706978167151,0.016540317037148533,0.898639131498735
2004-11-17,-0.004983090232220296,0.011474804912662506,0.9263364911070204
2004-11-18,0.005286264599872727,0.016821728367535593,0.9382173932240183
2004-11-19,-0.01496298480880269,0.0016070402927117478,0.9030284843210123
2004-11-22,0.005504889242670432,0.007120776114202032,0.9228544338420333
2004-11-23,-0.004955225085137332,0.0021302659806379243,0.9158901696427155
2004-11-24,0.008513680857358019,0.010662083242696463,0.9403507800391973
2004-11-26,-0.0030867476098641704,0.007542424472866793,0.9350908006486658
2004-11-29,-0.0005305737601963532,0.007007848900156821,0.9377635957760306
2004-11-30,-0.005875663698329254,0.001091009438441537,0.9268024117717919
2004-12-01,0.019250824670266408,0.0203628369401212,0.970512595049386
2004-12-02,-0.0005121049216449962,0.019840304109460583,0.9778691425967172
2004-12-03,0.007030966923624409,0.027010767555033288,0.979401756669078
2004-12-06,0.004884190703935125,0.032026883998766964,0.9857650984562347
2004-12-07,-0.013567863609341048,0.018024483995498386,0.948663565018981
2004-12-08,0.005343394305171015,0.023464190225804593,0.964087888831598
2004-12-09,0.020853383337309253,0.04480688131659205,0.9737494939305331
2004-12-10,-0.023951145937704577,0.01978255922546035,0.9680726854197357
2004-12-13,0.029865677086082836,0.050239055837307145,0.9876901455459519
2004-12-14,-0.005399296527659315,0.044568503749912614,0.995414430669044
2004-12-15,-0.01237329495396458,0.03164374955339344,0.9907185550322943
2004-12-16,-0.006045613048455911,0.025406830639735478,0.9710888220199518
2004-12-17,-0.005753467329793959,0.019507185939902083,0.9575895452970518
2004-12-20,-0.0029888872299889415,0.016459993930964423,0.9519004639001281
2004-12-21,0.011456173717675723,0.028104736198505176,0.97309962964321
2004-12-22,0.00044813402781649546,0.02856546491495493,0.978384005136651
2004-12-23,0.0015839644150240767,0.030194676009903,0.9786293131898347
2004-12-27,-0.0029077878299015804,0.027199088468571997,0.9710520033615728
2004-12-28,0.008004585383089352,0.03542139127765043,0.9914050883086534
2004-12-29,-0.00021754923228377467,0.035196136148887724,0.9923369296381961
2004-12-30,-0.006775485534114206,0.028182179703440058,0.9908779528825933
2004-12-31,-0.0009555513685055479,0.02719969881455131,0.9876410540014466
2005-01-03,-0.01658791185681055,0.010160600751273119,0.9660496049103513
2005-01-04,-0.016734669345566455,-0.00674410288821814,0.9272069680059323
2005-01-05,0.004262235476848614,-0.002510612365959175,0.9173124774092829
2005-01-06,0.001118679054147152,-0.0013947418812789714,0.9096616799336059
2005-01-07,0.004700662632589472,0.0032993645402670246,0.918599933097803
2005-01-10,0.009339618256921142,0.012669797602484767,0.9187347851758494
2005-01-11,-0.00551784067402997,0.007082047003912129,0.9046101899378789
2005-01-12,-0.015519866094235226,-0.008547731511496903,0.9197892056973125
2005-01-13,-0.009743595143630263,-0.018208041019882604,0.8945317557186778
2005-01-14,0.04812827490727313,0.029043912283662765,0.9140633056420098
2005-01-18,-0.01159418621048803,0.017112985545876924,0.9292423214014431
2005-01-19,-0.014468950219974144,0.0023964283899242655,0.8951079826892432
2005-01-20,-0.010464313380639438,-0.008092961968381607,0.8569888473889056
2005-01-21,-0.006976010858111373,-0.015012516235927253,0.8435998769717996
2005-01-24,-0.01019792982117279,-0.025057349470086754,0.8154243238126166
2005-01-25,0.006180824840240969,-0.019031399717881037,0.8275747804163647
2005-01-26,0.008573068213223322,-0.010621488992632266,0.8501839810398872
2005-01-27,0.0022715573849145373,-0.008374058929477735,0.8483939356975598
2005-01-28,-0.005400417028517284,-0.013729252547554416,0.8384747496593148
2005-01-31,0.009339308245863516,-0.004518166023217862,0.8632050642118896
2005-02-01,0.0012248180623383046,-0.003298881892233485,0.8681462479018227
2005-02-02,0.002248080090393136,-0.0010582179525427948,0.8699117474718974
2005-02-03,-0.01369178782469669,-0.01473551688156105,0.8492398668242183
2005-02-04,0.013946734069153503,-0.0009942951477261985,0.8814247623437916
2005-02-07,-0.001972287320254235,-0.0029646214322679443,0.8747548977421626
2005-02-08,0.005837173263585176,0.002855246822356161,0.8792177382118549
2005-02-09,-0.013003549781821404,-0.01018543130365912,0.8474866401402694
2005-02-10,0.003497008530852099,-0.0067240413129663335,0.8475110362431792
2005-02-11,0.012044406987021106,0.005239378583883791,0.87654494308449
2005-02-14,0.0054882463006667645,0.010756379884681255,0.8859857859024942
2005-02-15,0.058748486629653304,0.07013678755417319,0.8971310631986276
2005-02-16,0.03319142767183459,0.10565615533724704,0.8911354589872316
2005-02-17,0.025475022646423776,0.13382277093362127,0.862788235091623
2005-02-18,-0.0354423999425341,0.09363737082223977,0.8580187221381155
2005-02-22,-0.060540977461598706,0.027427495404128477,0.831866099818974
2005-02-23,-0.0005607374655259626,0.02685137831434381,0.8355689193648923
2005-02-24,0.009500979307139097,0.0366074720112155,0.8608509151157795
2005-02-25,0.006860430699368938,0.04371904573539642,0.8721187716038334
2005-02-28,-0.005125250751691394,0.03836972391168647,0.8526484364417903
2005-03-01,0.007513631463105515,0.046171651339605546,0.8725478736102259
2005-03-02,-0.0020503910862546197,0.04402659031100664,0.8701325097528279
2005-03-03,-0.0033856562726934203,0.040491875136661415,0.8537151298493795
2005-03-04,0.0051153575068514315,0.04581436306095976,0.8643697910391459
2005-03-07,0.012197794988000027,0.058570992257083176,0.8945561518215872
2005-03-08,-0.00700492641868322,0.051155780347369895,0.874264431305138
2005-03-09,-0.0017660148303204988,0.04929942365029927,0.866086348734058
2005-03-10,0.0019359657581678208,0.051330831404551525,0.8690289976868588
2005-03-11,-0.03364100540212507,0.01596300522585037,0.8460520594875756
2005-03-14,0.003764122154376953,0.01978721408184847,0.8576385620068847
2005-03-15,-0.008636287051297322,0.010980038969794714,0.8416627066652982
2005-03-16,-0.009225364580974596,0.0016533795262105855,0.8222535862645437
2005-03-17,-0.0011632127542331012,0.00048824353982501734,0.823970143959456
2005-03-18,-0.0040895531593418905,-0.003603306317427668,0.8200098931435709
2005-03-21,0.0006526954465394514,-0.0029529627325142194,0.8200711079048595
2005-03-22,-0.0063360173700793745,-0.009270270079427156,0.7963339991124592
2005-03-23,0.004057730975475098,-0.005250155366004483,0.8045243545696652
2005-03-24,-0.00043522123661077856,-0.005683091623504444,0.8022805117793497
2005-03-28,0.0016418024389932714,-0.004050619698199642,0.8056768085107955
2005-03-29,-0.005806745359300342,-0.009833844140365255,0.7954144306690423
2005-03-30,0.012862910239440136,0.0029025742445887293,0.8290093610690559
2005-03-31,-0.005345254961231215,-0.002458195716023681,0.8177171084780923
2005-04-01,-0.00767749189165245,-0.010116814829998266,0.8015571598446107
2005-04-04,0.003683764743551353,-0.006470318052234747,0.8105934464284754
2005-04-05,0.040355955590506615,0.0336245216702995,0.8192129038920739
2005-04-06,0.0005182063983057648,0.034160152510874786,0.8154365966987407
2005-04-07,-0.031136966665304484,0.0019595423155573943,0.8387812724737846
2005-04-08,-0.008454116758460669,-0.006511140642432078,0.8214811427852988
2005-04-11,0.03984150936758945,0.03307095505425828,0.8128372892187905
2005-04-12,0.006222479524131668,0.03949921791905853,0.8258460995046664
2005-04-13,-0.013054696370027699,0.02592887125224408,0.7921531356849849
2005-04-14,-0.0094655473071052,0.016217892987680838,0.7669569004676389
2005-04-15,-0.017268723005634545,-0.0013308923196929667,0.7270598430417572
2005-04-18,-0.00012557501444209577,-0.0014563002073127995,0.7287641278505435
2005-04-19,0.06976983088079564,0.06821192485430694,0.742030519075729
2005-04-20,-0.005008081829594433,0.0628622321232879,0.7249264562265785
2005-04-21,0.023451312170995466,0.0877877461235721,0.7746076979433156
2005-04-22,-0.011172250040941342,0.07563470943240747,0.7425331087295362
2005-04-25,0.005621761637817727,0.08168167137819982,0.7622732977170155
2005-04-26,-0.00846449308192537,0.07252578435397372,0.7415768712970838
2005-04-27,0.001414716631827611,0.0740431044191634,0.7456597013048891
2005-04-28,-0.00785695843798499,0.06560439238713767,0.7279181967238846
2005-04-29,0.009836089203771034,0.07608577224658775,0.7420182461896023
2005-05-02,0.0026908524959485527,0.07898136033269232,0.7455983368742571
2005-05-03,0.0013149930741070033,0.08040021334862035,0.7503801227138909
2005-05-04,0.01044375291142187,0.09168364622228076,0.7805296648379532
2005-05-05,1.6416688659967973e-05,0.09170156805281615,0.7780285404470138
2005-05-06,0.004068724180626409,0.09614340062078042,0.7851888714856667
2005-05-09,0.005213571270979297,0.10185822236313058,0.7942374309556577
2005-05-10,-0.005408474030106051,0.09589885078262084,0.7782736988308545
2005-05-11,0.004299753449508142,0.10061094564658535,0.7895415553189082
2005-05-12,-0.05865514921645136,0.03605444640042532,0.7837053489578116
2005-05-13,0.007842092567342283,0.044179281273904136,0.8031265925753495
2005-05-16,0.006594573827165833,0.05106519863306169,0.8154488695848661
2005-05-17,0.004194885408020697,0.055474296697686,0.8270476449903017
2005-05-18,0.007643689865920909,0.06354201488309408,0.8504905038543564
2005-05-19,0.004790856039018768,0.06863729156784704,0.8654120883438228
2005-05-20,0.002857249004996796,0.07169065440588174,0.8735410793703973
2005-05-23,0.004757171431380368,0.0767888705702986,0.8823197850149522
2005-05-24,0.006106753006767108,0.08336455424330702,0.8887567641188672
2005-05-25,-0.0026958583464273527,0.08044395686752659,0.879242283984105
2005-05-26,0.008094675475241618,0.08918980006755506,0.898970200085458
2005-05-27,0.0006324509158092153,0.08987865915409787,0.9001962913433466
2005-05-31,0.0456576417494694,0.13963994852414774,0.8914051631433224
2005-06-01,-0.08773879178210933,0.0396493163740137,0.9120893166771278
2005-06-02,0.005942323141888247,0.04582724856615128,0.9236880920825634
2005-06-03,-0.020398313828186687,0.02449413613982987,0.8936734020365478
2005-06-06,-0.0020797157807215224,0.02236347951764328,0.8946420620244695
2005-06-07,-0.004150186243059081,0.018120480669543193,0.8772928407914786
2005-06-08,0.021045541543718065,0.03954737754198434,0.8730751587056269
2005-06-09,0.008523399319521726,0.04840785495233635,0.8875183999748526
2005-06-10,-0.010022045510150993,0.03790066371680423,0.8649093490206732
2005-06-13,0.0007422034540085404,0.038670997174332644,0.8748529311618278
2005-06-14,-0.0027749644248642393,0.03578872210803552,0.8690780892313628
2005-06-15,0.001917989922153613,0.03777535443851909,0.8752943060543465
2005-06-16,0.002565789522212172,0.040438067569347425,0.8850172755839134
2005-06-17,-0.00018103886901749735,0.04024970783831194,0.8858877524828244
2005-06-20,-0.0016542259232985663,0.03852889980490204,0.8848824235058668
2005-06-21,0.0017978869972961288,0.0403960574101776,0.88386467197344
2005-06-22,-0.0019281446239692653,0.03839002334528341,0.88126536449349
2005-06-23,-0.006009752002495036,0.03214955682311338,0.8586929825283465
2005-06-24,-0.011743634930865861,0.02002836923372775,0.8393576491136927
2005-06-27,-0.004334796317892791,0.015606754014627189,0.8314738164709585
2005-06-28,0.008209590542453302,0.023944469617237285,0.8496935146028606
2005-06-29,0.0004865813985230008,0.02444270194927367,0.8441761039423623
2005-06-30,-0.007733887151201823,0.016519777699525617,0.831191839428739
2005-07-01,0.0010397708107946439,0.017576725292972828,0.8275258385411999
2005-07-05,0.008504067496283234,0.02623026644751114,0.8469225363864852
2005-07-06,-0.004284321089271387,0.021833566474521504,0.8367460687476165
2005-07-07,0.003235717768965727,0.02513993150248872,0.8437715477082228
2005-07-08,0.018276897409697894,0.043876308861144464,0.8799289669298076
2005-07-11,0.007354803621245236,0.05155381411768856,0.8975724380911443
2005-07-12,0.00480062956715395,0.05660193444919526,0.907295257951368
2005-07-13,0.0001664596345871226,0.056777816021107874,0.9097842591255239
2005-07-14,0.04191302035439512,0.10107056613407384,0.9291809569708092
2005-07-15,0.0018571739499530426,0.10311544570655817,0.9345512426671345
2005-07-18,-0.004403356006728859,0.09825803568259084,0.9250735811907513
2005-07-19,0.012580041509937119,0.11207416736009979,0.9500858727855455
2005-07-20,0.0028919371138486816,0.1152902159180409,0.9651177635808059
2005-07-21,-0.0020348664867039243,0.11302074923472039,0.964063343059343
2005-07-22,-0.005401358320496154,0.10700892534995665,0.9626778539511553
2005-07-25,-0.004383689395308591,0.10215614206338808,0.9538621799788787
2005-07-26,0.004485933739385428,0.1071003414871412,0.9604341608301827
2005-07-27,0.007797685482021063,0.11573316174709602,0.976397743285643
2005-07-28,0.004048264725686347,0.12024994494907526,0.9846003716289753
2005-07-29,-0.006408490411635195,0.11307083391823425,0.9680481396474805
2005-08-01,0.00393256099465089,0.11744805286398452,0.9741417772785439
2005-08-02,0.011181422198844536,0.12994271132833335,0.9948627494707285
2005-08-03,-0.04269249717954624,0.0817026353118997,0.9950833620823165
2005-08-04,-0.008424096697472532,0.07259026771412125,0.9724620382420108
2005-08-05,-0.01527716401416699,0.056204130274253306,0.9636954558142392
2005-08-08,-0.0068394022967752,0.04898032531979224,0.9494482813843486
2005-08-09,0.006659999480876876,0.055966533741872215,0.9631437746159266
2005-08-10,-0.011387003295487684,0.04394223934222885,0.9442251206521959
2005-08-11,0.0070461271658448735,0.05129798911443095,0.9625430018731085
2005-08-12,-0.004916830524594189,0.04612893507110849,0.9516307597440321
2005-08-15,0.004707279785028375,0.05105335665970179,0.9626164895205231
2005-08-16,-0.014099534449799991,0.03623399364890045,0.9298799128026372
2005-08-17,0.005569842958260212,0.042005654261535685,0.9400319843385965
2005-08-18,-0.003956596670831739,0.03788285815889658,0.9320255725039421
2005-08-19,-0.001094077462930657,0.036747333914622926,0.9295242984436598
2005-08-22,0.002546260342380376,0.03938716253603847,0.9318170831091375
2005-08-23,-0.003590163006497272,0.03565559319567346,0.9265572533879491
2005-08-24,-0.005270690289258854,0.030196973317600406,0.9147989304628714
2005-08-25,0.0023250376187737612,0.032592220035310815,0.9199117848892298
2005-08-26,-0.004514554898033181,0.02793052577067945,0.911280054539505
2005-08-29,0.035756238594703775,0.06468545490891509,0.926826957544042
2005-08-30,-0.0018740604430471698,0.06269017001358268,0.9197278412666776
2005-08-31,0.006032469020612908,0.06910081554269931,0.9393207556206411
2005-09-01,-0.0043061622050756245,0.0644970940173939,0.9338524365046481
2005-09-02,-0.0015932514378797695,0.06280108249173177,0.9287886736227948
2005-09-06,0.012352951181910236,0.07592981237983354,0.958398807434671
2005-09-07,-0.0009080066430417923,0.07495286096274589,0.9615743418851861
2005-09-08,0.0011346859641287908,0.07617259488618044,0.9589015467578212
2005-09-09,0.001655836776810767,0.07795456104698872,0.9713462532899151
2005-09-12,-0.0007308566699464438,0.07716673076614833,0.976704266100114
2005-09-13,-0.0038640258007954726,0.07300453072670932,0.9707945720916022
2005-09-14,-0.05683533084909597,0.012019963220277763,0.9490314522640813
2005-09-15,0.0010195379877275426,0.013051756017119498,0.9477073275865251
2005-09-16,0.007729233108416292,0.020881869190266134,0.9610593296759089
2005-09-19,0.009214450633688268,0.030288734776747095,0.9446420994418037
2005-09-20,-0.005201829017836769,0.024929348939435103,0.9350171633319044
2005-09-21,-0.005530434541340793,0.01926104426562647,0.9149583283131697
2005-09-22,0.0020520490135746234,0.021352617886086778,0.9217263760038092
2005-09-23,-0.002561412367832771,0.0187365126587149,0.9271089345862611
2005-09-26,-0.00024847476009025207,0.018483382348136734,0.9284698779221963
2005-09-27,-0.004716184154386876,0.013680027158800012,0.9235409671183896
2005-09-28,0.017911067529785833,0.03183611857883628,0.9235042981293538
2005-09-29,0.010527377007642336,0.042698646409218055,0.9493993395091855
2005-09-30,0.003945307338016472,0.04681241303023609,0.963781366017123
2005-10-03,0.0016833363507116712,0.048574550417465945,0.9685998208457927
2005-10-04,-0.005171955254999983,0.04315136976117495,0.956277693505619
2005-10-05,-0.01510966578406405,0.0273897012018951,0.9268269575440422
2005-10-06,-0.007847227819860476,0.019327540156785394,0.9040460861840942
2005-10-07,0.001113958209520396,0.020463028438333142,0.90769996385485
2005-10-10,-0.004682359196738156,0.01568485399219366,0.8967509030673948
2005-10-11,-0.004717003063427695,0.010893865424435267,0.8873346060216432
2005-10-12,-0.008866922810866503,0.0019303475497383094,0.8651176887461343
2005-10-13,0.003713083302201336,0.0056505983931940396,0.8805788312171303
2005-10-14,0.00618954396328742,0.011875116983655065,0.8934405165388333
2005-10-17,0.004515034062438698,0.01644376760377031,0.900294324763014
2005-10-18,-0.003948840805893954,0.012429992977359916,0.8862556397279278
2005-10-19,0.018818390500784023,0.03148229593991392,0.9244850813340595
2005-10-20,-0.010964640633329251,0.020172463245291317,0.9072952579513678
2005-10-21,0.010720743846998235,0.031109470903505354,0.9189799435596877
2005-10-24,0.016959907573453104,0.048596992228140845,0.9502820892942236
2005-10-25,-4.522250917995984e-06,0.048592250209430254,0.9443599727302427
2005-10-26,-0.007955233097862115,0.04025045443440245,0.9312654019108257
2005-10-27,-0.01883884748088932,0.020653334781386867,0.8923247315867393
2005-10-28,0.012339772990327675,0.03324796523440998,0.9091589406104539
2005-10-31,0.01289409947227646,0.04657076727766962,0.9362188584868856
2005-11-01,0.0005985326596694251,0.04719717406254054,0.9329574138334862
2005-11-02,0.016410251976555233,0.06438194355804328,0.9584233532069253
2005-11-03,0.013435425939007236,0.07868236833153408,0.9858632815452439
2005-11-04,0.005752431135232646,0.08488741437215075,0.9961133865008704
2005-11-07,0.0037051775903827852,0.08890711490797076,0.9976337276871048
2005-11-08,0.0009826644445914787,0.0899771452132534,0.9965670342795157
2005-11-09,-0.0009932518714464845,0.08889452337393644,0.9987861816282355
2005-11-10,0.012464174932852406,0.10246669519669416,1.0241909062403862
2005-11-11,0.0010053181225741221,0.10357502494490989,1.027170224182223
2005-11-14,0.001991716905715927,0.10577303397881854,1.0253801788398955
2005-11-15,-0.003567657464540617,0.1018280145600563,1.016074188099938
2005-11-16,0.004956727514137468,0.10728947579567372,1.0248283479722398
2005-11-17,0.014180556160374103,0.12299145639298548,1.0554071417720379
2005-11-18,0.0015079855221952368,0.12468491125077508,1.0596493696301423
2005-11-21,0.005058922637911766,0.1303746052088195,1.0674718378422448
2005-11-22,0.008744683622663627,0.1402593735064639,1.077170261599559
2005-11-23,0.003875989927910918,0.1446790073533808,1.0803948875945797
2005-11-25,0.004166118786219845,0.14944787607010723,1.0856425940989847
2005-11-28,-0.008168175125279167,0.14005898452098653,1.065215871835146
2005-11-29,-0.005999116345906259,0.1332196380316495,1.0559588229703505
2005-11-30,-0.0020961507643025086,0.13084423882126694,1.0507112661352882
2005-12-01,0.016432402533912226,0.1494267265567335,1.0896028449148694
2005-12-02,0.004711924105271521,0.15484273805683957,1.0955125389233813
2005-12-05,-0.009040831745970989,0.14440199916901109,1.0779427050788026
2005-12-06,0.00181089480814322,0.14647439080773506,1.0860103316747454
2005-12-07,-0.002122069325434367,0.14404149267060595,1.0807259561813045
2005-12-08,-0.0038259511718422615,0.13966444578108672,1.0666871214768752
2005-12-09,0.004938825477986275,0.14529304958226552,1.0753065789404737
2005-12-12,0.002096757549510604,0.14769445143037907,1.08233205790108
2005-12-13,0.00022741006989330427,0.14795544870579502,1.0914297089155762
2005-12-14,-0.0010934720028265585,0.14670019156214287,1.0831045013803235
2005-12-15,0.003203229455266764,0.15037333539211484,1.086439433681138
2005-12-16,-0.005781985634171679,0.1437218932929436,1.070475851225678
2005-12-19,-0.015091518021229787,0.1264613937290382,1.0406572280189974
2005-12-20,0.002532916477706475,0.12931462635471447,1.0415277049179088
2005-12-21,0.0016240461993517032,0.13114868548151826,1.0483202983808009
2005-12-22,0.007107299004488124,0.13918809740776905,1.0639406890327532
2005-12-23,-0.0003489141523707877,0.13879061855837116,1.063413553606693
2005-12-27,-0.009808941152896123,0.12762028839546202,1.045573865936678
2005-12-28,-0.002387102948411787,0.12492854268034415,1.0440167060920644
2005-12-29,-0.00690304284077358,0.11716311275741265,1.0296224066980009
2005-12-30,-0.007019291146357134,0.10932141961099773,1.0171652776104376
2006-01-03,0.02270676055583798,0.13451051546556703,1.0597475527191538
2006-01-04,0.007413473142867147,0.1429211787022715,1.0792422839841067
2006-01-05,0.0047279128976453495,0.14832481048405,1.0908412090588855
2006-01-06,0.014651804636017321,0.165149841265954,1.127256059550437
2006-01-09,0.003474106735036388,0.16919769617682268,1.1357283920498626
2006-01-10,-0.000326073065851785,0.16881645229944353,1.1383276995298126
2006-01-11,0.007792360838777081,0.1779242918500601,1.1557626812963449
2006-01-12,-0.004503750556668373,0.17261921466492725,1.1424105295376177
2006-01-13,-0.0004977171216885137,0.1720355820045676,1.1417117233751322
2006-01-17,-0.006449824500203678,0.16447615819264394,1.1289726172453496
2006-01-18,-0.016572248165853426,0.1451781703158559,1.1047327691297988
2006-01-19,0.005610275114711184,0.1516029349066894,1.1210398427274533
2006-01-20,-0.029800378807884078,0.117284731210199,1.0553948688859127
2006-01-23,-0.0018773662818370033,0.1151871785286136,1.0552968354662453
2006-01-24,0.005608600679705861,0.12144181809610832,1.06745956495612
2006-01-25,-0.004657702108467483,0.11621847617543835,1.0561550394790302
2006-01-26,0.006006223625953604,0.12292273395876929,1.0726949985743985
2006-01-27,0.014082786809633438,0.1387366154248013,1.0979769943252857
2006-01-30,0.0020000064159804314,0.14101409596176273,1.100846005961329
2006-01-31,-0.0033580592567013625,0.1371825030147915,1.0975356194327675
2006-02-01,-0.0015920977359809288,0.13537199732634453,1.1003188705352693
2006-02-02,-0.014303284869549127,0.11913244821567681,1.0669078837578074
2006-02-03,-0.016257209103170887,0.10093847799089106,1.0408657174138027
2006-02-06,-0.004241177824801535,0.09626920213156542,1.0322953514947093
2006-02-07,-0.004563728417555288,0.09126612722050687,1.0253065415231388
2006-02-08,0.012027532417464439,0.10439136594173237,1.0481486276443754
2006-02-09,-0.005755549699287194,0.09803498654759113,1.0280529739672617
2006-02-10,0.006533863351632648,0.10520939710500499,1.0399093303120068
2006-02-13,-0.01237115932270174,0.09153667556847189,1.0179377210896812
2006-02-14,0.008990373084773493,0.10134999751754581,1.03770230618007
2006-02-15,0.006568629551753753,0.1085843576580634,1.0514346180700271
2006-02-16,0.008189392001705816,0.11766298952988441,1.0703899410227935
2006-02-17,-0.008684127461260936,0.1079570616700729,1.053960288233219
2006-02-21,-0.009600315767206767,0.09732032402153368,1.0300148397153572
2006-02-22,0.0094804861221095,0.10772345412492856,1.0567926308802265
2006-02-23,-0.001388933053862545,0.10618490040495554,1.0503801975485643
2006-02-24,0.00097010951501885,0.10725802090220848,1.0555419938500852
2006-02-27,0.011794827336113518,0.1203179380752768,1.079033944258645
2006-02-28,-0.01203727020747944,0.10683236833637855,1.0482712068362954
2006-03-01,0.017552458135942414,0.1262599971451086,1.077709669911746
2006-03-02,-0.0015896955515449073,0.12446958663776408,1.0767288867070413
2006-03-03,-0.005727178443592529,0.11802954866069681,1.065129961632263
2006-03-06,-0.008063554028049773,0.10901425699011513,1.0474987633570523
2006-03-07,-0.004762768344706315,0.10373227899309456,1.0365621251250663
2006-03-08,-0.0009315813147764963,0.10270406262546894,1.0375919998742766
2006-03-09,-0.011428380168403512,0.09010194138454208,1.0170304255323916
2006-03-10,0.002195878662095954,0.09249567297713779,1.0208803700424829
2006-03-13,0.0028069782489719385,0.09556228456828064,1.027697509277628
2006-03-14,0.015374934034153373,0.11240648242382423,1.0612433481331363
2006-03-15,0.004353681797503201,0.1172495462777774,1.077562544947574
2006-03-16,-0.009224532288329083,0.10694344176401693,1.0586685864254393
2006-03-17,0.005056933104719023,0.11254118069972496,1.066773031679761
2006-03-20,0.005296281762630276,0.11843351226524002,1.0708435888014396
2006-03-21,-0.008195664477476819,0.1092672064583482,1.050600810160153
2006-03-22,-5.607161491451504e-05,0.10920500805471045,1.0553212315691551
2006-03-23,-0.003375637667303093,0.10546073384875965,1.0484674233449747
2006-03-24,0.005932752309376978,0.11201915857042644,1.0596004277549818
2006-03-27,0.002913614206322244,0.11525915338853965,1.0606057567319391
2006-03-28,-0.0069105140915537945,0.10755213929331386,1.0512874931058551
2006-03-29,0.015875401397969155,0.1251349740737746,1.0890632869333414
2006-03-30,0.002394622580643351,0.1278292476889631,1.094997676383449
2006-03-31,-0.003176968612870879,0.12424616956837742,1.0888426743217536
2006-04-03,0.003513003473710259,0.12819565026737667,1.0926558001734659
2006-04-04,0.00562910188178235,0.1345463785253156,1.1046470085962579
2006-04-05,0.00909394955904779,0.14486388606402523,1.1244973542201882
2006-04-06,0.001469188536861741,0.14654590696169767,1.132417855851958
2006-04-07,-0.009640852309084885,0.1354922272070942,1.1125920560002802
2006-04-10,-2.1224080431567872e-05,0.1354681274287346,1.1074792015739217
2006-04-11,-0.008471955116390534,0.12584849241706642,1.0897499698790436
2006-04-12,4.127086672947023e-05,0.12589495716015442,1.0901790718854363
2006-04-13,0.00504408529121846,0.1315740673530228,1.0991539940386694
2006-04-17,-0.009147151590574581,0.12122338782298159,1.0773908742111482
2006-04-18,0.018240389887556926,0.1416749395679202,1.1170182274809366
2006-04-19,0.003020080141709182,0.14512288938119644,1.1260913327231803
2006-04-20,-0.0013958679274007728,0.1435244490669767,1.119789205697312
2006-04-21,-0.007718417343646439,0.13469825012641445,1.0954145055037148
2006-04-24,-0.00234931006169744,0.1320324921104019,1.092251094269983
2006-04-25,1.0418565234051656e-06,0.13203367152583856,1.0861574566389196
2006-04-26,0.0016793687918172822,0.13393477354508532,1.087052479310083
2006-04-27,0.010503353247757743,0.14584489103154552,1.1053703605309955
2006-04-28,-0.016221148474257596,0.12725797092565339,1.0852256153093762
2006-05-01,-0.007183954229868866,0.11915980125726877,1.0679377585070169
2006-05-02,0.003903038389863658,0.1235279249259682,1.0720084652980386
2006-05-03,-0.005862613930516359,0.1169411144619732,1.0675577480451297
2006-05-04,0.010587542644833286,0.12876677614310683,1.0856180483267326
2006-05-05,0.007836386354704183,0.13761222870531808,1.1013241995122258
2006-05-08,0.002500171718265577,0.1404564546258802,1.1030284843210119
2006-05-09,-0.0010245245324561998,0.1392880290099181,1.0980506316420429
2006-05-10,-0.01470802146128853,0.12253135622865097,1.078003919840091
2006-05-11,-0.02142289824067299,0.09848348121219996,1.0322217141779504
2006-05-12,-0.010084733755499023,0.08740556776936126,1.005652412407886
2006-05-15,0.002355601243145347,0.08996706167660196,1.0043895024916187
2006-05-16,-0.007084448088191955,0.08224524661031496,0.9907920426797083
2006-05-17,-0.015351977772992874,0.06563064163942611,0.9604096150579318
2006-05-18,-0.008251630559407941,0.05683745127183282,0.9459416783471102
2006-05-19,0.007875791915351885,0.06516088312640056,0.9628004331430771
2006-05-22,-0.008243445220703938,0.05638028773511139,0.9428273586578835
2006-05-23,-0.009195507024354087,0.046666335378853896,0.9237494565131967
2006-05-24,0.006415170278347806,0.05338087814492343,0.9374449497447748
2006-05-25,0.011576017802074857,0.06557483394269448,0.9613537292736007
2006-05-26,0.0026215505163179093,0.06836829219879226,0.9695562079475901
2006-05-30,-0.021007770799343427,0.04592425598699412,0.9265449805018247
2006-05-31,0.00320577099265255,0.04927724962734881,0.9367091752545673
2006-06-01,0.022381023291991944,0.07276114819101576,0.9820622789103159
2006-06-02,-0.0015719967337219055,0.07107477116999572,0.9775626197822445
2006-06-05,-0.020689106548771447,0.04891519110755871,0.9341589593191226
2006-06-06,-6.409555764683939e-05,0.04884796030346039,0.9315719247252989
2006-06-07,-0.008723534637884419,0.039698298791878806,0.9191025227516092
2006-06-08,-0.0025617526965028476,0.037034848871399406,0.9146028636235379
2006-06-09,-0.004924811851631239,0.03192764735712306,0.9016307223266982
2006-06-12,-0.018206728281000988,0.013139621076039276,0.8640388721217633
2006-06-13,4.7167776535588826e-05,0.013187408619285579,0.8597964945943157
2006-06-14,0.013253476369031385,0.02661566399682136,0.8762384202700166
2006-06-15,0.024516236350878406,0.05178441625688146,0.9287395820782918
2006-06-16,-0.0024945257918084075,0.04916071290310642,0.9161844195710609
2006-06-19,-0.0061114446466068555,0.04274882528080459,0.8991417211525419
2006-06-20,-0.000764079433200464,0.0419520823494135,0.8983815505594248
2006-06-21,0.013064762399023364,0.05556493873647628,0.9293282316043265
2006-06-22,-0.011906348233557351,0.04299701499274611,0.9059465875015607
2006-06-23,-0.00097813101019425,0.041976827268841665,0.9017289054157089
2006-06-26,0.005506145644371646,0.047714103437844324,0.9080064866693243
2006-06-27,-0.017364849642943096,0.029520705562855243,0.8722413507957532
2006-06-28,0.010815522563639914,0.04065550998360479,0.8860348774469988
2006-06-29,0.027936793817845564,0.06972808840142175,0.9440413266989887
2006-06-30,-0.006910878871537402,0.06233532715699819,0.9313757082166207
2006-07-03,0.01122275996465648,0.07425766153565583,0.9448872578256469
2006-07-05,-0.02059703760936001,0.05213113607886277,0.9052844503281108
2006-07-06,0.0012589722616819612,0.0534557399948381,0.9023419510446529
2006-07-07,-0.009853422238534708,0.04307559577906095,0.8804683752419951
2006-07-10,-0.009406571919751786,0.033263830169627306,0.8647622240565016
2006-07-11,0.007314960227310695,0.04082211399163671,0.8796715356598419
2006-07-12,-0.022640659339913417,0.017257215075303423,0.8409269321750905
2006-07-13,-0.017201707267393788,-0.0002413457540662023,0.8123590956678939
2006-07-14,-0.007991574675959817,-0.008230991697409595,0.7927539084278039
2006-07-17,0.005388835185076879,-0.0028865119699998942,0.8005150122092746
2006-07-18,0.0034537151282828973,0.0005572339682242688,0.8052231607321505
2006-07-19,0.015625954435019213,0.016191895715840676,0.8276115990747421
2006-07-20,-0.022544262040709452,-0.006717400664822515,0.7985410232443952
2006-07-21,-0.004695944272242686,-0.011381800397888941,0.7801373814899413
2006-07-24,0.017496147140668772,0.005915209088292572,0.8174840733110356
2006-07-25,0.003879884529087751,0.009818043945608368,0.8262874743971858
2006-07-26,-0.0018257697941245008,0.007974348663410513,0.8242766667739274
2006-07-27,-0.008078092484459953,-0.00016816134705577301,0.8128127434465386
2006-07-28,0.022222373723423762,0.02205047543206784,0.8517656866567516
2006-07-31,9.991827017597575e-05,0.02215259694760552,0.8506989932491622
2006-08-01,-0.016000924271692432,0.005797210649733042,0.8206718806476772
2006-08-02,0.00877508237448819,0.014623164025214797,0.8397253866894545
2006-08-03,0.0020683209008096363,0.016721730321813677,0.8521334242325125
2006-08-04,-0.004130467853516731,0.012522193898747425,0.8438450353556386
2006-08-07,-0.005805517160763971,0.006643978926413885,0.8319397371357309
2006-08-08,-0.001719058586598599,0.0049134989507926274,0.8205003595805946
2006-08-09,0.008434756384484285,0.013389699501922259,0.821530234329805
2006-08-10,0.004811495457888289,0.018265619438146752,0.8345758632740599
2006-08-11,-0.007887710387699514,0.010233835134267233,0.8228789047796137
2006-08-14,0.008396374501063163,0.018716136747699785,0.8321848955195712
2006-08-15,0.02212439822043135,0.041254618230685214,0.8813512746963748
2006-08-16,0.017336960048623336,0.05930680794739507,0.9250369122017161
2006-08-17,0.0005060578445140072,0.05984287846730396,0.9293649005933617
2006-08-18,0.0035404750408273115,0.06359522572571596,0.9328837765167282
2006-08-21,-0.00623683800705705,0.05696175459778541,0.9140755785281345
2006-08-22,0.0006177328188493666,0.057614674561869084,0.9169079211751416
2006-08-23,-0.006302205065593234,0.05094937000239952,0.9009441890503385
2006-08-24,0.003299139824518525,0.05441659892252715,0.9068047915143449
2006-08-25,0.003391705734668235,0.05799286974782203,0.9098822925451926
2006-08-28,0.009339350388494207,0.06787383586692552,0.9253188892439361
2006-08-29,0.002826464262238849,0.07089214310058334,0.9294385379101202
2006-08-30,0.003682038540314118,0.07483520924399922,0.9396150055489891
2006-08-31,-0.0008094903516479659,0.07396514051250458,0.936893118877119
2006-09-01,0.00689861008423005,0.08137400726095567,0.9488352357554057
2006-09-05,0.007000521978265545,0.08894418976551122,0.966270217521938
2006-09-06,-0.018922742479630838,0.06833837928788822,0.9276606157845764
2006-09-07,-0.004339665985959587,0.06370214756179737,0.9186366020868382
2006-09-08,0.004827828717542973,0.06883751933670834,0.9307381168154243
2006-09-11,0.0050030794767261435,0.07418499839365666,0.9418588483393051
2006-09-12,0.01807339699918856,0.09359917032019793,0.9810569499333586
2006-09-13,0.00485978847739176,0.09891383096700523,0.9911599299248124
2006-09-14,0.0014155809445547246,0.10046943244582973,0.9935998395544632
2006-09-15,0.0036740490086126587,0.10451261107311582,1.0015203411862332
2006-09-18,0.0028226118543439862,0.1076302214624032,1.0011894222688515
2006-09-19,-0.005521192814475565,0.10151478144256898,0.9875796895708147
2006-09-20,0.014762819748131152,0.11777624561090771,1.01734922123299
2006-09-21,-0.008131434983105845,0.1086871207440625,1.0044998087974135
2006-09-22,-0.008932373605372097,0.09878391317011226,0.989173668073807
2006-09-25,0.01886237216715876,0.11950958427161407,1.0235042232946854
2006-09-26,0.007854625534288753,0.128302912838115,1.0343305552208775
2006-09-27,0.0017212552020626055,0.13024501009634015,1.0300025668292316
2006-09-28,0.0026414505180763874,0.13323049636381223,1.0372609312875523
2006-09-29,-0.0068126572242304916,0.12551018543604098,1.0281143383978937
2006-10-02,-0.010792045093922505,0.11336362876114614,1.0019741386342216
2006-10-03,0.003112976636774522,0.1168295037257141,1.0111452772961331
2006-10-04,0.021055020910280598,0.1403443722798774,1.0612310752470102
2006-10-05,0.0056419867294470695,0.1467781800952801,1.0713954196690954
2006-10-06,-0.0007224832773121673,0.14594965203737487,1.0658166445779655
2006-10-09,0.00554681958029248,0.15230602800532522,1.073418350509137
2006-10-10,0.002570834887140736,0.15526841654278378,1.0761281139642236
2006-10-11,0.0018408032131989633,0.15739503835606294,1.07366365856232
2006-10-12,0.016640578639847074,0.176654761509196,1.1070869182259084
2006-10-13,0.0031158800036778255,0.18032107655181484,1.1177170336434221
2006-10-16,-0.00020102084567381496,0.18008380741083974,1.118207500080446
2006-10-17,-0.011349542102117326,0.16669039655460338,1.0961378574384528
2006-10-18,-0.004426860759136788,0.16152562062003417,1.0852747068538817
2006-10-19,0.0032114386307557662,0.16525578886870584,1.0921653337364416
2006-10-20,0.008784192217492194,0.17549161970067417,1.0961010387800738
2006-10-23,0.006251423030678537,0.18284011508444054,1.1161477505820252
2006-10-24,-0.0027372372479076003,0.1796024010631121,1.1013732910567313
2006-10-25,0.007304689100629426,0.1882190298652342,1.117165352445109
2006-10-26,0.00764309600262276,0.1973007019826376,1.138388914291101
2006-10-27,-0.01495045403975179,0.17940051286588354,1.1059465875015606
2006-10-30,0.004577375817234226,0.18479907225230963,1.1184405352475029
2006-10-31,0.00399318924653113,0.1895301991669276,1.124252195836347
2006-11-01,-0.012376802278317962,0.17480761908775033,1.0937347664671808
2006-11-02,-0.0006711301520749738,0.1740191702716931,1.096824540384155
2006-11-03,-0.004992986041487951,0.16815730894208736,1.0892349576697669
2006-11-06,0.016153996576399838,0.18702771811143437,1.123908854363496
2006-11-07,0.0039329562795934105,0.19169624622943204,1.1352747442712174
2006-11-08,0.0037575030073762642,0.19617404845851816,1.145353178490419
2006-11-09,4.7786604383459315e-05,0.19623120955454576,1.1335704594624318
2006-11-10,0.0041555165753124285,0.2012021681737557,1.1470206446408264
2006-11-13,0.009731936871231904,0.21289219184400943,1.1677293439468848
2006-11-14,0.010929480363661967,0.22614847323800746,1.191307054888986
2006-11-15,0.005570273143148745,0.2329784551479981,1.1993869543710551
2006-11-16,0.005423209645984931,0.2396651557992484,1.2093796280567148
2006-11-17,-0.003008291503101459,0.23593588164436663,1.2077857992230658
2006-11-20,0.005371985066381683,0.2425753107435653,1.211635743733157
2006-11-21,-0.00207119584350521,0.24000169392471093,1.2178519605561409
2006-11-22,0.0036220119671058,0.24449299489933773,1.2311918394287416
2006-11-24,-0.0026313449746418324,0.24121830451123238,1.226005497354968
2006-11-27,-0.022854516688027925,0.2128508600572947,1.1765204721469091
2006-11-28,0.00619831980877365,0.22036849756827603,1.1828592681618133
2006-11-29,0.006902688306008925,0.2287923209254621,1.198099648351878
2006-11-30,-0.0020216493441006698,0.22630813373582725,1.1962359656927926
2006-12-01,-0.009711779989512335,0.21439849894163543,1.1764591077162772
2006-12-04,0.013434008896553133,0.23071273918037827,1.2068785036657759
2006-12-05,0.0009333226515927486,0.2318613912574592,1.2129107768662077
2006-12-06,-0.0042706021861131874,0.22660060130696658,1.2058975707917279
2006-12-07,-0.009363523489943333,0.2151152977638502,1.1793281193523204
2006-12-08,0.005886466147113292,0.22226803282897656,1.1900564178588446
2006-12-11,0.0024442194519738647,0.2252555241303429,1.1968367384356102
2006-12-12,-0.0035467151114334334,0.2209098918475425,1.1848578028989447
2006-12-13,-0.00010560048246951033,0.2207809631739115,1.1866601211273986
2006-12-14,0.008043264600304335,0.23060002747973374,1.2111452772961329
2006-12-15,0.0022786425676579415,0.23340412508611008,1.2174596772081272
2006-12-18,-0.008775895180138184,0.22257989976960424,1.1959171699921938
2006-12-19,-0.001959705230321557,0.2201840035455398,1.188720020295162
2006-12-20,-0.0038128484786824,0.2155316268239087,1.1798922231061018
2006-12-21,-0.005044530870071208,0.2093998400088477,1.1656205029039581
2006-12-22,-0.008804812100888381,0.19875130166272537,1.1439554164961048
2006-12-26,0.005023153308640684,0.2047728132299098,1.1500123851381323
2006-12-27,0.005322803154383998,0.21118558176048596,1.1621016269805922
2006-12-28,-0.0019221751333045036,0.208857470953409,1.1566208853091298
2006-12-29,-0.0031934868370586153,0.20499700053203918,1.1541197609181904
2007-01-03,0.005011332732729852,0.21103564144364673,1.157148170404533
2007-01-04,0.016470528478356897,0.2309820384643495,1.1982713190883034
2007-01-05,-0.0046162417717842495,0.22529952775807427,1.188940782576093
2007-01-08,0.0002901408260949887,0.2256550371752717,1.191196748583192
2007-01-09,0.002794562831988458,0.22908020718700128,1.201606251389118
2007-01-10,0.009126412191613356,0.24029729977434333,1.2267656679480852
2007-01-11,0.010316946897869318,0.25309338115368574,1.2497057874889896
2007-01-12,0.008956865227573703,0.2643171696862441,1.261905485306586
2007-01-16,-0.00010472481387066588,0.26418476430597515,1.2589995053428211
2007-01-17,-0.013467075182448059,0.24715989304056118,1.2409025360721824
2007-01-18,-0.0163912616104116,0.2267173689637203,1.1992154333039728
2007-01-19,0.003436804941383831,0.23093335727905617,1.2030531049279376
2007-01-22,-0.007335772600225118,0.22190351008402542,1.1812408935559113
2007-01-23,-0.0044997279729531384,0.21640527667945064,1.1743502666733519
2007-01-24,0.014393888241599338,0.23391407828846633,1.2101888901943378
2007-01-25,-0.01557888064820884,0.21469107813266564,1.1796837337112982
2007-01-26,-0.00033186171815569564,0.2142879686644481,1.173822981577949
2007-01-29,0.0015308071965596036,0.2161468094255754,1.1764100161717725
2007-01-30,0.0008213399421742277,0.21714567937570428,1.1796960065974247
2007-01-31,0.007922861961737106,0.22678895658072262,1.1974988756090608
2007-02-01,-0.0018292385107857886,0.22454486697673848,1.1964811240766338
2007-02-02,2.9284362791188177e-05,0.224580726992877,1.20467147953384
2007-02-05,-0.0023878891737181955,0.22165656393254674,1.201312001460773
2007-02-06,-0.000969426043064742,0.22047225824378947,1.1984552627108562
2007-02-07,0.008419186534379217,0.23074764184597907,1.2203899036054597
2007-02-08,-0.0020215623387995815,0.2282596087646569,1.2198873139516522
2007-02-09,-0.012769541071967124,0.21257529724349822,1.1892227596183131
2007-02-12,-0.0026759365530059265,0.20933052268233232,1.1805052687350472
2007-02-13,0.0027818138476196296,0.21269465507667906,1.1871260417921707
2007-02-14,0.015406559379537242,0.23137810728936525,1.2253310872953929
2007-02-15,0.0022155735826157315,0.23410631609408683,1.2356671024539039
2007-02-16,-0.0017949348552125158,0.23189117565229167,1.2333129533577942
2007-02-20,0.00519537410638588,0.23829131116816082,1.2482957526085494
2007-02-21,0.0015983477138210172,0.2402705312544109,1.2549412211072686
2007-02-22,0.0010408561021673201,0.24156147440520526,1.2637812911824549
2007-02-23,-0.004996408176166411,0.2353581265032738,1.2557259374726382
2007-02-26,-0.003934143605357154,0.23049805022956504,1.2444703538707107
2007-02-27,-0.0396847973074907,0.18166598451894211,1.1533473174389477
2007-02-28,0.002380666363948503,0.18447913698170848,1.1598823299625303
2007-03-01,-0.005390340823301076,0.17809439073528766,1.1498896562768701
2007-03-02,-0.015482613986549628,0.15985441004381395,1.1162703297739465
2007-03-05,-0.007433914843227256,0.15123215112900668,1.1002206874462588
2007-03-06,0.018695151997625864,0.17275461117891733,1.1371996416915926
2007-03-07,-0.006415842771845448,0.1652304019836366,1.1286170028863731
2007-03-08,0.005739871560614689,0.17191867482954604,1.1412826213687413
2007-03-09,-0.0020780413968014117,0.16948337930956558,1.1392104493148514
2007-03-12,0.0076935269677282,0.17848083122659375,1.1535312610615005
2007-03-13,-0.02093549796409611,0.15380874818372314,1.1119176459407063
2007-03-14,0.01005529750002187,0.16541063840483838,1.137261006122225
2007-03-15,0.00032039168469359615,0.1657840262826369,1.1393698471651512
2007-03-16,-0.0014073533333106149,0.1641433562473278,1.1361329482840041
2007-03-19,0.010838451983373413,0.17676086811577774,1.1557504084102206
2007-03-20,0.005095066219225558,0.18275654266302088,1.1668097755034696
2007-03-21,0.02236536580158015,0.2092093253938916,1.2147499137530415
2007-03-22,-0.0036749773273928553,0.204765508538997,1.2066577413848458
2007-03-23,-0.004356648693193948,0.1995167684606154,1.199656808196492
2007-03-26,0.0030994446125168005,0.20323460424624407,1.210581173542352
2007-03-27,-0.009566549529986673,0.19172380080852847,1.1946175910868915
2007-03-28,-0.010537964420405787,0.1791654577966575,1.1708436636361124
2007-03-29,0.00138662825205762,0.18080052193428875,1.172290367505589
2007-03-30,0.001327366780165716,0.1823678773211066,1.173075083870959
2007-04-02,-0.0017632200568378365,0.18028310256525315,1.1742643564704687
2007-04-03,0.011326385070356623,0.19365144347694252,1.2024400592989948
2007-04-04,0.005866001359049681,0.20065340446660995,1.2090976510144973
2007-04-05,0.005752811457611668,0.20756053712844613,1.2228298132351116
2007-04-09,-0.00047116202781476927,0.20699158045706367,1.2170058797601415
2007-04-10,0.005496015466329683,0.21362522485098534,1.2277220550498824
2007-04-11,-0.009198786037292095,0.2024613460781206,1.2046223879893359
2007-04-12,0.008322585989342417,0.21246893402971612,1.2235042232946873
2007-04-13,0.003301522109575358,0.21647192702258855,1.2276238719608714
2007-04-16,0.009793620888852179,0.2283855918977793,1.2486022754230226
2007-04-17,0.0028170857042999673,0.23184605938808245,1.2497671519196225
2007-04-18,-0.001081558914301676,0.23051374530150381,1.2466773780026488
2007-04-19,0.002262876807869078,0.23329824631751084,1.2467754114223166
2007-04-20,0.006907388300181748,0.2418171161947591,1.263229609984144
2007-04-23,-0.003915946113044566,0.2369542272854841,1.2684895893746755
2007-04-24,0.0028096635699031013,0.24042965251552584,1.2791442505644417
2007-04-25,0.016190086326969586,0.26051231567228506,1.306682212322428
2007-04-26,0.003588379983006557,0.2650355128341768,1.3167851923138816
2007-04-27,0.004312408229376793,0.27049086239017694,1.3186122059839311
2007-04-30,-0.011893811020244912,0.25537988416996016,1.2900319469212653
2007-05-01,0.00623828218597702,0.2632112981380115,1.2969962111205833
2007-05-02,0.007529837052558689,0.2727230733759418,1.3169814088225604
2007-05-03,0.0009585603524412236,0.273943055253717,1.3242276500640977
2007-05-04,0.0009592828161589365,0.27516512693538675,1.3243011377115126
2007-05-07,-0.0013723673202780623,0.27341513198722245,1.324619933412111
2007-05-08,0.0013803027311595113,0.2751728303718042,1.3293649005933657
2007-05-09,-0.002468557578354606,0.2720249928176779,1.336500835529109
2007-05-10,-0.015123871556866324,0.2527870502091796,1.2991662669247983
2007-05-11,0.012628231086689031,0.26860753458163256,1.3280898674603154
2007-05-14,-0.0036346039064203946,0.2639966486807279,1.3149583283131765
2007-05-15,-0.007647530761819782,0.2543301954271049,1.2949854034973258
2007-05-16,0.010035915021922824,0.2669185466778432,1.31923737482966
2007-05-17,-0.0028773143244974504,0.26327322379551554,1.31078973777183
2007-05-18,0.005997799285736638,0.27085008303488656,1.3258093556809643
2007-05-21,0.006698598080010982,0.2793629969610858,1.343256610333623
2007-05-22,0.003068904934717548,0.28328924037575454,1.3497425313126996
2007-05-23,-0.006340187645409601,0.2751529457884372,1.3349804943428754
2007-05-24,-0.015382349774570356,0.25553809716024567,1.2984306421039342
2007-05-25,0.008044405548537399,0.2656381547954416,1.3163929089658697
2007-05-29,0.00551295288130621,0.2726155583076122,1.3293159587182042
2007-05-30,0.005886394423621342,0.280106675433448,1.3517410660498315
2007-05-31,0.004105879143572948,0.2853626387336585,1.3641368307067632
2007-06-01,0.002099472709726722,0.28806122251578214,1.3642227409096477
2007-06-04,0.002886039428155783,0.29177861798984117,1.3709294241696557
2007-06-05,0.002202360405819948,0.2946235800711867,1.3692374122469957
2007-06-06,-0.010415025904881142,0.2811400419476753,1.3477808152339468
2007-06-07,-0.016772218730969252,0.25965248093912585,1.3077122367409824
2007-06-08,0.013595723900841664,0.27677836828098457,1.3372487332361005
2007-06-11,-0.0008019482409016877,0.27575445811452015,1.3319764809594425
2007-06-12,-0.005265548393755097,0.2690369112767692,1.3181340124330347
2007-06-13,0.014387048130843044,0.2872946063991244,1.346579269748311
2007-06-14,0.007216048020946844,0.29658378609600633,1.3596617173509449
2007-06-15,0.011664968361691867,0.31170839493909885,1.381571962142639
2007-06-18,0.0013353431840136174,0.313459975803694,1.383975053113911
2007-06-19,-0.0017136288927154424,0.3112091928397316,1.3807627000050169
2007-06-20,-0.008605115305452453,0.29992608654577646,1.3566945226258915
2007-06-21,0.011382678080597267,0.3147227267174977,1.3802354149096137
2007-06-22,-0.009911960062440632,0.30169124755709076,1.3564737603449606
2007-06-25,-0.004253233807179572,0.29615485033647126,1.3453899971488017
2007-06-26,-0.0035182160011464777,0.29159469760205403,1.3401668364166492
2007-06-27,0.013230937216059852,0.3086837059546228,1.3701080388152502
2007-06-28,0.0011104316040595182,0.3101369097014326,1.3684037540064642
2007-06-29,-0.00395549619039336,0.30495466814621475,1.3713830719483013
2007-07-02,0.010429097515152775,0.31856416763316564,1.395929442878324
2007-07-03,0.005735830403308259,0.3261272280745886,1.409514480134765
2007-07-05,0.004739969274845093,0.33241303039019776,1.4289604191938987
2007-07-06,0.0028812185638859918,0.33625200354812157,1.4378495808135905
2007-07-09,0.004781200147644408,0.34264089182477586,1.4389406703240892
2007-07-10,-0.006917112665589864,0.33335369350659594,1.4177171084780977
2007-07-11,0.0033541585742192298,0.33782597323013785,1.432663089070474
2007-07-12,0.024272353585493598,0.370298158288237,1.4779672508510604
2007-07-13,0.0037483020783116946,0.37543444972285567,1.4916136525381334
2007-07-16,-0.001929100122861615,0.37278109895690714,1.4865376167701538
2007-07-17,0.007110550633012506,0.38254232846908276,1.5034086444522474
2007-07-18,-0.0060327108903074946,0.37420185030781616,1.498749437804534
2007-07-19,0.009021193176190094,0.3865987906625208,1.5171530795589883
2007-07-20,-0.014525760034143598,0.36645738936572325,1.496174676096837
2007-07-23,0.0032495301616539463,0.370897733867082,1.4967263572951492
2007-07-24,-0.0152927423291294,0.3499329480634654,1.452856925836599
2007-07-25,0.00761425983520688,0.3602116882901276,1.4658411903502224
2007-07-26,-0.014911248527512544,0.33992923375600603,1.4357528629874485
2007-07-27,-0.012589582619101687,0.3230600839638851,1.3984673859276429
2007-07-30,0.009069646913277867,0.3350597717704893,1.4202183825383803
2007-07-31,-0.01850234236255456,0.3103580387987177,1.368881947557362
2007-08-01,0.008024431032702525,0.32087291650920524,1.3848455300128224
2007-08-02,0.012070759684255767,0.33681685605782996,1.4112310378296784
2007-08-03,-0.022070906441490012,0.30731209629837086,1.3523297155758676
2007-08-06,0.018177202284837605,0.33107537272220156,1.3962359656927967
2007-08-07,0.004836264274128218,0.3375128049934699,1.405149673084741
2007-08-08,0.018734893488617534,0.36257096493468466,1.4366601585447385
2007-08-09,-0.023067004632524632,0.3311405341743927,1.374644516601701
2007-08-10,-0.0049925785078039926,0.3244947105526068,1.3603973421718103
2007-08-13,-0.0018851166286996052,0.3219978835491195,1.3717632320795317
2007-08-14,-0.013880665086861102,0.3036476736820348,1.3311917645940738
2007-08-15,-0.017853978127718512,0.2803723766298647,1.2865621625424062
2007-08-16,-0.011472927829663268,0.2656827567576958,1.2634747683679861
2007-08-17,0.01971297248147574,0.2906331261119386,1.315816681995305
2007-08-20,0.001569893107481492,0.29265928216090886,1.321052115613584
2007-08-21,0.005144875841529562,0.2993098536730274,1.343048120938819
2007-08-22,0.011169903462144751,0.3138230193059688,1.374656789487827
2007-08-23,-0.0012885158023293731,0.312130137584129,1.368661185276431
2007-08-24,0.014981928979242345,0.33178837811693795,1.4048308773841418
2007-08-27,-0.0064699580059022635,0.32317176323777264,1.3878004518517493
2007-08-28,-0.022633615555129487,0.29322360223524613,1.3286415486586285
2007-08-29,0.029409095822090257,0.3312561390727713,1.3968244655494875
2007-08-30,0.0029609642387961447,0.33519794089324373,1.407736707678564
2007-08-31,0.013084764612206664,0.35266869166053505,1.438364443353524
2007-09-04,0.01513802130583059,0.3731454191346222,1.4773296594498633
2007-09-05,-0.00825315321403353,0.3618126396053558,1.445291888894463
2007-09-06,0.0029234453404713883,0.3657938244212051,1.4505518682849945
2007-09-07,-0.017733665466461494,0.34157329364276046,1.4011157849520979
2007-09-10,9.241777575164903e-07,0.3415745334949585,1.403384023845323
2007-09-11,0.016989867729165154,0.3643677073678542,1.4386709661679968
2007-09-12,0.0008850959747545461,0.3655753037337306,1.4386464203957443
2007-09-13,0.0032214398749601985,0.36997442246943923,1.4505027767404894
2007-09-14,-0.0021559661925359456,0.36702080392995606,1.4531878447539808
2007-09-17,-0.007883418215201148,0.35624400722369587,1.431436997812586
2007-09-18,0.024396692726243237,0.38933187552974124,1.495549357581766
2007-09-19,0.0022419004630572998,0.3924466193048317,1.5028936322429707
2007-09-20,-0.0036484135223804385,0.38736639822976704,1.4921653337364464
2007-09-21,0.007541561435640295,0.3978293071557597,1.5128494872702518
2007-09-24,0.0037642178879384275,0.40309104123803996,1.5223762402911407
2007-09-25,0.008069896373543096,0.41441384054347763,1.5463832029089772
2007-09-26,0.004350430244004407,0.4205671492929166,1.5605443174666407
2007-09-27,0.003863296811048527,0.42605522183066036,1.570365320415875
2007-09-28,-0.0025992205520303626,0.4223485897897479,1.5638918219922675
2007-10-01,0.011674380646388231,0.4389536286388067,1.5955983742916002
2007-10-02,-0.0004923248562110755,0.4382451960004927,1.5942740999447014
2007-10-03,-0.009298386214031971,0.4248718366976041,1.5784821882256663
2007-10-04,-0.0007722748959359653,0.4237714439481963,1.5816087808010195
2007-10-05,0.014769559962061958,0.44479992166186055,1.6356914985568176
2007-10-08,0.005550979462902393,0.4528199763550085,1.6523541865134495
2007-10-09,0.0037131780419941093,0.4582145555901802,1.6621015521459261
2007-10-10,0.005806169341816484,0.4666811962366386,1.669176122651038
2007-10-11,-0.01525196487399595,0.44431142615028696,1.6249632000502934
2007-10-12,0.012657223218159744,0.4625923982676097,1.6704144867950528
2007-10-15,-0.007221001740616203,0.45203101601390716,1.647032842692287
2007-10-16,-0.015171829693024014,0.4300010487299555,1.637493816785272
2007-10-17,0.014334154446461784,0.4504989046210528,1.6718243720061503
2007-10-18,0.0030880042673542144,0.45497805142831527,1.6820991724033725
2007-10-19,-0.024448890125909065,0.4194054529133351,1.6128986536494296
2007-10-22,0.011707524370210793,0.43602317684452796,1.645230524463833
2007-10-23,0.019378236309772204,0.4638507733117312,1.7037518362557567
2007-10-24,-0.009681702439904249,0.44967820570810324,1.6834111738641453
2007-10-25,-0.004903408962395114,0.44256984060164517,1.6502207996982712
2007-10-26,0.020238901950384913,0.4717658701621643,1.690767721411476
2007-10-29,0.0042325363711890095,0.47799517273750025,1.701593903668325
2007-10-30,0.0032163973193116385,0.4827489924490487,1.7067314535362796
2007-10-31,0.016674407379203664,0.5074729531902478,1.7451937806401254
2007-11-01,-0.016550446600934337,0.4825236025761199,1.6938084037839447
2007-11-02,0.006850460540119436,0.4926795720153634,1.7143945238980827
2007-11-05,-0.003058201384089897,0.48811465728222325,1.6979892672114176
2007-11-06,0.012542045482231317,0.5067786589966321,1.7267901388856712
2007-11-07,-0.02440572001766257,0.47000464091657124,1.659919073786242
2007-11-08,-0.03401124073870337,0.4200079591873467,1.582344255952541
2007-11-09,-0.029372727040675926,0.3782984530065494,1.4942375057903368
2007-11-12,-0.016852048733953736,0.35507130030655,1.4303090896437087
2007-11-13,0.038383459090716734,0.40708362412687094,1.533202721886676
2007-11-14,-0.012783421283298636,0.38909628137882635,1.4988353480074186
2007-11-15,-0.007189787477547666,0.3791089743298608,1.4816455246247267
2007-11-16,0.009655522414312044,0.3924249919432816,1.5117952164181325
2007-11-19,-0.013354336055186967,0.37383008066923007,1.4781021029291082
2007-11-20,0.0034645020053249123,0.37858971773868433,1.4888916161969212
2007-11-21,-0.01501669667761179,0.35788785410452806,1.4600049839891263
2007-11-23,0.010614359004265451,0.3723009632755252,1.4876165830638706
2007-11-26,-0.02023444215346906,0.34453321881697674,1.439136886832769
2007-11-27,0.017137042871043826,0.3675745422293857,1.4935753686168876
2007-11-28,0.028445658065832678,0.4064761000371806,1.569139229157987
2007-11-29,0.0035022686067432765,0.4114019571284755,1.577758686621586
2007-11-30,-0.0021314999225819464,0.4083935539661241,1.5614273665903649
2007-12-03,-0.007671999170579176,0.397588359788247,1.5348823112538668
2007-12-04,-0.002170588115930446,0.394554771103528,1.524595537309204
2007-12-05,0.025342532468783582,0.42989632066971617,1.5739457104392165
2007-12-06,0.012589681939697776,0.4478982605536921,1.608692945111018
2007-12-07,-0.0005356961154944577,0.44712262707988226,1.61157437930253
2007-12-10,0.0044352351106649235,0.4535409561649446,1.6175575609584563
2007-12-11,-0.021013285501972696,0.4229972850642403,1.5548308399668072
2007-12-12,0.00941314779935295,0.4363921688266279,1.576459257385625
2007-12-13,-0.00015970540562668245,0.4361627692326664,1.5682687522590761
2007-12-14,-0.013568242179371593,0.4166765649707207,1.5405960880923861
2007-12-17,-0.026239922659115292,0.3795030814729079,1.477685273808842
2007-12-18,0.007433218430252673,0.3897572292027025,1.4883399349986086
2007-12-19,0.0018510408775976343,0.39232972664389343,1.4901913447715676
2007-12-20,0.01623263766422712,0.41493091060563625,1.5376164708118627
2007-12-21,0.015414088557010049,0.43674078096376223,1.589222759618317
2007-12-24,0.009641167812519384,0.4505926399361242,1.6098825170492126
2007-12-26,0.0038931151718879196,0.4562399641508885,1.620083380790991
2007-12-27,-0.014448751535028625,0.43519911473349326,1.5822586450883418
2007-12-28,0.0005808754977627588,0.43603278673365264,1.5834356448017246
2007-12-31,-0.011146843192025684,0.42002555444132494,1.5563143624946614
2008-01-02,-0.01677129618804976,0.3962098852731899,1.5131314643124703
2008-01-03,-0.00102614853923987,0.39477716653894457,1.5156450112588788
2008-01-04,-0.040755186877527924,0.33793276246414106,1.4074547306363439
2008-01-07,-0.0011716817997309318,0.3363651309970981,1.4000000000000021
2008-01-08,-0.022288566003077145,0.30657946857065843,1.3422388588011955
2008-01-09,0.01930771620584575,0.33180653415020545,1.389897020008548
2008-01-10,-0.0006799216751687413,0.3309010100205054,1.3953409430216315
2008-01-11,-0.018460050713058708,0.306332509881466,1.345279690843007
2008-01-14,0.019732229769018367,0.33210936312118555,1.3898358052472597
2008-01-15,-0.023718637950416066,0.3005135434269548,1.3223271487466337
2008-01-16,-0.02040851618121547,0.273971991732036,1.29559844912627
2008-01-17,-0.014657566627422495,0.2552986623817537,1.2585826762225576
2008-01-18,-0.0009358403833558664,0.2541239032003244,1.2610225858522086
2008-01-22,-0.028414757371262204,0.2184882767773868,1.2015817056168685
2008-01-23,0.002225792028610484,0.2212003782707932,1.19412712464987
2008-01-24,0.02265906809930208,0.24887164080492474,1.239970694742642
2008-01-25,-0.017565482103459474,0.22693460834884793,1.1936857497573508
2008-01-28,0.004593540465498928,0.23257058212081927,1.2131927539084302
2008-01-29,-0.0005981559214289201,0.23183331272854457,1.2163684380282884
2008-01-30,-0.0010151296857392252,0.2305828421649112,1.2173983127774988
2008-01-31,0.016060926979032046,0.2503471433345714,1.2577490179820257
2008-02-01,-0.0037805487807435535,0.24562014496633178,1.2747303519699127
2008-02-04,-0.015618528712010875,0.226165390967916,1.2422757522942462
2008-02-05,-0.028681529686689744,0.19099709190607816,1.174460572979148
2008-02-06,-0.015187636538497069,0.1729086609558017,1.1345635155532663
2008-02-07,0.006836341507887058,0.18092706511965417,1.1497058623236636
2008-02-08,0.010409049670196586,0.19321939359736406,1.1747670957936203
2008-02-11,0.008503231969145887,0.20336561489120597,1.1984919316998943
2008-02-12,-0.002106558718207673,0.20083065456396554,1.1831045762149994
2008-02-13,0.023590887146401406,0.22915931501772335,1.2351643631307558
2008-02-14,-0.02074282869911339,0.20366307390239125,1.1917484297815077
2008-02-15,-0.002640528299060567,0.20048476749321775,1.1829083597063215
2008-02-19,-0.0078092050014265885,0.19110993584277325,1.1638181846755082
2008-02-20,0.010392526105319082,0.20348857694532407,1.1915767590450823
2008-02-21,-0.01312916695139873,0.18768777449450758,1.1656450486762147
2008-02-22,0.0023433014744380287,0.19047088500765263,1.1743992085485169
2008-02-25,0.0046144113977483695,0.1959642074281196,1.1891368494154317
2008-02-26,0.007523730634571668,0.20496231997339787,1.1963096030095541
2008-02-27,0.0021382531205092555,0.2075388344141771,1.2068906268825628
2008-02-28,-0.006304817500249125,0.19992552243873218,1.2001716707364287
2008-02-29,-0.02272169699797933,0.1726611782977372,1.1398603136021777
2008-03-03,-0.007017154234125857,0.1644324339452503,1.1251472185075153
2008-03-04,0.002579659292344753,0.16743627289378482,1.1379352665124607
2008-03-05,0.006592285143866548,0.17513234569199332,1.1500367812410466
2008-03-06,-0.021368162947522785,0.15002192624434207,1.0996812791340762
2008-03-07,0.000305493000717465,0.1503732498934811,1.0935508228446338
2008-03-10,-0.012994612231862223,0.13542459558920816,1.0512874931058591
2008-03-11,0.03793392363081585,0.17849570548683902,1.1345635155532676
2008-03-12,-0.002544451446060382,0.17549708038483702,1.127489094717499
2008-03-13,0.005467519186558856,0.1819241332255852,1.14615016774192
2008-03-14,-0.020530438936098305,0.15765871198129644,1.1013119266261047
2008-03-17,-0.010670424328067868,0.14530600229737156,1.0686488375556333
2008-03-18,0.038739273105116594,0.18967432430929865,1.1592080695723008
2008-03-19,-0.027194229761615833,0.15732204739253652,1.103469859213536
2008-03-20,0.021024087141016154,0.18165368696713635,1.1480996109345463
2008-03-24,0.02879221936799549,0.21567611913929485,1.2246200082467844
2008-03-25,0.003469108518570523,0.21989343152002383,1.2370525915620951
2008-03-26,-0.007076620783341565,0.2112607083090674,1.2281511570562773
2008-03-27,-0.021570011716531074,0.18513380063906704,1.1798554044477276
2008-03-28,-0.005313587828272654,0.17883648810111685,1.167202058851486
2008-03-31,0.010908822941257479,0.19169620662650577,1.1848088610237868
2008-04-01,0.04086582074299947,0.24039585018661702,1.2749877832398813
2008-04-02,-0.00300780588438569,0.23666498024945826,1.2667975774520182
2008-04-03,-0.004361679948613853,0.23127104340195137,1.2746321688809035
2008-04-04,0.005996688355742468,0.23865459213068285,1.2877268893696638
2008-04-07,-0.0022896843448339667,0.23581846410242457,1.281547341535716
2008-04-08,-0.010355264085405455,0.2230212375450238,1.2635361327986185
2008-04-09,-0.007646097031987377,0.21366989849057316,1.2390755224021368
2008-04-10,0.014216472303059382,0.23092400298752125,1.2719102822090336
2008-04-11,-0.027605146091090365,0.19694416605802112,1.2053948314685816
2008-04-14,-0.005575534921914687,0.19027056206058268,1.1958436823447833
2008-04-15,0.0036226885315572806,0.19458254157520982,1.200502739323154
2008-04-16,0.028282878627312425,0.22836877460888783,1.2644557012420345
2008-04-17,-0.0023682123450435937,0.225459736512593,1.2570868808085773
2008-04-18,0.03479765791127538,0.2681028652077999,1.3299167314610236
2008-04-21,0.006311699593570151,0.2761067495467371,1.3456597013048959
2008-04-22,-0.011609345652323456,0.26129198520198615,1.3070746453397866
2008-04-23,0.015339836789306139,0.2806399983986445,1.3377391996731256
2008-04-24,0.006986875124032659,0.2895876701462974,1.3597106592261081
2008-04-25,-0.006136421826303898,0.2816742162202792,1.352354111678777
2008-04-28,-0.0013619282968413704,0.27992866783787695,1.3580922846202061
2008-04-29,0.003886667652263479,0.28490332518836725,1.3707700263193572
2008-04-30,-0.004667576999072361,0.27890593998168645,1.351275145385061
2008-05-01,0.030455238093426196,0.31785532488292567,1.428200098931439
2008-05-02,-0.000532323817500831,0.31715379910547026,1.4299534752847305
2008-05-05,-0.003146895913262576,0.31300885319792693,1.4225355633067678
2008-05-06,0.006274882713635565,0.32124782975370914,1.4406695009051287
2008-05-07,-0.021319083935184883,0.29308003637200897,1.3926190563497625
2008-05-08,0.005122316421700535,0.29970360147689035,1.4115498335302763
2008-05-09,-0.004709947778301849,0.2935820653866634,1.4034944798204596
2008-05-12,0.017059611592719497,0.3156500729854679,1.4485287877756097
2008-05-13,-0.0004313117497143034,0.3150826176504766,1.4529304134840135
2008-05-14,-0.0006365719146230837,0.3142454729906714,1.448872129248461
2008-05-15,0.01946526883310579,0.3398276144351271,1.4906081738918329
2008-05-16,0.0004812706637811289,0.34047243416047857,1.4905224133582915
2008-05-19,-0.0027206632001985217,0.33682546013797765,1.4725356007241035
2008-05-20,-0.011993888834093896,0.32079172417849633,1.4530040508007716
2008-05-21,-0.019639527927659557,0.2948519982248712,1.3992154333039761
2008-05-22,0.0048440083366159525,0.3011242720989562,1.4091712883312568
2008-05-23,-0.008301234251755447,0.290323334725618,1.401863682659088
2008-05-27,0.01817150370621761,0.3137704499848035,1.4465914677997662
2008-05-28,0.0009711632208453379,0.3150463355264621,1.4522682763105639
2008-05-29,0.008948906804955515,0.3268145626272867,1.4755027954491569
2008-05-30,0.008036977719428415,0.3374781417049355,1.4921162421919405
2008-06-02,-0.012423615254740535,0.320861827860768,1.460568938073564
2008-06-03,-0.005347672797116208,0.31379829099516776,1.4482468107333903
2008-06-04,0.011307394648630299,0.32865392676014626,1.4784821133909944
2008-06-05,0.020699306528405754,0.3561561416603245,1.519752536708281
2008-06-06,-0.03276669787500399,0.31171938309520963,1.4403997967490358
2008-06-09,-0.005575615847073598,0.30440573971591034,1.4273050762602755
2008-06-10,-0.005048927655470862,0.29781988950270377,1.4185140977295942
2008-06-11,-0.024813712505682782,0.26561615988042675,1.3594041364116358
2008-06-12,0.005918552366608173,0.2731067753987044,1.3593183758780945
2008-06-13,0.023265893044203803,0.3027267414689818,1.41050768589494
2008-06-16,0.006966419139853159,0.3118020819747498,1.4334968969803494
2008-06-17,-0.006513478322102809,0.30325768755091786,1.418857289533102
2008-06-18,-0.011137649815052168,0.2887424598082011,1.392226623332406
2008-06-19,0.014334344790037958,0.3072157385726535,1.4309588042616879
2008-06-20,-0.026011030095784527,0.27321371065495703,1.3643821387599475
2008-06-23,-0.00525669782803565,0.2665208109075319,1.345892736471952
2008-06-24,-0.0034780685672366734,0.26211576468536335,1.3341589593191268
2008-06-25,0.015180984864513613,0.28127592500631593,1.3710888220199546
2008-06-26,-0.03515360428143896,0.23623445816330912,1.2748774769340856
2008-06-27,-0.001184737230742126,0.23476984517479682,1.2752820331682253
2008-06-30,-0.006811761703652921,0.2263588872306097,1.2524399470469887
2008-07-01,0.009055656998513304,0.23746437267044862,1.2838523990873187
2008-07-02,-0.022757890266876267,0.2093022942680458,1.2267656679480878
2008-07-03,0.0006222448918415706,0.21005477644334647,1.2270108263319286
2008-07-07,-0.00024173951098364912,0.20976225839342577,1.2399829676287686
2008-07-08,0.018868542368621476,0.2325887088218812,1.2943600849822556
2008-07-09,-0.02869225333860878,0.197222961326055,1.2304807603801327
2008-07-10,0.012281602235800469,0.21192677752462874,1.2554806294194574
2008-07-11,-0.016369230578688394,0.19208846865884133,1.2203041430719206
2008-07-14,-0.010111670777471686,0.18003446252614275,1.2045489003419219
2008-07-15,0.003462373059003149,0.18412018205788838,1.204941183689935
2008-07-16,0.024735992263081402,0.21341056971983097,1.2607528816961149
2008-07-17,0.01070099833694098,0.22639527420842964,1.272523327837976
2008-07-18,-0.020383266174492036,0.2013973328991001,1.2354463401729747
2008-07-21,-0.004243836144999968,0.19629879947323636,1.2311918394287438
2008-07-22,0.006505698403923644,0.20408155866358513,1.2334723512080954
2008-07-23,0.01368566796255393,0.22056021907528933,1.2628250537500043
2008-07-24,-0.015726193384108356,0.20136545303316167,1.2277832698111713
2008-07-25,0.015007137042268094,0.21939450902467694,1.2640388721217666
2008-07-28,-0.01831877768667344,0.19705669210150356,1.2106302650868583
2008-07-29,0.02137377160133179,0.2226423084323268,1.2628127808638778
2008-07-30,-0.00020982856337472305,0.22238576315322733,1.2717019424835696
2008-07-31,-0.0062679747590138665,0.214723880044005,1.2672266794584082
2008-08-01,-0.00630219405183625,0.20706845443256827,1.239529319850123
2008-08-04,-0.008294910499055452,0.19705592963681684,1.212898503980084
2008-08-05,0.03211124842646254,0.23549488997375478,1.2924964023231693
2008-08-06,0.013378255848218785,0.2520236567109906,1.3237003649686945
2008-08-07,-0.003181660297245203,0.24804014275122155,1.3051618711361939
2008-08-08,0.0247749851951734,0.2789603188108649,1.3617337397354907
2008-08-11,0.007829108051522935,0.28897343734044534,1.380125108603818
2008-08-12,-0.00010691136821561968,0.2888356314266658,1.3799288920951396
2008-08-13,-0.0015705241296404197,0.28681148396836975,1.38109376859174
2008-08-14,0.010116561100111434,0.29982959097026085,1.4085091511578058
2008-08-15,-1.8851719055430795e-05,0.2998050869479918,1.4001472746335173
2008-08-18,-0.012572964844559567,0.2834626832850149,1.369666514253387
2008-08-19,-0.01225547681951655,0.26773323612130095,1.3402159279611534
2008-08-20,-8.553788787903373e-05,0.2676247968978891,1.3455371221129733
2008-08-21,-0.005536595407747486,0.26060647126863734,1.3378372330927912
2008-08-22,0.014687884897961676,0.27912211402025666,1.3681584459532794
2008-08-25,-0.018840488589180065,0.25502282842689006,1.316969135936434
2008-08-26,-0.003490640075971593,0.25064199544572396,1.3128003957257444
2008-08-27,0.007326797913606449,0.25980519660862433,1.329941277233274
2008-08-28,0.008598100480611883,0.27063712827506237,1.3481118838206707
2008-08-29,-0.021999588490165086,0.24268363433268592,1.2959049719407414
2008-09-02,-0.007904087264850212,0.232861354444319,1.26844049783017
2008-09-03,-0.012374469662354868,0.21760534901585804,1.2475355820154337
2008-09-04,-0.03015814238419258,0.1808846335324834,1.1760422785960132
2008-09-05,-0.003775406590210537,0.17642631390476637,1.1680113209891063
2008-09-08,0.0013987674363169491,0.1780718607238827,1.1615375232268126
2008-09-09,-0.01763881625310423,0.15729206763962145,1.1107774648857025
2008-09-10,0.0024055127910336677,0.16007594851129037,1.1310323667437725
2008-09-11,0.017643514407947467,0.1805437652231625,1.174656789487825
2008-09-12,-0.001895590679939619,0.1783059374645446,1.1666626505392972
2008-09-15,-0.029658246014587275,0.14335945009077222,1.0910495487843495
2008-09-16,0.009984957380279982,0.1547758454702688,1.11387936201946
2008-09-17,-0.05010195473933867,0.09691931832643585,1.001532614072362
2008-09-18,0.03872694983886995,0.13939965774455132,1.0811918768460789
2008-09-19,0.026264823599848663,0.16932578876493976,1.1396028823322086
2008-09-22,-0.04013510567219193,0.1223947746676397,1.0425943983255004
2008-09-23,-0.008256612330169728,0.11312759613180079,1.021088859437289
2008-09-24,0.007050461774078649,0.12097565969800028,1.0369421355869557
2008-09-25,0.016522139099114014,0.13949657547425165,1.0690903621174934
2008-09-26,0.003686620157441302,0.14369746651873028,1.050073674734095
2008-09-29,-0.0917327997691024,0.03878289582613781,0.8344164654237638
2008-09-30,0.060166032177192935,0.10128234096153088,0.9551619085535297
2008-10-01,-0.013482776352601235,0.08643399745727742,0.9173615689537904
2008-10-02,-0.03777901593504373,0.04538959015496569,0.8282369175898161
2008-10-03,-0.0071997466066114745,0.03786305000066048,0.8033840238453209
2008-10-06,-0.03963602893757386,-0.0032737198824044356,0.7303581063535396
2008-10-07,-0.05912807424365538,-0.06220822537380011,0.6306768272194663
2008-10-08,-0.0008988218406512959,-0.06305113310281729,0.6314492706987098
2008-10-09,-0.04296937517666437,-0.10331124048587281,0.563388932999771
2008-10-10,-0.006286657579757706,-0.10894841567255575,0.5568907391345677
2008-10-13,0.11720958971269183,-0.00450862506069194,0.7527465446961308
2008-10-14,-0.04300768288693765,-0.047322402430763244,0.6731118276946662
2008-10-15,-0.08090514335444986,-0.12439892003267528,0.5255395018555262
2008-10-16,0.05709601351480766,-0.07440558893728066,0.609821002949235
2008-10-17,4.679628945601621e-05,-0.0743622745533018,0.6082883888768744
2008-10-20,0.035440420664161615,-0.04155728418085303,0.6586072219948087
2008-10-21,-0.04579740536644083,-0.08545147375773499,0.5736023689663619
2008-10-22,-0.03214381437263516,-0.1148485518200334,0.5167851923138813
2008-10-23,-0.0003881620687298937,-0.11519213403729822,0.5193232850325424
2008-10-24,-0.0278174970401064,-0.1398052742297785,0.4740927605687142
2008-10-27,-0.02042677486707424,-0.1573762782349315,0.43425706757346383
2008-10-28,0.10020942310652682,-0.07293744118097933,0.5909391676438831
2008-10-29,-0.0075688706239576626,-0.07995425774899556,0.5965179427350129
2008-10-30,0.027153341907001576,-0.05497194113957293,0.6355321007065144
2008-10-31,-0.0018363104988927152,-0.05670730608580654,0.6365621251250679
2008-11-03,-0.006705096550514924,-0.06303217467389644,0.6365253064666891
2008-11-04,0.03563118122837802,-0.029646904284542752,0.6900442198073911
2008-11-05,-0.058560580491834484,-0.0864713448516885,0.5938940894828106
2008-11-06,-0.04683298234823405,-0.1292546162328554,0.5227685236391506
2008-11-07,0.030482210808541924,-0.1027123718843006,0.5591221593694133
2008-11-10,-0.012206706401890225,-0.1136652985187574,0.5338401636185259
2008-11-11,-0.015510695284829939,-0.1274129659938037,0.5026851428481627
2008-11-12,-0.045227784778878115,-0.16687814456867556,0.4288622361048853
2008-11-13,0.05917529227729265,-0.11757791527092665,0.5214934905060993
2008-11-14,-0.04563314657435773,-0.15784561160381871,0.4463340365297963
2008-11-17,-0.027136831319070836,-0.18069901318634118,0.4124080375430579
2008-11-18,0.0016669377719150072,-0.17933328942485427,0.4170549713046452
2008-11-19,-0.0553964051440942,-0.22479527501214613,0.33349682214567467
2008-11-20,-0.03819881363730046,-0.254407175832712,0.2708558616875667
2008-11-21,0.05320258755049119,-0.21473970832793388,0.3310078209715186
2008-11-24,0.047934647119034994,-0.17709853335004289,0.4153261407236062
2008-11-25,-0.010630863344220568,-0.18584668638775725,0.4009072955572899
2008-11-26,0.03695902584605774,-0.15575637302730883,0.46283717696678583
2008-11-28,-0.004574317291174119,-0.15961821124813358,0.45383770904130016
2008-12-01,-0.07133757769490555,-0.21956901239660354,0.3378617788650422
2008-12-02,0.030964644576841248,-0.19540324424871114,0.385483121414016
2008-12-03,0.031365915610416246,-0.17016633030740147,0.4298675650818429
2008-12-04,-0.031528209852351254,-0.19632950038801644,0.38272441608376684
2008-12-05,0.04133565500144066,-0.16310925388122,0.44417610394236506
2008-12-08,0.041897906924638365,-0.12804528329424425,0.5020354282301824
2008-12-09,-0.0081153078855714,-0.13512146428258764,0.4865742857591866
2008-12-10,0.0061815717586390295,-0.12977515555154373,0.4987494378045305
2008-12-11,-0.03249206403108472,-0.15805055691880376,0.44735163839288083
2008-12-12,0.02302815348487863,-0.13866201591702187,0.4794630462650391
2008-12-15,-0.017427735933418707,-0.1536731868530432,0.4490804689739194
2008-12-16,0.046366193196594414,-0.11443223432721339,0.5246322062982356
2008-12-17,-0.014381757424470872,-0.12716825511605012,0.5030162114348875
2008-12-18,-0.01605664353564026,-0.14118300331024258,0.4770598056244244
2008-12-19,0.006414168516387366,-0.13567440636873673,0.4923859463480307
2008-12-22,-0.01785482627756048,-0.15110678969027236,0.45800644925198997
2008-12-23,-0.005640494180672419,-0.15589496690303672,0.45069884357982115
2008-12-24,0.0026133821179022696,-0.15368899790390989,0.45205993658509924
2008-12-26,-0.0010884424744580785,-0.15461015874519246,0.4534575489100705
2008-12-29,-0.009746145637518081,-0.1628494512585401,0.43838898912577395
2008-12-30,0.022766610929135046,-0.14379037042623133,0.47295242984436636
2008-12-31,0.006642489157531456,-0.13810300724521363,0.4855935025544815
2009-01-02,0.038843194482749144,-0.10462417473154273,0.5494114627259727
2009-01-05,0.0018525143623776656,-0.10296547815550705,0.5479647588564964
2009-01-06,0.012550703140047982,-0.09170706416546193,0.5626410352927798
2009-01-07,-0.03180287226362399,-0.12059338838175981,0.51863660208684
2009-01-08,0.01130032067356162,-0.11065581166802352,0.5357038462776114
2009-01-09,-0.024601638655975543,-0.13253513603015865,0.49952188128377406
2009-01-12,-0.015436551705078775,-0.14592580225516816,0.47269499857439956
2009-01-13,0.0025464043781378916,-0.14375098397877617,0.474558681233485
2009-01-14,-0.03431174504844193,-0.17313038191447572,0.4264591451336137
2009-01-15,0.012846502567497144,-0.16250799924275472,0.4511035494833042
2009-01-16,0.012821563561388728,-0.15177004232289115,0.46902899768686046
2009-01-20,-0.04873661266222999,-0.1931098972187001,0.39358756666833816
2009-01-21,0.03727553617238062,-0.1630326360053398,0.4538499819274271
2009-01-22,-0.021838372829114754,-0.18131064134605657,0.43217262263344725
2009-01-23,0.00871126036435755,-0.17417882518529315,0.4417484671988412
2009-01-26,0.010963832710985805,-0.16512465997543502,0.452378732285698
2009-01-27,0.009610781859880577,-0.15710085520226535,0.4644557012420314
2009-01-28,0.026887521679686627,-0.13443738617272694,0.5153384884444043
2009-01-29,-0.025323997725423684,-0.1563568918365006,0.47602993087521406
2009-01-30,-0.017460812674404566,-0.17108758611219588,0.4470942071229138
2009-02-02,0.016954537956995024,-0.15703375912791073,0.46609862162018567
2009-02-03,0.018523597122561724,-0.14141899209407582,0.4905101404721619
2009-02-04,-0.0033498953331929865,-0.14429514860562798,0.49022816342994235
2009-02-05,0.023712747942826302,-0.12400403515105962,0.5266184681492412
2009-02-06,0.028860342145436736,-0.09872249188749727,0.5663193090664447
2009-02-09,0.002208072473151418,-0.09673240583116349,0.5714198906066768
2009-02-10,-0.03969625088194923,-0.1325887428628244,0.5072217703039557
2009-02-11,0.003690007297852039,-0.12938798899374915,0.5044753378598328
2009-02-12,0.007763586377152928,-0.12262891744531523,0.5237985480577032
2009-02-13,-0.005859583353437592,-0.12776994643544015,0.5164909423855344
2009-02-17,-0.03679441080337386,-0.1598631373413434,0.45541941465816604
2009-02-18,0.00487437932129832,-0.15576799159093946,0.4575405285872183
2009-02-19,-0.017644506046689698,-0.1706640483681221,0.4319397371357325
2009-02-20,0.0035695784960899386,-0.16770366858914276,0.43784943114424424
2009-02-23,-0.03779637841964776,-0.19916145568843213,0.3842202114977482
2009-02-24,0.035202519920100005,-0.17096992087952023,0.43630454418575715
2009-02-25,-0.010258030728063949,-0.1794741369056274,0.4232834610137548
2009-02-26,-0.025329982979266967,-0.20025804305185613,0.3819274268322701
2009-02-27,-0.006299423878778572,-0.20529595663231637,0.3695316621753384
2009-03-02,-0.031320122952080205,-0.23018618498110754,0.3200957285117847
2009-03-03,0.003291578842191217,-0.22765228211516486,0.3250000935433386
2009-03-04,0.02487037762711129,-0.20844370271193136,0.3613291835013488
2009-03-05,-0.029634035831231233,-0.2319007103882027,0.3174596023734555
2009-03-06,-0.00699927936642207,-0.23727685189734604,0.3054193024061582
2009-03-09,-0.018379233969115446,-0.25129511908998503,0.279879875385304
2009-03-10,0.06560269290868757,-0.20217806270840988,0.36395288708420814
2009-03-11,0.012990805886918049,-0.19181371278872983,0.38051739195182943
2009-03-12,0.02955952319525776,-0.1679241114858191,0.42804070108113557
2009-03-13,0.0038554284277886063,-0.16471610245116408,0.4327121806149754
2009-03-16,-0.017620525219188027,-0.179434243433105,0.4044261714806554
2009-03-17,0.0366765542598895,-0.14933871893857198,0.4617092687979072
2009-03-18,0.010291775096462348,-0.14058390435061918,0.47984305672692495
2009-03-19,-0.0008240754325489082,-0.14129212804138092,0.47647130576773167
2009-03-20,-0.014004983687824352,-0.15331831778076777,0.45559108539459103
2009-03-23,0.059911805711233175,-0.10259208933638908,0.5446420994418071
2009-03-24,-0.02101192357029408,-0.12144835576663027,0.513413441354686
2009-03-25,0.0016158491901756462,-0.12002874880376824,0.5162580568878192
2009-03-26,0.03701031623991673,-0.0874607345149605,0.5709907886002836
2009-03-27,-0.024377218524679396,-0.1097059036020398,0.5344163905890897
2009-03-30,-0.025782088373371148,-0.1326595446736626,0.49682454038415513
2009-03-31,0.01811339051503718,-0.11694906829684637,0.5166871588942117
2009-04-01,0.016897722836209623,-0.10202751840266977,0.5356915733914835
2009-04-02,0.02609471434350732,-0.07859518300705703,0.5869299749528343
2009-04-03,0.008936808067643468,-0.07036076500498889,0.613732311889956
2009-04-06,-0.004599765969030647,-0.07463688792159462,0.6099804007995326
2009-04-07,-0.024081589900769466,-0.09692110289596656,0.5637813660171256
2009-04-08,0.013631152031180867,-0.08461109715339032,0.5948382036984778
2009-04-09,0.03038376409361661,-0.05679813667538436,0.6433056270434532
2009-04-13,-0.0028672644531848365,-0.0595025458502727,0.6388794555627968
2009-04-14,-0.009142660432235,-0.06810119471094511,0.6212728030598391
2009-04-15,-0.010059704873302166,-0.07747582166393596,0.6141614138963487
2009-04-16,0.024139566057564912,-0.05520648832129171,0.6588769261509004
2009-04-17,-0.003313555774137872,-0.05833711431728261,0.6600295297613741
2009-04-20,-0.03005032096160953,-0.08663438626968367,0.6054071043547038
2009-04-21,0.016589587843702947,-0.07148202718728691,0.6295489190505867
2009-04-22,0.0042557973526268856,-0.06753044285672405,0.6377145790661971
2009-04-23,0.006464339356659353,-0.061502643199596196,0.6483693899253067
2009-04-24,0.027916200573637164,-0.03530336274932788,0.6837666385537742
2009-04-27,-0.005068133358841605,-0.04019257395774034,0.6796713859904995
2009-04-28,-0.00497013034326747,-0.044962941969606374,0.6698382598244816
2009-04-29,0.014019592757861748,-0.03157371134735398,0.6949240390666906
2009-04-30,0.009349072238206146,-0.022519824017362522,0.7095757697307212
2009-05-01,-0.0007602004434313996,-0.023262904880589907,0.7123835666054759
2009-05-04,0.01822307695792334,-0.005463749628570547,0.7508092247202858
2009-05-05,-0.0024687230345448734,-0.007918984178552413,0.7457210657355229
2009-05-06,-0.0011696902401436772,-0.00907941166019055,0.745770007610685
2009-05-07,-0.02261380880995526,-0.03148790039075533,0.7040583590702232
2009-05-08,-0.002069926491488582,-0.03349264924306383,0.7093674300052601
2009-05-11,0.0018983861321229926,-0.031657845091792036,0.7113659647423922
2009-05-12,-0.006552205982512151,-0.03800262235230034,0.6888181285495014
2009-05-13,-0.024974448964721695,-0.062027976764558845,0.6427537961757981
2009-05-14,0.01187649747417208,-0.05088815439975902,0.6670795544942332
2009-05-15,-0.003807281123826051,-0.054501690013912474,0.6614885065169771
2009-05-18,0.026153581281485136,-0.02977352311218462,0.7076140536519693
2009-05-19,0.00317788691801546,-0.0266902530837706,0.7141369429587681
2009-05-20,-0.0017282348691104973,-0.02837236092683626,0.7088278720237313
2009-05-21,-0.01804530635136209,-0.045905679333362204,0.6765449430844903
2009-05-22,-0.0016217058625984983,-0.0474529396866592,0.6713708738968431
2009-05-26,0.03027493369062693,-0.018614640598471177,0.7319887538455665
2009-05-27,-0.007644904560163037,-0.026117238007837273,0.7188328185955177
2009-05-28,0.011073042005831537,-0.015333393275542728,0.7414297463329138
2009-05-29,0.011586489378344516,-0.003924564095519223,0.7601397612324969
2009-06-01,0.03029933145094968,0.02625585568709976,0.8110839128655016
2009-06-02,0.00038472671532404897,0.026650683731540337,0.8149952218062242
2009-06-03,-0.0018324075705077188,0.02476944124640368,0.8090240136977378
2009-06-04,0.01196173267728746,0.03702745935844631,0.8302354523269462
2009-06-05,0.0022244825338322755,0.03933430882889355,0.8308116792975115
2009-06-08,-0.004024309706534906,0.03515170568153869,0.8250245644809202
2009-06-09,0.008882187546210837,0.04434611727018223,0.8410373881502289
2009-06-10,-0.0033501161871756194,0.04084743643770139,0.8333374991300468
2009-06-11,0.001881851217304366,0.042806156452989796,0.8354708859452256
2009-06-12,-0.0021174595650821663,0.040598056582481945,0.8268391555955006
2009-06-15,-0.01945366232053774,0.020354613378318565,0.7863658711990535
2009-06-16,-0.008715806173949998,0.01146140033941756,0.7695562079475919
2009-06-17,0.008734215054007975,0.02029572172881,0.7850540194076239
2009-06-18,-0.0020807223729425476,0.018172769593591376,0.7824915305860529
2009-06-19,0.01170618457218092,0.030091687960822622,0.8038622173962178
2009-06-22,-0.028646375087268815,0.0005832950932189718,0.7491540314560061
2009-06-23,-0.0002522360444035444,0.00033091192076839526,0.7465179053176771
2009-06-24,0.015627676955447728,0.015963760260814697,0.7742276874814318
2009-06-25,0.017508411693029618,0.03375167204065943,0.8094899343625097
2009-06-26,0.0010221254909657488,0.03480829597598056,0.8148602200588353
2009-06-29,0.0043209037783482306,0.039279603051929346,0.8193109373117444
2009-06-30,-0.004247312794483659,0.034865457496841,0.8112433107158015
2009-07-01,0.007243623794767045,0.04236163354914768,0.8162579820531495
2009-07-02,-0.022790232550550515,0.01860596951879101,0.7732713003796368
2009-07-06,-0.0039044388478456514,0.014628884800754305,0.7668097755034693
2009-07-07,-0.023017545384736705,-0.008725381603811755,0.7223885131772634
2009-07-08,0.005231643452890529,-0.0035393862364627715,0.730664629168011
2009-07-09,0.0015724229279886976,-0.0019725287205432096,0.7348945841399892
2009-07-10,0.0038708138972262766,0.001890649885099016,0.7408533696930064
2009-07-13,0.021874669347304757,0.02380667657349189,0.7750122541774589
2009-07-14,0.003770200384839877,0.02766663289951099,0.781314381203327
2009-07-15,0.035600374461526814,0.06425194985234994,0.8403384323184009
2009-07-16,0.01222700139025414,0.07726455992277526,0.8622732228823478
2009-07-17,0.004129702540760733,0.08171334211295989,0.8725601464963535
2009-07-20,0.010628433890452104,0.09321026085802742,0.8930849021798599
2009-07-21,0.007454877743845035,0.10136000970104098,0.9041319963869827
2009-07-22,0.0059322415326476755,0.10789354329298684,0.9188328185955184
2009-07-23,0.021522372097854833,0.13173804037654935,0.9636096952807018
2009-07-24,-0.007359161565023785,0.12340939728813494,0.9605935586804859
2009-07-27,-0.0023902010034735416,0.1207242230194252,0.9609000814949578
2009-07-28,0.005200547789390326,0.12655260289996506,0.968452695881624
2009-07-29,-0.0010368218909947687,0.1253845684999213,0.9612678190707185
2009-07-30,0.005785327477139387,0.1318952867664125,0.9738475273502021
2009-07-31,-0.003334628305687702,0.1281208367040867,0.9658656612878003
2009-08-03,0.01426921642122331,0.14421823707230885,0.9962236928066672
2009-08-04,-0.002226429025716489,0.14167071637753703,0.9966773405853122
2009-08-05,-0.00997880430495933,0.13027820771810283,0.9794506985442415
2009-08-06,-0.009355446765200169,0.11970395011593027,0.9621016269805935
2009-08-07,0.00848484355595594,0.12920446296164978,0.9856425192643159
2009-08-10,-0.004080223992481004,0.12459705581945713,0.9745342102959045
2009-08-11,-0.008154608060176571,0.11542640760362088,0.9552353962009437
2009-08-12,0.014161550749298141,0.13122257528200665,0.9857650984562363
2009-08-13,0.004314333343052392,0.13610304655695948,0.9968735570939911
2009-08-14,-0.01036640897614086,0.12432573773731037,0.975944095507002
2009-08-17,-0.025678545198883143,0.09545468846255534,0.9186979665174722
2009-08-18,0.01152054657810965,0.10807492522519668,0.9451937806401216
2009-08-19,0.006950700460999822,0.11577682211878182,0.9575895452970531
2009-08-20,0.010146327265206014,0.12709785891093062,0.9791809943881487
2009-08-21,0.01261902546142077,0.14132073549004032,1.0080677762652868
2009-08-24,-0.0014837922038561447,0.13962725268062082,1.0043895024916214
2009-08-25,0.004254069732197291,0.1444753064822366,1.0106670837452372
2009-08-26,-0.00047332052117733463,0.14393360283369794,1.0071113891634917
2009-08-27,0.0015767670980593729,0.14573731970101056,1.0119789355366668
2009-08-28,0.0038232433549187763,0.15011775229503987,1.0147621866391687
2009-08-31,-0.008648461937390767,0.14017100269079874,0.9926311795665439
2009-09-01,-0.01826724489760075,0.1193432197595028,0.9566454310813848
2009-09-02,-0.001916355805968036,0.11719815988144577,0.9547328065471372
2009-09-03,0.005562904278121132,0.12341302630455941,0.9690780143966957
2009-09-04,0.016889519867231022,0.14238693293143645,1.0084232409549219
2009-09-08,0.007907490464122853,0.1514203467099302,1.028948146307771
2009-09-09,0.010964437586487553,0.16404502323724302,1.0466282864581435
2009-09-10,0.007405998348967916,0.17266593875746228,1.067386077308707
2009-09-11,-0.001839703871127044,0.1705085806903912,1.0665277236265793
2009-09-14,-9.322449752663763e-05,0.17039946061610567,1.076704340934791
2009-09-15,0.003425018990140187,0.17440810099476556,1.0837789114399023
2009-09-16,0.012820922239392846,0.18946509593493244,1.113450260013067
2009-09-17,-0.002555620173219864,0.18642527494042027,1.1102133611319203
2009-09-18,0.002672979466823055,0.18959656533925573,1.1153016697860263
2009-09-21,0.0026646391799618175,0.19276641095560665,1.1230750464536237
2009-09-22,0.0022437191287135267,0.19544264376795462,1.1261525474844714
2009-09-23,-0.005448993807273599,0.18892868420511233,1.114112397186517
2009-09-24,-0.006646034817789274,0.18102702277401672,1.0963218010610074
2009-09-25,-0.005298547638673367,0.174769294831288,1.0771825344856891
2009-09-28,0.017562405493897648,0.19540106954889525,1.1145046805345307
2009-09-29,-0.0053395456011092685,0.18901817102642404,1.1060202248183217
2009-09-30,0.0008019066752844514,0.18997165263480476,1.1076385994242237
2009-10-01,-0.02898288732282634,0.15548283830913268,1.043170774965409
2009-10-02,-0.00035840522175862,0.15506870722623023,1.0383644433535224
2009-10-05,0.0053862955606662115,0.16129024867622732,1.054487573328625
2009-10-06,0.017016579520585468,0.18105143653930678,1.0907921175143827
2009-10-07,0.004793939801675038,0.1867133260287579,1.0971677321876658
2009-10-08,0.005209941268297667,0.19289603275967404,1.1061673497824942
2009-10-09,0.0049842930930884405,0.19884177621653065,1.118391443703
2009-10-12,0.0011115834255831852,0.2001743888648697,1.1206842283684781
2009-10-13,0.001286320070519688,0.20171819726939044,1.1214689447338477
2009-10-14,0.014726339009717392,0.21941510683652599,1.1508828620370455
2009-10-15,0.0005674400970209674,0.22010705186305812,1.1497793499710771
2009-10-16,-0.006450638142736169,0.2122365827760888,1.1325649808161327
2009-10-19,0.008019129628956513,0.22195766507433357,1.1538500567620993
2009-10-20,-0.0010504398878032593,0.2206740720017326,1.1532491343499385
2009-10-21,-0.0028028637752988265,0.2172526888638724,1.150024658024261
2009-10-22,0.003273754605427274,0.2212376754600094,1.1617828312799956
2009-10-23,0.009884260225812293,0.23330870644182222,1.150110418557802
2009-10-26,0.0011375244105962896,0.2347116252012007,1.1416749047167554
2009-10-27,-0.011877803154701903,0.2200459635642389,1.1118931001684538
2009-10-28,-0.019333443660455283,0.19645827366450375,1.0623591330852324
2009-10-29,0.013058026828706968,0.2120816579014433,1.0981732108339664
2009-10-30,-0.02215932810565948,0.18522274275315342,1.044053524750446
2009-11-02,0.004272318927071784,0.19028639230981348,1.0511403681416844
2009-11-03,-0.0021516158220289696,0.18772535327537399,1.0588523803786498
2009-11-04,0.002949366510960333,0.19122839065654285,1.0606548482764464
2009-11-05,0.02307370502293941,0.21871444315750277,1.1102133611319207
2009-11-06,0.005495380501552121,0.22541174274539033,1.1220697174766663
2009-11-09,0.018580209865932472,0.2481801500977776,1.1682198103839112
2009-11-10,0.0016176459272565684,0.25019926363406575,1.1740682896311343
2009-11-11,0.006240214099287058,0.2580007747059132,1.1860593483845832
2009-11-12,-0.004214040220515766,0.2526995088438626,1.1740314709727553
2009-11-13,0.010222071322174998,0.2655046925685183,1.1929990668116481
2009-11-16,0.00965664731272033,0.27772522505724506,1.2162335859502411
2009-11-17,0.0033019858523725553,0.2819442556736038,1.2219347905639482
2009-11-18,-0.0045774834685149155,0.2760761770357003,1.2090976510144977
2009-11-19,-0.016138946565900713,0.2554816518005023,1.1740926857340437
2009-11-20,-0.004080894533198511,0.2503581635911387,1.1633031724662306
2009-11-23,0.015391202875268031,0.26960267975371766,1.1983079880773415
2009-11-24,-0.0035718471168240404,0.2650678530825272,1.190105509403352
2009-11-25,0.0031328322795465945,0.2690310984884807,1.1992031604178481
2009-11-27,-0.01510409757437004,0.2498635289520008,1.1646150242576598
2009-11-30,0.002754150313405035,0.2533058409819775,1.167030537784401
2009-12-01,0.013373683120560607,0.27006715615241816,1.1918955547456793
2009-12-02,0.0030823138169401064,0.27398190169626857,1.195708680597391
2009-12-03,-0.0027152820388389454,0.27052268152078685,1.18601040650942
2009-12-04,0.006767312994006037,0.27912070617262175,1.1970452278304164
2009-12-07,-0.006052485644141099,0.27137884646138843,1.1869177020667099
2009-12-08,-0.008174611035290463,0.26098581891307027,1.1735287316496041
2009-12-09,0.005580094723866635,0.2680222392280578,1.19433546437533
2009-12-10,0.006068007962319576,0.2757166082720921,1.206191820720075
2009-12-11,-0.00370294872085422,0.27099269508931845,1.1972291714529684
2009-12-14,0.008569225920765122,0.28188411863718077,1.218109391826109
2009-12-15,-0.0071375731503306224,0.2727345769701608,1.2047695129535083
2009-12-16,3.1812658463603764e-05,0.27277506604057256,1.2079695931762764
2009-12-17,-0.01200278078484739,0.2574982259344678,1.1803213251124962
2009-12-18,0.01577436526009225,0.27733446226427616,1.2159882778970568
2009-12-21,0.011803764817154472,0.29241181784969017,1.2422634794081184
2009-12-22,0.00660763573857242,0.3009516043662672,1.2554071417720407
2009-12-23,0.007475855940154015,0.3106773311456217,1.2707087367233942
2009-12-24,0.007603779739782492,0.32064343288157904,1.2925944357428358
2009-12-28,0.0034403433826576757,0.32518689977674353,1.302820144595553
2009-12-29,-0.0012365443354017012,0.323548247422476,1.2952673805395434
2009-12-30,0.0013890895769828684,0.32538677449760445,1.303396371566118
2009-12-31,-0.009872745730177138,0.3123015678788499,1.2809098998038588
2010-01-04,0.015418109301103064,0.3325347768884148,1.3132663163905147
2010-01-05,0.0018113435871316146,0.33494845521116146,1.31538757998891
2010-01-06,-0.005652131063853849,0.3274031515788187,1.3031143945238988
2010-01-07,-0.005918132312425619,0.31954740409584437,1.3010299495838824
2010-01-08,0.010030451436945009,0.3327830602513744,1.3204880118597995
2010-01-11,-0.0031565578727422304,0.3285760533898803,1.312702362306076
2010-01-12,-0.010563461963458823,0.31454169078433414,1.2827244909184392
2010-01-13,0.011298346857320337,0.32939383876522377,1.3125675102280296
2010-01-14,0.0037647008716890783,0.3343986089088411,1.3130457037789274
2010-01-15,-0.011583647051088011,0.31894140639777824,1.2860716961053802
2010-01-19,0.012399962172225226,0.3352962299444924,1.3240314335554189
2010-01-20,-0.012369394052724086,0.3187794246991922,1.2902771053051056
2010-01-21,-0.010279686458001713,0.30522278570602057,1.2689676332562296
2010-01-22,-0.03163858758622278,0.263927380280927,1.2006130456289452
2010-01-25,0.0035133808354501648,0.26836803851620683,1.2098946402659934
2010-01-26,-0.0008763073887822258,0.26725655823235983,1.2116969584944468
2010-01-27,0.00872520161755259,0.2783136272041029,1.23013741890728
2010-01-28,-0.021128080457779707,0.2513053140382584,1.1715301969124723
2010-01-29,-0.01541086120633521,0.23202162151686512,1.134673971528402
2010-02-01,0.008902695982670447,0.2429899354573064,1.1588033636688158
2010-02-02,0.007858384043961634,0.252757827732909,1.1786661318482152
2010-02-03,0.002592723506881472,0.25600588240130184,1.188205008085887
2010-02-04,-0.024515863926992593,0.2252138130968493,1.1248038770346622
2010-02-05,0.008115494328025209,0.235157028847655,1.1409024612375123
2010-02-08,-0.0058201486949754876,0.2279682312781175,1.1271212074723929
2010-02-09,0.011673290527088652,0.2423026611998622,1.1503678498277696
2010-02-10,-0.002644404529149957,0.23901751041601038,1.145365451376548
2010-02-11,0.013411516088298462,0.255634613690638,1.1772192783093964
2010-02-12,0.001190786780463966,0.25712980678971364,1.181351199861707
2010-02-16,0.010912453100969886,0.27084817684813767,1.209490084031854
2010-02-17,0.0029198739099936264,0.2745588932832794,1.2202795972996672
2010-02-18,0.006425884498268361,0.28274906151775836,1.2356425566816522
2010-02-19,-0.0003314330124223076,0.2823239161321176,1.2355566464787682
2010-02-22,-8.81689655976033e-05,0.2822108549588711,1.2285802590626673
2010-02-23,-0.012518551491078968,0.26615943234864803,1.1993869543710574
2010-02-24,0.008855608932624054,0.27737204512788116,1.222302677809052
2010-02-25,-0.0019160163384820677,0.274924579419096,1.2227931442460758
2010-02-26,0.0006830568628411605,0.2757954254026729,1.2298677147511876
2010-03-01,0.015293112844591377,0.29530630880996944,1.2638549284992147
2010-03-02,0.002043128757696098,0.29795278637952416,1.2697523496216
2010-03-03,-0.00013264746829387759,0.297780616228446,1.2701937245141188
2010-03-04,0.005108002940966663,0.30440968343287045,1.280186398199779
2010-03-05,0.011671583631763906,0.31963421014314,1.3155469778392104
2010-03-08,0.0018853253612587505,0.3221221499871074,1.3184037165891271
2010-03-09,0.00445500251811266,0.3280122074945526,1.33126540191083
2010-03-10,0.0067780862633025,0.33701358879566934,1.350846043378667
2010-03-11,0.0049973036449985665,0.3436950516763706,1.3587666946797805
2010-03-12,-0.0005175371020603363,0.34299963963327307,1.3595268652728976
2010-03-15,-0.002742814900097786,0.33931604021086104,1.3542055214517346
2010-03-16,0.0071540341047340965,0.3488975528395468,1.3691025601689488
2010-03-17,0.003508483744766619,0.3536301379770397,1.37398237942825
2010-03-18,0.0036519670219549594,0.3585735506008563,1.3834477680185073
2010-03-19,-0.0052686368934170445,0.3514157198697401,1.3693355953360062
2010-03-22,0.008084590061824926,0.36234136196799294,1.3903752135594463
2010-03-23,0.008342030223564346,0.3737060547843418,1.407062297618988
2010-03-24,-0.00554405708218729,0.36609015000247114,1.3931339188896956
2010-03-25,0.0034129606577495445,0.3707525619393688,1.3898358052472601
2010-03-26,-0.0011324221868642217,0.3692002913255277,1.3941025788776171
2010-03-29,0.002215509418425169,0.3722337674666698,1.404634660875463
2010-03-30,0.0034445296347580053,0.3769604673445244,1.4128985039800845
2010-03-31,-0.006368667623760692,0.368191063796949,1.401103512065971
2010-04-01,0.0007674500908121951,0.36924108215310825,1.4025994571492957
2010-04-05,0.0074755903045468225,0.37947696751143933,1.4250000187086709
2010-04-06,0.00204729833540936,0.3823011684107611,1.430051508704398
2010-04-07,-0.0010158412270953408,0.3808969698956275,1.4243503040906904
2010-04-08,0.0029477063478302048,0.3849674486594885,1.4285557132904159
2010-04-09,0.006768506078181548,0.39434160925382367,1.4453532533250941
2010-04-12,0.0016342765638036562,0.39662034906776333,1.4468490487390757
2010-04-13,0.004445041321939892,0.40282838423043166,1.4568539953108623
2010-04-14,0.012962493392827545,0.42101253789228976,1.4875183999748587
2010-04-15,0.006810173573211041,0.4306898799250456,1.4995586999421562
2010-04-16,-0.014684933166920681,0.4096802946557565,1.4679254856208956
2010-04-19,0.0016253985482782994,0.4119715869602265,1.4687715664168972
2010-04-20,0.003912999224062925,0.4174966306844008,1.4811182395293239
2010-04-21,0.0013588401979452325,0.41942278208662653,1.494519482832556
2010-04-22,0.0042456437159778225,0.4254491455017084,1.5075528388906845
2010-04-23,0.0005508123672306935,0.4262343005199092,1.5200222408643742
2010-04-26,-0.002092133015982051,0.4232504286512653,1.5123714433886972
2010-04-27,-0.018947505417906,0.39628338344335834,1.4598455861388264
2010-04-28,-0.001140458879774074,0.3946909796600293,1.461488506516981
2010-04-29,0.015823109215702128,0.41675932735334453,1.5047695877881826
2010-04-30,-0.019932362713183376,0.38851996656325194,1.4529549592562665
2010-05-03,0.014313077094456032,0.4083939598918631,1.4909269695924312
2010-05-04,-0.02978425959425834,0.3664459885794584,1.4141368681241002
2010-05-05,-0.00402521929368061,0.3609457438224559,1.401005478646304
2010-05-06,-0.03140520889964595,0.31820495843662777,1.3219103196263688
2010-05-07,-0.020081772270138323,0.29173306665593635,1.2675821441480442
2010-05-10,0.047471276118717855,0.3530532837348386,1.3818171205264802
2010-05-11,-0.004312742369972981,0.34721791350924414,1.3792055401604038
2010-05-12,0.018728564337546424,0.372449370879097,1.422241313378422
2010-05-13,-0.014689410096767835,0.35228889923320295,1.3853850879943517
2010-05-14,-0.020143485076729695,0.32504908797207177,1.3382786079853113
2010-05-17,0.001740936082118152,0.32735591373990003,1.3485164400548117
2010-05-18,-0.01564754143725484,0.3065860570776697,1.3137078409523788
2010-05-19,-0.00488726096604478,0.3002004300421357,1.2969839382344581
2010-05-20,-0.036415855347280764,0.252852519259249,1.2071113891634933
2010-05-21,0.00961912521395583,0.26490386451662373,1.234882386088537
2010-05-24,-0.005267146781473572,0.2582414301977616,1.2256989745404994
2010-05-25,0.00033430010561644234,0.25866206044076767,1.2261894409775231
2010-05-26,-0.01452724896877616,0.24037716332119197,1.2026361261383314
2010-05-27,0.03690067791129409,0.28614792151343194,1.2838523990873192
2010-05-28,-0.007805384395316009,0.2761090425967829,1.2711992031604207
2010-06-01,-0.007993450684621468,0.26590852789658603,1.2499265497699237
2010-06-02,0.024489719900912792,0.29691027316495044,1.304548825507251
2010-06-03,0.008788013592119108,0.3083075382732827,1.3242521958363516
2010-06-04,-0.0333745496423154,0.2646433633897656,1.2462482759962583
2010-06-07,-0.019131749351752186,0.24044852354203572,1.2047082981922217
2010-06-08,-0.0018725002129237826,0.23812578341758228,1.2016920119226628
2010-06-09,-0.009508915663254125,0.22635254976256403,1.181118314363994
2010-06-10,0.025517320792882284,0.25764578118002457,1.2438573082417697
2010-06-11,0.009275775981642172,0.2693114217105079,1.264774496942632
2010-06-14,-5.3168833403921744e-05,0.2692439339029893,1.2627268706609946
2010-06-15,0.026648609917912743,0.30306752038824714,1.3264836160711972
2010-06-16,0.0028898669802220863,0.30683321218841697,1.3360840064088437
2010-06-17,0.0024900729786686755,0.3100873222577143,1.3426312918185523
2010-06-18,0.0015288459064674463,0.3120902438974631,1.3461010761974137
2010-06-21,-0.008875897803893392,0.3004442649831436,1.3244728084479394
2010-06-22,-0.009007139790277549,0.2887309816989756,1.305713702003851
2010-06-23,-0.005585034139549729,0.2815333751694915,1.2982100294923469
2010-06-24,-0.014721853110541817,0.2626668290639893,1.2616356314811532
2010-06-25,-0.0003790949553858724,0.262188158438758,1.2541933234002811
2010-06-28,-0.004477348375426547,0.25653690233808946,1.2511035494833074
2010-06-29,-0.03613769982553121,0.21112854894169275,1.1628986162320927
2010-06-30,-0.012530975084324351,0.19595192727099042,1.1323443682045475
2010-07-01,-0.0008237982172062705,0.19496670420544016,1.12654498050183
2010-07-02,-0.00303641877522561,0.19133828486902127,1.1191025227516147
2010-07-06,0.007056206305119698,0.1997446135862444,1.1268760490885552
2010-07-07,0.03019253448937932,0.23596794421039435,1.1943600101475855
2010-07-08,0.005289334186034829,0.24250539171054952,1.204892241814775
2010-07-09,0.007112646019328632,0.2513428927388941,1.225098201797683
2010-07-12,0.0053272313506592325,0.25800908582751725,1.23274899927336
2010-07-13,0.013423076214897066,0.274895437665613,1.2621751894626843
2010-07-14,0.008971989567505839,0.28633378623200967,1.2724498401905637
2010-07-15,0.0012884381149437883,0.2879911477107311,1.2759196245694246
2010-07-16,-0.028882563587739,0.25079066148653095,1.2112310378296796
2010-07-19,0.009055918120783964,0.26211771930319405,1.2306033395720557
2010-07-20,0.010514225596147899,0.27538790973284355,1.2568294495386123
2010-07-21,-0.012840152930653078,0.2590117339259679,1.2281757028285316
2010-07-22,0.024788863869457257,0.2902212044083081,1.2843305926382196
2010-07-23,0.0001417017455772594,0.29040403100515344,1.2993870292057328
2010-07-26,0.006663898619194799,0.29900315264557187,1.317802943846313
2010-07-27,-0.0012458585925678094,0.2973847784060757,1.3158535006536862
2010-07-28,-0.009236184857430284,0.28540189276150096,1.2960030053604128
2010-07-29,-0.009205888866250693,0.27356862578827035,1.2808976269177372
2010-07-30,-0.0005997020768156431,0.27280486403841797,1.2854341047041875
2010-08-02,0.01943768697751545,0.2975452465690558,1.3283350258441589
2010-08-03,-0.000904757033526664,0.29637128338090335,1.3195317744273516
2010-08-04,0.010136278946610653,0.3095116643276279,1.340853369693011
2010-08-05,-0.003273394019326168,0.30522511667738006,1.335642481846985
2010-08-06,-0.00024927113789702655,0.30489976172733413,1.3331045387976665
2010-08-09,0.006812959727129157,0.31378999125192286,1.3481732482513058
2010-08-10,-0.01027515836737713,0.3002905910303344,1.3286415486586307
2010-08-11,-0.0252428225907175,0.26746758632457635,1.2626042914690765
2010-08-12,-0.011561220410846975,0.25281411419547384,1.246407673846559
2010-08-13,-0.006726831192843522,0.24438664513326902,1.2300148397153632
2010-08-16,0.0044297918556578135,0.24989901895916966,1.2333374991300512
2010-08-17,0.011100743854332983,0.2637738278124173,1.2625920185829496
2010-08-18,0.0021789324725640337,0.26652750564381433,1.2692497599677952
2010-08-19,-0.015373848327621535,0.24705610386928556,1.2351643631307572
2010-08-20,0.001474298507406013,0.24889463682187163,1.2385361140899507
2010-08-23,-0.00874119875981998,0.23797780057133844,1.2171531543936598
2010-08-24,-0.015954043800914093,0.2182270485164639,1.1766430513388335
2010-08-25,0.008349097495567852,0.22839814491626576,1.1957823179141522
2010-08-26,-0.012335177819413836,0.21324563536568553,1.1689799809770305
2010-08-27,0.012439414112114413,0.2283377002437148,1.1967141592436952
2010-08-30,-0.013766479161696113,0.2114278148897839,1.1727194695119851
2010-08-31,-0.003912305634796625,0.2066883390234413,1.1670305377844041
2010-09-01,0.02851590986549098,0.24109815493477282,1.2315474537877242
2010-09-02,0.009901141322428862,0.2533864431617876,1.2567189935634744
2010-09-03,0.015340694233120837,0.2726142613422715,1.2931708123827477
2010-09-07,-0.00544373784175866,0.2656864829298409,1.2762384202700225
2010-09-08,0.008601037723165119,0.2765727001152207,1.3050515648304026
2010-09-09,0.0038866182339945044,0.28153425084850814,1.3125797831141592
2010-09-10,0.002465798099667292,0.2846942555689087,1.3201814890453307
2010-09-13,0.0195910449434379,0.3098627584683358,1.3561428414275807
2010-09-14,0.004695465583907081,0.31601317397036555,1.3646272971437896
2010-09-15,0.004372851468975336,0.3217679041113528,1.3781265738666892
2010-09-16,0.005088555420796454,0.3284937933448533,1.3885606224448677
2010-09-17,0.005401241438060055,0.3356693090716729,1.398026011035125
2010-09-20,0.014776619612863364,0.3554059863804011,1.4392227970356535
2010-09-21,-0.0011111765243166092,0.35389989106741715,1.4388303640182971
2010-09-22,-0.004306420563807261,0.348069428735188,1.4310447144645737
2010-09-23,-0.0020093812035335435,0.3453606433640293,1.4302968167575827
2010-09-24,0.02091190253598328,0.37349469401380553,1.4814124894576701
2010-09-27,-0.004796004063630566,0.36690740787994036,1.4656572467276714
2010-09-28,0.0007321037492242959,0.36790812591809163,1.467422895967089
2010-09-29,-0.0037858659471589453,0.36272940912533636,1.4633153705176882
2010-09-30,-0.004044865201974229,0.35721735235865837,1.4497794248057523
2010-10-01,0.001245215141265043,0.3589073799558029,1.4480137755663347
2010-10-04,-0.01057178501414995,0.3445413032807685,1.421934790563951
2010-10-05,0.02043672896225566,0.37201932947447536,1.4823811494455916
2010-10-06,-0.003979265699841228,0.3665597000171785,1.4601766547255517
2010-10-07,0.002252808763267642,0.3696382976849055,1.466441963093041
2010-10-08,0.0043431646598747105,0.3755868623362215,1.485323798398393
2010-10-11,-0.000351016613958566,0.3751040084935984,1.4852624339677614
2010-10-12,0.006510372034213212,0.3840564471746295,1.5031266674100294
2010-10-13,0.007801274440605504,0.39485385136032813,1.522376240291142
2010-10-14,-0.00020957968328806883,0.3945615183319269,1.519016762218075
2010-10-15,0.019709915623042827,0.4220482081893917,1.572008390463374
2010-10-18,0.004332386393106864,0.4282090704968935,1.5798798005506383
2010-10-19,-0.016341715213737666,0.40486968460115635,1.5376778352424951
2010-10-20,0.007240274214639395,0.41504132635350266,1.5573198411409641
2010-10-21,0.0032352463679586447,0.41961933366509907,1.5626534578482532
2010-10-22,0.006897452628498112,0.4294110907695543,1.5799534378673963
2010-10-25,0.002671592153802523,0.43322989422421254,1.5914052379780017
2010-10-26,0.003537184667181941,0.4382994930306092,1.5981487398963883
2010-10-27,-8.002546271294072e-05,0.43818439244815965,1.6065227396374606
2010-10-28,0.004171118416494903,0.44418322985381575,1.6112433107158055
2010-10-29,-0.0036529356865549444,0.43890772139555856,1.6047695129535118
2010-11-01,0.0017756459523835424,0.4414627120669079,1.6096370593266869
2010-11-02,0.00824073977072266,0.4533414311662516,1.6382050455032262
2010-11-03,0.0036344402231309855,0.458623513721625,1.64634645908527
2010-11-04,0.012075605776211638,0.47623727624924017,1.6824425138762233
2010-11-05,-0.0007209796931260469,0.4751729391508288,1.681105966643198
2010-11-08,0.00010454026875960726,0.4753271541263546,1.6838401262011944
2010-11-09,-0.0047545478791915985,0.46831264053458943,1.669053393789774
2010-11-10,0.002720240492984713,0.472306804035733,1.6823688765594649
2010-11-11,-0.012276359359820667,0.45423223662148127,1.664431305139125
2010-11-12,-0.0126386734423355,0.43585267027350527,1.6213217449350061
2010-11-15,-0.005093894969644067,0.4285385875792491,1.6133889704171098
2010-11-16,-0.017328301705112535,0.40378443993628044,1.5669812965705554
2010-11-17,0.0008809482430062401,0.4050211013722018,1.5747916415658745
2010-11-18,0.014027546164185292,0.42473009973335474,1.617422858549753
2010-11-19,-0.0014158756636638023,0.42271285905785283,1.6180359041786971
2010-11-22,0.00526984846837107,0.43021034023909066,1.637150774651106
2010-11-23,-0.01625534067653275,0.4069617839194044,1.5951571490684247
2010-11-24,0.0182990692660934,0.43270787505809194,1.648994708440382
2010-11-26,-0.0033562256557854737,0.42789938413057604,1.640890113516717
2010-11-29,-0.0032661512816338106,0.4232356487270539,1.6294263398586715
2010-11-30,-0.011960881230034972,0.40621249617027777,1.596039898853462
2010-12-01,0.019762581986748396,0.43400288591663294,1.6518270510873894
2010-12-02,0.010872525508737888,0.4495941188733652,1.6793772857315021
2010-12-03,0.002484201627315352,0.45319520294241733,1.6865742857591908
2010-12-06,0.0016196403842957576,0.45554885657936794,1.6849069692781264
2010-12-07,0.00014585217825654762,0.45576115155065877,1.6843430151936873
2010-12-08,0.0052207230669615474,0.4633612773745459,1.6981365418449332
2010-12-09,0.0020837767119869254,0.46641059552556263,1.6993258144444425
2010-12-10,0.006756381148670324,0.476318224429382,1.7162091150126626
2010-12-13,-0.0027460981249697344,0.47226410972141775,1.706535087358258
2010-12-14,0.002873603670422227,0.4764948132709441,1.7128373640534695
2010-12-15,-0.004201649239816311,0.47029109996117135,1.7004046310688157
2010-12-16,0.006990755152852238,0.48056954504441785,1.719494955768972
2010-12-17,0.0021644653916980637,0.48377418658466875,1.7198260243556969
2010-12-20,0.002068033152854979,0.4868426807938764,1.7256499578306674
2010-12-21,0.0046317316096646365,0.49372933703710786,1.7397868259547642
2010-12-22,-0.0007052892246110401,0.4926758258312103,1.741429596663576
2010-12-23,-0.0008217265601243001,0.4914492544594693,1.7345145736781067
2010-12-27,-0.0005420657349617778,0.4906407909231927,1.7340119840242991
2010-12-28,-0.0009205955390633911,0.4892685136607229,1.73102009385765
2010-12-29,0.0013889978209175593,0.4913371043809589,1.7361941630452975
2010-12-30,-0.002926824372043486,0.48697222259692396,1.7289357985869769
2010-12-31,-0.0022493682387748092,0.483627474507474,1.7192988889296372
2011-01-03,0.012426448130745487,0.50206369436479,1.7638916723229254
2011-01-04,0.0010842537611436068,0.5036923125748822,1.7604953755914794
2011-01-05,0.006385901541395515,0.5132947436315389,1.7837174721746032
2011-01-06,0.0053331445456375965,0.5213653632394795,1.7924351127272127
2011-01-07,-0.0007094333234441198,0.5202860559536637,1.7914419069670386
2011-01-10,0.0005884053332902428,0.5211806003771138,1.8008582040127905
2011-01-11,0.0010836505778385626,0.5228290286137094,1.80619182072008
2011-01-12,0.007837364511282825,0.5347639947993177,1.8259930747995052
2011-01-13,-0.0011732878365032743,0.5329632748723165,1.8267902137203444
2011-01-14,0.005879819638620642,0.5419768224411952,1.8487371275010744
2011-01-18,0.006510617065625082,0.5520160430561791,1.8553091083523792
2011-01-19,-0.00991299392708574,0.5366309174466235,1.824080599934601
2011-01-20,-0.00581973656100706,0.5276881303155856,1.8029427986221505
2011-01-21,-0.0069450061470300506,0.5170783268597989,1.7811674059085028
2011-01-24,0.011608185208390439,0.5346888530536227,1.8204879370251335
2011-01-25,0.0034683609502199047,0.5400117079422917,1.824951076833512
2011-01-26,0.005758210266380442,0.5488794191693112,1.837408056251732
2011-01-27,0.005724004216095089,0.5577452114948591,1.8568785410831188
2011-01-28,-0.026955969945364425,0.5157546783912683,1.7838524739219945
2011-01-31,0.0032946706661555196,0.5207485908672522,1.7978297945264492
2011-02-01,0.016477338037555234,0.5458064794691075,1.8506008101601608
2011-02-02,-0.0005558481452333957,0.544947245804605,1.8458682655343752
2011-02-03,0.00023738202875483061,0.5453139885161333,1.8482959022778993
2011-02-04,0.0040718076720632785,0.5516062098703203,1.8668465193271833
2011-02-07,0.004567224000767794,0.5586927429917803,1.8803335231639569
2011-02-08,0.00471035380057175,0.5660347372776551,1.8980016897668897
2011-02-09,-0.002393549266541846,0.5622863559808651,1.894740095444147
2011-02-10,-0.0051496686632000015,0.5542410988905255,1.8989089853241796
2011-02-11,0.0034447018060562024,0.5595949960109203,1.9170548964699812
2011-02-14,0.001590638694969014,0.5620757481600556,1.9249634245543108
2011-02-15,-0.003955913694815246,0.5558963113155704,1.9204511932014272
2011-02-16,0.004453540747001987,0.5628255589361242,1.9400931990998957
2011-02-17,0.0019509498261759564,0.5658745531886742,1.9396397009905937
2011-02-18,-5.6641373782287696e-05,0.5657858599028109,1.9333865158398882
2011-02-22,-0.025576994725037317,0.5257377632235387,1.848038471007933
2011-02-23,-0.009647899102468927,0.5110175992271315,1.8211623470847105
2011-02-24,0.003909271154571974,0.5169245767418409,1.8363292396273603
2011-02-25,0.010900840285047108,0.5334603292773663,1.876765705365428
2011-02-28,-0.0008745294954559367,0.5321192729893016,1.882528274409767
2011-03-01,-0.01438100724592326,0.5100858546228237,1.8387200577125054
2011-03-02,0.003967977172954311,0.5160778408231683,1.8528323800643491
2011-03-03,0.016540520314954187,0.5411545571483558,1.9079942137832062
2011-03-04,-0.0066852367920306735,0.5308515740007018,1.8935262770723846
2011-03-07,-0.012145910685875099,0.5122579875095579,1.8544263585673417
2011-03-08,0.004419475705461373,0.5189413749457463,1.8660496797450299
2011-03-09,-0.0024084649160668182,0.5152830579346273,1.847829831943785
2011-03-10,-0.01674370293543876,0.4899116085494666,1.8007480473763406
2011-03-11,0.0051172396522645314,0.49753584331110523,1.819102597586289
2011-03-14,-0.0037426913826789443,0.491931028815092,1.8086317303497315
2011-03-15,-0.013787793900575974,0.47136059127591534,1.7705004718326105
2011-03-16,-0.022428380883629608,0.43836035551761654,1.7010422224700146
2011-03-17,0.00691719814489423,0.44830977910049263,1.7283472987302866
2011-03-18,-0.0003950569953882932,0.44773761419076963,1.7232345939732712
2011-03-21,0.017992679285164657,0.47378629277197337,1.7742766293566006
2011-03-22,-0.0020188084352980346,0.47081100057229874,1.7684649687677565
2011-03-23,0.00723251552248163,0.48144866396457475,1.783840201035868
2011-03-24,0.015103666463540673,0.5038239704679537,1.8348334442133782
2011-03-25,0.0006906045948071568,0.5048625182117401,1.8400688778316567
2011-03-28,-0.0037192023877267865,0.4992656299408065,1.8238108957785077
2011-03-29,0.010414008543520729,0.514878995020017,1.851324311764241
2011-03-30,0.0046071162413748624,0.5218582186416911,1.8647867698287621
2011-03-31,-0.00019788591637158687,0.5215570643335077,1.8678151793151048
2011-04-01,0.002651370486370618,0.5255912758272103,1.8726336341437748
2011-04-04,-0.0015665995181200268,0.5232012852696513,1.8623591330852385
2011-04-05,-0.0005032308269411704,0.5224347634272672,1.8541812001835019
2011-04-06,0.0041841534179384125,0.5288048640462495,1.8596617921856216
2011-04-07,0.0018199971721525945,0.5315872845755869,1.8603236300203854
2011-04-08,-0.0046153088462098976,0.5245185362323426,1.8459784221708269
2011-04-11,-0.0019318550097621324,0.521573387460647,1.8377882163829637
2011-04-12,-0.00838576361020526,0.5088138327178227,1.817925597872907
2011-04-13,0.0060576881995013055,0.5179537564675218,1.840399647079697
2011-04-14,-0.0008507516245064294,0.5166623548432814,1.833803419794826
2011-04-15,-0.005329116702951569,0.5085798841553482,1.8293037606667548
2011-04-18,-0.008307290354514637,0.49604767303468966,1.8106181418700813
2011-04-19,0.004519139788367974,0.502808521599196,1.8283105549065808
2011-04-20,0.02328301525782782,0.5377984353371839,1.8908289361727686
2011-04-21,0.00073773306863504,0.5389329200958275,1.9147868072460996
2011-04-25,0.0034829193420107822,0.5442928993292864,1.9226582173333644
2011-04-26,0.00775119849826051,0.556263020131442,1.9377514725592562
2011-04-27,0.010044246849894816,0.5718945100690052,1.9592817068890631
2011-04-28,-0.0015525185428679716,0.5694541146946908,1.9547572026500535
2011-04-29,-0.0002423405319370851,0.5690737723496848,1.9476215670529964
2011-05-02,0.0008748603425937654,0.5704464927677177,1.9478176338923316
2011-05-03,-0.006383624112741972,0.5604213526687147,1.933791221743372
2011-05-04,-0.0005166560260563486,0.5596151515736714,1.9273051510949522
2011-05-05,-0.005539499637018368,0.5509756640076406,1.9122241687551864
2011-05-06,0.003188834856967527,0.5559214692673367,1.9219960801599156
2011-05-09,0.004028038678793633,0.562188781126711,1.9315473789530566
2011-05-10,0.006315935804816347,0.5720554651833116,1.9565352744449416
2011-05-11,-0.005164176661275093,0.563937093039782,1.9341345632162237
2011-05-12,0.006472530708016289,0.5740597238998877,1.9522927472481513
2011-05-13,-0.012048105069130132,0.555095286961256,1.9171653524451195
2011-05-16,-0.016898408799037683,0.5288166510807277,1.8664175669901355
2011-05-17,0.002755477218003225,0.5330292705332846,1.8733571357478573
2011-05-18,0.00706615540800355,0.5438618936038913,1.8971922779599253
2011-05-19,0.004159301410477129,0.5502832805555398,1.905431575292294
2011-05-20,-0.006140950039383188,0.5407630683827571,1.8830676827219546
2011-05-23,-0.014131454781797222,0.518989844752443,1.8405837403715921
2011-05-24,-0.005266641145628752,0.5109898703362774,1.8243625769768221
2011-05-25,0.002163708347096456,0.5142592117311022,1.8334355325497227
2011-05-26,0.005460671361431746,0.5225280836423865,1.8518023556457974
2011-05-27,0.004995389527831448,0.530133704487243,1.8642596344027038
2011-05-31,0.014111294755718026,0.5517258722069212,1.9089506008850026
2011-06-01,-0.02087347912685252,0.5193359546028129,1.847572400673819
2011-06-02,0.001958862083504131,0.5223121241963888,1.852746469861466
2011-06-03,-0.012828169099501147,0.5027836468449769,1.8105813232117018
2011-06-06,-0.006977095426120894,0.4922985819361254,1.78872002029517
2011-06-07,-0.0014770331726649225,0.490094407427085,1.7819519726045305
2011-06-08,-0.007429259643702479,0.47902410918068017,1.76224860227543
2011-06-09,0.0008198888420430153,0.48023674454491005,1.7668587173786383
2011-06-10,-0.014803267693738837,0.45832440376530315,1.7232591397455241
2011-06-13,0.0007460622036184398,0.4594124044835668,1.7247181165011272
2011-06-14,0.012885080656097711,0.478217051025847,1.759122309038764
2011-06-15,-0.018684722435765848,0.4505969757276127,1.7084478615618521
2011-06-16,-0.004050269596410738,0.44472166690017767,1.6973148571518446
2011-06-17,-0.0008719181443319505,0.4434619878652979,1.6887690370050041
2011-06-20,0.006211341898272108,0.45242782378908886,1.7027466569481446
2011-06-21,0.020268747618366303,0.4818667167833628,1.760936900153344
2011-06-22,-0.007370164586625663,0.47094511518522686,1.7412335298242434
2011-06-23,0.008580849900860062,0.48356707443103475,1.764897150969229
2011-06-24,-0.01590224903086359,0.4599750213594427,1.718317956055592
2011-06-27,0.016013488117608093,0.48335431401598683,1.7614517626932775
2011-06-28,0.01381460682799184,0.5038462706507232,1.802538092718669
2011-06-29,0.003687538912497356,0.5093917622921618,1.813180481022309
2011-06-30,0.012441733195091535,0.5281712118854698,1.8507480847936777
2011-07-01,0.014906831665570202,0.5509514028972171,1.8952795037563344
2011-07-05,0.005170496044598474,0.5589705909912615,1.9073198037236314
2011-07-06,0.003637801427962774,0.5646418164333213,1.9163562399768388
2011-07-07,0.013872338630624273,0.5863470575465195,1.9584232035375924
2011-07-08,-0.002256338302479461,0.5827677219195517,1.9498405647323724
2011-07-11,-0.017167769957306754,0.5555951297737864,1.8960275511326672
2011-07-12,-0.008624534861698712,0.5421788453463638,1.8737004772207073
2011-07-13,0.004028101691151581,0.5483908985613619,1.8842937739798424
2011-07-14,-0.01100016782970661,0.5313583388111967,1.8507358119075503
2011-07-15,0.01305565338394916,0.551351222489336,1.8894923889397424
2011-07-18,-0.004964590447562588,0.5436493990293509,1.873970181376801
2011-07-19,0.02228554706284109,0.5780504703599461,1.9403751761421155
2011-07-20,-0.002929776990873647,0.5734271344014483,1.9276607654539286
2011-07-21,0.004839776793413322,0.5810421705326514,1.9478176338923312
2011-07-22,0.010633110974180848,0.5978535673867849,1.9787887110401425
2011-07-25,-0.0027685784496975733,0.5934297844343455,1.9722290030749643
2011-07-26,0.0017333208323203775,0.5961917094745455,1.9787273466095106
2011-07-27,-0.022180502932016226,0.5607873745824854,1.9023540742614453
2011-07-28,0.0023377719617555916,0.5644361395450466,1.9080064866693331
2011-07-29,-0.0016281978608459723,0.5618889279692092,1.8970207568928417
2011-08-01,-0.004720033743566658,0.5545167595254914,1.886280185500191
2011-08-02,-0.02529740159502153,0.5151915247735834,1.811243460385151
2011-08-03,0.007472979267668552,0.5265145196247636,1.8356793753400376
2011-08-04,-0.04221291443149226,0.4620758928294131,1.706228564543789
2011-08-05,-0.0034506359187041415,0.45703080123774464,1.690509990802826
2011-08-08,-0.05773290884188896,0.37291217481006145,1.5261036056093142
2011-08-09,0.04661784311029504,0.4369143791795709,1.6493257770271095
2011-08-10,-0.04082745568744872,0.378248821036959,1.5417976335780241
2011-08-11,0.04227029357201982,0.4365078033174814,1.6570256660472915
2011-08-12,0.007056447236821082,0.44664444483687293,1.6753924891433662
2011-08-15,0.0119693588129123,0.4639598512718319,1.7147133195986832
2011-08-16,-0.010218598750605967,0.4490002329646883,1.6903752883941219
2011-08-17,-0.004405058912064171,0.442617301574884,1.6748653537173066
2011-08-18,-0.048573069280632056,0.37254495144004873,1.541723996261266
2011-08-19,-0.016409614555587454,0.35002201782670017,1.499043687732882
2011-08-22,0.0026414695060335562,0.3535880598192631,1.507025553795284
2011-08-23,0.041222155467547685,0.40938587726014886,1.6106793566313686
2011-08-24,0.005241784503571795,0.41677357431112383,1.6300148397153653
2011-08-25,-0.017028554839565616,0.3926479678057193,1.5848578028989522
2011-08-26,0.02393038202202867,0.425974565697512,1.6507724808965865
2011-08-29,0.027049547017799068,0.46454653175853267,1.7267778659995479
2011-08-30,0.006377908423338976,0.47388727541980735,1.7436120750232624
2011-08-31,0.0019993556055214598,0.47683410020582495,1.7476827818142846
2011-09-01,-0.009163840346312915,0.4633006282935481,1.7207578656852425
2011-09-02,-0.020380288121798817,0.4334781398801164,1.6579575073768353
2011-09-06,-0.0004084468632170238,0.4328926402303921,1.657675530334616
2011-09-07,0.02504030463871653,0.4687727084563358,1.726520434729582
2011-09-08,-0.004573275500776423,0.4620556062125434,1.7149216593241463
2011-09-09,-0.02164103411278468,0.4304152109637096,1.652844503281134
2011-09-12,0.011738726313428458,0.4472064636397777,1.687395970452286
2011-09-13,0.012699172548363329,0.465584788234646,1.7226338212304544
2011-09-14,0.014532770994551839,0.48688379633515866,1.7620770812083482
2011-09-15,0.0127657499752191,0.505864983121378,1.803531298478843
2011-09-16,0.009924831170625087,0.5208104388446138,1.827476896666048
2011-09-19,0.0004892690576687633,0.52155452433492,1.830750464536231
2011-09-20,-0.007703733984421663,0.5098328730366506,1.8149705263646365
2011-09-21,-0.015367004819746212,0.48663126399968526,1.7688819475573663
2011-09-22,-0.03251707934823683,0.4382903572266379,1.6785068088325938
2011-09-23,0.009878370200555346,0.45249832183121175,1.7058118850928663
2011-09-26,0.011877228926538851,0.4697499769150144,1.73943121159579
2011-09-27,0.008133337644230127,0.48170394972986363,1.7630580140823966
2011-09-28,-0.011916871028203992,0.46404667485895223,1.7229526169310532
2011-09-29,-0.009126535671301967,0.45068500065640094,1.6945561518215961
2011-09-30,-0.025113824773228995,0.4142527517487644,1.6228298132351182
2011-10-03,-0.024348826661598242,0.37981735664074545,1.5564493642420558
2011-10-04,0.019136597213095463,0.40622236562241754,1.610605719314612
2011-10-05,0.022468647622250107,0.43781828043411464,1.6762752389284055
2011-10-06,0.01675436572575177,0.46190801375167934,1.7194581371105966
2011-10-07,-0.00575172568587466,0.4534995198785978,1.7007847912000496
2011-10-10,0.03146756619644397,0.4992376122368769,1.7938327250521868
2011-10-11,0.0049236103861348525,0.5066192741157702,1.8137812537651277
2011-10-12,0.007453274453309667,0.5178485210624011,1.8288131445603883
2011-10-13,0.007937907709359893,0.5298970625393831,1.852967082473055
2011-10-14,0.0180483105110995,0.5575091197741129,1.9082148263947962
2011-10-17,-0.014290128758252363,0.5352521139103885,1.8621627669072192
2011-10-18,0.011097299617804401,0.5522892666073198,1.899546576725379
2011-10-19,-0.01787001531962975,0.5245498336325503,1.8406205590299725
2011-10-20,-0.0033979499347230645,0.5193694896248764,1.8277220550498905
2011-10-21,0.010535335927415486,0.5353765575959402,1.8640632682246845
2011-10-24,0.01942353184491322,0.5651989930563381,1.923516421346151
2011-10-25,-0.01974857959347935,0.5342885361623313,1.8639899302466123
2011-10-26,-0.005134355907167627,0.5264109527533867,1.862665655899713
2011-10-27,0.029747882738600545,0.5718184467868102,1.9424106792069717
2011-10-28,0.0026403418158157266,0.5759685847587317,1.9442007245492992
2011-10-31,-0.016598936156241896,0.5498091828360787,1.8936735517059033
2011-11-01,-0.024569139189586704,0.5117317053056796,1.8180115080757933
2011-11-02,0.010048548123068943,0.5269224140956128,1.8424719688029318
2011-11-03,0.02093062567055068,0.5588818555730215,1.9030284843210237
2011-11-04,-0.005690509191654041,0.5500110240451805,1.8890634366026955
2011-11-07,0.00667649304675661,0.5603596618696143,1.9071114639981719
2011-11-08,0.011530894153168493,0.5783520039715064,1.94263129181856
2011-11-09,-0.03350147449939203,0.5254748845593908,1.8372978996152844
2011-11-10,0.002496393836979312,0.5292830706596716,1.8348088984411284
2011-11-11,0.018950186986372124,0.5582632708037658,1.8884012994292458
2011-11-14,-0.005553657731236354,0.5496092099425647,1.8706720677343678
2011-11-15,0.008395153847966772,0.5626184176642588,1.9012261660925702
2011-11-16,-0.018436763002333885,0.5338087922347008,1.849889880780895
2011-11-17,-0.0220850158804287,0.49993460070065643,1.785789793897841
2011-11-18,-0.008560365282512842,0.48709461261877873,1.763548330850079
2011-11-21,-0.02097922203337921,0.4558965245560074,1.7110592922585868
2011-11-22,0.002005179560309164,0.4588158585089721,1.7174229333844293
2011-11-23,-0.022008241797673363,0.4267098863566261,1.6563758017599706
2011-11-25,-0.007274506186942154,0.4163312764613534,1.6371750210846772
2011-11-28,0.03337253555526028,0.4635978423430871,1.727096661700148
2011-11-29,-0.004676041633874091,0.4567539978970425,1.7113658150730586
2011-11-30,0.035914574056718336,0.5090726972369364,1.8141245952379794
2011-12-01,0.00591101025919393,0.5179928414321733,1.8312898728484184
2011-12-02,-0.0032802754907485976,0.5130134067192915,1.8225111672038636
2011-12-05,0.010412853989009907,0.5287681944068738,1.8530529926759396
2011-12-06,-0.0024552091294941644,0.5250147487790857,1.846358582302058
2011-12-07,0.000786180401062995,0.5262136854859076,1.8451938554748013
2011-12-08,-0.016907810478185535,0.5004087537424988,1.7986637521056696
2011-12-09,0.015334373565935693,0.5234165820739862,1.8429131940261074
2011-12-12,-0.012301548097713158,0.5046761997167493,1.81049541300882
2011-12-13,-0.009969897766520658,0.48967473183385635,1.7812287703391378
2011-12-14,-0.014214693003135059,0.4684994628463106,1.7378985975234311
2011-12-15,-0.00053761285366923,0.46770997865947805,1.7301496169587436
2011-12-16,0.005460551361743291,0.47572448438209136,1.7442128477660823
2011-12-19,-0.010697801092458829,0.4599374773809004,1.7161232048097834
2011-12-20,0.028348460176735153,0.5013244568189561,1.7978666131848313
2011-12-21,-0.017990655682382443,0.4743146454487863,1.7575160576496471
2011-12-22,0.009110017286548542,0.4877456773546365,1.7792669045910423
2011-12-23,0.008825047665646079,0.5008751038716501,1.8047696626228604
2011-12-27,0.0024728539535267937,0.5045865488060091,1.8115745289718785
2011-12-28,-0.011051559030332354,0.48795852174563525,1.7796470647222717
2011-12-29,0.007569993651305945,0.49922235830865613,1.8017044344781388
2011-12-30,-0.0031981284212018127,0.4944276526748479,1.7928275457445735
2012-01-03,0.02008707535247374,0.5244463335429481,1.8469348092726245
2012-01-04,0.005117403364843873,0.5322475403397446,1.856437016521261
2012-01-05,0.007453050504225108,0.5436674586428716,1.8800638190078676
2012-01-06,0.002838106812214339,0.5480485517730393,1.8888793433108013
2012-01-09,-0.003209302488285274,0.5430803957038477,1.8821112956201618
2012-01-10,0.0066512689551059545,0.5533438384350253,1.9026237784175417
2012-01-11,0.0012197499164615462,0.5552385294521924,1.9085949865260279
2012-01-12,0.0015230887317983304,0.5576072957316596,1.9205371034043148
2012-01-13,-0.00417740245738941,0.5511005431868226,1.9082639179393035
2012-01-17,0.007740552972130232,0.5631069191064599,1.9343306300555612
2012-01-18,0.013889931456700956,0.5848183670723437,1.9744483000930315
2012-01-19,0.006151954563225267,0.5945680976575378,1.9937469645186492
2012-01-20,0.0006951598267405754,0.5956765773400317,1.9880089412465631
2012-01-23,0.00041329835518052837,0.5963360678448464,1.988254099630404
2012-01-24,-0.0012432945577768267,0.594351351899312,1.9842570301561397
2012-01-25,0.0118864611869696,0.6133025473620557,2.0231240631634684
2012-01-26,-0.002606723770944596,0.6090971132621215,2.0096002406683158
2012-01-27,0.0016587343392869558,0.6117661778991368,2.0183546998793043
2012-01-30,0.0002448176971686364,0.6121607667831843,2.0227073837125458
2012-01-31,0.0009649734293120791,0.6137164590869093,2.0259318600382237
2012-02-01,0.0042505437787092055,0.6205756315426818,2.0507356622382136
2012-02-02,0.0036713788507580104,0.6265253786423814,2.0601154399642723
2012-02-03,0.013971557600408177,0.6492504716586094,2.1009931309255165
2012-02-06,-0.0013164057852202377,0.6470793887964408,2.09992658718727
2012-02-07,-8.639635423138074e-05,0.6469370871421192,2.1045367022904777
2012-02-08,0.0039012513601477815,0.65336220269341,2.121285001111308
2012-02-09,0.005260473818266872,0.6620596712727909,2.1436120750232677
2012-02-10,-0.006091844870256027,0.6519346615902883,2.1232468668594033
2012-02-13,0.007998302223674274,0.6651473342674505,2.150429214258412
2012-02-14,0.0009630517953114762,0.6667509573971748,2.1574792389912707
2012-02-15,-0.007650324448327225,0.6539997717985264,2.1339015280491695
2012-02-16,0.01243919021211329,0.6745741895707202,2.178384154806007
2012-02-17,-0.0021845671749011948,0.6709159697642473,2.1685140603122672
2012-02-21,0.0010227200950739222,0.672624849103705,2.175870607859598
2012-02-22,-0.004749273688618084,0.664681095916928,2.163045741196274
2012-02-23,0.0023546058391010916,0.6686007637456153,2.1816209040178105
2012-02-24,0.003296476956883522,0.674101267713541,2.192999066811658
2012-02-27,0.000992268144348653,0.6757624250719068,2.1961256593870107
2012-02-28,0.011063857921516875,0.6943028224531191,2.228862236104897
2012-02-29,-0.0052923705782983435,0.6853359440448403,2.216160098302836
2012-03-01,0.008133831776161525,0.6990441831000194,2.2412213317727927
2012-03-02,-0.0007204694186599171,0.6978200737251439,2.238818240801521
2012-03-05,-0.008568587422662161,0.6832721539954791,2.206130456289454
2012-03-06,-0.009130395628561714,0.6679032132789593,2.174288902242732
2012-03-07,0.006910694767746759,0.6794295832880743,2.197462206620036
2012-03-08,0.009605722808042092,0.6955617183407654,2.2334232596635997
2012-03-09,0.002316360967009719,0.6994892513222861,2.245279765677688
2012-03-12,0.0002493146306995591,0.6999129588573576,2.245279765677688
2012-03-13,0.016779655515746363,0.7284369127137373,2.3072952579513824
2012-03-14,0.0005226587461662406,0.7293402953833636,2.3207577160159034
2012-03-15,0.003101775179707547,0.7347043201888519,2.3285803338973485
2012-03-16,-0.0010371548550623868,0.7329051631810704,2.326115878495445
2012-03-19,0.005624787665188396,0.7426523867678727,2.3512262035099067
2012-03-20,0.003319509417706743,0.7484371377775378,2.3565840666507625
2012-03-21,-0.0003494939112583239,0.7478260696436667,2.355664498207346
2012-03-22,-0.0005172065262123159,0.746922082593763,2.349068270922475
2012-03-23,0.0003650165670102619,0.7475597380951857,2.345451361579441
2012-03-26,0.01782567063280062,0.7787111623976137,2.406106060186543
2012-03-27,0.001983333636644162,0.7822389400758714,2.4111331540793604
2012-03-28,-0.005176751034588939,0.7730127327989489,2.3974620569506917
2012-03-29,-0.0013483366903781705,0.7706221146788084,2.3865254187187057
2012-03-30,-0.0016128725856784725,0.7677663268104469,2.3782124840695795
2012-04-02,0.008027512054322498,0.7819570923081431,2.4139529245015554
2012-04-03,-0.0026830213908152906,0.7771760633119653,2.41194226654764
2012-04-04,-0.013403225652348262,0.753356171511443,2.36562050290397
2012-04-05,0.00516005718307599,0.7624035896187411,2.3870770999170188
2012-04-09,-0.00972216610208728,0.7452692091815527,2.3594655008422745
2012-04-10,-0.01641077674310127,0.7166279858330653,2.30446321464306
2012-04-11,0.005692652907568386,0.7264001531278312,2.320414374543051
2012-04-12,0.012850211798799194,0.7485847607450031,2.359808842315126
2012-04-13,-0.014635950171297988,0.7229925613164481,2.3092080321549724
2012-04-16,-0.0076000329728162334,0.709897761038526,2.273786387423595
2012-04-17,0.016824572241002072,0.7386660594438463,2.3393577239483774
2012-04-18,-0.0024379400740425832,0.7344272957821505,2.3302353774922855
2012-04-19,-0.008973203788774,0.7188639262002852,2.2942865973348483
2012-04-20,-0.0010902558571186803,0.7169899247371554,2.281069297654168
2012-04-23,-0.008898964193757415,0.7017104928758771,2.253433152807171
2012-04-24,-0.00389415909661102,0.6950837614802459,2.235323760981063
2012-04-25,0.021216100096637203,0.731046828235995,2.3222415378824435
2012-04-26,0.0057594771631443815,0.7410167529115537,2.3413806547884195
2012-04-27,0.010391904485574279,0.7591092327155953,2.3611331166620255
2012-04-30,-0.003478662122360517,0.752989886058653,2.339480153470955
2012-05-01,0.0010505951655420324,0.7548315687581901,2.3434526771729667
2012-05-02,0.0027198950137781795,0.7596045263920759,2.353077613282866
2012-05-03,-0.010198726041488287,0.7416588018860404,2.316074262934623
2012-05-04,-0.022798579886624364,0.701951454555999,2.234330555220889
2012-05-07,2.6067447612390597e-05,0.7019958200863796,2.23599817104064
2012-05-08,-0.005028142620460395,0.6934379423635579,2.2244607600658357
2012-05-09,-0.0050649175319107936,0.684860818840078,2.214014438601531
2012-05-10,-0.002752684201601616,0.6802229290821593,2.207748980564699
2012-05-11,0.0013201417374803532,0.6824410614991123,2.2074301848641005
2012-05-14,-0.010461137917754987,0.664840813516276,2.1759196994041026
2012-05-15,-0.002852206479925422,0.6600923437599204,2.164235013795783
2012-05-16,-0.006842243390653757,0.6487335878929541,2.1407063943981868
2012-05-17,-0.019359073511182552,0.6168156331645787,2.0763243304729135
2012-05-18,-0.012377593050038027,0.5968033472203278,2.0389040013350614
2012-05-21,0.02165904562808247,0.6313885837768478,2.1209293867523282
2012-05-22,-0.0018410097486007857,0.6283851814903585,2.1132908621627777
2012-05-23,0.002298803684561926,0.6321285193454547,2.1229526169310557
2012-05-24,-0.0050880844933601345,0.6238241115350021,2.1036662253915646
2012-05-25,-0.002536696475558293,0.6197049626343445,2.0983939731149066
2012-05-29,0.011087736014981631,0.6376638236821899,2.1375307102783285
2012-05-30,-0.007899287436983085,0.6247274464137755,2.1110838380308414
2012-05-31,-0.0034234554011593346,0.6191652644619385,2.095721177987542
2012-06-01,-0.025010901842320965,0.5786684809659852,2.0147500634223947
2012-06-04,0.00830972184006478,0.5917867769204901,2.038413385228694
2012-06-05,0.003490809835070114,0.5973434018566988,2.0499020039976785
2012-06-06,0.021364191679172046,0.6314693524714259,2.122020775601513
2012-06-07,-0.004262420173978287,0.6245153445902245,2.1086439284011904
2012-06-08,0.009082837058031206,0.6392705527634088,2.137824960206674
2012-06-11,-0.01557172302231324,0.6137442857571427,2.0862923087169776
2012-06-12,0.011351089132236439,0.6320620409814091,2.121873500967997
2012-06-13,-0.006436169571686539,0.6215578129341399,2.098872016996461
2012-06-14,0.004541901397093392,0.628922768630173,2.1142349763784467
2012-06-15,0.012273632782678692,0.648915568523684,2.152562601073589
2012-06-18,0.0068474219266796595,0.6602063891428365,2.1786661318482254
2012-06-19,0.010554898366999329,0.6777296988484822,2.213376847200334
2012-06-20,0.0009003561088311383,0.679240253031808,2.2164420753450553
2012-06-21,-0.022666845057702306,0.6411771744016792,2.1350662548764254
2012-06-22,0.01005622685541415,0.65768122437739,2.1700957659291324
2012-06-25,-0.016703445340950515,0.6299922366532824,2.106351293405056
2012-06-26,0.003841057334273684,0.6362531302886887,2.1263366407763757
2012-06-27,0.003931453063730713,0.6426859826708011,2.145573940771362
2012-06-28,-0.011315628751136933,0.6240979579362018,2.1101642695874245
2012-06-29,0.030494797925502977,0.6736244969746885,2.2071113891635017
2012-07-02,0.0022082865253337668,0.6773203393998262,2.2185263706157285
2012-07-03,0.007008232799892558,0.6890753908183349,2.2440414015336736
2012-07-05,-0.00028558810186245627,0.6885930109835685,2.2460397866014623
2012-07-06,-0.014043265298396935,0.6648796513493074,2.2029059799637762
2012-07-09,-0.0010425413196686233,0.6631439455205002,2.200478343220252
2012-07-10,-0.010555947569068745,0.6455878852317716,2.170083493043006
2012-07-11,-0.0046620932449897064,0.6379160010679956,2.1522683511452434
2012-07-12,-0.011961588216688452,0.6183239243296952,2.120770138571372
2012-07-13,0.016119093384726186,0.644409838792702,2.16940908298343
2012-07-16,-0.0035520936678471657,0.6385687410169809,2.1596985360093326
2012-07-17,0.0058210982589305595,0.6481070106624529,2.1775992887712934
2012-07-18,0.015056547116996473,0.6729218115223445,2.219556395034282
2012-07-19,0.010789958683962143,0.6909725687501698,2.25626549545418
2012-07-20,-0.013825625472280384,0.6675938153307299,2.209956004696636
2012-07-23,-0.012650726887547701,0.6464975414136174,2.175490447728368
2012-07-24,-0.008845375205036575,0.6319336528856436,2.1479402130842553
2012-07-25,-0.007041840284629387,0.6204418367469111,2.1255517747416635
2012-07-26,0.01473735276032692,0.6443228597226425,2.1692621076886005
2012-07-27,0.02605052541288664,0.6871583341668377,2.2455003782892766
2012-07-30,-0.002481434853893182,0.6829717606723997,2.239480377974971
2012-07-31,-0.002606470519151195,0.678585144393643,2.2399829676287784
2012-08-01,-0.0015823470621424251,0.6759290401218558,2.230909712717192
2012-08-02,-0.004329553825717252,0.6686730151345657,2.2191271433585475
2012-08-03,0.01970424581603944,0.7015529584113689,2.281020206109665
2012-08-06,0.006295741762594891,0.712265496432906,2.3032003047267957
2012-08-07,0.010197914127024038,0.7297270329281951,2.33148601452243
2012-08-08,-0.002053398458046898,0.7261752141059383,2.3276362196816818
2012-08-09,0.0012448244686490168,0.7283239992496326,2.3344901775752054
2012-08-10,0.0008936603106110594,0.7298685338116386,2.3385974036859207
2012-08-13,0.00043638488339705267,0.7306234222900583,2.345610609760401
2012-08-14,0.00023005508856293726,0.7310215610147424,2.3445195202499023
2012-08-15,0.0040079789501176475,0.7379594589934895,2.353935817295654
2012-08-16,0.012398464223903337,0.7595074871684144,2.393931057810547
2012-08-17,0.002051483563382512,0.7631170878579889,2.408901584175176
2012-08-20,-0.0005562192245363851,0.7621364082386137,2.413842767865109
2012-08-21,-0.003956136836872473,0.7551651554823868,2.3989701252508047
2012-08-22,0.0022962784762649096,0.7591955034512115,2.412726833243671
2012-08-23,-0.008138841012663777,0.7448776909384289,2.386488600060331
2012-08-24,0.005791791804115583,0.7549836592479902,2.406142878844926
2012-08-27,0.0002476357995548978,0.7554182560296538,2.411660289505425
2012-08-28,0.0009170157394119653,0.7570280021996842,2.411831810572507
2012-08-29,-0.000771782463247729,0.7556719588001513,2.4134380619616254
2012-08-30,-0.010212922377128281,0.7377414173652246,2.376336528524371
2012-08-31,0.006766954645879813,0.7495006347228017,2.3990192167953084
2012-09-04,-0.0027716156485014867,0.7446516913865406,2.3987617855253416
2012-09-05,-0.0024972683146031963,0.7402948279976223,2.392533146146888
2012-09-06,0.022819653222630607,0.7800077524776654,2.469482645465519
2012-09-07,-0.0033624888689583127,0.7740224962232998,2.4638428052824435
2012-09-10,-0.011826849499863644,0.7530413991510942,2.4187716786689144
2012-09-11,-0.001139486775690897,0.7510438316595229,2.4145291514721237
2012-09-12,0.0003972965478498406,0.751739515328975,2.4228543590073763
2012-09-13,0.013335536366999206,0.7750999013411539,2.4714936027581205
2012-09-14,0.00844753498866573,0.7900951198661104,2.5007725183139287
2012-09-17,-0.0013627574887845532,0.7876556543358761,2.502256040841784
2012-09-18,0.0008322514976157153,0.7891434334314185,2.5034084947829145
2012-09-19,0.0016393214408821565,0.792076414622656,2.5115621812510844
2012-09-20,0.0006957982592410839,0.7933233382723774,2.5087052928318245
2012-09-21,-0.0002657333360450049,0.792846792479091,2.508631655515067
2012-09-24,-0.005345217453035928,0.7832636365133121,2.4869789916626828
2012-09-25,-0.012477924391934339,0.7610122076860133,2.438609751406718
2012-09-26,-0.007156540702742083,0.7484094521436826,2.4105320819978595
2012-09-27,0.012728730066023727,0.770664484104904,2.4595392129937075
2012-09-28,-0.006861047388759753,0.7585158711698665,2.432062316327667
2012-10-01,-0.00041059116079005686,0.7577938400970552,2.4260423160133615
2012-10-02,-0.009569462791821056,0.7409726973485542,2.4321850451889304
2012-10-03,0.005871692182998881,0.7511951531263901,2.4561551891483884
2012-10-04,0.004385772384666373,0.7588754964691333,2.468121851798928
2012-10-05,-0.005016908856871439,0.7500513784127631,2.447694979865746
2012-10-08,-0.007374435534648407,0.7371457373403356,2.4170181526462806
2012-10-09,-0.01724590443947048,0.7071870879567306,2.3618440460412975
2012-10-10,-0.007403865479488233,0.6945473044091797,2.3454390886933183
2012-10-11,-0.002151352824417285,0.6909017352797304,2.333999561468839
2012-10-12,-0.0013326834196246845,0.6886482985729085,2.335139742523843
2012-10-15,0.0071292730527927825,0.7006871333835687,2.3593307984335743
2012-10-16,0.011966586927705167,0.721038553802033,2.4065472854097223
2012-10-17,-0.00013092022248578533,0.7208132350516627,2.4031635609030886
2012-10-18,-0.012394582843390322,0.6994844728518124,2.364602751371546
2012-10-19,-0.022147150073036567,0.6618457351847677,2.283864821642799
2012-10-22,0.0017574272249226272,0.664766308123403,2.3037765316973613
2012-10-23,-0.006118862228965782,0.654579832440572,2.2687838393030333
2012-10-24,0.00024215561566074534,0.6549804982385563,2.255946699753583
2012-10-25,-0.0006927076718545287,0.6538340805506568,2.258533584678063
2012-10-26,0.006055384103631161,0.663848681152067,2.2685509538053186
2012-10-31,-0.006672757615284096,0.6527462221942291,2.2465914677997763
2012-11-01,0.015037591443071279,0.6775995446426655,2.295144801347636
2012-11-02,-0.008383854660372938,0.6635347938820735,2.2568417224247463
2012-11-05,0.004042191071546224,0.6702591193731102,2.277231476360863
2012-11-06,0.005742840908175718,0.6798511517710997,2.28721202682974
2012-11-07,-0.024383971396363828,0.6388897093361643,2.203396296731459
2012-11-08,-0.014017615288556164,0.6159163838903163,2.1542056711210886
2012-11-09,0.002189505031607195,0.6194544409435008,2.1683425392451854
2012-11-12,0.001144151954693371,0.621307342907643,2.1667117420838142
2012-11-13,-0.010573766972298917,0.6041640168732605,2.1410742816432924
2012-11-14,-0.008244136900969564,0.5909390691065481,2.1043038167927635
2012-11-15,-0.002356090629803343,0.5871906724732381,2.0950958594724733
2012-11-16,0.006076244101883094,0.5968348304354174,2.1071113143288316
2012-11-19,0.01644380546970134,0.6230928717543409,2.182724565753123
2012-11-20,-2.2211661548625486e-05,0.6230568201648117,2.181289835431087
2012-11-21,0.00440459175862767,0.6302057228586941,2.1884257703668304
2012-11-23,0.013614246825085882,0.6523997459453601,2.236378331171872
2012-11-26,0.004294793039753362,0.6594964608731366,2.2511893100168585
2012-11-27,-0.0031822715209081005,0.6542154925466523,2.2386218746235014
2012-11-28,0.010746326797881216,0.6719922328236765,2.2678642708596173
2012-11-29,0.005445648462814476,0.6810973147561905,2.2859613897995996
2012-11-30,0.00026371725290892786,0.6815406491219107,2.2833251139919275
2012-12-03,-0.003882660370759353,0.675011797881744,2.275919774238777
2012-12-04,0.000614005139270419,0.6760402637339822,2.2710764742991687
2012-12-05,-0.005198615434347488,0.6673271749503469,2.2342937365625133
2012-12-06,0.003272077836357857,0.6727827992454594,2.2568662681969998
2012-12-07,-0.004227158428160733,0.6657116813371466,2.237543057999129
2012-12-10,0.00316090109799407,0.6709768312196267,2.246162515462728
2012-12-11,0.012386208936428087,0.6916738993790437,2.2884626638598817
2012-12-12,-0.0018959134771060152,0.6884666320343424,2.2792669794257177
2012-12-13,-0.0053266209511147675,0.6794728102968901,2.2540584713222453
2012-12-14,-0.008555461068527842,0.665104146052744,2.2222782817061546
2012-12-17,0.011579298527513179,0.6843848840392885,2.2666259067156025
2012-12-18,0.014539488182941039,0.7088749781563024,2.3170548964699877
2012-12-19,-0.0037198363255182628,0.7025182429367873,2.2993993020918673
2012-12-20,0.0008576888001408157,0.7039784737657897,2.3025381675533465
2012-12-21,-0.010673035174502882,0.6857918515786916,2.2671284963694096
2012-12-24,-0.002503373517538464,0.6815716849013673,2.259011927898304
2012-12-26,-0.00819607649383399,0.6677893947420503,2.2334232596636014
2012-12-27,-0.002246112359375661,0.6640433523696845,2.2282246447037015
2012-12-28,-0.010130518894395146,0.6471857297474106,2.1956353426193314
2012-12-31,0.01721261462886978,0.6755381029357266,2.262542927038454
2013-01-02,0.032372526272268866,0.7297795041932011,2.3674228211324273
2013-01-03,-0.004087730721897504,0.7227086313718021,2.3500001122520215
2013-01-04,-0.0012968715409469808,0.7204744995744323,2.340473359231133
2013-01-07,0.0028574948525836954,0.7253907466009677,2.3401422906444083
2013-01-08,-0.00402720487819936,0.7184422445694563,2.3333987887260217
2013-01-09,0.005112618852993317,0.7272279847868222,2.3443476998441337
2013-01-10,0.004873849709243976,0.7356462343982735,2.3646150242576733
2013-01-11,0.00295428030498071,0.7407738198849703,2.369617572378238
2013-01-14,-0.003451008682839534,0.7347663943176874,2.354217794337874
2013-01-15,-0.0044676259160131085,0.7270161070162051,2.338621949458174
2013-01-16,0.0007805513996090901,0.7283641318556842,2.353028521738364
2013-01-17,0.004940432867978819,0.7369029988205396,2.3682564793729597
2013-01-18,-0.003461303762264971,0.7308910499360328,2.3634625703165426
2013-01-22,0.0017506160294536248,0.7339211755532886,2.367079479659577
2013-01-23,0.0049337919838258635,0.7424759819498195,2.386672394013541
2013-01-24,-0.00542723303666999,0.7330191587349772,2.3392963595177503
2013-01-25,0.006898222622687375,0.7449739107013136,2.3554807042541417
2013-01-28,0.0014230368113408525,0.747457072811071,2.3624693645563686
2013-01-29,-0.004318212873832847,0.7399111811827881,2.3638795491061515
2013-01-30,0.0011547320955109766,0.7419203124670384,2.357908340997665
2013-01-31,-0.0036144865761156843,0.7356241648809629,2.3491050895808576
2013-02-01,0.009882466064477643,0.7527764117910865,2.3888671452593497
2013-02-04,-0.017034058329207312,0.7229195161545783,2.32967142340785
2013-02-05,0.011022946674385792,0.741911166105409,2.377869142596732
2013-02-06,-0.0029312456535701744,0.7368051965708571,2.367275845837597
2013-02-07,-0.002663362224892125,0.7321794552183138,2.367459639790806
2013-02-08,0.010266487621429145,0.7499628541534065,2.4030899235863306
2013-02-11,-0.0013595702568088214,0.7475836567063794,2.4019617160787665
2013-02-12,-0.0036435255002544614,0.7412162910893416,2.387224374550538
2013-02-13,0.004620901644138638,0.7492622803116371,2.4008951723405203
2013-02-14,-0.00014836478787085973,0.7490027513844881,2.3980260110351344
2013-02-15,-0.0033627249475381878,0.7431213361990945,2.3897376221582607
2013-02-19,0.005708576530640429,0.7530720777489792,2.412040449636654
2013-02-20,-0.015372894646959057,0.7261222853892186,2.359477773728404
2013-02-21,-0.010692597208488154,0.7076655550589568,2.324558718650834
2013-02-22,0.009151499195480625,0.7232932550122289,2.356155114313716
2013-02-25,-0.01247990777251916,0.7017867141246719,2.311635668898499
2013-02-26,0.004149270930227475,0.7088478882670368,2.326410128423793
2013-02-27,0.012047555743443728,0.729435328458,2.361034933573017
2013-02-28,-0.0011578568416112118,0.7274328899308209,2.3577490928167077
2013-03-01,0.0046998973688011135,0.7355516472249872,2.3689922538631656
2013-03-04,0.005400058472589329,0.7449237276022007,2.383435644801734
2013-03-05,0.013838036029983462,0.7690700450143331,2.4321359536444236
2013-03-06,-0.0008948614339693956,0.7674869724570592,2.423933474970434
2013-03-07,0.002235190403100406,0.7714376423755003,2.4324302035727694
2013-03-08,0.0007794550246386826,0.7728183983466841,2.4380948888667837
2013-03-11,0.0010274532452206014,0.7746398863632522,2.447597096115419
2013-03-12,-0.0031355966266694213,0.7690753315220187,2.4340487278480136
2013-03-13,-0.0009369984801510386,0.7674177106251099,2.4314369978125945
2013-03-14,0.0004942337098155022,0.7682912280370258,2.4420060481381625
2013-03-15,-0.005424382519774891,0.7586993400097906,2.432332020483758
2013-03-18,-0.00348815999199927,0.7525647153340129,2.4236146792698348
2013-03-19,-0.0009012895983460898,0.7509851469856539,2.4174474043220133
2013-03-20,0.00542562289365547,0.76048533208559,2.4403016136600337
2013-03-21,-0.012765244191806954,0.7380123069254232,2.402219446687418
2013-03-22,0.009201404976691998,0.7540044620159188,2.434048727848014
2013-03-25,-0.00455178991514097,0.7460206021946025,2.4201201994493786
2013-03-26,0.008150273832097342,0.760251148218972,2.441025115264115
2013-03-27,0.003654157897711606,0.7666833838541922,2.445291888894472
2013-03-28,0.004044348460697991,0.7738284670782236,2.455971095856491
2013-04-01,-0.0087269305522794,0.7583483892343759,2.4294631585170583
2013-04-02,0.008468111105102484,0.7732382787558907,2.45833766750807
2013-04-03,-0.009840428030646985,0.7557888550926051,2.4269741573429022
2013-04-04,0.0006608877210330685,0.7569492343876625,2.426826882709386
2013-04-05,-0.008016141288503581,0.7428652810880827,2.398418444052489
2013-04-08,0.0048853393247623115,0.7513797693835453,2.4160494926583564
2013-04-09,0.009295312620310739,0.7676593918568533,2.4387812724737996
2013-04-10,0.02072506300145145,0.804294244118194,2.505652337573229
2013-04-11,-0.0005803298197387712,0.8032471583647491,2.5054808165061466
2013-04-12,-0.0004281486771221102,0.8024751004793711,2.5023051323862884
2013-04-15,-0.019794175514327075,0.7667965919802782,2.42995347528474
2013-04-16,0.01472725680311666,0.7928166591092431,2.480149579541411
2013-04-17,-0.018464712265099468,0.7597128153547139,2.410961333673594
2013-04-18,-0.012072198822409263,0.7384692123774101,2.3618808646996747
2013-04-19,0.01687767667868501,0.7678105336597645,2.4090976510145086
2013-04-22,0.011731518174777848,0.7885496350649579,2.4454023448696094
2013-04-23,0.009135839163916295,0.8048895368675923,2.476422513561926
2013-04-24,5.490944567852875e-05,0.8049886423515726,2.4748898994895656
2013-04-25,0.0060820537798196295,0.8159666803463186,2.4927170149347684
2013-04-26,-0.006362584563821818,0.8044124387775324,2.482773582462957
2013-04-29,0.008806966469623633,0.8203038386232178,2.5151422719357397
2013-04-30,0.008038045605554755,0.8349355238940375,2.540264869836328
2013-05-01,-0.005883791160274907,0.8241391464788752,2.522989435589438
2013-05-02,0.013332535160455627,0.8484595457868682,2.5693231727805483
2013-05-03,0.011524879968858988,0.8697628201793535,2.610336164827868
2013-05-06,0.0022719327576517408,0.8740107955795582,2.6235411916224223
2013-05-07,-0.003150703745071768,0.8681063427476208,2.6205002099112673
2013-05-08,0.004382945500322567,0.8762941510366906,2.6393331033414564
2013-05-09,-0.0029212456675101334,0.870813034877,2.6306034892414067
2013-05-10,0.006495210132542603,0.882964358657226,2.6550025855379134
2013-05-13,0.00026187635905669315,0.8834574625077047,2.656314586998686
2013-05-14,0.005918027981132616,0.8946038164720984,2.6734307730646205
2013-05-15,0.0024268604301721877,0.8992017555051479,2.6814862764437803
2013-05-16,0.0007781249667751613,0.9006795718080496,2.6774646611972637
2013-05-17,0.010892450344057975,0.921382629663934,2.7137813285998047
2013-05-20,-0.0020697848712178633,0.9174057809652347,2.703984871422823
2013-05-21,0.0010865107778195203,0.919489063011707,2.710703827568957
2013-05-22,-0.011108540607344992,0.8981663408098868,2.6772069305886106
2013-05-23,-0.0030734531576923556,0.8923324154758994,2.6677906335428587
2013-05-24,-4.441464931720725e-05,0.8922483681952744,2.6672634981167986
2013-05-28,0.008157198652190192,0.9076838140339261,2.6929132314434474
2013-05-29,-0.005281153658166435,0.8976090426808159,2.671922704764513
2013-05-30,0.006734177910220976,0.9103878795782727,2.6927785290347437
2013-05-31,-0.008378087463454727,0.8943824828340421,2.655909881095204
2013-06-03,0.003231221650608817,0.9005036525271093,2.6669815210745793
2013-06-04,-0.005023933041926236,0.8909556494308768,2.646015240829211
2013-06-05,-0.011242409016660763,0.8696967525876096,2.6012015454856487
2013-06-06,0.005817055557734714,0.8805728824735282,2.6173370980162205
2013-06-07,0.01339888700030338,0.9057704660216259,2.6670797041635894
2013-06-10,0.002299438402688698,0.9101526678179059,2.666613633829475
2013-06-11,-0.011433995341285783,0.8883119911129314,2.6290340565106662
2013-06-12,-0.011779302966172887,0.8660689920749549,2.5877145416488747
2013-06-13,0.011740223374246472,0.88797705887367,2.6327856682624042
2013-06-14,-0.007085929263174496,0.8745989869839947,2.609441142156703
2013-06-17,0.010028902916050138,0.893399158230983,2.6430359228873743
2013-06-18,0.00834244738221351,0.9091947410820524,2.6734798646091256
2013-06-19,-0.012664494731469694,0.8850157543422692,2.628617077721058
2013-06-20,-0.022947907509857195,0.841758587156999,2.5438084412012887
2013-06-21,-0.0050449622771095125,0.8324669845612496,2.528617002886386
2013-06-24,-0.009413298172602062,0.8152174264441256,2.492153060850329
2013-06-25,0.006595019020488443,0.8271888198978468,2.514590590737426
2013-06-26,0.010973933170286783,0.8472402678969009,2.548124306376151
2013-06-27,0.004536005022789391,0.85561935903038,2.5640512198425753
2013-06-28,0.00043218154959789233,0.8564213234804294,2.567435243687895
2013-07-01,0.008150266765112296,0.8715516524952378,2.589198363515416
2013-07-02,-0.00018190135134496594,0.8712112147205369,2.5919935881653577
2013-07-03,0.001976352193723643,0.8749093871096703,2.6064369791039264
2013-07-05,0.0073473220129636274,0.8886849501218932,2.6331781012797593
2013-07-08,-0.00013138842904853313,0.888436798773329,2.6367459190782876
2013-07-09,0.006064145276642326,0.899888553866848,2.6590487465566808
2013-07-10,0.005826640627859999,0.9109585217032148,2.67908288613382
2013-07-11,0.019374452950374155,0.9479822976720702,2.7511771119654016
2013-07-12,0.008182331278667748,0.9639213341566035,2.775220893241617
2013-07-15,0.0013005538437621308,0.9664755195965873,2.776177280343412
2013-07-16,-0.0018203522071760967,0.9628958415441318,2.7732590274935207
2013-07-17,0.0029355287525149754,0.9686579787251768,2.7828348720589147
2013-07-18,-0.004153412811616392,0.9604813294546488,2.773688279169256
2013-07-19,-0.01146485038474522,0.938004704330365,2.7333619700676386
2013-07-22,0.0028759811177424236,0.943578369266115,2.7459907698916273
2013-07-23,-0.006837259935628264,0.9302896187501781,2.7167729194277643
2013-07-24,0.003260799989293105,0.9365839071183313,2.728739582078304
2013-07-25,0.011842356932398337,0.9595176249759654,2.7538867257511446
2013-07-26,0.004849350425583834,0.9690200126045814,2.771738686307286
2013-07-29,-0.0011227754915634526,0.9668092451920309,2.7628127060292154
2013-07-30,0.006344812235149227,0.97928828055513,2.7828962364895458
2013-07-31,-0.001180038981000457,0.9769526432294375,2.7888548723732196
2013-08-01,0.011227057043143227,0.9991480033265672,2.8331291594045953
2013-08-02,0.005359928972908487,1.0098632946307293,2.8542424149447934
2013-08-05,-0.0002571930661652985,1.00934637172741,2.8538377090413105
2013-08-06,-0.006623430826658784,0.9960376050274755,2.828102065511778
2013-08-07,-0.0017148713981789759,0.9926146572289243,2.8237984732230417
2013-08-08,0.004244642633592059,1.0010725943553185,2.837824885372002
2013-08-09,-0.0030336437339425412,0.9950020530182884,2.823651497928212
2013-08-12,0.0015556257396938606,0.9981055295627057,2.832675361956607
2013-08-13,0.003171635482165814,1.0044427919573784,2.8512262783445768
2013-08-14,-0.0044362280363156184,0.9955506266465064,2.8369912271314695
2013-08-15,-0.016743290838515657,0.9621385421215818,2.7717386863072853
2013-08-16,-0.00029725976373751276,0.9615552772821305,2.768894070774152
2013-08-19,0.0004748722742558427,0.962486765497732,2.763805911789389
2013-08-20,0.005298477790844224,0.9728849580395476,2.7790215965378584
2013-08-21,-0.0026492790298925876,0.967658235291823,2.7659024799461887
2013-08-22,0.011022509585482343,0.9893467670512803,2.8031144693585794
2013-08-23,0.01001139811605422,1.009262909527116,2.830640158230439
2013-08-26,-4.8213577230113216e-05,1.0091660357746521,2.828678292482343
2013-08-27,-0.020431458092276252,0.9681158441142976,2.751324386598916
2013-08-28,0.004370256402837397,0.9767170149835638,2.766760683958973
2013-08-29,0.008077909057943953,0.9926847552638913,2.792741785211032
2013-08-30,-0.005024487773152203,0.9826725350753212,2.768771641251574
2013-09-03,0.004621552524139892,0.9918355603343416,2.790779919462936
2013-09-04,0.010796540862301822,1.013340494352477,2.830971226817164
2013-09-05,0.002332233447642617,1.018036074394899,2.8375919998742876
2013-09-06,0.0012665197559723754,1.0205919569513853,2.84180968196014
2013-09-09,0.012040308693728649,1.044920507857145,2.886623377303702
2013-09-10,0.005439336519110629,1.0560435186542105,2.9051865665777985
2013-09-11,-0.0016316758902583778,1.0526887220155006,2.898798679018389
2013-09-12,-0.0016579541888525956,1.0492854581504245,2.8935386996278574
2013-09-13,0.0015724027933894243,1.0525077603292727,2.8968613590425454
2013-09-16,-0.004205722716794084,1.0438754818152596,2.8851030361174677
2013-09-17,0.00880915534985598,1.061880298450332,2.912248864196784
2013-09-18,0.01506596487672418,1.0929445146067942,2.9618810143690157
2013-09-19,0.00365623725011305,1.1005968163035194,2.969605449161451
2013-09-20,-0.002304913733425013,1.0957551218532324,2.9538132381037303
2013-09-23,-0.001984388488805218,1.0915963295140725,2.9472047379327333
2013-09-24,0.0021534955785887343,1.0961005729618734,2.9463707803535155
2013-09-25,-0.001631066130355644,1.092681694311496,2.933975165365927
2013-09-26,0.006908901843607078,1.1071398267274075,2.965228219555957
2013-09-27,-0.0020156821747282874,1.1028925025390133,2.960642650225002
2013-09-30,-0.0037278572165243763,1.0950532195478484,2.9458068262690764
2013-10-01,0.009385019758317452,1.1147153354080315,2.988536226341966
2013-10-02,0.00044880964333488134,1.1156644400434708,2.9887936576119323
2013-10-03,-0.012581739139174918,1.089045701952815,2.9404489631282202
2013-10-04,0.00873957217302489,1.1073030676377789,2.9756868139063886
2013-10-07,-0.009125063478970883,1.0880737933761542,2.9427293252382287
2013-10-08,-0.020346064460009645,1.045589709378866,2.866932579199415
2013-10-09,-0.003656878196411474,1.0381092369718345,2.853040869459159
2013-10-10,0.02311574713910082,1.085221654735541,2.9367829622406814
2013-10-11,0.007492362959689721,1.1008448922242247,2.964970788285991
2013-10-14,0.006978687285237536,1.115506031761846,2.9921776814572527
2013-10-15,-0.0035767883797950457,1.107939314370054,2.9782491530586173
2013-10-16,0.012650024396699884,1.1346047981235978,3.0236268024866186
2013-10-17,0.007349524690491954,1.15029312879185,3.0476705837628346
2013-10-18,0.017410325116851113,1.1877304312606474,3.1121628043245595
2013-10-21,0.0006251482659795872,1.189098087146181,3.1211133303748824
2013-10-22,0.0003199173765400375,1.1897984176632095,3.1281633551077412
2013-10-23,-0.00800051853882086,1.1722788948264142,3.1025627133255984
2013-10-24,0.0065656373838004,1.186541290346327,3.1225845800166114
2013-10-25,0.011487431918174161,1.2116590345554572,3.1488844769692683
2013-10-28,-0.0030539766501407667,1.204904679505852,3.147474292419485
2013-10-29,0.0035481546605031825,1.2127280223204058,3.1585950239433656
2013-10-30,-0.0014523242226904128,1.2095144238153641,3.150784678948046
2013-10-31,-0.0003776856140035095,1.2086799220035558,3.1414052005606736
2013-11-01,-0.0008986078841735803,1.2066951848120273,3.1438942017348293
2013-11-04,0.0014804941284588258,1.2099621840764399,3.1500123851381456
2013-11-05,0.0033076574822161653,1.2172719820300153,3.155002660372584
2013-11-06,-0.001955410976167537,1.212936304059205,3.150784678948046
2013-11-07,-0.02074106312019573,1.1670376524957402,3.07235165710156
2013-11-08,0.012538363098312195,1.194208757430446,3.1280531984712887
2013-11-11,-0.0004931305161534599,1.1931267261333462,3.1233203545068173
2013-11-12,0.0008846965793546211,1.1950669778460474,3.1260790598370667
2013-11-13,0.013092012234387716,1.2238048215753081,3.17552741605609
2013-11-14,0.0033660334798666933,1.2312902230574196,3.1872731667563547
2013-11-15,0.0025941439856086695,1.2370785111697118,3.1963955132124466
2013-11-18,-0.011883453793838053,1.2104942920490385,3.155064024803215
2013-11-19,-0.0025049550165478548,1.2049571032831197,3.1418955173283543
2013-11-20,-0.0033468745620584914,1.1975773884437113,3.128457605036086
2013-11-21,0.011131645605276786,1.2220400411220362,3.1720697548940127
2013-11-22,0.0030493893804251597,1.228815906426313,3.195708830266746
2013-11-25,0.0011865546313066444,1.2314605182624132,3.202415513526754
2013-11-26,0.006176652567876086,1.245243474602653,3.2248162247554717
2013-11-27,0.007933093624953974,1.263055201297493,3.255125164729833
2013-11-29,0.005515014772262213,1.2755359841630933,3.2763856949035466
2013-12-02,-0.0021532261699770566,1.2706362405312688,3.268207462663124
2013-12-03,8.178337018131538e-05,1.2708219408154755,3.2659884649837476
2013-12-04,0.0021644082156624563,1.2757369264804832,3.2704881241118198
2013-12-05,-0.0021360278537536368,1.270875889017705,3.2640143263495256
2013-12-06,0.007489784820175767,1.287884260779773,3.2965425633419505
2013-12-09,0.0042299387267361694,1.2975618710167356,3.311145202461476
2013-12-10,-0.000911013088230088,1.2954687620812209,3.3087298386040773
2013-12-11,-0.013125189944266171,1.2653402985677755,3.253298300729128
2013-12-12,-0.000896504499528109,1.263309410797147,3.242631366653235
2013-12-13,-0.0010681714142172071,1.2608918083830045,3.2378617040303848
2013-12-16,0.006084330501985265,1.274647821374438,3.261635781150507
2013-12-17,-0.0004921964131541303,1.2735282478755687,3.2537030066326107
2013-12-18,0.011049444861448838,1.2986494728914164,3.3031265177406954
2013-12-19,-0.004418039991671709,1.2884939475933472,3.2896395139039214
2013-12-20,0.00983840478237413,1.311009077391784,3.329561117102056
2013-12-23,0.009774527447336563,1.333598099049794,3.3764100161717865
2013-12-24,0.0017138430256159166,1.3375975198764407,3.3805789060518183
2013-12-26,0.004279366877461966,1.3476009572758372,3.395022296990387
2013-12-27,-0.004842343831908536,1.33623306626059,3.3820747014657995
2013-12-30,-0.001940987939102504,1.3316984660560456,3.3772439737510034
2013-12-31,0.006353845918188602,1.3465137188370426,3.4041197983355405
2014-01-02,-0.0075845501660704315,1.3287164678211507,3.369262107688602
2014-01-03,-0.006558579902460773,1.3134433947967694,3.338805893080724
2014-01-06,-0.0018598123028390392,1.3091408243092046,3.3243747750282813
2014-01-07,0.00784794853226568,1.3272628426521371,3.362248901614122
2014-01-08,0.003002298957937447,1.3342499814594784,3.374129654061777
2014-01-09,-0.0042536412053663705,1.3243209195547165,3.355787376737955
2014-01-10,0.0038500308367104825,1.3332696267694133,3.371113517461561
2014-01-13,-0.015809243411427833,1.2963823992953243,3.3070134305785075
2014-01-14,0.023200242202975313,1.3496590271496256,3.3902035428230315
2014-01-15,0.006987783305600825,1.3660779352733963,3.425993374138198
2014-01-16,0.0013435233146443287,1.3692568161437015,3.4277711465943996
2014-01-17,-0.00524658624010434,1.3568263059328487,3.403200229892124
2014-01-21,0.00861485346206612,1.3771300191940026,3.435630283795538
2014-01-22,0.0005882237572607764,1.3785283035453904,3.4479157421466757
2014-01-23,-0.0036259994326213662,1.369903761266261,3.430799556080742
2014-01-24,-0.01965965241773099,1.323312277056293,3.342177644039918
2014-01-27,-0.009812145994777487,1.3005155978023577,3.3023787697030462
2014-01-28,0.0024065408514176447,1.3060518825677923,3.2983326086842766
2014-01-29,-0.010428007679474646,1.2820043558271084,3.251863869745777
2014-01-30,0.021956309679156582,1.3321087501528326,3.331056912516037
2014-01-31,-0.007670526035085811,1.3142202492681339,3.318195227194334
2014-02-03,-0.02393538248033701,1.2588285024581602,3.2183669727654305
2014-02-04,0.008163367960873136,1.2772681506842338,3.254781823256982
2014-02-05,-0.0066984200689201336,1.2620140520013776,3.236022567143551
2014-02-06,0.01306580441404087,1.2915690851866395,3.2883769033263386
2014-02-07,0.017755061042736043,1.332256034177775,3.367226604623747
2014-02-10,0.005901960641150996,1.346020917496579,3.391993887504044
2014-02-11,0.010508344825860244,1.3706737142663141,3.440559194599344
2014-02-12,-0.0005516834388050742,1.3693658528393429,3.4474745169235
2014-02-13,0.011233800681351894,1.3959828365713416,3.486954595559773
2014-02-14,0.00023432094788373455,1.39654426554072,3.4922510942699976
2014-02-18,0.00366711558990147,1.4053326703787734,3.5113168731979014
2014-02-19,-0.00662807856039045,1.389389936475629,3.478727571113531
2014-02-20,0.007563903805653685,1.4074630521093274,3.502121188763737
2014-02-21,-0.001864423111027227,1.4029745223560308,3.490681960877944
2014-02-24,0.008453472592569192,1.4232880016214096,3.519139491079347
2014-02-25,0.0001694309584507215,1.4236985816301266,3.5109612588389245
2014-02-26,0.00032891287146647667,1.4244957672901801,3.5078472384883845
2014-02-27,0.005495463095332722,1.4378194943041138,3.5362924958036617
2014-02-28,-0.0019119630476697072,1.4331584735141156,3.5317560180172114
2014-03-03,-0.007190485502733215,1.41566288278446,3.4977565313830583
2014-03-04,0.014589195632254071,1.4509054611629773,3.560973569142388
2014-03-05,0.002352118966126308,1.4566702823823614,3.569875003648206
2014-03-06,-0.001318951854579139,1.4534300525573238,3.5621996604002764
2014-03-07,-0.005685057700475132,1.439482161144456,3.540706244728848
2014-03-10,-0.0003176919514528332,1.4387071572961476,3.544311180524442
2014-03-11,-0.005000033948248092,1.4265135387198313,3.5261158784954496
2014-03-12,0.005945007811955576,1.440939180663337,3.5451939303094795
2014-03-13,-0.015431746942901326,1.4032712249243273,3.4770599552937824
2014-03-14,-0.007835195659525288,1.3844411246541384,3.4480998354385726
2014-03-17,0.00968900665507112,1.407543990579538,3.4905715049028085
2014-03-18,0.013312871072840038,1.4395953133283141,3.544654521997293
2014-03-19,-0.006708355857054287,1.423229639819306,3.515375307102799
2014-03-20,0.003226329779246198,1.4310477777682076,3.5291442879817927
2014-03-21,-0.010376838204293472,1.4058211883113998,3.478997275269627
2014-03-24,-0.010337760744945265,1.3809503844715167,3.4352501236643116
2014-03-25,0.004402429602247088,1.3914323509255957,3.450380197548583
2014-03-26,-0.015892604823040578,1.3534262616113004,3.3929499752671575
2014-03-27,-0.005276687023652032,1.3410079677955342,3.3687224000377336
2014-03-28,0.0025456547281742445,1.3469673657974464,3.3789726546627037
2014-03-31,0.007163877355783292,1.3637807521640455,3.4087053676665002
2014-04-01,0.018571759975958363,1.407680320929026,3.485532138123868
2014-04-02,0.002038257481107854,1.4125877933552755,3.4948382785331686
2014-04-03,-0.0097810638963453,1.388990117992925,3.460005133658483
2014-04-04,-0.028502342370666692,1.3208983037297513,3.3396027326628825
2014-04-07,-0.007257679308312514,1.304053968134074,3.3008216098584384
2014-04-08,0.009752349879464857,1.326523908572487,3.3381928474517855
2014-04-09,0.01840789271439422,1.3693503110789624,3.4144679367108397
2014-04-10,-0.03246534516463684,1.292428535413844,3.276312057586794
2014-04-11,-0.01099515003904103,1.2672229397131898,3.2261527719885015
2014-04-14,0.0076909100687471,1.2846599474483242,3.260213323714601
2014-04-15,0.0034237455512227976,1.2924820417794574,3.276422513561932
2014-04-16,0.012665046613535506,1.321516433699287,3.3318908700952603
2014-04-17,0.0005679650286321374,1.3228349738470229,3.333656369665335
2014-04-21,0.009417453290286693,1.3447101637142715,3.364823513652481
2014-04-22,0.010163959010473655,1.3685417017097041,3.4002086390641644
2014-04-23,-0.0108005125677129,1.3429602372932363,3.3612556958539512
2014-04-24,0.009660532844395449,1.3655944816187202,3.402930525736034
2014-04-25,-0.020894109177504835,1.316167492250076,3.3319031429813846
2014-04-28,0.001098676730670341,1.3187122115781462,3.346530327873163
2014-04-29,0.009907259476555106,1.3416842951097077,3.382037882807424
2014-04-30,0.005100290445562049,1.3536275651465788,3.3918834315289113
2014-05-01,0.0025844769677027908,1.3597104613792506,3.4070135054131825
2014-05-02,-0.0016556506887556266,1.355803605128604,3.398773908742128
2014-05-05,0.005380665295727981,1.3684793958302706,3.4201694406632317
2014-05-06,-0.014882922382096283,1.3332295008185344,3.3606058315666276
2014-05-07,-0.003183997227592609,1.3258005045565908,3.3482958274432377
2014-05-08,-0.0034518946166061074,1.3177720863156122,3.340877915465275
2014-05-09,0.0038728486420006565,1.3267484667925662,3.359612625806454
2014-05-12,0.017349282630996103,1.3671158835541872,3.429536646164478
2014-05-13,-0.0005282768365055293,1.365865391063581,3.427574780416382
2014-05-14,-0.004773000013783872,1.3545731155194236,3.405652412407905
2014-05-15,-0.008971187466870024,1.3334497986956468,3.371223674098016
2014-05-16,0.006853613830445599,1.3494423625086376,3.3982345004299424
2014-05-19,0.00862137754227851,1.3696977921296476,3.43308021752944
2014-05-20,-0.005302453321541589,1.35713258020072,3.414308688529883
2014-05-21,0.010802640307840401,1.3825958356225203,3.4575897698010847
2014-05-22,0.0039898199049815605,1.3921019639130132,3.4762876614838847
2014-05-23,0.0077514233937147166,1.4106441590362397,3.5087422611595507
2014-05-27,0.012960413523840433,1.4418871041961796,3.5648236633218238
2014-05-28,-0.002482137460562801,1.435826004740389,3.5515695449827644
2014-05-29,0.006778804472597473,1.4523379929557922,3.5803335979986386
2014-05-30,0.00015343253113406566,1.4527142613812476,3.581682418117791
2014-06-02,-0.0016676836022548013,1.4486239100265257,3.5769495741533195
2014-06-03,-0.00119061357803984,1.445708545151735,3.5734063021270437
2014-06-04,0.0025831141243907916,1.45202608943886,3.589983079880791
2014-06-05,0.009821880372932483,1.4761095963606379,3.630885316614288
2014-06-06,0.005577086068843329,1.4899190726954301,3.6524891882608523
2014-06-09,-0.0008064753838194147,1.487911014255599,3.6539236192442024
2014-06-10,0.0035903345682981288,1.4968434471729304,3.6602013501671617
2014-06-11,-0.0010918505646699609,1.494117267245242,3.65651080350737
2014-06-12,-0.01026369889906494,1.468518398595278,3.6147623363085284
2014-06-13,0.005446667956171072,1.481963598656126,3.629181181474845
2014-06-16,0.002728751073254612,1.4887362594897375,3.6345390446157015
2014-06-17,0.0012813707342643793,1.4919252532979503,3.6362434790938316
2014-06-18,0.006820253115421709,1.5089208142701538,3.664799192384245
2014-06-19,-0.0033590373199638155,1.5004932556221866,3.6601277128504046
2014-06-20,0.000801021578981431,1.502496204678037,3.66238352918816
2014-06-23,0.0019792938409210134,1.5074493800028845,3.6656573963970285
2014-06-24,-0.0006699515311512014,1.5057695104514672,3.6585705530057906
2014-06-25,0.007851104159541282,1.5254425678778243,3.6926559498428286
2014-06-26,-0.00022049151071597614,1.5248857292308062,3.6921407879642087
2014-06-27,0.0045700607537758255,1.5364246104097323,3.7136342036356362
2014-06-30,0.0016914504216806897,1.5407148468865715,3.7198137514695837
2014-07-01,0.012584182493214253,1.5726876661830111,3.7748040641213576
2014-07-02,-0.000740150071294052,1.5707834912234686,3.780860883094042
2014-07-03,0.006129567367403391,1.5865412818199314,3.809968277582767
2014-07-07,-0.004233116193259403,1.5755921520353255,3.794887295243001
2014-07-08,-0.012420772948087383,1.5436013067080188,3.7377025306841025
2014-07-09,0.007672553904768994,1.563117224845977,3.7730628109848476
2014-07-10,-0.0029142140861666025,1.5556477525248344,3.757283172151939
2014-07-11,0.0077204114562893595,1.5753784047116675,3.7873714995147134
2014-07-14,0.008351279104861293,1.5968861085700468,3.8178765063284104
2014-07-15,-0.003506915907712924,1.5877790473653839,3.799485137460082
2014-07-16,0.008292748588763272,1.609238848408454,3.8213955319211195
2014-07-17,-0.013640946391700525,1.573646361154172,3.7547941709777835
2014-07-18,0.016392940561599473,1.6158359929791493,3.830664554333355
2014-07-21,0.0003064205577374237,1.6166375389030674,3.823614529600496
2014-07-22,0.006098035515832253,1.6325938875473582,3.8573077927588635
2014-07-23,0.0061603859436045435,1.648811681927424,3.8874326394413306
2014-07-24,-4.9119795611669674e-05,1.6486815728389943,3.8837543656676656
2014-07-25,-0.0062892473798784685,1.6320233591968845,3.8616601772534196
2014-07-28,-0.0002969546603215623,1.6312417675942958,3.864198269972081
2014-07-29,-0.0025777551469063457,1.6244590705851247,3.854132108639006
2014-07-30,0.004130266571669688,1.6352987861530774,3.875024751567616
2014-07-31,-0.021533043278225184,1.5785527833397892,3.772560221331041
2014-08-01,-0.003306730283212317,1.5700262047642584,3.756829374703952
2014-08-04,0.009396378059363632,1.5941751426066948,3.7925087500439822
2014-08-05,-0.008864661506008061,1.571178658080186,3.7510299870012345
2014-08-06,-0.0002064333852949047,1.5706478809656006,3.750208601646828
2014-08-07,-0.0035722336748001534,1.5614649260391613,3.730186435617129
2014-08-08,0.006470810819020639,1.5780396809951172,3.7671532666456784
2014-08-11,0.006240637683060569,1.594128292576761,3.794580772428528
2014-08-12,-0.0004916552989242124,1.5928528756556264,3.788168339096866
2014-08-13,0.012182155442013102,1.6244394124251342,3.8420795357855813
2014-08-14,0.005092567557135453,1.637804547432518,3.866491204306901
2014-08-15,0.005154705572047736,1.6514016532311415,3.8890511637165757
2014-08-18,0.007922029044785946,1.6724061341374319,3.929499902340771
2014-08-19,0.00429904961512141,1.6838949406998434,3.9535679300505535
2014-08-20,-0.00016561517087721036,1.6834504469806228,3.954279158768508
2014-08-21,0.0014258947363885647,1.687276764848332,3.9620281393331958
2014-08-22,0.0011267089950413014,1.6903045437514521,3.9690413454076756
2014-08-25,0.0042934938476956366,1.701855349758477,3.987101645689278
2014-08-26,0.0012716764052835916,1.705291235457254,3.992238896218546
2014-08-27,0.00018686745454639744,1.7057967663442306,3.994090305991505
2014-08-28,-0.0020308046253137237,1.7003018217559798,3.985618123161422
2014-08-29,0.0051598243300626494,1.7142349047943886,4.005591197646615
2014-09-02,0.004397352053018808,1.7261703512253614,4.021836906813638
2014-09-03,-0.005479251549612862,1.7112329781039013,3.9913684193196337
2014-09-04,-3.3620856075455363e-05,1.7111418241301575,3.985446302755652
2014-09-05,0.004771263537063555,1.7240773962594376,4.01461506167501
2014-09-08,0.00160155948756161,1.728440168258269,4.021419928024028
2014-09-09,-0.009056416980830997,1.7037302763872733,3.980235414909626
2014-09-10,0.00795069707740892,1.7252268167938474,4.020806882395084
2014-09-11,-0.00032755429390813673,1.724334157048133,4.017962266861951
2014-09-12,-0.006809693372492882,1.7057822767944262,3.989247305390581
2014-09-15,-0.012977008145361998,1.6706693181488887,3.94101276754332
2014-09-16,0.010740298804904399,1.699353104634898,3.9868442144193095
2014-09-17,0.0012334314350422803,1.7026825716084333,3.994568649211744
2014-09-18,0.008602614640828813,1.725932708268465,4.030750614205581
2014-09-19,0.000477278892768075,1.7272337384132275,4.027084313979356
2014-09-22,-0.01049967312400252,1.698598675627137,3.979438575327472
2014-09-23,-0.002052228213541895,1.6930605352879882,3.967594641538196
2014-09-24,0.011940919604508573,1.7252181546299368,4.019997769926803
2014-09-25,-0.02051587543067462,1.669307918448136,3.9139531490055735
2014-09-26,0.010991836343049432,1.698648514236924,3.9702306180071814
2014-09-29,-0.0005448747708115774,1.6971780887462282,3.962211933286401
2014-09-30,-0.0007905365693552924,1.6950458708330105,3.9649951843889033
2014-10-01,-0.016394683952522887,1.6508614455431516,3.885654866985127
2014-10-02,0.0004576282384953853,1.6520745545969708,3.8870405057626582
2014-10-03,0.01014207750265569,1.6789721002725146,3.9378496556482743
2014-10-06,-0.001760058298718378,1.6742569531953948,3.924313560266995
2014-10-07,-0.014859170815184997,1.6345197123241682,3.8535927003268178
2014-10-08,0.020330724167136743,1.688081405908315,3.9547820477609994
2014-10-09,-0.01904133364484821,1.6368967509939023,3.866748635576867
2014-10-10,-0.02866465990225318,1.5613110024293055,3.746027738219354
2014-10-13,-0.016019631382882184,1.5202797443134677,3.66895551003946
2014-10-14,0.0022487254204523496,1.5259471614411568,3.671959373753549
2014-10-15,-0.006902877399861548,1.5085108578672002,3.641944683707533
2014-10-16,-0.0052380120695953,1.4953712477169812,3.616576927423104
2014-10-17,0.013894230077015235,1.5300425099603294,3.6781143758152437
2014-10-20,0.013076380414138541,1.5631263082845126,3.7450713511175575
2014-10-21,0.02603911060114975,1.6298678377106497,3.8692864289568414
2014-10-22,-0.005509681867692651,1.6153781025707872,3.8425578790058204
2014-10-23,0.014140230749846744,1.6523601524392348,3.91940919523544
2014-10-24,0.005389089198720343,1.6666539578878612,3.9558854101576237
2014-10-27,0.00025324616444019035,1.6673292777745856,3.960789775189178
2014-10-28,0.016410958584024322,1.7111027080821,4.035102998700136
2014-10-29,-0.005447751359216082,1.6963332946191714,4.015387654823595
2014-10-30,0.001297896759043856,1.6998328568635594,4.027759023377617
2014-10-31,0.015420029462781471,1.741464359060981,4.098344881570404
2014-11-03,0.001686664018939174,1.7460882883546134,4.111917496271377
2014-11-04,-0.0016244826588935222,1.741627315550391,4.095917244826881
2014-11-05,-0.0035553017023897226,1.7318800032880963,4.09228806259772
2014-11-06,0.002663685230837821,1.7391568717052763,4.105542180936779
2014-11-07,-0.0006908692908541991,1.737264472339783,4.101152678445159
2014-11-10,0.004862390640962261,1.7505741214919261,4.120096027850485
2014-11-11,0.0052130156786367055,1.764912907512516,4.133840462957226
2014-11-12,0.001035788294893399,1.7677767719385176,4.143943143609994
2014-11-13,0.003515501790607068,1.777506896136268,4.166110969340998
2014-11-14,0.004196726900224596,1.7891633340428426,4.180223591031528
2014-11-17,-0.004026594733142533,1.7779325036521114,4.166491129472228
2014-11-18,0.005836030172355046,1.7941446015601907,4.2013120014607885
2014-11-19,-0.0048602805449795335,1.780564274913368,4.17736670261227
2014-11-20,0.004889627999271838,1.7941601998457597,4.2011892725995255
2014-11-21,0.001867315737596429,1.799377779160297,4.212506070962742
2014-11-24,0.006308025772272711,1.817036326337568,4.252967082473063
2014-11-25,0.0005083698841016757,1.8184684227682988,4.257761290868166
2014-11-26,0.006295942190115664,1.8362133370227145,4.294250078015162
2014-11-28,0.004960274852159269,1.850281734713707,4.318526445450406
2014-12-01,-0.012917335775069743,1.8134636884928619,4.257246428328233
2014-12-02,0.004381740886405913,1.8257915573691497,4.279499864923435
2014-12-03,0.00029053630762831083,1.8266125524143546,4.288045984408961
2014-12-04,0.00187234077636492,1.831904934355225,4.286819893151073
2014-12-05,-0.0006961274108719977,1.8299335677054365,4.2863780692505244
2014-12-08,-0.008409199198164826,1.8061360926170282,4.245635080697984
2014-12-09,0.0037556871763868103,1.8166750619552663,4.265657246727684
2014-12-10,-0.016520922550970412,1.7701409914054538,4.180076316398014
2014-12-11,0.0054438211782061145,1.7852211436010839,4.2065719808513204
2014-12-12,-0.010931509393935097,1.754774472505622,4.148700234008034
2014-12-15,-0.010529788385010237,1.7257672802617097,4.097364248035045
2014-12-16,-0.01754686128862821,1.677938619889876,4.01422292799634
2014-12-17,0.018522132291622417,1.727539753276321,4.106792817966923
2014-12-18,0.024884163413403385,1.795412298213403,4.232675511625958
2014-12-19,0.003157210017899478,1.8042380019254813,4.249852762783838
2014-12-22,0.002976485802185769,1.812584776524162,4.264431155469796
2014-12-23,-0.0030102654025850714,1.804118149879554,4.246812080411369
2014-12-24,-1.6343014477580006e-05,1.8040723221360335,4.251471586397769
2014-12-26,0.006846497670559246,1.8232703967576178,4.2894678431675
2014-12-29,-0.001462158207108397,1.8191423287761124,4.287690370049986
2014-12-30,-0.008001468560476956,1.7965850500649005,4.250552017954353
2014-12-31,-0.009948962228085459,1.7687619310341764,4.19406561054991
2015-01-02,-0.0012502408727353188,1.765300311701124,4.186660570135446
2015-01-05,-0.015827970537643673,1.7215312198397816,4.101716632529602
2015-01-06,-0.012918414581178109,1.6863733512462717,4.04025282145422
2015-01-07,0.01222364105231083,1.7192106148243997,4.100539632816219
2015-01-08,0.01970736518861114,1.7727990914354916,4.19930104416819
2015-01-09,-0.006076675300089002,1.7559496916844561,4.165865511618476
2015-01-12,-0.010665180593190016,1.7265569905168952,4.1127640260754115
2015-01-13,-0.0013128394565439104,1.722977458919229,4.108141638086077
2015-01-14,-0.004318746078899571,1.7112176106955896,4.083177989027759
2015-01-15,-0.013122002396136954,1.6756410067115937,4.014283993088289
2015-01-16,0.012886517990674912,1.7101207026811704,4.078641810579995
2015-01-20,0.007548296973386902,1.7305774985787319,4.11428406792296
2015-01-21,0.007014842415145927,1.749732069433605,4.139884709705104
2015-01-22,0.01908128006036005,1.802200477141421,4.235850896407133
2015-01-23,0.002436055354942978,1.809026792619385,4.245390221652834
2015-01-26,-0.0018000014389296022,1.8039705403506785,4.242423176597124
2015-01-27,-0.02774649401922298,1.7261701885227607,4.107283134734608
2015-01-28,-0.008024581180064768,1.7042938145342874,4.076483578653879
2015-01-29,0.010905272759895397,1.7337848762046821,4.126716800907616
2015-01-30,-0.005277024085142392,1.7193586275693518,4.086353972486306
2015-02-02,0.009390506621176855,1.7448947827668961,4.135593390302495
2015-02-03,0.009297910322649209,1.7704165683021702,4.185323723563738
2015-02-04,-0.0020526123118895507,1.7647299771450102,4.175576657269947
2015-02-05,0.008932661436586569,1.7894263739944285,4.218465305523792
2015-02-06,-0.0071820949977841955,1.7693924487870758,4.184747795931858
2015-02-09,-0.004087509839409332,1.758072529903473,4.169310899894429
2015-02-10,0.015522869015720532,1.8008857285210214,4.249093041198752
2015-02-11,0.0028181943629302514,1.8087791688923507,4.268857177281113
2015-02-12,0.012506201168794206,1.8439063262172368,4.33100826997957
2015-02-13,0.007944818322435824,1.8665006453050585,4.375220593902943
2015-02-17,-0.00037317693268391845,1.865430933386707,4.3768268452920625
2015-02-18,0.0002468339956317828,1.866138219153202,4.38365655675202
2015-02-19,0.005618565562884883,1.8822418046498046,4.40934280939836
2015-02-20,0.007244111927286173,1.903121086884191,4.447584523890619
2015-02-23,-0.000793126591851032,1.9008185443508196,4.455481078427508
2015-02-24,-0.00010050977112231971,1.9005269837428598,4.457368708181474
2015-02-25,-0.0011978991732463618,1.8970524448670556,4.444568387290403
2015-02-26,0.006959208812414261,1.9172136377714004,4.47115026128528
2015-02-27,-0.005310588236467473,1.9017215173433892,4.444666570379415
2015-03-02,0.01086513274902906,1.933249106830039,4.496628174206161
2015-03-03,-0.00530403756648479,1.9176910433755547,4.466870915430111
2015-03-04,-0.0027010329425739546,1.9098102637511443,4.450416866537627
2015-03-05,0.0025781808418303557,1.9173122808265086,4.458631917436429
2015-03-06,-0.013410182160322004,1.8781905917220807,4.393857420493799
2015-03-09,0.0020302242688993795,1.884033964111913,4.410728747514579
2015-03-10,-0.01999262871000732,1.8263745438803731,4.307847238488395
2015-03-11,-0.004655939259985685,1.8132151156780965,4.278788636205488
2015-03-12,0.005380105864664442,1.8283505108205191,4.316613671246823
2015-03-13,-0.0035912756246014163,1.8181931245731806,4.290461048927681
2015-03-16,0.012684702146192208,1.8539410649488381,4.358595323282064
2015-03-17,0.0004941094272987506,1.8553512241339845,4.3649215470721545
2015-03-18,0.011171503601228911,1.887249790617171,4.422388588011959
2015-03-19,0.0015737468597744257,1.8917935909085393,4.4276850867221835
2015-03-20,0.007785630443804229,1.9143080271271145,4.466576964840451
2015-03-23,-0.0029670363087011225,1.9056611693958891,4.4506377784879
2015-03-24,-0.0023414674238442902,1.8988576584230192,4.432798390156571
2015-03-25,-0.02587905347979199,1.8238379660503852,4.30810466975836
2015-03-26,-0.0030442321238530216,1.8152415478015786,4.290902274150856
2015-03-27,0.004040285091019411,1.8266159262547799,4.312481600025167
2015-03-30,0.01018543008869545,1.855406225159241,4.373737071375088
2015-03-31,-0.010590191537166227,1.8251669263183876,4.313499351557595
2015-04-01,-0.005456779704255892,1.8097506127737186,4.285997909119302
2015-04-02,-0.0003251085985321684,1.8088371386897748,4.291821842594271
2015-04-06,0.00883380247809437,1.8336498511660957,4.3346985173006765
2015-04-07,-0.0009056954738242105,1.831083427321492,4.3262386073567205
2015-04-08,0.007399262411920078,1.852031356510282,4.365326252975637
2015-04-09,0.004193645405328621,1.8639917647043647,4.3996448346490755
2015-04-10,0.004343922095590082,1.8764327218126522,4.421800088155266
2015-04-13,-0.0019236199737985087,1.8708995583756858,4.4060937873004296
2015-04-14,-0.002298012617466735,1.8643021949670588,4.391908126970513
2015-04-15,0.007024351625428843,1.8844220607459952,4.424877289847427
2015-04-16,0.00026375538389999053,1.8851828425939567,4.417888928883886
2015-04-17,-0.01501393644505674,1.8418648907628827,4.33570369660829
2015-04-20,0.016676437356665328,1.8892570725897961,4.416135402861251
2015-04-21,0.004463834114747393,1.9021542368766977,4.438916274221199
2015-04-22,0.006483055210553935,1.9209690630239122,4.469360215942951
2015-04-23,0.0017998479107536386,1.9262263630893721,4.48929617243108
2015-04-24,0.018744795921319484,1.981077879085067,4.5625060335454135
2015-04-27,-0.0014029349905972453,1.9768956206188029,4.548112033490035
2015-04-28,-0.0020505058891455313,1.9707914786173522,4.536133097953369
2015-04-29,-0.004945691139314385,1.9560988615248034,4.502881359356864
2015-04-30,-0.01605685485172708,1.908633211177944,4.412273335134377
2015-05-01,0.013894886606387344,1.9490483398268337,4.491736381399416
2015-05-04,0.0010533718757358983,1.9521547844081932,4.496088765893971
2015-05-05,-0.015914088506805004,1.9051739318833336,4.406314699250702
2015-05-06,-0.006617472392113504,1.885949023594808,4.369973186737222
2015-05-07,0.006354598232455174,1.9042880701590992,4.396701736688242
2015-05-08,0.013936434313525922,1.9447634900764288,4.466711667249151
2015-05-11,-0.003538515724194793,1.9343433981627585,4.44217786854394
2015-05-12,-0.0044307726912319175,1.9213419895674821,4.4201201994493875
2015-05-13,0.0014161882197575165,1.9254791596789902,4.4273665903602675
2015-05-14,0.014985982763019514,1.9693203399395123,4.511329295753378
2015-05-15,-0.0004919157281191511,1.9678596845624718,4.510409727309962
2015-05-18,0.003270231610970914,1.9775652731198545,4.5332887817589205
2015-05-19,-0.0023561252896397793,1.9705497562783036,4.521971983395704
2015-05-20,0.0006186925677531883,1.972387613334654,4.5239087046941755
2015-05-21,0.00534695229600671,1.9882808281083961,4.553543833286334
2015-05-22,-0.0003820652699817046,1.9871391097870235,4.550711490639326
2015-05-26,-0.011392217346193946,1.9531089718050132,4.48425710499082
2015-05-27,0.016452542104894437,2.001695121503977,4.5738844956779445
2015-05-28,-0.0014720218507002657,1.9972765606959828,4.561133266331378
2015-05-29,-0.0051056515868535875,1.9819735108676264,4.527525913375896
2015-06-01,0.0031253660153640196,1.9912932695372079,4.544200874218654
2015-06-02,-0.002998272582543098,1.9823245569408088,4.528310779410608
2015-06-03,0.0024279479223077442,1.9895654856524807,4.541760665250316
2015-06-04,-0.008224805523275503,1.964976890933892,4.501507993465457
2015-06-05,-0.0021440971139872456,1.9586196925390018,4.489443447064593
2015-06-08,-0.010509215273066424,1.9275269212789756,4.433435382880392
2015-06-09,-0.0003109304996653064,1.9266166638705586,4.428653746710101
2015-06-10,0.012907682263036445,1.9643925018735078,4.499583245714425
2015-06-11,0.00049395042284607,1.96585676480329,4.503274091712902
2015-06-12,-0.007922516046672075,1.942359716992005,4.460753031365475
2015-06-15,-0.005470593614056333,1.926263262713972,4.435164363130772
2015-06-16,0.005381637596497485,1.942011351105843,4.463339916289955
2015-06-17,0.0035029771000347405,1.952317149496809,4.479377285731517
2015-06-18,0.01464467399806852,1.995552871690097,4.556461786797537
2015-06-19,-0.004626633735221888,1.981693545718295,4.533864709390798
2015-06-22,0.006663256955961518,2.001561335977348,4.571407767389914
2015-06-23,0.0022739799593010594,2.0083868263019733,4.577170635772939
2015-06-24,-0.0055612205767390675,1.991656523580752,4.547572625177846
2015-06-25,-0.002431521931444127,1.9843822451323176,4.534587911656193
2015-06-26,-0.007677117037705606,1.9614707933511863,4.498136242506263
2015-06-29,-0.023190931760310018,1.8927915262724277,4.370120461370736
2015-06-30,0.0036938204801828965,1.9034769788570722,4.390828711668765
2015-07-01,0.007328782639025235,1.924755930532529,4.430640158230449
2015-07-02,0.000861028371229475,1.9272742283676387,4.435740889440024
2015-07-06,-0.004112826142742986,1.9152348583942307,4.417680589158421
2015-07-07,0.0007227156460997716,1.9173417442384477,4.430431818504988
2015-07-08,-0.016764572742912646,1.8684337563512265,4.335434291790881
2015-07-09,0.00042073679478517263,1.8696406119759277,4.335985673650507
2015-07-10,0.015248262913165405,1.9133976464936335,4.419507153820441
2015-07-13,0.01788763346423382,1.965511435729673,4.510630639260233
2015-07-14,0.007538808508141183,1.9878678585723417,4.546187285739
2015-07-15,-0.00140291117389176,1.9836761453674385,4.552182440942367
2015-07-16,0.016183980359656656,2.0319639015036413,4.633766601136459
2015-07-17,0.019492184506093656,2.0910635012875654,4.715547127508572
2015-07-20,0.0039176020040868585,2.1031730578549688,4.737714953239575
2015-07-21,-0.0017654241857825467,2.0976946410859627,4.731253428363408
2015-07-22,-0.01130128807578231,2.062686701576243,4.6685144344856315
2015-07-23,-0.004605461601834908,2.048581615573683,4.643489720335368
2015-07-24,-0.006619584356327255,2.028401272402245,4.587751659645946
2015-07-27,-0.007948164891346098,2.0043310397320298,4.540816551034645
2015-07-28,0.00806822079056863,2.0285706458885464,4.591258113013843
2015-07-29,0.005654229168356597,2.045694878372958,4.617459826877489
2015-07-30,0.006066848986885404,2.064172649260177,4.638290806036782
2015-07-31,-0.002548988955232254,2.0563621070202878,4.626422625813939
2015-08-03,-1.0616164641444136e-05,2.0563296601769556,4.616061915213832
2015-08-04,-0.0008502283859908744,2.053731081942927,4.600135301086094
2015-08-05,0.00935799464560755,2.0823078810568743,4.642766518069972
2015-08-06,-0.014231960001121462,2.038440598582531,4.552366234895575
2015-08-07,-0.003781282097812974,2.026951397541843,4.542030668745093
2015-08-10,0.009778302577742856,2.056549844195129,4.607050024732876
2015-08-11,-0.010687795926469512,2.023882063221289,4.53456396456131
2015-08-12,0.002614887555189017,2.031789174796766,4.551974101216904
2015-08-13,-0.001764530773750445,2.0264394894983133,4.541098528076863
2015-08-14,0.003287585206434271,2.0363891671921563,4.555100993130943
2015-08-17,0.007263194632617954,2.058443052693846,4.598786480966941
2015-08-18,-0.004618377467335467,2.044318008214156,4.5689921041938275
2015-08-19,-0.006677703374924253,2.0239889555763617,4.530774935473822
2015-08-20,-0.029206784982172173,1.9356679603623794,4.3765694140220885
2015-08-21,-0.04284796306377337,1.809880568029269,4.146236077944817
2015-08-24,-0.03894596723403284,1.7004470514952557,3.951692273844026
2015-08-25,-0.005541077751278368,1.68548366441971,3.924374924697628
2015-08-26,0.05212461554775255,1.8254634679873574,4.173614791521848
2015-08-27,0.0260317262566852,1.8990151595342684,4.30262377841755
2015-08-28,0.0011993813496477706,1.9024921842489602,4.307896330032894
2015-08-31,-0.012332905071534154,1.866696023669748,4.241025264933464
2015-09-01,-0.03194835651954462,1.775109797072386,4.079242283984126
2015-09-02,0.027701667420895457,1.851984965727354,4.218526370615735
2015-09-03,-0.005482807673931175,1.8363480806713275,4.192067225482122
2015-09-04,-0.012501675785329671,1.8008889765524323,4.130848872129266
2015-09-08,0.029515735471325313,1.883559274668905,4.276520247642913
2015-09-09,-0.009772385095967888,1.8553800229897903,4.2151181003368485
2015-09-10,0.009472176481454469,1.8824266864891692,4.267655631795474
2015-09-11,0.006123852924981401,1.9000782435842702,4.300674484894266
2015-09-14,-0.003506469275114239,1.889909208327715,4.282932680974575
2015-09-15,0.011477517434535175,1.9230781916505202,4.346100926528086
2015-09-16,0.006525123257470506,1.9421516371422638,4.3747793686797625
2015-09-17,0.001752055378356452,1.9473064497420594,4.376361074296629
2015-09-18,-0.013812707734623043,1.906596167147403,4.3014467787041655
2015-09-21,0.002942638177348604,1.915149227994986,4.316490942385553
2015-09-22,-0.015014218568370458,1.8713805403264527,4.240436765076772
2015-09-23,-0.0004897902840453593,1.8699741660360036,4.2397375099062575
2015-09-24,-0.0019411844161054696,1.8644030169102694,4.224497578724221
2015-09-25,-0.00782002239592916,1.8420033211670641,4.179917068217059
2015-09-28,-0.0293849239552936,1.7584912696938781,4.031228957425824
2015-09-29,-0.004728897956189392,1.7454466459664566,4.006584403406791
2015-09-30,0.025933901451030597,1.8166467887220135,4.1263611865486345
2015-10-01,0.0023441385308035603,1.8232493989871208,4.140951552782033
2015-10-02,0.01829502666250454,1.8749008220164902,4.2322833779472875
2015-10-05,0.01629173204139545,1.9217379358543707,4.3107286726799
2015-10-06,-0.005495416475799955,1.905681769063707,4.280407459819412
2015-10-07,0.004637950599244273,1.9191581775657487,4.31321737451537
2015-10-08,0.0033199319762283255,1.9288495841431175,4.333680765768245
2015-10-09,0.004519342741566063,1.942086059252353,4.358030770520246
2015-10-12,0.0034995994986126433,1.9523821821501879,4.37341857501317
2015-10-13,-0.0060083568088333305,1.9346432165637872,4.337101608271943
2015-10-14,-0.0004863726925239581,1.93321588624095,4.329720514952359
2015-10-15,0.014914823546130067,1.9769642836069394,4.417141180846233
2015-10-16,0.005152988633090576,1.9923045467214826,4.442153322771684
2015-10-19,0.005714131203391116,2.009402967501953,4.470904803562746
2015-10-20,-0.007815295449424787,1.9858835941845494,4.441613914459498
2015-10-21,-0.005724732248943892,1.9687902100813286,4.411378312463208
2015-10-22,0.022219315571250137,2.034754696623964,4.521358937766756
2015-10-23,0.02951232609773195,2.124317366857354,4.6695561331129385
2015-10-26,0.0042270372603877655,2.1375239727803366,4.677844821328499
2015-10-27,0.0005436641687339165,2.1392297321428813,4.688119322387035
2015-10-28,0.008870535363233487,2.1670763804951685,4.7363661331204225
2015-10-29,-0.0014964431314631172,2.1623370307987573,4.726777716330216
2015-10-30,-0.0049390317988637356,2.1467181476449175,4.699889918198239
2015-11-02,0.011192758611618643,2.1819386042903073,4.767435094018558
2015-11-03,0.0024563015592806684,2.189754405045561,4.785985711067842
2015-11-04,0.0028860747470083143,2.198960274683121,4.784146574181009
2015-11-05,1.5089846477024041e-05,2.199008546502552,4.766184456988417
2015-11-06,0.0012273178449222393,2.2029347467777334,4.771493527923453
2015-11-09,-0.01063405460672043,2.1688745637787368,4.708092396872228
2015-11-10,-0.0012838418788111358,2.164806229905058,4.691184550531756
2015-11-11,0.0017654249446952543,2.1703934577684594,4.68531152551228
2015-11-12,-0.010927146830137575,2.135750102946116,4.626447171586191
2015-11-13,-0.02004572211864611,2.0728917277489423,4.520034663419858
2015-11-16,0.013564305016996661,2.114573368428335,4.597683118570317
2015-11-17,0.00031650891102292405,2.115559158653477,4.59811177156868
2015-11-18,0.019124967529804623,2.1751441263999105,4.705542031267441
2015-11-19,0.0012777090986108388,2.1792010369396126,4.707884057146767
2015-11-20,0.00719816384894463,2.2020854469122386,4.745904859688752
2015-11-23,-0.0015421871708778618,2.197147231815956,4.731719199358835
2015-11-24,-0.002302071446985021,2.189787170461785,4.725122972073964
2015-11-25,0.0007307769942112813,2.192118193542389,4.729377173479509
2015-11-27,0.002274102763785428,2.1993773983486533,4.738683613227495
2015-11-30,-0.0036081843599980704,2.1878334548582004,4.719114645968412
2015-12-01,0.012649256648337777,2.2281571783808594,4.782442738380252
2015-12-02,-0.006528577224170636,2.207081904950039,4.745733637960354
2015-12-03,-0.017133375060375513,2.1521337678231864,4.64829590227791
2015-12-04,0.022560497356874668,2.223247473360677,4.782393646835747
2015-12-07,-0.005939828971401621,2.204101934636412,4.754806593533255
2015-12-08,0.00022668410358132223,2.2048282536112485,4.756216478744353
2015-12-09,-0.01546615931701147,2.155261869257237,4.667165614366479
2015-12-10,0.0033571331540189413,2.1658545034881325,4.692802775468315
2015-12-11,-0.023236304917318984,2.0922917429212147,4.563462719985889
2015-12-14,0.009209368515157752,2.1207697971381556,4.603433414728529
2015-12-15,0.0063522599696441764,2.140593738194991,4.63674621841698
2015-12-16,0.015743758686621662,2.1900384881418478,4.71917630973773
2015-12-17,-0.01273916685792345,2.149400055558211,4.637739424177154
2015-12-18,-0.018230901187181365,2.0919836543464254,4.535593689641177
2015-12-21,0.009179250057909535,2.1203657454846403,4.59165024669251
2015-12-22,0.005824609320195655,2.1385406568882095,4.6268512788123
2015-12-23,0.006076929290598159,2.1576133465357867,4.67016917874188
2015-12-24,-0.0004136592032073784,2.156307170714822,4.667937908176378
2015-12-28,0.0015151353827732297,2.1610894033880723,4.666196954378555
2015-12-29,0.015860480272260544,2.2112257995093607,4.751692273844026
2015-12-30,-0.008253947304070084,2.18472051097874,4.703788505244804
2015-12-31,-0.012962114904463305,2.1434397977768325,4.631768216068666
2016-01-04,-0.021792484565828323,2.0749364345001706,4.514786657576764
2016-01-05,-0.002225606290666713,2.068092836628147,4.498014112322367
2016-01-06,-0.008624971185477856,2.041630624317858,4.448737576509113
2016-01-07,-0.03208590187127672,1.9440371625773252,4.279205914333773
2016-01-08,-0.007426749173978019,1.9221725370119933,4.236365758947061
2016-01-11,0.004476253556059361,1.9352529222222126,4.252022968257392
2016-01-12,0.010714594718358901,1.9667029676797023,4.313536469554651
2016-01-13,-0.035264083886461746,1.8620849053612303,4.1288870063811665
2016-01-14,0.020877503443803392,1.921838092829367,4.239051425637923
2016-01-15,-0.03258673183812846,1.8266249384239077,4.077342082005343
2016-01-19,0.0014468827649700474,1.830714733330348,4.084686057327862
2016-01-20,-0.0028161069316963183,1.8227431379481613,4.071456484761055
2016-01-21,0.002524502917646843,1.829869161235679,4.079205764664428
2016-01-22,0.027646402773670798,1.9081048638639904,4.2228667815628445
2016-01-25,-0.013581415795024579,1.86860868253232,4.145328483048837
2016-01-26,0.007864769780078799,1.8911696294095721,4.191086591946754
2016-01-27,-0.024884892703689678,1.8192231833935488,4.0623589834159
2016-01-28,0.020220563381510067,1.8762294644599806,4.1324916428380725
2016-01-29,0.019977751109218414,1.933690060833963,4.246652832230407
2016-02-01,0.0021210901161092047,1.9399126818257262,4.255713814255868
2016-02-02,-0.021761504869048813,1.875935757685597,4.141123373187797
2016-02-03,-0.008989364428739618,1.8500829230861178,4.115216208591183
2016-02-04,-0.0016311879085352888,1.8454339022836566,4.1100663858371025
2016-02-05,-0.03656476260955181,1.741391287125484,3.9343674487139415
2016-02-08,-0.016672275074221393,1.695686057500454,3.8561427665929173
2016-02-09,-0.0028093094346217547,1.6881130412263397,3.8403631277600088
2016-02-10,0.004435599505654523,1.7000364341031462,3.8630212702586944
2016-02-11,0.001040665018722591,1.7028462675693943,3.858043267910382
2016-02-12,0.014825818840921023,1.7429181766872373,3.927893650951648
2016-02-16,0.020717008480860496,1.7997432358159733,4.03228322827794
2016-02-17,0.023971033802088634,1.8668559755588872,4.148479920735129
2016-02-18,-0.011112187939620157,1.8349989331626535,4.090105883576721
2016-02-19,0.0023734640534065236,1.841727701221961,4.105554154484218
2016-02-22,0.016855408007197627,1.8896261810714132,4.187923180713023
2016-02-23,-0.016431949634134482,1.842143989202571,4.10365395250544
2016-02-24,0.008985400081228948,1.8676817900340166,4.15039269493872
2016-02-25,0.010597193516107509,1.8980711689056249,4.199926662021941
2016-02-26,-0.001236727822417259,1.894487043659694,4.193256797420312
2016-02-29,-0.007068187323532332,1.87402826702957,4.150956649023159
2016-03-01,0.03146861278718093,1.964469949704136,4.313401168468574
2016-03-02,0.0006502861347229799,1.966397703409232,4.314357854909055
2016-03-03,-0.0023620040246146385,1.9593910600951716,4.303898961219938
2016-03-04,0.0012934676954837788,1.9632189368297084,4.307749055399372
2016-03-07,-0.008160758370258097,1.9390368230880681,4.276275388597753
2016-03-08,-0.007573309497068255,1.9167785876035421,4.229904234070892
2016-03-09,0.00672712235899295,1.9364001140564415,4.263891747157605
2016-03-10,-0.0006188856090853798,1.9345828182833351,4.256216703248362
2016-03-11,0.01791042352137848,1.98714243941735,4.348001727184232
2016-03-14,0.002065773193274381,1.9933131981931904,4.354745229102619
2016-03-15,0.0011469152553072336,1.9967462747641105,4.354438706288147
2016-03-16,0.008370072100713635,2.021829257151431,4.399951357463538
2016-03-17,-0.00035790091759535443,2.02074774168748,4.39512003107137
2016-03-18,0.0015697169817336766,2.0254894607151406,4.40808019882077
2016-03-21,0.003945019950716622,2.037425076998345,4.427881452900195
2016-03-22,0.0021480273054144713,2.043949549001888,4.440927231513792
2016-03-23,-0.007099217047367539,2.022339890472287,4.397940400170937
2016-03-24,0.0013663717480768883,2.0264695303117146,4.401581555947537
2016-03-28,-0.0014282001845716487,2.022147125969923,4.3924349630578785
2016-03-29,0.01623543465694133,2.0712129981572707,4.477832698111711
2016-03-30,0.005323415250516559,2.087562340269246,4.506228564543796
2016-03-31,-0.002411036309227596,2.080118115359853,4.497376520921169
2016-04-01,0.010501022077498154,2.1124625036905487,4.556743763839752
2016-04-04,-0.004894116971073348,2.0972297481294073,4.531756167686554
2016-04-05,-0.008635517727676558,2.0704835657327485,4.48154749120507
2016-04-06,0.015789958743887514,2.118966374559453,4.5710886723506245
2016-04-07,-0.01432773268629725,2.0742786580872155,4.487113993410074
2016-04-08,-0.00022537270738417697,2.073585799582789,4.4866727681868985
2016-04-11,-0.0028905921039230004,2.064701316739785,4.466785304565903
2016-04-12,0.008268055704954152,2.090040437945636,4.51255538701126
2016-04-13,0.012962075181776956,2.130093774417018,4.584502637548012
2016-04-14,8.307357364483443e-05,2.130353802492702,4.58439188223419
2016-04-15,-0.001607229605496326,2.1253226051856577,4.5703289507655365
2016-04-18,0.0051488597117826055,2.1414144528338217,4.602391117423847
2016-04-19,-0.00661264645456779,2.120641389689962,4.562886193676636
2016-04-20,0.00048407176691376284,2.1221520040813733,4.566993719126037
2016-04-21,-0.001121099190332061,2.118651761997504,4.567434944349213
2016-04-22,-0.01748778426894672,2.064113452773721,4.485765173290924
2016-04-25,0.0006209160144515226,2.0660160098866442,4.485691535974166
2016-04-26,-0.005799169207048804,2.048235664253791,4.459747852057858
2016-04-27,-0.00742913211413286,2.0255899187890383,4.415191288645577
2016-04-28,-0.010320804866939249,1.994363395629838,4.350650275878033
2016-04-29,-0.0014628944177923011,1.9899829581335293,4.322829738400456
2016-05-02,0.010066876699653851,2.020082747907126,4.371873388715997
2016-05-03,-0.010912526005809506,1.987126016380893,4.322940493714279
2016-05-04,-0.006391969374503203,1.9680323983664048,4.286917477562712
2016-05-05,-0.001297264996438222,1.9641820738277094,4.283815730098297
2016-05-06,0.006845884673005122,1.984474522454923,4.309183486382726
2016-05-09,0.0011059369293106715,1.9877751630438927,4.322744127536258
2016-05-10,0.015289519129783491,2.033456808554744,4.397302808769743
2016-05-11,-0.007930086569102391,2.009401233459272,4.347020494971502
2016-05-12,-0.003583035431654641,1.9986184422117224,4.324681447512101
2016-05-13,-0.0034479066055883465,1.9882794858771815,4.3047203465743475
2016-05-16,0.011876481567307143,2.023769732109164,4.370868209408381
2016-05-17,-0.01274574096439831,1.9852295463677128,4.299853099539858
2016-05-18,0.00498853726495198,2.000121475204204,4.3190658537625914
2016-05-19,-0.004879564826014028,1.9854821879800282,4.291295006506891
2016-05-20,0.010886855125916861,2.017984700041572,4.349313429306321
2016-05-23,-0.002652522466772358,2.0099794278203365,4.3397501569657395
2016-05-24,0.020672477043692288,2.0722031584439384,4.449117137962972
2016-05-25,0.006943330600129038,2.093534480643775,4.488511905073732
2016-05-26,0.0029907523683987067,2.1027864762184834,4.502648473859143
2016-05-27,0.005232040565089718,2.11902038092687,4.532785892766422
2016-05-31,0.002553202218721148,2.1269838706836888,4.546702148278931
2016-06-01,-0.0015187540529872738,2.122234751256462,4.542018096520279
2016-06-02,0.00155923671842205,2.1271030543241545,4.555848741168591
2016-06-03,-0.004557361032219967,2.1128517167206415,4.52941414180723
2016-06-06,0.0026134794134302424,2.120987090599352,4.546383053239648
2016-06-07,-0.0014814927028726252,2.116363370998869,4.533460003487313
2016-06-08,0.0007695845974012807,2.118761676249095,4.542704779465983
2016-06-09,-0.0021080439495110973,2.112187189567511,4.532969686719633
2016-06-10,-0.012381127409810944,2.073654803450294,4.469654166532606
2016-06-13,-0.009056299462280131,2.0458188651065723,4.422707084373865
2016-06-14,0.0003306666887326935,2.0468260159451765,4.425343659520222
2016-06-15,-0.003348378325810851,2.036624089750869,4.406461375206841
2016-06-16,0.003180301093815283,2.0462814686650095,4.424509701941003
2016-06-17,-0.01093354127461564,2.0129748244932637,4.3633889329997855
2016-06-20,0.00687402536470397,2.0336860898600446,4.394997900887479
2016-06-21,0.003526005378454262,2.044382883329433,4.41123103782969
2016-06-22,-0.003276619366048974,2.0344075994162476,4.400600922412177
2016-06-23,0.014396436944373182,2.0780922570847706,4.477538148844681
2016-06-24,-0.03989817662561514,1.9552819885416644,4.254659543403751
2016-06-27,-0.019750242494279528,1.89691445262899,4.15087043948159
2016-06-28,0.022366765775190502,1.9617090596617066,4.260508022650974
2016-06-29,0.01702635237417719,2.0121361617413,4.351569844321449
2016-06-30,0.012699338375748019,2.05038829809308,4.416503589445035
2016-07-01,0.004247393198582528,2.063344496603436,4.4407188917883325
2016-07-05,-0.005337486564242081,2.0469939365111705,4.40798201573176
2016-07-06,0.007016222971699837,2.0683723253631503,4.449608053408023
2016-07-07,0.0032705911752913784,2.078407716812991,4.4678521476428354
2016-07-08,0.015013984145254278,2.1246268814658498,4.552182440942364
2016-07-11,0.007473479331260734,2.1479787158823864,4.584490065323201
2016-07-12,0.005220005502555199,2.1644111821012193,4.612567435393373
2016-07-13,-0.0029229612898606146,2.1551617307107356,4.598050706476732
2016-07-14,0.005720090115377763,2.173209540138992,4.635716493337111
2016-07-15,-0.0014154040962317468,2.1687181663576776,4.627550533982815
2016-07-18,0.007045788307451533,2.1910442837638096,4.664149477766261
2016-07-19,-0.0037041031524574237,2.179224326572689,4.644041102194992
2016-07-20,0.012721822700903027,2.219669854781744,4.710152445709333
2016-07-21,-0.004101099659130796,2.206465667837785,4.697670621180174
2016-07-22,0.004987397947514757,2.222457588128336,4.7210274201720015
2016-07-25,0.0007416547355931587,2.22484753905882,4.720856198443605
2016-07-26,0.000813178467648846,2.2274699156390327,4.728433059263838
2016-07-27,0.0063885562305252734,2.2480887886774212,4.766159911216163
2016-07-28,0.0041065088108990285,2.2614270939067076,4.788879717484165
2016-07-29,0.00289619162840126,2.270872811752721,4.7996936268548875
2016-08-01,0.00507488417189762,2.2874721124133752,4.831339114062275
2016-08-02,-0.007773412456714745,2.261917235743639,4.786182077245861
2016-08-03,0.0015388636737983265,2.266936881684661,4.804720720747705
2016-08-04,0.003265114295635394,2.2776038039999884,4.816344041925393
2016-08-05,0.011260697511862174,2.314511909000561,4.874460647813834
2016-08-08,-0.0012342604583196017,2.310420938012652,4.866528172634624
2016-08-09,0.0013964787730390176,2.3150438705824103,4.8800271500188375
2016-08-10,-0.002639774403140862,2.3062929026275576,4.8648728297009995
2016-08-11,0.003732353666755638,2.318633157066048,4.889296471769759
2016-08-12,0.0008395964456843843,2.321419469669251,4.893918859759094
2016-08-15,0.0036768486127106005,2.3336318262385345,4.918489776461371
2016-08-16,-0.005692438416723264,2.314655332363643,4.881792649588913
2016-08-17,0.001938465222393654,2.3210806764496517,4.891920474691306
2016-08-18,0.0008846303507192515,2.3240186052132263,4.895880725507191
2016-08-19,-0.0007030801706660595,2.3216815536449755,4.892766405817965
2016-08-22,0.0006508655138249771,2.3238435216161513,4.895733450873676
2016-08-23,0.002532689271436079,2.332261784443281,4.907896180363551
2016-08-24,-0.0066955939364642305,2.309950312644651,4.864995558562265
2016-08-25,-0.0003179516166844669,2.3088979085916,4.855113191182399
2016-08-26,0.002505163504696662,2.317187238872971,4.865240417607419
2016-08-29,0.0012680542918813182,2.3213936123881975,4.87431337318032
2016-08-30,-0.003597294455727574,2.3094455815610644,4.855799874128102
2016-08-31,-0.001008397010629555,2.306108346529777,4.849742456478045
2016-09-01,0.0019801099162295123,2.3126548044508697,4.865546940421892
2016-09-02,0.002807176719457183,2.321954011897522,4.883693450245065
2016-09-06,0.007421321287658734,2.3466072999226406,4.9214197035200185
2016-09-07,-0.0002435691949579469,2.3457921694767583,4.924301137711531
2016-09-08,-0.005810955479088442,2.326349920137646,4.890142402896421
2016-09-09,-0.02542850434267126,2.2417658167481815,4.739995315349583
2016-09-12,0.01769928266872311,2.2991427462846112,4.841895592163034
2016-09-13,-0.00903610754198403,2.269331337632827,4.790645217054243
2016-09-14,0.004198772412201057,2.283058515859624,4.819102747255645
2016-09-15,0.015797960878987025,2.3349241458565997,4.909637134161374
2016-09-16,0.00023645400165843688,2.3357127020161146,4.907368745598806
2016-09-19,-0.004096343181902858,2.322048478032424,4.8804192836975115
2016-09-20,0.002249667921046226,2.329521983925614,4.8916384976490885
2016-09-21,0.010371241555271356,2.3640532606844924,4.951140442976374
2016-09-22,0.0072578733909758174,2.3884691333310397,4.997253567555897
2016-09-23,-0.006014664963261189,2.3680886267557013,4.957467265443838
2016-09-26,-0.008168962256715116,2.3405748378864626,4.906289928974433
2016-09-27,0.011101949833439586,2.3776617321515285,4.967030537784419
2016-09-28,0.00227336764002642,2.385340399032357,4.977525950793229
2016-09-29,-0.006838668881466994,2.3621891769923216,4.932197093571046
2016-09-30,0.007342836128087566,2.3868771811506058,4.978053385557974
2016-10-03,-0.0012450718662797013,2.3826602756578104,4.966932354695407
2016-10-04,-0.0015719845001118994,2.377342786135332,4.958153948389538
2016-10-05,0.003944667942238141,2.390665281953749,4.9805666331656955
2016-10-06,-0.0009138323948264573,2.3875667821790865,4.975870607859603
2016-10-07,-0.0018941521591541441,2.381150215244343,4.964345469770925
2016-10-10,0.0059923767978372925,2.401411341344176,5.000208639064164
2016-10-11,-0.014768236348116184,2.351178494738042,4.912101888901959
2016-10-12,-0.0002616194289422704,2.3503017613339647,4.9093186377994575
2016-10-13,-0.0038085346491306352,2.337542020990881,4.889039040499791
2016-10-14,0.0014375962335320765,2.3423400588295125,4.895635267784662
2016-10-17,-0.003129499915814732,2.3318802058967814,4.88054201255877
2016-10-18,0.010310209505358672,2.366232588866335,4.933938646046238
2016-10-19,-0.0012743866065340996,2.361942707140605,4.930125071186497
2016-10-20,-0.0016818202208351625,2.3562885239144467,4.925343435016206
2016-10-21,0.005247236195597314,2.3738997625399985,4.948822962869296
2016-10-24,0.013057219047055426,2.417953510782292,5.020071556912906
2016-10-25,-0.004021786607035333,2.404207231129158,4.997364322869716
2016-10-26,-0.006560659081416514,2.3818733880432266,4.959526715603569
2016-10-27,-0.005900366065903832,2.361919097065233,4.9299293036858485
2016-10-28,-0.00691950831640583,2.3386562699140065,4.892091696419701
2016-10-31,-0.0008581858452897265,2.3357910823608785,4.886795197709477
2016-11-01,-0.008044328166541562,2.3089568841993446,4.844703389037784
2016-11-02,-0.009129177575647143,2.278748829213329,4.79562321940255
2016-11-03,-0.01042942482964953,2.2445533647637474,4.737003724521616
2016-11-04,-0.0039042085248353034,2.2318859518577536,4.71414921584491
2016-11-07,0.025508449037458282,2.314326349955594,4.853028596573037
2016-11-08,0.00680303243593158,2.336873819617605,4.891270311065295
2016-11-09,-0.0003411682111057809,2.3357353843458806,4.91611123126235
2016-11-10,-0.01864288218256205,2.273547662583317,4.820291720516464
2016-11-11,0.002269618504410948,2.280977366933387,4.826324592394269
2016-11-14,-0.012490367042578807,2.2399967553619953,4.765130186136294
2016-11-15,0.014705353040014418,2.287642051498095,4.841675278890128
2016-11-16,0.006006248073362435,2.307388445235811,4.87576037638848
2016-11-17,0.0073179830491542745,2.3315918578150154,4.91783961283536
2016-11-18,-0.003347900522631427,2.3204380196930416,4.895095859472477
2016-11-21,0.0112604388226437,2.357827608878175,4.957577422080285
2016-11-22,0.003966374996237098,2.3711460123477037,4.975772424770591
2016-11-23,-0.004723791606873445,2.355221421109031,4.951275145385074
2016-11-25,0.0036595231238478027,2.3674999314852094,4.97108897168931
2016-11-28,-0.0030946257164442964,2.357078779597111,4.95514978533676
2016-11-29,0.002477808293802618,2.3653969772401453,4.97500013096069
2016-11-30,-0.012917429815017836,2.3219246979869723,4.898492156203921
2016-12-01,-0.01731954656528098,2.26439046849383,4.804438743705483
2016-12-02,0.0016578493241170681,2.269802336025677,4.81090026858165
2016-12-05,0.00940505661430612,2.3005550121135885,4.8584358505970835
2016-12-06,0.0024864231606514763,2.3087615885387116,4.871346328124606
2016-12-07,0.015409344588771152,2.359747436018594,4.948921145958307
2016-12-08,0.0014505059765613638,2.3646207697542754,4.957810307577998
2016-12-09,0.00719765532927786,2.3888381503686964,5.002820069760896
2016-12-12,-0.003464273674182987,2.377098287578307,4.976336378855031
2016-12-13,0.012940699965533113,2.4208003032719736,5.05179008275968
2016-12-14,-0.0028447521327628587,2.411068974313485,5.0338650835641525
2016-12-15,0.001971448466831104,2.417793721013151,5.048811064156529
2016-12-16,-0.00400191645469054,2.4041159960822904,5.026066712116274
2016-12-19,0.005506806404953174,2.42286180385272,5.050576563726604
2016-12-20,0.003625435795322749,2.4352711695588507,5.073810633857167
2016-12-21,-0.0009748707555653725,2.431922224158211,5.0678154786538
2016-12-22,-0.0029823142544691964,2.4216871535888744,5.050012609642164
2016-12-23,0.0010121169306785485,2.425150301088507,5.056915359741507
2016-12-27,0.005798687723022961,2.445011678088937,5.088536301176641
2016-12-28,-0.00805860296790116,2.4172496967554356,5.040081150717792
2016-12-29,-0.0019673269657482866,2.4105268492783134,5.030259848429871
2016-12-30,-0.011839929969750692,2.3701464502229035,4.963242107374298
2017-01-03,0.00982363435679916,2.403253536678758,5.021738873393969
2017-01-04,0.005179979744421551,2.4208823210638855,5.053469971465554
2017-01-05,0.005812733864025558,2.4407669995763794,5.08748203032452
2017-01-06,0.008374471319707139,2.469581604132127,5.139137111336794
2017-01-09,0.0036787188257728174,2.4823452192968025,5.160985842028514
2017-01-10,0.002515327797975684,2.4911044590290476,5.173577823194123
2017-01-11,0.0034363975433401475,2.5031012818155993,5.192018283606956
2017-01-12,-0.0012717704770334696,2.4986461410273284,5.181253465780738
2017-01-13,0.0038125137478890727,2.511984777538994,5.20342069283437
2017-01-17,-0.003527338933715755,2.499596816898564,5.185201144371811
2017-01-18,0.0024747645242741614,2.5082574949502874,5.198933605931111
2017-01-19,-0.00043868072468810504,2.50671849001001,5.193195283320339
2017-01-20,0.003300469345370586,2.5182923068891325,5.207945496412066
2017-01-23,0.0021438732359267128,2.525835079602039,5.211010724556788
2017-01-24,0.007497307904075751,2.5522693508128067,5.254365143806062
2017-01-25,0.010016829234662458,2.587851826295424,5.316172595692981
2017-01-26,0.0015186638824291126,2.5933005672795266,5.32285443384205
2017-01-27,0.0017194824508411865,2.599479184545561,5.336513258084593
2017-01-30,-0.008383991697372613,2.5693011809474657,5.289026767613666
2017-01-31,-0.0038231255297964885,2.555655294479053,5.273626989573301
2017-02-01,0.0062413864110833946,2.577847513116511,5.317668091768277
2017-02-02,-0.0010264997278763737,2.5741748536179134,5.311550207703647
2017-02-03,0.0014370604863701182,2.579311159071425,5.328592756452823
2017-02-06,0.00130118249978356,2.5839684961128886,5.336390529223329
2017-02-07,0.003727863775414155,2.5973290424417734,5.358361988776312
2017-02-08,0.00282824082924834,2.607503155315848,5.3714814047066675
2017-02-09,0.002387197040198106,2.6161149761707234,5.390584002292949
2017-02-10,0.001942342021759669,2.623138708244454,5.408398844852026
2017-02-13,0.006216576551046532,2.6456622273793156,5.445340830769638
2017-02-14,0.0019101735552044168,2.6526260749572637,5.462812631194549
2017-02-15,0.00507817016577809,2.6711747317178545,5.501214192545135
2017-02-16,6.137703264712241e-05,2.6714000575292167,5.49906853284383
2017-02-17,0.004674054305258549,2.6885603807744376,5.528592906122165
2017-02-21,0.005144470138734788,2.707536069508252,5.5604832523747065
2017-02-22,0.0004869801265821095,2.709341565892689,5.5621996604002755
2017-02-23,-0.00450817081425711,2.692619220505221,5.537972384509537
2017-02-24,0.00151108371370401,2.6981990772702367,5.551385751029553
2017-02-27,0.0004892681002617279,2.700008488107162,5.556584066650767
2017-02-28,-0.002851451553352732,2.6894580931563308,5.5354465646770015
2017-03-01,0.010584002642947263,2.7285073273653406,5.609845997729531
2017-03-02,-0.005109375115380199,2.7094569848093872,5.575845912418005
2017-03-03,0.0019051021835402165,2.7165238794108957,5.58837682849167
2017-03-06,-0.0028080026130204447,2.7060878706461566,5.572229302413658
2017-03-07,-0.0012030977003270127,2.7016290848517723,5.561157363095596
2017-03-08,0.001861859845381547,2.708520999407354,5.571616256784714
2017-03-09,0.0005659646049998643,2.710619891029917,5.576728961541729
2017-03-10,0.004386077726918859,2.7268949582870254,5.603604786126265
2017-03-13,0.0015510953482143293,2.7326757277201077,5.614234901543779
2017-03-14,-0.0018470878057990818,2.7257811479004337,5.599031489681436
2017-03-15,0.00609047781153434,2.748472935312354,5.6408167755386565
2017-03-16,-0.0004564193460226669,2.7467620597466347,5.635704070781641
2017-03-17,-5.3716186755781574e-05,2.746560797976104,5.631633064651933
2017-03-20,0.0014851787416977021,2.7521251104277358,5.637212139081749
2017-03-21,-0.015402047976643508,2.694334699462559,5.538168152010186
2017-03-22,0.006908170094991351,2.719855791954275,5.581105891808537
2017-03-23,-0.002584867845311176,2.710240456328458,5.565890506398754
2017-03-24,0.002138639513776927,2.718175323173976,5.576753507313981
2017-03-27,0.0016302048100476792,2.7242367104704144,5.589345488479592
2017-03-28,0.006140812867876679,2.7471065511850896,5.629732862673154
2017-03-29,0.0051054749133215985,2.7662373096797084,5.6580065989213475
2017-03-30,0.0015128617254236974,2.7719351059543853,5.669617946551595
2017-03-31,-0.0001284619834639192,2.771450555689177,5.665314054924173
2017-04-03,0.0005425206838601563,2.773496645623794,5.660373170572926
2017-04-04,0.0014227202185212997,2.7788652755960452,5.670439331906001
2017-04-05,-0.0037971804796548443,2.7645162421363065,5.643600026641157
2017-04-06,3.147978833924022e-05,2.7646347483108085,5.64649343438011
2017-04-07,-0.0007980610306582157,2.76163034002352,5.643416232687948
2017-04-10,0.0009205860725105646,2.7650932445244787,5.647474666592843
2017-04-11,-0.004214365776577663,2.749225764409131,5.6189309268498695
2017-04-12,-0.004291060813048399,2.7331376086522035,5.592729212986223
2017-04-13,-0.0043668198960408865,2.7168356690680824,5.563989705742601
2017-04-17,0.009203854519339296,2.7510448838384765,5.619912159062604
2017-04-18,-0.000722707069788654,2.748333977181832,5.610667383083935
2017-04-19,0.0012535861771872379,2.7530328368431083,5.620451567374791
2017-04-20,0.007831949374227988,2.782426400021079,5.674264281635811
2017-04-21,0.0003327197261760827,2.783684887897175,5.672449690521231
2017-04-24,0.012833632358963558,2.832243308710613,5.753347167769619
2017-04-25,0.007750880952296347,2.8619465703766633,5.8025871842631815
2017-04-26,-0.001582587882880494,2.8558347005300533,5.7938818165966985
2017-04-27,0.005646618633066199,2.877607128596089,5.830897439831069
2017-04-28,0.002381694191944712,2.8868424029729103,5.845917057740204
2017-05-01,0.00942568794237821,2.9234785665445364,5.902439984464339
2017-05-02,0.002308027300123057,2.932534062187569,5.920144670386963
2017-05-03,-0.0024084571332243145,2.9230627224738455,5.896959691800904
2017-05-04,-0.00024889781797727433,2.9220862807224335,5.898381550559441
2017-05-05,0.0033921048391437974,2.9353904085748117,5.922621398674992
2017-05-08,0.0030228452745601772,2.9472864848749216,5.938536039255291
2017-05-09,0.00359361171402612,2.961471499825585,5.962126322422205
2017-05-10,0.0019897022314000375,2.9693536485084153,5.966258393643859
2017-05-11,-0.0017247493474438615,2.9625075083933767,5.9571118007542
2017-05-12,0.0031797457459165905,2.975107274786353,5.972548098114258
2017-05-15,0.003255618860319087,2.988048709001939,5.994213034852768
2017-05-16,0.004833646728115582,3.007325527595772,6.018685768466033
2017-05-17,-0.025282837826132776,2.9060089661650466,5.84226332973879
2017-05-18,0.009259444644321194,2.9421764399674744,5.898369577012002
2017-05-19,0.004759090777431031,2.9609376155059297,5.929328381273686
2017-05-22,0.009027856109562611,2.9966963903576715,5.987984395474313
2017-05-23,0.0008257827722327762,2.999996793382674,5.99282769541392
2017-05-24,0.005565294523249181,3.022257953629901,6.025870495607593
2017-05-25,0.009120161498618162,3.0589415957561075,6.084809085527812
2017-05-26,0.0024696396012708734,3.068965718660232,6.097057425881885
2017-05-30,0.0017821562413702565,3.0762172513116637,6.10474504201594
2017-05-31,-0.0011974928913777941,3.0713360101295066,6.0975968341940705
2017-06-01,0.0033349374801285333,3.0849136611838848,6.1315717750559715
2017-06-02,0.011519263308893198,3.131968857241157,6.211206641726779
2017-06-05,0.00026026087307480007,3.1330442470634603,6.207111688502191
2017-06-06,-0.0029084558363226334,3.121023470401309,6.180934520410796
2017-06-07,0.003650690095845904,3.1360680499694515,6.206461524876181
2017-06-08,0.0016127775303194003,3.142738607584314,6.215914640580311
2017-06-09,-0.026659574488387527,3.0322949590895014,6.0401423654790785
2017-06-12,-0.0060609190732275236,3.0078555456630767,5.998749811977901
2017-06-13,0.008836709930000033,3.043271802561443,6.052256003424447
2017-06-14,-0.005038477360934442,3.022899869120132,6.021910244791707
2017-06-15,-0.005264049570919137,3.0017231247902396,5.989811558813703
2017-06-16,-0.0020465679329900546,2.993533326566339,5.966012935921328
2017-06-19,0.01526047707918083,3.0544765503613496,6.077268744027271
2017-06-20,-0.007480580463734155,3.024146712288048,6.020978702800851
2017-06-21,0.009508163239983177,3.062408956130124,6.089737996331618
2017-06-22,-0.0002252666939255646,3.061493830695203,6.086648222414643
2017-06-23,0.004175797476874359,3.0784538063857605,6.1151422719357384
2017-06-26,-0.005736659578486288,3.0550571052919437,6.083852399087329
2017-06-27,-0.019324579445096458,2.9766948321063267,5.953899297975958
2017-06-28,0.014375221897136522,3.0338607027350513,6.0537395259523015
2017-06-29,-0.01817016993737589,2.960564768262653,5.93111842661601
2017-06-30,-0.0014051749190946712,2.9549994819848404,5.923639150207415
2017-07-03,-0.009593500343179368,2.9170571930971443,5.862383678857494
2017-07-05,0.009176330043132501,2.95300140269883,5.925968603861928
2017-07-06,-0.00866953524186541,2.918730717726989,5.8635361327986235
2017-07-07,0.010870296021314615,2.9613284806564995,5.935348680926672
2017-07-10,0.00731172822238462,2.9902926379066517,5.981547416370392
2017-07-11,0.003268863443478769,3.003336359639487,6.000735624820873
2017-07-12,0.012325232405393656,3.0526784106690066,6.085520314245761
2017-07-13,0.0020868001106072683,3.0611355404246465,6.103187882171321
2017-07-14,0.0079651260757898,3.0934829970149993,6.158018946642139
2017-07-17,-2.0135090472675175e-05,3.093400574364506,6.160054449706993
2017-07-18,0.008211711989435677,3.1270144009385774,6.209539325245709
2017-07-19,0.006195081970384816,3.152581593445351,6.253752247846453
2017-07-20,0.000998894160300517,3.1567295829492155,6.259956341452654
2017-07-21,0.00014572891331143229,3.157335338634268,6.260335902906512
2017-07-24,0.0038054740365641663,3.1731559703267314,6.284661960563633
2017-07-25,-0.001987128486693848,3.1648633732186786,6.271517998861024
2017-07-26,0.003773334515210861,3.1805787959359826,6.296138007107806
2017-07-27,-0.005835766898151013,3.1561819125835475,6.254818492246014
2017-07-28,-0.001806908393102759,3.148672072602438,6.244875059774203
2017-07-31,-0.006674433474648849,3.12098203684572,6.20982130228793
2017-08-01,0.0025119312715441737,3.131333660493545,6.228016304978236
2017-08-02,0.0036545645216621344,3.146431885916333,6.251385676194875
2017-08-03,-0.003723916889618322,3.1309909181847173,6.223149057943746
2017-08-04,0.003077875652362117,3.1437055945519274,6.233828264905765
2017-08-07,0.006040633543595784,3.1687362015611633,6.276520546981589
2017-08-08,-0.0007229395815200228,3.1657224571561393,6.266246045923053
2017-08-09,-0.0015384271958830784,3.1593137964375497,6.257712498662339
2017-08-10,-0.022519610767926385,3.0656476686801097,6.096849086156418
2017-08-11,0.007171382050063684,3.0948039813931656,6.149987689696546
2017-08-14,0.013308982964179934,3.149301657823183,6.2439554913307855
2017-08-15,-6.901129608927935e-05,3.149015309137911,6.243416083018599
2017-08-16,0.0011995162433427137,3.1539921203951,6.255296835466255
2017-08-17,-0.020774368950627533,3.0676955554680125,6.106817064400482
2017-08-18,-0.000912108582098442,3.063985375442506,6.100184317795917
2017-08-21,-0.0009067432601233184,3.0603003840940843,6.094826155316375
2017-08-22,0.0146629619298559,3.1198364140498356,6.201238663482708
2017-08-23,-0.0031271037481819916,3.1069532581575636,6.174816037668788
2017-08-24,-0.003402579594023499,3.0929790228077483,6.153555806833761
2017-08-25,-0.0029356437771903975,3.0809634944092723,6.138952868375549
2017-08-28,0.0019155481301522325,3.088780776400208,6.158018946642139
2017-08-29,0.003965728331357144,3.1049957701658872,6.187518774148221
2017-08-30,0.012956710372387078,3.1581830114398004,6.274276704191273
2017-08-31,0.009260113957143282,3.19668825998039,6.342570226726611
2017-09-01,-0.00031300565184213673,3.195374672835997,6.34171172337514
2017-09-05,-0.009708999918759039,3.1546417804782685,6.27406836446581
2017-09-06,0.002827853190115518,3.1663904974909816,6.296628323875485
2017-09-07,0.0031668690498066285,3.179584910606894,6.312788422178309
2017-09-08,-0.008993240112779419,3.141996899934056,6.250331405342752
2017-09-11,0.011862264305052167,3.19113036191178,6.3326752871219325
2017-09-12,0.0025329200041233355,3.2017461598453547,6.351201957076335
2017-09-13,0.002299797799570858,3.2114093264181225,6.361917683358047
2017-09-14,-0.005569705185335798,3.1879530180551994,6.318317806386246
2017-09-15,0.0029935683177430093,3.2004899415262464,6.3418344522364025
2017-09-18,-0.0004012373087794538,3.198804548246553,6.333399088064699
2017-09-19,0.0019271109928340184,3.2068961106482403,6.345610909099078
2017-09-20,-0.003098077409917714,3.1938628208419706,6.324190831405722
2017-09-21,-0.006510454847493498,3.1665588663102975,6.27674145893186
2017-09-22,-0.0013047683363086831,3.1611224722301694,6.273565475473316
2017-09-25,-0.012549925105074156,3.1089006968506396,6.193906661707628
2017-09-26,0.0026461353790412996,3.119773404353543,6.211059367093255
2017-09-27,0.009693698587830701,3.159709245985507,6.28027245807201
2017-09-28,0.00011254598427696123,3.1601774045569027,6.274485043916733
2017-09-29,0.007620249761486199,3.1918789954317175,6.331167218821824
2017-10-02,0.0006840181821167537,3.194746316881826,6.334379721600062
2017-10-03,0.002394067224773095,3.2047888215553106,6.3504907283583805
2017-10-04,0.0007689391187451091,3.2080220481662662,6.3551250898951555
2017-10-05,0.01112624029811551,3.2548415126539325,6.426606569436479
2017-10-06,0.0026193634972212503,3.2659864891986405,6.435716044329072
2017-10-09,0.00011476313849736714,3.266476067196929,6.428310405237236
2017-10-10,0.0015843032484908356,3.273235459089797,6.434428887979239
2017-10-11,0.0036805408798893336,3.288963276886369,6.456167462034508
2017-10-12,-0.0010580925383275503,3.284425156845934,6.442361961835822
2017-10-13,0.004266999215902402,3.3027067956307876,6.469899923593808
2017-10-16,0.003413314358342467,3.317393286516052,6.496971515678995
2017-10-17,0.0006885251444327109,3.3203659203522227,6.506878428831114
2017-10-18,-0.001202273715924318,3.315171657963008,6.496751202406093
2017-10-19,-0.004129291010971911,3.2973530584249806,6.470108263319271
2017-10-20,0.0037004027701091173,3.3132549955865134,6.489970582490641
2017-10-23,-0.006506321406887605,3.285191572275364,6.439713413142024
2017-10-24,0.002823022314848932,3.2972887637073,6.454904851456927
2017-10-25,-0.004951060760405845,3.276012625933176,6.424031658059441
2017-10-26,0.0004864189235166003,3.2780925593916255,6.4029797669498745
2017-10-27,0.03390573506654191,3.423144432300502,6.618281511570571
2017-10-30,0.0010330287503830117,3.427713667666165,6.635593465137155
2017-10-31,0.004045488690567861,3.4456259332337806,6.66130486223312
2017-11-01,0.000304763202128789,3.446980796428659,6.6614150188695715
2017-11-02,-0.0015864379855642598,3.43992593717213,6.646383427412997
2017-11-03,0.00972819600302782,3.4831184069278667,6.718955697126133
2017-11-06,0.0023540584223589404,3.4936719295721277,6.741061859087819
2017-11-07,0.0010324334034811785,3.4983113465765037,6.7498528376185005
2017-11-08,0.0036850262683194844,3.5148877420517177,6.780542237062778
2017-11-09,-0.005781092893993896,3.4887867566089623,6.739345451062249
2017-11-10,-0.0007390122607084547,3.4854694881601223,6.735495356882815
2017-11-13,0.0015965865306867806,3.492630928328725,6.7442132967741095
2017-11-14,-0.002429201903779627,3.4817174207246495,6.716577151927113
2017-11-15,-0.005721612304040345,3.4560747711869997,6.673320317089478
2017-11-16,0.012417736305668404,3.5114091326539416,6.772364304161039
2017-11-17,-0.004311028835499709,3.4919603177943337,6.742165221484442
2017-11-20,-0.0006541252554956132,3.4890220131037806,6.734931402798374
2017-11-21,0.011090449003099485,3.538807282813899,6.8207823366228215
2017-11-22,0.0005963349948465408,3.5415139324315055,6.8299660475095445
2017-11-24,0.00491564073347177,3.5638383833093954,6.858374486166442
2017-11-27,0.000362952757936076,3.565494841037392,6.854304078714105
2017-11-28,0.0014674822027867383,3.5721946234635285,6.874644741105717
2017-11-29,-0.019252853237676316,3.4841668314038925,6.738327699529819
2017-11-30,0.009162231835326662,3.5252518075014967,6.804757539406073
2017-12-01,-0.005273381892400975,3.501388426561263,6.770807144316425
2017-12-04,-0.014013557901903714,3.4383079592066874,6.6798680515072135
2017-12-05,0.000522564334207386,3.4406272606503974,6.681596433080223
2017-12-06,0.00567197707452962,3.465814396669338,6.715853350984343
2017-12-07,0.003977852218208059,3.483578746373235,6.744335426957998
2017-12-08,0.003940189069789394,3.501244894343235,6.779021596537854
2017-12-11,0.007655342901128257,3.535703467491386,6.839492800530434
2017-12-12,-0.0021090154130168066,3.526137598969573,6.826937338684517
2017-12-13,0.0027005878996905278,3.5383608314016852,6.840448888293543
2017-12-14,-0.001374535099293495,3.532122695145665,6.834612981271133
2017-12-15,0.011988406047059657,3.586455622270165,6.928298207185781
2017-12-18,0.007981914490243039,3.62306431886042,6.985863431214595
2017-12-19,-0.004475930683442364,3.6023718034241057,6.945892736471955
2017-12-20,-0.0015714775873488056,3.5951392792863786,6.935851120911132
2017-12-21,-0.0007980000248723326,3.5914723580272163,6.936108552181098
2017-12-22,-0.0012351920273914248,3.5858010079765927,6.9268883219746815
2017-12-26,-0.004635045739073224,3.564545610554333,6.887641428174809
2017-12-27,0.0009482153186837022,3.568873782625091,6.890081038465773
2017-12-28,0.0007734235458841716,3.5724074571867463,6.89776865459983
2017-12-29,-0.007227315471265272,3.5393612260304916,6.842594547994847
2018-01-02,0.017958369164778918,3.620880750699831,6.983496859563014
2018-01-03,0.009259494727007789,3.663667771645067,7.062530654152319
2018-01-04,0.001871403291592375,3.6723953748638163,7.073296070655907
2018-01-05,0.010781898560338581,3.7227726678293926,7.1575407530912365
2018-01-08,0.004670604445932552,3.7448308708488858,7.1861575314735955
2018-01-09,-0.0003753967710937998,3.7430496766605827,7.187763782862714
2018-01-10,-0.0027100580935971465,3.7301957364960154,7.169029371860221
2018-01-11,0.006524767623506183,3.7610591644903524,7.225221229997631
2018-01-12,0.007477555474625243,3.7966602485108014,7.286586857984002
2018-01-16,-0.0023915454059497145,3.7851888177295736,7.260348624800663
2018-01-17,0.01066493409992975,3.8362225411263804,7.35002450835492
2018-01-18,0.00032722744795855694,3.8378050858862736,7.351373328474072
2018-01-19,0.0032707985175766605,3.853628571589515,7.379512362313562
2018-01-22,0.011213839376882244,3.9080563827863655,7.467729269112219
2018-01-23,0.009356070476212355,3.953976504204938,7.537837382762138
2018-01-24,-0.006251233290852835,3.9230080413597497,7.483754665006341
2018-01-25,-0.00010167583522688657,3.922507490405316,7.480014727463358
2018-01-26,0.016450573853648304,4.003485563421365,7.610802384831318
2018-01-29,-0.0044114066646519234,3.981413153860399,7.568317843803584
2018-01-30,-0.007119719015345785,3.9459468919055656,7.497707439838544
2018-01-31,0.00366406864686038,3.964069180841233,7.521322268777711
2018-02-01,-0.009059218981750572,3.9190985910914335,7.461868816317558
2018-02-02,-0.019283516150694024,3.8242410739632655,7.288732517685311
2018-02-05,-0.03910818789686451,3.6355737475829386,6.964590628154757
2018-02-06,0.02696207560895562,3.76055843745616,7.173099779312562
2018-02-07,-0.0125448151722019,3.700838111741806,7.070157205194432
2018-02-08,-0.04287976273818532,3.4992672888396985,6.731854201106214
2018-02-09,0.016846596416249453,3.575064629023614,6.862531103160351
2018-02-12,0.017243343100760748,3.6539540381300233,6.998835572511437
2018-02-13,0.005149917716394225,3.6779215184822736,7.035630283795532
2018-02-14,0.018953998804059787,3.766586837349071,7.184195665725502
2018-02-15,0.01768852892163104,3.8509007464789864,7.331191914263421
2018-02-16,-0.004177652034982495,3.83063537110396,7.301447227712185
2018-02-20,0.0025510577396397585,3.842958600854792,7.312518568352875
2018-02-21,-0.0025536702610088153,3.8305912815004923,7.287469308430358
2018-02-22,0.000871245681451351,3.834799913293356,7.290645291888904
2018-02-23,0.01965374700486978,3.92982184760839,7.45586108888938
2018-02-26,0.01373592420782111,3.9975375068652,7.569274530244067
2018-02-27,-0.012569341881623808,3.934721749375173,7.460458931106462
2018-02-28,-0.005746045221132976,3.9063666150495546,7.40414434410779
2018-03-01,-0.015904222127956186,3.828334670562618,7.276778127920901
2018-03-02,0.008630625606455384,3.8700062194069123,7.350956649023155
2018-03-05,0.010550395840975656,3.921386712769668,7.4370769876650105
2018-03-06,0.005462673134181563,3.9482706397484337,7.47599341155553
2018-03-07,0.003216844239239137,3.9641884556501044,7.496064669129735
2018-03-08,0.004578784816669391,3.986918406377921,7.5414791372161165
2018-03-09,0.019338733893268758,4.0833590943863065,7.7066949342165945
2018-03-12,0.005116017927948071,4.109365650647385,7.743404034636491
2018-03-13,-0.011450458159071052,4.050861073045252,7.639664022258836
2018-03-14,-0.0005157816390977084,4.048255931642141,7.6328840010207575
2018-03-15,-0.0011370078084871477,4.042516025228623,7.620611114894432
2018-03-16,-0.0015160854400859854,4.034871140101373,7.607099565285406
2018-03-19,-0.022402148240280573,3.9220792104501117,7.416969210771116
2018-03-20,0.004182878136101964,3.942667667963666,7.442766218731279
2018-03-21,-0.004456572192238872,3.920640312679141,7.402955370846968
2018-03-22,-0.025755688679118326,3.7939058326838575,7.193060281572945
2018-03-23,-0.026623346747324007,3.6662760154262957,6.979512062974883
2018-03-26,0.03836403381741626,3.8452931862835085,7.2808120160535434
2018-03-27,-0.03435418001074621,3.6788371119570824,7.006179547833957
2018-03-28,-0.013128682955434302,3.6174101429140775,6.921542731719957
2018-03-29,0.01991155520360595,3.7093499598724016,7.0690658163452476
2018-04-02,-0.0299675703243224,3.5682221837680803,6.835752862987453
2018-04-03,0.011235001718215391,3.6195461678519045,6.919115094976432
2018-04-04,0.01546162289973497,3.6909718486671466,7.043232289065392
2018-04-05,0.006350337923927091,3.7207611050978118,7.0858754795967105
2018-04-06,-0.024495634596987666,3.605123066047664,6.887702493266759
2018-04-09,0.0061843423567224855,3.6336027236829427,6.935679300505367
2018-04-10,0.022756283177120133,3.7390462993933475,7.111660514009433
2018-04-11,-0.0048708731739437955,3.7159630059035553,7.071898158992255
2018-04-12,0.01103825937356235,3.768019028758843,7.161181908867842
2018-04-13,-0.004243195697401979,3.747787390930883,7.1269495367359745
2018-04-16,0.006557815883475116,3.7789225064944922,7.184380058356085
2018-04-17,0.021502481365955724,3.881681198639736,7.357491811216079
2018-04-18,0.002649665380549814,3.894616020310653,7.378138996422162
2018-04-19,-0.007922327818906139,3.855839267650082,7.306633569785959
2018-04-20,-0.015338237254841968,3.7813592528914874,7.175269984786119
2018-04-23,-0.0035490392688096698,3.7643900211446892,7.152035315978184
2018-04-24,-0.02223977418380764,3.6584310629508447,6.980689062688264
2018-04-25,0.0004032267033643082,3.660309466751208,6.986684816569003
2018-04-26,0.021576508265059895,3.760862672478302,7.153077613282862
2018-04-27,0.0024733256613573224,3.772637836296341,7.161292664181664
2018-04-30,-0.008276839602786924,3.733135478443124,7.099031414846756
2018-05-01,0.011736753260258203,3.7886871217009848,7.1926926936665225
2018-05-02,-0.006083028157179989,3.759557403103752,7.146738817267956
2018-05-03,6.810494870582113e-05,3.7598815525165534,7.145512726010066
2018-05-04,0.018175938728771487,3.846396867971304,7.299558999280842
2018-05-07,0.008513818250982822,3.887658210077344,7.364235313134461
2018-05-08,-0.00031677477235924354,3.886109923260477,7.356400422366889
2018-05-09,0.011757103977276735,3.9435564256726545,7.451704471895468
2018-05-10,0.010002212732015634,3.9930029286949553,7.537947539398587
2018-05-11,-0.0012280410564786317,3.9868713161033993,7.524473107786626
2018-05-14,0.001185371646284592,3.992782611965178,7.538953317383573
2018-05-15,-0.011334903172410447,3.936189904497658,7.445978721509508
2018-05-16,0.005718437192121221,3.964417196434911,7.496775897847682
2018-05-17,-0.004629573612007627,3.9414340615832986,7.462028064498508
2018-05-18,-0.005448647006662997,3.9145099316750303,7.418649099476982
2018-05-21,0.00669334012594313,3.9474044182000565,7.466809700668797
2018-05-22,-0.0017862157395342891,3.938567286558426,7.452207360887957
2018-05-23,0.009344188987429251,3.9847141926111638,7.525784809908707
2018-05-24,-0.00038834936996264864,3.9827783819950193,7.520966654418723
2018-05-25,0.0017833913786868662,3.9916646260033763,7.534723063072903
2018-05-29,-0.004391382741538429,3.9697443161131973,7.492570189309266
2018-05-30,0.007448738580502572,4.006762642335864,7.553666412478229
2018-05-31,-0.0010162814741879716,4.001674362216802,7.543072816380409
2018-06-01,0.01726198018731602,4.088013165960795,7.685544860018004
2018-06-04,0.009242747368140276,4.135040386259542,7.758668511590766
2018-06-05,0.003058717199290726,4.150747022608046,7.787089522472474
2018-06-06,0.005956429144946594,4.181427082291755,7.840216152465164
2018-06-07,-0.008946796817811832,4.135069906960183,7.770022427951046
2018-06-08,-7.248492422146891e-05,4.134697691807105,7.769764996681079
2018-06-11,0.0026203663505747696,4.148152480859091,7.789210636401528
2018-06-12,0.005951434824234756,4.178791374814145,7.8391127900685404
2018-06-13,-0.0012533139370188302,4.172300723407178,7.834306009448625
2018-06-14,0.010714930667071533,4.2277215670477295,7.9254414684358565
2018-06-15,-0.0034531194694310684,4.209669619923792,7.8962236179719945
2018-06-18,-3.022863608997683e-05,4.209512138716703,7.890890599942077
2018-06-19,-0.0035902571480130947,4.190808650523015,7.862236703562653
2018-06-20,0.006771050627261223,4.225955878692131,7.926802860779821
2018-06-21,-0.009241905002262525,4.177658090915243,7.849301680262878
2018-06-22,-0.0031372883229156406,4.161414284646566,7.824803802199989
2018-06-25,-0.023397878961777096,4.040648137942818,7.629438612744794
2018-06-26,0.004790880831405522,4.064797282484748,7.666258468478514
2018-06-27,-0.014672916052584877,3.990481937135489,7.545451361579431
2018-06-28,0.009910699298888286,4.039941102970972,7.62138340870432
2018-06-29,0.0007919813071097131,4.043932642113459,7.632663089070471
2018-07-02,0.0077893461768148205,4.083221579555417,7.702574836542368
2018-07-03,-0.012559448324882191,4.019379120803064,7.600478193550897
2018-07-05,0.012763164219375078,4.083442280801176,7.706535087358253
2018-07-06,0.014841913742982105,4.158890292650255,7.836844401505973
2018-07-09,0.009552050289658404,4.208168272164481,7.921039992396796
2018-07-10,0.001313210390936493,4.215007692857234,7.929132314434334
2018-07-11,-0.005739773412437253,4.185074730356116,7.881780526372111
2018-07-12,0.016346296400139012,4.269831498755388,8.031694728421234
2018-07-13,0.0007792238393753589,4.273937877088709,8.043428206235374
2018-07-16,-0.002116135526594626,4.262777509781949,8.021456746682391
2018-07-17,0.006693008439822437,4.298001324071827,8.077844970997822
2018-07-18,-0.0014302156511938407,4.290424039658094,8.060973643977043
2018-07-19,-0.005281817479723341,4.26248098549028,8.014664153219499
2018-07-20,0.00024802737498177724,4.263786224835003,8.012052722522766
2018-07-23,0.0034224119170468944,4.281801069539665,8.038474749659315
2018-07-24,0.004432483895533581,4.3052125677198125,8.080738378736775
2018-07-25,0.014960427113934806,4.384580813663115,8.206216366492326
2018-07-26,-0.016412091983458242,4.296208578056912,8.073994876818388
2018-07-27,-0.015187709792592648,4.215771299172344,7.946517905317675
2018-07-30,-0.015293620485143673,4.136003272385497,7.819397146853312
2018-07-31,0.005351000283980308,4.163486027354556,7.867067431277448
2018-08-01,0.0057550201938589875,4.19320199371269,7.917227016214426
2018-08-02,0.014620757713673741,4.26913054182093,8.0389285471073
2018-08-03,0.003117630454040335,4.285557743664425,8.067545924167032
2018-08-06,0.006060225463646084,4.317589415292153,8.12088089388518
2018-08-07,0.004826335886551631,4.3432538879171245,8.14988980594621
2018-08-08,0.0008773963777789762,4.347942039523937,8.158349715890166
2018-08-09,-0.001353336906314549,4.340704472189018,8.155174331108993
2018-08-10,-0.008684654063018044,4.294322301395243,8.083251626344495
2018-08-13,-0.0013145804670636008,4.28736248871149,8.07450973935832
2018-08-14,0.005362467246055528,4.315715796875228,8.130909937221192
2018-08-15,-0.013516520207985215,4.243865816886858,8.017484522319064
2018-08-16,0.0017027520697314076,4.252794820259957,8.041552550028847
2018-08-17,-0.0005790176005109263,4.249753359607153,8.045537346616983
2018-08-20,-0.0005050344403992145,4.24710205335695,8.038033524436136
2018-08-21,0.00421993420353507,4.26924447878135,8.069679011643522
2018-08-22,0.00430169904218264,4.29191118270875,8.1032372730545
2018-08-23,-0.0012817932576636405,4.2851280466346,8.090044219807385
2018-08-24,0.010298796382910438,4.339558504244499,8.17778338206317
2018-08-27,0.01062970820036971,4.39631645306342,8.268183066560194
2018-08-28,0.0012400765299801536,4.403008298445211,8.281817345030484
2018-08-29,0.011540265659323867,4.4653604495688,8.392079947376251
2018-08-30,-0.0027006503279749846,4.450600422078171,8.37061077813839
2018-08-31,0.0013879153477240104,4.458165394058285,8.385176598599537
2018-09-04,-0.004814003185418121,4.43188976846475,8.345659701304886
2018-09-05,-0.015281307504256984,4.348883390583612,8.224203029457165
2018-09-06,-0.009857729552579794,4.296155544710953,8.138266484768518
2018-09-07,-0.003501847730619025,4.277609214435702,8.110176542473534
2018-09-10,0.0032418472004485687,4.294718417092581,8.131535555074944
2018-09-11,0.007605834514051973,4.33498916917149,8.205333916045968
2018-09-12,-0.0031120583502829576,4.318386371578901,8.18104497638591
2018-09-13,0.010043471821974527,4.3718014352402275,8.271321932021673
2018-09-14,-0.0018340013775459557,4.361949544008094,8.251471586397743
2018-09-17,-0.015517921052826775,4.278743234294936,8.115657433814338
2018-09-18,0.008504364971912785,4.323635593352395,8.188818203384166
2018-09-19,-0.0001282641670569303,4.322952761667299,8.1838156552636
2018-09-20,0.010627154493951485,4.379520603029544,8.280321250277815
2018-09-21,-0.00512440475965492,4.351953762046717,8.233778874022557
2018-09-24,0.00296078399024568,4.36779974106192,8.25545638298588
2018-09-25,0.0017749675475049332,4.377327411403811,8.273161068908506
2018-09-26,-0.00028164037281996364,4.375812938906888,8.273038340047242
2018-09-27,0.008829550930731091,4.423278953045049,8.354548862924576
2018-09-28,-0.0009225810005473122,4.418275538922302,8.35219486349781
2018-10-01,0.003511415947429263,4.43730135805724,8.374019647094649
2018-10-02,-0.003171739234901205,4.420055656007908,8.352967157307711
2018-10-03,0.001045350252000519,4.425721512553772,8.364186371259288
2018-10-04,-0.019934430339529133,4.317562845020085,8.183423521584931
2018-10-05,-0.012604535036937915,4.25053743782891,8.071861190664517
2018-10-08,-0.007092817161503184,4.213296335782761,8.015228107303932
2018-10-09,0.0026112373636125964,4.226909489962343,8.038278982158658
2018-10-10,-0.04481954024828838,3.992641809702815,7.6371998661955995
2018-10-11,-0.010889254844053602,3.9382756606918843,7.538536039255268
2018-10-12,0.027736888860317752,4.075248063854107,7.7753925639780235
2018-10-15,-0.012843427186976702,4.010064484890152,7.666834396110385
2018-10-16,0.029984287658915962,4.160287699594817,7.921567427161534
2018-10-17,0.00033342040250592243,4.162008244796662,7.924264468722464
2018-10-18,-0.022892048706751947,4.043839300632122,7.724975547771075
2018-10-19,-0.0017352103745005003,4.035087178350352,7.714112546855848
2018-10-22,0.004971373761333789,4.0601184786348306,7.755775103851805
2018-10-23,-0.00306749301511206,4.044596600545979,7.728138959004809
2018-10-24,-0.04716335022179213,3.8066765243467664,7.324117343758294
2018-10-25,0.034237894292145264,3.9712470070838872,7.602734608566017
2018-10-26,-0.02277707419828373,3.8580165451455413,7.401667615819742
2018-10-29,-0.020447959807020785,3.7586800180885636,7.231853976602183
2018-10-30,0.015262889961995318,3.831311227568995,7.349828740854258
2018-10-31,0.023504137379201807,3.944867030383457,7.5423005225705015
2018-11-01,0.01548424232949634,4.021434549769051,7.667447441739327
2018-11-02,-0.014060397670180413,3.9508311831245146,7.540081225552438
2018-11-05,-0.0032751206221657823,3.934616613819802,7.505505212609034
2018-11-06,0.006465218467334137,3.966519988280684,7.568968007429577
2018-11-07,0.031038283692176868,4.120672244639806,7.831694578751883
2018-11-08,-0.00683062539279281,4.0856948507774,7.7770844262313386
2018-11-09,-0.016374402402755416,4.0024196367931495,7.63064015823042
2018-11-12,-0.03043124832973429,3.850189762576358,7.373099928981887
2018-11-13,0.0021901346452589967,3.8608123312114575,7.375319225999949
2018-11-14,-0.007914467609657597,3.8223415894594597,7.3004785677242445
2018-11-15,0.017710308452223024,3.90774674647077,7.44832074738882
2018-11-16,-0.004345839960732323,3.8864184645428033,7.419593213692638
2018-11-19,-0.033633212921835826,3.722072511899645,7.144826043064349
2018-11-20,-0.01628260440283104,3.645184873226901,7.002648548693786
2018-11-21,0.007263470266787698,3.6789250354373166,7.062359432423905
2018-11-23,-0.007884869032462313,3.6420323243201844,7.003126891914027
2018-11-26,0.024478853613209475,3.755663954055005,7.188254099630379
2018-11-27,0.0031604845352452638,3.770694156436619,7.216086610655397
2018-11-28,0.03191311037384486,3.922941845610837,7.476373571686738
2018-11-29,-0.003726143554624693,3.9045982575830225,7.4507112661352775
2018-11-30,0.009890606653307562,3.953107709741274,7.520120124614682
2018-12-03,0.016435040416021295,4.034512235135779,7.6588157113895985
2018-12-04,-0.038192874129800505,3.842229743034297,7.331547528622378
2018-12-06,0.006903824706525357,3.875659648368929,7.385054318746297
2018-12-07,-0.03336095184192857,3.7130030016420585,7.108484530550868
2018-12-10,0.011448791232086957,3.766961189084057,7.1936493801069865
2018-12-11,0.003500569388873326,3.783648267500512,7.220010342151589
2018-12-12,0.009268719734219038,3.8279865625990563,7.293232176813362
2018-12-13,0.0008016775316668763,3.8318570509494814,7.298149114069728
2018-12-14,-0.025424836227787923,3.7090078767530086,7.0860227542302034
2018-12-17,-0.022611022807643332,3.6025323922503736,6.906314774085339
2018-12-18,0.007188347677143537,3.6356169952811843,6.959195946355501
2018-12-19,-0.023297024984523684,3.527620910323436,6.777060329467112
2018-12-20,-0.01476189014496779,3.4607846678271823,6.654720608495668
2018-12-21,-0.03015908361085045,3.3262514900601827,6.413634428139621
2018-12-24,-0.025000101664284114,3.2180947629834176,6.233141581960043
2018-12-26,0.06227576898936749,3.4807798580182343,6.678727571113504
2018-12-27,0.003935328595514707,3.498413199123699,6.710029417509355
2018-12-28,6.632312975144241e-05,3.4987115479659803,6.706314624415996
2018-12-31,0.006467712131536203,3.5278079192210416,6.761121143114561
2019-01-02,0.004960295896558366,3.5502671862631585,6.799007243247841
2019-01-03,-0.03653009636403813,3.384045487466844,6.536942210421613
2019-01-04,0.045705824378532454,3.584421900584501,6.874779443514403
2019-01-07,0.011178093445964847,3.6356669969849627,6.95518660399511
2019-01-08,0.009710609597731821,3.6806821494177733,7.033166127732294
2019-01-09,0.008122222666685507,3.7186996920673243,7.0930482331908085
2019-01-10,0.002918606902114016,3.7324717215575953,7.117876581163051
2019-01-11,-0.002502382874888609,3.720629265365675,7.093918710089721
2019-01-14,-0.009748145946389598,3.674611882328092,7.019912009393234
2019-01-15,0.020329136456937458,3.7696427051671613,7.17758746489317
2019-01-16,-2.602896369714524e-06,3.769630290281479,7.176263190546271
2019-01-17,0.007640790020889125,3.8060740338067918,7.237433051031992
2019-01-18,0.009546518061837442,3.8519553063770564,7.318550841553284
2019-01-22,-0.021203794705249704,3.7490754421415904,7.149595705687197
2019-01-23,0.0011728389999635911,3.7546453430339035,7.164247137012543
2019-01-24,0.007113042293435503,3.78846533644919,7.217937721089671
2019-01-25,0.012575199941637851,3.848681245468641,7.321935164737292
2019-01-28,-0.01403744099629013,3.7806181685755567,7.211243310715789
2019-01-29,-0.010225444858753732,3.7317342211020312,7.132405882304507
2019-01-30,0.028155931196963926,3.8649606042736995,7.3471191270685114
2019-01-31,0.015371191384616406,3.9397408448006095,7.468415952057903
2019-02-01,-0.005190283207734163,3.9141021908432823,7.43001498938469
2019-02-04,0.012824826028906064,3.9771246965291134,7.533546063359511
2019-02-05,0.009220469480628574,4.0230161228947425,7.611476495552187
2019-02-06,-0.0036183069175805085,4.004841308910154,7.57972085170835
2019-02-07,-0.01422495982975071,3.9336476423366307,7.4661355899478945
2019-02-08,0.0010894186981459902,3.939022450328256,7.4761281139642115
2019-02-11,-0.00040869643120712817,3.937003889479155,7.471285412701976
2019-02-12,0.015405412060437286,4.013060468740562,7.6006254681844005
2019-02-13,-0.00011687214883583687,4.012474581591337,7.6021089907122565
2019-02-14,0.0006876358240084398,4.015921338680571,7.610127675433038
2019-02-15,0.0039692322599371565,4.035830695471369,7.650294736353699
2019-02-19,0.0017104689302939703,4.044444327414194,7.664308576277847
2019-02-20,-0.0001595893911149791,4.043639287615469,7.659073142659569
2019-02-21,-0.003894093854183242,4.023998882862848,7.625748365423677
2019-02-22,0.008080356754174336,4.064594586168953,7.693759312239424
2019-02-25,0.00390209325828897,4.08435710655961,7.724166734641482
2019-02-26,0.0008353590223271737,4.088604370141307,7.733718033434624
2019-02-27,-0.0006563675065057164,4.085264375579284,7.726091482392514
2019-02-28,-0.0015600241479627938,4.077331240354606,7.7022192221833805
2019-03-01,0.007570270840211134,4.115768012989555,7.768477241653866
2019-03-04,0.0007901011712351407,4.119809987288386,7.767570245435261
2019-03-05,0.0013994085997556807,4.126974693413713,7.774877701438086
2019-03-06,-0.006315348127977445,4.094596063381475,7.720537552412322
2019-03-07,-0.012492286832718618,4.030952908060875,7.615595994549032
2019-03-08,-0.0011065821770457796,4.025385745239258,7.601876105214545
2019-03-11,0.021698209318446616,4.134427617045397,7.783742317285528
2019-03-12,0.005032564745674795,4.160266956460158,7.829426190189315
2019-03-13,0.007710474245427904,4.200055061927477,7.897719712724653
2019-03-14,-0.0026307706608140347,4.186374909635941,7.880590954433906
2019-03-15,0.00903754879180912,4.23324702593439,7.95903684784389
2019-03-18,0.002626422951588795,4.246991746034639,7.982687597425379
2019-03-19,0.0036969783584101684,4.266389760966486,8.010887696356814
2019-03-20,0.004796770972746457,4.291651426503059,8.049473051660609
2019-03-21,0.015454256846766682,4.373429966791797,8.187432863945318
2019-03-22,-0.022669508872594165,4.251616948483347,7.982418192607971
2019-03-25,-0.001140940563240743,4.24562516568422,7.971260642425712
2019-03-26,0.0046374661231804466,4.269951574684983,8.013180630691636
2019-03-27,-0.006196789464449848,4.237294794288814,7.960507798146937
2019-03-28,0.0018127064717828063,4.246788472457055,7.975564534053136
2019-03-29,0.007815167787987319,4.287793004717385,8.047045414917088
2019-04-01,0.014405671225519463,4.3639672122519455,8.169225289030203
2019-04-02,0.0038588595929264797,4.3846660085850875,8.195243208940642
2019-04-03,0.006699178757572962,4.420738848726426,8.250822021449109
2019-04-04,-0.0007249006453031743,4.416809351636965,8.245426740972501
2019-04-05,0.005166906343094296,4.44479749823527,8.292349277358989
2019-04-08,0.002499600798350322,4.458407318408716,8.317975063590756
2019-04-09,-0.004376089230025876,4.434520840929533,8.27965971178174
2019-04-10,0.005682077010083397,4.465400206860598,8.332381635870947
2019-04-11,-0.0017905940005424942,4.4556138940396295,8.312028401254523
2019-04-12,0.004602629122181557,4.480724061427714,8.352807909126755
2019-04-15,-0.0005532398261699089,4.477691906600684,8.35399748106495
2019-04-16,0.0038996762250067523,4.499053131496767,8.38539751054981
2019-04-17,0.0034587256028573133,4.518072847354148,8.41726390970747
2019-04-18,0.0015736979585712265,4.526756627329276,8.428298731028468
2019-04-22,0.003223861294139973,4.544574124102255,8.457442944175574
2019-04-23,0.012593891566122386,4.614401889401526,8.576643201008165
2019-04-24,-0.0035438740572636828,4.594505156198624,8.544397240396647
2019-04-25,0.004486931581360503,4.6196073180660555,8.584257179825464
2019-04-26,0.0002912800222356326,4.6212441974106175,8.59622414181469
2019-04-29,0.0014674306976796602,4.629492983705052,8.611378462132526
2019-04-30,-0.007674589761007836,4.586288934492643,8.540780031714926
2019-05-01,-0.004272923298255898,4.56241915035366,8.50447563719851
2019-05-02,-0.003368691981681201,4.543681073563114,8.470402513247599
2019-05-03,0.016460619322368968,4.634933497359658,8.619580940806514
2019-05-06,-0.007222761035015454,4.594233719260025,8.556265420619487
2019-05-07,-0.01964772833242955,4.4843197349158865,8.367521004221414
2019-05-08,-0.00338975766746799,4.46572922004361,8.33981122205766
2019-05-09,-0.004951215628684999,4.43866721610717,8.29714348575409
2019-05-10,0.0008578542819744638,4.443332800066742,8.301777847290865
2019-05-13,-0.034731838670070826,4.254275843427319,7.980051620956395
2019-05-14,0.01090401835854588,4.311568563684914,8.075380216257228
2019-05-15,0.014076846122437293,4.386338697024682,8.199669230751955
2019-05-16,0.010399500135300256,4.442353927033164,8.293943555200665
2019-05-17,-0.011101031619859128,4.3819381840027045,8.2001966655167
2019-05-20,-0.01767396982237333,4.286817970952762,8.044507621537111
2019-05-21,0.009997100219421812,4.339670820050217,8.13563050829953
2019-05-22,-0.004233712832103442,4.317064187180161,8.0984065453397
2019-05-23,-0.014956171985165507,4.237541260740531,7.960189301785022
2019-05-24,-0.0009721763000706089,4.232449447256196,7.951643182299495
2019-05-28,-0.002839390991595563,4.217592477431678,7.923957945907993
2019-05-29,-0.00869680207905481,4.17221610832629,7.848528787775598
2019-05-30,0.004135170213937307,4.1936041023174875,7.883521480169925
2019-05-31,-0.01642599994802399,4.108293961602763,7.739529394684784
2019-06-03,-0.02208037607155987,3.9955009098464958,7.5556893433182655
2019-06-04,0.027325999585464045,4.132007965638146,7.787089522472469
2019-06-05,0.007317116453453822,4.169559465562773,7.853482244351657
2019-06-06,0.008401624736718898,4.212992164246584,7.920954381532589
2019-06-07,0.01982326723950017,4.316330701035865,8.094274474118043
2019-06-10,0.01206297997697117,4.380461491833417,8.19805100581539
2019-06-11,0.00160740940963384,4.389110096263563,8.212665917821042
2019-06-12,-0.0060178449588278145,4.356679267238195,8.161709493301911
2019-06-13,0.005381026896996493,4.385503702453787,8.208779304321915
2019-06-14,-0.00480945815274883,4.359602347765361,8.170071220156856
2019-06-17,0.0065100091149012,4.39449340790156,8.22820039827011
2019-06-18,0.01505320958480192,4.475697847774535,8.361697070746441
2019-06-19,0.004179843304008409,4.498585406758329,8.401349269127168
2019-06-20,0.008915974304254622,4.547610652954735,8.487555218633222
2019-06-21,-0.0014087189900918332,4.539795628478282,8.476189328725502
2019-06-24,2.6099241846407225e-05,4.539940212944169,8.469127330445202
2019-06-25,-0.017564899972305995,4.442631717251248,8.307920875805117
2019-06-26,0.005383093445393446,4.4719299123740734,8.3514590890076
2019-06-27,0.0036869693655512004,4.49210475033144,8.388241826744256
2019-06-28,0.0017521102868687801,4.5017275235610565,8.40544422235176
2019-07-01,0.013244480142963469,4.574595044498857,8.524448711683702
2019-07-02,0.0038226060225697725,4.595904525089345,8.563290899580092
2019-07-03,0.007252390518642026,4.63648821001033,8.634244944356668
2019-07-05,-0.0022092059551651172,4.624036046690557,8.614149141010213
2019-07-08,-0.007030734027325643,4.584494945086183,8.54608910264996
2019-07-09,0.00540281451405596,4.614666935429167,8.596444455087587
2019-07-10,0.010342715005840067,4.672737835395025,8.690289527860564
2019-07-11,-0.0008370915275511176,4.667989234614997,8.682172660050773
2019-07-12,0.0061225991991226665,4.7026920609634875,8.739137410675456
2019-07-15,0.00324140973096641,4.721176822502599,8.76818344073355
2019-07-16,-0.005151133182612731,4.691706278728611,8.71932358437122
2019-07-17,-0.0037646132163094395,4.670279206048358,8.672339384215412
2019-07-18,0.0018549217346849232,4.680797130189388,8.691184550531728
2019-07-19,-0.008703962819810035,4.631351683181337,8.606302276695201
2019-07-22,0.009504521799699683,4.684874988015909,8.692398668242177
2019-07-23,0.0065601498632104115,4.72216861989091,8.753016548190901
2019-07-24,0.007526750644204443,4.765237956236921,8.821738723724604
2019-07-25,-0.010929808852360742,4.702225007386876,8.722744426874918
2019-07-26,0.011303901819978176,4.766682399025801,8.829512549400228
2019-07-29,-0.003611336365002808,4.745856969172777,8.795341242360307
2019-07-30,-0.004957656699579217,4.717370982874733,8.750454209038672
2019-07-31,-0.013662559922282548,4.639257059223287,8.623320279672125
2019-08-01,-0.006917066626284204,4.600249942421896,8.564921696741465
2019-08-02,-0.014166059528197932,4.52091646836476,8.432074589213771
2019-08-05,-0.036466009370519685,4.3195906766955146,8.09231260836995
2019-08-06,0.014517794749539478,4.396819402291343,8.221824484258144
2019-08-07,0.003988230333676437,4.418343161136935,8.259318450712756
2019-08-08,0.023339268359582038,4.544803326239016,8.471346627463271
2019-08-09,-0.010311988189790433,4.487625379824129,8.375024826402266
2019-08-12,-0.011082235507119275,4.426810222990073,8.271309958474236
2019-08-13,0.02245365031090256,4.548661922040723,8.475417034915608
2019-08-14,-0.03105504077555697,4.376347999801968,8.18358276976589
2019-08-15,-0.0010948540881219988,4.370461683215218,8.177158362886788
2019-08-16,0.015893994854716823,4.455819773575694,8.323332627392928
2019-08-19,0.015295225815684804,4.539267769022213,8.464590553320074
2019-08-20,-0.007444910291595662,4.4980284174007155,8.397339926766787
2019-08-21,0.009038262277114163,4.54772104024421,8.481633700746622
2019-08-22,-0.0037738621255240367,4.52678470592746,8.450012759311488
2019-08-23,-0.03144044152023693,4.353020154585807,8.152759266590282
2019-08-26,0.014743221700349874,4.431940917491307,8.28766582427771
2019-08-27,-0.0012414208001386051,4.42519759305121,8.276642976504153
2019-08-28,0.0028674582657563373,4.440754120732766,8.303457735996744
2019-08-29,0.015571667986755999,4.5254757374983905,8.443735028388529
2019-08-30,-0.0009369936129166854,4.520298402024029,8.429867864420524
2019-09-03,-0.010733156978290337,4.461048172708099,8.329953400450052
2019-09-04,0.014650209270316322,4.541053671273551,8.464504942455875
2019-09-05,0.019071761407525603,4.646731324838374,8.640191606692909
2019-09-06,-0.0012954137440675112,4.6394164714711215,8.627930694114024
2019-09-09,-0.0025422419371282277,4.625079710416416,8.603237048550485
2019-09-10,-0.0026663787467104457,4.610081117428009,8.581584684036786
2019-09-11,0.00996749074974908,4.665999549071315,8.670892979684625
2019-09-12,0.004067753817332218,4.689047440366052,8.70738116815425
2019-09-13,-0.0031435309761136715,4.671163743512681,8.677477233422056
2019-09-16,-0.005458215454488952,4.640209309922902,8.627771445933067
2019-09-17,0.004903296068840905,4.6678649260596865,8.672376502212483
2019-09-18,0.00012729017135998754,4.66858638955737,8.672094525170264
2019-09-19,0.0015952258261822312,4.677629064963937,8.688315688565034
2019-09-20,-0.010074250075153123,4.620431209929532,8.592386021182698
2019-09-23,-0.0006182686905290056,4.616956273285161,8.586329202210013
2019-09-24,-0.014242164927263046,4.536958655651809,8.453212689864912
2019-09-25,0.012364742520903523,4.605421723777831,8.56785222247749
2019-09-26,-0.0037874666124071933,4.584191376150561,8.529169282762055
2019-09-27,-0.012086293438693059,4.516699200560586,8.418318180559597
2019-09-30,0.008907189666366317,4.565837486672271,8.50153313791506
2019-10-01,-0.008227458579078202,4.520044789292793,8.421457046021075
2019-10-02,-0.017398949583094802,4.424001808307462,8.257957657046168
2019-10-03,0.011737356210915019,4.487665249620215,8.365363370972675
2019-10-04,0.014849021144621048,4.569151706946427,8.507234342528765
2019-10-07,-0.003436698922418112,4.550012209276382,8.47171421536969
2019-10-08,-0.015963928929562794,4.461412208809288,8.32352899357095
2019-10-09,0.011670624023074679,4.525150297333331,8.429291338111273
2019-10-10,0.006486153741440761,4.560987271606402,8.490387561280237
2019-10-11,0.013771639588084474,4.637571184064891,8.61731255224395
2019-10-14,7.882910322885809e-05,4.638015588745719,8.615412350265172
2019-10-15,0.013315100877637836,4.713086335059563,8.73865906745522
2019-10-16,-0.0033802131237479624,4.693774885652689,8.71090019374696
2019-10-17,0.002481771653020709,4.707905534762584,8.73778859055631
2019-10-18,-0.00932601974138485,4.654673495063428,8.647487089148296
2019-10-21,0.0097084624000601,4.709571680074868,8.735569293538248
2019-10-22,-0.008751868209393006,4.65960226119877,8.655002884876584
2019-10-23,0.0017254533086087612,4.669367640645765,8.673210459791703
2019-10-24,0.010658277857890064,4.7297933362382985,8.76792600946359
2019-10-25,0.008320339222511993,4.77746716047069,8.844556713081621
2019-10-28,0.010250486120158414,4.836689007408766,8.944421486830217
2019-10-29,-0.00850439635066198,4.78705149071421,8.86698137140522
2019-10-30,0.004490784409910713,4.813039891328059,8.910630339921527
2019-10-31,3.084815596604877e-06,4.813057823484179,8.911513389045249
2019-11-01,0.009337904559462078,4.867339602638509,9.006339095353587
2019-11-04,0.006978887506279367,4.908287105686461,9.067018639071629
2019-11-05,-0.00012303424709071134,4.907560184030817,9.066429540537564
2019-11-06,-0.0016552894340307954,4.89778146207729,9.049081067651288
2019-11-07,0.002764675568267133,4.914086914392474,9.078041486845184
2019-11-08,0.0038224288617679726,4.9366930909050515,9.122474124041458
2019-11-11,-0.0020316017019241413,4.924632095117767,9.105333990880645
2019-11-12,0.002905454838379785,4.941845846104147,9.132160723920677
2019-11-13,-0.0006064941059671865,4.938242151619919,9.127280305984003
2019-11-14,-0.00042297967024002904,4.935730395912821,9.124853267917851
2019-11-15,0.007134511887707318,4.978078934984687,9.195585802066784
2019-11-18,0.0018950169539998722,4.989407495918833,9.211477094229572
2019-11-19,0.0012974586883043556,4.997178504712208,9.22405650317037
2019-11-20,-0.006759643271686354,4.956639717383728,9.156633457533943
2019-11-21,-0.0019517411468739784,4.945013898550207,9.134404566710993
2019-11-22,0.0005787791531594117,4.948454748659931,9.142287950345699
2019-11-25,0.012398166497285106,5.022204681035384,9.264749801501033
2019-11-26,0.001702617707740073,5.032458193364951,9.281694765838571
2019-11-27,0.006880179475536212,5.073962588413971,9.353985058509489
2019-11-29,-0.0050121471359227615,5.043518994222749,9.303678198938995
2019-12-02,-0.011274336925586402,4.9753823248657,9.18791075815754
2019-12-03,-0.006693482271002413,4.93538620921175,9.121064837507737
2019-12-04,0.0052437668845095485,4.96650999086239,9.172303239069088
2019-12-05,0.0011981788172058046,4.973658936746087,9.186857085982794
2019-12-06,0.011025076639642504,5.039518984342798,9.295942089937807
2019-12-09,-0.004193853177478385,5.014190128459871,9.253482693359697
2019-12-10,-0.0008229961589521513,5.00924047308494,9.24312198275959
2019-12-11,0.006062807451909404,5.045673341005475,9.30236709549428
2019-12-12,0.007544527128749045,5.091285087538246,9.381179379455938
2019-12-13,0.0018435995919448835,5.102514978240051,9.406706982598694
2019-12-16,0.010366888864129913,5.165779072811154,9.50800678600801
2019-12-17,0.0010854108270814615,5.1724714761741755,9.51459103974544
2019-12-18,0.000705846662233908,5.176828294563366,9.52062331294587
2019-12-19,0.00701092591305511,5.220133580114212,9.595010173773586
2019-12-20,0.004405445844352223,5.247536041746042,9.640621008037987
2019-12-23,0.00267984756263391,5.264278485979983,9.662101552145916
2019-12-24,0.00026091869596328923,5.265912953353696,9.666392871548526
2019-12-26,0.010149705185212693,5.3295101225464405,9.763008623199191
2019-12-27,-0.0009850679120038549,5.323275125226017,9.754022475845233
2019-12-30,-0.007357109193277731,5.276754099670592,9.678924386299562
2019-12-31,0.002726289874172413,5.293866350815194,9.707541164681919
2020-01-02,0.017653751412693926,5.404976702797205,9.878151044804257
2020-01-03,-0.009238724150824704,5.345802889847603,9.782124391687656
2020-01-06,0.006745271637499116,5.388607054097652,9.849092442521352
2020-01-07,0.00019221402925798586,5.389835034000867,9.846555247818747
2020-01-08,0.007714733857814681,5.439130910683524,9.927379087750378
2020-01-09,0.008562494241138807,5.494265932024191,10.022106610969706
2020-01-10,-0.0029320987184819174,5.475224103207422,9.993918485585711
2020-01-13,0.01226496645323901,5.554642509610466,10.1214451473083
2020-01-14,-0.004422391378227198,5.525655315088604,10.075797195046833
2020-01-15,-0.0002509021506348642,5.524018014135747,10.078555900377083
2020-01-16,0.009778214394006796,5.587811260988329,10.188082728232642
2020-01-17,0.00522543420121586,5.6222354352626525,10.247830729959826
2020-01-21,-8.584042285673544e-05,5.621666979772632,10.23912476361597
2020-01-22,0.0025962039297473235,5.638858177606997,10.26603770619757
2020-01-23,0.0030069798111553997,5.658821090116184,10.300859176863502
2020-01-24,-0.007671159116018215,5.607740214008805,10.208276115990737
2020-01-27,-0.021653948727773258,5.464656546208213,9.97618925389083
2020-01-28,0.01581919891148583,5.5669222340071185,10.14630941592286
2020-01-29,0.0020118875718093637,5.580134143234756,10.159404884758336
2020-01-30,0.0036148423837739953,5.60392029102664,10.201679888705865
2020-01-31,-0.013864034951843759,5.512363309292656,10.024411518851965
2020-02-03,0.016200190738895788,5.617864837064183,10.18959139521012
2020-02-04,0.023376998134583944,5.772570651015162,10.444408839770725
2020-02-05,0.0021281912567318985,5.7869839766602515,10.485385911175722
2020-02-06,0.00862821956315847,5.845543564582514,10.58155983892584
2020-02-07,-0.004210920979634981,5.816717521569409,10.52660604559376
2020-02-10,0.013302915313408133,5.907399737474272,10.668514135146914
2020-02-11,0.0010029655679776258,5.914327621575215,10.669765370854428
2020-02-12,0.009420009689238574,5.979460654765023,10.786660719804761
2020-02-13,-0.0014604563771889126,5.969267456942432,10.765204122791712
2020-02-14,0.0024972097682635992,5.98667117971355,10.799387403379074
2020-02-18,0.0017587339506867355,5.998958875519597,10.807013355743813
2020-02-19,0.01001901822875446,6.069081572075731,10.916050465509064
2020-02-20,-0.009862101806493951,5.99936556993351,10.804598291225101
2020-02-21,-0.019560515608648854,5.862454370452186,10.582504551818884
2020-02-24,-0.040194176116557095,5.586623670894394,10.132454824179671
2020-02-25,-0.026402193286989395,5.41272235962678,9.832357015264018
2020-02-26,0.004589237521755945,5.442151865696183,9.880039273235594
2020-02-27,-0.05036355500049491,5.117702195886652,9.344127236901866
2020-02-28,0.0031002271535259295,5.136668462351524,9.374975884527098
2020-03-02,0.04883858068487685,5.436374640186418,9.8852142404393
2020-03-03,-0.0316086374921883,5.232929607420852,9.537629342375348
2020-03-04,0.041074210124280364,5.488942267805903,9.972634307655802
2020-03-05,-0.031515913533618614,5.284437324369089,9.632246708958226
2020-03-06,-0.01639361901868386,5.181412653126586,9.458975109239903
2020-03-09,-0.06923531779750333,4.753440583649858,8.74500983701756
2020-03-10,0.05423863149298014,5.065499327283199,9.265166480951947
2020-03-11,-0.04311333949117239,4.803995395602561,8.816233885288916
2020-03-12,-0.09354990881392673,4.261032155587491,7.905897645626391
2020-03-13,0.09898118559536569,4.781775355802883,8.80291810318054
2020-03-16,-0.12187786100683329,4.077104942615605,7.607626401372759
2020-03-17,0.06347015509094794,4.399349580736437,8.163744996366768
2020-03-18,-0.04073688155542344,4.179396916389651,7.797425687300324
2020-03-19,0.0191779529352069,4.278727146684928,7.936390678892648
2020-03-20,-0.037708279424304596,4.079675428433071,7.575637872031207
2020-03-23,0.005282712012055043,4.106509890836196,7.591123260935769
2020-03-24,0.07817689504505668,4.505720978618641,8.26168502236433
2020-03-25,-0.011652133245169253,4.441567584165053,8.158435925431728
2020-03-26,0.05500819313631326,4.740898384799107,8.682601911726506
2020-03-27,-0.0395877650001291,4.513629048652059,8.304034262305988
2020-03-30,0.039345957618977336,4.730568063527086,8.672645907029882
2020-03-31,-0.00879132731711717,4.6801887639676005,8.58006404351186
2020-04-01,-0.04065518206776852,4.449259655589205,8.17887477091235
2020-04-02,0.018663852832437235,4.55096383584686,8.362016165785725
2020-04-03,-0.013759416420813322,4.474585812892567,8.230149691793393
2020-04-06,0.0723367735422755,4.870599687077531,8.908852866804
2020-04-07,-0.0035240945078108027,4.849911138962746,8.869188694875833
2020-04-08,0.021663187977123334,4.976638863615564,9.090167098337982
2020-04-09,0.0011839282459917035,4.983714775182291,9.101189946111539
2020-04-13,0.013872797885220715,5.066725640861203,9.216699955623026
2020-04-14,0.04394412689522386,5.333322602261716,9.657381579744936
2020-04-15,-0.010093658003423132,5.269396209889137,9.534526996233557
2020-04-16,0.019744791297703256,5.39318412961601,9.737898896862093
2020-04-17,0.007446762448930116,5.44079265312153,9.829340878663798
2020-04-20,-0.011582974789734973,5.366189114194513,9.699497335511508
2020-04-21,-0.037555841309574775,5.127101526075081,9.302844840037135
2020-04-22,0.032469570855741044,5.3260458832162945,9.623638925703379
2020-04-23,-0.001749872583307265,5.31497610896451,9.595267605043546
2020-04-24,0.015812597100833777,5.414832281876957,9.773172967621273
2020-04-27,0.005346712363561013,5.449130544948639,9.835777857767717
2020-04-28,-0.018608990690952114,5.329118734672955,9.639529020511425
2020-04-29,0.035283688886592425,5.552433391033459,10.013683220345442
2020-04-30,0.002572644311301439,5.569290471522082,10.035446340172964
2020-05-01,-0.033159064856287286,5.351458942717092,9.689283899544922
2020-05-04,0.013851762866556651,5.43943784584828,9.831425473273164
2020-05-05,0.010872550026994134,5.509450955972985,9.949755253206845
2020-05-06,0.006068388465187999,5.548952833068919,10.016258730399857
2020-05-07,0.013199335485602674,5.6353946585919825,10.159735354667694
2020-05-08,0.013730829662740066,5.726504132394164,10.304990050730417
2020-05-11,0.00882583948570713,5.78587117816662,10.401324424016236
2020-05-12,-0.01987718596578428,5.650987154818347,10.172695522417094
2020-05-13,-0.011896424472784656,5.57186418846159,10.034919504085593
2020-05-14,0.010984690304629565,5.644054081295926,10.150588761778037
2020-05-15,0.006190341906550089,5.685183047704758,10.221971459552979
2020-05-18,0.019155954130569083,5.813244107521048,10.441797409073999
2020-05-19,-0.002654287914720092,5.795159796026417,10.40085865302081
2020-05-20,0.021087817095660447,5.938454882940809,10.629499528167392
2020-05-21,-0.011165031266425296,5.860986817232093,10.498271842931
2020-05-22,0.003001238258596017,5.881578273359693,10.542411128214987
2020-05-26,-0.002793233787555329,5.862356416414838,10.512972964478221
2020-05-27,0.004813076247608761,5.8953854610853105,10.576814722075248
2020-05-28,-0.0033935836773513793,5.871985393535525,10.545745761177113
2020-05-29,0.015059009177082059,5.97547068464155,10.715952132750713
2020-06-01,0.005123386160539777,6.011208714610493,10.769114683385721
2020-06-02,0.006230661388247615,6.054893182033562,10.84074283888319
2020-06-03,0.005462926511900802,6.093433545036322,10.898836096354122
2020-06-04,-0.007567888859764832,6.03975122833336,10.806842134015419
2020-06-05,0.020255317418187424,6.182343624008327,11.045598262039581
2020-06-08,0.00750240432828255,6.2362284699003,11.140166537077953
2020-06-09,0.007935342388372006,6.293650420409443,11.220659907100233
2020-06-10,0.01347975242397926,6.391967022343615,11.376483653488524
2020-06-11,-0.049483909702665786,6.02618359368488,10.756352079169089
2020-06-12,0.00738155923481546,6.078047784076354,10.848676511417144
2020-06-15,0.012540088325521146,6.16680712846093,10.987358927289877
2020-06-16,0.016991935751297007,6.288585054729676,11.198835722180764
2020-06-17,0.00364652660118873,6.315163074016774,11.23943203477716
2020-06-18,0.002432930004668172,6.33296035374859,11.275686739071698
2020-06-19,-0.00040813619734604177,6.329967507194522,11.27150557630554
2020-06-22,0.012324747489457085,6.420307505826619,11.42070914831408
2020-06-23,0.00823489198336332,6.4814129366204405,11.518171429768776
2020-06-24,-0.0197875876556148,6.333373822349213,11.264223264752339
2020-06-25,0.009807237130633946,6.4052939583925745,11.385765547464256
2020-06-26,-0.02628326366311049,6.210658664781303,11.076214622844471
2020-06-29,0.011666780936639387,6.294783839832187,11.213291386005459
2020-06-30,0.020178680595449642,6.441982952949008,11.453224513743004
2020-07-01,0.01294070406423723,6.53828745199422,11.603298562650455
2020-07-02,0.006863389519936299,6.590025655090505,11.680100487996885
2020-07-06,0.02704051680235729,6.795263871347303,12.001544737289137
2020-07-07,-0.007259508137443494,6.738674089839738,11.903396371566112
2020-07-08,0.013797513975325477,6.845448553744791,12.078347859990311
2020-07-09,0.009657531472522822,6.92121622006864,12.186108589598424
2020-07-10,0.008600955049799054,6.989346244717189,12.286329576383368
2020-07-13,-0.02184006538228586,6.814858400370845,11.99927694740394
2020-07-14,0.007897114600153413,6.876573232742545,12.1063264482941
2020-07-15,-8.05806725830434e-05,6.875938533173801,12.121235909566781
2020-07-16,-0.006854193565429354,6.821955325958004,12.029009660407736
2020-07-17,0.0017574876615284347,6.835702315932402,12.052010845040586
2020-07-20,0.030607123783276693,7.075530626645055,12.428249639483964
2020-07-21,-0.011555753859288873,6.9822117824403955,12.28233280624779
2020-07-22,0.0036555802240258476,7.01139139797627,12.328531541691513
2020-07-23,-0.02722730444399933,6.793262805363533,11.972768710725823
2020-07-24,-0.010492576109585918,6.711491402236251,11.8532739046262
2020-07-27,0.019102542265025987,6.858800492673853,12.087763857697377
2020-07-28,-0.01396978243720499,6.7490147595738,11.913806173710723
2020-07-29,0.011995531459757867,6.841968309904396,12.073787135770294
2020-07-30,0.0046050934000806225,6.8780813064119775,12.138192847451762
2020-07-31,0.017072697274571298,7.012581403660809,12.371603983898567
2020-08-03,0.013662473991909167,7.122053088696379,12.554537039046481
2020-08-04,0.004314710813451394,7.157097398985604,12.60537073470435
2020-08-05,0.002908167338910248,7.180819603221643,12.640805250999225
2020-08-06,0.012594139099080947,7.2838499832491035,12.814468385718847
2020-08-07,-0.011354348434844447,7.1897922641573135,12.657908266162975
2020-08-10,-0.005283022958206601,7.146525403602828,12.591429933419588
2020-08-11,-0.019329591660180546,6.9890563941018975,12.33506670388444
2020-08-12,0.027731521448548305,7.210605082848597,12.680382614708453
2020-08-13,0.00222300740144538,7.228857318718113,12.70570187812575
2020-08-14,-0.0012465979636480293,7.218599241941449,12.68863478360432
2020-08-17,0.013045680703049407,7.325816463478143,12.84081737421601
2020-08-18,0.010621934060693443,7.414252736954644,12.976251366668187
2020-08-19,-0.006938453573428219,7.355870834984193,12.877685124139495
2020-08-20,0.015293261793839337,7.483659355179112,13.071910431878372
2020-08-21,0.006787704111552578,7.541243924665272,13.167680851079751
2020-08-24,0.005805896096731402,7.590833499428717,13.254745303937277
2020-08-25,0.009099377009684849,7.669004732267448,13.372008240794028
2020-08-26,0.0230440359433861,7.868773588911203,13.678691500801856
2020-08-27,-0.004231514201010811,7.831245247524176,13.622560707756392
2020-08-28,0.005874727415568687,7.883126406093416,13.708006336999986
2020-08-31,0.011414233230733784,7.984520482710657,13.848823636381328
2020-09-01,0.01583000451271377,8.126745482496537,14.072168611495057
2020-09-02,0.009637408255316103,8.214703654753718,14.228715560148743
2020-09-03,-0.05345357203658949,7.722144829148515,13.432773994053637
2020-09-04,-0.012372272996413844,7.614232072208031,13.249791847361218
2020-09-08,-0.0503697771638174,7.180335122293503,12.570696538671939
2020-09-09,0.030711407402504408,7.431564726923273,12.972351582266876
2020-09-10,-0.020813356268712193,7.256075566359112,12.675969165121954
2020-09-11,-0.005719067137028845,7.208858515906721,12.594164691654962
2020-09-14,0.017936045262580157,7.35609297380214,12.827562657199582
2020-09-15,0.015261851210678877,7.483622421470907,13.025098650805708
2020-09-16,-0.01746991772935401,7.335414235720906,12.790583553284906
2020-09-17,-0.015220663563337582,7.208543699977943,12.586256163570631
2020-09-18,-0.011970271178693767,7.110285205907049,12.409736140431752
2020-09-21,0.004320829808828931,7.145328367982836,12.462751416433246
2020-09-22,0.01769090619817031,7.289426608094116,12.71551060818886
2020-09-23,-0.032426633618097965,7.020628408569335,12.28265130260971
2020-09-24,0.005874731541560488,7.067747447264294,12.360066273585081
2020-09-25,0.0236113975667554,7.258238239709826,12.67230286489573
2020-09-28,0.019140576435350044,7.416305679958322,12.933853035182025
2020-09-29,-0.0031949835238788507,7.389415721978928,12.882970247979651
2020-09-30,0.008263958617915347,7.45874550633385,12.999583021210391
2020-10-01,0.015618302741724956,7.5908567544669765,13.202060497845137
2020-10-02,-0.02898798580557756,7.3418251208107375,12.80050363733921
2020-10-05,0.022537523936130194,7.529829204142022,13.111157325678247
2020-10-06,-0.018938769517280504,7.368284734823009,12.844126862728519
2020-10-07,0.0186819575954004,7.52462067538521,13.103961223666618
2020-10-08,0.004375920125063995,7.561923734557164,13.162507081230796
2020-10-09,0.015468450396675002,7.6943634271452765,13.37696169737009
2020-10-12,0.030759209472537803,7.961795173031209,13.821126426442389
2020-10-13,0.0006551503331108599,7.967666496124092,13.815069008792332
2020-10-14,-0.007897305516547246,7.896846094033696,13.695145549694344
2020-10-15,-0.007703999174529949,7.8283047990693415,13.58873304152801
2020-10-16,-0.0034792378988663724,7.797589026429675,13.531841928220086
2020-10-19,-0.01757099765413976,7.6430066102841945,13.264774347273292
2020-10-20,0.0034878646558705556,7.67315224756066,13.318097343444002
2020-10-21,-0.0008816470562197542,7.665505588413453,13.30280832071746
2020-10-22,-0.00027031848530986816,7.663163142068349,13.299792184117244
2020-10-23,0.0023587933043663165,7.683597753282493,13.336158242402977
2020-10-26,-0.01592893156276637,7.5452773189518645,13.105590823473248
2020-10-27,0.008868282830437616,7.621059255080853,13.221371435156886
2020-10-28,-0.03919228162617136,7.283180272839813,12.66204033738464
2020-10-29,0.019165219218196722,7.44192923859263,12.917043371930571
2020-10-30,-0.026486900044871652,7.218328702664147,12.551925608349762
2020-11-02,0.0031106416646820337,7.243892978340707,12.590927044427108
2020-11-03,0.018783104274742314,7.398738879782696,12.830199232345949
2020-11-04,0.045294113057167774,7.779152308141205,13.43970069124787
2020-11-05,0.02584716807276564,8.00606853338614,13.808816422319003
2020-11-06,0.0015332120483532695,8.019876746169823,13.825098052128348
2020-11-09,-0.024141968889672287,7.802119162375114,13.505137325363952
2020-11-10,-0.019420887003973392,7.631174200727118,13.252440396055027
2020-11-11,0.024484253342631955,7.842502056502109,13.581817120526487
2020-11-12,-0.003137429146428111,7.814759332822689,13.501152528775812
2020-11-13,0.010220178423591244,7.904847745965155,13.636881070495019
2020-11-16,0.004882742739537235,7.948327826643451,13.729500052010106
2020-11-17,-0.002490004978778018,7.926046445803371,13.685496067812196
2020-11-18,-0.004773767333089849,7.883435576866752,13.583999898224857
2020-11-19,0.008196766393995003,7.956251023066434,13.695230561881173
2020-11-20,-0.005909765715275124,7.903321677832919,13.598382523410166
2020-11-23,0.0013009675308181161,7.91490461025221,13.597769477781222
2020-11-24,0.015392423161885181,8.052126594461052,13.810948911118123
2020-11-25,0.005468469959142921,8.101627876809221,13.899730370678588
2020-11-27,0.010323144205784916,8.195585293888914,14.029684070467328
2020-11-30,-0.0008109903723506728,8.188127762747442,14.042080284132288
2020-12-01,0.014147830865599214,8.318119840306307,14.27137132290488
2020-12-02,0.00035992094680875586,8.321473626821708,14.272695597251777
2020-12-03,0.0019885741497654517,8.340010068313726,14.285838960277013
2020-12-04,0.005014714463836363,8.386847551895675,14.36106037736132
2020-12-07,0.006738854748919681,8.450104154098154,14.444421411995553
2020-12-08,0.0040880523790434945,8.488736674867523,14.492545493867679
2020-12-09,-0.0235702429129851,8.265084846503544,14.160176579890882
2020-12-10,0.004070480150981014,8.302798190468392,14.205665283971394
2020-12-11,-0.003278240691948084,8.272301378891418,14.17338220536281
2020-12-14,0.006555217429606314,8.333083330502891,14.279806687076585
2020-12-15,0.009445013871374346,8.421234432022183,14.443747301274666
2020-12-16,0.005893857775569201,8.476761847834817,14.53232042110967
2020-12-17,0.007554662995129725,8.548355589880313,14.635188759233671
2020-12-18,0.00013954544591104453,8.549688019418818,14.618170756256747
2020-12-21,-0.005426353528091858,8.497868036142469,14.55941655896711
2020-12-22,0.00035321267715849214,8.501222803538814,14.59288861083652
2020-12-23,-0.004392992152988323,8.459484006319075,14.51390390779172
2020-12-24,0.006038628909359162,8.516606319907254,14.584857952568298
2020-12-28,0.010463573924446926,8.616184033645462,14.741614438302191
2020-12-29,0.0030030625306767303,8.645062035604994,14.747291097143647
2020-12-30,0.0017941820077299717,8.662367032372718,14.749584031478468
2020-12-31,0.0032630963083971776,8.693896266566432,14.802207772478663
2021-01-04,-0.013449436073970228,8.563518828421548,14.56481183944372
2021-01-05,0.01056507954123735,8.664558165537942,14.696886054484144
2021-01-06,-0.014524758353460518,8.524182793590539,14.477378601325036
2021-01-07,0.02661294865778742,8.777649381283746,14.865094040989957
2021-01-08,0.014439985201041516,8.918838493650457,15.06817139235146
2021-01-11,-0.019302827169383096,8.727376868486497,14.819630481359068
2021-01-12,0.0005153669080810312,8.732390036626947,14.806878653335131
2021-01-13,0.00621453939342059,8.792872357901699,14.90685418239755
2021-01-14,-0.005213105294403327,8.741821083165306,14.814971574050041
2021-01-15,-0.008302617543031052,8.660938468539147,14.69878625646292
2021-01-19,0.0172446249766543,8.827537729351636,14.934944124692535
2021-01-20,0.02435731543052508,9.066910165730839,15.302661345422635
2021-01-21,0.009013078732069775,9.157644019643243,15.435741338448047
2021-01-22,-0.0027082793386516654,9.130134282215463,15.388426668382888
2021-01-25,0.010773592151746475,9.239272217414477,15.531744044469768
2021-01-26,0.0005572939317720715,9.244978501687006,15.540204553091097
2021-01-27,-0.027844966029082475,8.959707423338852,15.077306011693679
2021-01-28,0.005487644108037596,9.014362753098316,15.18628085901224
2021-01-29,-0.021934892520530443,8.794698782447501,14.84769527920443
2021-02-01,0.027814964253261795,9.067137978952744,15.244360945580986
2021-02-02,0.016132455489940533,9.229545634309288,15.498431240781319
2021-02-03,-0.0016019705543290272,9.21315820341896,15.43252883566981
2021-02-04,0.009758428821285425,9.312822580787552,15.62688824714002
2021-02-05,0.0031229169108150687,9.34502866882333,15.679696380770796
2021-02-08,0.005794202113912691,9.404969855804715,15.791343723878036
2021-02-09,-0.0009269486586371878,9.395324982953717,15.781609229809057
2021-02-10,-0.002989793979080186,9.3642451029091,15.742606596376966
2021-02-11,0.006042210995132807,9.426868058626148,15.839565988839169
2021-02-12,0.004638464095594436,9.475232711745587,15.929500501018136
2021-02-16,-0.0015155651752052158,9.459356813845496,15.887898410436751
2021-02-17,-0.004208661929385015,9.41533691701721,15.797094618713615
2021-02-18,-0.00561259045868271,9.356879896412794,15.720831503002003
2021-02-19,-0.0046839952024097,9.308368320666062,15.651275968566456
2021-02-22,-0.028364574713433753,9.015975837260935,15.213512297955752
2021-02-23,-0.0023022459186027907,8.992916597768776,15.177918533479922
2021-02-24,0.008652888429780514,9.079384190177372,15.309699396608057
2021-02-25,-0.0373109105776067,8.70331318798032,14.728678217647676
2021-02-26,0.0062204950226633395,8.763672599369496,14.828152055072346
2021-03-01,0.03042170283374876,9.06070014575353,15.286109113441146
2021-03-02,-0.018357447725988907,8.876011368741011,15.012690762932007
2021-03-03,-0.02944825687748008,8.585180049029413,14.550920129703465
2021-03-04,-0.01761502536085305,8.416336859377417,14.282001438322398
2021-03-05,0.015025287773316945,8.557820030460055,14.53274907410804
2021-03-08,-0.032528037356049214,8.246922903466855,14.079794563859805
2021-03-09,0.04559462353510183,8.668532872108537,14.68721262550711
2021-03-10,-0.004765091021919811,8.622461432924517,14.635201930135858
2021-03-11,0.025802901524095877,8.870748857697679,15.00404705903484
2021-03-12,-0.009865584626573819,8.773368149514406,14.86229821766264
2021-03-15,0.01049888630955465,8.875977630577582,15.040387972870946
2021-03-16,0.0047024524189715295,8.9224189454762,15.12589586456123
2021-03-17,0.004579176686912068,8.9678554549891,15.187322557639547
2021-03-18,-0.03261216426638433,8.642782115507421,14.68065231886456
2021-03-19,0.006701139295119043,8.70739974165592,14.776104241704028
2021-03-22,0.016675094093084437,8.869271545747216,15.045255219905439
2021-03-23,-0.005059048304804722,8.819342424264045,14.960998563922669
2021-03-24,-0.017914479689783533,8.643434013837537,14.692594735081535
2021-03-25,-0.0012432371637278881,8.631444938285576,14.670071294991555
2021-03-26,0.014653552804697347,8.772579825274278,14.9135857107685
2021-03-29,-0.0008842742077386813,8.76393818499172,14.89718075342052
2021-03-30,-0.004041378299063325,8.724478417097497,14.812323025356246
2021-03-31,0.016030453310660005,8.8803662143333,15.051300664008053
2021-04-01,0.018919052970358608,9.067293386108814,15.343207369119785
2021-04-05,0.021449364572689575,9.283230432207688,15.672585290945992
2021-04-06,-0.001496326391320028,9.26784336312395,15.64843105369464
2021-04-07,0.0025826771908481054,9.294361887977091,15.695317070761437
2021-04-08,0.010563289279343871,9.403104210546045,15.86918854520652
2021-04-09,0.006482550887969396,9.470542862983757,15.975306504105824
2021-04-12,-0.0021757034574812644,9.447762066675057,15.9437837457597
2021-04-13,0.012925323379086726,9.582802769974588,16.14871340491022
2021-04-14,-0.013850893332797026,9.436221497645642,15.924853567256559
2021-04-15,0.015544115355525355,9.59844332848086,16.197389467319343
2021-04-16,0.001603535680289704,9.615438310513607,16.216663286634024
2021-04-19,-0.009821989585977239,9.511173585977158,16.052072508809932
2021-04-20,-0.007487437734212987,9.432471828238649,15.93146176808887
2021-04-21,0.010427088966041897,9.541252140127419,16.085766071306985
2021-04-22,-0.012761729880453527,9.40672752771336,15.873909714962238
2021-04-23,0.013840542691741543,9.550762284342,16.093478233213293
2021-04-26,0.006426666762659372,9.6185685176355,16.197352349322276
2021-04-27,-0.004933153876672142,9.566185485188019,16.116577600935152
2021-04-28,-0.0033520612462732535,9.530766984302184,16.044654896170652
2021-04-29,0.00489484367172507,9.582313442433708,16.128740330425025
2021-04-30,-0.0072064234758509255,9.506052810413342,15.994556376325619
2021-05-03,-0.0054993579035786284,9.448276265854982,15.919715718049915
2021-05-04,-0.01863066880426438,9.253617891170382,15.607001382196398
2021-05-05,-0.003012391314277103,9.222729981695105,15.55636405271655
2021-05-06,0.008501631964869001,9.309639869675708,15.691675914984835
2021-05-07,0.007185468654228782,9.38371946379565,15.82151826078238
2021-05-10,-0.029190059344160257,9.080618076434343,15.379451297221625
2021-05-11,-0.0009202764488597808,9.071341121028649,15.36987485397886
2021-05-12,-0.026949157279630216,8.79992696514124,14.94118473761843
2021-05-13,0.007068285828651134,8.869195650030765,15.073014692291068
2021-05-14,0.022737942242243125,9.09360085069856,15.42118749153434
2021-05-17,-0.004922687445563171,9.043913208510302,15.322842759633293
2021-05-18,-0.00726674315963215,8.97092667090642,15.206081514414294
2021-05-19,0.0016718222553329663,8.987596288021134,15.230885915291655
2021-05-20,0.019620120614131625,9.183554131837361,15.544985590584016
2021-05-21,-0.007015033483941372,9.112116158616992,15.444017454438796
2021-05-24,0.018177614160990577,9.29593030449945,15.726030417300592
2021-05-25,0.0019470256583566476,9.315976744978963,15.745623930331927
2021-05-26,0.002703210302435793,9.343862999595679,15.800810010484351
2021-05-27,-0.0032864210442091787,9.30986871055539,15.745770007610698
2021-05-28,0.0021505896333010276,9.332041007325005,15.780909974638544
2021-06-01,-0.0005074890250683137,9.326797609907231,15.741773237475122
2021-06-02,0.0008849701821897002,9.335936517869508,15.767766611613308
2021-06-03,-0.012018850721068633,9.211710439798791,15.58862198687551
2021-06-04,0.01817172456891543,9.397274829288333,15.884220136663092
2021-06-07,0.0023818588374224883,9.422039670225583,15.923602331549041
2021-06-08,0.0007795004367575184,9.430163654700428,15.933375140969826
2021-06-09,9.230946571834038e-05,9.431126457534749,15.938377689090387
2021-06-10,0.010700967707766101,9.542749604912453,16.11666261312197
2021-06-11,0.0019917147737987246,9.563747755057017,16.163193015829787
2021-06-14,0.009709000445234369,9.666311186714209,16.3224627491714
2021-06-15,-0.0069758726642439916,9.591904358078489,16.202563237168295
2021-06-16,-0.002672245380935374,9.563600190582305,16.14444603260248
2021-06-17,0.013193480875468235,9.702970847672846,16.366123092557775
2021-06-18,-0.008456371265787103,9.612462552538029,16.22606731079364
2021-06-21,0.005622222573254224,9.672128179058724,16.333534688489465
2021-06-22,0.009096758592704757,9.769209952774021,16.49683711260898
2021-06-23,0.0016788573040511044,9.787289919562097,16.501521164367634
2021-06-24,0.006592473414637489,9.858404841572796,16.61397791928184
2021-06-25,-0.002545723007307531,9.830762350544944,16.58849940768359
2021-06-28,0.013003528150267358,9.971600473659112,16.808951573735737
2021-06-29,0.0036523227689214885,10.01167229988057,16.867521378394795
2021-06-30,-0.002096485261899487,9.988586491195003,16.845512800844748
2021-07-01,0.0003291000691411762,9.99220283576902,16.85194977994866
2021-07-02,0.011821664186340657,10.122148966361623,17.057418248733995
2021-07-06,0.004251360939637596,10.169433236042043,17.129427163040063
2021-07-07,0.0013435086998902365,10.18443946676751,17.15907366650229
2021-07-08,-0.005569315270621215,10.122149797251902,17.05068672036305
2021-07-09,0.00719994855030873,10.202228703560943,17.17813914609151
2021-07-12,0.004556382973066998,10.25327034768625,17.241650433779185
2021-07-13,-0.0004083573714620252,10.248674991786718,17.237543507007157
2021-07-14,0.0015278699000169308,10.265861503721743,17.26929974952837
2021-07-15,-0.00697922361647476,10.187234537055033,17.139640599006658
2021-07-16,-0.008382577341868865,10.093456678306543,17.000711528056655
2021-07-19,-0.009326677308241589,9.989991587635021,16.838511867656393
2021-07-20,0.012147599530180268,10.123493604281663,17.058129477451953
2021-07-21,0.007999090278554496,10.212471433835235,17.198418743391176
2021-07-22,0.006983965993260526,10.290778953029545,17.318011732579812
2021-07-23,0.011272066425578686,10.41804936338462,17.528433657941207
2021-07-26,0.0013288665059840096,10.433222426747294,17.545795301729665
2021-07-27,-0.012427075129548392,10.291140912677267,17.338609826241388
2021-07-28,0.005842209460249345,10.357106122934319,17.413560641153545
2021-07-29,0.0023061723155835003,10.383297566660174,17.450663072606858
2021-07-30,-0.00788915901786101,10.293492922009161,17.34220308782823
2021-08-02,0.0013876721000837047,10.309164587049525,17.34676381204825
2021-08-03,0.006417744385506259,10.381743914582827,17.466675297598798
2021-08-04,0.0020558509593569833,10.405143083728777,17.49361218727528
2021-08-05,0.005973762055265479,10.473274694717231,17.614075653362825
2021-08-06,-0.005697892691499919,10.407901206686631,17.52545463933806
2021-08-09,0.0027441979625805087,10.439206745935339,17.55457430671291
2021-08-10,-0.005290929720087569,10.378682706989043,17.45706293371371
2021-08-11,-0.002506755407656556,10.35015913258129,17.42540487428151
2021-08-12,0.004694830352930898,10.403446204187528,17.50046704318486
2021-08-13,0.002754423566974451,10.434856125157069,17.558950638302345
2021-08-16,-0.0005748493399585762,10.428282805661,17.56396515997035
2021-08-17,-0.010400741961358486,10.30942018513789,17.39483880237587
2021-08-18,-0.008908658182452574,10.208668426466767,17.217165726618486
2021-08-19,0.003849313273931848,10.251814102623866,17.310373806667638
2021-08-20,0.011102706587931707,10.37673969318725,17.504868519223923
2021-08-23,0.015593328269109372,10.554140929855327,17.774915118773865
2021-08-24,0.004642987928909663,10.607786666721566,17.82991680629571
2021-08-25,0.0008505395769463782,10.617659548682365,17.843698359399518
2021-08-26,-0.005744051541846609,10.550927113439107,17.7328592307445
2021-08-27,0.010448723209933865,10.671619553665554,17.922205317901447
2021-08-30,0.012074095178940833,10.8125437990489,18.13326423598667
2021-08-31,-0.0008232952916587329,10.802818587356631,18.105578999595167
2021-09-01,0.0027442161552077176,10.835208072801043,18.14120988206806
2021-09-02,-0.0011573033781257837,10.821511146517569,18.132234510906798
2021-09-03,0.002974330847790448,10.856672231788156,18.191835238000465
2021-09-07,0.003590503588969431,10.899243655989626,18.219912009393266
2021-09-08,-0.0037351872861926946,10.854797752370464,18.15258714684585
2021-09-09,-0.003789910642479952,10.809869128204308,18.079267129095065
2021-09-10,-0.0081101900864123,10.714088844678919,17.931768590242026
2021-09-13,0.0005610969020116488,10.720661583639556,17.924105519880225
2021-09-14,-0.0022195291961081367,10.694647233056966,17.860839689915075
2021-09-15,0.007490318985009767,10.782243871249724,18.0087429346716
2021-09-16,0.00040116663286063597,10.786970514351097,18.02392180076169
2021-09-17,-0.012200989334702188,10.643157812817051,17.800233184836422
2021-09-20,-0.021991670066763946,10.387105327662313,17.406315447597418
2021-09-21,0.0019017035997991798,10.408760226855222,17.42541684782896
2021-09-22,0.009587321725069493,10.51813968163426,17.607785948892435
2021-09-23,0.008806831253416903,10.619577994163697,17.779524934538397
2021-09-24,0.001468295959085504,10.636638973578806,17.79558625107484
2021-09-27,-0.00765557658834206,10.547553792685688,17.642497262921918
2021-09-28,-0.029787559347887987,10.203580348763134,17.109735466919737
2021-09-29,-0.002215246432623206,10.17876165736293,17.08838902654314
2021-09-30,-0.004365740471324573,10.12995808517609,17.01081480738681
2021-10-01,0.006902840753084795,10.20678641342657,17.13618263850591
2021-10-04,-0.0221506710945814,9.958548573555536,16.74413995879606
2021-10-05,0.014365139401002158,10.115969651447315,16.991847510886604
2021-10-06,0.007033328161549271,10.194151913839768,17.10538308242518
2021-10-07,0.009670639567928727,10.302406522267152,17.265240716946114
2021-10-08,-0.004494192606105205,10.251611330443584,17.17159201035116
2021-10-11,-0.006761235259102794,10.175536539194468,17.040376298662206
2021-10-12,-0.003535921600527311,10.136020718148048,16.97708532424743
2021-10-13,0.008361682242505301,10.229136584839157,17.1150074198577
2021-10-14,0.017949598868672447,10.430695082178554,17.455640476277804
2021-10-15,0.007651946649976208,10.51816215111953,17.57150610014827
2021-10-18,0.011473203272354059,10.65031236680326,17.760287035866035
2021-10-19,0.006706197596938868,10.728441663601103,17.89494873450831
2021-10-20,-0.0021514746540705672,10.70320821863012,17.867962753287323
2021-10-21,0.0074347706979413205,10.7902188881659,17.991650695700546
2021-10-22,-0.010004667172796529,10.67226167229538,17.826717474419663
2021-10-25,0.011695837693488751,10.808778550330477,18.021813259057453
2021-10-26,0.0025993089750537663,10.839473214400773,18.077354953568854
2021-10-27,0.005864677565889504,10.908907907353218,18.12504918508787
2021-10-28,0.012216837084798116,11.054397095115217,18.345464233142955
2021-10-29,0.004946881146636049,11.114028764839105,18.434122365164786
2021-11-01,0.004115240845783912,11.163880910819172,18.50132509752831
2021-11-02,0.0032936544691372725,11.203944531543145,18.583730643076805
2021-11-03,0.012114204029963662,11.351785605568619,18.79463031298107
2021-11-04,0.012676112345633553,11.508358227573986,19.041982250712636
2021-11-05,0.0006940663976160063,11.517039858709088,19.058092658793583
2021-11-08,-0.0027769068142064353,11.482281205431747,19.029463906863786
2021-11-09,-0.008692697303847374,11.373776513251425,18.88712716431227
2021-11-10,-0.013917106112784025,11.201569352500629,18.599768012518368
2021-11-11,0.003579218548354634,11.245241435846133,18.657270974100495
2021-11-12,0.010516369445917386,11.374016918739946,18.86254307670781
2021-11-15,-0.0009378202975668809,11.362412314511117,18.849338648590628
2021-11-16,0.007988486264982747,11.461169275487643,18.997265840442033
2021-11-17,0.0009371847547322598,11.47284769335877,18.995182443187417
2021-11-18,0.011991892417981043,11.622420741043388,19.209626283134018
2021-11-19,0.00571653487939422,11.694577249471951,19.32042709643723
2021-11-22,-0.012051071062735322,11.541593996927181,19.08457694837683
2021-11-23,-0.00591380218463828,11.467425490949307,18.993526501576426
2021-11-24,0.0038833740991083827,11.515841168183423,19.068428224944075
2021-11-26,-0.02241008722780743,11.235360075875048,18.648823636381355
2021-11-29,0.024251989029715718,11.532091894209792,19.106965087380736
2021-11-30,-0.015779491995679698,11.334341850475985,18.784110354200013
2021-12-01,-0.016033263432329126,11.1365820983229,18.46753335194225
2021-12-02,0.004884158285968271,11.195859086341757,18.606130755628158
2021-12-03,-0.019221982548858055,10.961430495815764,18.264394935488802
2021-12-06,0.008359567281569549,11.061422878829353,18.428838438679378
2021-12-07,0.03186071903726518,11.445708484361377,19.01674919683692
2021-12-08,0.004581455290979994,11.502727941347048,19.100956761275185
2021-12-09,-0.015567783718156529,11.308088176869205,18.800846978812093
2021-12-10,0.011103332872745612,11.444748976924089,19.0244984767403
2021-12-13,-0.016200808518960295,11.243133981682414,18.71867372008394
2021-12-14,-0.010757151049258727,11.111432740125144,18.513120239111778
2021-12-15,0.023675309284300883,11.398174656123615,18.97252370201137
2021-12-16,-0.02730119397612121,11.059689684886955,18.45063867650397
2021-12-17,-0.00388701612181976,11.012813476657655,18.37403191998082
2021-12-20,-0.011685666535347958,10.8724357442181,18.160912354381118
2021-12-21,0.02373616774376484,11.15424187056993,18.60063848941729
2021-12-22,0.014189410120785563,11.32670339317867,18.838327774364522
2021-12-23,0.009123210287010446,11.439162500380245,18.99535366491582
2021-12-27,0.015528893583497533,11.632328931116485,19.313266915067924
2021-12-28,-0.004644841644574107,11.573653763629276,19.216602071872753
2021-12-29,-0.0007233307544357589,11.564558853166416,19.21948290738689
2021-12-30,-0.003906791638137515,11.515471739701978,19.143575406034252
2021-12-31,-0.0072021585694370185,11.425333327661336,19.009907511829525
2022-01-03,0.01720774451078577,11.639145289025082,19.23267536195663
2022-01-04,-0.015884500577376275,11.43837877838402,18.96043520851562
2022-01-05,-0.033261902457402286,11.024654636729188,18.3376419146002
2022-01-06,-0.001043008678694828,11.012112817584773,18.329770504512936
2022-01-07,-0.010502530076021595,10.885955241441524,18.11744837717276
2022-01-10,0.0025577663410105774,10.91635673768884,18.144715736758595
2022-01-11,0.014799121070226854,11.092708343765912,18.426337164619095
2022-01-12,0.006287675406931804,11.16874336862221,18.501103586900673
2022-01-13,-0.029185341235297747,10.813594441004204,17.99904436124495
2022-01-14,0.008777661257446945,10.917290171240197,18.141233829162957
2022-01-18,-0.025888794218752852,10.608765898351793,17.649779574475126
2022-01-19,-0.012008359392994819,10.469363665335242,17.450024882528307
2022-01-20,-0.013079784194896683,10.319346863739868,17.20311476869729
2022-01-21,-0.03013028881095332,9.978291673584026,16.702796496839394
2022-01-24,0.0034353063597598794,10.016005468789588,16.79006928942238
2022-01-25,-0.025181756684778865,9.738603099436336,16.348112482498077
2022-01-26,0.003283212696023076,9.77386021746996,16.377096848786856
2022-01-27,-0.017359828640378938,9.586827850299287,16.169091185298917
2022-01-28,0.03152259279180316,9.920552113581193,16.722671388235582
2022-01-31,0.036942595622604116,10.323985654288798,17.30560354536744
2022-02-01,0.005544794392353231,10.386774826443787,17.415497961129418
2022-02-02,0.008486976727437827,10.48341411939639,17.56270314807017
2022-02-03,-0.04322653674105429,9.987025897051561,16.7796846317274
2022-02-04,0.019694229205968403,10.203406903360005,17.016613596412167
2022-02-07,-0.009424735371077658,10.097817758041332,16.865682241507987
2022-02-08,0.01331604817402589,10.245596833933972,17.08120489807896
2022-02-09,0.02009652143744207,10.471594211783955,17.461206978482824
2022-02-10,-0.023224832585086185,10.205168356731228,17.030456214607913
2022-02-11,-0.03270860615882221,9.838662918007609,16.47650842376483
2022-02-14,0.0029646896631697296,9.870796189923206,16.494593269818687
2022-02-15,0.025714799557785818,10.150336534980623,16.926459968315033
2022-02-16,-0.00016530392773617483,10.14849334055581,16.905394906303282
2022-02-17,-0.0305402708829941,9.80801533399798,16.37584681043408
2022-02-18,-0.012905870700586587,9.668528485567446,16.176974568933613
2022-02-22,-0.012016900000685988,9.540325845601911,16.006535910539668
2022-02-23,-0.028367094058136394,9.241327430936316,15.563793638903281
2022-02-24,0.0367100489786273,9.617287062532148,16.13422062308847
2022-02-25,0.015083483624263264,9.777432738073953,16.397205224358117
2022-02-28,0.0068857415428183084,9.85164335440344,16.456853845641547
2022-03-01,-0.01654233872794757,9.672131794280016,16.172622184439057
2022-03-02,0.016312081302130105,9.846216475775359,16.464064315910104
2022-03-03,-0.0176676056181385,9.654589800632403,16.20844823573523
2022-03-04,-0.015039510848398774,9.494349981740553,15.966442486935765
2022-03-07,-0.03900753829283529,9.084991222969393,15.330775234812517
2022-03-08,-0.002365944454557111,9.061130693911151,15.267301065121906
2022-03-09,0.03769667201131074,9.440401837742451,15.849191523626459
2022-03-10,-0.010214362247513783,9.33375979136214,15.663806285962767
2022-03-11,-0.02274508941655593,9.098717500898399,15.309257572707526
2022-03-14,-0.02214202030749225,8.875111492913879,14.99637081777087
2022-03-15,0.03343283124068782,9.205264428939445,15.50142223293193
2022-03-16,0.0406067154594981,9.619666697794326,16.11229825508
2022-03-17,0.012521226664116387,9.752637951614776,16.31069155468285
2022-03-18,0.0234021729071627,10.004273044166585,16.68033412184136
2022-03-21,-0.0018527191626108639,9.983885216627055,16.626398080041703
2022-03-22,0.02318309601935365,10.23852568226968,16.967545999001743
2022-03-23,-0.012514547412339847,10.097880619774118,16.71401451343623
2022-03-24,0.02103668403566709,10.33134322783786,17.104083952527915
2022-03-25,-0.0007988494438798094,10.32229119060189,17.09012998034097
2022-03-28,0.018828689594304043,10.535475096926055,17.375920597420187
2022-03-29,0.015497856615996078,10.714250235975607,17.68479741131908
2022-03-30,-0.011347432568928775,10.581323571327315,17.479095458358657
2022-03-31,-0.01664346229507584,10.388570249140857,17.193343156631247
2022-04-01,0.002210274225069562,10.413742112422927,17.221199614751146
2022-04-04,0.023115386083503314,10.677575168009124,17.587028607049913
2022-04-05,-0.024345740028122582,10.393275958809914,17.171456709265094
2022-04-06,-0.024495148145077986,10.11419597634111,16.776961847039466
2022-04-07,0.0014626548686475318,10.130452209197008,16.817324675460775
2022-04-08,-0.015711432333547926,9.955576862470421,16.56652794813063
2022-04-11,-0.025271338531091217,9.67871477077554,16.153274129130256
2022-04-12,-0.0032371578075193613,9.644146085881053,16.092006684232896
2022-04-13,0.02165749764283011,9.87467165464596,16.43169502775996
2022-04-14,-0.02456915375069445,9.607490174774645,16.03434327711507
2022-04-18,0.0028676671135806383,9.637908925506474,16.055860939220064
2022-04-19,0.02204557576873646,9.872427752744647,16.423075270957675
2022-04-20,-0.016709541076846322,9.690754474605116,16.163475591549407
2022-04-21,-0.019672913206633096,9.480436189712785,15.82252403876739
2022-04-22,-0.02561378718513799,9.211992527542064,15.376741683435906
2022-04-25,0.013085591684111539,9.345622492038677,15.59296239782265
2022-04-26,-0.04321538480323629,8.89853243501621,14.951091650770572
2022-04-27,-0.0005973765176371288,8.89261928418046,14.943306450224876
2022-04-28,0.03479773310523897,9.236860009743111,15.49835700478721
2022-04-29,-0.0465967808836943,8.759855286932059,14.7611576624343
2022-05-02,0.018125455323825087,8.936757107902343,15.03218489551961
2022-05-03,0.000971018054015343,8.946405878452483,15.049412435576738
2022-05-04,0.03421883911201104,9.286760340950009,15.596015652419926
2022-05-05,-0.0538764786188076,8.732545917384018,14.755946774588272
2022-05-06,-0.012352761051002399,8.612322103248664,14.563426500004896
2022-05-09,-0.04337939255453092,8.195345409371246,13.94325661033365
2022-05-10,0.013256358844975885,8.317242207821373,14.137151448163175
2022-05-11,-0.032657774637583264,8.012961811554565,13.673320167420156
2022-05-12,-0.0023468026446815155,7.991810168938795,13.646273121107223
2022-05-13,0.03933958092761407,8.345544212765505,14.188083326910055
2022-05-16,-0.014170698719113035,8.213111321360255,14.011746499047012
2022-05-17,0.027884945127807287,8.470018425012768,14.404732694295161
2022-05-18,-0.05212555898290172,7.976388421030599,13.625196085548035
2022-05-19,-0.0037063757634371386,7.943118552543693,13.560605981235986
2022-05-20,-0.005763308907120097,7.891576597732387,13.511550357373004
2022-05-23,0.016841015912297242,8.041319780700206,13.755125838241893
2022-05-24,-0.025585112081547484,7.80999660074588,13.430897739169769
2022-05-25,0.015843419076713737,7.9495770689559215,13.644347774678822
2022-05-26,0.030131954850191524,8.21924532112601,14.052464941827301
2022-05-27,0.0358665511181094,8.549907854706566,14.54857810382416
2022-05-31,-0.00025539276958147706,8.547468877290305,14.500367812410467
2022-06-01,-0.007009848014265398,8.480542571539571,14.385434927885603
2022-06-02,0.028721635864952435,8.75283926308151,14.807859286870515
2022-06-03,-0.02963225003832187,8.463840691454317,14.385030221982118
2022-06-06,0.0064309364573421094,8.524702049583468,14.448296051947269
2022-06-07,0.008065482812539474,8.601523370258942,14.585679337922727
2022-06-08,-0.005980306113194316,8.544103321351804,14.46730046644454
2022-06-09,-0.028016137623508026,8.27671440920783,14.04387032947464
2022-06-10,-0.036246549882127235,7.94046551763223,13.508117541321864
2022-06-13,-0.04799219865283693,7.511392920461185,12.84051085140157
2022-06-14,0.0035903875354765485,7.541952119512352,12.869164747780992
2022-06-15,0.02750218651059163,7.776874479867724,13.215019468239818
2022-06-16,-0.04225379495355837,7.406018225262272,12.643416681695989
2022-06-17,0.013043491989432129,7.5156620566465016,12.813132137824537
2022-06-21,0.028383584183422243,7.757367067508904,13.157381205571617
2022-06-22,-0.0022805287397879683,7.737395640226577,13.13402440657979
2022-06-23,0.014987779380788541,7.868349798444955,13.342422802423771
2022-06-24,0.036178535885718864,8.189193709875104,13.842876375367746
2022-06-27,-0.009173387006960658,8.10489767969249,13.723198373992284
2022-06-28,-0.03284998772065634,7.805801902716761,13.268967483586913
2022-06-29,0.0012512152086758329,7.816819855982027,13.294090380826187
2022-06-30,-0.01423652573320989,7.691298973217263,13.104610189937906
2022-07-01,0.007477850461380437,7.756291207254131,13.205100581540258
2022-07-05,0.018563120968749833,7.91883530017199,13.44323288774278
2022-07-06,0.0055438879972142885,7.968280324141745,13.53235679076004
2022-07-07,0.02371999185685949,8.18100786040042,13.84680010686394
2022-07-08,0.0020991901497615516,8.200280541665856,13.867203031702243
2022-07-11,-0.02548173681469154,7.965841414281799,13.541785959369294
2022-07-12,-0.01078515558007805,7.869143419722462,13.400429850353136
2022-07-13,-0.0003043433082045511,7.8664441552731645,13.38024843614248
2022-07-14,0.003165943860233302,7.894514819708654,13.429132838277065
2022-07-15,0.017463757254523572,8.049846467416808,13.693011863540502
2022-07-18,-0.007974077148310355,7.9776822935052625,13.562898915570804
2022-07-19,0.031475018895229974,8.260255013328711,14.018906680416318
2022-07-20,0.016069106889003915,8.409059040957326,14.252182515777049
2022-07-21,0.018030972785000255,8.578713528457289,14.472548472287627
2022-07-22,-0.019379495197176508,8.393082895637422,14.199203160417875
2022-07-25,-0.005722925047683338,8.339326986259012,14.11575591624207
2022-07-26,-0.022857196006440855,8.125856158765847,13.819642903914556
2022-07-27,0.045497088896318455,8.541056047676232,14.450551868285022
2022-07-28,0.010128117679153519,8.637688986110495,14.59326936964514
2022-07-29,0.023181606998522276,8.861106104560495,14.87539248914339
2022-08-01,-0.0008425731327497346,8.852797401497599,14.86657756351783
2022-08-02,-0.002492216565689447,8.828242096595204,14.818538493832532
2022-08-03,0.027960180821402395,9.103041522772527,15.249705937158364
2022-08-04,0.004951103812431328,9.153062730173078,15.320549825298492
2022-08-05,-0.010569943285570834,9.045745432940306,15.193833772737612
2022-08-08,-0.004041024952864927,9.005150324975665,15.134331228732954
2022-08-09,-0.012317482125338454,8.881912064686453,14.94920342233923
2022-08-10,0.029515226244512315,9.17357893500405,15.40304158038856
2022-08-11,-0.007475885474224386,9.097522424022978,15.297193026306665
2022-08-12,0.021726201030914626,9.31690322612147,15.6329947563346
2022-08-15,0.007927927287598948,9.398694884731356,15.757209534835198
2022-08-16,-0.002471966852183228,9.372989655670333,15.718011732579832
2022-08-17,-0.01249526486567289,9.243376402473848,15.516504113287752
2022-08-18,0.0021181664132703757,9.265073578328053,15.559576555494807
2022-08-19,-0.020695139244337777,9.052636451271182,15.237004398033676
2022-08-22,-0.026832603350842903,8.782898044743996,14.804978451356373
2022-08-23,0.0011624383204363285,8.794270060316128,14.794250152849848
2022-08-24,0.00297549686739362,8.823412880199006,14.838475647675404
2022-08-25,0.018802644772713914,9.00811902304109,15.115228631146671
2022-08-26,-0.04147956398173616,8.592986609688026,14.455088645410157
2022-08-29,-0.009230055355577572,8.504442812255292,14.30691599583623
2022-08-30,-0.011545964209290799,8.39470485571574,14.13327680821149
2022-08-31,-0.00566715107197938,8.341463644021742,14.046629034804889
2022-09-01,0.00022693873070630597,8.343583583924055,14.04980441958606
2022-09-02,-0.014062595264075257,8.212188549667273,13.83379204492478
2022-09-06,-0.007379889973566039,8.144203611754984,13.72696165995278
2022-09-07,0.021520296580041558,8.340989585468238,14.031130474998143
2022-09-08,0.005098589669471565,8.388615458471348,14.106903872619448
2022-09-09,0.02298286238205711,8.60439271551145,14.434392368659573
2022-09-12,0.01279633848354701,8.727293775628047,14.620058984688113
2022-09-13,-0.05615196412939346,8.181087124462907,13.754316426434931
2022-09-14,0.00984036287319099,8.271432353338003,13.877882238664265
2022-09-15,-0.016240163663703126,8.120862774522841,13.624191504917793
2022-09-16,-0.006305261063425809,8.063353353605793,13.543134180811075
2022-09-19,0.008299358386428837,8.138573371270208,13.655799275450741
2022-09-20,-0.008931122685065431,8.056955651324921,13.53106963441021
2022-09-21,-0.019274657934099795,7.882385929221321,13.268992628036541
2022-09-22,-0.012520163566356515,7.771177004527967,13.102072995235305
2022-09-23,-0.018533329478577984,7.608617891188123,12.868612767243993
2022-09-26,-0.0033955164321979423,7.57938718768008,12.798566317363392
2022-09-27,0.002015590722788612,7.596679720902779,12.820194136104837
2022-09-28,0.02034484455378259,7.771577833503201,13.092484578445097
2022-09-29,-0.030688209695457734,7.502393813588627,12.689039489507831
2022-09-30,-0.016881629600515678,7.358859550509909,12.451716595112273
2022-10-03,0.0203848262484882,7.529253450082569,12.768674356178638
2022-10-04,0.03298196390402929,7.810564979501509,13.201251086038196
2022-10-05,-0.0020630790205459757,7.792388087733142,13.18977444081665
2022-10-06,-0.007780439492391825,7.723979444222907,13.082271142478504
2022-10-07,-0.04001449809920146,7.374893785334578,12.535397323463163
2022-10-10,-0.011495387979777769,7.278621131982726,12.397462056950706
2022-10-11,-0.01326073875760199,7.168840499878339,12.231179416873298
2022-10-12,4.751157388344909e-05,7.16922861434729,12.224154536590063
2022-10-13,0.021116154683580444,7.34173130941338,12.528176077001909
2022-10-14,-0.03379984754641577,7.059782062882045,12.109440767983356
2022-10-17,0.03749738339419695,7.362002800967604,12.56367165838873
2022-10-18,0.008375070523716974,7.432035164145226,12.668146846579221
2022-10-19,-0.004756952823938832,7.391924370659593,12.613757007331579
2022-10-20,-0.005580612966410851,7.345092288703551,12.544274511535416
2022-10-21,0.024797712181865134,7.552031485409925,12.867496832622555
2022-10-24,0.008019446366370149,7.6206140432306775,13.014541574027607
2022-10-25,0.02136726358071334,7.804812975719987,13.308473006011498
2022-10-26,-0.02488695925391397,7.58568795395491,12.98467475729248
2022-10-27,-0.019773599533783583,7.415917998631375,12.72195956084024
2022-10-28,0.027151813800747025,7.644425437092568,13.156707094850729
2022-10-31,-0.012237776927018641,7.538636886931183,12.984270051388997
2022-11-01,-0.01244806441144299,7.43234738497674,12.841283145211468
2022-11-02,-0.035046074923301376,7.136826706743541,12.372167937983036
2022-11-03,-0.019081286062925733,6.981565588707714,12.10765072264103
2022-11-04,0.01682927461701003,7.1158895478737545,12.311709904892641
2022-11-07,0.009179788124872324,7.190391694368101,12.458803737842198
2022-11-08,0.006342260342369201,7.242337290799762,12.559956266618
2022-11-09,-0.026110595431914563,7.027124956386308,12.238781422143155
2022-11-10,0.07894097237899703,7.660794005851157,13.229966047509567
2022-11-11,0.019087988444098522,7.826111141751561,13.48873236801599
2022-11-14,-0.010037446412982137,7.737519524131205,13.346420769914097
2022-11-15,0.01563593613055439,7.874138821349993,13.555113715025112
2022-11-16,-0.015173518207496262,7.73948691436839,13.344151782674157
2022-11-17,-0.002036572216635116,7.721688318130941,13.316896396635762
2022-11-18,-0.0009676537486784962,7.713248743735097,13.31709156545904
2022-11-21,-0.012661964806601145,7.602921894790763,13.165584282922982
2022-11-22,0.014403480462253149,7.7268339122206715,13.375723632564785
2022-11-23,0.011455455855081235,7.826803772856742,13.51535076133056
2022-11-25,-0.007281839479321596,7.762528404667329,13.413965945734414
2022-11-28,-0.012665442987903716,7.651547100728127,13.207638973597607
2022-11-29,-0.006944565632213809,7.591465864066931,13.104279720028554
2022-11-30,0.04800445389024026,8.003894490988104,13.749950871038187
2022-12-01,0.0003948744440973442,8.007449898819944,13.764455626407386
2022-12-02,-0.003791128272226215,7.973301500847867,13.706057043476726
2022-12-05,-0.018203554501582023,7.8099555179180555,13.451692199009363
2022-12-06,-0.020272819130539847,7.631352883155202,13.160974467158455
2022-12-07,-0.005284919748881961,7.585736875843445,13.096848936487092
2022-12-08,0.012127901477922328,7.689863846789038,13.268637013677559
2022-12-09,-0.006073425369863556,7.637086607241288,13.177697920868347
2022-12-12,0.010040840241501255,7.723810214016609,13.353164271832478
2022-12-13,0.01154361415499587,7.824514513088628,13.509821377122615
2022-12-14,-0.007571349384349349,7.757701030562773,13.395439275780006
2022-12-15,-0.033431840131002116,7.464914969793886,12.910274725562573
2022-12-16,-0.010221548200578075,7.378390433416342,12.78582646288689
2022-12-19,-0.014197454984824472,7.25943861239263,12.59071870470166
2022-12-20,-0.0024956464125672445,7.238825974049792,12.575797269881537
2022-12-21,0.015101470596167661,7.363244362243847,12.776214099001805
2022-12-22,-0.025731472927888258,7.148045766347456,12.433227043154934
2022-12-23,0.0023408695712111723,7.1671192787467355,12.469164448442303
2022-12-27,-0.015879385578292146,7.037430442655612,12.269384612045862
2022-12-28,-0.013068585920927009,6.9323925923322935,12.093845222442342
2022-12-29,0.026132225914172434,7.13968366759503,12.42698643022904
2022-12-30,-0.0012737568266771855,7.129315689956437,12.413143812033288
2023-01-03,-0.005800928201691323,7.082158113310117,12.318587510542358
2023-01-04,0.007079544912913864,7.139376114666568,12.382540622130582
2023-01-05,-0.015375296344450718,7.014230794844627,12.169715605797915
2023-01-06,0.027498774407851204,7.234612319524514,12.536476140087538
2023-01-09,0.007137527504238081,7.293387091441858,12.619973673162594
2023-01-10,0.009132778106309325,7.3691287554977265,12.739309231081263
2023-01-11,0.018574462998047707,7.524580827892617,12.980529515168644
2023-01-12,0.004450523975792672,7.562519679250736,13.050528070859485
2023-01-13,0.008376803493702872,7.634246224014783,13.150908305825388
2023-01-17,0.0007045484494984703,7.6403294688045005,13.170170151592627
2023-01-18,-0.012468184376509567,7.532600247913658,12.990056866866908
2023-01-19,-0.009692121815312874,7.44990124690951,12.849522143205157
2023-01-20,0.029080212554428442,7.6956261712335685,13.245991443403693
2023-01-23,0.021746031839767987,7.884721534819933,13.556817550825873
2023-01-24,-0.002957293489422634,7.8584468056696775,13.525061308304663
2023-01-25,-0.0026663870947089656,7.834826757427873,13.48588865049892
2023-01-26,0.02123046612124607,8.022394247588524,13.776214847348532
2023-01-27,0.011207160002741062,8.12350966352906,13.917361419284484
2023-01-30,-0.02196733787426207,7.923090444151221,13.605676808510834
2023-01-31,0.015723331674627986,8.063391154767313,13.838070193425214
2023-02-01,0.02199837767390285,8.262771056396193,14.158288351459577
2023-02-02,0.03642687853939656,8.600184892605776,14.697817596475028
2023-02-03,-0.019726767842399146,8.410804273985235,14.416087209332822
2023-02-06,-0.008632477547589348,8.3295657173853,14.282626457498813
2023-02-07,0.020562889926754556,8.521408550296316,14.606020000314349
2023-02-08,-0.01909065048479497,8.33963866753967,14.3204760383124
2023-02-09,-0.008708334571941286,8.258305969241695,14.180444203643143
2023-02-10,-0.007478144216907072,8.189071021999453,14.086954745229145
2023-02-13,0.01562707822432986,8.332669353669163,14.328972467576051
2023-02-14,0.007837553358716378,8.405814647707802,14.437579726988194
2023-02-15,0.008038637948550632,8.481424586271899,14.55651057900338
2023-02-16,-0.020360069812675446,8.288382119771786,14.255616529182944
2023-02-17,-0.00642977807020822,8.228659884110364,14.152256078259148
2023-02-21,-0.025257135294356716,7.995570372831786,13.787028158041887
2023-02-22,0.0006486486777596255,8.001405337659817,13.794347587592153
2023-02-23,0.008202451709059592,8.075238930255642,13.933962742810486
2023-02-24,-0.018380535514106514,7.908431178799075,13.67588370392714
2023-02-27,0.00809992574003747,7.980588809807582,13.783950956349726
2023-02-28,-0.0016588890800451471,7.965691009098617,13.764738202126992
2023-03-01,-0.007743533262243354,7.896264882550666,13.637776691843586
2023-03-02,0.008320170199370806,7.970283320512172,13.768109953086185
2023-03-03,0.0206456547247914,8.15548069273102,14.069654166532631
2023-03-06,-5.852881186571243e-05,8.154944833324015,14.083963753078555
2023-03-07,-0.012236355837113083,8.042921670674321,13.899669305586675
2023-03-08,0.004647988723676711,8.084953068628709,13.977109421011674
2023-03-09,-0.019188578131287826,7.910625736852243,13.708043454997092
2023-03-10,-0.013050921533304435,7.79433385954794,13.505003221632652
2023-03-13,0.008933208940740813,7.872895481409913,13.61889440753021
2023-03-14,0.023603597401127142,8.082327734135392,13.958055914969899
2023-03-15,0.004036399760355035,8.11898763962492,14.021236732748221
2023-03-16,0.028125578330244407,8.37546444077572,14.425931860038258
2023-03-17,-0.004899223399063141,8.329531946010388,14.350515274130675
2023-03-20,0.0025123947719246356,8.352971413296046,14.40290672831053
2023-03-21,0.01509960762018725,8.494197611719645,14.62216872374711
2023-03-22,-0.01387978462209253,8.362420193709392,14.408473230515531
2023-03-23,0.013718935590694929,8.490862633319914,14.607198197382482
2023-03-24,0.001707364438166646,8.50706699466757,14.6535681545546
2023-03-27,-0.007654278228398432,8.43429725875436,14.538340720762704
2023-03-28,-0.005079320543574196,8.386377438873783,14.461710017144672
2023-03-29,0.018401420279306056,8.559100115026697,14.75040541683291
2023-03-30,0.009414141689441494,8.649090837933114,14.893992197737198
2023-03-31,0.01709329589950112,8.814025602787071,15.161537523226862
2023-04-03,-0.0035691740896313835,8.778997636890624,15.121076511716542
2023-04-04,-0.003396011144379256,8.745788051934886,15.061893661428538
2023-04-05,-0.010624379958060445,8.642245096680403,14.898970798762882
2023-04-06,0.007356027740541542,8.713173719092685,15.015939186352597
2023-04-10,-0.001057551306490065,8.702901539535894,15.001999582422581
2023-04-11,-0.00654694169285843,8.639377208905007,14.89523145989727
2023-04-12,-0.009527777654313228,8.547535366132506,14.753249134349984
2023-04-13,0.021033991728295308,8.748358146049345,15.07330804420339
2023-04-14,-0.0021961172675128444,8.726949608394905,15.036684554647689
2023-04-17,-0.00033869860680369146,8.723655104114092,15.046726768885886
2023-04-18,0.000110560232801751,8.724730153686087,15.051729317006451
2023-04-19,-0.0006442572382059691,8.718464925894976,15.047952860143774
2023-04-20,-0.008753243650289374,8.633396834491826,14.921997127845353
2023-04-21,0.0021223108533632413,8.653841897148423,14.94012986808897
2023-04-24,-0.002756423753673726,8.627231818028912,14.902109065546986
2023-04-25,-0.019961131046673724,8.43506138209253,14.602146557717406
2023-04-26,0.006138816910581784,8.492981496457297,14.701913747054364
2023-04-27,0.028196108624300456,8.760646633899881,15.135398071809899
2023-04-28,0.005455089996735626,8.81389183971414,15.240792828443805
2023-05-01,-0.001927410284627395,8.794976443650054,15.222989360754799
2023-05-02,-0.008748931331357315,8.709280867352296,15.078544076499039
2023-05-03,-0.0053447680082677525,8.657387013589185,14.976226521557294
2023-05-04,-0.003033427609489364,8.62809202918664,14.917705808442742
2023-05-05,0.021194795859370633,8.832157474260484,15.256903236524753
2023-05-08,0.003160927802371273,8.863236214178166,15.296763175953568
2023-05-09,-0.006713135606684431,8.797022971951627,15.185765996472337
2023-05-10,0.011911503262073329,8.913720243040636,15.365657770570412
2023-05-11,0.004422090339796501,8.95755960955883,15.417092538309785
2023-05-12,-0.004216298052348554,8.915575570370903,15.356277693505668
2023-05-15,0.0054954192805368755,8.970065815537941,15.446187061235012
2023-05-16,0.002071214358963177,8.99071595901489,15.461513201958617
2023-05-17,0.012693782201961691,9.117535931440289,15.661672599808917
2023-05-18,0.017931247156516485,9.29895596884188,15.962506781892149
2023-05-19,-0.0022343804637413407,9.275944182828168,15.92433870471665
2023-05-22,0.004253081737749148,9.319648613370283,15.981045425393997
2023-05-23,-0.01284546774918612,9.187087899924302,15.763781815025204
2023-05-24,-0.0051150497544779116,9.134980438462948,15.6803345708494
2023-05-25,0.024065840547003486,9.378887261641998,16.08991011607611
2023-05-26,0.02731544300095699,9.662391165050739,16.531155694282457
2023-05-30,0.003782956016765274,9.702726521861672,16.600528033442167
2023-05-31,-0.006402299909080333,9.634204456823845,16.47681494657932
2023-06-01,0.012923914800909273,9.771640009199286,16.706608874344408
2023-06-02,0.007495362752242711,9.852377358504807,16.835507704603657
2023-06-05,0.0013120153061298662,9.866615843707063,16.847597395454148
2023-06-06,0.0011623700869972788,9.879246872910679,16.849546688977433
2023-06-07,-0.01774692043256689,9.686173744290882,16.53713887593839
2023-06-08,0.013468164405589783,9.830096889145688,16.75936791643068
2023-06-09,0.0030878235390659954,9.863538317250356,16.813095618504875
2023-06-12,0.017876283572154286,10.057738008806487,17.126900744530204
2023-06-13,0.008301549902586535,10.149534372696321,17.269801441166162
2023-06-14,0.00639825151414851,10.220871897878476,17.39834585442118
2023-06-15,0.011429677352024803,10.34912284327963,17.618784849571146
2023-06-16,-0.006618178390547341,10.27401232372657,17.494262350901334
2023-06-20,-0.0004294214018941636,10.269171021549543,17.477379649010487
2023-06-21,-0.014626156634582506,10.10434636104646,17.228850711565535
2023-06-22,0.012553634537675617,10.243746267042804,17.44325743351507
2023-06-23,-0.01095444680933358,10.12057724662284,17.258314019751925
2023-06-26,-0.014714333007135904,9.956945369784453,17.010078434219263
2023-06-27,0.017876329484688064,10.152815335360446,17.32504978376528
2023-06-28,0.0017226812420767087,10.172028081135016,17.34792883821424
2023-06-29,-0.001716369842262399,10.152852749059647,17.317742327762456
2023-06-30,0.015618963726423163,10.327048751593349,17.611096634759726
2023-07-03,0.0032767642928031274,10.36416482048541,17.647242379772557
2023-07-05,0.00021879038190019087,10.366651190446461,17.641222080119565
2023-07-06,-0.009126084873637325,10.262918166953416,17.50104297081679
2023-07-07,-0.003017732968689556,10.228929687477347,17.436549852239008
2023-07-10,-0.0003539218167908148,10.224955524281738,17.447327242290037
2023-07-11,0.004389314662191714,10.274225386146917,17.537346766655833
2023-07-12,0.012972310833611755,10.42047814226421,17.76806146021908
2023-07-13,0.018851031610279095,10.635765936728534,18.092669120745065
2023-07-14,-0.00010386431976090933,10.634557395814618,18.084845604847562
2023-07-17,0.009250166609717598,10.742178990156225,18.265915576013764
2023-07-18,0.006891280019710681,10.823097633618955,18.422940269210322
2023-07-19,-0.001366458351795963,10.806941863113398,18.404548900341997
2023-07-20,-0.02552331289101709,10.505589591655106,17.96283755114022
2023-07-21,-0.0018613903185819456,10.484173198579622,17.91327903828474
2023-07-24,0.003012437518413228,10.51876855279098,17.940681698956656
2023-07-25,0.0072952328885568275,10.602800651972977,18.079720926543107
2023-07-26,-0.0022004365333550737,10.57726942552914,18.003506902376
2023-07-27,-0.002682842682541692,10.546209432967045,17.961415093704307
2023-07-28,0.021325147934232465,10.792434057204698,18.31207719346042
2023-07-31,0.0004671161159068855,10.797942493198587,18.31951995054932
2023-08-01,-0.004025300066489104,10.75045223449628,18.27171436503911
2023-08-02,-0.024325881894438142,10.464612121233685,17.845930228642445
2023-08-03,0.0007320195372834089,10.473004441293803,17.824841219535813
2023-08-04,-0.0019447943986001955,10.45069180652126,17.728445781158047
2023-08-07,0.009003341125376402,10.553786290976923,17.891429708915652
2023-08-08,-0.00894551735282371,10.450431695220173,17.72615284682323
2023-08-09,-0.013490464123925792,10.295960057232342,17.51607456227337
2023-08-10,0.0021460201976478224,10.320201415666986,17.549338274417316
2023-08-11,-0.007601321394037532,10.234152926461261,17.425785633090168
2023-08-14,0.013009626218624481,10.38030505691739,17.64344077846026
2023-08-15,-0.01200689175433758,10.243662965967642,17.43753168312912
2023-08-16,-0.011598996192131972,10.113247762039768,17.23990947998142
2023-08-17,-0.01017970955243782,10.000118127637922,17.042925466912294
2023-08-18,-0.0030758170135343874,9.966283777150045,17.0172146684937
2023-08-21,0.020367508984747637,10.18963966051044,17.313745557626884
2023-08-22,-0.001993085277484305,10.167337754442723,17.27974547231536
2023-08-23,0.01682845461540587,10.35526679101827,17.572903413134604
2023-08-24,-0.021828706078248782,10.107396009797032,17.16630808386579
2023-08-25,0.007872168889329048,10.194835307106814,17.320047235644722
2023-08-28,0.007192137205855411,10.275350098632481,17.455689567822358
2023-08-29,0.02452225665979932,10.55184712768024,17.853053292014685
2023-08-30,0.005477158395545953,10.615118424159677,17.958349865559583
2023-08-31,0.0031763253237531604,10.652011818948727,18.005726798071432
2023-09-01,-0.002697088390763306,10.620585313142804,17.99320845422258
2023-09-05,0.0030604168914693777,10.656149148723907,18.01451777660211
2023-09-06,-0.010460001989512956,10.534225805438195,17.846788731993907
2023-09-07,-0.006508825079378769,10.459151547244542,17.70833740558677
2023-09-08,0.0009066621786329255,10.46954112655165,17.734956996256084
2023-09-11,0.015078336337032839,10.642482725289227,17.95766378129125
2023-09-12,-0.01182371757884278,10.504825297628852,17.746616836753468
2023-09-13,0.00601833931363164,10.574065240014036,17.818698789698924
2023-09-14,0.00825339671372333,10.669590592030387,17.97240082348079
2023-09-15,-0.01806355235339266,10.458796331428587,17.63953021786624
2023-09-18,3.105788868326119e-05,10.459152217449493,17.667693198800613
2023-09-19,-0.0027819365218251955,10.427273583386615,17.625834874304008
2023-09-20,-0.016452719732276525,10.239263853815107,17.354487947502044
2023-09-21,-0.019848142419785386,10.016185344151038,17.01647949268086
2023-09-22,-0.0006380198502516902,10.009156799227418,17.024889712402935
2023-09-25,0.0058557901422012035,10.07362411108628,17.108019657571575
2023-09-26,-0.01648709791731274,9.891052186067286,16.834515097520867
2023-09-27,0.0024217313357039207,9.917427388425073,16.87660690619256
2023-09-28,0.00879663802003656,10.013464045271082,17.026937189015236
2023-09-29,0.0019688471071959254,10.03514787209682,17.04222740909652
2023-10-02,0.010824069564124354,10.154593080314795,17.1922152484624
2023-10-03,-0.019350470336151858,9.938746457802319,16.85877949140867
2023-10-04,0.01656874292126901,10.119987735742589,17.117030949375156
2023-10-05,-0.0024304615873107427,10.092961032699499,17.05201099471
2023-10-06,0.01783680816591943,10.29082405063178,17.35855895363175
2023-10-09,0.004044341988700424,10.336488004426778,17.449179550079048
2023-10-10,0.005779619036525522,10.402008586304508,17.552623815834927
2023-10-11,0.008920059857001679,10.50371518538439,17.687004136112357
2023-10-12,-0.0036492784383168448,10.46173492559783,17.617091789963087
2023-10-13,-0.01434637308113173,10.297300600198165,17.385385686671782
2023-10-16,0.012155273109589587,10.434622374394703,17.603152186033068
2023-10-17,-0.004365179498225066,10.38470819523605,17.540963975337547
2023-10-18,-0.01676346300607679,10.193861060570232,17.280113060221765
2023-10-19,-0.009648296798766819,10.085859366733692,17.125466313546855
2023-10-20,-0.016359199971594338,9.904503576496323,16.852967531481134
2023-10-23,0.005226711531184609,9.961498271081439,16.906878428831167
2023-10-24,0.010780748335403151,10.079671425320925,17.07977046709563
2023-10-25,-0.02808325144075567,9.768518226802682,16.633202647052062
2023-10-26,-0.02090360536751153,9.543417371396743,16.29962081271956
2023-10-27,0.008398932287849303,9.631970819981637,16.386488899399062
2023-10-30,0.011381044469056656,9.752973752677562,16.57664320100823
2023-10-31,0.004063933954656836,9.796673127824603,16.667705621356077
2023-11-01,0.019786451555523183,10.010300977629123,16.980518140298603
2023-11-02,0.017414976693240904,10.202045112540103,17.292729587159627
2023-11-03,0.011843796974322147,10.334719860550226,17.513352974940176
2023-11-06,0.004901583691188961,10.390277938562896,17.581326803758856
2023-11-07,0.00995483557136375,10.503666282553421,17.754315827757583
2023-11-08,0.0020739951934743606,10.52752483113077,17.77542998131384
2023-11-09,-0.008667273027818037,10.427612626084407,17.621751894626854
2023-11-10,0.022575504178898434,10.685596742679408,18.040118418384242
2023-11-13,-0.0017546853879029365,10.665092196826103,17.983313514617887
2023-11-14,0.021518677895234102,10.916109558427813,18.387530897365053
2023-11-15,-0.0002988117467588932,10.912548884916088,18.393305739295517
2023-11-16,0.0019029342257879847,10.935217681905566,18.412911225874293
2023-11-17,2.8022376793061975e-05,10.935552135072555,18.418821368890832
2023-11-20,0.01211032733038001,11.0800955782971,18.650637628818586
2023-11-21,-0.005349760570776509,11.015469959281113,18.53607233220014
2023-11-22,0.003421634854616997,11.056582510088392,18.619163962016962
2023-11-24,-0.002112550712807133,11.031112368112685,18.595402457121654
2023-11-27,-0.0004847923054841332,11.025279777410208,18.570844711321563
2023-11-28,0.004843878120068006,11.083528767011702,18.630247874882468
2023-11-29,-0.002534720411427664,11.052900400003884,18.602256115676493
2023-11-30,-0.004249586382648465,11.001680558592609,18.55354413262505
2023-12-01,0.0015964649697742786,11.020840821182821,18.6144930811605
2023-12-04,-0.011644842797025944,10.880860019532076,18.420880819050566
2023-12-05,0.005374175620224446,10.944709847796343,18.467521378394835
2023-12-06,-0.006977825958015408,10.861361741359428,18.357589844635793
2023-12-07,0.016292518573577636,11.05461319783845,18.64503520597126
2023-12-08,0.0040581954586720115,11.103533174373965,18.721298321682877
2023-12-11,0.003181704049404222,11.142043034886969,18.889321915558106
2023-12-12,0.008006176975569823,11.239254380269257,19.051802954323218
2023-12-13,0.011384998012776886,11.378598267066494,19.306976013242803
2023-12-14,-0.0006843694010340652,11.370126733184819,19.276888883234776
2023-12-15,0.006171275813548462,11.44646619710385,19.38186576306302
2023-12-18,0.008418441131852774,11.551246040083766,19.51226248410705
2023-12-19,0.004631788977837589,11.609380763150353,19.61286183499111
2023-12-20,-0.014275351263169358,11.429377423545331,19.296911049264477
2023-12-21,0.01266817064944722,11.586834897813189,19.546114097430316
2023-12-22,2.1195796049619353e-05,11.587101685798594,19.570623949040645
2023-12-26,0.005211818057764422,11.652703369659557,19.69453340208151
2023-12-27,0.0010078106966659407,11.665454899457242,19.729280636753312
2023-12-28,-0.0009715031483762176,11.653150370146802,19.71906720078672
2023-12-29,-0.00439860936880413,11.597494104383788,19.630125295690554
2024-01-02,-0.016933295592483542,11.384177012989689,19.284379534513434
2024-01-03,-0.009487595503146942,11.266680950851072,19.06926278120069
2024-01-04,-0.006578366253543538,11.185986230841007,18.963229834488214
2024-01-05,0.0017808516790003988,11.207687664880474,18.992620104035215
2024-01-08,0.022928618984755414,11.487593084033419,19.414258998308046
2024-01-09,0.002980076530931776,11.524807067110974,19.449607305061352
2024-01-10,0.00887205087282955,11.635927792582757,19.589812756168495
2024-01-11,0.0013413035539642992,11.652876407438583,19.62395891875879
2024-01-12,0.0002884711140492235,11.656526396791763,19.638695960948336
2024-01-16,-0.00038485566200948627,11.651655460946586,19.635987544517338
2024-01-17,-0.0059721414662716535,11.576097984751284,19.520205735478957
2024-01-18,0.014780087073712454,11.761973808013447,19.821836158466972
2024-01-19,0.018903017165622538,12.003213617973552,20.228544039081726
2024-01-22,0.0004803239075478873,12.009459372349218,20.248628467558117
2024-01-23,0.004845602938846248,12.072498046916673,20.339150880916407
2024-01-24,0.007260888587302696,12.167415998793066,20.455739707052267
2024-01-25,0.0003669865626215844,12.172248263529074,20.47742859088566
2024-01-26,-0.004290818877784879,12.115728532017053,20.35974777722324
2024-01-29,0.010619671329312538,12.25501325827156,20.574632243715644
2024-01-30,-0.00726200286811576,12.15875531397308,20.428042497113324
2024-01-31,-0.02281094508506747,11.858591669118201,20.011820435702493
2024-02-01,0.013420380856641264,12.031158866597803,20.26619845107204
2024-02-02,0.023091122024953267,12.332062946112964,20.6315975930177
2024-02-05,-0.000571821550193291,12.324439385211843,20.595193219380157
2024-02-06,-0.001491646829586162,12.30456402744688,20.5457712049655
2024-02-07,0.011872225066829918,12.462518805996778,20.769336493352135
2024-02-08,0.00020880494412219312,12.465329846483808,20.803789178756904
2024-02-09,0.012837203947244347,12.638187031940038,21.02355406318598
2024-02-12,-0.005879503293995108,12.558001266361625,20.92577328536937
2024-02-13,-0.01571859311517615,12.344888561000642,20.579721001377777
2024-02-14,0.012190650208990322,12.507571429525758,20.83378052038541
2024-02-15,0.0005861886471884581,12.515489414548833,20.880482144821627
2024-02-16,-0.007918267407668192,12.408470155218927,20.68462603992138
2024-02-20,-0.00971308692969803,12.278232519007023,20.51311934109576
2024-02-21,-0.0035911003744709953,12.230549053235704,20.430738939996886
2024-02-22,0.03484634811397915,12.691585371283832,21.075404313021533
2024-02-23,-0.0035033671063993414,12.643618721459617,20.993146042106552
2024-02-26,-0.002090793935365237,12.615092726180354,20.987899233618204
2024-02-27,0.0018858252975286144,12.640768412471584,21.034148257961174
2024-02-28,-0.005797049847862325,12.56169219802134,20.915768189128244
2024-02-29,0.010213497702695985,12.7002045101305,21.123406264709768
2024-03-01,0.013216256592706989,12.881269928308948,21.44103813649702
2024-03-04,-0.0048068427478524635,12.814544846623074,21.34732836481012
2024-03-05,-0.01723286162945379,12.576480706807335,20.944420888152923
2024-03-06,0.005821704596097758,12.655518966936988,21.09118544854787
2024-03-07,0.018179546669441143,12.903770111291859,21.435005863296585
2024-03-08,-0.015866350442843652,12.683168022229367,21.092263067817495
2024-03-11,-0.0047912256623234084,12.617608876459379,21.010409502805995
2024-03-12,0.018664979713605888,12.871781269886311,21.338290731202164
2024-03-13,-0.0069354016350917785,12.775574895385507,21.15359397251629
2024-03-14,-0.0015703315630043995,12.753942675328753,21.087801724041235
2024-03-15,-0.011521531512126355,12.595476191378975,20.834539643293127
2024-03-18,0.011636930085004861,12.753685797290398,21.051263246672363
2024-03-19,0.0035808206924240193,12.802935279990432,21.109121822613467
2024-03-20,0.012196929025296274,12.971288701941235,21.36403864761783
2024-03-21,0.002168044836559901,13.001579082271567,21.46245881286775
2024-03-22,0.004009496714580678,13.057718367600877,21.485826388052278
2024-03-25,-0.0029777004873105927,13.015858692767196,21.409344156422506
2024-03-26,-0.004761971964831132,12.949115566609205,21.327782745968552
2024-03-27,0.002634421965892137,12.985863423062646,21.413977919281912
2024-03-28,-0.001968048321218779,12.958338568032094,21.381915153946228
2024-04-01,0.0039415452262182,13.013355990780857,21.429131640922375
2024-04-02,-0.008855806446482184,12.88925642246085,21.218955173283508
2024-04-03,0.002635890049946374,12.925866975265969,21.266049530075765
2024-04-04,-0.015306157189128278,12.712715466347657,20.9210149976166
2024-04-05,0.014063827567032052,12.905568732142143,21.2026256492844
2024-04-08,-0.00014003921439138516,12.903621407221229,21.192484054602453
2024-04-09,0.003265016704039416,12.949016963362444,21.277956025650415
2024-04-10,-0.006131570553325472,12.863487581702053,21.083939057636996
2024-04-11,0.019411643157115056,13.132600655551148,21.44725480232804
2024-04-12,-0.015779433941464163,12.909596217085785,21.07392198784843
2024-04-15,-0.017908198420360472,12.660500408083116,20.71018956370646
2024-04-16,-0.00012633725382775986,12.658774577975647,20.718563862786215
2024-04-17,-0.013209119180279432,12.478354196718596,20.448773497151493
2024-04-18,-0.005528356632691587,12.403841047897401,20.327012098521415
2024-04-19,-0.02500377809544203,12.068694380709196,19.889714198906137
2024-04-22,0.011833749539422511,12.223346036817768,20.10212253578788
2024-04-23,0.016481054769243626,12.441280727083221,20.421617491556848
2024-04-24,0.0017568506877987992,12.464895050373492,20.489457216644198
2024-04-25,-0.005200203356743444,12.394874857934342,20.37138367062574
2024-04-26,0.023245618605762023,12.706247010153795,20.72425369252985
2024-04-29,0.003398842310349099,12.752832382408002,20.80323839557465
2024-04-30,-0.020940904564987116,12.464835631989732,20.38387687002497
2024-05-01,-0.005313760503158111,12.39328672022695,20.234123712188918
2024-05-02,0.01587517012114021,12.60590742539176,20.50752769444113
2024-05-03,0.021623800862950047,12.900118858118166,20.935754434515623
2024-05-06,0.012210343366025103,13.069844082204348,21.184368384147398
2024-05-07,-0.0010132827882123694,13.05558735136302,21.18176772964336
2024-05-08,-0.000860437383854886,13.043493398553869,21.173872372461215
2024-05-09,0.0011527486621745813,13.05968201678131,21.208756105573833
2024-05-10,0.001078789346309328,13.07484945195351,21.2672636477862
2024-05-13,0.002518872146811513,13.1103021982086,21.31315586041545
2024-05-14,0.006959647068445178,13.208504921537239,21.465387542571648
2024-05-15,0.0144976024436182,13.41449417720788,21.80119046995433
2024-05-16,-0.0023999387428662363,13.37990027417318,21.75375366970528
2024-05-17,-0.0004508517719828413,13.37341707065363,21.73937104451997
2024-05-20,0.006984450690519725,13.473807493437885,21.896260436630453
2024-05-21,0.0036494509262394795,13.526628943601024,21.944827539757867
2024-05-22,-0.0019018523658318833,13.499001439977075,21.934281239172435
2024-05-23,-0.0004004341610423564,13.493195544499505,21.833976437555407
2024-05-24,0.011565026525662927,13.66080973541326,22.060753031365532
2024-05-28,0.007953787858815902,13.777418705887198,22.13565475473318
2024-05-29,-0.004939734282480147,13.704422184099164,21.972965376242612
2024-05-30,-0.013017269886636642,13.513010752001698,21.730089150544238
2024-05-31,-0.0013678902296749107,13.493158546390868,21.727624994481022
2024-06-03,0.007386503296414783,13.600212309769248,21.806487567341932
2024-06-04,0.0033200519866555937,13.648685773653892,21.872536049732215
2024-06-05,0.021780676663775943,13.967744062039102,22.338709356354563
2024-06-06,0.00012125155415593821,13.969558924268833,22.321714103117777
2024-06-07,-0.0015108603221053606,13.946942011650737,22.296897728692976
2024-06-10,0.003982916917581056,14.006474439855046,22.38728603831993
2024-06-11,0.009178848149050641,14.144216589991085,22.553433377311265
2024-06-12,0.015695507727375105,14.381912758504331,22.866086648072837
2024-06-13,0.005282789425621101,14.463172164570784,23.003090372594436
2024-06-14,0.003308157144206549,14.514326768039105,23.10470986972041
2024-06-17,0.01067559872511369,14.67995149510498,23.40258778294063
2024-06-18,0.00046214165785557563,14.687197853884024,23.410078434219294
2024-06-20,-0.008558151390217726,14.552944439762186,23.2181233110751
2024-06-21,-0.0032187235232154477,14.502883811638661,23.15452461649111
2024-06-24,-0.014152317953790954,14.283482070735673,22.877660279028646
2024-06-25,0.016124367285502202,14.529918549045604,23.155384317197324
2024-06-26,0.005905766254252256,14.621634617943844,23.21659069700274
2024-06-27,0.0019782945702388603,14.652538812886778,23.263155822998137
2024-06-28,-0.008292955084374944,14.522733011555072,23.132993783483933
2024-07-01,0.01017480313803187,14.680673764111871,23.2915906034594
2024-07-02,0.010902917046555223,14.85163884939608,23.53640414913362
2024-07-03,0.01032558267489009,15.015316256868019,23.750651622902197
2024-07-05,0.011645433234047951,15.201821553059538,24.002417010220267
2024-07-08,0.0021027181077061465,15.235889416616981,24.06074015980205
2024-07-09,0.0019073882317363724,15.266857561022011,24.077268444688666
2024-07-10,0.012188789425230384,15.465130862443527,24.34990372519521
2024-07-11,-0.02706660937180423,15.019475597134129,23.780971039730574
2024-07-12,0.005932168164862445,15.114505820289239,23.928262436212897
2024-07-15,0.0019402489135152455,15.145771972698888,23.99617639729438
2024-07-16,-0.0016473423022111465,15.119174359526404,24.010568601317644
2024-07-17,-0.03170514065276578,14.608113669251164,23.27555323401785
2024-07-18,-0.005260584555135679,14.5260058675479,23.16023839332964
2024-07-19,-0.00904842481461801,14.385519970784076,22.936512659407306
2024-07-22,0.016622696655961305,14.641268802152654,23.304646559588335
2024-07-23,-0.0011077378917068832,14.623942376026136,23.220623387780652
2024-07-24,-0.04085597638893623,13.985610955209111,22.335447762031833
2024-07-25,-0.012029406398498095,13.805342950899115,22.088009614758697
2024-07-26,0.0095050410872953,13.946068343958908,22.32474341062019
2024-07-29,0.002268915540908817,13.979979710700002,22.368674356178715
2024-07-30,-0.015254002856840705,13.751475057397569,22.045941753181882
2024-07-31,0.03214626300419125,14.225679854292439,22.740105771324806
2024-08-01,-0.024092883414605568,13.858849324654862,22.161342803411667
2024-08-02,-0.02641158156786712,13.466403613712092,21.610164494091528
2024-08-05,-0.033908651915092985,12.975867369111485,20.941099426093
2024-08-06,0.010498000070320096,13.122586025735202,21.165179577019565
2024-08-07,-0.010429239934391227,12.975298187578728,20.907025104787344
2024-08-08,0.03003254349508021,13.3950119382539,21.577024109486217
2024-08-09,0.005742736890710764,13.477678704353933,21.698749587473976
2024-08-12,0.0029579058493340842,13.520502314878321,21.734220024411176
2024-08-13,0.025892508262584144,13.89647454104318,22.303617283516502
2024-08-14,0.00019381877523698087,13.899361757494075,22.32354126645719
2024-08-15,0.0251674264080612,14.27434034805289,22.89670300887775
2024-08-16,0.00153615715463764,14.297804135260924,22.91922525161299
2024-08-19,0.014186093357593986,14.514820212889921,23.235520875505905
2024-08-20,-0.002480634503571628,14.476333614553116,23.178299292288628
2024-08-21,0.004789518248183401,14.550457796814992,23.307062821461802
2024-08-22,-0.018388110473083374,14.264514260940137,22.898774432584926
2024-08-23,0.012863057261203967,14.460862581943076,23.179585251283715
2024-08-26,-0.011636460553699306,14.28095286438213,22.928935798587084
2024-08-27,0.0017450168401772464,14.30761838446443,23.00872991343885
2024-08-28,-0.011765585056071781,14.127515298356125,22.725821329228513
2024-08-29,-0.0029109356702240697,14.08348007447228,22.694764341877818
2024-08-30,0.013600567443665312,14.288623962510322,23.00029574662189
2024-09-03,-0.03361081442619518,13.774760859674506,22.245145661946456
2024-09-04,-0.0038781793059031165,13.717461687858851,22.199363605953657
2024-09-05,0.003690198495628788,13.771772042838862,22.210312217733087
2024-09-06,-0.028771166589312985,13.346770928574989,21.58620782037295
2024-09-09,0.012195687788063224,13.52173966758675,21.879818361285444
2024-09-10,0.010287370659106124,13.671130186162262,22.086244713866005
2024-09-11,0.024586788896933134,14.031846166928856,22.58668631326254
2024-09-12,0.010423443022457363,14.188529758972185,22.814456711510214
2024-09-13,0.004653350162804578,14.25920730639886,22.926668008701895
2024-09-16,-0.0063557223132991066,14.162224022038325,22.814444737962777
2024-09-17,0.001576715951459436,14.186130542513474,22.825896238734696
2024-09-18,-0.003729990816583866,14.129486415050456,22.718110364676956
2024-09-19,0.02711933428787699,14.539788014744104,23.325442216782694
2024-09-20,-0.002862187956181939,14.495310220646683,23.266173156953123
2024-09-23,0.003053828864920771,14.542630246269395,23.340607911970604
2024-09-24,0.006008491309700782,14.636018005033996,23.45419377240843
2024-09-25,0.0023638089674119516,14.672978564608911,23.48824175190972
2024-09-26,0.005890087263440288,14.765293776032486,23.663486592246205
2024-09-27,-0.005252848313481483,14.682481079209513,23.532393010741142
2024-09-30,0.003575354298836207,14.738551505352481,23.596235965692916
2024-10-01,-0.014147317360605007,14.515893222410032,23.243871227490786
2024-10-02,0.00072664686873471,14.52716779763572,23.279782290973788
2024-10-03,0.00021464762155628956,14.530500667272989,23.268440946838318
2024-10-04,0.012488747605528903,14.724457170294059,23.5647622988913
2024-10-07,-0.012616121170768739,14.526075513289067,23.277514501088593
2024-10-08,0.01580956664922495,14.771536038917308,23.653972411450127
2024-10-09,0.006190243389910561,14.869165685630952,23.85147128705919
2024-10-10,-0.00022263058368322247,14.865632724011794,23.81824469291231
2024-10-11,0.0006801579404749704,14.87642386008969,23.855286059273674
2024-10-14,0.008858616750311873,15.017067014431731,24.060141482430065
2024-10-15,-0.014033448648214559,14.792292326989692,23.717791419307016
2024-10-16,0.0006814760178599953,14.803054395477568,23.735227299089605
2024-10-17,0.0008540092075820799,14.816550349439227,23.755297359309065
2024-10-18,0.0065076716049086054,14.91947926503588,23.919126619515957
2024-10-21,0.004378920537838975,14.98918939974125,23.965021226854695
2024-10-22,0.002495534993765388,15.029090981410246,24.000565899786018
2024-10-23,-0.017595450814999383,14.747051899437691,23.60392537785908
2024-10-24,0.010134999295690188,14.90664825934769,23.807343975322638
2024-10-25,0.007254635164009677,15.022045189151488,23.953433227641955
2024-10-28,0.00043019778157264986,15.028937837448115,23.952269398830754
2024-10-29,0.009788634797454931,15.185839256130002,24.196972787868525
2024-10-30,-0.005864834558003809,15.090911986710356,23.997179780569898
2024-10-31,-0.028485907179218506,14.63254776142795,23.387469981942512
2024-11-01,0.009196340468596305,14.776309993033637,23.562458588363775
2024-11-04,-0.004678868147564946,14.702494718721121,23.477194957041274
2024-11-05,0.013406698379025597,14.913013329213257,23.80071302475019
2024-11-06,0.02864170936410201,15.368789232095665,24.47980713608473
2024-11-07,0.018427634260504023,15.670427293352002,24.872450887876088
2024-11-08,0.00013884010228500183,15.672741817182548,24.891589406104693
2024-11-11,-0.0005807423457017206,15.663059249990358,24.878605291260413
2024-11-12,-2.8712809486284676e-05,15.662580806744653,24.83471026634421
2024-11-13,-0.001143260171877861,15.643531141747605,24.792252067120845
2024-11-14,-0.006349038766103757,15.537860717323795,24.62122431019284
2024-11-15,-0.024217663809742173,15.137352366339304,24.0050655589141
2024-11-18,0.006844288172800659,15.247801056280554,24.182920632592577
2024-11-19,0.010955120175086413,15.425797669433003,24.361194780431468
2024-11-20,-0.002639641061193777,15.382439459441908,24.33975015696586
2024-11-21,-0.0019382403731202274,15.35068635387142,24.43008817769357
2024-11-22,-0.0005006898041953588,15.342499731922441,24.47355454961141
2024-11-25,0.0005548608208211266,15.351567544737968,24.508694516639252
2024-11-26,0.007958377761535063,15.48169949625225,24.65338525861754
2024-11-27,-0.008245868773201387,15.345793565046815,24.43463812572089
2024-11-29,0.009670289928158216,15.503862127926642,24.662542627699892
2024-12-02,0.012593744619974359,15.711707552809017,24.9497305577654
2024-12-03,0.004632817422832308,15.789129842724947,25.029084046071358
2024-12-04,0.013792067510501396,16.020686654958382,25.3515939410858
2024-12-05,-0.0007893721384997405,16.007250999134826,25.269275802433615
2024-12-06,0.009498982063546206,16.168802571325838,25.510851700879975
2024-12-09,-0.006125945309917255,16.063627425737128,25.28840234711478
2024-12-10,-0.0009679549195897025,16.04711060362434,25.199338311834723
2024-12-11,0.02133041956205884,16.41073262512047,25.68462618959079
2024-12-12,-0.00641531951700417,16.299037212305194,25.502293009169634
2024-12-13,0.003511295410370972,16.359779242272595,25.704574119626358
2024-12-16,0.01490183559287905,16.61847181846961,26.092521846111623
2024-12-17,-0.0022360218868957534,16.57907652986986,25.97533194789426
2024-12-18,-0.03619773649706057,15.942753749779968,25.004562220913588
2024-12-19,-0.0018814965203353608,15.910876017554859,24.883411473202965
2024-12-20,0.007827417612496387,16.04324450633741,25.102441181819206
2024-12-23,0.01225331038889752,16.252080671307436,25.36484865810223
2024-12-24,0.014925223248601413,16.509571826829582,25.725908586455517
2024-12-26,-0.002205726652919892,16.47095049756993,25.68993526052583
2024-12-27,-0.015149203096464255,16.20627952019397,25.327881527734995
2024-12-30,-0.012557048858266149,15.99021942758991,24.989566550099333
2024-12-31,-0.010279498116392132,15.81556849898691,24.76283785047897
2025-01-02,-0.0017080960467173011,15.786845892910485,24.718023257119352
2025-01-03,0.01860731580605235,16.099204035827402,25.147818531908523
2025-01-06,0.015110239003226165,16.35757709557368,25.433914474447473
2025-01-07,-0.01995017026945219,16.011290477051844,24.96007809746332
2025-01-08,-0.000247930097494301,16.007072866145364,24.969803012694346
2025-01-10,-0.014941884912854753,15.752955140674885,24.561035681919858
2025-01-13,-0.004182146991805867,15.682891819729452,24.483964351756022
2025-01-14,-0.003816822275171388,15.619216186617635,24.45047912898443
2025-01-15,0.026336263195972657,16.05690423821917,25.039541742405728
2025-01-16,-0.009977509136498641,15.886718820341954,24.859797242941166
2025-01-17,0.016921512010156712,16.17246763567251,25.288819026565697
2025-01-21,0.006043982162314439,16.276257723745438,25.44250908680013
2025-01-22,0.015277743056667546,16.54019995022959,25.793772258637745
2025-01-23,0.0010793081554722897,16.559131231084486,25.852538429474826
2025-01-24,-0.004984110161208002,16.47161458669365,25.696923022811994
2025-01-27,-0.03431115258456479,15.872143352710896,24.903972448867478
2025-01-28,0.020314389361465696,16.21489064214033,25.315644562250988
2025-01-29,-0.004824760699226995,16.13183291432864,25.25240507409021
2025-01-30,0.0029799910986077456,16.182885623916174,25.370916851944983
2025-01-31,-0.0005156233089247281,16.174025727573895,25.334050299376248
2025-02-03,-0.011923595839248943,15.969249585865441,25.11277674796969
2025-02-04,0.012708937825833625,16.184910723803256,25.443011975792626
2025-02-05,0.00019532422248189906,16.188267353128804,25.554880829527512
2025-02-06,0.0054394569386740695,16.281762193246564,25.69699725880613
2025-02-07,-0.015493921891828348,16.01399991967125,25.350307982090712
2025-02-10,0.010920243449002514,16.19979694083537,25.675737027971103
2025-02-11,-0.003121071721790151,16.146115140982797,25.598234650099414
2025-02-12,-3.911708272863265e-05,16.14544443497835,25.629794526442605
2025-02-13,0.01568837955739321,16.414428674954486,26.011662085537676
2025-02-14,0.003071029422514304,16.467908897791546,26.114627409395943
2025-02-18,-0.00047785548803169975,16.459561761660296,26.175833789201356
2025-02-19,0.0023265727583702232,16.500182702428056,26.18930881949069
2025-02-20,-0.004405461147539338,16.423086327457668,26.057456115077915
2025-02-21,-0.021669352205832368,16.045539333315364,25.50083463109141
2025-02-24,-0.012714408232995546,15.82881538768001,25.17959872152462
2025-02-25,-0.014576475323942826,15.583510575450305,24.854892877909624
2025-02-26,0.0026571898396282713,15.627576111256761,24.910888369869014
2025-02-27,-0.0299405901533955,15.129736669665235,24.19733917842022
2025-02-28,0.017146995464493418,15.406313191183457,24.606192718736278
2025-03-03,-0.026632712969492156,14.969368561075077,24.04362517109091
2025-03-04,-0.0029962020970218774,14.921521105504269,23.954058246818356
2025-03-05,0.01485714519992376,15.158069456372395,24.292375619163508
2025-03-06,-0.027798275039956116,14.70890299750944,23.586355394345183
2025-03-07,0.00714328825061208,14.821116219721556,23.768722100699172
2025-03-10,-0.041299620256364675,14.167710127815244,22.82411696958508
2025-03-11,-0.0009542085281975093,14.153236969458055,22.75792240991603
2025-03-12,0.014499042286274043,14.372944393052158,23.026508236678257
2025-03-13,-0.01940216486996605,14.07467599140134,22.5721935314408
2025-03-14,0.02540315896522949,14.457620381960238,23.159687610147422
2025-03-17,0.0009524081804980523,14.472342346063051,23.291614550554332
2025-03-18,-0.018452256189596967,14.186842721240346,22.888376603987783
2025-03-19,0.01346748411452869,14.391371284338495,23.198946477494744
2025-03-20,-0.002510728737932469,14.352727726138719,23.126544830832632
2025-03-21,0.005423380712602554,14.435991413574497,23.220170787687454
2025-03-24,0.023171680909827987,14.793669281136689,23.743072367372537
2025-03-25,0.006356337759508542,14.894059177549568,23.87473110031678
2025-03-26,-0.022462265326199455,14.537042603193134,23.42004760981816
2025-03-27,-0.006254658435879496,14.439863708606454,23.27491384658458
2025-03-28,-0.027934834027398867,14.008553678500874,22.640756458793554
2025-03-31,-0.0018081811916350976,13.981415494025764,22.637138052757088
2025-04-01,0.010649797859694311,14.14096454068923,22.830824550861156
2025-04-02,0.007764537863711607,14.258527133158529,23.009048409800794
2025-04-03,-0.05860442417263618,13.364309936797227,21.709013312339852
2025-04-04,-0.059015457253978054,12.516593617739279,20.331166919483262
2025-04-07,0.0033616088032014076,12.562031117833966,20.3716039838987
2025-04-08,-0.0205790023320801,12.282938047832317,19.954390512759815
2025-04-09,0.12804253109894365,13.98371905590723,22.473591368269794
2025-04-10,-0.04454793490932661,13.316225314705038,21.490891198619586
2025-04-11,0.02049944885560566,13.60970004334916,21.915707872383074
2025-04-14,0.0035982041775980906,13.662268727078596,22.045635230367445
2025-04-15,-0.0003302824359782176,13.657426037246449,22.087580961760366
2025-04-16,-0.03377618050712196,13.162354169642624,21.38553355998274
2025-04-17,-0.003172231928951381,13.117427897556567,21.386084343164995
2025-04-21,-0.026915714124433693,12.737447244093628,20.834601905739873
2025-04-22,0.027213879450995005,13.111296477358797,21.40854671816303
2025-04-23,0.026660527347713014,13.487511083005106,21.91964238007196
2025-04-24,0.02917371956601183,13.910165668550185,22.558608344515015
2025-04-25,0.016284282715812424,14.152967021636458,22.826092604912734
2025-04-28,-0.0019404110935062973,14.12356403632814,22.819629284004453
2025-04-29,0.0055041367317045795,14.20680620065478,22.963891372984374
2025-04-30,-0.0011647190671854391,14.189094543521884,22.995855955231043
2025-05-01,0.017018500582832184,14.447590157863505,23.26031330283585
2025-05-02,0.01583889220427753,14.692262873189765,23.647633615435243
2025-05-05,-0.0076764128723507885,14.5718025844737,23.482516001523777
2025-05-06,-0.008282324233598853,14.442831866567495,23.26600073787
2025-05-07,0.0024445007528595217,14.480581880691602,23.359945191086734
2025-05-08,0.010052988927288207,14.636207998926174,23.59975618864039
2025-05-09,0.0007475867370374233,14.64789742064373,23.597167507683796
2025-05-12,0.04559900166410439,15.361425921167399,24.586256762248155
2025-05-13,0.018406524900054518,15.662582914785762,24.99031369945962
2025-05-14,0.0095649369168471,15.821959469237424,25.13929815555
2025-05-15,-0.0030009000692535013,15.77147844990121,25.159662765036494
2025-05-16,0.0040940316521400795,15.84014141352829,25.27260923804101
2025-05-19,0.000564881531961668,15.849654098408415,25.296041470381713
2025-05-20,-0.0044910836203979464,15.773980892877681,25.198344507397184
2025-05-21,-0.012205949669064249,15.56923852634937,24.84644434283574
2025-05-22,0.003635702197633571,15.629479343272735,24.885815761528992
2025-05-23,-0.010598395076738976,15.453233551272259,24.644508070545296
2025-05-27,0.025559819936027288,15.873775238208179,25.256732314135146
2025-05-28,-0.004682701595497674,15.79476038397815,25.13802177539286
2025-05-29,0.0038520834576091043,15.859455202627782,25.19415137108358
2025-05-30,-0.003449864144500528,15.801292372628424,25.166001561051395
2025-06-02,0.007177279782653342,15.921879948696937,25.35084679172553
2025-06-03,0.007064725489883472,16.041428385307245,25.560300057099003
2025-06-04,0.003334844534590287,16.098258899619598,25.63305612076535
2025-06-05,-0.01042206778212478,15.920059686411445,25.419115169811242
2025-06-06,0.011893769826999358,16.121302981780715,25.68193932554519
2025-06-09,0.004468506950556207,16.19780964315738,25.726176793918185
2025-06-10,0.007872929105095216,16.333206779240882,25.902796197500823
2025-06-11,-0.004850482224717257,16.249132367860824,25.803336728333083
2025-06-12,0.002803386281082322,16.297488348901457,25.86773046646711
2025-06-13,-0.011876796454231784,16.092049600612107,25.521627893576266
2025-06-16,0.014532986569210975,16.340448127898092,25.897463179470908
2025-06-17,-0.009460624476031083,16.17639665991395,25.629574213169708
2025-06-18,0.0004054941123687995,16.183361587631257,25.630321362529983
2025-06-20,-0.006522232788947977,16.07128770326006,25.515928484994678
2025-06-23,0.011288035344131529,16.2639890022243,25.79785523831491
2025-06-24,0.014452332604806715,16.51349391337017,26.20760200527002
2025-06-25,0.004412149943116226,16.59076607454381,26.26549889656293
2025-06-26,0.009771477492580704,16.76265384931847,26.522424882827778
2025-06-27,0.006396135279138516,16.876266186255222,26.62898466562763
2025-06-30,0.003697340382521465,16.942360827114367,26.80653561120112
2025-07-01,-0.0096880409799762,16.768534500143762,26.560239740353786
2025-07-02,0.009004462900596701,16.92853060984828,26.761024157380472
2025-07-03,0.00952915889531802,17.099374426789097,27.0369928734944
2025-07-07,-0.009414104868724009,16.928985017877004,26.814579440371524
2025-07-08,-0.0001435158993884504,16.926411923467043,26.835030259399588
2025-07-09,0.008838822791373905,17.08486030174374,27.034466454984493
2025-07-10,0.000582919309231438,17.09540231601838,26.99075582269887
2025-07-11,-0.0003258827877493859,17.08950533586619,26.931094030513254
2025-07-14,0.002028586088524887,17.126201454738826,27.0230891902067
2025-07-15,0.0029778153564714257,17.18017793578524,27.05859554778622
2025-07-16,0.0006039077012409388,17.191157085250595,27.087262615067825
2025-07-17,0.006254564120275243,17.30493484366229,27.29947458577155
2025-07-18,0.0010550278937753092,17.324247060516093,27.280371988185266
2025-07-21,0.005940855428249067,17.433108763134136,27.42086959384995
2025-07-22,-0.005199518214630031,17.337265478367964,27.278053909400818
2025-07-23,0.005050046284284187,17.429869517760928,27.39922860420632
2025-07-24,0.0026278062672210225,17.478299644383764,27.469678562635664
2025-07-25,0.0023263615929710714,17.52128685097987,27.533902276396038
2025-07-28,0.004670198307655284,17.607784933486915,27.63691788915355
2025-07-29,-0.003093354619636356,17.550224456001715,27.57810382412671
2025-07-30,0.0016508627107407942,17.580848329831998,27.623603304399918
2025-07-31,-0.0015771448880560958,17.551543639872857,27.467532902934355
2025-08-01,-0.02348116992923707,17.115931691215344,26.909896062124908
2025-08-04,0.01860799769286524,17.453032906329582,27.431351237279202
2025-08-05,-0.006774411669805684,17.328024464865635,27.222855855700953
2025-08-06,0.015705554146485952,17.6158762454967,27.58636557186053
2025-08-07,0.0043941684666090825,17.69767754187296,27.67769739702578
2025-08-08,0.011520235899213664,17.913079197922766,27.949571159915116
2025-08-11,-0.0028223490442058053,17.859699886925522,27.845796424249887
2025-08-12,0.013083172424259238,18.10644459241595,28.229033757172132
2025-08-13,2.5426276245725483e-05,18.106930398154233,28.241098303572997
2025-08-14,0.0013200466937967155,18.132152438454924,28.220745667633945
2025-08-15,-0.004483145438441684,18.046380216522895,28.07316211659408
2025-08-18,-0.00046982660817329467,18.037431720307787,28.075233540301255
2025-08-19,-0.01456242403906321,17.760200566981954,27.671861490003373
2025-08-20,-0.007741029868431283,17.614977294055187,27.50609490982064
2025-08-21,-0.00459245324767976,17.52948888112562,27.37491511877401
2025-08-22,0.0180000189786846,17.863020032651207,27.810838455143138
2025-08-25,-0.00119854506126785,17.840411853150478,27.72193486539878
2025-08-26,0.004236785509107526,17.920234637075524,27.84415125883159
2025-08-27,0.0017078559270292714,17.95254767194124,27.893882190770206
2025-08-28,0.0059917813493334405,18.06610719360433,28.062591868913767
2025-08-29,-0.012587845964034337,17.826105973117475,27.709441665999552
2025-09-02,-0.00878522790227778,17.660714341631206,27.48346011573946
2025-09-03,0.013334482089960435,17.909545302805554,27.7087304372816
2025-09-04,0.010725259796989796,18.112355088821094,27.976226671226758
2025-09-05,0.0008171166722965502,18.127972112811022,28.000049241214015
2025-09-08,0.0040423295396213406,18.20529367951569,28.134749255208096
2025-09-09,0.00399700955155839,18.2820574217932,28.229771327694458
2025-09-10,-0.00031501674862581883,18.275983250757374,28.24138087929259
2025-09-11,0.006060703889066006,18.392809277410812,28.417068740884364
2025-09-12,0.006461747290913757,18.51812071022233,28.539222871870486
2025-09-15,0.01194774540882312,18.751318247326743,28.786390416971475
2025-09-16,0.00040611190679028166,18.759339492841786,28.76244571680033
2025-09-17,-0.00366390358484095,18.686943178039876,28.70045387228283
2025-09-18,0.007805579056560663,18.840611169398084,28.983927607932344
2025-09-19,0.008404446815702536,19.007360530762323,29.194029839577087
2025-09-22,0.006529114946375841,19.13799088744125,29.359331846119133
2025-09-23,-0.009759297555744827,18.941458242195836,29.137531458625205
2025-09-24,-0.002502653519989153,18.891551681532288,29.04361334721284
2025-09-25,-0.004618561942801995,18.799681317952686,28.913329177514743
2025-09-26,0.0044082490808054564,18.886963244922793,29.04395579066963
2025-09-29,0.0037343022587137814,18.961227176687267,29.175760600892644
2025-09-30,0.0028343571644143316,19.01780442394601,29.259920271141144
2025-10-01,0.0068408792673402006,19.154743807207453,29.408116867809955
2025-10-02,0.002464456400651868,19.204414294586627,29.520795133351807
2025-10-03,-0.004349258008884222,19.116540083901082,29.389308819490704
2025-10-06,0.009075299888069774,19.299103717872864,29.62599472116244
2025-10-07,-0.007076115888835874,19.155464907525698,29.45638942167034
2025-10-08,0.010683876207676376,19.370803399505867,29.819788981193465
2025-10-09,-0.0010891286399264339,19.348616974105155,29.772658703758886
2025-10-10,-0.03623268180192314,18.61133201017319,28.69806395221373
2025-10-13,0.023868035648396964,19.07941598170455,29.346065155555248
2025-10-14,-0.008653629592299646,18.905656153369176,29.136489759997882
2025-10-15,0.007442916602238054,19.05381229203153,29.340068802997138
2025-10-16,-0.0030974051286232025,18.991697510989745,29.232026695024178
2025-10-17,0.006620191343554022,19.124046373794947,29.429070575830508
2025-10-20,0.01367768219808518,19.39929668463524,29.825184261670074
2025-10-21,-0.0017504715283640265,19.363588296590134,29.808155482500457
2025-10-22,-0.008418342945907754,19.192160626700165,29.503936378555842
2025-10-23,0.00876308478840382,19.36910624233301,29.77171518822059
2025-10-24,0.010542980130789697,19.583857324727873,30.09141848371502
2025-10-27,0.02067207614570763,20.00936839071703,30.659577678015015
2025-10-28,0.00900147632988383,20.198483722991877,30.893270192826673
2025-10-29,0.006796520478093096,20.342559651719714,31.025319263417472
2025-10-30,-0.017175269679006316,19.97599543406115,30.55322623494063
2025-10-31,0.006401545195308009,20.110274216848868,30.704428192016962
2025-11-03,0.006117173292357831,20.239409422482524,30.845194005144315
2025-11-04,-0.02079571743912766,19.797720665558632,30.18648845039115
2025-11-05,0.006969375606799915,19.942667792642215,30.412493947746118
2025-11-06,-0.01816897282346905,19.562161030666758,29.811721204928183
2025-11-07,-0.004778950489638783,19.463895481141222,29.72561463586588
2025-11-10,0.023764917661658475,19.95021827228733,30.402330800678776
2025-11-11,-0.0026919416754568057,19.89382150661024,30.306389159749
2025-11-12,-0.003736197992420371,19.815758052643254,30.286575333444762
2025-11-13,-0.022175844809019324,19.354151032485742,29.644263959846878
2025-11-14,0.0008280262465983166,19.371004803767864,29.662384726543053
2025-11-17,-0.005668591422830082,19.255529900662797,29.4069650125462
2025-11-18,-0.014066591126579705,18.970603643497963,29.04303622222621
2025-11-19,0.007280810286049773,19.116005819924165,29.211525587096872
2025-11-20,-0.021973425523756383,18.673988264204613,28.49286608560055
2025-11-21,0.00740816452968924,18.81973640622102,28.719925255130267
2025-11-24,0.029662205178744606,19.40763349409098,29.49760955608838
2025-11-25,0.006522002012264771,19.540732120805004,29.67479171640071
2025-11-26,0.007835725840993544,19.70168366627692,29.942790839338358
2025-11-28,0.007440020269227428,19.85570461236116,30.185497040663083
2025-12-01,-0.003309983470105192,19.786672574836846,30.072646356038092
2025-12-02,0.007201086831383163,19.936359208983777,30.333815767515784
2025-12-03,0.0010706249027820215,19.958774196526505,30.395953689312055
2025-12-04,-0.00022866288828752126,19.953981702683762,30.36549777404286
2025-12-05,0.004125920959565879,20.040436174977224,30.50079886011845
2025-12-08,-0.0029588514847796116,19.978180649160482,30.422204494720205
2025-12-09,0.0019279021518339324,20.018624528775558,30.472155739931722
2025-12-10,0.003597150324236158,20.094231680814243,30.604267072969208
2025-12-11,-0.00545391278999283,19.979185580855177,30.494225382573713
2025-12-12,-0.017983210185237433,19.601912477039555,29.893490955107588
2025-12-15,-0.004946030955055291,19.50001478019478,29.734760031400786
2025-12-16,0.0032247840039463884,19.566122899938613,29.81527734851794
2025-12-17,-0.02092346897624504,19.135808265480104,29.220218382538526
2025-12-18,0.01615081321676235,19.461017943744412,29.676029781206026
2025-12-19,0.012168945311261455,19.71000695211458,30.07672933571523
2025-12-22,0.004589779502486115,19.805061317519737,30.218366823096233
2025-12-23,0.007584801537305867,19.962863578584603,30.373014767125884
2025-12-24,0.002139967068381344,20.007723416301744,30.456781705018347
2025-12-26,-0.0006292867814764848,19.994503533646952,30.442363159190716
2025-12-29,-0.005077085482168796,19.887912644550934,30.296666639227446
2025-12-30,-0.0015549833880453125,19.855432287377717,30.219422889980468
2025-12-31,-0.007556269498617366,19.697843020504127,29.95861986905445
2026-01-02,-0.0016777697454006782,19.663116805689274,29.905064586063396
2026-01-05,0.006871274625135191,19.80509875587241,30.144336773982236
2026-01-06,0.005645777003326255,19.922559703980248,30.436625435257316
2026-01-07,0.002263626530939114,19.969920565221333,30.4540229996881
2026-01-08,-0.005211635517979715,19.86063298239441,30.274031845146272
2026-01-09,0.010257204021201897,20.074604750906243,30.591785847117418
2026-01-12,0.0015592180961670717,20.107464656003422,30.618024678978127
2026-01-13,-0.0018151848487921295,20.06915070596343,30.561978898119488
2026-01-14,-0.012543022406514956,19.80487987657229,30.223565737394814
2026-01-15,0.002934623527518913,19.865934366545286,30.323039574819486
2026-01-16,-1.704525451340933e-05,19.86557870138335,30.301202218997833
2026-01-20,-0.025667599731287776,19.330009379114557,29.63704151603086
2026-01-21,0.011845666851511819,19.57083189730766,30.052698426002507
2026-01-22,0.010311151751738593,19.782940866660304,30.287825371797506
2026-01-23,0.004829843105963913,19.8833192103268,30.39464378322207
2026-01-26,0.005770722425997811,20.003831048823102,30.526743142712117
2026-01-27,0.010976054483613657,20.2343702427796,30.80448873326619
2026-01-28,0.0019996564080447614,20.27683168730637,30.906314175408138
2026-01-29,-0.00723089150415396,20.12298122582331,30.736514904447507
2026-01-30,-0.009592744426021526,19.920353865408334,30.32956276346497
2026-02-02,0.005300951315672736,20.03125164275551,30.5578839448949
2026-02-03,-0.0173138670011638,19.667119348944833,30.067459415286937
2026-02-04,-0.017285774280820496,19.309872188844196,29.518932049370086
2026-02-05,-0.014498388890881569,19.01541176352623,29.098933531096577
2026-02-06,0.01783293827893894,19.37234536613274,29.745181807092834
2026-02-09,0.009261890856074803,19.561031805396127,29.981046323410162
2026-02-10,-0.005539691918156192,19.44713002367482,29.808780501676825
2026-02-11,9.050120182087206e-05,19.44898051351575,29.8990442864104
2026-02-12,-0.02192646383992684,19.00060668172278,29.26926203285407
2026-02-13,-0.00335733386203037,18.93345796764908,29.32458461144731
2026-02-17,0.0023059823801511075,18.97942417049796,29.286415336917067
2026-02-18,0.008572776123078356,19.150703300979657,29.528285784630455
2026-02-19,-0.003384188879068827,19.082509514963068,29.40380160131245
2026-02-20,0.011208349469833245,19.307601299838023,29.667753665215272
2026-02-23,-0.012018955407974907,19.063525145372335,29.295414655173204
2026-02-24,0.009971821805017407,19.263595042902473,29.624129242471216
2026-02-25,0.014735249851599562,19.562184178751277,30.055713365247975
2026-02-26,-0.014693701280041941,19.2600495867635,29.694421150074344
2026-02-27,-0.007408238401136913,19.1099583094059,29.603285691087112
2026-03-02,0.00127856157820441,19.1356701294396,29.643207892962618
2026-03-03,-0.010134048743606135,18.931614266862685,29.309074078093115
2026-03-04,0.014174694000191109,19.214138800025303,29.767141293098366
2026-03-05,-0.0004435495030746118,19.20517282880547,29.677306161363152
2026-03-06,-0.016531514790464268,18.871150715342186,29.214590815241568
2026-03-09,0.015021336776473942,19.16964196237341,29.612126958517038
2026-03-10,0.0009567360788584247,19.18893898653647,29.598910556852417
2026-03-11,0.0012282810570753298,19.213736677856083,29.60938022673423
2026-03-12,-0.01798061196915634,18.85028132220485,29.080408058496907
2026-03-13,-0.01042221651302143,18.643397392420447,28.893000488670545
2026-03-16,0.012776264474197297,18.89436663267777,29.229696642692275
2026-03-17,0.0052864760017712195,18.99953772445186,29.38305623301735
2026-03-18,-0.014496338008573658,18.709617665582986,28.947389130563444
2026-03-19,-0.003721937148744845,18.636259707405895,28.86179502933159
2026-03-20,-0.01983808795117164,18.24671386029833,28.301313273650326
2026-03-23,0.01353503459194291,18.507218798178695,28.657418548072812
2026-03-24,-0.010008534855767274,18.311980118898045,28.429193155022407
2026-03-25,0.007355314674681225,18.454025809663726,28.626019117265322
2026-03-26,-0.025851442709419404,17.951111175977637,27.919802526268978
2026-03-27,-0.022003152480402303,17.534126987099544,27.362886493015438
2026-03-30,-0.007415704536445005,17.396683377522262,27.14293961066527
2026-03-31,0.03912934687911822,18.11653358282664,28.107638749093702
2026-04-01,0.013257404201666477,18.369969195468904,28.450700040934706
2026-04-02,-0.0001956466161982688,18.366179526539945,28.482013262200628
2026-04-06,0.005330067576352329,18.469402572112173,28.66180805056444
2026-04-07,0.0020319719779278178,18.5089638525657,28.674313223511103
2026-04-08,0.03045719761005716,19.103152219790754,29.53355893492317
2026-04-09,0.01035892107074843,19.311399186908808,29.752931086996206
2026-04-10,0.005109428622469276,19.4151788312768,29.794924712578887
2026-04-13,0.011458694789979927,19.64911013458726,30.122758046785293
2026-04-14,0.020834110068277654,20.079315967943238,30.684650286355023
2026-04-15,0.016487839337423555,20.42686834296547,31.12920655042862
2026-04-16,0.0033168298466802683,20.497937619406308,31.28666109397828
2026-04-17,0.014519741780315046,20.81008212244941,31.702832866489864
2026-04-20,-0.004403662162854014,20.71403788903804,31.60218322670655
2026-04-21,-0.004813462279913807,20.609518186714535,31.466247542616628
2026-04-22,0.019332232373616753,21.027278413781996,32.02756265719974
2026-04-23,-0.007883988442631766,20.85361560534511,31.83794955993487
2026-04-24,0.019913519711807146,21.288798010476405,32.47679099948454
2026-04-27,0.0012591645792848056,21.31686327544603,32.479255155547754
2026-04-28,-0.009685584796562764,21.1007114037984,32.140032583016115
2026-04-29,0.002997632210400647,21.166961208175195,32.33371908112018
2026-04-30,0.01020291677458994,21.393128868527768,32.65880328883429
2026-05-01,0.009841994855288519,21.613521927645632,32.97542938263656
2026-05-04,-0.0025483473829307057,21.55589481822247,32.90365514986033
2026-05-05,0.011673734565591678,21.819206347219804,33.34902082574089
2026-05-06,0.021626371779837616,22.312702987405608,34.06519222407911
2026-05-07,-0.0015176739600479276,22.27732190514329,34.02200842788086
2026-05-08,0.019677852086689856,22.735369602566962,34.84476595082331
2026-05-11,0.0003408769733672371,22.74346044351884,34.949805093098234
2026-05-12,-0.008232691774246733,22.54798785203333,34.636098150161914
2026-05-13,0.014370338210365867,22.886380401640636,35.0065477344179
2026-05-14,0.00834116494648211,23.08562064054514,35.268148193603444
2026-05-15,-0.015368227643587973,22.715467339604142,34.71015214637079
2026-05-18,-0.005257827341023502,22.590775507020822,34.54974253131286
2026-05-19,-0.008435824364030679,22.391767868232318,34.3345275949111
2026-05-20,0.016222556437746033,22.77124214265337,34.921652888356554
2026-05-21,0.0017156524009794094,22.812025331309677,34.99469152774249
2026-05-22,0.001837232396531416,22.855773555675388,35.147181838523395
2026-05-26,0.013108181721590022,23.168479370552284,35.78435656026938
2026-05-27,0.0005803354170323514,23.18250519510683,35.75033252786297
2026-05-28,0.009584114489599569,23.41427309354207,36.057248074691145
2026-05-29,0.0029978241293033975,23.487462790521295,36.19124643880522
2026-06-01,0.004982651120854914,23.609475274441376,36.412776224127
2026-06-02,0.0011193015870933664,23.637020699173593,36.5926931426747
2026-06-03,-0.006632963172841216,23.47360424818745,36.48313039417682
2026-06-04,-0.003970699472142096,23.376426920717755,36.282750683053614
2026-06-05,-0.04488001407842709,22.282412537334192,34.50465973049056
2026-06-08,0.010862498836241003,22.535317716425865,35.06456675589469
2026-06-09,-0.011790428654360486,22.257826232032638,34.66025119005851
2026-06-10,-0.02140036110983948,21.76010035203724,33.953445500528105
2026-06-11,0.027642194487563037,22.389239472524707,35.103703493058106
2026-06-12,0.00391266109837692,22.480753639929475,35.33637825633733
2026-06-15,0.03021371351257029,23.190194403465544,36.449633197857786
2026-06-16,-0.015293999972662871,22.820229570920233,35.74366326193871
2026-06-17,-0.011398208278451182,22.54872163303036,35.37929145036343
2026-06-18,0.02329516462133852,23.097292980093883,36.280763074178516
2026-06-22,-0.011141252808550444,22.828818947000947,36.208289586231764
2026-06-23,-0.027587677711248742,22.171437169651387,34.982430615163594
2026-06-24,-0.005132264186794811,22.05251523250902,34.82646079149653
2026-06-25,-0.00012978464276970487,22.049523370054626,35.09651936459391
2026-06-26,-9.04485854941762e-05,22.04743857326949,34.7016197964648
2026-06-29,0.0006228535297696177,22.061793751737,35.50656068081605
2026-06-30,0.00032211447815879573,22.06922228939675,36.12156757683103
2026-07-01,-0.003083591166259872,21.99808623933268,35.54871475193443
2026-07-02,0.000631013973927459,22.012598353123284,34.960289131236955
2026-07-06,-0.0002633403049209734,22.00653820845595,35.4122977312374
2026-07-07,-0.0025092183321632896,21.948809781023677,34.768784213476515
2026-07-08,-6.5607108441486785e-06,21.948659220518486,34.8663087573779
2026-07-09,0.0008041031726479051,21.967112310205724,35.44813695343576
2026-07-10,-0.0013339636675941539,21.936475016834354,
