Quarter,Date,Ticker,Type,Prev_Weight_Pct,New_Weight_Pct,Weight_Change_Pct,Portfolio_Value_USD,Trade_Value_USD
1997Q1,1997-01-02,AAPL,BUY,0.0,0.1316102115501046,0.1316102115501046,100000.0,131.6102115501046
1997Q1,1997-01-02,ADSK,BUY,0.0,0.08104461929945243,0.08104461929945243,100000.0,81.04461929945244
1997Q1,1997-01-02,AMAT,BUY,0.0,0.14413103764374421,0.14413103764374421,100000.0,144.1310376437442
1997Q1,1997-01-02,AMGN,BUY,0.0,0.2821115529110163,0.2821115529110163,100000.0,282.1115529110163
1997Q1,1997-01-02,COMS,BUY,0.0,1.4078792248896144,1.4078792248896144,100000.0,1407.8792248896145
1997Q1,1997-01-02,COST,BUY,0.0,0.20530217374732265,0.20530217374732265,100000.0,205.30217374732266
1997Q1,1997-01-02,CSCO,BUY,0.0,1.0103758386012482,1.0103758386012482,100000.0,1010.3758386012481
1997Q1,1997-01-02,DELL,BUY,0.0,0.20350272965071925,0.20350272965071925,100000.0,203.50272965071926
1997Q1,1997-01-02,DIGI,BUY,0.0,0.0017131451625063683,0.0017131451625063683,100000.0,1.7131451625063683
1997Q1,1997-01-02,INTC,BUY,0.0,2.640572349059935,2.640572349059935,100000.0,2640.572349059935
1997Q1,1997-01-02,MCIC,BUY,0.0,90.60602276083517,90.60602276083517,100000.0,90606.02276083517
1997Q1,1997-01-02,MSFT,BUY,0.0,2.6280937604868986,2.6280937604868986,100000.0,2628.0937604868986
1997Q1,1997-01-02,ORCL,BUY,0.0,0.6106568453383383,0.6106568453383383,100000.0,610.6568453383384
1997Q1,1997-01-02,PCAR,BUY,0.0,0.046983749767304996,0.046983749767304996,100000.0,46.983749767305
1997Q2,1997-04-01,AAPL,REBALANCE,0.11480376392771696,0.10913611111221291,-0.00566765281550404,100223.21217600262,-5.6803037066818005
1997Q2,1997-04-01,ADBE,BUY,0.0,0.11050327382437335,0.11050327382437335,100223.21217600262,110.74993058643086
1997Q2,1997-04-01,ADSK,REBALANCE,0.08969563742857233,0.09160558253661212,0.001909945108039793,100223.21217600262,1.914208338075904
1997Q2,1997-04-01,AMAT,REBALANCE,0.18557743068288549,0.1912937840863941,0.005716353403508638,100223.21217600262,5.72911300032861
1997Q2,1997-04-01,AMGN,REBALANCE,0.28924822909875536,0.29646347571173676,0.007215246612981381,100223.21217600262,7.231351921950171
1997Q2,1997-04-01,COMS,REBALANCE,1.4047436659855084,1.4009592156303696,-0.003784450355138677,100223.21217600262,-3.792897709126121
1997Q2,1997-04-01,COST,REBALANCE,0.22522760677780806,0.23572286988450017,0.010495263106692111,100223.21217600262,10.51868981184976
1997Q2,1997-04-01,CSCO,REBALANCE,0.7625310804945722,0.7735455584351925,0.01101447794062023,100223.21217600262,11.039063596506816
1997Q2,1997-04-01,DELL,REBALANCE,0.20304949844687395,0.20250247284703285,-0.0005470255998410879,100223.21217600262,-0.5482466275857846
1997Q2,1997-04-01,INTC,REBALANCE,2.800366317925855,2.8086501211493324,0.008283803223477562,100223.21217600262,8.30229368090846
1997Q2,1997-04-01,MCIC,REBALANCE,90.40422951294093,90.20535959925714,-0.1988699136837968,100223.21217600262,-199.31381554554494
1997Q2,1997-04-01,MSFT,REBALANCE,2.909853872711242,2.9876274807162098,0.07777360800496763,100223.21217600262,77.94720816775127
1997Q2,1997-04-01,ORCL,REBALANCE,0.5627784321570086,0.5353154854013711,-0.02746294675563749,100223.21217600262,-27.524247396685187
1997Q2,1997-04-01,PCAR,REBALANCE,0.04618562067958116,0.04961024365515879,0.003424622975577629,100223.21217600262,3.4322671510413016
1997Q3,1997-07-01,AAPL,REBALANCE,0.08369608550361393,0.08070760653376595,-0.002988478969847988,102043.32309710649,-3.049543250891062
1997Q3,1997-07-01,ADBE,REBALANCE,0.09483894199574062,0.09450377830978096,-0.0003351636859596596,102043.32309710649,-0.3420121629679868
1997Q3,1997-07-01,ADSK,REBALANCE,0.11138711493078825,0.10590226864641329,-0.005484846284374957,102043.32309710649,-5.596919415344378
1997Q3,1997-07-01,AMAT,REBALANCE,0.2868869057232048,0.2922238236627908,0.005336917939585987,102043.32309710649,5.445968416519167
1997Q3,1997-07-01,AMGN,REBALANCE,0.30290071638850763,0.2852581683738685,-0.017642548014639096,102043.32309710649,-18.00304227314032
1997Q3,1997-07-01,COMS,REBALANCE,1.3759707980544014,1.374818378690172,-0.0011524193642293776,102043.32309710649,-1.1759670152742043
1997Q3,1997-07-01,COST,REBALANCE,0.2755173017583272,0.26730828352692787,-0.008209018231399327,102043.32309710649,-8.376754996967192
1997Q3,1997-07-01,CSCO,REBALANCE,1.0597007221340646,1.0719760247910493,0.012275302656984677,102043.32309710649,12.526126751414571
1997Q3,1997-07-01,DELL,REBALANCE,0.19889050734852934,0.19872393021451287,-0.000166577134016457,102043.32309710649,-0.1699808430703133
1997Q3,1997-07-01,INTC,REBALANCE,2.8128032088352004,2.752236549934255,-0.060566658900945355,102043.32309710649,-61.804231431414074
1997Q3,1997-07-01,KLAC,BUY,0.0,0.09946649574521828,0.09946649574521828,102043.32309710649,101.49891762666277
1997Q3,1997-07-01,MCIC,REBALANCE,88.59639827610943,88.69182544310515,0.09542716699572074,102043.32309710649,97.37705233985868
1997Q3,1997-07-01,MSFT,REBALANCE,4.044466253963786,3.9281719905898225,-0.11629426337396373,102043.32309710649,-118.67053091809379
1997Q3,1997-07-01,ORCL,REBALANCE,0.686821055879166,0.6894916287426891,0.0026705728635232143,102043.32309710649,2.7251412956686423
1997Q3,1997-07-01,PCAR,REBALANCE,0.06804779165772391,0.06571271176341621,-0.002335079894307695,102043.32309710649,-2.382793121123974
1997Q4,1997-10-01,AAPL,REBALANCE,0.12111694305554745,0.12946709790211094,0.008350154846563481,103487.58688591621,8.641373751945927
1997Q4,1997-10-01,ADBE,REBALANCE,0.1343860366465588,0.1336010395800574,-0.0007849970665013955,103487.58688591621,-0.8123745212475252
1997Q4,1997-10-01,ADSK,REBALANCE,0.12384898206743973,0.12356398045512171,-0.0002850016123180253,103487.58688591621,-0.2949412911738785
1997Q4,1997-10-01,AMAT,REBALANCE,0.3875848885298401,0.37194990798194727,-0.0156349805478928,103487.58688591621,-16.18026407909666
1997Q4,1997-10-01,AMGN,REBALANCE,0.2319780882164915,0.2341271602723222,0.002149072055830691,103487.58688591621,2.224022811018732
1997Q4,1997-10-01,COMS,REBALANCE,1.355631532612476,1.3507840794433328,-0.004847453169143021,103487.58688591621,-5.016512310170983
1997Q4,1997-10-01,COST,REBALANCE,0.30166119586834117,0.31743497818809335,0.01577378231975217,103487.58688591621,16.323906683348813
1997Q4,1997-10-01,CSCO,REBALANCE,1.1505131520978356,1.1226164427705454,-0.027896709327290305,103487.58688591621,-28.869631303391046
1997Q4,1997-10-01,DELL,REBALANCE,0.19595055627648558,0.19524987831041046,-0.0007006779660751264,103487.58688591621,-0.7251147189324669
1997Q4,1997-10-01,INTC,REBALANCE,3.5343171879474666,3.627799213356125,0.0934820254086588,103487.58688591621,96.74229226750005
1997Q4,1997-10-01,KLAC,REBALANCE,0.13592654146704716,0.12210099212243207,-0.013825549344615102,103487.58688591621,-14.307727390463773
1997Q4,1997-10-01,MCIC,REBALANCE,87.45405001799914,87.30025818332354,-0.15379183467559843,103487.58688591621,-159.15545853335453
1997Q4,1997-10-01,MSFT,REBALANCE,4.0553331467688984,4.135592228651913,0.08025908188301484,103487.58688591621,83.05818709752361
1997Q4,1997-10-01,ORCL,REBALANCE,0.7376494048828776,0.7532898159037708,0.015640411020893114,103487.58688591621,16.185883944561176
1997Q4,1997-10-01,PCAR,REBALANCE,0.07840275540137948,0.08052133009377639,0.0021185746923969135,103487.58688591621,2.192461825537288
1998Q1,1998-01-02,AAPL,REBALANCE,0.07937913331849233,0.09893724304393067,0.01955810972543834,102148.94058260272,19.978401882518252
1998Q1,1998-01-02,ADBE,REBALANCE,0.11088603075236529,0.11003898886435645,-0.000847041888008839,102148.94058260272,-0.8652443148919052
1998Q1,1998-01-02,ADSK,REBALANCE,0.10220070186139543,0.10424305517861412,0.0020423533172187055,102148.94058260272,2.086242276492551
1998Q1,1998-01-02,AMAT,REBALANCE,0.2383586577849449,0.24627885804044158,0.00792020025549671,102148.94058260272,8.090400653010482
1998Q1,1998-01-02,AMGN,REBALANCE,0.2678111990706023,0.27061816927187066,0.002806970201268315,102148.94058260272,2.8672903230649354
1998Q1,1998-01-02,COMS,REBALANCE,1.3684858990041455,1.367736093316096,-0.000749805688049672,102148.94058260272,-0.765918566770835
1998Q1,1998-01-02,COST,REBALANCE,0.38142642149412975,0.3600298222056312,-0.021396599288498602,102148.94058260272,-21.856399493906032
1998Q1,1998-01-02,CSCO,REBALANCE,1.3017498389029865,1.3596550768115079,0.057905237908521465,102148.94058260272,59.149587065390335
1998Q1,1998-01-02,DELL,REBALANCE,0.19780859821814464,0.19770021711447558,-0.00010838110366907447,102148.94058260272,-0.11071014918969194
1998Q1,1998-01-02,INTC,REBALANCE,2.797930967828436,2.8618715649180406,0.06394059708960467,102148.94058260272,65.31464252922169
1998Q1,1998-01-02,KLAC,REBALANCE,0.07071905775585292,0.07688519825766649,0.0061661405018135634,102148.94058260272,6.298647197437338
1998Q1,1998-01-02,MCIC,REBALANCE,88.44431476608283,88.28176662051266,-0.16254814557016273,102148.94058260272,-166.0412086365881
1998Q1,1998-01-02,MSFT,REBALANCE,4.092812004336225,4.10147557551411,0.008663571177884577,102148.94058260272,8.84974617482881
1998Q1,1998-01-02,ORCL,REBALANCE,0.4673218665758572,0.48730846588907706,0.019986599313219847,102148.94058260272,20.416099456943826
1998Q1,1998-01-02,PCAR,REBALANCE,0.07712964526515134,0.07379075162075936,-0.0033388936443919884,102148.94058260272,-3.4106444849262707
1998Q2,1998-04-01,AAPL,REBALANCE,0.2018453996012242,0.1628859647972333,-0.03895943480399088,104907.53520681878,-40.871382783374344
1998Q2,1998-04-01,ADBE,REBALANCE,0.11737299619792631,0.12097595058427998,0.003602954386353681,104907.53520681878,3.7797706413496095
1998Q2,1998-04-01,ADSK,REBALANCE,0.11848519838768073,0.1205262202186916,0.002041021831010871,104907.53520681878,2.1411856959465867
1998Q2,1998-04-01,AMAT,REBALANCE,0.2810966930661474,0.2907938777949791,0.009697184728831758,104907.53520681878,10.17307748346943
1998Q2,1998-04-01,AMGN,REBALANCE,0.29636380939970824,0.29347075952705687,-0.0028930498726514008,104907.53520681878,-3.035027313702594
1998Q2,1998-04-01,ASND,BUY,0.0,0.0665392005223295,0.0665392005223295,104907.53520681878,69.80463521429857
1998Q2,1998-04-01,COMS,REBALANCE,1.3317708080109973,1.3305943457967304,-0.0011764622142669892,104907.53520681878,-1.2341975116270616
1998Q2,1998-04-01,COST,REBALANCE,0.4193005512554458,0.4318463450031177,0.012545793747671934,104907.53520681878,13.161482992813804
1998Q2,1998-04-01,CSCO,REBALANCE,1.6237094756994463,1.579021660568999,-0.04468781513044737,104907.53520681878,-46.88088539113216
1998Q2,1998-04-01,DELL,REBALANCE,0.19250159382146678,0.19233154139956735,-0.00017005242189944807,104907.53520681878,-0.1783978043742115
1998Q2,1998-04-01,INTC,REBALANCE,3.0976908502026874,2.972170614251164,-0.1255202359515234,104907.53520681878,-131.6801857225264
1998Q2,1998-04-01,KLAC,REBALANCE,0.07413662279388895,0.0758361758257076,0.0016995530318186618,104907.53520681878,1.7829591952137185
1998Q2,1998-04-01,MCIC,REBALANCE,85.96035466153822,86.13128828585425,0.17093362431603865,104907.53520681878,179.32225210963958
1998Q2,1998-04-01,MSFT,REBALANCE,5.530823539779894,5.500170849634041,-0.030652690145853423,104907.53520681878,-32.15698170659825
1998Q2,1998-04-01,ORCL,REBALANCE,0.6712035883980197,0.6467003350213585,-0.024503253376661257,104907.53520681878,-25.705759162936918
1998Q2,1998-04-01,PCAR,REBALANCE,0.08172367557121685,0.08322876852583266,0.0015050929546158213,104907.53520681878,1.5789559212589417
1998Q3,1998-07-01,AAPL,REBALANCE,0.16753484751599199,2.150664602793071,1.9831297552770792,106400.61460506113,2110.062248030657
1998Q3,1998-07-01,ADBE,REBALANCE,0.11206397365425655,1.3335232772588934,1.2214593036046368,106400.61460506113,1299.640206186033
1998Q3,1998-07-01,ADSK,REBALANCE,0.10657923554001948,1.2438068556407806,1.137227620100761,106400.61460506113,1210.0171772457195
1998Q3,1998-07-01,AMAT,REBALANCE,0.23951968731572693,2.85314929076332,2.613629603447593,106400.61460506113,2780.917961568061
1998Q3,1998-07-01,AMGN,REBALANCE,0.31074215173087133,3.877553146216061,3.5668109944851896,106400.61460506113,3795.1088199331343
1998Q3,1998-07-01,ASND,REBALANCE,0.06560548120271696,0.8070199912965214,0.7414145100938044,106400.61460506113,788.8695955109108
1998Q3,1998-07-01,COMS,REBALANCE,1.311922620896446,16.13809948022628,14.826176859329834,106400.61460506113,15775.143300760294
1998Q3,1998-07-01,COST,REBALANCE,0.50306599074031,5.943636894696,5.44057090395569,106400.61460506113,5788.800879832984
1998Q3,1998-07-01,CSCO,REBALANCE,2.096216285736765,18.603586771511342,16.507370485774576,106400.61460506113,17563.943651998612
1998Q3,1998-07-01,DELL,REBALANCE,0.1896326259547481,2.3326910700443055,2.143058444089557,106400.61460506113,2280.227355856949
1998Q3,1998-07-01,DIGI,SELL,0.0015963825957781607,0.0,-0.0015963825957781607,106400.61460506113,-1.6985608933561915
1998Q3,1998-07-01,INTC,REBALANCE,2.78370167977226,18.603586771511342,15.81988509173908,106400.61460506113,16832.45496742482
1998Q3,1998-07-01,KLAC,REBALANCE,0.054124173840048063,0.6215852634235289,0.5674610895834808,106400.61460506113,603.7820869614001
1998Q3,1998-07-01,MCIC,SELL,84.92264064259561,0.0,-84.92264064259561,106400.61460506113,-90358.21158256917
1998Q3,1998-07-01,MSFT,REBALANCE,6.566662606112169,18.603586771511342,12.03692416539917,106400.61460506113,12807.361291529842
1998Q3,1998-07-01,ORCL,REBALANCE,0.49621159537903936,6.015434132326095,5.519222536947057,106400.61460506113,5872.486700732715
1998Q3,1998-07-01,PCAR,REBALANCE,0.07218001749854012,0.872075656803156,0.7998956393046159,106400.61460506113,851.0938764191943
1998Q4,1998-10-01,AAPL,REBALANCE,2.7748475775005548,2.5666934537163058,-0.20815412378424913,109596.27719107388,-228.12917048723673
1998Q4,1998-10-01,ADBE,REBALANCE,1.0603232052756721,1.0576636253360572,-0.002659579939614902,109596.27719107388,-2.914800602738543
1998Q4,1998-10-01,ADSK,REBALANCE,0.8220624140475699,0.8576983008430621,0.035635886795492254,109596.27719107388,39.055605271884986
1998Q4,1998-10-01,AMAT,REBALANCE,2.37089559007554,2.228847324382595,-0.14204826569294526,109596.27719107388,-155.67961101395338
1998Q4,1998-10-01,AMGN,REBALANCE,4.351117408506963,4.378397304790156,0.027279896283192995,109596.27719107388,29.897750747965656
1998Q4,1998-10-01,ASND,REBALANCE,0.7834885022856813,0.8079519064894208,0.02446340420373949,109596.27719107388,26.810980281503152
1998Q4,1998-10-01,COMS,REBALANCE,15.667536774629998,16.156735127734816,0.4891983531048194,109596.27719107388,536.1431830829263
1998Q4,1998-10-01,COST,REBALANCE,4.334897036713244,4.301274158164855,-0.03362287854838872,109596.27719107388,-36.84942317351022
1998Q4,1998-10-01,CSCO,REBALANCE,18.1898741421302,18.42606688197266,0.2361927398424557,109596.27719107388,258.8584498629298
1998Q4,1998-10-01,DELL,REBALANCE,2.2646733073216687,2.3353847706613404,0.07071146333967188,109596.27719107388,77.49713136761137
1998Q4,1998-10-01,INTC,REBALANCE,20.901312734677905,18.42606688197266,-2.475245852705246,109596.27719107388,-2712.7773058914017
1998Q4,1998-10-01,KLAC,REBALANCE,0.5421612579520907,0.5269954735751875,-0.015165784376903243,109596.27719107388,-16.621135083911454
1998Q4,1998-10-01,MSFT,REBALANCE,18.342368048662934,18.42606688197266,0.08369883330972272,109596.27719107388,91.73080535981859
1998Q4,1998-10-01,ORCL,REBALANCE,6.924823099719836,6.757577440685214,-0.1672456590346219,109596.27719107388,-183.29501606562252
1998Q4,1998-10-01,PAYX,BUY,0.0,2.091700379725961,2.091700379725961,109596.27719107388,2292.425746171209
1998Q4,1998-10-01,PCAR,REBALANCE,0.6696188875603947,0.6548800429673627,-0.014738844593031961,109596.27719107388,-16.153224974940912
1999Q1,1999-01-04,AAPL,REBALANCE,2.098506110763003,2.119082487146344,0.02057637638334074,143936.29615924638,29.616874049966558
1999Q1,1999-01-04,ADBE,REBALANCE,1.0865618999206972,1.1488055065587397,0.062243606638042424,143936.29615924638,89.59114199072908
1999Q1,1999-01-04,ADSK,REBALANCE,1.064706767073089,1.0571039310795334,-0.007602835993555587,143936.29615924638,-10.943240532185952
1999Q1,1999-01-04,AMAT,REBALANCE,2.8690961119583527,2.970352769368849,0.10125665741049679,143936.29615924638,145.74508229132616
1999Q1,1999-01-04,AMGN,REBALANCE,4.6132849731937515,4.545544818881013,-0.06774015431273844,143936.29615924638,-97.50266913031372
1999Q1,1999-01-04,ASND,REBALANCE,0.6151924390405596,0.5770991064322967,-0.03809333260826296,143936.29615924638,-54.83013203995615
1999Q1,1999-01-04,COMS,REBALANCE,12.302095224146399,11.5403371539679,-0.761758070178499,143936.29615924638,-1096.4463519090843
1999Q1,1999-01-04,COST,REBALANCE,4.9904015712361485,4.9363735363550125,-0.05402803488113589,143936.29615924638,-77.7659522955327
1999Q1,1999-01-04,CPWR,BUY,0.0,2.6630042319292033,2.6630042319292033,143936.29615924638,3833.0296580028826
1999Q1,1999-01-04,CSCO,REBALANCE,21.06629930865634,18.685031092859038,-2.3812682157972995,143936.29615924638,-3427.5092714360035
1999Q1,1999-01-04,DELL,REBALANCE,1.7782135813057105,1.668104813540533,-0.11010876776517756,143936.29615924638,-158.4864820677828
1999Q1,1999-01-04,INTC,REBALANCE,19.40722078891236,18.685031092859038,-0.7221896960533186,143936.29615924638,-1039.493099742866
1999Q1,1999-01-04,KLAC,REBALANCE,0.6996951195816592,0.7328162160069963,0.03312109642533718,143936.29615924638,47.67327944196289
1999Q1,1999-01-04,MSFT,REBALANCE,17.6789308607771,18.685031092859038,1.0061002320819386,143936.29615924638,1448.143409708324
1999Q1,1999-01-04,ORCL,REBALANCE,7.618675821621293,7.687069363691805,0.06839354207051201,143936.29615924638,98.44313126841094
1999Q1,1999-01-04,PAYX,REBALANCE,1.5917331230397573,1.7883857138737944,0.1966525908340372,143936.29615924638,283.0544555477108
1999Q1,1999-01-04,PCAR,REBALANCE,0.5193862577003499,0.5108270339134962,-0.008559223786853715,143936.29615924638,-12.319829698778427
1999Q2,1999-04-01,AAPL,REBALANCE,1.649761257867649,1.6522496945977225,0.002488436730073429,162302.33317617304,4.038790872522043
1999Q2,1999-04-01,ADBE,REBALANCE,1.2378210178378246,1.1576675428066725,-0.08015347503115208,162302.33317617304,-130.0909600973411
1999Q2,1999-04-01,ADSK,REBALANCE,0.8892632425977792,0.784514977814562,-0.10474826478321722,162302.33317617304,-170.00887770471715
1999Q2,1999-04-01,AMAT,REBALANCE,3.8067099232986497,3.8485308184888227,0.041820895190172735,162302.33317617304,67.87628864881228
1999Q2,1999-04-01,AMGN,REBALANCE,5.773274572755294,5.804884921407779,0.031610348652485326,162302.33317617304,51.304333388106656
1999Q2,1999-04-01,ASND,SELL,0.5117949093591347,0.0,-0.5117949093591347,162302.33317617304,-830.6550789667557
1999Q2,1999-04-01,COMS,REBALANCE,10.234439356876308,10.292350086270693,0.057910729394383686,162302.33317617304,93.99046496642458
1999Q2,1999-04-01,COST,REBALANCE,5.552760645521359,5.537824183981819,-0.014936461539540036,162302.33317617304,-24.242225572635213
1999Q2,1999-04-01,CPWR,REBALANCE,2.361660231860173,2.3750234911301438,0.013363259269971034,162302.33317617304,21.688881583544216
1999Q2,1999-04-01,CSCO,REBALANCE,19.561176793230874,19.4031984702602,-0.1579783229706755,162302.33317617304,-256.4025040939964
1999Q2,1999-04-01,DELL,REBALANCE,1.479343049282072,1.4877137896832904,0.008370740401218366,162302.33317617304,13.585906975297956
1999Q2,1999-04-01,INTC,REBALANCE,16.621733036796613,19.4031984702602,2.7814654334635867,162302.33317617304,4514.383295000156
1999Q2,1999-04-01,KLAC,REBALANCE,0.7276157379749921,0.728568014148352,0.0009522761733599464,162302.33317617304,1.5455664476439712
1999Q2,1999-04-01,MSFT,REBALANCE,21.41712907382421,19.4031984702602,-2.0139306035640097,162302.33317617304,-3268.6563581333717
1999Q2,1999-04-01,ORCL,REBALANCE,6.254047679398357,6.173191198977905,-0.08085648042045132,162302.33317617304,-131.23195424652803
1999Q2,1999-04-01,PAYX,REBALANCE,1.465613366170544,1.4823757566928688,0.01676239052232492,162302.33317617304,27.205750913835047
1999Q2,1999-04-01,PCAR,REBALANCE,0.4558560652472678,0.4655100718852109,0.00965400663794306,162302.33317617304,15.668678018364204
1999Q3,1999-07-01,AAPL,REBALANCE,2.0039478236400803,1.8303034243256542,-0.17364439931442585,172450.0082205572,-299.4497808922646
1999Q3,1999-07-01,ADBE,REBALANCE,1.5782432232367007,1.544296940681079,-0.03394628255562176,172450.0082205572,-58.5403670577433
1999Q3,1999-07-01,ADCT,BUY,0.0,1.4022130769712267,1.4022130769712267,172450.0082205572,2418.1165665066087
1999Q3,1999-07-01,ADSK,REBALANCE,0.5406909043218997,0.5495929977823691,0.008902093460469527,172450.0082205572,15.351660904381385
1999Q3,1999-07-01,AMAT,REBALANCE,4.33767363947122,3.814623684760733,-0.5230499547104861,172450.0082205572,-901.9996898958541
1999Q3,1999-07-01,AMGN,REBALANCE,4.441782767557832,4.052593274333108,-0.38918949322472446,172450.0082205572,-671.1573130595823
1999Q3,1999-07-01,COMS,REBALANCE,9.686705440635553,9.074025740995927,-0.6126796996396261,172450.0082205572,-1056.5661923942205
1999Q3,1999-07-01,COST,REBALANCE,4.557351309231198,4.431053085498983,-0.1262982237322144,172450.0082205572,-217.80129720862146
1999Q3,1999-07-01,CPWR,REBALANCE,2.235267240263843,2.093887607139653,-0.14137963312419038,172450.0082205572,-243.80918894485995
1999Q3,1999-07-01,CSCO,REBALANCE,21.480363313531388,18.357878935273607,-3.122484378257778,172450.0082205572,-5384.724566991154
1999Q3,1999-07-01,DELL,REBALANCE,1.400170528580934,1.3116103814646063,-0.08856014711632765,172450.0082205572,-152.7219809822446
1999Q3,1999-07-01,INTC,REBALANCE,18.289529118453256,18.357878935273607,0.0683498168203539,172450.0082205572,117.8692647254361
1999Q3,1999-07-01,KLAC,REBALANCE,0.9160259566866906,0.8682428243313327,-0.04778313235535795,172450.0082205572,-82.40201567485452
1999Q3,1999-07-01,MSFT,REBALANCE,18.376041271727754,18.357878935273607,-0.018162336454144445,172450.0082205572,-31.320950708217357
1999Q3,1999-07-01,ORCL,REBALANCE,8.177962394289032,7.959428359691399,-0.21853403459763387,172450.0082205572,-376.86196062833494
1999Q3,1999-07-01,PAYX,REBALANCE,1.4085560130903811,1.3091169433339507,-0.09943906975643044,172450.0082205572,-171.48268396940992
1999Q3,1999-07-01,PCAR,REBALANCE,0.5696890089886651,0.5361556172931117,-0.03353339169555342,172450.0082205572,-57.828336735613526
1999Q3,1999-07-01,QCOM,BUY,0.0,4.149219192118869,4.149219192118869,172450.0082205572,7155.328837897928
1999Q4,1999-10-01,AAPL,REBALANCE,2.2488277354850643,2.2550590885036015,0.006231353018537264,191876.505717797,11.956502430909769
1999Q4,1999-10-01,ADBE,REBALANCE,1.918351946371841,1.8555467654918576,-0.06280518087998337,191876.505717797,-120.50838648225404
1999Q4,1999-10-01,ADCT,REBALANCE,1.2602463013700371,1.26838224596676,0.008135944596722802,191876.505717797,15.610966199327624
1999Q4,1999-10-01,ADSK,SELL,0.36622967744837454,0.0,-0.36622967744837454,191876.505717797,-702.7087079894999
1999Q4,1999-10-01,AMAT,REBALANCE,3.6053453351207514,3.7276624421916713,0.12231710707091975,191876.505717797,234.6977909427772
1999Q4,1999-10-01,AMGN,REBALANCE,4.876329670925956,5.220192294572805,0.3438626236468498,191876.505717797,659.7915867231145
1999Q4,1999-10-01,BBBY,BUY,0.0,0.32265357736703437,0.32265357736703437,191876.505717797,619.0964098253343
1999Q4,1999-10-01,COMS,REBALANCE,8.155327864526326,8.207977331223232,0.05264946669690518,191876.505717797,101.0219569770769
1999Q4,1999-10-01,COST,REBALANCE,3.5813900421924254,3.5846165327825057,0.0032264905900802887,191876.505717797,6.190877401559588
1999Q4,1999-10-01,CPWR,REBALANCE,1.8818923854869016,1.8940415758226845,0.012149190335782739,191876.505717797,23.31144188930421
1999Q4,1999-10-01,CSCO,REBALANCE,17.555443300450936,17.857453341252175,0.30201004080123994,191876.505717797,579.4863132063122
1999Q4,1999-10-01,DELL,REBALANCE,1.1788166572014032,1.186426905295174,0.007610248093770609,191876.505717797,14.6022781187823
1999Q4,1999-10-01,INTC,REBALANCE,20.615199161510702,17.857453341252175,-2.757745820258528,191876.505717797,-5291.466316490662
1999Q4,1999-10-01,KLAC,REBALANCE,0.7818413787221596,0.7547575543676774,-0.027083824354482214,191876.505717797,-51.967495786126165
1999Q4,1999-10-01,MSFT,REBALANCE,16.567840456710858,17.857453341252175,1.2896128845413162,191876.505717797,2474.4641401443655
1999Q4,1999-10-01,NTAP,BUY,0.0,0.8422496168796895,0.8422496168796895,191876.505717797,1616.0791342902808
1999Q4,1999-10-01,ORCL,REBALANCE,8.767350219409844,8.630177393725615,-0.13717282568422862,191876.505717797,-263.20242471726266
1999Q4,1999-10-01,PAYX,REBALANCE,1.2622455381662814,1.2098088493405759,-0.05243668882570548,191876.505717797,-100.6136862328782
1999Q4,1999-10-01,PCAR,REBALANCE,0.46090707797178754,0.45094290587840735,-0.009964172093380151,191876.505717797,-19.1189052364857
1999Q4,1999-10-01,QCOM,REBALANCE,4.9164152154223775,5.017144843611464,0.10072962818908696,191876.505717797,193.2764907917491
2000Q1,2000-01-03,AAPL,REBALANCE,2.396841711094607,2.531127252703246,0.13428554160863915,293154.799479974,393.6645102334032
2000Q1,2000-01-03,ADBE,REBALANCE,1.439744782103926,1.3308173169861082,-0.10892746511781785,293154.799479974,-319.3260919447576
2000Q1,2000-01-03,ADCT,REBALANCE,0.8301851230213906,0.7849597830465898,-0.04522533997480087,293154.799479974,-132.580254717264
2000Q1,2000-01-03,AMAT,REBALANCE,3.9787247156346397,3.7323904315281515,-0.24633428410648847,293154.799479974,-722.1407766228058
2000Q1,2000-01-03,AMGN,REBALANCE,5.03601627458478,4.691016278810471,-0.34499999577430884,293154.799479974,-1011.3840458180939
2000Q1,2000-01-03,BBBY,REBALANCE,0.21118412897334318,0.19967961779234072,-0.01150451118100246,293154.799479974,-33.72602668381895
2000Q1,2000-01-03,COMS,REBALANCE,5.372308459966354,5.079645450459233,-0.2926630095071221,293154.799479974,-857.9556586726612
2000Q1,2000-01-03,COST,REBALANCE,2.973499313619456,2.7046241132212208,-0.2688752003982352,293154.799479974,-788.2205545788247
2000Q1,2000-01-03,CPWR,REBALANCE,1.2396934312443786,1.1721596302428519,-0.06753380100152674,293154.799479974,-197.9785789072304
2000Q1,2000-01-03,CSCO,REBALANCE,18.262010157381596,15.99281468840802,-2.2691954689735754,293154.799479974,-6652.255426878141
2000Q1,2000-01-03,DELL,REBALANCE,0.7765434824244407,0.7342403357840305,-0.04230314664041019,293154.799479974,-124.01370470741386
2000Q1,2000-01-03,INTC,REBALANCE,12.951388699306337,15.99281468840802,3.0414259891016817,293154.799479974,8916.086259682852
2000Q1,2000-01-03,KLAC,REBALANCE,0.8464603064516821,0.7649773779113782,-0.08148292854030392,293154.799479974,-238.8711157727385
2000Q1,2000-01-03,MSFT,REBALANCE,15.067907616075434,15.99281468840802,0.9249070723325842,293154.799479974,2711.4094732726853
2000Q1,2000-01-03,NTAP,REBALANCE,1.278604061776445,1.2574488035517255,-0.021155258224719344,293154.799479974,-62.0176548281467
2000Q1,2000-01-03,ORCL,REBALANCE,13.912124220566833,13.942489111564305,0.030364890997472416,293154.799479974,89.01613531595295
2000Q1,2000-01-03,PAYX,REBALANCE,0.9304474401917794,0.9202090928854032,-0.01023834730637628,293154.799479974,-30.014206516070708
2000Q1,2000-01-03,PCAR,REBALANCE,0.2679045910089437,0.25460870993159673,-0.013295881077346992,293154.799479974,-38.97751351139239
2000Q1,2000-01-03,QCOM,REBALANCE,12.228411441718341,11.921162582455711,-0.30724885926262935,293154.799479974,-900.7147772758686
2000Q2,2000-04-03,AAPL,REBALANCE,2.6758715499836034,2.627437648798199,-0.048433901185404235,366302.22776627186,-177.41445903625046
2000Q2,2000-04-03,ADBE,REBALANCE,1.763331838033592,1.8681097623856717,0.1047779243520796,366302.22776627186,383.8038711089266
2000Q2,2000-04-03,ADCT,REBALANCE,0.6282100144520477,0.6841804237791971,0.05597040932714941,366302.22776627186,205.0208562552495
2000Q2,2000-04-03,AMAT,REBALANCE,4.444492046387044,4.590478687131534,0.14598664074448944,366302.22776627186,534.7523172882087
2000Q2,2000-04-03,AMGN,REBALANCE,3.836297646588332,3.857308336833676,0.021010690245343994,366302.22776627186,76.96262643776582
2000Q2,2000-04-03,BBBY,REBALANCE,0.1598053024987402,0.1740431656141588,0.014237863115418607,366302.22776627186,52.153609778090676
2000Q2,2000-04-03,COMS,REBALANCE,4.065283611676281,4.427480301544305,0.3621966898680239,366302.22776627186,1326.734543882266
2000Q2,2000-04-03,COST,REBALANCE,2.493661175811887,2.7811842784311223,0.2875231026192353,366302.22776627186,1053.2035302369627
2000Q2,2000-04-03,CPWR,REBALANCE,0.9380893571349546,1.021668485287,0.08357912815204535,366302.22776627186,306.1522083685694
2000Q2,2000-04-03,CSCO,REBALANCE,18.474441316076565,15.660125974703273,-2.814315341373291,366302.22776627186,-10308.899791818325
2000Q2,2000-04-03,DELL,REBALANCE,0.5876188078883844,0.639972741205624,0.05235393331723959,366302.22776627186,191.77362406431703
2000Q2,2000-04-03,INTC,REBALANCE,20.52177832431153,15.660125974703273,-4.8616523496082555,366302.22776627186,-17808.340862866342
2000Q2,2000-04-03,KLAC,REBALANCE,0.9262288243153548,0.9471424949456849,0.020913670630330096,366302.22776627186,76.60724142659966
2000Q2,2000-04-03,MSFT,REBALANCE,11.648074703387474,15.660125974703273,4.012051271315799,366302.22776627186,14696.233185954803
2000Q2,2000-04-03,NTAP,REBALANCE,2.005122093016456,1.7503889031007782,-0.254733189915678,366302.22776627186,-933.0933495212167
2000Q2,2000-04-03,ORCL,REBALANCE,15.545679878617499,15.660125974703273,0.11444609608577405,366302.22776627186,419.2185995537184
2000Q2,2000-04-03,PAYX,REBALANCE,0.9663103082596363,1.0561717189611508,0.0898614107015144,366302.22776627186,329.16434930184624
2000Q2,2000-04-03,PCAR,REBALANCE,0.23151772419026237,0.25621222855661463,0.02469450436635226,366302.22776627186,90.4565196297876
2000Q2,2000-04-03,QCOM,REBALANCE,8.088185436632026,8.15604728007617,0.06786184344414331,366302.22776627186,248.57944433915665
2000Q2,2000-04-03,SANM,BUY,0.0,1.731663745305059,1.731663745305059,366302.22776627186,6343.1228764732905
2000Q2,2000-04-03,SBUX,BUY,0.0,0.7808535759419051,0.7808535759419051,366302.22776627186,2860.2840442677957
2000Q2,2000-04-03,VRTS,BUY,0.0,0.009152278425643121,0.009152278425643121,366302.22776627186,33.524999764502624
2000Q3,2000-07-03,AAPL,REBALANCE,2.274033269501587,2.4468543662988216,0.17282109679723456,326429.427024349,564.1389160524083
2000Q3,2000-07-03,ADBE,REBALANCE,2.4487218209949235,2.6354406750702983,0.18671885407537497,326429.427024349,609.5052855046767
2000Q3,2000-07-03,ADCT,REBALANCE,0.7677519018703477,0.7966325129516578,0.028880611081310084,326429.427024349,94.27481327385115
2000Q3,2000-07-03,AMAT,REBALANCE,4.953076096951241,5.543350692717776,0.5902745957665351,326429.427024349,1926.8299808309926
2000Q3,2000-07-03,AMGN,REBALANCE,4.954381589839947,5.181538036384826,0.22715644654487804,326429.427024349,741.505486905317
2000Q3,2000-07-03,BBBY,REBALANCE,0.19530224303951974,0.20264894984778803,0.007346706808268296,326429.427024349,23.981812939389034
2000Q3,2000-07-03,COMS,SELL,4.968289509407466,0.0,-4.968289509407466,326429.427024349,-16217.95897846963
2000Q3,2000-07-03,COST,REBALANCE,1.9593772772617601,2.108749844141713,0.14937256687995276,326429.427024349,487.5960141977922
2000Q3,2000-07-03,CPWR,REBALANCE,1.1464635575618773,1.189590208299151,0.04312665073727354,326429.427024349,140.7780788964742
2000Q3,2000-07-03,CSCO,REBALANCE,14.447636805778732,16.56977231070434,2.12213550492561,326429.427024349,6927.274769408943
2000Q3,2000-07-03,DELL,REBALANCE,0.718144325866251,0.745158843088633,0.02701451722238197,326429.427024349,88.18333378241554
2000Q3,2000-07-03,INTC,REBALANCE,17.810474553895688,16.56977231070434,-1.2407022431913468,326429.427024349,-4050.017223527758
2000Q3,2000-07-03,KLAC,REBALANCE,0.7387804743781687,0.834490123646561,0.09570964926839243,326429.427024349,312.4244597138274
2000Q3,2000-07-03,MSFT,REBALANCE,13.231422641857268,16.56977231070434,3.3383496688470737,326429.427024349,10897.355696086755
2000Q3,2000-07-03,NTAP,REBALANCE,1.9107889599660568,2.4866121591173074,0.5758231991512507,326429.427024349,1879.6563696627036
2000Q3,2000-07-03,ORCL,REBALANCE,18.923684096535208,16.56977231070434,-2.353911785830867,326429.427024349,-7683.860755146321
2000Q3,2000-07-03,PAYX,REBALANCE,1.4280899321565026,1.4611428494550907,0.03305291729858804,326429.427024349,107.89444855261286
2000Q3,2000-07-03,PCAR,REBALANCE,0.22975622449684135,0.2517932088912481,0.02203698439440676,326429.427024349,71.93520189210719
2000Q3,2000-07-03,QCOM,REBALANCE,3.6777725666573224,4.065141656402357,0.3873690897450349,326429.427024349,1264.4867001241537
2000Q3,2000-07-03,SANM,REBALANCE,2.4590888757465117,2.91636824447037,0.45727936872385844,326429.427024349,1492.694423225851
2000Q3,2000-07-03,SBUX,REBALANCE,0.7466930132459191,0.8447417824556989,0.09804876920977987,326429.427024349,320.06003553591074
2000Q3,2000-07-03,VRTS,REBALANCE,0.01027021370901157,0.010656549512451877,0.0003863358034403069,326429.427024349,1.261113749560109
2000Q4,2000-10-02,AAPL,REBALANCE,1.390344045622828,1.262713172088692,-0.1276308735341361,282441.10601769795,-360.48205082986334
2000Q4,2000-10-02,ADBE,REBALANCE,3.6381127302282996,3.8119054039984017,0.1737926737701019,282441.10601769795,490.8619499740055
2000Q4,2000-10-02,ADCT,REBALANCE,0.9207027207133307,0.9037989260480642,-0.01690379466526646,282441.10601769795,-47.74326461153921
2000Q4,2000-10-02,AMAT,REBALANCE,4.193067845917008,3.851573575856598,-0.3414942700604093,282441.10601769795,-964.5201933456843
2000Q4,2000-10-02,AMGN,REBALANCE,5.952565672214946,5.642579019714319,-0.30998665250062674,282441.10601769795,-875.5297298300081
2000Q4,2000-10-02,BBBY,REBALANCE,0.23421017400262717,0.22991015337621956,-0.00430002062640762,282441.10601769795,-12.145025816214826
2000Q4,2000-10-02,COST,REBALANCE,2.580265243277792,2.3049530220350496,-0.2753122212427423,282441.10601769795,-777.594882679893
2000Q4,2000-10-02,CPWR,REBALANCE,1.3748609597376913,1.349618971380483,-0.02524198835720838,282441.10601769795,-71.29375109695789
2000Q4,2000-10-02,CSCO,REBALANCE,16.6459718288952,15.252918480983299,-1.393053347911899,282441.10601769795,-3934.5552832589374
2000Q4,2000-10-02,DELL,REBALANCE,0.8612123696198362,0.8454007979455805,-0.015811571674255627,282441.10601769795,-44.658377915548634
2000Q4,2000-10-02,INTC,REBALANCE,11.911215913079216,15.252918480983299,3.3417025679040826,282441.10601769795,9438.341692610105
2000Q4,2000-10-02,INTU,BUY,0.0,1.5382026953696675,1.5382026953696675,282441.10601769795,4344.51670559613
2000Q4,2000-10-02,KLAC,REBALANCE,0.6783102296564639,0.6169594807193848,-0.06135074893707914,282441.10601769795,-173.2797338480274
2000Q4,2000-10-02,MSFT,REBALANCE,14.437621739391057,15.252918480983299,0.8152967415922419,282441.10601769795,2302.733134279381
2000Q4,2000-10-02,NTAP,REBALANCE,4.547342530029238,4.16248461444388,-0.3848579155853585,282441.10601769795,-1086.996953375945
2000Q4,2000-10-02,ORCL,REBALANCE,17.94014633674614,15.252918480983299,-2.687227855762839,282441.10601769795,-7589.836077032231
2000Q4,2000-10-02,PAYX,REBALANCE,2.113720294822789,2.061809911599979,-0.051910383222809886,282441.10601769795,-146.61626051252975
2000Q4,2000-10-02,PCAR,REBALANCE,0.2737069871524037,0.26233793722419496,-0.011369049928208709,282441.10601769795,-32.11087036093697
2000Q4,2000-10-02,QCOM,REBALANCE,5.579188874219603,5.458809985951615,-0.12037888826798779,282441.10601769795,-339.9994634359135
2000Q4,2000-10-02,SANM,REBALANCE,3.6908761797441425,3.668123867639893,-0.022752312104249578,282441.10601769795,-64.26188195184108
2000Q4,2000-10-02,SBUX,REBALANCE,1.024241027577281,1.0050542399900777,-0.01918678758720347,282441.10601769795,-54.191375070563865
2000Q4,2000-10-02,VRTS,REBALANCE,0.012316236118931973,0.012090114134365604,-0.00022612198456636846,282441.10601769795,-0.6386614341584194
2001Q1,2001-01-02,AAPL,REBALANCE,0.9426546538379651,1.0022156718623154,0.05956101802435023,218554.6469845199,130.1733726835049
2001Q1,2001-01-02,ADBE,REBALANCE,3.692648536259724,2.828978685321535,-0.8636698509381893,218554.6469845199,-1887.5905938296887
2001Q1,2001-01-02,ADCT,REBALANCE,1.1679914923460915,1.1694547917150546,0.0014632993689631113,218554.6469845199,3.198108770164035
2001Q1,2001-01-02,AMAT,REBALANCE,3.2046528225926205,3.4726394016248006,0.26798657903217976,218554.6469845199,585.6971217696719
2001Q1,2001-01-02,AMGN,REBALANCE,6.676837454044309,6.981864854478159,0.30502740043385074,218554.6469845199,666.6515582242604
2001Q1,2001-01-02,BBBY,REBALANCE,0.297115979459715,0.29748821643926654,0.000372236979551523,218554.6469845199,0.8135412166046706
2001Q1,2001-01-02,COST,REBALANCE,3.405012991694835,3.729480649851996,0.3244676581571612,218554.6469845199,709.1391448643225
2001Q1,2001-01-02,CPWR,REBALANCE,1.7441307253749223,1.7463158315221474,0.0021851061472250716,218554.6469845199,4.775651026304799
2001Q1,2001-01-02,CSCO,REBALANCE,13.64645901229547,14.406626271413778,0.7601672591183078,218554.6469845199,1661.3808696579183
2001Q1,2001-01-02,CTAS,BUY,0.0,1.133569903454208,1.133569903454208,218554.6469845199,2477.469700817107
2001Q1,2001-01-02,DELL,REBALANCE,1.092522806970589,1.0938915566100296,0.0013687496394404822,218554.6469845199,2.991465942581035
2001Q1,2001-01-02,INTC,REBALANCE,14.263630773177624,14.406626271413778,0.14299549823615365,218554.6469845199,312.523306373781
2001Q1,2001-01-02,INTU,REBALANCE,1.3753589781457738,1.3345566413699694,-0.04080233677580432,218554.6469845199,-89.17540310179406
2001Q1,2001-01-02,KLAC,REBALANCE,0.6521205420988311,0.7168980395120279,0.0647774974131968,218554.6469845199,141.5742307968188
2001Q1,2001-01-02,MSFT,REBALANCE,14.17596793105211,14.406626271413778,0.23065834036166688,218554.6469845199,504.11452151779343
2001Q1,2001-01-02,NTAP,REBALANCE,2.7107329956474073,2.2673444671696954,-0.4433885284777117,218554.6469845199,-969.0462331843203
2001Q1,2001-01-02,ORCL,REBALANCE,14.549000938360852,14.406626271413778,-0.14237466694707324,218554.6469845199,-311.16645074156185
2001Q1,2001-01-02,PAYX,REBALANCE,2.471982027426812,2.364972648906368,-0.10700937852044408,218554.6469845199,-233.87396946568524
2001Q1,2001-01-02,PCAR,REBALANCE,0.463904188848833,0.4584164908426632,-0.005487698006169731,218554.6469845199,-11.993619004960792
2001Q1,2001-01-02,QCOM,REBALANCE,8.137413578056881,7.019998796647936,-1.1174147814089443,218554.6469845199,-2442.161930861163
2001Q1,2001-01-02,SANM,REBALANCE,3.8796317787375183,3.384937570448355,-0.4946942082891634,218554.6469845199,-1081.1771805792466
2001Q1,2001-01-02,SBUX,REBALANCE,1.4346053386389561,1.3548266702693708,-0.07977866836958551,218554.6469845199,-174.35998702409844
2001Q2,2001-04-02,AAPL,REBALANCE,1.8823065324832893,1.7605347017657782,-0.12177183071751113,172653.78233662533,-210.24367155433552
2001Q2,2001-04-02,ADBE,REBALANCE,2.153525200524677,2.491913523659005,0.3383883231343279,172653.78233662533,584.2402388768988
2001Q2,2001-04-02,ADCT,REBALANCE,1.4803601502880046,1.4153728043007259,-0.06498734598727879,172653.78233662533,-112.20311088722593
2001Q2,2001-04-02,AMAT,REBALANCE,5.00739462537455,4.256080559346645,-0.7513140660279055,172653.78233662533,-1297.1721522242694
2001Q2,2001-04-02,AMGN,REBALANCE,8.319670099417294,7.660475160784299,-0.6591949386329967,172653.78233662533,-1138.1249945214652
2001Q2,2001-04-02,BBBY,REBALANCE,0.37657693475358106,0.36004532550639984,-0.01653160924718123,172653.78233662533,-28.542448646369706
2001Q2,2001-04-02,COST,REBALANCE,4.639713255563899,3.965783350470268,-0.6739299050936315,172653.78233662533,-1163.5654714417842
2001Q2,2001-04-02,CPWR,REBALANCE,2.2105825595970074,2.113538679021034,-0.09704388057597303,172653.78233662533,-167.5499303406551
2001Q2,2001-04-02,CSCO,REBALANCE,7.53902619208572,14.172156167098764,6.633129975013046,172653.78233662533,11452.349789164473
2001Q2,2001-04-02,CTAS,REBALANCE,1.0684591861677082,1.052869260433938,-0.01558992573377025,172653.78233662533,-26.916596442825227
2001Q2,2001-04-02,DELL,REBALANCE,1.3847080542268355,1.3239198052362753,-0.060788248990560276,172653.78233662533,-104.95321109840778
2001Q2,2001-04-02,FISV,BUY,0.0,1.5576767707544341,1.5576767707544341,172653.78233662533,2689.387861286535
2001Q2,2001-04-02,INTC,REBALANCE,15.970816132248993,14.5111039484234,-1.4597121838255926,172653.78233662533,-2520.248296603439
2001Q2,2001-04-02,INTU,REBALANCE,1.1887059318053772,1.1083562176390624,-0.08034971416631467,172653.78233662533,-138.72682060480955
2001Q2,2001-04-02,KLAC,REBALANCE,1.0607013300311594,0.8851307827062713,-0.17557054732488808,172653.78233662533,-303.129190625534
2001Q2,2001-04-02,MSFT,REBALANCE,22.99297104283318,14.5111039484234,-8.481867094409779,172653.78233662533,-14644.264351264106
2001Q2,2001-04-02,NTAP,REBALANCE,0.7517668763538796,0.8135696481197293,0.0618027717658497,172653.78233662533,106.70482304261148
2001Q2,2001-04-02,ORCL,REBALANCE,9.1803169930144,12.939736888717112,3.759419895702712,172653.78233662533,6490.780643846348
2001Q2,2001-04-02,PAYX,REBALANCE,2.286325498399048,2.3304265535377215,0.0441010551386737,172653.78233662533,76.14213974728081
2001Q2,2001-04-02,PCAR,REBALANCE,0.5312232352821358,0.4933068713451982,-0.03791636393693752,172653.78233662533,-65.4640364616428
2001Q2,2001-04-02,QCOM,REBALANCE,6.1224263615710655,6.173602682879974,0.05117632130890795,172653.78233662533,88.35785440057394
2001Q2,2001-04-02,SANM,REBALANCE,2.1878546909617866,2.4080910174816204,0.22023632651983377,172653.78233662533,380.24634781573326
2001Q2,2001-04-02,SBUX,REBALANCE,1.6447660630685506,1.6762716249407283,0.03150556187217768,172653.78233662533,54.39554421872047
2001Q2,2001-04-02,VRTS,REBALANCE,0.019802771015902713,0.018933435583395317,-0.0008693354325073967,172653.78233662533,-1.500940505416481
2001Q3,2001-07-02,AAPL,REBALANCE,1.585915297327197,1.4228238694971254,-0.16309142783007183,201911.94059351875,-329.3010668733761
2001Q3,2001-07-02,ADBE,REBALANCE,2.8646658157223936,2.512901638207741,-0.3517641775146525,201911.94059351875,-710.253877132665
2001Q3,2001-07-02,ADCT,REBALANCE,1.2102774474882152,1.033313505307247,-0.17696394218096825,201911.94059351875,-357.3113298083855
2001Q3,2001-07-02,AMAT,REBALANCE,4.1078647970101185,3.8809111194793124,-0.22695367753080564,201911.94059351875,-458.24657455080643
2001Q3,2001-07-02,AMGN,REBALANCE,6.604032793279324,6.050847450401416,-0.5531853428779085,201911.94059351875,-1116.9472608836957
2001Q3,2001-07-02,BBBY,REBALANCE,0.307872764129615,0.26285632749056204,-0.04501643663905298,201911.94059351875,-90.89356080396365
2001Q3,2001-07-02,CIEN,BUY,0.0,9.828963745054399,9.828963745054399,201911.94059351875,19845.85143787273
2001Q3,2001-07-02,COST,REBALANCE,3.5492283814621723,3.3875260982169557,-0.16170228324521654,201911.94059351875,-326.49621808444505
2001Q3,2001-07-02,CPWR,REBALANCE,1.807275220945747,1.5430196584147788,-0.26425556253096805,201911.94059351875,-533.563534432597
2001Q3,2001-07-02,CSCO,REBALANCE,13.948291928684172,13.202419081040407,-0.7458728476437665,201911.94059351875,-1506.0063410376683
2001Q3,2001-07-02,CTAS,REBALANCE,1.0562913417210436,0.9190791978401348,-0.1372121438809087,201911.94059351875,-277.0477024399138
2001Q3,2001-07-02,DELL,REBALANCE,1.1320764943990056,0.96654691296705,-0.16552958143195573,201911.94059351875,-334.2239901255907
2001Q3,2001-07-02,FISV,REBALANCE,1.9049969838262404,1.4811338294215872,-0.42386315440465316,201911.94059351875,-855.8303205193379
2001Q3,2001-07-02,INTC,REBALANCE,13.802261065244004,13.873684161284125,0.07142309604012131,201911.94059351875,144.2117592465816
2001Q3,2001-07-02,INTU,REBALANCE,1.3657838744522928,1.2631216774502352,-0.10266219700205761,201911.94059351875,-207.28723422279577
2001Q3,2001-07-02,KLAC,REBALANCE,1.1239162614918983,1.0851561590458358,-0.03876010244606241,201911.94059351875,-78.26127502488053
2001Q3,2001-07-02,MSFT,REBALANCE,16.563391986394578,13.873684161284125,-2.6897078251104545,201911.94059351875,-5430.841265976246
2001Q3,2001-07-02,NTAP,REBALANCE,0.5668880913078159,0.5195674795743223,-0.04732061173349372,201911.94059351875,-95.54596545182152
2001Q3,2001-07-02,ORCL,REBALANCE,14.369732341722335,12.169025418732026,-2.2007069229903085,201911.94059351875,-4443.490054985647
2001Q3,2001-07-02,PAYX,REBALANCE,2.156308689192028,1.8746767042660193,-0.2816319849260087,201911.94059351875,-568.6486060961504
2001Q3,2001-07-02,PCAR,REBALANCE,0.48695489448801427,0.43204785092070946,-0.05490704356730476,201911.94059351875,-110.86387718927384
2001Q3,2001-07-02,QCOM,REBALANCE,5.4519524916342075,5.06461274183626,-0.38733974979794705,201911.94059351875,-782.0852055071151
2001Q3,2001-07-02,SANM,REBALANCE,2.464132582680038,2.0421820505000063,-0.4219505321800321,201911.94059351875,-851.9685078693826
2001Q3,2001-07-02,SBUX,REBALANCE,1.5536983534400823,1.2960763386497063,-0.2576220147903761,201911.94059351875,-520.1696094593702
2001Q3,2001-07-02,VRTS,REBALANCE,0.016189875925569603,0.01382263007367376,-0.0023672458518958425,201911.94059351875,-4.77975203818247
2001Q4,2001-10-01,AAPL,REBALANCE,1.3943099922091198,1.37118173384546,-0.023128258363659844,137449.0447839642,-31.789570196017763
2001Q4,2001-10-01,ADBE,REBALANCE,1.8843636604868614,1.9111962590915663,0.026832598604704938,137449.0447839642,36.88115047288224
2001Q4,2001-10-01,ADCT,REBALANCE,1.5179322302748972,1.5315222360314742,0.013590005756576942,137449.0447839642,18.679333098500756
2001Q4,2001-10-01,AMAT,REBALANCE,3.302189793826476,3.272098605773005,-0.030091188053470858,137449.0447839642,-41.360050543642046
2001Q4,2001-10-01,AMGN,REBALANCE,8.608872547191575,8.50870201381927,-0.10017053337230547,137449.0447839642,-137.68344127523596
2001Q4,2001-10-01,BBBY,REBALANCE,0.38613459456428867,0.38959164703229754,0.00345705246800887,137449.0447839642,4.751685594958651
2001Q4,2001-10-01,CIEN,REBALANCE,3.9098471604866125,3.905471596319758,-0.004375564166854418,137449.0447839642,-6.014171151250818
2001Q4,2001-10-01,COST,REBALANCE,4.3075876875930055,4.180055849053219,-0.1275318385397864,137449.0447839642,-175.2912938683639
2001Q4,2001-10-01,CPWR,REBALANCE,2.266687950390356,2.2869815456377447,0.020293595247388926,137449.0447839642,27.893352819860034
2001Q4,2001-10-01,CSCO,REBALANCE,12.97924851530384,12.115415780202394,-0.8638327351014454,137449.0447839642,-1187.3298429281285
2001Q4,2001-10-01,CTAS,REBALANCE,1.1764310130181732,1.1573313143550739,-0.019099698663099275,137449.0447839642,-26.252353369045533
2001Q4,2001-10-01,DELL,REBALANCE,1.419852449164637,1.4325643493224876,0.012711900157850488,137449.0447839642,17.472385340856732
2001Q4,2001-10-01,FISV,REBALANCE,1.7445673222149742,1.7117230018765421,-0.0328443203384321,137449.0447839642,-45.1442045709602
2001Q4,2001-10-01,INTC,REBALANCE,14.250742066855022,14.162913307422526,-0.08782875943249557,137449.0447839642,-120.71979088557102
2001Q4,2001-10-01,INTU,REBALANCE,1.6611045085982707,1.7544899296915364,0.09338542109326546,137449.0447839642,128.357369260176
2001Q4,2001-10-01,KLAC,REBALANCE,0.8609768219380156,0.8501256250816346,-0.010851196856381112,137449.0447839642,-14.91486642672339
2001Q4,2001-10-01,MSFT,REBALANCE,14.285799086709025,14.162913307422526,-0.12288577928649957,137449.0447839642,-168.90532980462422
2001Q4,2001-10-01,NTAP,REBALANCE,0.3788353414825961,0.37753313061349447,-0.0013022108691016377,137449.0447839642,-1.7898764006531593
2001Q4,2001-10-01,NVDA,BUY,0.0,1.865016993388743,1.865016993388743,137449.0447839642,2563.448042471436
2001Q4,2001-10-01,ORCL,REBALANCE,11.835955645289916,11.588175847457558,-0.24777979783235787,137449.0447839642,-340.57096528821353
2001Q4,2001-10-01,PAYX,REBALANCE,2.1744220182490883,2.0744205173506716,-0.1000015008984164,137449.0447839642,-137.45110775450073
2001Q4,2001-10-01,PCAR,REBALANCE,0.6087615035136704,0.5962309449345459,-0.01253055857912454,137449.0447839642,-17.223133073101756
2001Q4,2001-10-01,QCOM,REBALANCE,6.048090611165223,5.811147320435298,-0.23694329072992473,137449.0447839642,-325.67628978797273
2001Q4,2001-10-01,SANM,REBALANCE,1.7402557801262102,1.7141187078374829,-0.026137072288727123,137449.0447839642,-35.925156195349636
2001Q4,2001-10-01,SBUX,REBALANCE,1.2367260578959935,1.2485911887231307,0.01186513082713711,137449.0447839642,16.30850898426763
2001Q4,2001-10-01,VRTS,REBALANCE,0.020305372559470927,0.020487166004836178,0.0001817934453652518,137449.0447839642,0.24987335413439646
2002Q1,2002-01-02,AAPL,REBALANCE,1.4841306254115525,1.5409896000575674,0.056858974646014845,179306.88296437,101.95205512327064
2002Q1,2002-01-02,ADBE,REBALANCE,1.8977437514417148,1.8949464785678092,-0.002797272873905632,179306.88296437,-5.01570279820804
2002Q1,2002-01-02,ADCT,REBALANCE,1.1739999320034837,1.1479511089288459,-0.02604882307463783,179306.88296437,-46.70733270403666
2002Q1,2002-01-02,AMAT,REBALANCE,3.5366014416173113,3.5960520894960726,0.05945064787876153,179306.88296437,106.59910361353064
2002Q1,2002-01-02,AMGN,REBALANCE,6.263820946030245,6.14769915877593,-0.1161217872543148,179306.88296437,-208.21435716822893
2002Q1,2002-01-02,BBBY,REBALANCE,0.29864441819024506,0.2920180672002665,-0.006626350989978559,179306.88296437,-11.881503414409226
2002Q1,2002-01-02,CIEN,REBALANCE,4.1633460207214465,4.647380151567751,0.4840341308463045,179306.88296437,867.9065125041886
2002Q1,2002-01-02,COST,REBALANCE,3.999009164921769,3.9508882005048234,-0.048120964416945716,179306.88296437,-86.28420134841897
2002Q1,2002-01-02,CPWR,REBALANCE,1.753102968997155,1.7142049522033198,-0.03889801679383513,179306.88296437,-69.74682144798294
2002Q1,2002-01-02,CSCO,REBALANCE,13.808751232221503,14.514348285641859,0.7055970534203565,179306.88296437,1265.1840827764818
2002Q1,2002-01-02,CTAS,REBALANCE,1.0566685272545622,1.0785197705508767,0.021851243296314334,179306.88296437,39.180783243582084
2002Q1,2002-01-02,DELL,REBALANCE,1.0981430168805286,1.0737773143131064,-0.0243657025674221,179306.88296437,-43.68938178601403
2002Q1,2002-01-02,FISV,REBALANCE,1.6236700952825562,1.7201858663107912,0.09651577102823515,179306.88296437,173.05942059975692
2002Q1,2002-01-02,INTC,REBALANCE,16.71735248437763,14.514348285641859,-2.2030041987357722,179306.88296437,-3950.138160327308
2002Q1,2002-01-02,INTU,REBALANCE,1.6071390227216253,1.5011889185472476,-0.10595010417437778,179306.88296437,-189.97582929257962
2002Q1,2002-01-02,KLAC,REBALANCE,1.0226972864718424,1.0785157344218417,0.05581844794999933,179306.88296437,100.08631913823308
2002Q1,2002-01-02,MSFT,REBALANCE,14.056200792761548,14.514348285641859,0.458147492880312,179306.88296437,821.4899888630963
2002Q1,2002-01-02,NTAP,REBALANCE,0.9307642919323202,1.028937950530198,0.09817365859787798,179306.88296437,176.03212712393722
2002Q1,2002-01-02,NVDA,REBALANCE,3.4817241990888093,3.742245317163943,0.26052111807513406,179306.88296437,467.1322962844488
2002Q1,2002-01-02,ORCL,REBALANCE,9.75153103493161,9.652540068622063,-0.09899096630954785,179306.88296437,-177.49761610595988
2002Q1,2002-01-02,PAYX,REBALANCE,1.7647168941579083,1.7763223478994838,0.011605453741575511,179306.88296437,20.8093773578909
2002Q1,2002-01-02,PCAR,REBALANCE,0.6167029806730114,0.6037371866451718,-0.012965794027839598,179306.88296437,-23.24856112289962
2002Q1,2002-01-02,QCOM,REBALANCE,4.731934029709443,5.060629832668273,0.32869580295882966,179306.88296437,589.3741987201848
2002Q1,2002-01-02,SANM,REBALANCE,1.925479743169725,1.9591510935356362,0.033671350365910985,179306.88296437,60.37504879312697
2002Q1,2002-01-02,SBUX,REBALANCE,1.2204204422781741,1.2337177331106783,0.013297290832504222,179306.88296437,23.842957710470245
2002Q1,2002-01-02,VRTS,REBALANCE,0.015704591765475027,0.015356136777355754,-0.000348454988119274,179306.88296437,-0.624803777730536
2002Q2,2002-04-01,AAPL,REBALANCE,1.765522714823677,1.7298712114698207,-0.03565150335385625,169152.51750074432,-60.30541544991014
2002Q2,2002-04-01,ADBE,REBALANCE,2.6073407476822177,2.585968872504108,-0.021371875178109734,169152.51750074432,-36.151064900889295
2002Q2,2002-04-01,ADCT,REBALANCE,1.2168635630067846,1.2275414678018444,0.01067790479505979,169152.51750074432,18.06194477717633
2002Q2,2002-04-01,AMAT,REBALANCE,5.158932425039491,5.123474686623854,-0.03545773841563751,169152.51750074432,-59.97765717887938
2002Q2,2002-04-01,AMGN,REBALANCE,6.890855486608885,7.155564116602048,0.2647086299931628,169152.51750074432,447.76131167516525
2002Q2,2002-04-01,BBBY,REBALANCE,0.30954815318506423,0.3122644196669282,0.0027162664818639656,169152.51750074432,4.5946331361017965
2002Q2,2002-04-01,CIEN,REBALANCE,3.0983435937722215,2.986857073472232,-0.11148652029998977,169152.51750074432,-188.58225576141106
2002Q2,2002-04-01,COST,REBALANCE,3.7577455317317128,3.7685921724072564,0.01084664067554364,169152.51750074432,18.347365766941806
2002Q2,2002-04-01,CPWR,REBALANCE,1.817110092613972,1.8330551247120082,0.01594503209803623,169152.51750074432,26.971423210130034
2002Q2,2002-04-01,CSCO,REBALANCE,14.383166098455144,14.296779885308315,-0.08638621314683015,169152.51750074432,-146.12445431142217
2002Q2,2002-04-01,CTAS,REBALANCE,1.1937538240658838,1.1867380839203323,-0.007015740145551418,169152.51750074432,-11.867301077510607
2002Q2,2002-04-01,DELL,REBALANCE,1.1382370541809315,1.148225016075954,0.009987961895022504,169152.51750074432,16.894888992445615
2002Q2,2002-04-01,FISV,REBALANCE,1.9815801341705723,1.9762623764424843,-0.005317757728088082,169152.51750074432,-8.995121071651377
2002Q2,2002-04-01,INTC,REBALANCE,14.885649001611299,14.386096652899235,-0.49955234871206233,169152.51750074432,-845.0053740805505
2002Q2,2002-04-01,INTU,REBALANCE,1.4268933776052255,1.4885656422469746,0.06167226464174908,169152.51750074432,104.32018824123996
2002Q2,2002-04-01,KLAC,REBALANCE,1.534035516114443,1.5109671616821827,-0.023068354432260497,169152.51750074432,-39.02070226816316
2002Q2,2002-04-01,MSFT,REBALANCE,14.006167892763106,14.386096652899235,0.37992876013613064,169152.51750074432,642.6590624796293
2002Q2,2002-04-01,NTAP,REBALANCE,1.0163960340904923,0.9721122231814667,-0.04428381090902569,169152.51750074432,-74.9071809978862
2002Q2,2002-04-01,NVDA,REBALANCE,2.6303681777705745,2.594269006174908,-0.036099171595666696,169152.51750074432,-61.06265755098383
2002Q2,2002-04-01,ORCL,REBALANCE,9.483668858131686,9.480083838709968,-0.0035850194217187936,169152.51750074432,-6.064150604727965
2002Q2,2002-04-01,PAYX,REBALANCE,2.1519370881258637,2.1622701024725712,0.010333014346707373,169152.51750074432,17.47855390116861
2002Q2,2002-04-01,PCAR,REBALANCE,0.7171540072414871,0.7379464452928559,0.020792438051368736,169152.51750074432,35.17093241367292
2002Q2,2002-04-01,QCOM,REBALANCE,3.9983547861707978,4.090073628697808,0.09171884252701032,169152.51750074432,155.14473115698127
2002Q2,2002-04-01,SANM,REBALANCE,1.2262279492216561,1.268370519494362,0.04214257027270584,169152.51750074432,71.28521855580222
2002Q2,2002-04-01,SBUX,REBALANCE,1.5878698469685137,1.575532742930897,-0.012337104037616828,169152.51750074432,-20.86852206631484
2002Q2,2002-04-01,VRTS,REBALANCE,0.016277978362988704,0.01642081664700023,0.0001428382840115228,169152.51750074432,0.24161455336035398
2002Q3,2002-07-01,AAPL,REBALANCE,1.6848800421592178,1.6314295090605717,-0.053450533098646155,130013.61233697858,-69.49296889492224
2002Q3,2002-07-01,ADBE,REBALANCE,2.381023080075872,2.325317345223209,-0.055705734852663086,130013.61233697858,-72.42503816080655
2002Q3,2002-07-01,ADCT,REBALANCE,1.59707684359281,1.6598472815851952,0.06277043799238526,130013.61233697858,81.61011391364329
2002Q3,2002-07-01,AMAT,REBALANCE,4.672344824481461,4.499590988830053,-0.1727538356514076,130013.61233697858,-224.60350218108215
2002Q3,2002-07-01,AMGN,REBALANCE,6.532980581511884,6.045841984874892,-0.48713859663699133,130013.61233697858,-633.3464865754157
2002Q3,2002-07-01,BBBY,REBALANCE,0.43807055839614184,0.4714906165262412,0.03342005813009932,130013.61233697858,43.45062482006023
2002Q3,2002-07-01,CIEN,REBALANCE,1.8091542405593293,1.7758408933028786,-0.03331334725645077,130013.61233697858,-43.31188615847339
2002Q3,2002-07-01,COST,REBALANCE,4.755320591819442,4.854167309138323,0.09884671731888173,130013.61233697858,128.51418786279996
2002Q3,2002-07-01,CPWR,REBALANCE,2.384872502880901,2.4786059335310275,0.09373343065012668,130013.61233697858,121.86621915560636
2002Q3,2002-07-01,CSCO,REBALANCE,15.326567811660171,14.443611914692763,-0.8829558969674078,130013.61233697858,-1147.9628569896977
2002Q3,2002-07-01,CTAS,REBALANCE,1.5306739470988426,1.5382292195874971,0.007555272488654445,130013.61233697858,9.822882684401584
2002Q3,2002-07-01,DELL,REBALANCE,1.493883206807404,1.5525977912539615,0.05871458444655746,130013.61233697858,76.33695220761513
2002Q3,2002-07-01,EBAY,BUY,0.0,1.0526588624874222,1.0526588624874222,130013.61233697858,1368.5998127052455
2002Q3,2002-07-01,FISV,REBALANCE,2.0523677973755596,2.048838538156092,-0.003529259219467451,130013.61233697858,-4.588517399965488
2002Q3,2002-07-01,INTC,REBALANCE,11.252945398519362,14.469945903038411,3.2170005045190493,130013.61233697858,4182.538564824042
2002Q3,2002-07-01,INTU,REBALANCE,2.5102119134742753,2.488823968255803,-0.021387945218472385,130013.61233697858,-27.807240183190032
2002Q3,2002-07-01,KLAC,REBALANCE,1.3004000708785717,1.2320547317628638,-0.06834533911570778,130013.61233697858,-88.8582442482897
2002Q3,2002-07-01,MSFT,REBALANCE,16.975819861544164,14.469945903038411,-2.505873958505753,130013.61233697858,-3257.9772540649687
2002Q3,2002-07-01,NTAP,REBALANCE,0.772008820525517,0.7276151405456301,-0.04439367997988676,130013.61233697858,-57.717826991168835
2002Q3,2002-07-01,NVDA,REBALANCE,1.307184720984223,1.3780728746934816,0.07088815370925872,130013.61233697858,92.16424935639712
2002Q3,2002-07-01,ORCL,REBALANCE,9.12518647424712,8.985071702479559,-0.1401147717675591,130013.61233697858,-182.1682761927166
2002Q3,2002-07-01,PAYX,REBALANCE,2.2238013847233713,2.220588916971721,-0.0032124677516506134,130013.61233697858,-4.176645369081481
2002Q3,2002-07-01,PCAR,REBALANCE,0.8770276675162089,0.8677687950554825,-0.009258872460726243,130013.61233697858,-12.037794547863887
2002Q3,2002-07-01,QCOM,REBALANCE,3.8863865169874967,3.7155713745597154,-0.17081514242778123,130013.61233697858,-222.0829370889133
2002Q3,2002-07-01,SANM,REBALANCE,0.8861908868415482,0.8169594513006316,-0.06923143554091651,130013.61233697858,-90.01029021949239
2002Q3,2002-07-01,SBUX,REBALANCE,2.202256091101907,2.227309203973724,0.02505311287181733,130013.61233697858,32.57245704751026
2002Q3,2002-07-01,VRTS,REBALANCE,0.02136408969284679,0.022203769557161756,0.0008396798643149666,130013.61233697858,1.0916981236621284
2002Q4,2002-10-01,AAPL,REBALANCE,1.6672940905052458,1.4263681763415268,-0.24092591416371884,104099.64845035947,-250.80302967024613
2002Q4,2002-10-01,ADBE,REBALANCE,1.9475919758994855,1.7204057580677916,-0.2271862178316937,104099.64845035947,-236.50005409046102
2002Q4,2002-10-01,ADCT,REBALANCE,2.0730400555532333,1.70625378364942,-0.3667862719038135,104099.64845035947,-381.8232196160495
2002Q4,2002-10-01,AMAT,REBALANCE,3.4125893642967577,3.132336064024295,-0.28025330027246287,104099.64845035947,-291.7427003541642
2002Q4,2002-10-01,AMGN,REBALANCE,7.518405155812868,7.2193647179407145,-0.29904043787215423,104099.64845035947,-311.30004454932816
2002Q4,2002-10-01,BBBY,REBALANCE,0.24937518646659,0.19486839575348583,-0.05450679071310415,104099.64845035947,-56.7413775139146
2002Q4,2002-10-01,CIEN,REBALANCE,1.5721213342285594,1.3469638112275362,-0.22515752300102318,104099.64845035947,-234.38818990360238
2002Q4,2002-10-01,CMCSA,BUY,0.0,7.604905868842185,7.604905868842185,104099.64845035947,7916.68027444547
2002Q4,2002-10-01,COST,REBALANCE,5.0814144706597535,4.386127879453585,-0.6952865912061685,104099.64845035947,-723.7908971681094
2002Q4,2002-10-01,CPWR,REBALANCE,3.0956157467900116,2.547903532561317,-0.5477122142286948,104099.64845035947,-570.1664895317509
2002Q4,2002-10-01,CSCO,REBALANCE,13.551978275801815,12.408773443839124,-1.1432048319626908,104099.64845035947,-1190.072211140684
2002Q4,2002-10-01,CTAS,REBALANCE,1.629262708675382,1.4161161144885082,-0.21314659418687382,104099.64845035947,-221.88485523244998
2002Q4,2002-10-01,DELL,REBALANCE,1.939092497930955,1.5960057802925236,-0.3430867176384314,104099.64845035947,-357.1520669414845
2002Q4,2002-10-01,EBAY,REBALANCE,1.1267346855305207,0.9887740509557861,-0.13796063457473476,104099.64845035947,-143.61653559218396
2002Q4,2002-10-01,FISV,REBALANCE,1.9573118492628678,1.7323481334590047,-0.22496371580386296,104099.64845035947,-234.18643729268712
2002Q4,2002-10-01,INTC,REBALANCE,13.755946045870957,13.795253933464643,0.039307887593686974,104099.64845035947,40.9193727982906
2002Q4,2002-10-01,INTU,REBALANCE,2.8464283343057195,2.547126805710991,-0.2993015285947288,104099.64845035947,-311.5718390736648
2002Q4,2002-10-01,KLAC,REBALANCE,0.9773318472338128,0.8959293538275617,-0.08140249340625114,104099.64845035947,-84.73970946573448
2002Q4,2002-10-01,MSFT,REBALANCE,14.450998928519862,13.795253933464643,-0.6557449950552185,104099.64845035947,-682.6282345833096
2002Q4,2002-10-01,NTAP,REBALANCE,0.5354572550528496,0.517718335343605,-0.01773891970924448,104099.64845035947,-18.466153056215035
2002Q4,2002-10-01,NVDA,REBALANCE,0.8575495118471568,0.7454976533182648,-0.11205185852889207,104099.64845035947,-116.64559081067077
2002Q4,2002-10-01,ORCL,REBALANCE,9.313945478076722,8.764206750760511,-0.5497387273162111,104099.64845035947,-572.2760825316559
2002Q4,2002-10-01,PAYX,REBALANCE,2.1602470182004594,1.9384086625282508,-0.2218383556722086,104099.64845035947,-230.93294838282722
2002Q4,2002-10-01,PCAR,REBALANCE,0.8294532283090033,0.7564709945640207,-0.07298223374498257,104099.64845035947,-75.97424875974647
2002Q4,2002-10-01,QCOM,REBALANCE,4.662448779208253,4.302124071605061,-0.3603247076031928,104099.64845035947,-375.09675389470937
2002Q4,2002-10-01,SANM,REBALANCE,0.4479097212846623,0.48029672524551087,0.03238700396084862,104099.64845035947,33.71475726684741
2002Q4,2002-10-01,SBUX,REBALANCE,2.3127253187208674,2.011372646061577,-0.3013526726592903,104099.64845035947,-313.7070728340837
2002Q4,2002-10-01,VRTS,REBALANCE,0.027731047420405233,0.022824549124787964,-0.004906498295617271,104099.64845035947,-5.107647476960458
2003Q1,2003-01-02,AAPL,REBALANCE,1.1964374475280943,1.2439984244862388,0.047560976958144555,122650.37157294649,58.33371496288776
2003Q1,2003-01-02,ADBE,REBALANCE,1.8959619498767337,1.9391649163951845,0.04320296651845086,122650.37157294649,52.98859896541565
2003Q1,2003-01-02,ADCT,REBALANCE,1.4481849240820304,1.4589377261854723,0.010752802103441983,122650.37157294649,13.188351734375198
2003Q1,2003-01-02,AMAT,REBALANCE,2.999238993129317,3.066569594758209,0.06733060162889201,122650.37157294649,82.58123308013641
2003Q1,2003-01-02,AMGN,REBALANCE,7.103136642234123,6.8323481538818065,-0.2707884883523165,122650.37157294649,-332.1230871408811
2003Q1,2003-01-02,BBBY,REBALANCE,0.36136676259087974,0.3791025863213539,0.01773582373047417,122650.37157294649,21.753053706949387
2003Q1,2003-01-02,CIEN,REBALANCE,1.978531492538822,2.148119815128168,0.1695883225893459,122650.37157294649,208.0007078001599
2003Q1,2003-01-02,CMCSA,REBALANCE,7.132522296611968,7.079213874491478,-0.05330842212049047,122650.37157294649,-65.38297781045637
2003Q1,2003-01-02,COST,REBALANCE,3.227057961455013,3.2770590737153125,0.05000111226029988,122650.37157294649,61.326549977863905
2003Q1,2003-01-02,CPWR,REBALANCE,2.162536147453192,2.1785930217158787,0.016056874262686607,122650.37157294649,19.693815946185936
2003Q1,2003-01-02,CSCO,REBALANCE,13.16494962454417,13.228763084548637,0.06381346000446653,122650.37157294649,78.26744580903178
2003Q1,2003-01-02,CTAS,REBALANCE,1.3117445949563422,1.3307774045486274,0.019032809592285302,122650.37157294649,23.343811685709326
2003Q1,2003-01-02,DELL,REBALANCE,1.3546118003758276,1.3646698201592216,0.010058019783393962,122650.37157294649,12.336198637213162
2003Q1,2003-01-02,EBAY,REBALANCE,1.0777527244937855,1.0957253992554756,0.017972674761690052,122650.37157294649,22.043552376810023
2003Q1,2003-01-02,FISV,REBALANCE,1.7776991026408635,1.8161366937613812,0.03843759112051766,122650.37157294649,47.1438483330048
2003Q1,2003-01-02,INTC,REBALANCE,13.138909996828305,13.72918614832129,0.5902761514929855,122650.37157294649,723.9758931126353
2003Q1,2003-01-02,INTU,REBALANCE,2.227876452852305,2.172417776707939,-0.05545867614436609,122650.37157294649,-68.02027236050203
2003Q1,2003-01-02,KLAC,REBALANCE,0.9626373359973643,0.979140479313474,0.016503143316109678,122650.37157294649,20.241166598424403
2003Q1,2003-01-02,MSFT,REBALANCE,13.839543062915283,13.72918614832129,-0.11035691459399255,122650.37157294649,-135.3531658059711
2003Q1,2003-01-02,NTAP,REBALANCE,0.5994735712770999,0.5884026588211385,-0.011070912455961313,122650.37157294649,-13.578515263752166
2003Q1,2003-01-02,NVDA,REBALANCE,0.8508086137571258,0.8699364963323755,0.01912788257524972,122650.37157294649,23.46041905258067
2003Q1,2003-01-02,ORCL,REBALANCE,10.221022023228311,9.83679148104066,-0.3842305421876524,122650.37157294649,-471.2601876899026
2003Q1,2003-01-02,PAYX,REBALANCE,1.8988650658159474,1.9142795068665206,0.0154144410505732,122650.37157294649,18.905869224420826
2003Q1,2003-01-02,PCAR,REBALANCE,0.8941105073702337,0.8744420085968008,-0.019668498773432914,122650.37157294649,-24.123486828435894
2003Q1,2003-01-02,QCOM,REBALANCE,4.810850774984053,4.58922352132057,-0.22162725366348252,122650.37157294649,-271.826650125178
2003Q1,2003-01-02,SANM,REBALANCE,0.6607795270936857,0.5545398996198846,-0.10623962747380111,122650.37157294649,-130.30329785433122
2003Q1,2003-01-02,SBUX,REBALANCE,1.6840181755352166,1.70375801671746,0.01973984118224352,122650.37157294649,24.21098855793119
2003Q1,2003-01-02,VRTS,REBALANCE,0.01937236316088322,0.01951620334584926,0.00014384018496604086,122650.37157294649,0.17642052133206262
2003Q2,2003-04-01,AAPL,REBALANCE,1.1958342557646247,1.1932186451546989,-0.002615610609925899,125898.4993640431,-3.293014507103402
2003Q2,2003-04-01,ADBE,REBALANCE,2.3505051480582733,2.326557452152263,-0.023947695906010452,125898.4993640431,-30.149789777931545
2003Q2,2003-04-01,ADCT,REBALANCE,1.4212977527319373,1.4626355251798573,0.04133777244792001,125898.4993640431,52.04363518245416
2003Q2,2003-04-01,AMAT,REBALANCE,2.88428005075359,2.806054654541358,-0.07822539621223194,125898.4993640431,-98.48459995277703
2003Q2,2003-04-01,AMGN,REBALANCE,7.924225382792684,8.127376787378564,0.2031514045858801,125898.4993640431,255.76456981059889
2003Q2,2003-04-01,BBBY,REBALANCE,0.27699142550220146,0.29668364284971976,0.019692217347518255,125898.4993640431,24.792206132031257
2003Q2,2003-04-01,CIEN,REBALANCE,1.779201522553649,1.637012861279781,-0.14218866127386798,125898.4993640431,-179.0133908096221
2003Q2,2003-04-01,CMCSA,REBALANCE,8.365422143284814,8.370635774329518,0.005213631044703737,125898.4993640431,6.563883247659889
2003Q2,2003-04-01,COST,REBALANCE,3.4166479319984977,3.443913413671894,0.027265481673396236,125898.4993640431,34.32683227118405
2003Q2,2003-04-01,CPWR,REBALANCE,2.122386247409041,2.1841148469043588,0.061728599495317754,125898.4993640431,77.71538044304533
2003Q2,2003-04-01,CSCO,REBALANCE,12.769410739642067,12.620563216837667,-0.14884752280440172,125898.4993640431,-187.39679755129362
2003Q2,2003-04-01,CTAS,REBALANCE,0.9384545788415491,0.9501352176362727,0.011680638794723565,125898.4993640431,14.70574895869122
2003Q2,2003-04-01,DELL,REBALANCE,1.329461918628061,1.3681286893063276,0.038666770678266564,125898.4993640431,48.68088403647344
2003Q2,2003-04-01,EBAY,REBALANCE,1.3427409022722487,1.3641392941573973,0.02139839188514854,125898.4993640431,26.940254271439187
2003Q2,2003-04-01,FISV,REBALANCE,1.6405587094295033,1.6204225942054613,-0.02013611522404188,125898.4993640431,-25.351066897283353
2003Q2,2003-04-01,INTC,REBALANCE,14.002800757787886,13.36907819218541,-0.6337225656024764,125898.4993640431,-797.8472002248315
2003Q2,2003-04-01,INTU,REBALANCE,1.6779407093819494,1.7045825712611544,0.026641861879204976,125898.4993640431,33.54170430856012
2003Q2,2003-04-01,KLAC,REBALANCE,0.9692513394417974,0.9508807463367812,-0.01837059310501616,125898.4993640431,-23.128301043489717
2003Q2,2003-04-01,MSFT,REBALANCE,12.566711110587178,13.36907819218541,0.802367081598232,125898.4993640431,1010.1681151232414
2003Q2,2003-04-01,NTAP,REBALANCE,0.6414356990503197,0.6213182809243987,-0.020117418125921004,125898.4993640431,-25.32752753132455
2003Q2,2003-04-01,NVDA,REBALANCE,0.9483604322014542,0.9394502712478582,-0.008910160953595932,125898.4993640431,-11.21775893149819
2003Q2,2003-04-01,ORCL,REBALANCE,9.627369024696538,9.465848210185715,-0.16152081451082378,125898.4993640431,-203.35228162970674
2003Q2,2003-04-01,PAYX,REBALANCE,1.8440141837464563,1.8640389731998135,0.020024789453357283,125898.4993640431,25.210909422585992
2003Q2,2003-04-01,PCAR,REBALANCE,0.9323120494150289,0.9282965000219061,-0.004015549393122757,125898.4993640431,-5.055516427163491
2003Q2,2003-04-01,QCOM,REBALANCE,4.4293203452543235,4.459897643340638,0.03057729808631504,125898.4993640431,38.49635943674091
2003Q2,2003-04-01,SANM,REBALANCE,0.48608937186227974,0.495543401077367,0.009454029215087267,125898.4993640431,11.902480911233091
2003Q2,2003-04-01,SBUX,REBALANCE,2.097963510633161,2.040828669771063,-0.05713484086209801,125898.4993640431,-71.93190725941551
2003Q2,2003-04-01,VRTS,REBALANCE,0.019012693591685732,0.019565668786224965,0.0005529751945392312,125898.4993640431,0.6961874717802902
2003Q3,2003-07-01,AAPL,REBALANCE,1.3843221245988504,1.3941643983127678,0.009842273713917514,146277.2279158717,14.397005152611053
2003Q3,2003-07-01,ADBE,REBALANCE,2.0838149142492624,2.1627980652160828,0.07898315096682047,146277.2279158717,115.53436375487301
2003Q3,2003-07-01,ADCT,REBALANCE,1.2588672916510923,1.2676138844027123,0.008746592751619937,146277.2279158717,12.79427341416021
2003Q3,2003-07-01,AMAT,REBALANCE,3.0409875111770446,3.083718235555995,0.042730724378950424,146277.2279158717,62.50531908990027
2003Q3,2003-07-01,AMGN,REBALANCE,8.014893875108246,7.925976031020553,-0.08891784408769365,146277.2279158717,-130.06655745403512
2003Q3,2003-07-01,BBBY,REBALANCE,0.381324058641403,0.3392863337380127,-0.042037724903390285,146277.2279158717,-61.491618667579374
2003Q3,2003-07-01,CIEN,REBALANCE,1.6668825920335553,1.7380393381419117,0.07115674610835634,146277.2279158717,104.08611568243859
2003Q3,2003-07-01,CMCSA,REBALANCE,7.605142057256291,7.55959603083904,-0.04554602641725081,146277.2279158717,-66.6234648689851
2003Q3,2003-07-01,COST,REBALANCE,3.6126169565974746,3.583424900323257,-0.02919205627421803,146277.2279158717,-42.701330689567435
2003Q3,2003-07-01,CPWR,REBALANCE,1.8798331468390488,1.892894201872759,0.013061055033710203,146277.2279158717,19.105349239877707
2003Q3,2003-07-01,CSCO,REBALANCE,14.050725563411273,13.41577414527261,-0.6349514181386628,146277.2279158717,-928.7893330657515
2003Q3,2003-07-01,CTAS,REBALANCE,0.8806524405430409,0.8931226744958951,0.012470233952854154,146277.2279158717,18.24111254085889
2003Q3,2003-07-01,DELL,REBALANCE,1.1775267509145375,1.1857081906998856,0.00818143978534823,146277.2279158717,11.967583321613635
2003Q3,2003-07-01,EBAY,REBALANCE,1.4313172572479789,1.463398390999874,0.0320811337518951,146277.2279158717,46.92739313625524
2003Q3,2003-07-01,FISV,REBALANCE,1.5798605033746769,1.6045426262375067,0.02468212286282981,146277.2279158717,36.10432511453704
2003Q3,2003-07-01,INTC,REBALANCE,14.723782662753655,13.41577414527261,-1.3080085174810434,146277.2279158717,-1913.3186002747607
2003Q3,2003-07-01,INTU,REBALANCE,1.7589521286097742,1.7953470221723418,0.03639489356256735,146277.2279158717,53.23744140625557
2003Q3,2003-07-01,KLAC,REBALANCE,1.0579644984272851,1.066836684364489,0.008872185937203701,146277.2279158717,12.977987644483377
2003Q3,2003-07-01,MSFT,REBALANCE,12.186208817694649,13.41577414527261,1.2295653275779626,146277.2279158717,1798.5740765957507
2003Q3,2003-07-01,NTAP,REBALANCE,0.768446919563833,0.7964833745172283,0.028036454953395216,146277.2279158717,41.010949111708626
2003Q3,2003-07-01,NVDA,REBALANCE,1.4382319812506446,1.4644330520503288,0.026201070799684346,146277.2279158717,38.32620005005318
2003Q3,2003-07-01,ORCL,REBALANCE,9.018136372651536,9.400720748101259,0.3825843754497224,146277.2279158717,559.6338188471047
2003Q3,2003-07-01,PAYX,REBALANCE,1.722623949227815,1.6960494226394527,-0.026574526588362193,146277.2279158717,-38.872480825222496
2003Q3,2003-07-01,PCAR,REBALANCE,1.0806298247836004,1.0784885855284772,-0.0021412392551233006,146277.2279158717,-3.1321454254408243
2003Q3,2003-07-01,QCOM,REBALANCE,3.8382057960784284,3.881017390064888,0.04281159398645956,146277.2279158717,62.62361290999108
2003Q3,2003-07-01,SANM,REBALANCE,0.6672079703135153,0.6933478614911146,0.02613989117759936,146277.2279158717,38.23670819481786
2003Q3,2003-07-01,SBUX,REBALANCE,1.674002115171709,1.7687131981638429,0.09471108299213375,146277.2279158717,138.5407467299939
2003Q3,2003-07-01,VRTS,REBALANCE,0.016839862050546453,0.016956865182112753,0.00011700313156630252,146277.2279158717,0.17114893742994758
2003Q4,2003-10-01,AAPL,REBALANCE,1.3814148754750508,1.440041481056256,0.05862660558120531,160484.66220611133,94.08670992990656
2003Q4,2003-10-01,ADBE,REBALANCE,2.4220450117656127,2.48833605216401,0.06629104039839705,160484.66220611133,106.3869522562843
2003Q4,2003-10-01,ADCT,SELL,1.1553941824045395,0.0,-1.1553941824045395,160484.66220611133,-1854.230450780987
2003Q4,2003-10-01,AMAT,REBALANCE,3.2170692783926738,3.3549542351904265,0.13788495679775276,160484.66220611133,221.28420714991606
2003Q4,2003-10-01,AMGN,REBALANCE,7.06872998891974,7.566447503348633,0.49771751442889284,160484.66220611133,798.7602717718621
2003Q4,2003-10-01,BBBY,REBALANCE,0.3162589874566906,0.38211658915920177,0.06585760170251115,160484.66220611133,105.69134962932124
2003Q4,2003-10-01,BIIB,BUY,0.0,1.5667114478622874,1.5667114478622874,160484.66220611133,2514.331574846268
2003Q4,2003-10-01,CIEN,SELL,1.7956011924989281,0.0,-1.7956011924989281,160484.66220611133,-2881.6645083508115
2003Q4,2003-10-01,CMCSA,REBALANCE,7.0364724640995915,7.478018349384236,0.44154588528464433,160484.66220611133,708.6134224840453
2003Q4,2003-10-01,COST,REBALANCE,2.779830581678801,3.00677993023823,0.22694934855942878,160484.66220611133,364.2188954145695
2003Q4,2003-10-01,CPWR,REBALANCE,1.7253194964660583,1.7953077419624188,0.06998824549636039,160484.66220611133,112.32039936881789
2003Q4,2003-10-01,CSCO,REBALANCE,14.267324344849827,14.069122982750951,-0.1982013620988765,160484.66220611133,-318.08278645229353
2003Q4,2003-10-01,CTAS,REBALANCE,0.8503584987012841,0.9086926001008617,0.05833410139957761,160484.66220611133,93.6172855820826
2003Q4,2003-10-01,DELL,REBALANCE,1.0807394605097538,1.124580070225631,0.04384060971587712,160484.66220611133,70.35745441162501
2003Q4,2003-10-01,EBAY,REBALANCE,1.3759140337465332,1.4244107651250761,0.0484967313785431,160484.66220611133,77.8298155338601
2003Q4,2003-10-01,FISV,REBALANCE,1.4883329280212452,1.5818882754433379,0.09355534742209286,160484.66220611133,150.14198328609962
2003Q4,2003-10-01,INTC,REBALANCE,16.183817849734954,14.069122982750951,-2.114694866984004,160484.66220611133,-3393.7609139692545
2003Q4,2003-10-01,INTU,REBALANCE,1.7699626202452565,1.8628881802191477,0.09292555997389117,160484.66220611133,149.13127102723664
2003Q4,2003-10-01,KLAC,REBALANCE,1.0799694830330089,1.1399093863549197,0.05993990332191085,160484.66220611133,96.19435137283833
2003Q4,2003-10-01,MSFT,REBALANCE,13.258235551904344,14.069122982750951,0.8108874308466074,160484.66220611133,1301.3499542659924
2003Q4,2003-10-01,NTAP,REBALANCE,0.9268783873921136,0.9520938987626906,0.02521551137057692,160484.66220611133,40.467028246613964
2003Q4,2003-10-01,NVDA,REBALANCE,0.9304451905999295,0.9376064408494013,0.007161250249471812,160484.66220611133,11.492708272599144
2003Q4,2003-10-01,ORCL,REBALANCE,8.026267945076446,8.453274846889334,0.42700690181288886,160484.66220611133,685.2805839711962
2003Q4,2003-10-01,PAYX,REBALANCE,1.7999718192922936,1.9061381492275713,0.10616632993527761,160484.66220611133,170.38067597325593
2003Q4,2003-10-01,PCAR,REBALANCE,1.0823405292751678,1.168217575738891,0.08587704646372316,160484.66220611133,137.81948792989138
2003Q4,2003-10-01,QCOM,REBALANCE,4.108681733319873,4.333065745780974,0.2243840124611013,160484.66220611133,360.1019244427172
2003Q4,2003-10-01,SANM,REBALANCE,0.9659495214130289,0.9646194220342241,-0.0013300993788047458,160484.66220611133,-2.134605495080381
2003Q4,2003-10-01,SBUX,REBALANCE,1.8912182875167123,1.9404496395374708,0.04923135202075865,160484.66220611133,79.00876899001608
2003Q4,2003-10-01,VRTS,REBALANCE,0.015455702737480408,0.016082669232512333,0.0006269664950319271,160484.66220611133,1.006185061697484
2004Q1,2004-01-02,AAPL,REBALANCE,1.3189424034039288,1.360987337973364,0.04204493456943497,180716.30317162056,75.9820514248096
2004Q1,2004-01-02,ADBE,REBALANCE,2.1923698299620384,2.2571730003848725,0.06480317042283426,180716.30317162056,117.1098939261511
2004Q1,2004-01-02,AMAT,REBALANCE,3.6876347468841013,3.68861198842722,0.000977241543118762,180716.30317162056,1.766034789781525
2004Q1,2004-01-02,AMGN,REBALANCE,6.435053576187485,6.57216048622581,0.1371069100383246,180716.30317162056,247.77453921409972
2004Q1,2004-01-02,BBBY,REBALANCE,0.4528300809589063,0.41480646314097774,-0.038023617817928554,180716.30317162056,-68.71487645266609
2004Q1,2004-01-02,BIIB,REBALANCE,1.5338308962253173,1.5866309669012744,0.052800070675956996,180716.30317162056,95.41833579759236
2004Q1,2004-01-02,CMCSA,REBALANCE,7.06531434002388,7.158886891594837,0.09357255157095706,180716.30317162056,169.10085598239175
2004Q1,2004-01-02,COST,REBALANCE,3.1870521896394823,3.1218153780975055,-0.06523681154197714,180716.30317162056,-117.89355412569816
2004Q1,2004-01-02,CPWR,REBALANCE,1.594318561570161,1.65768124939044,0.063362687820279,180716.30317162056,114.5067070189829
2004Q1,2004-01-02,CSCO,REBALANCE,15.453336215102912,13.946452838560877,-1.5068833765420342,180716.30317162056,-2723.183931194455
2004Q1,2004-01-02,CTAS,REBALANCE,1.0923756238611562,1.0841858282420074,-0.008189795619148801,180716.30317162056,-14.800295880237046
2004Q1,2004-01-02,DELL,REBALANCE,0.9986805259207374,1.0383708888892185,0.03969036296848118,180716.30317162056,71.72695667203706
2004Q1,2004-01-02,EBAY,REBALANCE,1.5236397150636098,1.5147841445590853,-0.008855570504524672,180716.30317162056,-16.003459640533414
2004Q1,2004-01-02,FISV,REBALANCE,1.5305999741907625,1.514920591689146,-0.015679382501616705,180716.30317162056,-28.335200417059667
2004Q1,2004-01-02,INTC,REBALANCE,14.559309787684477,13.946452838560877,-0.6128569491235997,180716.30317162056,-1107.5324221865487
2004Q1,2004-01-02,INTU,REBALANCE,1.8127698138157817,1.8270177154601446,0.014247901644362862,180716.30317162056,25.748281131221102
2004Q1,2004-01-02,KLAC,REBALANCE,1.148443846140928,1.1255119631375554,-0.02293188300337267,180716.30317162056,-41.44165121133628
2004Q1,2004-01-02,MSFT,REBALANCE,12.369802916618335,13.946452838560877,1.5766499219425425,180716.30317162056,2849.2634528928043
2004Q1,2004-01-02,NTAP,REBALANCE,0.8417981236326391,0.8673915892002056,0.025593465567566587,180716.30317162056,46.25156482720795
2004Q1,2004-01-02,NVDA,REBALANCE,1.2095955039476658,1.2410544932375034,0.031458989289837556,180716.30317162056,56.85152245975048
2004Q1,2004-01-02,ORCL,REBALANCE,8.82812885446355,8.773400240522282,-0.05472861394126838,180716.30317162056,-98.90352789172836
2004Q1,2004-01-02,PAYX,REBALANCE,1.8524274145365518,1.8825641328920801,0.03013671835552824,180716.30317162056,54.461963309353834
2004Q1,2004-01-02,PCAR,REBALANCE,1.2082032429777674,1.1968402993269076,-0.011362943650859887,180716.30317162056,-20.534691697308364
2004Q1,2004-01-02,QCOM,REBALANCE,4.987833036795138,5.073458324377429,0.0856252875822916,180716.30317162056,154.73885429878607
2004Q1,2004-01-02,SANM,REBALANCE,1.1173406968472335,1.1750891760428417,0.057748479195608195,180716.30317162056,104.36091674013554
2004Q1,2004-01-02,SBUX,REBALANCE,1.9840858569648938,2.0124484926873496,0.02836263572245576,180716.30317162056,51.2559067596555
2004Q1,2004-01-02,VRTS,REBALANCE,0.014282174291166454,0.014849787924237844,0.0005676136330713894,180716.30317162056,1.025770373984742
2004Q2,2004-04-01,AAPL,REBALANCE,1.788248550557155,1.7495789565825062,-0.038669593974648836,174030.66559124272,-67.29695177551245
2004Q2,2004-04-01,ADBE,REBALANCE,2.3586149881204244,2.347912098465852,-0.010702889654572514,174030.66559124272,-18.626310103348807
2004Q2,2004-04-01,AMAT,REBALANCE,3.640846909620298,3.658072465635065,0.017225556014766746,174030.66559124272,29.977749784290914
2004Q2,2004-04-01,AMGN,REBALANCE,6.422603958778647,6.237165696248481,-0.18543826253016593,174030.66559124272,-322.7194425420838
2004Q2,2004-04-01,BBBY,REBALANCE,0.6694165752869243,0.6803388264294058,0.010922251142481479,174030.66559124272,19.00806636080763
2004Q2,2004-04-01,BIIB,REBALANCE,2.49606669413462,2.448776456475074,-0.04729023765954604,174030.66559124272,-82.29951535858851
2004Q2,2004-04-01,CMCSA,REBALANCE,6.52025518568302,6.393171937130964,-0.12708324855205677,174030.66559124272,-221.16382331011772
2004Q2,2004-04-01,COST,REBALANCE,3.279237374495582,3.2394666295787062,-0.03977074491687549,174030.66559124272,-69.21329208943375
2004Q2,2004-04-01,CPWR,REBALANCE,1.721363451717029,1.6727177559603936,-0.048645695756635576,174030.66559124272,-84.65842810676381
2004Q2,2004-04-01,CSCO,REBALANCE,14.087747829451528,13.420692534589321,-0.6670552948622066,174030.66559124272,-1160.8807695103249
2004Q2,2004-04-01,CTAS,REBALANCE,0.983504040844123,0.9730754850278196,-0.010428555816303399,174030.66559124272,-18.148885098667062
2004Q2,2004-04-01,DELL,REBALANCE,1.0782613956199905,1.0477897507473548,-0.030471644872635817,174030.66559124272,-53.0300063884479
2004Q2,2004-04-01,EBAY,REBALANCE,1.6866712600247846,1.7529507127495774,0.06627945272479271,174030.66559124272,115.34657272718982
2004Q2,2004-04-01,FISV,REBALANCE,1.423127110950881,1.392467997096772,-0.03065911385410902,174030.66559124272,-53.35625990468284
2004Q2,2004-04-01,INTC,REBALANCE,12.30636938209044,13.420692534589321,1.114323152498882,174030.66559124272,1939.263999131123
2004Q2,2004-04-01,INTU,REBALANCE,1.6018213340473524,1.6203705772550976,0.01854924320774526,174030.66559124272,32.28137141657746
2004Q2,2004-04-01,KLAC,REBALANCE,1.0038391952552284,1.0284677284667145,0.024628533211486052,174030.66559124272,42.86120027330944
2004Q2,2004-04-01,MSFT,REBALANCE,13.19115498301498,13.420692534589321,0.22953755157434086,174030.66559124272,399.46572878666746
2004Q2,2004-04-01,NTAP,REBALANCE,0.9487462169293381,0.9347922399012786,-0.013953977028059554,174030.66559124272,-24.28419909838115
2004Q2,2004-04-01,NVDA,REBALANCE,1.466489438719462,1.4069519206365733,-0.0595375180828887,174030.66559124272,-103.6135389961577
2004Q2,2004-04-01,ORCL,REBALANCE,8.263437656594732,8.280304374971834,0.016866718377102352,174030.66559124272,29.353262255071677
2004Q2,2004-04-01,PAYX,REBALANCE,1.876918300329668,1.8737741638700651,-0.0031441364596030558,174030.66559124272,-5.471761607744132
2004Q2,2004-04-01,PCAR,REBALANCE,1.230870378320997,1.2188161561462452,-0.012054222174751918,174030.66559124272,-20.978043082567936
2004Q2,2004-04-01,QCOM,REBALANCE,6.483225502806987,6.336431553882295,-0.14679394892469222,174030.66559124272,-255.46648636131076
2004Q2,2004-04-01,SANM,REBALANCE,1.0691555669884114,1.0705720118028912,0.001416444814479785,174030.66559124272,2.465048338371813
2004Q2,2004-04-01,SBUX,REBALANCE,2.386586400931974,2.3589723600192283,-0.02761404091274587,174030.66559124272,-48.05689919708972
2004Q2,2004-04-01,VRTS,REBALANCE,0.015420263822089731,0.014984487483497096,-0.0004357763385926357,174030.66559124272,-0.7583844625419115
2004Q3,2004-07-01,AAPL,REBALANCE,2.024378585334396,1.9994975004405842,-0.02488108489381198,180999.91178259955,-45.03474170835339
2004Q3,2004-07-01,ADBE,REBALANCE,2.671890767875039,2.567130630208974,-0.10476013766606493,180999.91178259955,-189.61575675890737
2004Q3,2004-07-01,AMAT,REBALANCE,3.235251230789825,3.0694448391579328,-0.16580639163189215,180999.91178259955,-300.1094225836363
2004Q3,2004-07-01,AMGN,REBALANCE,5.627804620982675,5.586894466233107,-0.04091015474956758,180999.91178259955,-74.04734400684228
2004Q3,2004-07-01,BBBY,REBALANCE,0.828482267473554,0.7979571706986004,-0.030525096774953672,180999.91178259955,-55.25039823421929
2004Q3,2004-07-01,BIIB,REBALANCE,2.678442387658222,2.5717244831973916,-0.1067179044608308,180999.91178259955,-193.15931293034262
2004Q3,2004-07-01,CMCSA,REBALANCE,6.005945793300181,5.85068711948929,-0.1552586738108909,180999.91178259955,-281.0180626325465
2004Q3,2004-07-01,COST,REBALANCE,3.4195299807272073,3.4092906225362216,-0.010239358190985981,180999.91178259955,-18.533229292789006
2004Q3,2004-07-01,CPWR,REBALANCE,1.608311195011659,1.604488073181532,-0.0038231218301269104,180999.91178259955,-6.919847139871013
2004Q3,2004-07-01,CSCO,REBALANCE,12.975105794219127,13.482910565681516,0.507804771462389,180999.91178259955,919.1261883747553
2004Q3,2004-07-01,CTAS,REBALANCE,1.0255327844809738,0.9949328739917095,-0.03059991048926427,180999.91178259955,-55.38581099112275
2004Q3,2004-07-01,DELL,REBALANCE,1.0074455060578356,1.0050507040326937,-0.0023948020251419663,180999.91178259955,-4.334589552874866
2004Q3,2004-07-01,EBAY,REBALANCE,2.236974517095523,2.1082685971412407,-0.12870591995428232,180999.91178259955,-232.95760157623423
2004Q3,2004-07-01,FISV,REBALANCE,1.4556321235654226,1.4220113581401586,-0.033620765425263974,180999.91178259955,-60.853555760362525
2004Q3,2004-07-01,GILD,BUY,0.0,2.008055011756752,2.008055011756752,180999.91178259955,3634.5777998257904
2004Q3,2004-07-01,INTC,REBALANCE,13.11366055314478,13.482910565681516,0.36925001253673706,180999.91178259955,668.3421969487318
2004Q3,2004-07-01,INTU,REBALANCE,1.3467816117803935,1.2816433599358963,-0.06513825184449717,180999.91178259955,-117.9001783752674
2004Q3,2004-07-01,KLAC,REBALANCE,0.9711664452473086,0.9102748010362905,-0.060891644211017934,180999.91178259955,-110.21382230491685
2004Q3,2004-07-01,MSFT,REBALANCE,14.782854782872596,13.482910565681516,-1.299944217191079,180999.91178259955,-2352.8978863388575
2004Q3,2004-07-01,NTAP,REBALANCE,0.89879886734391,0.8448227710129766,-0.05397609633093336,180999.91178259955,-97.69668674268033
2004Q3,2004-07-01,NVDA,REBALANCE,1.0489137710917504,1.016467724171652,-0.0324460469200984,180999.91178259955,-58.72731630231896
2004Q3,2004-07-01,ORCL,REBALANCE,7.915039724379169,7.63234670658635,-0.28269301779281913,180999.91178259955,-511.67411282057105
2004Q3,2004-07-01,PAYX,REBALANCE,1.720143726366891,1.663280875424405,-0.056862850942485804,180999.91178259955,-102.92171004297037
2004Q3,2004-07-01,PCAR,REBALANCE,1.2169482485355307,1.1840688460143616,-0.03287940252116907,180999.91178259955,-59.51168955796182
2004Q3,2004-07-01,QCOM,REBALANCE,6.717349046139414,6.615981187689463,-0.10136785844995083,180999.91178259955,-183.4757343703214
2004Q3,2004-07-01,SANM,REBALANCE,0.8484683059146496,0.7516137852424938,-0.09685452067215586,180999.91178259955,-175.30659697406176
2004Q3,2004-07-01,SBUX,REBALANCE,2.604739787558656,2.6409614696335217,0.036221682074865855,180999.91178259955,65.56121260168086
2004Q4,2004-10-01,AAPL,REBALANCE,2.564411864893669,2.375764839386151,-0.18864702550751775,168060.46478917435,-317.0410678788866
2004Q4,2004-10-01,ADBE,REBALANCE,2.942147038779675,2.7755180635127386,-0.1666289752669362,168060.46478917435,-280.0374303070514
2004Q4,2004-10-01,AMAT,REBALANCE,2.7783957382330198,2.7737240648195125,-0.004671673413507091,168060.46478917435,-7.851236052172304
2004Q4,2004-10-01,AMGN,REBALANCE,6.264034330169978,5.8485118800610625,-0.41552245010891486,168060.46478917435,-698.3289609564074
2004Q4,2004-10-01,BBBY,REBALANCE,0.8070965388693088,0.8090080636598554,0.0019115247905467092,168060.46478917435,3.212517447553091
2004Q4,2004-10-01,BIIB,REBALANCE,2.678645120130294,2.5939939371547593,-0.08465118297553455,168060.46478917435,-142.2651715582178
2004Q4,2004-10-01,CMCSA,REBALANCE,6.332539105026763,6.073609241361623,-0.2589298636651395,168060.46478917435,-435.1587323536089
2004Q4,2004-10-01,COST,REBALANCE,3.7102482591744304,3.509682285682827,-0.20056597349160377,168060.46478917435,-337.0721072589215
2004Q4,2004-10-01,CPWR,REBALANCE,1.7280221143408252,1.5923827979913638,-0.13563931634946147,168060.46478917435,-227.95606549376348
2004Q4,2004-10-01,CSCO,REBALANCE,11.089878942878538,12.800358960718999,1.71048001784046,168060.46478917435,2874.6406681086296
2004Q4,2004-10-01,CTAS,REBALANCE,0.9449834119924378,0.9215141730772617,-0.023469238915176105,168060.46478917435,-39.44251200332674
2004Q4,2004-10-01,DELL,REBALANCE,1.0824323792937363,0.9974679643690306,-0.08496441492470558,168060.46478917435,-142.7915906278628
2004Q4,2004-10-01,EBAY,REBALANCE,2.2703431570804886,2.1350908634023584,-0.13525229367813002,168060.46478917435,-227.30563339348438
2004Q4,2004-10-01,FISV,REBALANCE,1.3727938415384242,1.333416351269884,-0.03937749026854034,168060.46478917435,-66.17799316762078
2004Q4,2004-10-01,GILD,REBALANCE,2.4131423180079516,2.243842073990726,-0.16930024401722588,168060.46478917435,-284.52677698455614
2004Q4,2004-10-01,INTC,REBALANCE,10.571523762750363,12.800358960718999,2.228835197968636,168060.46478917435,3745.7907930908036
2004Q4,2004-10-01,INTU,REBALANCE,1.6243277147636976,1.5683989358583346,-0.055928778905363005,168060.46478917435,-93.99416577926277
2004Q4,2004-10-01,KLAC,REBALANCE,0.8235180359139458,0.8308049740389286,0.007286938124982829,168060.46478917435,12.24646208174569
2004Q4,2004-10-01,MSFT,REBALANCE,14.099778620931449,12.800358960718999,-1.2994196602124504,168060.46478917435,-2183.810720514954
2004Q4,2004-10-01,NTAP,REBALANCE,0.9741031606934699,0.975510331086301,0.0014071703928310655,168060.46478917435,2.3648971025675394
2004Q4,2004-10-01,NVDA,REBALANCE,0.7765261940914191,0.7810056828183896,0.004479488726970467,168060.46478917435,7.528249574725235
2004Q4,2004-10-01,ORCL,REBALANCE,7.772121761810662,7.632488608888341,-0.13963315292232076,168060.46478917435,-234.66812580103087
2004Q4,2004-10-01,PAYX,REBALANCE,1.6005716321136632,1.5219781348923196,-0.07859349722134351,168060.46478917435,-132.08459672425673
2004Q4,2004-10-01,PCAR,REBALANCE,1.5253122343675203,1.465036439774833,-0.06027579459268722,168060.46478917435,-101.29978054783817
2004Q4,2004-10-01,QCOM,REBALANCE,7.6373594184606315,7.386189283237156,-0.25117013522347603,168060.46478917435,-422.11769666817156
2004Q4,2004-10-01,SANM,REBALANCE,0.6271266673642962,0.6659564574061828,0.038829790041886546,168060.46478917435,65.25752562105507
2004Q4,2004-10-01,SBUX,REBALANCE,2.9731366683199743,2.7737627853969977,-0.1993738829229763,168060.46478917435,-335.0686743085783
2004Q4,2004-10-01,VRTS,REBALANCE,0.015479913243749513,0.014264833394883061,-0.0012150798488664537,168060.46478917435,-2.042068841564559
2005Q1,2005-01-03,AAPL,REBALANCE,3.4217368133533808,3.4770960785033043,0.05535926514992351,193926.30852652926,107.35617933266006
2005Q1,2005-01-03,ADBE,REBALANCE,3.0511705732252974,3.063507900275579,0.012337327050281413,193926.30852652926,23.925322919455684
2005Q1,2005-01-03,AMAT,REBALANCE,2.4926858010151376,2.4115460509671465,-0.08113975004799129,193926.30852652926,-157.35132201572225
2005Q1,2005-01-03,AMGN,REBALANCE,5.723291479792116,5.820313518089206,0.09702203829708989,193926.30852652926,188.1512573267419
2005Q1,2005-01-03,BBBY,REBALANCE,1.3170730034664715,1.2255365461382355,-0.09153645732823593,193926.30852652926,-177.5132726526096
2005Q1,2005-01-03,BIIB,REBALANCE,2.447928657549958,2.4458278220248837,-0.002100835525074493,193926.30852652926,-4.074072781990893
2005Q1,2005-01-03,CMCSA,REBALANCE,6.20289371648107,6.132770979920013,-0.07012273656105614,193926.30852652926,-135.98643445063905
2005Q1,2005-01-03,COST,REBALANCE,3.5544701380813253,3.5621644883468804,0.007694350265555205,193926.30852652926,14.92136943509241
2005Q1,2005-01-03,CPWR,REBALANCE,1.3799911687387365,1.4239666878650212,0.04397551912628476,193926.30852652926,85.28010089698186
2005Q1,2005-01-03,CSCO,REBALANCE,11.84075612697263,12.247164101862635,0.40640797489000513,193926.30852652926,788.1319832616109
2005Q1,2005-01-03,CTAS,REBALANCE,0.8331759916582313,0.8101608900305849,-0.023015101627646417,193926.30852652926,-44.63233699012385
2005Q1,2005-01-03,DELL,REBALANCE,0.8644259305396831,0.8919721785902744,0.027546248050591346,193926.30852652926,53.419421982072826
2005Q1,2005-01-03,EBAY,REBALANCE,2.3413685014839514,2.356853611555282,0.015485110071330674,193926.30852652926,30.029702332601378
2005Q1,2005-01-03,FISV,REBALANCE,1.3322483994726326,1.333317282222578,0.0010688827499454392,193926.30852652926,2.0728448594460427
2005Q1,2005-01-03,GILD,REBALANCE,1.8202280452498747,1.8489422631369263,0.028714217887051627,193926.30852652926,55.68442277062359
2005Q1,2005-01-03,INTC,REBALANCE,12.95744560990386,12.566159490889877,-0.3912861190139838,193926.30852652926,-758.8067263805407
2005Q1,2005-01-03,INTU,REBALANCE,1.317591318631138,1.287844053485951,-0.02974726514518699,193926.30852652926,-57.68777318366002
2005Q1,2005-01-03,KLAC,REBALANCE,0.8085160046741565,0.7759976113904529,-0.03251839328370365,193926.30852652926,-63.06171968722531
2005Q1,2005-01-03,MSFT,REBALANCE,11.94781167777287,12.566159490889877,0.6183478131170067,193926.30852652926,1199.139087832333
2005Q1,2005-01-03,NTAP,REBALANCE,1.2183989605057388,1.1753369737577621,-0.043061986747976524,193926.30852652926,-83.5085212785341
2005Q1,2005-01-03,NVDA,REBALANCE,1.0982242659897374,1.0891768897131586,-0.009047376276578867,193926.30852652926,-17.545242831674347
2005Q1,2005-01-03,ORCL,REBALANCE,8.045257398615432,7.691309209882315,-0.3539481887331164,193926.30852652926,-686.3986565066454
2005Q1,2005-01-03,PAYX,REBALANCE,1.4968613126838366,1.4875930559526778,-0.009268256731158851,193926.30852652926,-17.97358814349793
2005Q1,2005-01-03,PCAR,REBALANCE,1.5201478274263145,1.5044342676179452,-0.01571355980836929,193926.30852652926,-30.47272647447893
2005Q1,2005-01-03,QCOM,REBALANCE,6.963137408466234,6.921481737156493,-0.04165567130974129,193926.30852652926,-80.78130566292583
2005Q1,2005-01-03,SANM,REBALANCE,0.6933762514006503,0.6590127949628919,-0.03436345643775844,193926.30852652926,-66.63978255186692
2005Q1,2005-01-03,SBUX,REBALANCE,3.297425378309002,3.2115978453917915,-0.08582753291721049,193926.30852652926,-166.44216628573807
2005Q1,2005-01-03,VRTS,REBALANCE,0.01236219339551974,0.01275613350500923,0.00039394010948948775,193926.30852652926,0.7639535121383312
2005Q2,2005-04-01,AAPL,REBALANCE,4.842163571693236,4.868224675281555,0.026061103588318618,180211.14399416704,46.9650129140139
2005Q2,2005-04-01,ADBE,REBALANCE,3.530125096036154,3.5929237255416773,0.06279862950552342,180211.14399416704,113.17012864456228
2005Q2,2005-04-01,AMAT,REBALANCE,2.4660844896670997,2.4871565508397984,0.021072061172698955,180211.14399416704,37.97420250247148
2005Q2,2005-04-01,AMGN,REBALANCE,5.683325366885562,5.626603388415292,-0.05672197847026994,180211.14399416704,-102.2193262973986
2005Q2,2005-04-01,BBBY,REBALANCE,0.8216743405737267,0.8593185786085377,0.037644238034811005,180211.14399416704,67.83911201042025
2005Q2,2005-04-01,BIIB,REBALANCE,1.3635983542156584,1.3888326231545505,0.02523426893889201,180211.14399416704,45.47496473334205
2005Q2,2005-04-01,CMCSA,REBALANCE,6.698664902834627,6.750187380428158,0.05152247759353107,180211.14399416704,92.84924628544073
2005Q2,2005-04-01,COST,REBALANCE,3.5058819016267373,3.5361690656396454,0.03028716401290779,180211.14399416704,54.5808447510508
2005Q2,2005-04-01,CPWR,REBALANCE,1.5323392167764607,1.5429151660367617,0.010575949260301087,180211.14399416704,19.059039150231236
2005Q2,2005-04-01,CSCO,REBALANCE,12.203767134279412,12.157492296101434,-0.04627483817797734,180211.14399416704,-83.39241526198252
2005Q2,2005-04-01,CTAS,REBALANCE,0.8270354516344525,0.8433815279059627,0.016346076271510183,180211.14399416704,29.457451047047588
2005Q2,2005-04-01,DELL,REBALANCE,0.9598566884852411,0.9664814589821636,0.006624770496922554,180211.14399416704,11.938574699492198
2005Q2,2005-04-01,EBAY,REBALANCE,1.624543890568794,1.6592191360008783,0.03467524543208436,180211.14399416704,62.48865647594438
2005Q2,2005-04-01,FISV,REBALANCE,1.4208677850555855,1.4259218801394187,0.005054095083833164,180211.14399416704,9.1080425691287
2005Q2,2005-04-01,GILD,REBALANCE,2.035717427088541,2.0380014863017974,0.002284059213256487,180211.14399416704,4.116129237713686
2005Q2,2005-04-01,INTC,REBALANCE,13.477768412508166,12.62852968292267,-0.8492387295854942,180211.14399416704,-1530.4228298275498
2005Q2,2005-04-01,INTU,REBALANCE,1.3782994813876464,1.4019271442188264,0.023627662831179896,180211.14399416704,42.57968148715389
2005Q2,2005-04-01,KLAC,REBALANCE,0.8248369692545469,0.8398904876293877,0.015053518374840737,180211.14399416704,27.128117674672634
2005Q2,2005-04-01,MSFT,REBALANCE,12.269750800520578,12.62852968292267,0.35877888240209294,180211.14399416704,646.5595283862989
2005Q2,2005-04-01,NTAP,REBALANCE,1.053100968976833,1.0612636299918317,0.008162661014998566,180211.14399416704,14.710024795494803
2005Q2,2005-04-01,NVDA,REBALANCE,1.1820213722623463,1.1776551219271327,-0.004366250335213415,180211.14399416704,-7.868469678737248
2005Q2,2005-04-01,ORCL,REBALANCE,7.528624557435741,7.786904586040966,0.25828002860522475,180211.14399416704,465.4493942579374
2005Q2,2005-04-01,PAYX,REBALANCE,1.5482249428822659,1.5620534257328744,0.013828482850608559,180211.14399416704,24.920467142118884
2005Q2,2005-04-01,PCAR,REBALANCE,1.4602017428526939,1.4857107865624173,0.02550904370972329,180211.14399416704,45.97013949126445
2005Q2,2005-04-01,QCOM,REBALANCE,6.447723379568945,6.312718906994879,-0.13500447257406706,180211.14399416704,-243.29310446901775
2005Q2,2005-04-01,SANM,REBALANCE,0.43705493118533284,0.4406286495885851,0.0035737184032522823,180211.14399416704,6.440238817631018
2005Q2,2005-04-01,SBUX,REBALANCE,2.863019822713003,2.9175372134744566,0.05451739076145316,180211.14399416704,98.24641356698508
2005Q3,2005-07-01,AAPL,REBALANCE,4.23981212542109,4.301247341340248,0.061435215919157515,182788.16464356062,112.2963036234366
2005Q3,2005-07-01,ADBE,REBALANCE,3.0175473623489357,3.0310427120903682,0.013495349741432863,182788.16464356062,24.667902104594635
2005Q3,2005-07-01,AMAT,REBALANCE,2.4460703256471583,2.4863966152676538,0.040326289620495545,182788.16464356062,73.71168466615049
2005Q3,2005-07-01,AMGN,REBALANCE,5.761695290786679,5.910073243516489,0.14837795272981055,182788.16464356062,271.2173365305107
2005Q3,2005-07-01,BBBY,REBALANCE,0.701568837475823,0.727563816341326,0.02599497886550308,182788.16464356062,47.51574476773456
2005Q3,2005-07-01,BIIB,REBALANCE,1.3668717838129079,1.3485523377514343,-0.018319446061473496,182788.16464356062,-33.485779228634456
2005Q3,2005-07-01,CMCSA,REBALANCE,6.042318079473685,6.093049994214658,0.050731914740972245,182788.16464356062,92.73193584355914
2005Q3,2005-07-01,COST,REBALANCE,3.539398162693834,3.6010758605004085,0.06167769780657459,182788.16464356062,112.73953181503934
2005Q3,2005-07-01,CPWR,REBALANCE,1.5211625309529022,1.5271797980943136,0.006017267141411424,182788.16464356062,10.998852169485987
2005Q3,2005-07-01,CSCO,REBALANCE,12.783377347270303,12.877859622999688,0.09448227572938506,182788.16464356062,172.70241771921127
2005Q3,2005-07-01,CTAS,REBALANCE,0.7769439071297304,0.7814532559274348,0.004509348797704371,182788.16464356062,8.242555904700287
2005Q3,2005-07-01,DELL,REBALANCE,0.9528556168391017,0.9566248306325296,0.003769213793427921,182788.16464356062,6.889676714498825
2005Q3,2005-07-01,EBAY,REBALANCE,1.4492390066811356,1.456669900709563,0.007430894028427268,182788.16464356062,13.58279481117015
2005Q3,2005-07-01,FISV,REBALANCE,1.5149638884929275,1.5414409583385789,0.026477069845651235,182788.16464356062,48.396950022259524
2005Q3,2005-07-01,GILD,REBALANCE,2.4689309524292087,2.5196654004927557,0.05073444806354688,182788.16464356062,92.73656645739783
2005Q3,2005-07-01,INTC,REBALANCE,13.992808225367023,12.877859622999688,-1.1149486023673356,182788.16464356062,-2037.9940869862833
2005Q3,2005-07-01,INTU,REBALANCE,1.4244763496103976,1.448479106818401,0.024002757208003468,182788.16464356062,43.87419936435949
2005Q3,2005-07-01,KLAC,REBALANCE,0.788451936088771,0.8033918156583371,0.014939879569566064,182788.16464356062,27.308331665168094
2005Q3,2005-07-01,MSFT,REBALANCE,12.836208739218286,12.877859622999688,0.04165088378140225,182788.16464356062,76.13288602184763
2005Q3,2005-07-01,NTAP,REBALANCE,1.0693764461153774,1.0862900668263542,0.016913620710976712,182788.16464356062,30.916096872367483
2005Q3,2005-07-01,NVDA,REBALANCE,1.3056966549516764,1.3296222439744203,0.023925589022743936,182788.16464356062,43.73314505483485
2005Q3,2005-07-01,ORCL,REBALANCE,8.1200340869279,8.174983067402126,0.05494898047422453,182788.16464356062,100.44023289918351
2005Q3,2005-07-01,PAYX,REBALANCE,1.5323857757553556,1.5767263518726118,0.04434057611725616,182788.16464356062,81.04932527711351
2005Q3,2005-07-01,PCAR,REBALANCE,1.380263934590686,1.403534489890885,0.02327055530019894,182788.16464356062,42.535820935598466
2005Q3,2005-07-01,QCOM,REBALANCE,5.622289270352303,5.9199655284138615,0.2976762580615591,182788.16464356062,544.1169686903531
2005Q3,2005-07-01,SANM,REBALANCE,0.45522187834830913,0.46544043383276434,0.010218555484455254,182788.16464356062,18.678310023119664
2005Q3,2005-07-01,SBUX,REBALANCE,2.876404606999851,2.8759519127904665,-0.0004526942093845132,182788.16464356062,-0.827471436781629
2005Q3,2005-07-01,VRTS,SELL,0.013626830243301531,0.0,-0.013626830243301531,182788.16464356062,-24.908232900824515
2005Q4,2005-10-03,AAPL,REBALANCE,5.921128373413213,5.530731094674682,-0.3903972787385308,193382.8436845075,-754.9613592915041
2005Q4,2005-10-03,ADBE,REBALANCE,2.9891565458632927,2.8105667364451135,-0.1785898094181792,193382.8436845075,-345.36205198361733
2005Q4,2005-10-03,ADSK,BUY,0.0,2.2803703137443527,2.2803703137443527,193382.8436845075,4409.844959256155
2005Q4,2005-10-03,AMAT,REBALANCE,2.4677228443992743,2.2589980190789665,-0.20872482532030764,193382.8436845075,-403.63800267993184
2005Q4,2005-10-03,AMGN,REBALANCE,7.361220215302422,6.665699872474794,-0.6955203428276282,193382.8436845075,-1345.017017364303
2005Q4,2005-10-03,AMZN,BUY,0.0,5.718118427524561,5.718118427524561,193382.8436845075,11057.860020394839
2005Q4,2005-10-03,BBBY,REBALANCE,0.7408266447787638,0.6740593201507716,-0.06676732462799215,193382.8436845075,-129.11655101767775
2005Q4,2005-10-03,BIIB,REBALANCE,1.460783447994581,1.3618253233281052,-0.0989581246664756,193382.8436845075,-191.3680355368906
2005Q4,2005-10-03,CMCSA,REBALANCE,5.516997525575949,4.992390794982355,-0.5246067305935943,193382.8436845075,-1014.4994137822159
2005Q4,2005-10-03,COST,REBALANCE,3.287319733971192,2.9676319485226776,-0.3196877854485143,193382.8436845075,-618.2213304123642
2005Q4,2005-10-03,CPWR,SELL,1.44351167381632,0.0,-1.44351167381632,193382.8436845075,-2791.503923743832
2005Q4,2005-10-03,CSCO,REBALANCE,11.432295854886625,10.39764679807517,-1.0346490568114541,193382.8436845075,-2000.8337682169256
2005Q4,2005-10-03,CTAS,REBALANCE,0.7855230613724701,0.7187986372803238,-0.06672442409214634,193382.8436845075,-129.03358874150322
2005Q4,2005-10-03,DELL,REBALANCE,0.9042151501766648,0.8247158583589284,-0.07949929181773635,193382.8436845075,-153.73799122618357
2005Q4,2005-10-03,EBAY,REBALANCE,1.7184739521908705,1.5964978661146532,-0.12197608607621736,193382.8436845075,-235.88082386925174
2005Q4,2005-10-03,FISV,REBALANCE,1.5582233735828424,1.4028217514741985,-0.15540162210864392,193382.8436845075,-300.5200759655479
2005Q4,2005-10-03,GILD,REBALANCE,2.6398712244204905,2.3568159835875084,-0.28305524083298217,193382.8436845075,-547.3802739208521
2005Q4,2005-10-03,INTC,REBALANCE,11.565010854965006,12.247664056250676,0.6826532012856684,193382.8436845075,1320.1341731495506
2005Q4,2005-10-03,INTU,REBALANCE,1.3600183071201766,1.2398661865382277,-0.12015212058194888,193382.8436845075,-232.35358752861114
2005Q4,2005-10-03,KLAC,REBALANCE,0.8498034269705644,0.7843135483263158,-0.06548987864424868,193382.8436845075,-126.64618964778109
2005Q4,2005-10-03,MSFT,REBALANCE,12.645863628928284,12.247664056250676,-0.3981995726776086,193382.8436845075,-770.0496571835166
2005Q4,2005-10-03,NTAP,REBALANCE,0.8622454353929302,0.7892804118945647,-0.07296502349836559,193382.8436845075,-141.1018373362085
2005Q4,2005-10-03,NVDA,REBALANCE,1.6123624762966213,1.5041710760449327,-0.10819140025168875,193382.8436845075,-209.22360642880312
2005Q4,2005-10-03,ORCL,REBALANCE,7.258799154840971,6.565157052563415,-0.6936421022775557,193382.8436845075,-1341.3848223773373
2005Q4,2005-10-03,PAYX,REBALANCE,1.7061445286236365,1.5415695064245072,-0.16457502219912948,193382.8436845075,-318.2598579230861
2005Q4,2005-10-03,PCAR,REBALANCE,1.3284396451382483,1.216632269087099,-0.11180737605114913,193382.8436845075,-216.2162832567432
2005Q4,2005-10-03,QCOM,REBALANCE,7.602704326382462,6.858174596788046,-0.7445297295944162,193382.8436845075,-1439.7927631662562
2005Q4,2005-10-03,SANM,SELL,0.3450358365606273,0.0,-0.3450358365606273,193382.8436845075,-667.2401124715707
2005Q4,2005-10-03,SBUX,REBALANCE,2.636302710393229,2.447818451987265,-0.1884842584059635,193382.8436845075,-364.49621880310764
2006Q1,2006-01-03,AAPL,REBALANCE,7.170885936122328,7.138356822981799,-0.032529113140529475,200009.39713015303,-65.06128308415839
2006Q1,2006-01-03,ADBE,REBALANCE,3.3647209651796772,3.325687699145273,-0.03903326603440435,200009.39713015303,-78.07020007562093
2006Q1,2006-01-03,ADSK,REBALANCE,2.0391252278998535,1.9605389932900268,-0.07858623460982664,200009.39713015303,-157.17985407040192
2006Q1,2006-01-03,AMAT,REBALANCE,2.3142363616115085,2.296100813492844,-0.01813554811866472,200009.39713015303,-36.272800458390115
2006Q1,2006-01-03,AMGN,REBALANCE,6.379333014239201,6.323916552065478,-0.0554164621737227,200009.39713015303,-110.83813190452207
2006Q1,2006-01-03,AMZN,REBALANCE,5.754454708043845,5.55837786139484,-0.19607684664900496,200009.39713015303,-392.1721188944895
2006Q1,2006-01-03,BBBY,REBALANCE,0.47838626462574824,0.44414063362664435,-0.034245630999103854,200009.39713015303,-68.49448010472443
2006Q1,2006-01-03,BIIB,REBALANCE,1.5101434893285792,1.4987953154350528,-0.011348173893526228,200009.39713015303,-22.697414189723222
2006Q1,2006-01-03,CMCSA,REBALANCE,4.258525808339791,4.2533481550790295,-0.005177653260762111,200009.39713015303,-10.355793072340008
2006Q1,2006-01-03,COST,REBALANCE,3.3018575374693797,3.2581665836910365,-0.043690953778343505,200009.39713015303,-87.38601325247866
2006Q1,2006-01-03,CSCO,REBALANCE,9.604358179077865,9.613901728025404,0.009543548947538172,200009.39713015303,19.08799471479216
2006Q1,2006-01-03,CTAS,REBALANCE,0.6963383501359418,0.6815778869040868,-0.014760463231854992,200009.39713015303,-29.52231352365107
2006Q1,2006-01-03,DELL,REBALANCE,0.7973920236226504,0.7752237260487886,-0.022168297573861746,200009.39713015303,-44.33867833149922
2006Q1,2006-01-03,EBAY,REBALANCE,1.6192859682321072,1.5961881771006485,-0.023097791131458656,200009.39713015303,-46.19775279241241
2006Q1,2006-01-03,FISV,REBALANCE,1.2794643879291425,1.2650689533574662,-0.01439543457167642,200009.39713015303,-28.792221901075635
2006Q1,2006-01-03,GILD,REBALANCE,2.456786313333023,2.5309385147008303,0.0741522013678074,200009.39713015303,148.31137091448866
2006Q1,2006-01-03,INTC,REBALANCE,12.031991842722698,12.200961838602007,0.16896999587930894,200009.39713015303,337.9558700890502
2006Q1,2006-01-03,INTU,REBALANCE,1.4259181316778085,1.4109721869484981,-0.014945944729310469,200009.39713015303,-29.89329394849975
2006Q1,2006-01-03,KLAC,REBALANCE,0.769046904562375,0.7606350554234232,-0.008411849138951696,200009.39713015303,-16.824488750315258
2006Q1,2006-01-03,MSFT,REBALANCE,12.070451068196942,12.200961838602007,0.13051077040506648,200009.39713015303,261.03380507709164
2006Q1,2006-01-03,NTAP,REBALANCE,0.8679244499483787,0.8718667376010529,0.003942287652674258,200009.39713015303,7.884945767250244
2006Q1,2006-01-03,NVDA,REBALANCE,1.5510650545513558,1.5343383739465926,-0.01672668060476324,200009.39713015303,-33.45493303747319
2006Q1,2006-01-03,ORCL,REBALANCE,6.250382143565687,6.28084051294206,0.03045836937637242,200009.39713015303,60.919600965357624
2006Q1,2006-01-03,PAYX,REBALANCE,1.538364086281086,1.520114053682677,-0.01825003259840908,200009.39713015303,-36.501780176134396
2006Q1,2006-01-03,PCAR,REBALANCE,1.2379894573762302,1.214990269047923,-0.022999188328307225,200009.39713015303,-46.000537920275804
2006Q1,2006-01-03,QCOM,REBALANCE,6.3962337694824996,6.30891387861592,-0.0873198908665801,200009.39713015303,-174.6479872969544
2006Q1,2006-01-03,SBUX,REBALANCE,2.835338515686431,2.818630405100582,-0.01670811058584916,200009.39713015303,-33.41779125459618
2006Q1,2006-01-03,VRSN,BUY,0.0,0.3564463933484766,0.3564463933484766,200009.39713015303,712.926282428462
2006Q2,2006-04-03,AAPL,REBALANCE,6.101483072341978,5.76200595681314,-0.33947711552883775,204150.6591476365,-693.0447690075057
2006Q2,2006-04-03,ADBE,REBALANCE,3.0810327605013357,2.968444816234177,-0.11258794426715867,204150.6591476365,-229.84903034217803
2006Q2,2006-04-03,ADSK,REBALANCE,1.7226545932532502,1.6452474120272416,-0.07740718122600868,204150.6591476365,-158.02727070050224
2006Q2,2006-04-03,AMAT,REBALANCE,2.1989261568306153,2.150654353668934,-0.04827180316168134,204150.6591476365,-98.54720433702208
2006Q2,2006-04-03,AMGN,REBALANCE,5.7156019033125025,5.447784396761649,-0.2678175065508541,204150.6591476365,-546.7512049363332
2006Q2,2006-04-03,AMZN,REBALANCE,4.21905955925547,4.0660935901111515,-0.15296596914431831,204150.6591476365,-312.2810342796961
2006Q2,2006-04-03,BBBY,REBALANCE,0.4609452707228134,0.44971777858876005,-0.011227492134053326,204150.6591476365,-22.920999197418904
2006Q2,2006-04-03,BIIB,REBALANCE,1.527412807607161,1.431117222288363,-0.09629558531879784,204150.6591476365,-196.58807215840045
2006Q2,2006-04-03,CMCSA,REBALANCE,4.205652532847423,4.119771295137629,-0.08588123770979367,204150.6591476365,-175.32711286869232
2006Q2,2006-04-03,COST,REBALANCE,3.5028746378816047,3.4224645025683107,-0.0804101353132941,204150.6591476365,-164.15782126359633
2006Q2,2006-04-03,CSCO,REBALANCE,11.922147029155566,11.455723920627229,-0.46642310852833685,204150.6591476365,-952.2058504774956
2006Q2,2006-04-03,CTAS,REBALANCE,0.6977850278423338,0.674569054256386,-0.023215973585947753,204150.6591476365,-47.39556310325352
2006Q2,2006-04-03,DELL,REBALANCE,0.7594980625356667,0.7466079840971157,-0.012890078438551004,204150.6591476365,-26.315180096949245
2006Q2,2006-04-03,EBAY,REBALANCE,1.4111183437089363,1.348481199165297,-0.06263714454363932,204150.6591476365,-127.8741434570975
2006Q2,2006-04-03,FISV,REBALANCE,1.218783227006004,1.1784935662578282,-0.04028966074817574,204150.6591476365,-82.25160798574736
2006Q2,2006-04-03,GILD,REBALANCE,2.9347651843368574,2.829210374347085,-0.10555480998977254,204150.6591476365,-215.4908403561559
2006Q2,2006-04-03,INTC,REBALANCE,9.363655543942198,11.816828091646022,2.453172547703823,204150.6591476365,5008.167926166223
2006Q2,2006-04-03,INTU,REBALANCE,1.3794966294004232,1.3445661798006645,-0.03493044959975867,204150.6591476365,-71.31074310114028
2006Q2,2006-04-03,KLAC,REBALANCE,0.732211003042124,0.6994586094327226,-0.03275239360940145,204150.6591476365,-66.86422744022144
2006Q2,2006-04-03,MSFT,REBALANCE,12.480152828965704,11.816828091646022,-0.6633247373196829,204150.6591476365,-1354.1818235274611
2006Q2,2006-04-03,NTAP,REBALANCE,1.1398564700720026,1.085180464730951,-0.05467600534105159,204150.6591476365,-111.62142529935376
2006Q2,2006-04-03,NVDA,REBALANCE,2.3543221147500444,2.2385894131410637,-0.11573270160898028,204150.6591476365,-236.26907318410053
2006Q2,2006-04-03,ORCL,REBALANCE,6.899304933835775,6.620292312771559,-0.27901262106421604,204150.6591476365,-569.6061050076943
2006Q2,2006-04-03,PAYX,REBALANCE,1.634641026931686,1.5898699871285715,-0.044771039803114324,204150.6591476365,-91.40037286530858
2006Q2,2006-04-03,PCAR,REBALANCE,1.216189879029346,1.1766816901780692,-0.03950818885127688,204150.6591476365,-80.65622795717479
2006Q2,2006-04-03,QCOM,REBALANCE,7.275258078687921,7.081112291825879,-0.19414578686204192,204150.6591476365,-396.34990358622406
2006Q2,2006-04-03,SBUX,REBALANCE,3.4626285323470998,3.3406911110499657,-0.12193742129713442,204150.6591476365,-248.9360493257304
2006Q2,2006-04-03,SNDK,BUY,0.0,1.1151958524253724,1.1151958524253724,204150.6591476365,2276.6796835135015
2006Q2,2006-04-03,VRSN,REBALANCE,0.3825427500865588,0.3783184500879804,-0.004224299998578434,204150.6591476365,-8.623936291471473
2006Q3,2006-07-03,AAPL,REBALANCE,5.560449361885899,5.577518240697904,0.017068878812005056,193168.23594601447,32.971652096913196
2006Q3,2006-07-03,ADBE,REBALANCE,2.7252016226853346,2.666148280071188,-0.05905334261414631,193168.23594601447,-114.07230019490245
2006Q3,2006-07-03,ADSK,REBALANCE,1.5555188094947061,1.6149631442286962,0.059444334733989995,193168.23594601447,114.82757277549243
2006Q3,2006-07-03,AMAT,REBALANCE,2.119235281674388,2.0959616835873294,-0.023273598087058395,193168.23594601447,-44.95719886593607
2006Q3,2006-07-03,AMGN,REBALANCE,5.162373791299071,5.218028233486437,0.055654442187365316,193168.23594601447,107.50670419892805
2006Q3,2006-07-03,AMZN,REBALANCE,4.550186799484599,4.545941198066698,-0.004245601417900147,193168.23594601447,-8.20115336425669
2006Q3,2006-07-03,BBBY,REBALANCE,0.33885255113643803,0.35859459428564494,0.019742043149206887,193168.23594601447,38.13535649102394
2006Q3,2006-07-03,BIIB,REBALANCE,1.4874347918601962,1.5199487251548545,0.03251393329465838,193168.23594601447,62.80659138195546
2006Q3,2006-07-03,CMCSA,REBALANCE,5.449155375093982,5.352349715627884,-0.09680565946609751,193168.23594601447,-186.99778468656652
2006Q3,2006-07-03,COST,REBALANCE,3.8241619984627566,3.8052434468869056,-0.01891855157585068,193168.23594601447,-36.544632345607674
2006Q3,2006-07-03,CSCO,REBALANCE,10.91141139046221,11.105408514446973,0.19399712398476265,193168.23594601447,374.74082218736856
2006Q3,2006-07-03,CTAS,REBALANCE,0.6650808091931076,0.6605040299378583,-0.004576779255249363,193168.23594601447,-8.840883750508333
2006Q3,2006-07-03,DELL,REBALANCE,0.789055774785416,0.7813172676502023,-0.0077385071352137,193168.23594601447,-14.948337721648764
2006Q3,2006-07-03,EBAY,REBALANCE,1.0703226035541835,1.0565692713057355,-0.013753332248448054,193168.23594601447,-26.567069288121434
2006Q3,2006-07-03,FISV,REBALANCE,1.327748390820183,1.3199549729106237,-0.007793417909559251,193168.23594601447,-15.054407895796363
2006Q3,2006-07-03,GILD,REBALANCE,2.843011079085249,2.7634797594250036,-0.07953131966024554,193168.23594601447,-153.6292472122821
2006Q3,2006-07-03,INTC,REBALANCE,12.256019369307856,11.629053973938658,-0.6269653953691973,193168.23594601447,-1211.0979942266333
2006Q3,2006-07-03,INTU,REBALANCE,1.6173709733536656,1.5829915082970385,-0.03437946505662724,193168.23594601447,-66.41020617756331
2006Q3,2006-07-03,KLAC,REBALANCE,0.6370181759420662,0.6335084289106078,-0.003509747031458371,193168.23594601447,-6.779716426835745
2006Q3,2006-07-03,MSFT,REBALANCE,10.73578312741356,11.629053973938658,0.8932708465250974,193168.23594601447,1725.515536452561
2006Q3,2006-07-03,NTAP,REBALANCE,1.1236406939614814,1.1057200981622022,-0.017920595799279272,193168.23594601447,-34.61689877648334
2006Q3,2006-07-03,NVDA,REBALANCE,1.7593130890815953,1.7478920853791116,-0.011421003702483806,193168.23594601447,-22.061751379416968
2006Q3,2006-07-03,ORCL,REBALANCE,7.4055444862021975,7.440508237442667,0.0349637512404688,193168.23594601447,67.53886149176633
2006Q3,2006-07-03,PAYX,REBALANCE,1.5784847623093217,1.558887925388012,-0.01959683692130971,193168.23594601447,-37.854864182111214
2006Q3,2006-07-03,PCAR,REBALANCE,1.4591808723077115,1.4523826359271848,-0.0067982363805268314,193168.23594601447,-13.132033291703863
2006Q3,2006-07-03,QCOM,REBALANCE,5.940862767794433,5.72852722672861,-0.2123355410658223,193168.23594601447,-410.16481896327406
2006Q3,2006-07-03,SBUX,REBALANCE,3.542820823203934,3.4987598730953544,-0.04406095010857994,193168.23594601447,-85.11176006579741
2006Q3,2006-07-03,SNDK,REBALANCE,1.1785994070732089,1.1670405284582286,-0.011558878614980304,193168.23594601447,-22.328081915698565
2006Q3,2006-07-03,VRSN,REBALANCE,0.38616098913721225,0.3837423948686242,-0.0024185942685880663,193168.23594601447,-4.671955883322979
2006Q4,2006-10-02,AAPL,REBALANCE,6.832274720549508,6.648408684525606,-0.1838660360239025,211964.00891980447,-389.7298209981956
2006Q4,2006-10-02,ADBE,REBALANCE,2.9979464754938907,2.9708296703285524,-0.027116805165338514,211964.00891980447,-57.47786731942413
2006Q4,2006-10-02,ADSK,REBALANCE,1.4854242353563032,1.4296318972452897,-0.05579233811101349,211964.00891980447,-118.2596765301961
2006Q4,2006-10-02,AMAT,REBALANCE,2.087005038438757,2.0671059008109465,-0.019899137627810495,211964.00891980447,-42.1790098563764
2006Q4,2006-10-02,AMGN,REBALANCE,5.214594616547287,5.144964411543517,-0.06963020500376921,211964.00891980447,-147.5909739450675
2006Q4,2006-10-02,AMZN,REBALANCE,3.4402218990897078,3.353830433261869,-0.08639146582783905,211964.00891980447,-183.1188143332706
2006Q4,2006-10-02,BBBY,REBALANCE,0.269461048656175,0.25761003504373153,-0.011851013612443426,211964.00891980447,-25.119883550566826
2006Q4,2006-10-02,BIIB,REBALANCE,1.3361251718421117,1.3193182992575045,-0.016806872584607113,211964.00891980447,-35.624520904376794
2006Q4,2006-10-02,CMCSA,REBALANCE,5.497506411608185,5.472685027761371,-0.024821383846813927,211964.00891980447,-52.61240027107958
2006Q4,2006-10-02,COST,REBALANCE,3.023237102209132,2.98033147985465,-0.04290562235448221,211964.00891980447,-90.94447719455229
2006Q4,2006-10-02,CSCO,REBALANCE,11.908466438206315,11.76401324865477,-0.14445318955154524,211964.00891980447,-306.1887715859794
2006Q4,2006-10-02,CTAS,REBALANCE,0.6181332964012661,0.6239602263506263,0.005826929949360234,211964.00891980447,12.350994317612685
2006Q4,2006-10-02,CTSH,BUY,0.0,1.5195181442079215,1.5195181442079215,211964.00891980447,3220.831574726926
2006Q4,2006-10-02,DELL,REBALANCE,0.7120344584690859,0.7209545783591816,0.008920119890095703,211964.00891980447,18.907443719499707
2006Q4,2006-10-02,EBAY,REBALANCE,0.9323060157988622,0.917179153470986,-0.015126862327876148,211964.00891980447,-32.06350381394594
2006Q4,2006-10-02,FISV,REBALANCE,1.2487869326470364,1.2788370194512673,0.03005008680423086,211964.00891980447,63.695368674128886
2006Q4,2006-10-02,GILD,REBALANCE,2.9275246137586546,2.765993094134719,-0.16153151962393572,211964.00891980447,-342.3886846639748
2006Q4,2006-10-02,INTC,REBALANCE,11.539172224015353,11.76401324865477,0.22484102463941752,211964.00891980447,476.5820495220747
2006Q4,2006-10-02,INTU,REBALANCE,1.52935917908411,1.552896380211282,0.023537201127172072,211964.00891980447,49.89039509667133
2006Q4,2006-10-02,MSFT,REBALANCE,12.485777703603175,11.76401324865477,-0.721764454948405,211964.00891980447,-1529.8808736668154
2006Q4,2006-10-02,NTAP,REBALANCE,1.0564846711012128,1.0705540211822517,0.014069350081038871,211964.00891980447,29.82195846073175
2006Q4,2006-10-02,NVDA,REBALANCE,2.213900835668744,2.1534598591470147,-0.0604409765217296,211964.00891980447,-128.11311686573586
2006Q4,2006-10-02,ORCL,REBALANCE,8.301593232984725,8.186888801545491,-0.11470443143923592,211964.00891980447,-243.13211128727303
2006Q4,2006-10-02,PAYX,REBALANCE,1.3494106983824388,1.359641553369401,0.01023085498696244,211964.00891980447,21.685730377137325
2006Q4,2006-10-02,PCAR,REBALANCE,1.3790905882571753,1.3869989528592324,0.0079083646020571,211964.00891980447,16.76288665051497
2006Q4,2006-10-02,QCOM,REBALANCE,4.751088754605177,4.657859372041277,-0.09322938256389954,211964.00891980447,-197.61273677362266
2006Q4,2006-10-02,SBUX,REBALANCE,2.8752325174775186,2.854828388848776,-0.020404128628742288,211964.00891980447,-43.24940902663568
2006Q4,2006-10-02,SNDK,REBALANCE,1.0635539557334592,1.0768777895478021,0.013323833814342899,211964.00891980447,28.24173229469371
2006Q4,2006-10-02,VRSN,REBALANCE,0.3048868661389694,0.31734821504609806,0.012461348907128649,211964.00891980447,26.413574709034126
2007Q1,2007-01-03,AAPL,REBALANCE,6.828047226945104,6.1796770149096725,-0.6483702120354318,227460.5816989403,-1474.7866558584458
2007Q1,2007-01-03,ADBE,REBALANCE,3.03891857909568,2.6614633419145037,-0.37745523718117624,227460.5816989403,-858.5618781454183
2007Q1,2007-01-03,ADSK,REBALANCE,1.549803063103915,1.4363891698383273,-0.11341389326558776,227460.5816989403,-257.97190134932123
2007Q1,2007-01-03,AMAT,REBALANCE,2.010054554460038,1.8003151242407742,-0.20973943021926378,227460.5816989403,-477.07452802878043
2007Q1,2007-01-03,AMGN,REBALANCE,4.578618732625752,4.156589966875951,-0.4220287657498011,227460.5816989403,-959.9490855113556
2007Q1,2007-01-03,AMZN,REBALANCE,3.8395351721341786,3.491157053269616,-0.3483781188645625,227460.5816989403,-792.4228956811596
2007Q1,2007-01-03,BBBY,REBALANCE,0.2163684406446318,0.18466618137816226,-0.031702259266469524,227460.5816989403,-72.11014333921779
2007Q1,2007-01-03,BIIB,REBALANCE,1.353534122055148,1.2215170422295563,-0.13201707982559185,227460.5816989403,-300.2868177132456
2007Q1,2007-01-03,CHRW,BUY,0.0,0.5596929407462059,0.5596929407462059,227460.5816989403,1273.0808187492253
2007Q1,2007-01-03,CMCSA,SELL,5.85030123157521,0.0,-5.85030123157521,227460.5816989403,-13307.12921248124
2007Q1,2007-01-03,COST,REBALANCE,2.9629647360682734,2.6889628378357298,-0.274001898232544,227460.5816989403,-623.2463115858831
2007Q1,2007-01-03,CSCO,REBALANCE,13.037697275615578,11.499767382943578,-1.5379298926720006,227460.5816989403,-3498.1842799936207
2007Q1,2007-01-03,CTAS,REBALANCE,0.565500863767914,0.5173293037188115,-0.048171560049102474,227460.5816989403,-109.57131070114282
2007Q1,2007-01-03,CTSH,REBALANCE,1.4762628166381357,1.3508287762868614,-0.12543404035127437,227460.5816989403,-285.31299783149217
2007Q1,2007-01-03,DELL,REBALANCE,0.6718369465895517,0.5986346508568352,-0.07320229573271651,227460.5816989403,-166.50636769061555
2007Q1,2007-01-03,EA,BUY,0.0,2.0835718623644337,2.0835718623644337,227460.5816989403,4739.304678249585
2007Q1,2007-01-03,EBAY,REBALANCE,0.9062277171053864,0.8364205576009047,-0.0698071595044817,227460.5816989403,-158.78377107640117
2007Q1,2007-01-03,FISV,SELL,1.3265984593169766,0.0,-1.3265984593169766,227460.5816989403,-3017.488572371575
2007Q1,2007-01-03,FOXA,BUY,0.0,1.1519471143749014,1.1519471143749014,227460.5816989403,2620.225607221308
2007Q1,2007-01-03,GILD,REBALANCE,2.4336243960770965,2.2563292980464404,-0.17729509803065605,227460.5816989403,-403.2764613042367
2007Q1,2007-01-03,GOOGL,BUY,0.0,11.413692188209007,11.413692188209007,227460.5816989403,25961.650644626716
2007Q1,2007-01-03,INTC,REBALANCE,10.84444561975279,10.254940028366788,-0.5895055913860026,227460.5816989403,-1340.8928473143797
2007Q1,2007-01-03,INTU,REBALANCE,1.375849738133462,1.1882869104985947,-0.18756282763486737,227460.5816989403,-426.6314987892501
2007Q1,2007-01-03,KLAC,REBALANCE,0.6473844540183185,0.5734503663348337,-0.07393408768348467,227460.5816989403,-168.1709059186588
2007Q1,2007-01-03,MSFT,REBALANCE,12.009538637844715,11.499767382943578,-0.5097712549011368,227460.5816989403,-1159.5286617321137
2007Q1,2007-01-03,NTAP,REBALANCE,1.0588074480565992,0.9637003058257219,-0.09510714223087743,227460.5816989403,-216.33125895559232
2007Q1,2007-01-03,NVDA,REBALANCE,2.509957196434734,2.23697712931774,-0.27298006711699363,227460.5816989403,-620.9220485864714
2007Q1,2007-01-03,ORCL,REBALANCE,7.371098078418023,6.740127901190014,-0.6309701772280087,227460.5816989403,-1435.2084354696635
2007Q1,2007-01-03,PAYX,REBALANCE,1.3667763540782567,1.2167144379232482,-0.15006191615500858,227460.5816989403,-341.33170739475855
2007Q1,2007-01-03,PCAR,REBALANCE,1.5203103953002102,1.3567730198234638,-0.16353737547674646,227460.5816989403,-371.98306555458765
2007Q1,2007-01-03,QCOM,REBALANCE,4.526962986113687,4.193449847455458,-0.3335131386582292,227460.5816989403,-758.6109252344015
2007Q1,2007-01-03,SBUX,REBALANCE,2.76737147269478,2.485394677140261,-0.2819767955545189,227460.5816989403,-641.3860594243404
2007Q1,2007-01-03,SNDK,REBALANCE,1.0035116048870683,0.8941705606871942,-0.10934104419987392,227460.5816989403,-248.70777517272865
2007Q1,2007-01-03,VRSN,REBALANCE,0.3520916536918944,0.3072955950097704,-0.04479605868212403,227460.5816989403,-101.89337565655798
2007Q2,2007-04-02,AAPL,REBALANCE,6.8650007911617035,6.75689100648269,-0.10810978467901272,224229.57141961626,-242.41410684842018
2007Q2,2007-04-02,ADBE,REBALANCE,2.7378945392294862,2.71682909518809,-0.021065444041396333,224229.57141961626,-47.23495489166209
2007Q2,2007-04-02,ADSK,REBALANCE,1.3540894027494965,1.3253266235155763,-0.02876277923392033,224229.57141961626,-64.49465660458993
2007Q2,2007-04-02,AMAT,REBALANCE,1.8184698368797727,1.7606142900429476,-0.057855546836825186,224229.57141961626,-129.72924471468846
2007Q2,2007-04-02,AMGN,REBALANCE,3.4492341106827156,3.3028021593018075,-0.14643195138090773,224229.57141961626,-328.34373700279025
2007Q2,2007-04-02,AMZN,REBALANCE,3.571079366155817,3.5675662408659825,-0.0035131252898341903,224229.57141961626,-7.877465780829357
2007Q2,2007-04-02,BBBY,REBALANCE,0.19681202651229873,0.20170385963679324,0.004891833124494533,224229.57141961626,10.968936449616914
2007Q2,2007-04-02,BIIB,REBALANCE,1.1179523341191828,1.0735134356927305,-0.04443889842645245,224229.57141961626,-99.64515148523292
2007Q2,2007-04-02,CHRW,REBALANCE,0.6695628713825938,0.6028715798097902,-0.06669129157280364,224229.57141961626,-149.54159726790425
2007Q2,2007-04-02,COST,REBALANCE,2.7842193303363856,2.6904089050623106,-0.09381042527407506,224229.57141961626,-210.35071453897788
2007Q2,2007-04-02,CSCO,REBALANCE,10.897171830319143,10.572797012365896,-0.3243748179532463,224229.57141961626,-727.3442640897247
2007Q2,2007-04-02,CTAS,REBALANCE,0.4816119759411276,0.45535946644250874,-0.026252509498618862,224229.57141961626,-58.86588953564712
2007Q2,2007-04-02,CTSH,REBALANCE,1.5675969920429595,1.459155572840842,-0.10844141920211739,224229.57141961626,-243.15772951825727
2007Q2,2007-04-02,DELL,REBALANCE,0.6072606081658215,0.5857053262863468,-0.02155528187947472,224229.57141961626,-48.33331617663637
2007Q2,2007-04-02,EA,REBALANCE,2.113594852028059,2.049352713987109,-0.06424213804095032,224229.57141961626,-144.04987080002115
2007Q2,2007-04-02,EBAY,REBALANCE,0.9353796845553449,0.8951188378550609,-0.04026084670028414,224229.57141961626,-90.27672400595584
2007Q2,2007-04-02,FOXA,REBALANCE,1.1685459641350786,1.1270673348491544,-0.041478629285924065,224229.57141961626,-93.00735267855897
2007Q2,2007-04-02,GILD,REBALANCE,2.6966941931018917,2.6746353148913107,-0.02205887821058114,224229.57141961626,-49.46252807156121
2007Q2,2007-04-02,GOOGL,REBALANCE,11.51981951216868,10.95080397036198,-0.5690155418067,224229.57141961626,-1275.9011107041708
2007Q2,2007-04-02,INTC,REBALANCE,9.879936042865678,9.482412149894468,-0.3975238929712091,224229.57141961626,-891.3661214999162
2007Q2,2007-04-02,INTU,REBALANCE,1.0809569408659156,1.0691866542314603,-0.011770286634455243,224229.57141961626,-26.392463275299367
2007Q2,2007-04-02,KLAC,REBALANCE,0.624967122742443,0.6143155499646519,-0.010651572777791232,224229.57141961626,-23.883975989089794
2007Q2,2007-04-02,MDLZ,BUY,0.0,2.6373845691021427,2.6373845691021427,224229.57141961626,5913.796115984827
2007Q2,2007-04-02,MSFT,REBALANCE,10.92578470654386,11.263316915930195,0.33753220938633477,224229.57141961626,756.8470265101403
2007Q2,2007-04-02,NTAP,REBALANCE,0.908896904152137,0.8475354735835904,-0.06136143056854667,224229.57141961626,-137.5904727807976
2007Q2,2007-04-02,NVDA,REBALANCE,1.7646032886630494,1.744016668525707,-0.020586620137342387,224229.57141961626,-46.16129010374725
2007Q2,2007-04-02,ORCL,REBALANCE,7.232164815153401,6.831823446375754,-0.4003413687776472,224229.57141961626,-897.6837354255438
2007Q2,2007-04-02,PAYX,REBALANCE,1.1883565373138003,1.1416165057532746,-0.04674003156052587,224229.57141961626,-104.80497244956054
2007Q2,2007-04-02,PCAR,REBALANCE,1.5610506804725324,1.5224308260259827,-0.03861985444654978,224229.57141961626,-86.59713410837819
2007Q2,2007-04-02,QCOM,REBALANCE,4.816430715517531,4.732530589170701,-0.08390012634683017,224229.57141961626,-188.12889372801382
2007Q2,2007-04-02,SBUX,REBALANCE,2.232214672596407,2.1557757588051616,-0.0764389137912453,224229.57141961626,-171.3986487919193
2007Q2,2007-04-02,SNDK,REBALANCE,0.9070550087765288,0.8748582449300744,-0.03219676384645445,224229.57141961626,-72.19466558389077
2007Q2,2007-04-02,VRSN,REBALANCE,0.325592312461091,0.3142738763425319,-0.011318436118559067,224229.57141961626,-25.379280800048043
2007Q3,2007-07-02,AAPL,REBALANCE,7.881181951751031,7.497667402998533,-0.3835145487524977,252515.57527108237,-968.4339690306653
2007Q3,2007-07-02,ADBE,REBALANCE,2.322825252698716,2.2449691061677117,-0.07785614653100445,252515.57527108237,-196.59889629666273
2007Q3,2007-07-02,ADSK,REBALANCE,1.4735886985793634,1.4042038961973697,-0.06938480238199343,252515.57527108237,-175.20743288559436
2007Q3,2007-07-02,AKAM,BUY,0.0,0.9854793458294061,0.9854793458294061,252515.57527108237,2488.488839298824
2007Q3,2007-07-02,AMAT,REBALANCE,1.7006528460989674,1.662421182320676,-0.03823166377829139,252515.57527108237,-96.54090572545853
2007Q3,2007-07-02,AMGN,REBALANCE,2.901867231929447,2.8146313089528348,-0.08723592297661224,252515.57527108237,-220.28429274743073
2007Q3,2007-07-02,AMZN,REBALANCE,5.446561452903052,5.26522283639466,-0.1813386165083919,252515.57527108237,-457.9082506647877
2007Q3,2007-07-02,BBBY,REBALANCE,0.19712848530224403,0.1906650269113706,-0.006463458390873413,252515.57527108237,-16.32123913812104
2007Q3,2007-07-02,BIIB,REBALANCE,1.149155166714397,1.117218432751025,-0.03193673396337214,252515.57527108237,-80.64522749040431
2007Q3,2007-07-02,CHRW,REBALANCE,0.5871491771978593,0.574409443487721,-0.012739733710138285,252515.57527108237,-32.1698118661597
2007Q3,2007-07-02,COST,REBALANCE,2.6036623663262777,2.5836741819545006,-0.01998818437177717,252515.57527108237,-50.473278752637704
2007Q3,2007-07-02,CSCO,REBALANCE,10.24162231451565,9.948878073252802,-0.29274424126284754,252515.57527108237,-739.2248048978447
2007Q3,2007-07-02,CTAS,REBALANCE,0.4416503683317038,0.43106485251071186,-0.010585515820991931,252515.57527108237,-26.73007617078921
2007Q3,2007-07-02,CTSH,REBALANCE,1.100916587438908,1.1096135161775136,0.008696928738605517,252515.57527108237,21.96109963520581
2007Q3,2007-07-02,DELL,REBALANCE,0.5200964500917828,0.5019362271592134,-0.018160222932569504,252515.57527108237,-45.85739140868891
2007Q3,2007-07-02,EA,REBALANCE,1.7099385277695514,1.6484506695720762,-0.06148785819747524,252515.57527108237,-155.26641884922196
2007Q3,2007-07-02,EBAY,REBALANCE,0.7715926288885417,0.7515224155679627,-0.020070213320579067,252515.57527108237,-50.68041462459363
2007Q3,2007-07-02,FOXA,REBALANCE,1.0008167820261056,0.9658712332282943,-0.0349455487978113,252515.57527108237,-88.24295357843002
2007Q3,2007-07-02,GILD,REBALANCE,2.409182265838581,2.3571117504132224,-0.05207051542535819,252515.57527108237,-131.48616157296092
2007Q3,2007-07-02,GOOGL,REBALANCE,11.093946525852994,10.855125870582635,-0.23882065527035812,252515.57527108237,-603.0593515221133
2007Q3,2007-07-02,INTC,REBALANCE,10.503469738947565,10.36302446626117,-0.14044527268639584,252515.57527108237,-354.6461882650928
2007Q3,2007-07-02,INTU,REBALANCE,1.0438066141446827,1.000395349742225,-0.04341126440245754,252515.57527108237,-109.62020403831625
2007Q3,2007-07-02,KLAC,REBALANCE,0.5634028205514041,0.5457438399417566,-0.01765898060964756,252515.57527108237,-44.591676473460424
2007Q3,2007-07-02,MCHP,BUY,0.0,0.8207193444477426,0.8207193444477426,252515.57527108237,2072.4441739932736
2007Q3,2007-07-02,MDLZ,REBALANCE,2.6259480465274123,2.621455623775824,-0.0044924227515882875,252515.57527108237,-11.344067154782152
2007Q3,2007-07-02,MSFT,REBALANCE,10.610083132848976,11.093304534611384,0.4832214017624084,252515.57527108237,1220.2093024933338
2007Q3,2007-07-02,NTAP,REBALANCE,0.6015418877134119,0.5847360558700653,-0.01680583184334658,252515.57527108237,-42.437342958317366
2007Q3,2007-07-02,NVDA,REBALANCE,2.2228984813569315,2.236935441078945,0.014036959722013576,252515.57527108237,35.44550959261271
2007Q3,2007-07-02,ORCL,REBALANCE,6.595232795191477,6.429217495477152,-0.1660152997143255,252515.57527108237,-419.2144891116406
2007Q3,2007-07-02,PAYX,REBALANCE,1.053278625196864,1.033090389067439,-0.020188236129425018,252515.57527108237,-50.978440599302075
2007Q3,2007-07-02,PCAR,REBALANCE,1.6078096110482394,1.5773315605843954,-0.03047805046384397,252515.57527108237,-76.96182446018639
2007Q3,2007-07-02,QCOM,REBALANCE,4.287875488925426,4.14881250715085,-0.13906298177457574,252515.57527108237,-351.15568841719033
2007Q3,2007-07-02,SBUX,REBALANCE,1.6017548062073634,1.5400352265944808,-0.061719579612882526,252515.57527108237,-155.851551514364
2007Q3,2007-07-02,SNDK,REBALANCE,0.7768593644292852,0.7497337433203547,-0.0271256211089305,252515.57527108237,-68.49641818907
2007Q3,2007-07-02,VRSN,REBALANCE,0.3525034835445507,0.34532762731090216,-0.007175856233648499,252515.57527108237,-18.120154649023334
2007Q4,2007-10-01,AAPL,REBALANCE,8.566223949456925,8.555991979327276,-0.010231970129649659,277936.9547330018,-28.438426187538642
2007Q4,2007-10-01,ADBE,REBALANCE,2.2179431419607267,2.1770125888805936,-0.040930553080133214,277936.9547330018,-113.76113278629714
2007Q4,2007-10-01,ADSK,REBALANCE,1.354081917989366,1.3093512566424852,-0.04473066134688085,277936.9547330018,-124.32303797945256
2007Q4,2007-10-01,AKAM,REBALANCE,0.5288487239414917,0.5202713702503503,-0.00857735369114137,277936.9547330018,-23.83963564583705
2007Q4,2007-10-01,AMAT,REBALANCE,1.5778136169931316,1.5603344837522464,-0.01747913324088527,277936.9547330018,-48.580970643440374
2007Q4,2007-10-01,AMGN,REBALANCE,2.6163936852562215,2.543989198080234,-0.07240448717598762,277936.9547330018,-201.2388267469868
2007Q4,2007-10-01,AMZN,REBALANCE,6.513611868842252,6.253599666560918,-0.2600122022813345,277936.9547330018,-722.6699969549537
2007Q4,2007-10-01,BBBY,REBALANCE,0.27306549979167194,0.2948616829411721,0.02179618314950018,277936.9547330018,60.579647693748484
2007Q4,2007-10-01,BIIB,REBALANCE,1.2584506681198138,1.2485106317331038,-0.009940036386709913,277936.9547330018,-27.627034432573844
2007Q4,2007-10-01,CHRW,REBALANCE,0.5414041216085893,0.5335100226265865,-0.007894098982002759,277936.9547330018,-21.940618314187365
2007Q4,2007-10-01,COST,REBALANCE,2.467626999196857,2.3516859599306548,-0.11594103926620206,277936.9547330018,-322.2429938222759
2007Q4,2007-10-01,CSCO,REBALANCE,10.752573686281346,10.41596802653576,-0.33660565974558687,277936.9547330018,-935.5515201558139
2007Q4,2007-10-01,CTAS,REBALANCE,0.3684950573446861,0.3642795017016582,-0.004215555643027934,277936.9547330018,-11.716586979307053
2007Q4,2007-10-01,CTSH,REBALANCE,1.0725088209306237,1.0625636051719825,-0.009945215758641254,277936.9547330018,-27.641429821194105
2007Q4,2007-10-01,DELL,REBALANCE,0.4560268542636362,0.44426299437087763,-0.011763859892758612,277936.9547330018,-32.69611394499026
2007Q4,2007-10-01,EA,REBALANCE,1.7720805817975254,1.763450233836302,-0.008630347961223125,277936.9547330018,-23.986926306285262
2007Q4,2007-10-01,EBAY,REBALANCE,0.8279134993987407,0.8159817346565142,-0.01193176474222641,277936.9547330018,-33.16278357045009
2007Q4,2007-10-01,EXPD,BUY,0.0,0.6215148551842655,0.6215148551842655,277936.9547330018,1727.419461712374
2007Q4,2007-10-01,EXPE,BUY,0.0,0.6200956420636999,0.6200956420636999,277936.9547330018,1723.474943983903
2007Q4,2007-10-01,FOXA,REBALANCE,0.8775282521560734,0.8548911655157027,-0.02263708664037075,277936.9547330018,-62.91682924851766
2007Q4,2007-10-01,GILD,REBALANCE,2.255771348351341,2.220446522615898,-0.03532482573544299,277936.9547330018,-98.18074491382995
2007Q4,2007-10-01,GOOGL,REBALANCE,10.703210393158596,10.552914988453175,-0.15029540470542085,277936.9547330018,-417.72647094188744
2007Q4,2007-10-01,INTC,REBALANCE,10.303874687476279,10.012505084351748,-0.29136960312453053,277936.9547330018,-809.8238019419534
2007Q4,2007-10-01,INTU,REBALANCE,0.9155421466820348,0.9314999719196048,0.015957825237569896,277936.9547330018,44.35269350691618
2007Q4,2007-10-01,KLAC,REBALANCE,0.504644514379102,0.5034738933389565,-0.001170621040145342,277936.9547330018,-3.2535884704437543
2007Q4,2007-10-01,MCHP,REBALANCE,0.737025104226351,0.7216904557194862,-0.015334648506864883,277936.9547330018,-42.62065507898999
2007Q4,2007-10-01,MDLZ,REBALANCE,2.3511587237973766,2.2849694322921787,-0.06618929150519794,277936.9547330018,-183.96450116889662
2007Q4,2007-10-01,MSFT,REBALANCE,10.110551459455202,10.871232819873565,0.7606813604183651,277936.9547330018,2114.2146083683742
2007Q4,2007-10-01,NTAP,REBALANCE,0.4897576932353442,0.4781643625664212,-0.011593330668922992,277936.9547330018,-32.222150213331716
2007Q4,2007-10-01,NVDA,REBALANCE,2.674357396007941,2.6068242654104354,-0.06753313059750556,277936.9547330018,-187.69952661856803
2007Q4,2007-10-01,ORCL,REBALANCE,6.416102886453569,6.276106386726765,-0.13999649972680356,277936.9547330018,-389.10200807347303
2007Q4,2007-10-01,PAYX,REBALANCE,0.9908495412067125,0.9685178152879441,-0.022331725918768412,277936.9547330018,-62.068118957945394
2007Q4,2007-10-01,PCAR,REBALANCE,1.4079419290511657,1.3655210524672954,-0.042420876583870205,277936.9547330018,-117.9032925482539
2007Q4,2007-10-01,QCOM,REBALANCE,3.684800144365278,3.5313567512773947,-0.1534433930878834,277936.9547330018,-426.47589398745254
2007Q4,2007-10-01,SBUX,REBALANCE,1.3970443622611755,1.377210917886965,-0.019833444374210522,277936.9547330018,-55.124471312344596
2007Q4,2007-10-01,SNDK,REBALANCE,0.681159681254153,0.6635882005837679,-0.017571480670385085,277936.9547330018,-48.837638276766356
2007Q4,2007-10-01,VRSN,REBALANCE,0.333617023178316,0.321850459869052,-0.011766563309263981,277936.9547330018,-32.70362773849904
2008Q1,2008-01-02,AAPL,REBALANCE,10.603950873394357,10.888838514589924,0.2848876411955678,289445.0965945443,824.59330824443
2008Q1,2008-01-02,ADBE,REBALANCE,2.0459272970366085,2.1074229117227485,0.061495614686140135,289445.0965945443,177.99604132970708
2008Q1,2008-01-02,ADSK,REBALANCE,1.2520084627053563,1.2946817201839937,0.042673257478637386,289445.0965945443,123.51565132908058
2008Q1,2008-01-02,AKAM,REBALANCE,0.6016590957023578,0.6135266410382308,0.011867545335873027,289445.0965945443,34.35002806081902
2008Q1,2008-01-02,AMAT,REBALANCE,1.2897211490653206,1.3048310572542832,0.015109908188962531,289445.0965945443,43.734888352889556
2008Q1,2008-01-02,AMGN,REBALANCE,2.0054006989493436,2.146092882254763,0.14069218330541935,289445.0965945443,407.2266258693444
2008Q1,2008-01-02,AMZN,REBALANCE,5.972083588524859,6.580224539286131,0.6081409507612718,289445.0965945443,1760.2341623619434
2008Q1,2008-01-02,BBBY,REBALANCE,0.15267833318856494,0.14297873218157173,-0.00969960100699321,289445.0965945443,-28.07501950397689
2008Q1,2008-01-02,BIIB,REBALANCE,1.0287911299230528,1.0484521219069334,0.01966099198388062,289445.0965945443,56.90777723918887
2008Q1,2008-01-02,CHRW,REBALANCE,0.5128215388008306,0.5157647416920424,0.00294320289121186,289445.0965945443,8.51895645144159
2008Q1,2008-01-02,COST,REBALANCE,2.5725609898883706,2.65327260887525,0.08071161898687944,289445.0965945443,233.61582353959375
2008Q1,2008-01-02,CSCO,REBALANCE,8.172342125851848,8.5569989492183,0.3846568233664513,289445.0965945443,1113.3703139505305
2008Q1,2008-01-02,CTAS,REBALANCE,0.31698485450477765,0.316685873358943,-0.000298981145834638,289445.0965945443,-0.8653862663605434
2008Q1,2008-01-02,CTSH,REBALANCE,0.868017441146699,0.8486252130999393,-0.01939222804675962,289445.0965945443,-56.1298532017777
2008Q1,2008-01-02,DELL,REBALANCE,0.4265993972907883,0.4536734797306148,0.027074082439826515,289445.0965945443,78.36460407004242
2008Q1,2008-01-02,EA,REBALANCE,1.7665261885243828,1.755644683412207,-0.010881505112175782,289445.0965945443,-31.495982982877468
2008Q1,2008-01-02,EBAY,REBALANCE,0.6664698787228424,0.6826227668466206,0.016152888123778172,289445.0965945443,46.7537426326784
2008Q1,2008-01-02,EXPD,REBALANCE,0.5655028138065884,0.5745641398914528,0.009061326084864457,289445.0965945443,26.22756403908257
2008Q1,2008-01-02,EXPE,REBALANCE,0.5905849298202178,0.5785047825839823,-0.01208014723623552,289445.0965945443,-34.965393836685074
2008Q1,2008-01-02,FOXA,REBALANCE,0.8209012692463069,0.8729996753380133,0.052098406091706344,289445.0965945443,150.79628183635737
2008Q1,2008-01-02,GILD,REBALANCE,2.4003127635752373,2.455400011243392,0.05508724766815458,289445.0965945443,159.44733722436587
2008Q1,2008-01-02,GOOGL,REBALANCE,12.35214506500747,11.36773986484106,-0.9844052001664092,289445.0965945443,-2849.3125825033803
2008Q1,2008-01-02,INTC,REBALANCE,9.953811286086617,9.87072297459413,-0.08308831149248797,289445.0965945443,-240.49504345820765
2008Q1,2008-01-02,INTU,REBALANCE,0.9331358227600725,0.9506205870097804,0.017484764249707865,289445.0965945443,50.60879277189528
2008Q1,2008-01-02,KLAC,REBALANCE,0.41866616975300974,0.4170991569145012,-0.0015670128385085295,289445.0965945443,-4.5356418240699234
2008Q1,2008-01-02,MCHP,REBALANCE,0.6052874913861387,0.6138927195366372,0.008605228150498391,289445.0965945443,24.907410932390984
2008Q1,2008-01-02,MDLZ,REBALANCE,2.091753411292432,2.1730008902983857,0.08124747900595392,289445.0965945443,235.1668440894154
2008Q1,2008-01-02,MSFT,REBALANCE,12.65638540666067,11.36773986484106,-1.2886455418196094,289445.0965945443,-3729.9213332810573
2008Q1,2008-01-02,NTAP,REBALANCE,0.4258808740199122,0.45008516650321745,0.024204292483305263,289445.0965945443,70.05813775832894
2008Q1,2008-01-02,NVDA,REBALANCE,2.349838662247291,2.3265563534232805,-0.023282308824010625,289445.0965945443,-67.38950126509766
2008Q1,2008-01-02,ORCL,REBALANCE,6.285449583326619,6.560742161650171,0.27529257832355214,289445.0965945443,796.8208692462171
2008Q1,2008-01-02,PAYX,REBALANCE,0.8276242115189449,0.8420452714578599,0.014421059938914994,289445.0965945443,41.741050870149635
2008Q1,2008-01-02,PCAR,REBALANCE,1.2845148128600639,1.2979738840859705,0.013459071225906637,289445.0965945443,38.95662171055398
2008Q1,2008-01-02,QCOM,REBALANCE,3.16872533654938,3.3008917345314144,0.13216639798203436,289445.0965945443,382.5491583046292
2008Q1,2008-01-02,SBUX,REBALANCE,1.0332300442967512,1.0318100909653454,-0.0014199533314059043,289445.0965945443,-4.10998529168527
2008Q1,2008-01-02,SNDK,REBALANCE,0.6372043812003589,0.6776444850945474,0.040440103894188485,289445.0965945443,117.05189777946794
2008Q1,2008-01-02,VRSN,REBALANCE,0.3445026029073087,0.3596287289417724,0.015126126034463666,289445.0965945443,43.78183011146587
2008Q2,2008-04-01,AAPL,REBALANCE,9.606338285843737,9.27582642538304,-0.3305118604606985,237684.6514694748,-785.5759636012882
2008Q2,2008-04-01,ADBE,REBALANCE,2.137528223497548,2.0890972262300376,-0.04843099726751059,237684.6514694748,-115.1130470584734
2008Q2,2008-04-01,ADSK,REBALANCE,0.9974300200926225,0.9780193947237316,-0.01941062536889096,237684.6514694748,-46.136077256093934
2008Q2,2008-04-01,AKAM,REBALANCE,0.6080720659618682,0.6323968733162099,0.024324807354341588,237684.6514694748,57.816333580787976
2008Q2,2008-04-01,AMAT,REBALANCE,1.7512384688878497,1.6775831005529467,-0.0736553683349031,237684.6514694748,-175.06750551537235
2008Q2,2008-04-01,AMGN,REBALANCE,2.3512015400496518,2.155182541067333,-0.19601899898231898,237684.6514694748,-465.9070745450782
2008Q2,2008-04-01,AMZN,REBALANCE,6.167324011498443,5.8204451622804045,-0.3468788492180387,237684.6514694748,-824.4777837852204
2008Q2,2008-04-01,BBBY,REBALANCE,0.1335293725149865,0.12759511299788345,-0.00593425951710305,237684.6514694748,-14.104824050520524
2008Q2,2008-04-01,BIIB,REBALANCE,1.3837688336022582,1.3333330365145393,-0.05043579708771898,237684.6514694748,-119.87814852379638
2008Q2,2008-04-01,CHRW,REBALANCE,0.6340328802678995,0.6343461919013206,0.0003133116334210276,237684.6514694748,0.744693663910088
2008Q2,2008-04-01,COST,REBALANCE,3.016005952024677,2.8802863781177663,-0.135719573906911,237684.6514694748,-322.5845962164977
2008Q2,2008-04-01,CSCO,REBALANCE,9.273314927321092,8.93992582298784,-0.33338910433325236,237684.6514694748,-792.4147306716945
2008Q2,2008-04-01,CTAS,REBALANCE,0.33195729224686615,0.3264667054461433,-0.005490586800722865,237684.6514694748,-13.050282100927129
2008Q2,2008-04-01,CTSH,REBALANCE,0.8778365476164628,0.881762747064059,0.003926199447596215,237684.6514694748,9.331973473015509
2008Q2,2008-04-01,DELL,REBALANCE,0.55246968346997,0.5035751037590213,-0.04889457971094879,237684.6514694748,-116.21491137343318
2008Q2,2008-04-01,EA,REBALANCE,1.8272127660470723,1.782926635180005,-0.04428613086706716,237684.6514694748,-105.26133580070409
2008Q2,2008-04-01,EBAY,REBALANCE,0.7473729751600613,0.7325206082386949,-0.014852366921366301,237684.6514694748,-35.30179655201706
2008Q2,2008-04-01,EXPD,REBALANCE,0.7075165854230515,0.6974480458996116,-0.01006853952343987,237684.6514694748,-23.931373074354372
2008Q2,2008-04-01,EXPE,REBALANCE,0.487703378885961,0.5063530058928764,0.018649627006915408,237684.6514694748,44.32730095174393
2008Q2,2008-04-01,FOXA,REBALANCE,1.0631122951902878,0.9690249082908107,-0.09408738689947703,237684.6514694748,-223.63127762875828
2008Q2,2008-04-01,GILD,REBALANCE,3.3488456874679753,3.178725449388736,-0.17012023807923896,237684.6514694748,-404.34969495767984
2008Q2,2008-04-01,GOOGL,REBALANCE,8.818118008505884,9.562664806334386,0.7445467978285005,237684.6514694748,1769.6734614458069
2008Q2,2008-04-01,INTC,REBALANCE,9.60749346934918,9.5532658715271,-0.0542275978220777,237684.6514694748,-128.8906768836739
2008Q2,2008-04-01,INTU,REBALANCE,0.9891730457071212,0.9568848979935284,-0.032288147713592855,237684.6514694748,-76.74397135900237
2008Q2,2008-04-01,ISRG,BUY,0.0,1.9262387005789274,1.9262387005789274,237684.6514694748,4578.373741941164
2008Q2,2008-04-01,KLAC,REBALANCE,0.3926758755677972,0.3884520512229344,-0.004223824344862801,237684.6514694748,-10.039382172769976
2008Q2,2008-04-01,MCHP,REBALANCE,0.7866198189711481,0.7707845182838043,-0.015835300687343668,237684.6514694748,-37.63807924785615
2008Q2,2008-04-01,MDLZ,REBALANCE,2.5366828668940933,2.407162678847149,-0.12952018804694432,237684.6514694748,-307.84960754198795
2008Q2,2008-04-01,MSFT,REBALANCE,11.07862488233929,11.105022464250212,0.026397581910922452,237684.6514694748,62.743000561345156
2008Q2,2008-04-01,NTAP,REBALANCE,0.44028056376447305,0.4241053815951286,-0.01617518216934441,237684.6514694748,-38.445925363758896
2008Q2,2008-04-01,NVDA,REBALANCE,1.648124675144911,1.6428885682019243,-0.00523610694298654,237684.6514694748,-12.44542253800653
2008Q2,2008-04-01,ORCL,REBALANCE,6.920905981977846,6.6088742338312025,-0.31203174814664336,237684.6514694748,-741.6515730564587
2008Q2,2008-04-01,PAYX,REBALANCE,0.9784809824224585,0.9606935186289325,-0.01778746379352599,237684.6514694748,-42.278071322901276
2008Q2,2008-04-01,PCAR,REBALANCE,1.3107779322130224,1.3088673252842993,-0.0019106069287230104,237684.6514694748,-4.541219419486924
2008Q2,2008-04-01,QCOM,REBALANCE,4.20175667746147,4.042480230677491,-0.15927644678397912,237684.6514694748,-378.5756674114643
2008Q2,2008-04-01,SBUX,REBALANCE,1.074199708432748,1.0972622723459775,0.023062563913229563,237684.6514694748,54.81617465708455
2008Q2,2008-04-01,SNDK,REBALANCE,0.8252147214063645,0.7521817058732239,-0.07303301553314061,237684.6514694748,-173.58826842759265
2008Q2,2008-04-01,VRSN,REBALANCE,0.3870589732766996,0.3693302777624634,-0.01772869551423615,237684.6514694748,-42.138388143096606
2008Q3,2008-07-01,AAPL,REBALANCE,10.407676973604211,10.592373563507216,0.18469658990300508,247176.39000708456,456.5263633884374
2008Q3,2008-07-01,ADBE,REBALANCE,2.2233651268483166,2.2137290137945698,-0.00963611305374694,247176.39000708456,-23.81819638325312
2008Q3,2008-07-01,ADSK,REBALANCE,1.010071439080785,1.008742204595669,-0.0013292344851157864,247176.39000708456,-3.2855538150384587
2008Q3,2008-07-01,AKAM,REBALANCE,0.7512866279739383,0.7114191503677871,-0.039867477606151266,247176.39000708456,-98.54299193376757
2008Q3,2008-07-01,AMAT,REBALANCE,1.5832166503155956,1.577736311685744,-0.005480338629851658,247176.39000708456,-13.546103185431049
2008Q3,2008-07-01,AMGN,REBALANCE,2.3392873855195577,2.4305401839031524,0.09125279838359465,247176.39000708456,225.55537282501245
2008Q3,2008-07-01,AMZN,REBALANCE,5.756287989586037,5.461128576530102,-0.2951594130559343,247176.39000708456,-729.5643819577577
2008Q3,2008-07-01,BBBY,REBALANCE,0.2673337637321008,0.2710290699971391,0.003695306265038287,247176.39000708456,9.133924625627266
2008Q3,2008-07-01,BIIB,REBALANCE,1.1615880542518693,1.2082702904798301,0.04668223622796095,247176.39000708456,115.38746628285328
2008Q3,2008-07-01,CHRW,REBALANCE,0.6170840000731154,0.5908497795876341,-0.02623422048548124,247176.39000708456,-64.84479914251159
2008Q3,2008-07-01,COST,REBALANCE,2.996558817607449,3.0788090665332324,0.08225024892578314,247176.39000708456,203.30319606659162
2008Q3,2008-07-01,CSCO,REBALANCE,8.300437628663413,8.098751673465777,-0.20168595519763632,247176.39000708456,-498.5200632088234
2008Q3,2008-07-01,CTAS,REBALANCE,0.2916008133611439,0.2922017160182747,0.000600902657130805,247176.39000708456,1.4852894953525726
2008Q3,2008-07-01,CTSH,REBALANCE,0.9561327608205444,0.9125087743222351,-0.043623986498309356,247176.39000708456,-107.82819500369904
2008Q3,2008-07-01,DELL,REBALANCE,0.48423748328971494,0.4922548531299864,0.008017369840271436,247176.39000708456,19.817045344699697
2008Q3,2008-07-01,EA,REBALANCE,1.525911365712134,1.524361461055853,-0.001549904656280958,247176.39000708456,-3.830998377946984
2008Q3,2008-07-01,EBAY,REBALANCE,0.6451412066643014,0.6323885331962683,-0.012752673468033066,247176.39000708456,-31.521597907675407
2008Q3,2008-07-01,EXPD,REBALANCE,0.6405423145101405,0.6115138522735419,-0.029028462236598603,247176.39000708456,-71.75150503099422
2008Q3,2008-07-01,EXPE,REBALANCE,0.40883439431967583,0.3743611944363972,-0.034473199883278606,247176.39000708456,-85.20961099141454
2008Q3,2008-07-01,FAST,BUY,0.0,0.5515967742804335,0.5515967742804335,247176.39000708456,1363.4169940619024
2008Q3,2008-07-01,FOXA,REBALANCE,0.931813704317552,0.9472414548481266,0.015427750530574644,247176.39000708456,38.133756820773236
2008Q3,2008-07-01,GILD,REBALANCE,3.140892313036061,3.065548630739868,-0.07534368229619309,247176.39000708456,-186.23179399813696
2008Q3,2008-07-01,GOOGL,REBALANCE,10.98978262484973,10.73306254636137,-0.2567200784883594,247176.39000708456,-634.5514224308808
2008Q3,2008-07-01,INTC,REBALANCE,9.372175097777308,9.223250196477661,-0.1489249012996463,247176.39000708456,-368.10719485407947
2008Q3,2008-07-01,INTU,REBALANCE,0.9392172802112272,0.9244400556011197,-0.014777224610107442,247176.39000708456,-36.525810334502054
2008Q3,2008-07-01,ISRG,REBALANCE,1.5384660245081683,1.41098186134432,-0.12748416316384834,247176.39000708456,-315.1107523391418
2008Q3,2008-07-01,KLAC,REBALANCE,0.4112284356342739,0.4067175170881919,-0.004510918546082009,247176.39000708456,-11.149925618365573
2008Q3,2008-07-01,MCHP,REBALANCE,0.6977273648355595,0.6788009144699821,-0.018926450365577482,247176.39000708456,-46.78171677011708
2008Q3,2008-07-01,MDLZ,REBALANCE,2.143435786243859,2.1270796257892055,-0.016356160454653393,247176.39000708456,-40.4285669555786
2008Q3,2008-07-01,MSFT,REBALANCE,10.389333761390377,10.89082073550047,0.5014869741100936,247176.39000708456,1239.557398961092
2008Q3,2008-07-01,NTAP,REBALANCE,0.44056712187653496,0.4379780499822657,-0.0025890718942692473,247176.39000708456,-6.399574442942766
2008Q3,2008-07-01,NVDA,REBALANCE,1.4943842252129769,1.4338902962359723,-0.06049392897700453,247176.39000708456,-149.52670981880945
2008Q3,2008-07-01,ORCL,REBALANCE,6.822948368387746,6.745179979364671,-0.07776838902307515,247176.39000708456,-192.22509655390297
2008Q3,2008-07-01,PAYX,REBALANCE,0.8504787892795506,0.8433344695727318,-0.007144319706818732,247176.39000708456,-17.659071541879268
2008Q3,2008-07-01,PCAR,REBALANCE,1.1741948179200052,1.1485579226489442,-0.025636895271061166,247176.39000708456,-63.36835224090596
2008Q3,2008-07-01,QCOM,REBALANCE,4.220582838154628,4.302643175724773,0.08206033757014591,247176.39000708456,202.833780033514
2008Q3,2008-07-01,SBUX,REBALANCE,0.9490108689357892,0.9056189928787286,-0.043391876057060665,247176.39000708456,-107.25447279419102
2008Q3,2008-07-01,SNDK,REBALANCE,0.7232974257657373,0.7352728369368943,0.011975411171156938,247176.39000708456,29.600389021370844
2008Q3,2008-07-01,VRSN,REBALANCE,0.4038683358276128,0.4050146725594126,0.0011463367317997818,247176.39000708456,2.8334737509878956
2008Q4,2008-10-01,AAPL,REBALANCE,8.018887433309937,7.5183160150497645,-0.5005714182601734,221633.21492801496,-1109.4325273007828
2008Q4,2008-10-01,ADBE,REBALANCE,2.473875056558453,2.3745269875067385,-0.09934806905171449,221633.21492801496,-220.1883194082191
2008Q4,2008-10-01,ADSK,REBALANCE,1.1163481492103526,1.0760165669323138,-0.04033158227803868,221633.21492801496,-89.38818243415466
2008Q4,2008-10-01,AKAM,REBALANCE,0.3977312766252452,0.3900424060001667,-0.007688870625078507,221633.21492801496,-17.041091158017256
2008Q4,2008-10-01,AMAT,REBALANCE,1.3991000822365542,1.39551428683774,-0.0035857953988142205,221633.21492801496,-7.947313623132793
2008Q4,2008-10-01,AMGN,REBALANCE,3.406716984923279,3.3600853191554805,-0.046631665767798286,221633.21492801496,-103.35126001565796
2008Q4,2008-10-01,AMZN,REBALANCE,6.0431800875748225,5.864582824861204,-0.1785972627136187,221633.21492801496,-395.83085512562604
2008Q4,2008-10-01,BBBY,REBALANCE,0.23074648955467336,0.22798666992197902,-0.002759819632694319,221633.21492801496,-6.116676978154953
2008Q4,2008-10-01,BIIB,REBALANCE,1.2125056598678894,1.1472993897893524,-0.06520627007853691,221633.21492801496,-144.5187527097056
2008Q4,2008-10-01,CHRW,REBALANCE,0.6149234131606736,0.6325114792307632,0.017588066070089656,221633.21492801496,38.98099627480308
2008Q4,2008-10-01,COST,REBALANCE,3.186481361840089,3.12698019822557,-0.059501163614519154,221633.21492801496,-131.87434183843706
2008Q4,2008-10-01,CSCO,REBALANCE,8.760312707374066,8.725046858805142,-0.03526584856892445,221633.21492801496,-78.16083395495262
2008Q4,2008-10-01,CTAS,REBALANCE,0.35292171545739887,0.3457144672567127,-0.007207248200686179,221633.21492801496,-15.97365589502229
2008Q4,2008-10-01,CTSH,REBALANCE,0.7146578354475355,0.7177232914563418,0.0030654560088063353,221633.21492801496,6.794068704521494
2008Q4,2008-10-01,DELL,REBALANCE,0.5489871073686166,0.5593145350812231,0.010327427712606557,221633.21492801496,22.88901005881667
2008Q4,2008-10-01,EA,REBALANCE,1.4153639824442668,1.3335297046125336,-0.08183427783173322,221633.21492801496,-181.37194087159418
2008Q4,2008-10-01,EBAY,REBALANCE,0.5775328029686603,0.5400697093932144,-0.03746309357544591,221633.21492801496,-83.0306587027514
2008Q4,2008-10-01,EXPD,REBALANCE,0.5525710432495443,0.5851461642653724,0.03257512101582805,221633.21492801496,72.19728797407116
2008Q4,2008-10-01,EXPE,REBALANCE,0.3432273240299624,0.3490194424009536,0.005792118370991171,221633.21492801496,12.8372581580639
2008Q4,2008-10-01,FAST,REBALANCE,0.7077556607570945,0.6527632638047067,-0.05499239695238778,221633.21492801496,-121.88141733155274
2008Q4,2008-10-01,FOXA,REBALANCE,1.056410806252414,1.0762837797520686,0.01987297349965462,221633.21492801496,44.045110069076976
2008Q4,2008-10-01,GILD,REBALANCE,2.9462183446961507,3.0244850556408016,0.07826671094465117,221633.21492801496,173.46502768504692
2008Q4,2008-10-01,GOOGL,REBALANCE,9.107258953625042,9.389817527783007,0.2825585741579664,221633.21492801496,626.2436519610602
2008Q4,2008-10-01,INTC,REBALANCE,9.025433315694327,9.054184874814702,0.02875155912037408,221633.21492801496,63.723004820413976
2008Q4,2008-10-01,INTU,REBALANCE,1.182057691509086,1.1463788604282057,-0.03567883108088008,221633.21492801496,-79.07614037329036
2008Q4,2008-10-01,ISRG,REBALANCE,1.407592705718553,1.4587152579766636,0.05112255225811057,221633.21492801496,113.30455612290497
2008Q4,2008-10-01,KLAC,REBALANCE,0.35398888709478316,0.34618329193875325,-0.007805595156029936,221633.21492801496,-17.299791488574552
2008Q4,2008-10-01,MCHP,REBALANCE,0.7373873433167486,0.7376199613836761,0.00023261806692750908,221633.21492801496,0.5155589002348399
2008Q4,2008-10-01,MDLZ,REBALANCE,2.7536016458381667,2.870409974241897,0.11680832840373044,221633.21492801496,258.88605354486145
2008Q4,2008-10-01,MSFT,REBALANCE,11.830948002067828,11.1143767394003,-0.71657126266753,221633.21492801496,-1588.1599267003173
2008Q4,2008-10-01,NTAP,REBALANCE,0.4111048800587989,0.39870091429222204,-0.012403965766576847,221633.21492801496,-27.491308107034662
2008Q4,2008-10-01,NVDA,REBALANCE,0.9148957637012048,0.9045476936428937,-0.01034807005831119,221633.21492801496,-22.934760353238403
2008Q4,2008-10-01,ORCL,REBALANCE,7.275392751155333,7.142584249061977,-0.13280850209335532,221633.21492801496,-294.3477528872434
2008Q4,2008-10-01,PAYX,REBALANCE,1.002560117701574,0.9944175924556594,-0.008142525245914516,221633.21492801496,-18.046540478845596
2008Q4,2008-10-01,PCAR,REBALANCE,1.1744455683129427,1.10611187860977,-0.0683336897031728,221633.21492801496,-151.45015336807583
2008Q4,2008-10-01,QCOM,REBALANCE,4.661054095242792,4.443288928453067,-0.2177651667897247,221633.21492801496,-482.63994014942085
2008Q4,2008-10-01,SBUX,REBALANCE,0.9541661418670868,0.9749721896366713,0.020806047769584418,221633.21492801496,46.113112571188495
2008Q4,2008-10-01,SNDK,REBALANCE,0.8200128557597189,0.8354387617192576,0.015425905959538626,221633.21492801496,34.18893130989771
2008Q4,2008-10-01,VRSN,REBALANCE,0.31164393191256545,0.30237963964810527,-0.009264292264460176,221633.21492801496,-20.532748786050487
2008Q4,2008-10-01,WYNN,BUY,0.0,0.7794055326992618,0.7794055326992618,221633.21492801496,1727.4215394481948
2008Q4,2008-10-01,XRAY,BUY,0.0,0.9775076907836074,0.9775076907836074,221633.21492801496,2166.4817212523085
2009Q1,2009-01-02,AAPL,REBALANCE,7.271528985073725,7.482732491986854,0.2112035069131296,172078.04795580628,363.4348719103198
2009Q1,2009-01-02,ADBE,REBALANCE,1.6496622091472617,1.7160387196577156,0.06637651051045398,172078.04795580628,114.2194035875698
2009Q1,2009-01-02,ADP,BUY,0.0,1.7303843030695703,1.7303843030695703,172078.04795580628,2977.611530855799
2009Q1,2009-01-02,ADSK,REBALANCE,0.8117052689739458,0.8188728658303239,0.007167596856378147,172078.04795580628,12.333860755797252
2009Q1,2009-01-02,AKAM,REBALANCE,0.43467428902184335,0.42915116080989485,-0.0055231282119485095,172078.04795580628,-9.504091213217421
2009Q1,2009-01-02,AMAT,REBALANCE,1.2098353793647514,1.1975041202828849,-0.012331259081866525,172078.04795580628,-21.219389916448996
2009Q1,2009-01-02,AMGN,REBALANCE,4.2167392569862665,4.008217227967532,-0.20852202901873382,172078.04795580628,-358.82063709327707
2009Q1,2009-01-02,AMZN,REBALANCE,5.3235557428476685,5.4831439895118255,0.15958824666415655,172078.04795580628,274.6163396265777
2009Q1,2009-01-02,BBBY,REBALANCE,0.15979129513858237,0.15520966689414586,-0.004581628244436516,172078.04795580628,-7.883976447618234
2009Q1,2009-01-02,BIIB,REBALANCE,1.3995392596819125,1.3425558981844523,-0.056983361497460125,172078.04795580628,-98.05585612442988
2009Q1,2009-01-02,CHRW,REBALANCE,0.8842615222859608,0.833368262435302,-0.050893259850658644,172078.04795580628,-87.57612809208949
2009Q1,2009-01-02,COST,REBALANCE,3.266476129287633,3.0956455724887735,-0.1708305567988594,172078.04795580628,-293.96188745151215
2009Q1,2009-01-02,CSCO,REBALANCE,8.119432637600628,8.06782711202631,-0.0516055255743178,172078.04795580628,-88.80178104562046
2009Q1,2009-01-02,CTAS,REBALANCE,0.3602823042967356,0.34958203172157026,-0.010700272575165292,172078.04795580628,-18.412820173294918
2009Q1,2009-01-02,CTSH,REBALANCE,0.7312711543698952,0.7427688306805724,0.011497676310677149,172078.04795580628,19.784976955690404
2009Q1,2009-01-02,DELL,REBALANCE,0.7203863597863214,0.6693505589412672,-0.05103580084505421,172078.04795580628,-87.82140985278218
2009Q1,2009-01-02,EA,REBALANCE,0.744786955985771,0.7958863664273282,0.05109941044155715,172078.04795580628,87.930868004757
2009Q1,2009-01-02,EBAY,REBALANCE,0.43389485456860766,0.4544386892973695,0.020543834728761843,172078.04795580628,35.35142977652039
2009Q1,2009-01-02,EXPD,REBALANCE,0.723276337581874,0.6768176844523738,-0.046458653129500226,172078.04795580628,-79.94514341180309
2009Q1,2009-01-02,EXPE,REBALANCE,0.2451442853231109,0.24558107047711777,0.00043678515400688393,172078.04795580628,0.7516113667758081
2009Q1,2009-01-02,FAST,REBALANCE,0.5980277337066775,0.6353881612256352,0.03736042751895782,172078.04795580628,64.28909438256649
2009Q1,2009-01-02,FOXA,REBALANCE,1.3862328002615942,1.2880250813647272,-0.09820771889686719,172078.04795580628,-168.99392561965456
2009Q1,2009-01-02,GILD,REBALANCE,4.365871665918753,4.169221096041791,-0.1966505698769619,172078.04795580628,-338.3924619382448
2009Q1,2009-01-02,GOOGL,REBALANCE,9.289646276570975,8.769816510125798,-0.5198297664451776,172078.04795580628,-894.5129147920885
2009Q1,2009-01-02,INTC,REBALANCE,9.206834714487096,8.970259532960705,-0.23657518152639112,172078.04795580628,-407.0939543185191
2009Q1,2009-01-02,INTU,REBALANCE,1.1112388551206622,1.099329847562982,-0.011909007557680228,172078.04795580628,-20.492787736165575
2009Q1,2009-01-02,ISRG,REBALANCE,0.9900756903866347,0.977160466916235,-0.012915223470399625,172078.04795580628,-22.224264436993817
2009Q1,2009-01-02,KLAC,REBALANCE,0.3100235644829035,0.3034128144859715,-0.006610749996932,172078.04795580628,-11.375649549959109
2009Q1,2009-01-02,LIFE,BUY,0.0,0.09769081788029803,0.09769081788029803,172078.04795580628,168.1044524404786
2009Q1,2009-01-02,MCHP,REBALANCE,0.6406853128581372,0.609140602898085,-0.03154470996005222,172078.04795580628,-54.28152113257866
2009Q1,2009-01-02,MDLZ,REBALANCE,3.064086569606681,2.8383015296312064,-0.2257850399754742,172078.04795580628,-388.5264893660329
2009Q1,2009-01-02,MSFT,REBALANCE,10.497219147711244,10.962647488662007,0.46542834095076313,172078.04795580628,800.9000037411678
2009Q1,2009-01-02,NTAP,REBALANCE,0.3935195929255872,0.3983798030492303,0.0048602101236431584,172078.04795580628,8.363354707315626
2009Q1,2009-01-02,NVDA,REBALANCE,0.8778595595548961,0.9057250459630427,0.02786548640814658,172078.04795580628,47.95038506452915
2009Q1,2009-01-02,ORCL,REBALANCE,8.030886583451776,7.923691606819499,-0.10719497663227717,172078.04795580628,-184.45902329550526
2009Q1,2009-01-02,ORLY,BUY,0.0,0.32564389188426907,0.32564389188426907,172078.04795580628,560.3616524417665
2009Q1,2009-01-02,PAYX,REBALANCE,1.0309562544180981,0.9937085640112041,-0.037247690406893956,172078.04795580628,-64.09509856080524
2009Q1,2009-01-02,PCAR,REBALANCE,1.0774072158018888,1.1406176826219692,0.06321046682008033,172078.04795580628,108.77133740774686
2009Q1,2009-01-02,QCOM,REBALANCE,4.794822842222699,4.767713401273629,-0.027109440949069086,172078.04795580628,-46.64939679689009
2009Q1,2009-01-02,SBUX,REBALANCE,0.7988803517906224,0.7757523529198181,-0.023127998870804255,172078.04795580628,-39.798208988120884
2009Q1,2009-01-02,SNDK,SELL,1.0760290509738504,0.0,-1.0760290509738504,172078.04795580628,-1851.6097863531895
2009Q1,2009-01-02,VRSN,REBALANCE,0.28492641609618186,0.29434780339039157,0.009421387294209762,172078.04795580628,16.212139346232515
2009Q1,2009-01-02,WYNN,REBALANCE,0.5196360023146509,0.5515722200452705,0.03193621773061959,172078.04795580628,54.95522006176628
2009Q1,2009-01-02,XRAY,REBALANCE,0.9488895404935275,0.90737702580618,-0.041512514687347575,172078.04795580628,-71.43392493135508
2009Q2,2009-04-01,AAPL,REBALANCE,8.864019838650307,8.77874280875825,-0.08527702989205577,178910.93021502634,-152.56992743962306
2009Q2,2009-04-01,ADBE,REBALANCE,1.6582529244679907,1.6035522931646455,-0.05470063130334525,178910.93021502634,-97.86540829830687
2009Q2,2009-04-01,ADP,REBALANCE,1.5017810899661435,1.4864517709844027,-0.015329318981740885,178910.93021502634,-27.42582718586122
2009Q2,2009-04-01,ADSK,REBALANCE,0.6737677676920864,0.6636590475735082,-0.010108720118578128,178910.93021502634,-18.085605196981643
2009Q2,2009-04-01,AKAM,REBALANCE,0.5306539066674266,0.5309467738535925,0.0002928671861659321,178910.93021502634,0.5239714070640421
2009Q2,2009-04-01,AMAT,REBALANCE,1.2294957519207024,1.189915015302784,-0.039580736617918395,178910.93021502634,-70.81426406907735
2009Q2,2009-04-01,AMGN,REBALANCE,3.30573906058953,3.216760215164464,-0.08897884542506604,178910.93021502634,-159.19288004457604
2009Q2,2009-04-01,AMZN,REBALANCE,7.552711744294947,7.2621731790505475,-0.2905385652443998,178910.93021502634,-519.8052497121469
2009Q2,2009-04-01,BBBY,REBALANCE,0.12670964954813155,0.12617250038143968,-0.0005371491666918875,178910.93021502634,-0.9610185707707184
2009Q2,2009-04-01,BIIB,REBALANCE,1.4211417037425222,1.4070489575723542,-0.014092746170168112,178910.93021502634,-25.21346326589027
2009Q2,2009-04-01,CHRW,REBALANCE,0.6684278255613536,0.6669427086613293,-0.0014851169000242373,178910.93021502634,-2.657036460613926
2009Q2,2009-04-01,COST,REBALANCE,2.6365270058649704,2.6441046897559115,0.007577683890941378,178910.93021502634,13.557304738037422
2009Q2,2009-04-01,CSCO,REBALANCE,7.983448995949968,8.135869905339558,0.15242090938958897,178910.93021502634,272.69766683111607
2009Q2,2009-04-01,CTAS,REBALANCE,0.36534494424192404,0.35976603833730353,-0.005578905904620466,178910.93021502634,-9.981272449777505
2009Q2,2009-04-01,CTSH,REBALANCE,0.8223922151936994,0.8086370828289737,-0.013755132364725621,178910.93021502634,-24.60943526603876
2009Q2,2009-04-01,DELL,REBALANCE,0.6437870366126316,0.655666032364811,0.011878995752179471,178910.93021502634,21.252821800427757
2009Q2,2009-04-01,EA,REBALANCE,0.8680964447974797,0.8220821546543935,-0.046014290143086244,178910.93021502634,-82.32459452683678
2009Q2,2009-04-01,EBAY,REBALANCE,0.3932493167662111,0.39868953416363745,0.005440217397426322,178910.93021502634,9.733143551455129
2009Q2,2009-04-01,EXPD,REBALANCE,0.5535291259272132,0.5364693791693474,-0.017059746757865698,178910.93021502634,-30.521751616825316
2009Q2,2009-04-01,EXPE,REBALANCE,0.2602808952287687,0.2561597255985221,-0.004121169630246554,178910.93021502634,-7.373222921213271
2009Q2,2009-04-01,FAST,REBALANCE,0.5693102468951561,0.5668796211050481,-0.0024306257901079813,178910.93021502634,-4.348655211128523
2009Q2,2009-04-01,FOXA,REBALANCE,1.238833432104897,1.2616920736132176,0.022858641508320503,178910.93021502634,40.89660815705434
2009Q2,2009-04-01,GILD,REBALANCE,3.632046474962118,3.536113883635341,-0.09593259132677709,178910.93021502634,-171.63389152211656
2009Q2,2009-04-01,GOOGL,REBALANCE,9.542811848048801,9.466631005163077,-0.0761808428857258,178910.93021502634,-136.29585465249974
2009Q2,2009-04-01,INTC,REBALANCE,8.936543184857996,8.77809464774328,-0.15844853711471651,178910.93021502634,-283.4817516640406
2009Q2,2009-04-01,INTU,REBALANCE,1.2000130909439188,1.2061655375434206,0.006152446599501718,178910.93021502634,11.00739944215128
2009Q2,2009-04-01,ISRG,REBALANCE,0.7057505804507618,0.6819051544329701,-0.023845426017791733,178910.93021502634,-42.662073502167104
2009Q2,2009-04-01,KLAC,REBALANCE,0.2701094433451142,0.27118276219242476,0.0010733188473105795,178910.93021502634,1.920284733896556
2009Q2,2009-04-01,LIFE,REBALANCE,0.09395985602357566,0.09569357954875288,0.0017337235251772137,178910.93021502634,3.1018208862512995
2009Q2,2009-04-01,MCHP,REBALANCE,0.6469566299971876,0.6699599514733569,0.02300332147616921,178910.93021502634,41.155456433367256
2009Q2,2009-04-01,MDLZ,REBALANCE,2.2963557312358196,2.350393152203262,0.05403742096744199,178910.93021502634,96.67885251706015
2009Q2,2009-04-01,MSFT,REBALANCE,10.031928769062208,10.84433254604353,0.8124037769813214,178910.93021502634,1453.4791544992902
2009Q2,2009-04-01,NTAP,REBALANCE,0.40702730485352956,0.4068804145588299,-0.00014689029469968154,178910.93021502634,-0.26280279264279377
2009Q2,2009-04-01,NVDA,REBALANCE,1.0643593511191267,1.0298131699496333,-0.034546181169493526,178910.93021502634,-61.80689408410913
2009Q2,2009-04-01,ORCL,REBALANCE,7.767218805272945,7.833370125221438,0.0661513199484931,178910.93021502634,118.3519418693673
2009Q2,2009-04-01,ORLY,REBALANCE,0.3567137516524421,0.3592782290816172,0.002564477429175139,178910.93021502634,4.588130423691634
2009Q2,2009-04-01,PAYX,REBALANCE,0.9451957881830493,0.9394182705911495,-0.005777517591899761,178910.93021502634,-10.336610467004652
2009Q2,2009-04-01,PCAR,REBALANCE,0.9941747771756139,0.9515947453264215,-0.04258003184919243,178910.93021502634,-76.18033106724465
2009Q2,2009-04-01,QCOM,REBALANCE,5.00302631289548,5.025069384837326,0.0220430719418456,178910.93021502634,39.43746505912343
2009Q2,2009-04-01,SBUX,REBALANCE,0.8762633036913205,0.8626015315297457,-0.01366177216157484,178910.93021502634,-24.442403658131056
2009Q2,2009-04-01,VRSN,REBALANCE,0.2799902896279217,0.26637658664605846,-0.013613702981863296,178910.93021502634,-24.3564026415624
2009Q2,2009-04-01,WYNN,REBALANCE,0.2506915622739204,0.24553698784589736,-0.005154574428023039,178910.93021502634,-9.222097057801893
2009Q2,2009-04-01,XRAY,REBALANCE,0.8313621937120829,0.8012067986616044,-0.030155395050478553,178910.93021502634,-53.95129779482719
2009Q3,2009-07-01,AAPL,REBALANCE,10.13787378021859,10.032065915350385,-0.10580786486820287,209912.5294158827,-222.10396546578374
2009Q3,2009-07-01,ADBE,REBALANCE,1.8082450742813523,1.8199315959741829,0.01168652169283059,209912.5294158827,24.531473286156523
2009Q3,2009-07-01,ADP,REBALANCE,1.2881082540600601,1.3131650392842409,0.02505678522418068,209912.5294158827,52.59733165438281
2009Q3,2009-07-01,ADSK,REBALANCE,0.6386634009545272,0.6294115408995118,-0.009251860055015451,209912.5294158827,-19.42081345950061
2009Q3,2009-07-01,AKAM,REBALANCE,0.44740041905192257,0.47008154275086933,0.02268112369894675,209912.5294158827,47.61052045640433
2009Q3,2009-07-01,AMAT,REBALANCE,1.0440250418781414,1.0758317363486103,0.03180669447046883,209912.5294158827,66.76623688654281
2009Q3,2009-07-01,AMGN,REBALANCE,2.93103077628861,3.0537587079421185,0.12272793165350876,209912.5294158827,257.621305633676
2009Q3,2009-07-01,AMZN,REBALANCE,7.050993630979783,7.011282884994409,-0.03971074598537461,209912.5294158827,-83.35783134781593
2009Q3,2009-07-01,BBBY,REBALANCE,0.1405637473258786,0.15184920753536124,0.01128546020948266,209912.5294158827,23.689594981948023
2009Q3,2009-07-01,BIIB,REBALANCE,1.0329242858154588,1.103074076194179,0.07014979037872018,209912.5294158827,147.25319936391105
2009Q3,2009-07-01,CHRW,REBALANCE,0.6528798628783288,0.6771490860419896,0.024269223163660928,209912.5294158827,50.944140212425964
2009Q3,2009-07-01,COST,REBALANCE,2.2359088650394923,2.2803288778619493,0.04442001282245686,209912.5294158827,93.24317248247863
2009Q3,2009-07-01,CSCO,REBALANCE,7.711668806768896,7.618082273681362,-0.09358653308753351,209912.5294158827,-196.44985879667357
2009Q3,2009-07-01,CTAS,REBALANCE,0.28331290474140414,0.2937508519513612,0.010437947209957074,209912.5294158827,21.91055900751545
2009Q3,2009-07-01,CTSH,REBALANCE,0.8851336500297294,0.9004330677235421,0.015299417693812739,209912.5294158827,32.11539466698343
2009Q3,2009-07-01,DELL,REBALANCE,0.5588319100684805,0.5701783943599097,0.011346484291429107,209912.5294158827,23.817692175914633
2009Q3,2009-07-01,EA,REBALANCE,0.8366442578442008,0.852900345341321,0.016256087497120222,209912.5294158827,34.123564449264116
2009Q3,2009-07-01,EBAY,REBALANCE,0.46344822610014824,0.44308839115601895,-0.02035983494412929,209912.5294158827,-42.73784451612055
2009Q3,2009-07-01,EXPD,REBALANCE,0.5420310641439504,0.5666252348921379,0.02459417074818747,209912.5294158827,51.626245906381435
2009Q3,2009-07-01,EXPE,REBALANCE,0.36331872104020524,0.3700782623758463,0.006759541335641045,209912.5294158827,14.189124194556259
2009Q3,2009-07-01,FAST,REBALANCE,0.4984868813495335,0.4934172322277149,-0.005069649121818617,209912.5294158827,-10.641828704119542
2009Q3,2009-07-01,FOXA,REBALANCE,1.0753550689098923,1.0971890035461567,0.021833934636264485,209912.5294158827,45.83216446599329
2009Q3,2009-07-01,GILD,REBALANCE,3.0477065881316228,3.1873678287473965,0.13966124061577379,209912.5294158827,293.1664427901728
2009Q3,2009-07-01,GOOGL,REBALANCE,9.773048075891987,9.741222629987899,-0.03182544590408787,209912.5294158827,-66.80559849515427
2009Q3,2009-07-01,INTC,REBALANCE,8.308121874919921,8.727786171287391,0.4196642963674696,209912.5294158827,880.9279395603218
2009Q3,2009-07-01,INTU,REBALANCE,1.0733384011798293,1.090735922529789,0.01739752134995963,209912.5294158827,36.51957712136848
2009Q3,2009-07-01,ISRG,REBALANCE,0.997467514134448,1.0253124006833034,0.027844886548855467,209912.5294158827,58.44990566768539
2009Q3,2009-07-01,KLAC,REBALANCE,0.2935442004249863,0.30102927106831845,0.0074850706433321566,209912.5294158827,15.712101115984213
2009Q3,2009-07-01,LIFE,REBALANCE,0.08156076905134749,0.0832167732418107,0.0016560041904632207,209912.5294158827,3.476160283434358
2009Q3,2009-07-01,MCHP,REBALANCE,0.6177755130523044,0.6244020124716375,0.006626499419333173,209912.5294158827,13.909852542851043
2009Q3,2009-07-01,MDLZ,REBALANCE,2.3030979759603674,2.411376074012826,0.10827809805245836,209912.5294158827,227.28929442532495
2009Q3,2009-07-01,MSFT,REBALANCE,12.035683278135643,11.001275146367231,-1.0344081317684135,209912.5294158827,-2171.3522738786532
2009Q3,2009-07-01,NTAP,REBALANCE,0.46082741804789346,0.4546945439080392,-0.0061328741398542636,209912.5294158827,-12.873671232860643
2009Q3,2009-07-01,NVDA,REBALANCE,1.0050183094435723,1.0044964359508841,-0.0005218734926881047,209912.5294158827,-1.095477848852612
2009Q3,2009-07-01,ORCL,REBALANCE,7.934794318949291,7.991304379737074,0.056510060787783034,209912.5294158827,118.62169797408825
2009Q3,2009-07-01,ORLY,REBALANCE,0.3330690454844838,0.33758812511963093,0.0045190796351471385,209912.5294158827,9.486114368455402
2009Q3,2009-07-01,PAYX,REBALANCE,0.7951571791599567,0.8235371327221291,0.02837995356217253,209912.5294158827,59.57307836940926
2009Q3,2009-07-01,PCAR,REBALANCE,1.027304182413769,1.0498060688340698,0.02250188642030082,209912.5294158827,47.23427895114247
2009Q3,2009-07-01,QCOM,REBALANCE,4.9948958882836125,4.99299825612518,-0.001897632158432555,209912.5294158827,-3.9833676627749868
2009Q3,2009-07-01,SBUX,REBALANCE,0.9191722819912549,0.9401849165144369,0.021012634523182028,209912.5294158827,44.1081526245264
2009Q3,2009-07-01,VRSN,REBALANCE,0.22282485808824515,0.22507935082815006,0.002254492739904926,209912.5294158827,4.732462735831867
2009Q3,2009-07-01,WYNN,REBALANCE,0.36992362939043766,0.3506537008708155,-0.019269928519622143,209912.5294158827,-40.449994372171396
2009Q3,2009-07-01,XRAY,REBALANCE,0.7788200433859636,0.8122595653067775,0.03343952192081398,209912.5294158827,70.1937462885592
2009Q4,2009-10-01,AAPL,REBALANCE,11.284761736993598,10.803284673709685,-0.48147706328391243,242844.06506295805,-1169.238472824404
2009Q4,2009-10-01,ADBE,REBALANCE,1.8366210581807665,1.7518130253163005,-0.08480803286446612,242844.06506295805,-205.95127450799893
2009Q4,2009-10-01,ADP,REBALANCE,1.2695314160241187,1.2510498019998801,-0.018481614024238452,242844.06506295805,-44.8815027857064
2009Q4,2009-10-01,ADSK,REBALANCE,0.682222934546485,0.6607422894272775,-0.02148064511920747,242844.06506295805,-52.16447180923131
2009Q4,2009-10-01,AKAM,REBALANCE,0.41692751601819555,0.3713336868282137,-0.045593829189981804,242844.06506295805,-110.72190822281337
2009Q4,2009-10-01,AMAT,REBALANCE,1.1351524236463053,1.0728902559493796,-0.06226216769692587,242844.06506295805,-151.19997903153072
2009Q4,2009-10-01,AMGN,REBALANCE,3.0031329184830646,2.9275539644864272,-0.07557895399663735,242844.06506295805,-183.53900421749714
2009Q4,2009-10-01,AMZN,REBALANCE,6.763186319827081,6.705982548678699,-0.057203771148382765,242844.06506295805,-138.91596322604425
2009Q4,2009-10-01,BBBY,REBALANCE,0.160998686400056,0.14813282451121462,-0.012865861888841364,242844.06506295805,-31.243982016248243
2009Q4,2009-10-01,BIIB,REBALANCE,1.0668936307078498,0.9976065148681136,-0.06928711583973624,242844.06506295805,-168.25964867009617
2009Q4,2009-10-01,BKNG,BUY,0.0,0.6725658607450096,0.6725658607450096,242844.06506295805,1633.286276458855
2009Q4,2009-10-01,CHRW,REBALANCE,0.6509972906407934,0.6209735481769689,-0.03002374246382439,242844.06506295805,-72.91087668318467
2009Q4,2009-10-01,COST,REBALANCE,2.4364554529837914,2.386313931090225,-0.05014152189356663,242844.06506295805,-121.76571005077031
2009Q4,2009-10-01,CSCO,REBALANCE,8.311585137600726,8.021112577539146,-0.2904725600615804,242844.06506295805,-705.3953727459842
2009Q4,2009-10-01,CTAS,REBALANCE,0.3369611226352582,0.32018921481126755,-0.016771907823990607,242844.06506295805,-40.7295827483911
2009Q4,2009-10-01,CTSH,REBALANCE,1.1269712369285787,1.057032893813136,-0.06993834311544278,242844.06506295805,-169.8411154592207
2009Q4,2009-10-01,DELL,REBALANCE,0.4928577889986561,0.48880268496208146,-0.004055104036574612,242844.06506295805,-9.847579484949888
2009Q4,2009-10-01,EA,REBALANCE,0.6466130491721461,0.6151997292114205,-0.03141331996072563,242844.06506295805,-76.28538316385975
2009Q4,2009-10-01,EBAY,REBALANCE,0.5276620198194689,0.5260868211511376,-0.001575198668331279,242844.06506295805,-3.8252764789932603
2009Q4,2009-10-01,EXPD,REBALANCE,0.5163764726474139,0.4853234960462376,-0.031052976601176306,242844.06506295805,-75.41031070134572
2009Q4,2009-10-01,EXPE,REBALANCE,0.5070439177626198,0.47538106648662437,-0.031662851275995454,242844.06506295805,-76.89135515346604
2009Q4,2009-10-01,FAST,REBALANCE,0.5025465113453348,0.48020178080668247,-0.022344730538652324,242844.06506295805,-54.26285196742751
2009Q4,2009-10-01,FOXA,REBALANCE,0.9484016787561028,0.9405984796149637,-0.007803199141139146,242844.06506295805,-18.949605999300132
2009Q4,2009-10-01,FSLR,BUY,0.0,2.11554678465366,2.11554678465366,242844.06506295805,5137.479810161651
2009Q4,2009-10-01,GILD,REBALANCE,2.7351369785292126,2.643193271582377,-0.09194370694683568,242844.06506295805,-223.2798355192691
2009Q4,2009-10-01,GOOGL,REBALANCE,9.903401807765517,9.710463977306121,-0.19293783045939567,242844.06506295805,-468.5380705318745
2009Q4,2009-10-01,INTC,REBALANCE,8.98599955721247,8.359448045586804,-0.6265515116256657,242844.06506295805,-1521.5431605451786
2009Q4,2009-10-01,INTU,REBALANCE,0.9531917562839448,0.9153252165038058,-0.03786653978013893,242844.06506295805,-91.95664450077147
2009Q4,2009-10-01,ISRG,REBALANCE,1.4201690197471886,1.3603442583965255,-0.05982476135066306,242844.06506295805,-145.28088237816357
2009Q4,2009-10-01,KLAC,REBALANCE,0.37133928350392464,0.3436150107882653,-0.027724272715659366,242844.06506295805,-67.32675087184775
2009Q4,2009-10-01,LIFE,REBALANCE,0.0719319344143236,0.07134009740958681,-0.0005918370047367904,242844.06506295805,-1.4372410408496734
2009Q4,2009-10-01,MCHP,REBALANCE,0.642511406845155,0.6013268292613668,-0.0411845775837881,242844.06506295805,-100.0143023834788
2009Q4,2009-10-01,MDLZ,REBALANCE,2.18475511014314,2.041374543073792,-0.14338056706934763,242844.06506295805,-348.19119758152476
2009Q4,2009-10-01,MSFT,REBALANCE,10.347389072337453,10.803284673709685,0.4558956013722332,242844.06506295805,1107.1154108155497
2009Q4,2009-10-01,NTAP,REBALANCE,0.5317523429693936,0.5129060817982591,-0.018846261171134426,242844.06506295805,-45.767026740364685
2009Q4,2009-10-01,NVDA,REBALANCE,1.1559105990463214,1.0600918873409553,-0.09581871170536611,242844.06506295805,-232.6900545962675
2009Q4,2009-10-01,ORCL,REBALANCE,6.737020613629763,6.431609673541118,-0.30541094008864483,242844.06506295805,-741.6723420582605
2009Q4,2009-10-01,ORLY,REBALANCE,0.276942192010169,0.2709460359767734,-0.005996156033395575,242844.06506295805,-14.561309059015635
2009Q4,2009-10-01,PAYX,REBALANCE,0.8301570265652224,0.7920797595346837,-0.03807726703053873,242844.06506295805,-92.46838312183775
2009Q4,2009-10-01,PCAR,REBALANCE,1.0577824160084968,0.9763704709328089,-0.08141194507568783,242844.06506295805,-197.70407686862302
2009Q4,2009-10-01,QCOM,REBALANCE,4.310495854552298,4.061926543666573,-0.24856931088572537,242844.06506295805,-603.6358190538774
2009Q4,2009-10-01,ROST,BUY,0.0,0.43260472989759874,0.43260472989759874,242844.06506295805,1050.5549117379587
2009Q4,2009-10-01,SBUX,REBALANCE,1.2082086886153143,1.1497043450214677,-0.058504343593846625,242844.06506295805,-142.07432622169742
2009Q4,2009-10-01,VRSN,REBALANCE,0.24886887644990735,0.23924051344143688,-0.009628363008470486,242844.06506295805,-23.381908128787853
2009Q4,2009-10-01,WYNN,REBALANCE,0.6086946540345879,0.5572171391693497,-0.05147751486523824,242844.06506295805,-125.01008969213305
2009Q4,2009-10-01,XRAY,REBALANCE,0.7944404668983283,0.7698684255630683,-0.024572041335259916,242844.06506295805,-59.67174404749554
2010Q1,2010-01-04,AAPL,REBALANCE,10.94929359947126,10.931736835033066,-0.017556764438193817,272415.0576913712,-47.827269973043826
2010Q1,2010-01-04,ADBE,REBALANCE,1.7384243463856819,1.7337479012005945,-0.004676445185087391,272415.0576913712,-12.739340848861167
2010Q1,2010-01-04,ADP,REBALANCE,1.2248161752107503,1.190662355205641,-0.03415382000510926,272415.0576913712,-93.04014847072547
2010Q1,2010-01-04,ADSK,REBALANCE,0.6288632383034432,0.6373810804911659,0.008517842187722845,272415.0576913712,23.203884709745143
2010Q1,2010-01-04,AKAM,REBALANCE,0.42622826527717206,0.443147115458032,0.01691885018085997,272415.0576913712,46.08949548090634
2010Q1,2010-01-04,AMAT,REBALANCE,1.0013013706125335,1.0270045284810503,0.025703157868516534,272415.0576913712,70.01927233602353
2010Q1,2010-01-04,AMGN,REBALANCE,2.4511776969011194,2.4592717243053364,0.0080940274042169,272415.0576913712,22.04934942275286
2010Q1,2010-01-04,AMZN,REBALANCE,8.613601739088692,8.469117525755902,-0.1444842133327892,272415.0576913712,-393.59675310544156
2010Q1,2010-01-04,BBBY,REBALANCE,0.12206109883379043,0.12010180535203074,-0.0019592934817596946,272415.0576913712,-5.337410468678947
2010Q1,2010-01-04,BIIB,REBALANCE,0.9417727010204395,0.931271474357993,-0.010501226662446538,272415.0576913712,-28.60692267080539
2010Q1,2010-01-04,BKNG,REBALANCE,0.7897083942087966,0.7993322033145317,0.009623809105735112,272415.0576913712,26.21670512749574
2010Q1,2010-01-04,CHRW,REBALANCE,0.5654585300864852,0.5661074891046135,0.0006489590181283332,272415.0576913712,1.7678620836276548
2010Q1,2010-01-04,COST,REBALANCE,2.2393680626359735,2.192614896371755,-0.046753166264218785,272415.0576913712,-127.36266485121429
2010Q1,2010-01-04,CSCO,REBALANCE,7.2719166807328595,7.3647687509322575,0.0928520701993979,272415.0576913712,252.94302060132225
2010Q1,2010-01-04,CTAS,REBALANCE,0.24550381453820472,0.24746263086015363,0.001958816321948921,272415.0576913712,5.336110613505149
2010Q1,2010-01-04,CTSH,REBALANCE,1.1048643087900587,1.1400372626885429,0.03517295389848414,272415.0576913712,95.81642265431496
2010Q1,2010-01-04,DELL,REBALANCE,0.435742546817522,0.41972128012001764,-0.016021266697504363,272415.0576913712,-43.64434291689495
2010Q1,2010-01-04,EA,REBALANCE,0.5109940522275384,0.5193838724217903,0.008389820194251892,272415.0576913712,22.8551335223736
2010Q1,2010-01-04,EBAY,REBALANCE,0.4675883887228582,0.46456499934863216,-0.0030233893742260057,272415.0576913712,-8.23616790803256
2010Q1,2010-01-04,EXPD,REBALANCE,0.4304780635788647,0.4375158635960206,0.007037800017155923,272415.0576913712,19.17202697693864
2010Q1,2010-01-04,EXPE,REBALANCE,0.4552735129725922,0.4523448237859169,-0.002928689186675309,272415.0576913712,-7.978190337482492
2010Q1,2010-01-04,FAST,REBALANCE,0.46059583060459647,0.46775938345257956,0.007163552847983066,272415.0576913712,19.514596623584932
2010Q1,2010-01-04,FOXA,REBALANCE,0.8384953472011063,0.8076657720764366,-0.03082957512466969,272415.0576913712,-83.98440486187356
2010Q1,2010-01-04,FSLR,REBALANCE,1.670489716549478,1.7116820065145737,0.04119228996509565,272415.0576913712,112.21400047281222
2010Q1,2010-01-04,GILD,REBALANCE,2.192599250289772,2.1694318780327513,-0.02316737225702102,272415.0576913712,-63.111410499538536
2010Q1,2010-01-04,GOOGL,REBALANCE,10.823401372329494,10.726410709575042,-0.09699066275445228,272415.0576913712,-264.21716989778446
2010Q1,2010-01-04,INTC,REBALANCE,7.827307907805929,7.990478547103843,0.1631706392979132,272415.0576913712,444.50139117878945
2010Q1,2010-01-04,INTU,REBALANCE,0.8798112734847624,0.8704370612316789,-0.009374212253083526,272415.0576913712,-25.536765717349073
2010Q1,2010-01-04,ISRG,REBALANCE,1.403098662165711,1.4288530226354885,0.025754360469777346,272415.0576913712,70.15875593178765
2010Q1,2010-01-04,KLAC,REBALANCE,0.3102611310696606,0.31994542622649474,0.009684295156834168,272415.0576913712,26.381478238492463
2010Q1,2010-01-04,LIFE,REBALANCE,0.06359604128990196,0.061257758866364115,-0.002338282423537837,272415.0576913712,-6.3698334130677905
2010Q1,2010-01-04,MCHP,REBALANCE,0.5951964791491264,0.6046267374157193,0.009430258266592776,272415.0576913712,25.689443497384012
2010Q1,2010-01-04,MDLZ,REBALANCE,1.9028406992017528,1.869664312549809,-0.033176386651943834,272415.0576913712,-90.37747283780517
2010Q1,2010-01-04,MSFT,REBALANCE,11.463355603728331,10.931736835033066,-0.5316187686952661,272415.0576913712,-1448.2095754393663
2010Q1,2010-01-04,NTAP,REBALANCE,0.588845868184275,0.5782602795412151,-0.010585588643059925,272415.0576913712,-28.83673740896293
2010Q1,2010-01-04,NVDA,REBALANCE,1.1745130635322396,1.2056534722582781,0.031140408726038418,272415.0576913712,84.83116239636634
2010Q1,2010-01-04,ORCL,REBALANCE,6.764896276342561,6.756797987243885,-0.008098289098676381,272415.0576913712,-22.060958920173288
2010Q1,2010-01-04,ORLY,REBALANCE,0.25476744279323316,0.2501305636723498,-0.004636879120883345,272415.0576913712,-12.63155693223351
2010Q1,2010-01-04,PAYX,REBALANCE,0.752781705661745,0.7465819831639237,-0.006199722497821341,272415.0576913712,-16.888977619144924
2010Q1,2010-01-04,PCAR,REBALANCE,0.8390509715566349,0.8624321846344201,0.0233812130777852,272415.0576913712,63.693945094790976
2010Q1,2010-01-04,QCOM,REBALANCE,3.7381354377536495,3.848705435024141,0.11056999727049183,272415.0576913712,301.20932185375784
2010Q1,2010-01-04,ROST,REBALANCE,0.34566471380745784,0.3412285982949932,-0.0044361155124646775,272415.0576913712,-12.084646632536518
2010Q1,2010-01-04,SBUX,REBALANCE,1.1445156204462925,1.1394790629730818,-0.005036557473210752,272415.0576913712,-13.720340946306138
2010Q1,2010-01-04,URBN,BUY,0.0,0.3515552194236341,0.3515552194236341,272415.0576913712,957.6893538099193
2010Q1,2010-01-04,VRSN,REBALANCE,0.21822207176797737,0.22145176365018054,0.0032296918822031714,272415.0576913712,8.798167004157301
2010Q1,2010-01-04,WYNN,REBALANCE,0.43332079642225024,0.4954312851443198,0.06211048872206953,272415.0576913712,169.1983236846183
2010Q1,2010-01-04,XRAY,REBALANCE,0.6998001166737707,0.695046282669629,-0.004753834004141751,272415.0576913712,-12.950159644934773
2010Q2,2010-04-01,AAPL,REBALANCE,11.807222189438463,10.900277523995175,-0.9069446654432878,281263.8333340304,-2550.9073322442887
2010Q2,2010-04-01,ADBE,REBALANCE,1.614828860361104,1.6472126309353547,0.03238377057425065,281263.8333340304,91.08383449523514
2010Q2,2010-04-01,ADP,REBALANCE,1.207037575076684,1.2204680892903996,0.01343051421371557,281263.8333340304,37.77517911396823
2010Q2,2010-04-01,ADSK,REBALANCE,0.7137785664374089,0.713882601345621,0.00010403490821207437,281263.8333340304,0.2926125708428204
2010Q2,2010-04-01,AKAM,REBALANCE,0.5321875535323097,0.5294766892046827,-0.002710864327626957,281263.8333340304,-7.624680924368369
2010Q2,2010-04-01,AMAT,REBALANCE,0.9657933610666624,0.9498896264308153,-0.015903734635847044,281263.8333340304,-44.731453680055296
2010Q2,2010-04-01,AMGN,REBALANCE,2.5195844350370655,2.5541700808213137,0.03458564578424812,281263.8333340304,97.27691311610576
2010Q2,2010-04-01,AMZN,REBALANCE,8.278894285677502,8.220001664277737,-0.058892621399764256,281263.8333340304,-165.64364449987445
2010Q2,2010-04-01,BBBY,REBALANCE,0.13922767099520084,0.1459703860270442,0.006742715031843359,281263.8333340304,18.964818769352522
2010Q2,2010-04-01,BIIB,REBALANCE,0.9675556569799941,0.9846284925799245,0.017072835599930315,281263.8333340304,48.019711867181016
2010Q2,2010-04-01,BKNG,REBALANCE,0.9038830583434931,0.9043904158075915,0.0005073574640983639,281263.8333340304,1.4270130522293853
2010Q2,2010-04-01,CHRW,REBALANCE,0.5238713300873933,0.5262133250461611,0.0023419949587677805,281263.8333340304,6.587184797520004
2010Q2,2010-04-01,COST,REBALANCE,2.1495983499958644,2.1951524837466567,0.045554133750792467,281263.8333340304,128.1273028295902
2010Q2,2010-04-01,CSCO,REBALANCE,7.755798748695569,7.596757366142666,-0.1590413825529033,281263.8333340304,-447.32588915573564
2010Q2,2010-04-01,CTAS,REBALANCE,0.2634328104296486,0.2641690835587271,0.0007362731290785213,281263.8333340304,2.0708700266546627
2010Q2,2010-04-01,CTSH,REBALANCE,1.2417958828496505,1.2203611013525795,-0.021434781497070912,281263.8333340304,-60.28828810543512
2010Q2,2010-04-01,DELL,REBALANCE,0.4065165271441137,0.4138347642057708,0.007318237061657105,281263.8333340304,20.583554092088484
2010Q2,2010-04-01,EA,REBALANCE,0.528833380411783,0.5315677830099531,0.002734402598170149,281263.8333340304,7.690885566398686
2010Q2,2010-04-01,EBAY,REBALANCE,0.5157303480651813,0.5092209827701185,-0.006509365295062804,281263.8333340304,-18.30849035460866
2010Q2,2010-04-01,EXPD,REBALANCE,0.44995411242284933,0.45068601053768154,0.0007318981148322391,281263.8333340304,2.0585646938766597
2010Q2,2010-04-01,EXPE,REBALANCE,0.4261221044477669,0.42327153935044204,-0.0028505650973248246,281263.8333340304,-8.017608664417736
2010Q2,2010-04-01,FAST,REBALANCE,0.5271110625667871,0.5381569964823435,0.011045933915556413,281263.8333340304,31.06821715843773
2010Q2,2010-04-01,FOXA,REBALANCE,0.7822559882210348,0.7963384040207574,0.014082415799722588,281263.8333340304,39.6087425043369
2010Q2,2010-04-01,FSLR,REBALANCE,1.5017208704244995,1.5112586036870137,0.009537733262514163,281263.8333340304,26.826194187322216
2010Q2,2010-04-01,GILD,REBALANCE,2.208012438031079,2.2546024083449945,0.04658997031391568,281263.8333340304,131.04073645410605
2010Q2,2010-04-01,GOOGL,REBALANCE,9.503179220839861,9.59810878145465,0.09492956061478847,281263.8333340304,267.00252115230603
2010Q2,2010-04-01,INTC,REBALANCE,8.52373673515606,8.515742503346187,-0.00799423180987413,281263.8333340304,-22.484882834060418
2010Q2,2010-04-01,INTU,REBALANCE,0.9415412349025422,0.9612948957265444,0.019753660824002248,281263.8333340304,55.55990365739134
2010Q2,2010-04-01,ISRG,REBALANCE,1.5877704558804735,1.5951071762683375,0.007336720387864093,281263.8333340304,20.635541003905892
2010Q2,2010-04-01,KLAC,REBALANCE,0.2664389727581489,0.2671980040803765,0.0007590313222276702,281263.8333340304,2.1348805931035217
2010Q2,2010-04-01,LIFE,REBALANCE,0.059330542849447984,0.06039862975016865,0.0010680869007206688,281263.8333340304,3.0041421603055927
2010Q2,2010-04-01,MCHP,REBALANCE,0.5748625506225568,0.5873626652151944,0.012500114592637647,281263.8333340304,35.15830147439917
2010Q2,2010-04-01,MDLZ,REBALANCE,2.033970353738586,2.0584997711760216,0.024529417437435877,281263.8333340304,68.99237977903823
2010Q2,2010-04-01,MSFT,REBALANCE,10.222021622224423,10.900277523995175,0.6782559017707523,281263.8333340304,1907.6885491347139
2010Q2,2010-04-01,NTAP,REBALANCE,0.5304017699063267,0.5713174034985076,0.04091563359218085,281263.8333340304,115.08087947427411
2010Q2,2010-04-01,NVDA,REBALANCE,1.0877074472252064,1.107094702155941,0.01938725493073456,281263.8333340304,54.52933639642484
2010Q2,2010-04-01,ORCL,REBALANCE,6.872887064837915,6.8393604678877225,-0.033526596950192444,281263.8333340304,-94.2981917685614
2010Q2,2010-04-01,ORLY,REBALANCE,0.26507660758544754,0.2685942683352937,0.00351766074984613,281263.8333340304,9.893907468703825
2010Q2,2010-04-01,PAYX,REBALANCE,0.7327128500496262,0.741547226594825,0.008834376545198853,281263.8333340304,24.847906122188775
2010Q2,2010-04-01,PCAR,REBALANCE,1.0006114094546736,1.0205741630667586,0.019962753612084994,281263.8333340304,56.14800604837787
2010Q2,2010-04-01,QCOM,REBALANCE,3.396108705933839,3.4323360257421838,0.03622731980834487,281263.8333340304,101.8943484071293
2010Q2,2010-04-01,ROST,REBALANCE,0.41518024816839005,0.4224570493446133,0.0072768011762232646,281263.8333340304,20.467009932341366
2010Q2,2010-04-01,SBUX,REBALANCE,1.1615395824774843,1.1815012563292784,0.019961673851794093,281263.8333340304,56.14496907319287
2010Q2,2010-04-01,URBN,REBALANCE,0.3704671276733575,0.3757169729953512,0.005249845321993662,281263.8333340304,14.765916196746646
2010Q2,2010-04-01,VRSN,REBALANCE,0.2302348287688182,0.23264343547055133,0.002408606701733134,281263.8333340304,6.774539539234969
2010Q2,2010-04-01,WYNN,REBALANCE,0.6248777442089845,0.5911286116264203,-0.03374913258256413,281263.8333340304,-94.92410401870413
2010Q2,2010-04-01,XRAY,REBALANCE,0.6685957448198393,0.6697793996295889,0.0011836548097495653,281263.8333340304,3.329192891344252
2010Q3,2010-07-01,AAPL,REBALANCE,13.409315660651483,11.02226212368638,-2.387053536965103,244718.5546821168,-5841.5629151493495
2010Q3,2010-07-01,ADBE,REBALANCE,1.4146818370179106,1.4341442336049726,0.019462396587061927,244718.5546821168,47.628095634359575
2010Q3,2010-07-01,ADP,REBALANCE,1.280529240188457,1.2910641529813764,0.010534912792919439,244718.5546821168,25.780886323853878
2010Q3,2010-07-01,ADSK,REBALANCE,0.6802981747425483,0.7020726006544238,0.02177442591187557,244718.5546821168,53.286060381870236
2010Q3,2010-07-01,AKAM,REBALANCE,0.7857649626675525,0.7938894417226801,0.00812447905512749,244718.5546821168,19.882107719159293
2010Q3,2010-07-01,AMAT,REBALANCE,0.9796105445256517,1.0020912588018098,0.022480714276158255,244718.5546821168,55.01447905883078
2010Q3,2010-07-01,AMGN,REBALANCE,2.5804238833654165,2.550669989354163,-0.02975389401125364,244718.5546821168,-72.81329938598881
2010Q3,2010-07-01,AMZN,REBALANCE,7.602847380643266,8.076581571459567,0.4737341908163009,244718.5546821168,1159.315464800673
2010Q3,2010-07-01,BBBY,REBALANCE,0.18678903852034684,0.1855963537800528,-0.0011926847402940564,244718.5546821168,-2.918720858361773
2010Q3,2010-07-01,BIIB,REBALANCE,0.9356628685861356,0.9336559905871465,-0.0020068779989890206,244718.5546821168,-4.911202833359318
2010Q3,2010-07-01,BKNG,REBALANCE,0.7196243596348678,0.7476586473035829,0.02803428766871511,244718.5546821168,68.60510359830651
2010Q3,2010-07-01,CHRW,REBALANCE,0.6053898752763165,0.6173300599372474,0.011940184660930945,244718.5546821168,29.21984732860602
2010Q3,2010-07-01,COST,REBALANCE,2.324729364919025,2.346932632066893,0.02220326714786787,244718.5546821168,54.33551445647151
2010Q3,2010-07-01,CSCO,REBALANCE,7.147996258200651,7.298018461541867,0.15002220334121574,244718.5546821168,367.13216771888955
2010Q3,2010-07-01,CTAS,REBALANCE,0.25899457865667236,0.26376643526201027,0.004771856605337863,244718.5546821168,11.677618516085941
2010Q3,2010-07-01,CTSH,REBALANCE,1.3772928043029982,1.410924279887623,0.03363147558462492,244718.5546821168,82.30246096896309
2010Q3,2010-07-01,DELL,REBALANCE,0.4756351732241806,0.4830193887344068,0.007384215510226194,244718.5546821168,18.07054547123824
2010Q3,2010-07-01,EA,REBALANCE,0.4714726841357071,0.4719127036458084,0.000440019510101336,244718.5546821168,1.0768093854393204
2010Q3,2010-07-01,EBAY,REBALANCE,0.42554936844715296,0.43933282477457536,0.013783456327422401,244718.5546821168,33.730675109708876
2010Q3,2010-07-01,EXPD,REBALANCE,0.48678638534373336,0.4982745094788633,0.011488124135129903,244718.5546821168,28.11357134357733
2010Q3,2010-07-01,EXPE,REBALANCE,0.3673715779330076,0.3850735834174044,0.017702005484396745,244718.5546821168,43.32009197116476
2010Q3,2010-07-01,FAST,REBALANCE,0.6468778579853852,0.6441584853236795,-0.002719372661705733,244718.5546821168,-6.654809474146879
2010Q3,2010-07-01,FOXA,REBALANCE,0.9152603587289407,0.9294697362461832,0.014209377517242563,244718.5546821168,34.772983289521655
2010Q3,2010-07-01,FSLR,REBALANCE,1.6120368441235773,1.7079241424779044,0.09588729835432706,244718.5546821168,234.65401065643837
2010Q3,2010-07-01,GILD,REBALANCE,1.9535862850760872,1.9684545371590356,0.014868252082948438,244718.5546821168,36.38537160388515
2010Q3,2010-07-01,GOOGL,REBALANCE,8.655036810981938,8.655908442480435,0.0008716314984960616,244718.5546821168,2.133044005273639
2010Q3,2010-07-01,INTC,REBALANCE,8.600650978070494,8.605753937025836,0.005102958955342796,244718.5546821168,12.487887401536536
2010Q3,2010-07-01,INTU,REBALANCE,1.1193372934081636,1.1239541079189765,0.004616814510812958,244718.5546821168,11.298201743215714
2010Q3,2010-07-01,ISRG,REBALANCE,1.662110694709008,1.6619120394458473,-0.00019865526316061033,244718.5546821168,-0.4861462888066012
2010Q3,2010-07-01,KLAC,REBALANCE,0.27807278645353967,0.2735054677367482,-0.0045673187167914395,244718.5546821168,-11.177076351457815
2010Q3,2010-07-01,LIFE,REBALANCE,0.06941831670149477,0.07049603306844514,0.0010777163669503632,244718.5546821168,2.637371916773547
2010Q3,2010-07-01,MCHP,REBALANCE,0.6732080759209162,0.6830099263126108,0.009801850391694556,244718.5546821168,23.986946610658322
2010Q3,2010-07-01,MDLZ,REBALANCE,2.212531318246498,2.2394753016325954,0.02694398338609766,244718.5546821168,65.93692671624787
2010Q3,2010-07-01,MSFT,REBALANCE,9.886376381536504,11.02226212368638,1.1358857421498767,244718.5546821168,2779.723171029414
2010Q3,2010-07-01,NTAP,REBALANCE,0.7528912757996663,0.7417659415076486,-0.011125334292017702,244718.5546821168,-27.225757282979632
2010Q3,2010-07-01,NVDA,REBALANCE,0.7466348615765235,0.7789086273970826,0.032273765820559075,244718.5546821168,78.97989325756319
2010Q3,2010-07-01,ORCL,REBALANCE,6.573879307261572,6.769769236530126,0.19588992926855425,244718.5546821168,479.3790036738269
2010Q3,2010-07-01,ORLY,REBALANCE,0.3520021882926813,0.3588812603487955,0.0068790720561142,244718.5546821168,16.834365711264045
2010Q3,2010-07-01,PAYX,REBALANCE,0.7277536550861076,0.7396210925960635,0.011867437509955909,244718.5546821168,29.04182155216749
2010Q3,2010-07-01,PCAR,REBALANCE,1.0812743779693461,1.08115626408861,-0.00011811388073591084,244718.5546821168,-0.2890465818158802
2010Q3,2010-07-01,QCOM,REBALANCE,3.1040429686338444,3.04526608692429,-0.05877688170955464,244718.5546821168,-143.8379354068396
2010Q3,2010-07-01,ROST,REBALANCE,0.48533808889624436,0.506849929141005,0.021511840244760674,244718.5546821168,52.64346453250426
2010Q3,2010-07-01,SBUX,REBALANCE,1.3652533071668504,1.4087290423441194,0.043475735177269,244718.5546821168,106.39319076323733
2010Q3,2010-07-01,URBN,REBALANCE,0.3900830700403902,0.40851348749009847,0.018430417449708275,244718.5546821168,45.10265120480674
2010Q3,2010-07-01,VRSN,REBALANCE,0.27283182902236797,0.27081554299175414,-0.002016286030613818,244718.5546821168,-4.934226032375558
2010Q3,2010-07-01,WYNN,REBALANCE,0.685574020581887,0.6808432223837464,-0.004730798198140582,244718.5546821168,-11.577140975417256
2010Q3,2010-07-01,XRAY,REBALANCE,0.6611710116995463,0.668324727765352,0.007153716065805716,244718.5546821168,17.506470562302137
2010Q4,2010-10-01,AAPL,REBALANCE,10.77092688100155,10.84853980550836,0.07761292450680912,282507.9072081341,219.26264874721545
2010Q4,2010-10-01,ADBE,REBALANCE,1.229146477405268,1.2078962576592542,-0.021250219746014008,282507.9072081341,-60.033551081593835
2010Q4,2010-10-01,ADP,REBALANCE,1.177625031558645,1.1722118275573365,-0.005413204001308326,282507.9072081341,-15.292729337003127
2010Q4,2010-10-01,ADSK,REBALANCE,0.7981484004348014,0.7786316293960285,-0.01951677103877291,282507.9072081341,-55.13642141624056
2010Q4,2010-10-01,AKAM,SELL,0.8505933291107168,0.0,-0.8505933291107168,282507.9072081341,-2402.993412922682
2010Q4,2010-10-01,AMAT,REBALANCE,0.8488519672935176,0.8411430438393427,-0.007708923454174954,282507.9072081341,-21.778318318666663
2010Q4,2010-10-01,AMGN,REBALANCE,2.3149158065605366,2.326439787427244,0.011523980866707043,282507.9072081341,32.55615717359986
2010Q4,2010-10-01,AMZN,REBALANCE,10.056996408683744,9.56313186714246,-0.49386454154128345,282507.9072081341,-1395.2063807513257
2010Q4,2010-10-01,BBBY,REBALANCE,0.13986212897639116,0.13537195719263984,-0.004490171783751336,282507.9072081341,-12.685090336326041
2010Q4,2010-10-01,BIIB,REBALANCE,0.9565432459179863,0.9653992438780118,0.008855997960025529,282507.9072081341,25.018894499263165
2010Q4,2010-10-01,BKNG,REBALANCE,1.2779090892581284,1.185994326967726,-0.09191476229040256,282507.9072081341,-259.66647136194746
2010Q4,2010-10-01,CHRW,REBALANCE,0.67435079623843,0.6620272922312188,-0.012323504007211161,282507.9072081341,-34.81487326548279
2010Q4,2010-10-01,COST,REBALANCE,2.399872502310454,2.3855560775599765,-0.01431642475047748,282507.9072081341,-40.44503194960126
2010Q4,2010-10-01,CSCO,REBALANCE,6.496840028512145,6.42866638401293,-0.06817364449921565,282507.9072081341,-192.59593634224734
2010Q4,2010-10-01,CTAS,REBALANCE,0.26260887180766374,0.25846696301064204,-0.004141908797021705,282507.9072081341,-11.701219860935621
2010Q4,2010-10-01,CTSH,REBALANCE,1.5740076217841095,1.576664966994177,0.0026573452100674827,282507.9072081341,7.507210340257239
2010Q4,2010-10-01,DELL,REBALANCE,0.4184088433582794,0.4128586906519605,-0.005550152706318857,282507.9072081341,-15.679620257477017
2010Q4,2010-10-01,EA,REBALANCE,0.4669835163059447,0.4627580943306579,-0.004225421975286806,282507.9072081341,-11.937151193095357
2010Q4,2010-10-01,EBAY,REBALANCE,0.47352438157230475,0.4676765868352549,-0.005847794737049838,282507.9072081341,-16.520482529466904
2010Q4,2010-10-01,EXPD,REBALANCE,0.5782079528960999,0.5689739038877081,-0.009234049008391941,282507.9072081341,-26.08691860418153
2010Q4,2010-10-01,EXPE,REBALANCE,0.502908131346737,0.4819635511978562,-0.020944580148880756,282507.9072081341,-59.17009505213331
2010Q4,2010-10-01,FAST,REBALANCE,0.5963628492558148,0.5949399388048551,-0.0014229104509597308,282507.9072081341,-4.019834536452159
2010Q4,2010-10-01,FOXA,REBALANCE,0.8051402621709878,0.7944601547210881,-0.010680107449899563,282507.9072081341,-30.172148044291273
2010Q4,2010-10-01,FSLR,REBALANCE,1.915130108308809,1.8299900742322568,-0.08514003407655221,282507.9072081341,-240.52732846595984
2010Q4,2010-10-01,GILD,REBALANCE,1.7713023351806338,1.762366512844331,-0.008935822336302718,282507.9072081341,-25.2444046741258
2010Q4,2010-10-01,GOOGL,REBALANCE,8.860332036326135,8.848555694338673,-0.011776341987462802,282507.9072081341,-33.26909729445394
2010Q4,2010-10-01,INTC,REBALANCE,7.41493383440711,7.438797034172614,0.023863199765504495,282507.9072081341,67.41542625042311
2010Q4,2010-10-01,INTU,REBALANCE,1.2267427063008425,1.248042005521751,0.021299299220908265,282507.9072081341,60.172204478986345
2010Q4,2010-10-01,ISRG,REBALANCE,1.2941969280205472,1.3182764039686186,0.024079475948071173,282507.9072081341,68.02642356758187
2010Q4,2010-10-01,KLAC,REBALANCE,0.30191413440987463,0.3038970080936245,0.001982873683749895,282507.9072081341,5.601774946542663
2010Q4,2010-10-01,LIFE,REBALANCE,0.06106621047821733,0.06025617312186033,-0.0008100373563569977,282507.9072081341,-2.2884195830482494
2010Q4,2010-10-01,MAT,BUY,0.0,0.5696229089701341,0.5696229089701341,282507.9072081341,1609.2297591096203
2010Q4,2010-10-01,MCHP,REBALANCE,0.6788438663174784,0.664198298701457,-0.014645567616021395,282507.9072081341,-41.37488657077426
2010Q4,2010-10-01,MDLZ,REBALANCE,2.1577409334598863,2.153265927932467,-0.0044750055274191125,282507.9072081341,-12.642244462960058
2010Q4,2010-10-01,MSFT,REBALANCE,10.216210160966092,10.84853980550836,0.6323296445422664,282507.9072081341,1786.3812454529898
2010Q4,2010-10-01,NTAP,REBALANCE,0.8574720341306824,0.8092043976044995,-0.048267636526182905,282507.9072081341,-136.35988980894822
2010Q4,2010-10-01,NVDA,REBALANCE,0.7718623901612812,0.7279839457617211,-0.043878444399560096,282507.9072081341,-123.96007498868192
2010Q4,2010-10-01,ORCL,REBALANCE,7.352841220123358,7.32994579143251,-0.02289542869084865,282507.9072081341,-64.68139644084721
2010Q4,2010-10-01,ORLY,REBALANCE,0.3477417819887578,0.3410061282523046,-0.00673565373645324,282507.9072081341,-19.028754407640534
2010Q4,2010-10-01,PAYX,REBALANCE,0.6860831478654523,0.6708016499522227,-0.015281497913229632,282507.9072081341,-43.171439944719715
2010Q4,2010-10-01,PCAR,REBALANCE,1.133437541950917,1.126223744444577,-0.007213797506340144,282507.9072081341,-20.379548365394104
2010Q4,2010-10-01,QCOM,REBALANCE,3.6433285929090085,3.622777730061248,-0.020550862847760337,282507.9072081341,-58.05781254442167
2010Q4,2010-10-01,ROST,REBALANCE,0.4517744188881512,0.4367519109516489,-0.015022507936502272,282507.9072081341,-42.43977278158842
2010Q4,2010-10-01,SBUX,REBALANCE,1.2898110768326627,1.2732654730650286,-0.01654560376763408,282507.9072081341,-46.74263893889322
2010Q4,2010-10-01,SNDK,BUY,0.0,0.6166801176250841,0.6166801176250841,282507.9072081341,1742.1700944712848
2010Q4,2010-10-01,URBN,REBALANCE,0.3235139911223397,0.31173163602783727,-0.011782355094502395,282507.9072081341,-33.286084797309684
2010Q4,2010-10-01,VRSN,REBALANCE,0.2804479494078909,0.27920047131624076,-0.0012474780916501768,282507.9072081341,-3.5242242496008833
2010Q4,2010-10-01,WYNN,REBALANCE,0.6727577330269949,0.6675074517406546,-0.005250281286340273,282507.9072081341,-14.832459784580207
2010Q4,2010-10-01,XRAY,REBALANCE,0.6197803299971255,0.6213390422168655,0.0015587122197399834,282507.9072081341,4.403485271384879
2011Q1,2011-01-03,AAPL,REBALANCE,11.12649822906623,10.943953649495443,-0.18254457957078835,313125.2612562015,-571.5931916900656
2011Q1,2011-01-03,ADBE,REBALANCE,1.2827412959057518,1.2869429083660762,0.004201612460324501,313125.2612562015,13.156309993364209
2011Q1,2011-01-03,ADP,REBALANCE,1.173619426667433,1.188886616327419,0.015267189659986038,313125.2612562015,47.80542750931106
2011Q1,2011-01-03,ADSK,REBALANCE,0.8393928944975642,0.8579437136996184,0.018550819202054272,313125.2612562015,58.08730109159803
2011Q1,2011-01-03,AMAT,REBALANCE,0.9180130442090593,0.9084798766653763,-0.009533167543683031,313125.2612562015,-29.850755777148898
2011Q1,2011-01-03,AMGN,REBALANCE,2.0909621698325056,2.0825189748656068,-0.00844319496689852,313125.2612562015,-26.437776298471448
2011Q1,2011-01-03,AMZN,REBALANCE,9.888252543158032,10.252244674541608,0.36399213138357533,313125.2612562015,1139.7513123468364
2011Q1,2011-01-03,BBBY,REBALANCE,0.1280400563283678,0.1278742388631596,-0.00016581746520817273,313125.2612562015,-0.5192163711415019
2011Q1,2011-01-03,BIIB,REBALANCE,1.0406402140474218,1.026553011608191,-0.014087202439230784,313125.2612562015,-44.11058944153138
2011Q1,2011-01-03,BKNG,REBALANCE,1.227334199046669,1.306364448420032,0.079030249373363,313125.2612562015,247.46367482177044
2011Q1,2011-01-03,CHRW,REBALANCE,0.690139144286641,0.6982996573789337,0.008160513092292723,313125.2612562015,25.552627940088115
2011Q1,2011-01-03,COST,REBALANCE,2.4177275677683854,2.3849809431712687,-0.0327466245971169,313125.2612562015,-102.53795382230983
2011Q1,2011-01-03,CSCO,REBALANCE,5.357783331398695,5.377799121817792,0.02001579041909715,313125.2612562015,62.6744960422917
2011Q1,2011-01-03,CTAS,REBALANCE,0.2408646402752605,0.2395852700049139,-0.0012793702703466255,313125.2612562015,-4.006031501457042
2011Q1,2011-01-03,CTSH,REBALANCE,1.6171084020864646,1.6152456874537198,-0.0018627146327446914,313125.2612562015,-5.832630060239309
2011Q1,2011-01-03,DELL,REBALANCE,0.37248941270612956,0.36930533433132273,-0.003184078374806861,313125.2612562015,-9.970153729716197
2011Q1,2011-01-03,EA,REBALANCE,0.4157328939066029,0.4124301299014725,-0.00330276400513042,313125.2612562015,-10.341788419740412
2011Q1,2011-01-03,EBAY,REBALANCE,0.481261726069722,0.4905152026207139,0.009253476550991936,313125.2612562015,28.974972625574843
2011Q1,2011-01-03,EXPD,REBALANCE,0.6085835025931265,0.6131062538084125,0.004522751215286017,313125.2612562015,14.161876558832367
2011Q1,2011-01-03,EXPE,REBALANCE,0.3875211410227015,0.38673847830259933,-0.0007826627201022295,313125.2612562015,-2.450714687074999
2011Q1,2011-01-03,FAST,REBALANCE,0.6094600965394754,0.6115467056769086,0.0020866091374332173,313125.2612562015,6.533700312983534
2011Q1,2011-01-03,FOXA,REBALANCE,0.7167779270509431,0.7106508345237196,-0.006127092527223599,313125.2612562015,-19.185474483278092
2011Q1,2011-01-03,FSLR,REBALANCE,1.4582160656977194,1.476281729082079,0.018065663384359693,313125.2612562015,56.568155669942215
2011Q1,2011-01-03,GILD,REBALANCE,1.6181737933999198,1.612599690859523,-0.005574102540396864,313125.2612562015,-17.453923142306245
2011Q1,2011-01-03,GOOGL,REBALANCE,9.018557552541475,9.100667068989551,0.08210951644807563,313125.2612562015,257.10563789424054
2011Q1,2011-01-03,INTC,REBALANCE,7.408662862791942,7.237230696084806,-0.17143216670713612,313125.2612562015,-536.7974198788869
2011Q1,2011-01-03,INTU,REBALANCE,1.2671129431646,1.2386862586651575,-0.028426684499442516,313125.2612562015,-89.0111301053555
2011Q1,2011-01-03,ISRG,REBALANCE,1.080431151184101,1.0952905557769712,0.014859404592870197,313125.2612562015,46.52854945254081
2011Q1,2011-01-03,KLAC,REBALANCE,0.3027432624344802,0.30290152824705485,0.00015826581257465805,313125.2612562015,0.49557023910364817
2011Q1,2011-01-03,LIFE,REBALANCE,0.05436433105631675,0.05389961908069385,-0.00046471197562290064,313125.2612562015,-1.455130587758063
2011Q1,2011-01-03,MAT,REBALANCE,0.575568571282575,0.5748272368161518,-0.0007413344664231568,313125.2612562015,-2.321305484769777
2011Q1,2011-01-03,MCHP,REBALANCE,0.6649008455241312,0.6712473199132603,0.0063464743891290636,313125.2612562015,19.872414511518297
2011Q1,2011-01-03,MDLZ,REBALANCE,2.001860122376406,1.9724559862797912,-0.02940413609661477,313125.2612562015,-92.07177797265405
2011Q1,2011-01-03,MSFT,REBALANCE,11.223158366047187,10.943953649495443,-0.2792047165517439,313125.2612562015,-874.2604981422849
2011Q1,2011-01-03,NTAP,REBALANCE,0.8058892135137765,0.8543509991839553,0.04846178567017873,313125.2612562015,151.74609298916758
2011Q1,2011-01-03,NVDA,REBALANCE,0.8659886621620618,0.9076467135081873,0.041658051346125415,313125.2612562015,130.44188211179775
2011Q1,2011-01-03,ORCL,REBALANCE,7.723448896327516,7.624958969396185,-0.09848992693133052,313125.2612562015,-308.39684101477064
2011Q1,2011-01-03,ORLY,REBALANCE,0.34941674098168435,0.34693466214289903,-0.0024820788387853315,313125.2612562015,-7.772015848531462
2011Q1,2011-01-03,PAYX,REBALANCE,0.6881784467952216,0.6987371123665802,0.010558665571358712,313125.2612562015,33.06184915548557
2011Q1,2011-01-03,PCAR,REBALANCE,1.2192521760304305,1.2160876459508256,-0.003164530079604981,313125.2612562015,-9.908943079294177
2011Q1,2011-01-03,QCOM,REBALANCE,3.5985720519457787,3.68866183926245,0.09008978731667103,313125.2612562015,282.0938819004824
2011Q1,2011-01-03,ROST,REBALANCE,0.4570869335340953,0.4546988267582792,-0.0023881067758160963,313125.2612562015,-7.477765580851202
2011Q1,2011-01-03,SBUX,REBALANCE,1.4507383120798962,1.4660962611091066,0.01535794902921047,313125.2612562015,48.08961802130954
2011Q1,2011-01-03,SNDK,REBALANCE,0.5563812026797257,0.5516251980922899,-0.0047560045874357575,313125.2612562015,-14.892251789765144
2011Q1,2011-01-03,URBN,REBALANCE,0.3203429525661563,0.314112011602908,-0.006230940963248286,313125.2612562015,-19.510650169890873
2011Q1,2011-01-03,VRSN,REBALANCE,0.2821521062554313,0.2863471943103321,0.0041950880549008075,313125.2612562015,13.135880431835854
2011Q1,2011-01-03,WYNN,REBALANCE,0.7778298662239811,0.8064535409448079,0.028623674720826796,313125.2612562015,89.6279562507142
2011Q1,2011-01-03,XRAY,REBALANCE,0.6000284317368871,0.6112816754147906,0.01125324367790342,313125.2612562015,35.23674866623206
2011Q2,2011-04-01,AAPL,REBALANCE,11.52772095865462,10.734134761965898,-0.7935861966887212,321183.84093283676,-2548.870627637651
2011Q2,2011-04-01,ADBE,REBALANCE,1.351666635908938,1.3211457995202376,-0.03052083638870034,321183.84093283676,-98.02799459805465
2011Q2,2011-04-01,ADP,REBALANCE,1.294187688114355,1.2367054746197428,-0.057482213494612286,321183.84093283676,-184.62358115520914
2011Q2,2011-04-01,ADSK,REBALANCE,0.9658215842565212,0.9004271093211841,-0.06539447493533711,321183.84093283676,-210.03648635517695
2011Q2,2011-04-01,AKAM,BUY,0.0,0.531868819187268,0.531868819187268,321183.84093283676,1708.276702189792
2011Q2,2011-04-01,AMAT,REBALANCE,0.9889500819918666,0.947699733618784,-0.041250348373082606,321183.84093283676,-132.48945330284266
2011Q2,2011-04-01,AMGN,REBALANCE,1.9766449773255583,1.8711762540128067,-0.10546872331275159,321183.84093283676,-338.74849651872177
2011Q2,2011-04-01,AMZN,REBALANCE,10.00223228628514,9.426433481597012,-0.5757988046881296,321183.84093283676,-1849.3727169426975
2011Q2,2011-04-01,BBBY,REBALANCE,0.11891669585658732,0.11234339728027207,-0.006573298576315252,321183.84093283676,-21.1123728433928
2011Q2,2011-04-01,BIIB,REBALANCE,1.096622228349436,1.048035831241498,-0.04858639710793797,321183.84093283676,-156.05165640215588
2011Q2,2011-04-01,BKNG,REBALANCE,1.6143051664871817,1.5173892186372206,-0.09691594784996087,321183.84093283676,-311.27836378096936
2011Q2,2011-04-01,CHRW,REBALANCE,0.6319182353461872,0.6058607378762928,-0.026057497469894435,321183.84093283676,-83.6924712247837
2011Q2,2011-04-01,COST,REBALANCE,2.3673718173619056,2.3040616777523,-0.06331013960960558,321183.84093283676,-203.34193809807246
2011Q2,2011-04-01,CSCO,REBALANCE,4.460213601101737,4.220171032884137,-0.2400425682176001,321183.84093283676,-770.9779404751129
2011Q2,2011-04-01,CTAS,SELL,0.2529549734397964,0.0,-0.2529549734397964,321183.84093283676,-812.4504995245751
2011Q2,2011-04-01,CTSH,REBALANCE,1.7489706160940242,1.6609511608985736,-0.08801945519545037,321183.84093283676,-282.70426696490483
2011Q2,2011-04-01,DELL,REBALANCE,0.3600393748326383,0.34726799832177807,-0.012771376510860213,321183.84093283676,-41.019597617574945
2011Q2,2011-04-01,EA,REBALANCE,0.4794055972185114,0.4671353307836657,-0.012270266434845703,321183.84093283676,-39.410113028130084
2011Q2,2011-04-01,EBAY,REBALANCE,0.5333662928449595,0.5043458134329318,-0.0290204794120277,321183.84093283676,-93.20909043267368
2011Q2,2011-04-01,EXPD,REBALANCE,0.5490077461453619,0.5291367972527931,-0.019870948892568817,321183.84093283676,-63.82227688295352
2011Q2,2011-04-01,EXPE,REBALANCE,0.34162588677437156,0.32760839605624736,-0.014017490718124187,321183.84093283676,-45.02191509087515
2011Q2,2011-04-01,FAST,REBALANCE,0.6502925267675721,0.627251962016985,-0.02304056475058722,321183.84093283676,-74.00257083855331
2011Q2,2011-04-01,FFIV,BUY,0.0,0.5135860779571481,0.5135860779571481,321183.84093283676,1649.5554916790813
2011Q2,2011-04-01,FOXA,REBALANCE,0.6928204344773035,0.6682445929398589,-0.024575841537444534,321183.84093283676,-78.93363179153188
2011Q2,2011-04-01,FSLR,REBALANCE,1.7787582082366464,1.6769500041536718,-0.10180820408297458,321183.84093283676,-326.9915002584389
2011Q2,2011-04-01,GILD,REBALANCE,1.8424049453525846,1.7684098030111612,-0.07399514234142333,321183.84093283676,-237.66044027590326
2011Q2,2011-04-01,GOOGL,REBALANCE,8.764632173760134,8.37989991235431,-0.3847322614058249,321183.84093283676,-1235.6978544909903
2011Q2,2011-04-01,INTC,REBALANCE,6.827790072967371,6.491034410630703,-0.33675566233666854,321183.84093283676,-1081.6047708517262
2011Q2,2011-04-01,INTU,REBALANCE,1.3009335947116913,1.2610747116945227,-0.03985888301716867,321183.84093283676,-128.0202914274685
2011Q2,2011-04-01,ISRG,REBALANCE,1.3814615619163841,1.3203038096362745,-0.06115775228010961,321183.84093283676,-196.4288178014456
2011Q2,2011-04-01,KLAC,REBALANCE,0.3634990013775994,0.3457676398411728,-0.017731361536426574,321183.84093283676,-56.950268032382525
2011Q2,2011-04-01,LIFE,REBALANCE,0.0525472646981056,0.050683299396012356,-0.001863965302093245,321183.84093283676,-5.986755350918438
2011Q2,2011-04-01,MAT,REBALANCE,0.5543785834755854,0.5344360524873762,-0.01994253098820918,321183.84093283676,-64.05218700715146
2011Q2,2011-04-01,MCHP,REBALANCE,0.7270958792874191,0.6879793570489772,-0.03911652223844196,321183.84093283676,-125.63594856477516
2011Q2,2011-04-01,MDLZ,REBALANCE,1.9316126285584083,1.8684586994341237,-0.06315392912428462,321183.84093283676,-202.84021526137877
2011Q2,2011-04-01,MSFT,REBALANCE,9.763397884245848,10.734134761965898,0.9707368777200507,321183.84093283676,3117.8499892127534
2011Q2,2011-04-01,MU,BUY,0.0,1.2092425311934316,1.2092425311934316,321183.84093283676,3883.89160788052
2011Q2,2011-04-01,NFLX,BUY,0.0,1.4168996539537029,1.4168996539537029,321183.84093283676,4550.852730732576
2011Q2,2011-04-01,NTAP,REBALANCE,0.7297098865768127,0.6744892788152996,-0.055220607761512996,321183.84093283676,-177.35966899488363
2011Q2,2011-04-01,NVDA,REBALANCE,1.0606993896962644,0.9818852370662557,-0.0788141526300086,321183.84093283676,-253.13832261573
2011Q2,2011-04-01,ORCL,REBALANCE,7.952265791509121,7.726559239472933,-0.2257065520361881,321183.84093283676,-724.9329730669009
2011Q2,2011-04-01,ORLY,REBALANCE,0.3216600049121224,0.31112741861120047,-0.010532586300921907,321183.84093283676,-33.82896523086677
2011Q2,2011-04-01,PAYX,REBALANCE,0.6984214444961799,0.6726441246015737,-0.025777319894606122,321183.84093283676,-82.79258612704021
2011Q2,2011-04-01,PCAR,REBALANCE,1.085075867734408,1.0589393970369074,-0.026136470697500462,321183.84093283676,-83.94612047051737
2011Q2,2011-04-01,QCOM,REBALANCE,3.9971756062684873,3.7774078729489498,-0.2197677333195376,321183.84093283676,-705.8584470067245
2011Q2,2011-04-01,ROST,REBALANCE,0.5000042949784511,0.4803991377862855,-0.01960515719216559,321183.84093283676,-62.968596890717734
2011Q2,2011-04-01,SBUX,REBALANCE,1.6503152328978195,1.550645567427835,-0.09966966546998447,321183.84093283676,-320.12285980140547
2011Q2,2011-04-01,SNDK,REBALANCE,0.5377847894417317,0.5187083980582419,-0.019076391383489842,321183.84093283676,-61.270286556873394
2011Q2,2011-04-01,URBN,REBALANCE,0.25509260971203124,0.2528751649636484,-0.002217444748382801,321183.84093283676,-7.122074213419357
2011Q2,2011-04-01,VRSN,REBALANCE,0.3094117080456068,0.29400210170262003,-0.015409606342986753,321183.84093283676,-49.4931655250349
2011Q2,2011-04-01,WYNN,REBALANCE,0.9627859922362724,0.9254566943218107,-0.037329297914461684,321183.84093283676,-119.89567283492937
2011Q2,2011-04-01,XRAY,REBALANCE,0.6460299053956332,0.6066040011695023,-0.03942590422613092,321183.84093283676,-126.62963351598889
2011Q3,2011-07-01,AAPL,REBALANCE,10.21796026409904,10.694040102859104,0.47607983876006427,324977.8286460427,1547.153922624038
2011Q3,2011-07-01,ADBE,REBALANCE,1.2383883093497832,1.1852111201105784,-0.053177189239204774,324977.8286460427,-172.81407492456472
2011Q3,2011-07-01,ADP,REBALANCE,1.2634859734384707,1.2619763190294497,-0.0015096544090209552,324977.8286460427,-4.906042118495548
2011Q3,2011-07-01,ADSK,REBALANCE,0.7787512206739993,0.7727284386031372,-0.006022782070861949,324977.8286460427,-19.572706397970325
2011Q3,2011-07-01,AKAM,REBALANCE,0.43532902301050946,0.4329404954871414,-0.0023885275233680864,324977.8286460427,-7.762184882054707
2011Q3,2011-07-01,AMAT,REBALANCE,0.7847324574252353,0.7928990054546081,0.008166548029372826,324977.8286460427,26.539470461192
2011Q3,2011-07-01,AMGN,REBALANCE,2.0188682046662745,1.9968358119613356,-0.02203239270493866,324977.8286460427,-71.60039141127876
2011Q3,2011-07-01,AMZN,REBALANCE,10.576290315315685,10.655245979734993,0.07895566441930846,324977.8286460427,256.5884038229247
2011Q3,2011-07-01,BIIB,REBALANCE,1.5073877491506176,1.5148160515089606,0.007428302358342999,324977.8286460427,24.140335709405857
2011Q3,2011-07-01,BKNG,REBALANCE,1.5159313559616059,1.5062370423054752,-0.009694313656130778,324977.8286460427,-31.504370021830592
2011Q3,2011-07-01,CHRW,REBALANCE,0.6391430984534907,0.636129361414168,-0.00301373703932269,324977.8286460427,-9.793977191492411
2011Q3,2011-07-01,COST,REBALANCE,2.530526863966125,2.466475802925867,-0.06405106104025796,324977.8286460427,-208.1517473933817
2011Q3,2011-07-01,CSCO,REBALANCE,3.79637221599088,3.8177056704931807,0.02133345450230084,324977.8286460427,69.3289972167687
2011Q3,2011-07-01,CTSH,REBALANCE,1.4790184353226745,1.4652690088439846,-0.013749426478689916,324977.8286460427,-44.682587621730534
2011Q3,2011-07-01,DELL,REBALANCE,0.3432137816870256,0.3375231867931478,-0.005690594893877814,324977.8286460427,-18.493171723166697
2011Q3,2011-07-01,EA,REBALANCE,0.5578949477270372,0.5566605298925501,-0.0012344178344870192,324977.8286460427,-4.011584274935416
2011Q3,2011-07-01,EBAY,REBALANCE,0.5182097636089564,0.5117642252447853,-0.0064455383641711,324977.8286460427,-20.9465706204309
2011Q3,2011-07-01,EXPD,REBALANCE,0.5363540377073082,0.533220886151018,-0.0031331515562900425,324977.8286460427,-10.182047895821073
2011Q3,2011-07-01,EXPE,REBALANCE,0.4152941147445681,0.42363485228607506,0.008340737541506944,324977.8286460427,27.10554775545459
2011Q3,2011-07-01,FAST,REBALANCE,0.6910843569733738,0.6813689320308703,-0.009715424942503478,324977.8286460427,-31.572977021883844
2011Q3,2011-07-01,FFIV,REBALANCE,0.5455963311838169,0.6037468011508151,0.058150469966998256,324977.8286460427,188.97613464622012
2011Q3,2011-07-01,FOXA,REBALANCE,0.6604431014178276,0.6494927423671168,-0.010950359050710713,324977.8286460427,-35.58623907194509
2011Q3,2011-07-01,FSLR,REBALANCE,1.362973408154466,1.3520791875288076,-0.010894220625658549,324977.8286460427,-35.403801637174475
2011Q3,2011-07-01,GILD,REBALANCE,1.7041416325057406,1.6901795640262076,-0.01396206847953281,324977.8286460427,-45.37362697885927
2011Q3,2011-07-01,GOOGL,REBALANCE,7.1475100335988255,7.170764302815249,0.023254269216423096,324977.8286460427,75.5712191670369
2011Q3,2011-07-01,INTC,REBALANCE,7.100020196764273,7.264473691113774,0.16445349434950074,324977.8286460427,534.43739506955
2011Q3,2011-07-01,INTU,REBALANCE,1.2170180311030792,1.1868379791037633,-0.030180051999315928,324977.8286460427,-98.07847767162349
2011Q3,2011-07-01,ISRG,REBALANCE,1.4561343102972506,1.4090716104319054,-0.04706269986534516,324977.8286460427,-152.94334012460277
2011Q3,2011-07-01,KLAC,REBALANCE,0.29399352033846854,0.2993366231389019,0.005343102800433415,324977.8286460427,17.36389946317441
2011Q3,2011-07-01,LIFE,REBALANCE,0.050091591906383445,0.049261057200791034,-0.0008305347055924156,324977.8286460427,-2.6990536523860356
2011Q3,2011-07-01,MAT,REBALANCE,0.5874986947465018,0.5805811064037055,-0.006917588342796304,324977.8286460427,-22.480628391091198
2011Q3,2011-07-01,MCHP,REBALANCE,0.6840301946874252,0.682111468014616,-0.0019187266728093108,324977.8286460427,-6.235436278948158
2011Q3,2011-07-01,MDLZ,REBALANCE,2.0921178836378496,2.0550628157969717,-0.03705506784087813,324977.8286460427,-120.4207548726038
2011Q3,2011-07-01,MSFT,REBALANCE,10.934899897243234,10.694040102859104,-0.24085979438412952,324977.8286460427,-782.7409298708671
2011Q3,2011-07-01,MU,REBALANCE,0.779384057406755,0.814395876697719,0.035011819290964044,324977.8286460427,113.78065010125125
2011Q3,2011-07-01,NFLX,REBALANCE,1.5470602930375335,1.524472737748012,-0.022587555289521263,324977.8286460427,-73.40454672411056
2011Q3,2011-07-01,NTAP,REBALANCE,0.7307153138397814,0.7387994116824407,0.008084097842659278,324977.8286460427,26.2715256346957
2011Q3,2011-07-01,NVDA,REBALANCE,0.8379482128797964,0.8468386724223345,0.00889045954253799,324977.8286460427,28.89202237799486
2011Q3,2011-07-01,ORCL,REBALANCE,7.531043395746714,7.3086934398231165,-0.22234995592359807,324977.8286460427,-722.5880587559419
2011Q3,2011-07-01,ORLY,REBALANCE,0.35057435103196266,0.34591721657398355,-0.0046571344579791375,324977.8286460427,-15.13465443866725
2011Q3,2011-07-01,PAYX,REBALANCE,0.6566782444919711,0.6437048978494134,-0.012973346642557605,324977.8286460427,-42.160500221707984
2011Q3,2011-07-01,PCAR,REBALANCE,1.0236014552465214,1.00481865515815,-0.018782800088371424,324977.8286460427,-61.03993588611644
2011Q3,2011-07-01,QCOM,REBALANCE,3.8815850604810542,3.91620477053705,0.03461971005599626,324977.8286460427,112.50638202353234
2011Q3,2011-07-01,ROST,REBALANCE,0.5363469949510724,0.5318092615181693,-0.004537733432902983,324977.8286460427,-14.746627579993646
2011Q3,2011-07-01,SBUX,REBALANCE,1.643740830626728,1.6318914874833315,-0.01184934314339657,324977.8286460427,-38.507738056228916
2011Q3,2011-07-01,SNDK,REBALANCE,0.5126526825124494,0.5041527361434587,-0.008499946368990732,324977.8286460427,-27.622941146024225
2011Q3,2011-07-01,URBN,REBALANCE,0.23584749884808953,0.23419877391499286,-0.0016487249330966822,324977.8286460427,-5.357990487923518
2011Q3,2011-07-01,VRSN,REBALANCE,0.2905697433593946,0.287197359776115,-0.003372383583279603,324977.8286460427,-10.959498942557662
2011Q3,2011-07-01,WYNN,REBALANCE,1.0360272059389413,1.0149582507118633,-0.021068955227077947,324977.8286460427,-68.46943321536482
2011Q3,2011-07-01,XRAY,REBALANCE,0.6180187999972722,0.6147945784843888,-0.0032242215128833185,324977.8286460427,-10.478005063306796
2011Q4,2011-10-03,AAPL,REBALANCE,12.897987754661106,11.120509275118717,-1.7774784795423881,306090.99882490985,-5440.701631929117
2011Q4,2011-10-03,ADBE,REBALANCE,0.9670632574774525,0.9817176929092675,0.014654435431814966,306090.99882490985,44.855907785393924
2011Q4,2011-10-03,ADP,REBALANCE,1.2082571384492804,1.231090129992478,0.022832991543197435,306090.99882490985,69.88973187618022
2011Q4,2011-10-03,ADSK,REBALANCE,0.5906515438144371,0.5705699406926444,-0.020081603121792618,306090.99882490985,-61.4679795755493
2011Q4,2011-10-03,AKAM,REBALANCE,0.29036951031955816,0.2878985951805184,-0.0024709151390397976,306090.99882490985,-7.563248829202827
2011Q4,2011-10-03,AMAT,REBALANCE,0.675237208994622,0.6646408023370859,-0.010596406657536073,306090.99882490985,-32.43464697760141
2011Q4,2011-10-03,AMGN,REBALANCE,2.0077716545251016,2.084873787541273,0.07710213301617141,306090.99882490985,236.00268906450967
2011Q4,2011-10-03,AMZN,REBALANCE,11.96218525208171,11.120509275118717,-0.8416759769629925,306090.99882490985,-2576.294404755342
2011Q4,2011-10-03,BBBY,REBALANCE,0.06946928309318882,0.07079179035496548,0.0013225072617766465,306090.99882490985,4.048075687104102
2011Q4,2011-10-03,BIIB,REBALANCE,1.4011576301934825,1.394537175246886,-0.0066204549465962576,306090.99882490985,-20.264616672789636
2011Q4,2011-10-03,BKNG,REBALANCE,1.4040319666970973,1.4364683781683039,0.03243641147120651,306090.99882490985,99.28493585517364
2011Q4,2011-10-03,CHRW,REBALANCE,0.5889425958619549,0.5895154668823912,0.0005728710204364051,306090.99882490985,1.753506628432246
2011Q4,2011-10-03,COST,REBALANCE,2.655758416975455,2.7812351104612136,0.12547669348575846,306090.99882490985,384.0728643830287
2011Q4,2011-10-03,CSCO,REBALANCE,4.039991247559045,4.121054029454247,0.08106278189520186,306090.99882490985,248.12587877828156
2011Q4,2011-10-03,CTSH,REBALANCE,1.3299858958139086,1.349383668774622,0.019397772960713308,306090.99882490985,59.374837005235655
2011Q4,2011-10-03,DELL,REBALANCE,0.3583494868611708,0.3789734444054121,0.02062395754424133,306090.99882490985,63.12807764439364
2011Q4,2011-10-03,DLTR,BUY,0.0,0.7517186972180403,0.7517186972180403,306090.99882490985,2300.9432686682994
2011Q4,2011-10-03,EA,REBALANCE,0.5121238392966658,0.5105597649621663,-0.0015640743344995725,306090.99882490985,-4.787490752833803
2011Q4,2011-10-03,EBAY,REBALANCE,0.49653384093591924,0.4933523829835991,-0.003181457952320093,306090.99882490985,-9.738156423451096
2011Q4,2011-10-03,EXPE,REBALANCE,0.40052095272471905,0.39243937577865196,-0.00808157694606711,306090.99882490985,-24.736979595020465
2011Q4,2011-10-03,FAST,REBALANCE,0.6714936177271672,0.6753495953898291,0.003855977662661856,306090.99882490985,11.802800542107088
2011Q4,2011-10-03,FFIV,REBALANCE,0.41308889451165276,0.42191478673604554,0.008825892224392784,306090.99882490985,27.015261664853927
2011Q4,2011-10-03,FOXA,REBALANCE,0.6895685987047455,0.7292550891978608,0.03968649049311519,306090.99882490985,121.47677514892919
2011Q4,2011-10-03,FSLR,REBALANCE,0.6860088497374036,0.6605996783467478,-0.02540917139065577,306090.99882490985,-77.77518650279148
2011Q4,2011-10-03,GILD,REBALANCE,1.6813673524337331,1.7104593663790544,0.029092013945321293,306090.99882490985,89.04803606351601
2011Q4,2011-10-03,GOOGL,REBALANCE,7.743424736297479,7.657183911323968,-0.08624082497351027,306090.99882490985,-263.9754025562599
2011Q4,2011-10-03,INTC,REBALANCE,7.499833342688904,7.538001572551497,0.03816822986259377,306090.99882490985,116.8295160202008
2011Q4,2011-10-03,INTU,REBALANCE,1.1526746570647248,1.1693328797926705,0.01665822272794576,306090.99882490985,50.98932033444732
2011Q4,2011-10-03,ISRG,REBALANCE,1.4645366244225995,1.4572260034560267,-0.007310620966572909,306090.99882490985,-22.377152736886295
2011Q4,2011-10-03,KLAC,REBALANCE,0.3035391563925642,0.3048972635256635,0.0013581071330993118,306090.99882490985,4.157043688816032
2011Q4,2011-10-03,LIFE,REBALANCE,0.05230062781127019,0.055310666801320935,0.0030100389900507415,306090.99882490985,9.213458409665543
2011Q4,2011-10-03,MAT,REBALANCE,0.5858078010973974,0.589184532760676,0.003376731663278648,306090.99882490985,10.335871675766606
2011Q4,2011-10-03,MCHP,REBALANCE,0.6007442524457266,0.6143023199839243,0.013558067538197664,306090.99882490985,41.5000243490251
2011Q4,2011-10-03,MDLZ,REBALANCE,2.0970907589625205,2.1699783313790855,0.0728875724165648,306090.99882490985,223.10229842909266
2011Q4,2011-10-03,MSFT,REBALANCE,10.937779272439967,11.120509275118717,0.18273000267875067,306090.99882490985,559.3200903521724
2011Q4,2011-10-03,MU,REBALANCE,0.5825962971354993,0.5056695648550246,-0.0769267322804748,306090.99882490985,-235.46580320066963
2011Q4,2011-10-03,NFLX,REBALANCE,0.6979017173878662,0.7233431276453006,0.025441410257434453,306090.99882490985,77.87386677212419
2011Q4,2011-10-03,NTAP,REBALANCE,0.5042477844551115,0.5137217372743964,0.009473952819284964,306090.99882490985,28.998916812750053
2011Q4,2011-10-03,NVDA,REBALANCE,0.7056233429096751,0.6953179773428556,-0.01030536556681956,306090.99882490985,-31.543796396036324
2011Q4,2011-10-03,ORCL,REBALANCE,6.788444215628925,6.949735590781739,0.1612913751528139,306090.99882490985,493.6983812236805
2011Q4,2011-10-03,ORLY,REBALANCE,0.37354041471430743,0.3811242668880836,0.007583852173776145,306090.99882490985,23.21348886811604
2011Q4,2011-10-03,PAYX,REBALANCE,0.5930356133656869,0.6012053847406522,0.00816977137496535,306090.99882490985,25.00693480334301
2011Q4,2011-10-03,PCAR,REBALANCE,0.7095551053649128,0.710635135465644,0.0010800301007312003,306090.99882490985,3.3058749229378113
2011Q4,2011-10-03,PRGO,BUY,0.0,1.0147724674442622,1.0147724674442622,306090.99882490985,3106.1271814003253
2011Q4,2011-10-03,QCOM,REBALANCE,3.576415429282819,3.636234539752941,0.059819110470121784,306090.99882490985,183.100912726172
2011Q4,2011-10-03,ROST,REBALANCE,0.556146661641005,0.5630319078831796,0.006885246242174618,306090.99882490985,21.075118994226862
2011Q4,2011-10-03,SBUX,REBALANCE,1.6418753713872964,1.656255862101623,0.014380490714326413,306090.99882490985,44.01738766340513
2011Q4,2011-10-03,SNDK,REBALANCE,0.5352606320566169,0.5660662923279148,0.030805660271298035,306090.99882490985,94.2933532190246
2011Q4,2011-10-03,URBN,REBALANCE,0.19706475500692902,0.19912949882687123,0.0020647438199422,306090.99882490985,6.319994981636678
2011Q4,2011-10-03,VRSN,REBALANCE,0.26072070254812674,0.26193329522219316,0.0012125926740664227,306090.99882490985,3.7116370277275967
2011Q4,2011-10-03,WYNN,REBALANCE,0.8665615499219493,0.8457845808312634,-0.02077696909068595,306090.99882490985,-63.596432215223416
2011Q4,2011-10-03,XRAY,REBALANCE,0.5269111428295461,0.5221517638783271,-0.004759378951218942,306090.99882490985,-14.56803056964858
2012Q1,2012-01-03,AAPL,REBALANCE,11.133472631311655,10.987529882503472,-0.14594274880818242,324720.7649754746,-473.90641035616534
2012Q1,2012-01-03,ADBE,REBALANCE,1.0823713271995046,1.0769812446571037,-0.005390082542400948,324720.7649754746,-17.50271726449387
2012Q1,2012-01-03,ADP,REBALANCE,1.3394467480741419,1.2984300932190476,-0.04101665485509425,324720.7649754746,-133.1895954128122
2012Q1,2012-01-03,ADSK,REBALANCE,0.586993420395799,0.6169270035277763,0.029933583131977297,324720.7649754746,97.20056013072632
2012Q1,2012-01-03,AKAM,REBALANCE,0.4406534662937975,0.4540184004148058,0.01336493412100832,324720.7649754746,43.39871631620644
2012Q1,2012-01-03,AMAT,REBALANCE,0.6523220015818534,0.6494720147116358,-0.0028499868702174837,324720.7649754746,-9.2544991666708
2012Q1,2012-01-03,AMGN,REBALANCE,2.3072922490542362,2.225687396608334,-0.08160485244590246,324720.7649754746,-264.9879011194418
2012Q1,2012-01-03,AMZN,REBALANCE,8.391629406907718,9.131711271796455,0.7400818648887364,324720.7649754746,2403.199493111463
2012Q1,2012-01-03,BBBY,REBALANCE,0.056436452722882315,0.054467225225693514,-0.0019692274971888006,324720.7649754746,-6.394490592978866
2012Q1,2012-01-03,BIIB,REBALANCE,1.5530226359342294,1.5891035172595565,0.036080881325327094,324720.7649754746,117.1621138494953
2012Q1,2012-01-03,BKNG,REBALANCE,1.4090362220633204,1.3963738266221846,-0.01266239544113583,324720.7649754746,-41.11742734067589
2012Q1,2012-01-03,CHRW,REBALANCE,0.5691418917044827,0.55764491364447,-0.011496978060012743,324720.7649754746,-37.33307510553586
2012Q1,2012-01-03,COST,REBALANCE,2.667264153562845,2.581781924399868,-0.08548222916297671,324720.7649754746,-277.5785484561062
2012Q1,2012-01-03,CSCO,REBALANCE,4.549194080378086,4.54722792710757,-0.001966153270516885,324720.7649754746,-6.384507940612742
2012Q1,2012-01-03,CTSH,REBALANCE,1.3046284518498437,1.291039091348523,-0.013589360501320771,324720.7649754746,-44.127475375163804
2012Q1,2012-01-03,DELL,REBALANCE,0.35723111250655665,0.3384774808264281,-0.018753631680128603,324720.7649754746,-60.89693625239655
2012Q1,2012-01-03,DLTR,REBALANCE,0.783750711060089,0.7511246868445429,-0.03262602421554607,324720.7649754746,-105.94347541380479
2012Q1,2012-01-03,EA,REBALANCE,0.4847982449928803,0.49154154518177257,0.00674330018889226,324720.7649754746,21.896895957963572
2012Q1,2012-01-03,EBAY,REBALANCE,0.4782944900208086,0.49126571691976106,0.01297122689895248,324720.7649754746,42.12026721298303
2012Q1,2012-01-03,EXPD,REBALANCE,0.42969719283141966,0.42399697009115345,-0.005700222740266225,324720.7649754746,-18.509806887498446
2012Q1,2012-01-03,EXPE,REBALANCE,0.2842685004026603,0.29159181855772914,0.007323318155068878,324720.7649754746,23.780334734727475
2012Q1,2012-01-03,FAST,REBALANCE,0.8375049350729361,0.822208973312814,-0.015295961760122129,324720.7649754746,-49.66916403782465
2012Q1,2012-01-03,FFIV,REBALANCE,0.5940163447106638,0.5668237456858332,-0.02719259902483062,324720.7649754746,-88.30001557014344
2012Q1,2012-01-03,FOXA,REBALANCE,0.6874165212920119,0.6513290815371414,-0.036087439754870464,324720.7649754746,-117.18341043207892
2012Q1,2012-01-03,FSLR,REBALANCE,0.3325795086438869,0.36470565155846096,0.03212614291457404,324720.7649754746,104.32025702931907
2012Q1,2012-01-03,GILD,REBALANCE,1.7008390766139039,1.6913216220713356,-0.009517454542568374,324720.7649754746,-30.905151196821084
2012Q1,2012-01-03,GOOGL,REBALANCE,9.051777993016337,9.183709790444176,0.13193179742783945,324720.7649754746,428.4099418535738
2012Q1,2012-01-03,INTC,REBALANCE,8.146197583725668,8.083585748201063,-0.06261183552460359,324720.7649754746,-203.31363128067875
2012Q1,2012-01-03,INTU,REBALANCE,1.2258247274355836,1.199040929963715,-0.026783797471868417,324720.7649754746,-86.97255204013295
2012Q1,2012-01-03,ISRG,REBALANCE,1.7459124550463971,1.760339168748811,0.014426713702413857,324720.7649754746,46.84653509529989
2012Q1,2012-01-03,KLAC,REBALANCE,0.36493077553273967,0.34970376842726125,-0.015227007105478437,324720.7649754746,-49.44525395577946
2012Q1,2012-01-03,LIFE,REBALANCE,0.052137402571611924,0.0494003351372387,-0.00273706743437322,324720.7649754746,-8.887826310791317
2012Q1,2012-01-03,MAT,REBALANCE,0.6005099845016986,0.5875954189149605,-0.012914565586738102,324720.7649754746,-41.936276166515356
2012Q1,2012-01-03,MCHP,REBALANCE,0.6883456631293559,0.6509468610209093,-0.03739880210844662,324720.7649754746,-121.4416762982118
2012Q1,2012-01-03,MDLZ,REBALANCE,2.2933777612000164,2.2005123751691325,-0.09286538603088361,324720.7649754746,-301.5531919169128
2012Q1,2012-01-03,MSFT,REBALANCE,11.015467506871426,10.987529882503472,-0.02793762436795466,324720.7649754746,-90.71926756359699
2012Q1,2012-01-03,MU,REBALANCE,0.5948773336580675,0.7050933876360665,0.1102160539779991,324720.7649754746,357.8944136031408
2012Q1,2012-01-03,NFLX,REBALANCE,0.41710023503277815,0.41210217661833215,-0.004998058414446005,324720.7649754746,-16.229733517310144
2012Q1,2012-01-03,NTAP,REBALANCE,0.5176453101441331,0.5016545688688725,-0.015990741275260546,324720.7649754746,-51.925257394275015
2012Q1,2012-01-03,NVDA,REBALANCE,0.7261560112879376,0.73828079092965,0.012124779641712376,324720.7649754746,39.37167720415904
2012Q1,2012-01-03,ORCL,REBALANCE,5.858370896257809,5.756501530859209,-0.10186936539859984,324720.7649754746,-330.79098259799486
2012Q1,2012-01-03,ORLY,REBALANCE,0.43107789778742517,0.40945269990079225,-0.02162519788663289,324720.7649754746,-70.22150800493449
2012Q1,2012-01-03,PAYX,REBALANCE,0.6540841725570247,0.6464348377098185,-0.007649334847206236,324720.7649754746,-24.838978631383643
2012Q1,2012-01-03,PCAR,REBALANCE,0.7596791024369861,0.7725297594771765,0.012850657040190411,324720.7649754746,41.72875184528099
2012Q1,2012-01-03,PRGO,REBALANCE,0.9592776963632007,0.9814358867833393,0.022158190420138585,324720.7649754746,71.95224543699635
2012Q1,2012-01-03,QCOM,REBALANCE,3.8704008937261523,3.7816395780294783,-0.08876131569667406,324720.7649754746,-288.22642333253606
2012Q1,2012-01-03,ROST,REBALANCE,0.6427955560641032,0.6240565989838681,-0.018738957080235204,324720.7649754746,-60.84928477936562
2012Q1,2012-01-03,SBUX,REBALANCE,1.9338495303998293,1.857963941372805,-0.07588558902702422,324720.7649754746,-246.41626519469787
2012Q1,2012-01-03,SNDK,REBALANCE,0.5335901349975305,0.5055781491722189,-0.028011985825311583,324720.7649754746,-90.96073465677328
2012Q1,2012-01-03,URBN,REBALANCE,0.23187596948270614,0.2253592984229095,-0.00651667105979665,324720.7649754746,-21.160984116307052
2012Q1,2012-01-03,VRSN,REBALANCE,0.3082654186901699,0.30450109324145663,-0.0037643254487132287,324720.7649754746,-12.223546393228064
2012Q1,2012-01-03,WYNN,REBALANCE,0.801143083564689,0.8141944712117324,0.01305138764704332,324720.7649754746,42.380565807393666
2012Q1,2012-01-03,XRAY,REBALANCE,0.5620268598348755,0.5680736731595974,0.006046813324721897,324720.7649754746,19.635258484675873
2012Q2,2012-04-02,AAPL,REBALANCE,13.669900310066522,11.404388579873714,-2.2655117301928067,386380.5037253257,-8753.49563507531
2012Q2,2012-04-02,ADBE,REBALANCE,1.098494576946126,1.1044462525091905,0.00595167556306439,386380.5037253257,22.996114020665306
2012Q2,2012-04-02,ADP,REBALANCE,1.12329808405353,1.1344257155620894,0.011127631508559346,386380.5037253257,42.99499867546966
2012Q2,2012-04-02,ADSK,REBALANCE,0.7234389440541154,0.7158304059297002,-0.007608538124415174,386380.5037253257,-29.397907931248795
2012Q2,2012-04-02,AKAM,REBALANCE,0.4338113145620422,0.4275824186348946,-0.006228895927147624,386380.5037253257,-24.067239459839286
2012Q2,2012-04-02,AMAT,REBALANCE,0.6384372681239745,0.6445948039929057,0.006157535868931124,386380.5037253257,23.791518107443686
2012Q2,2012-04-02,AMGN,REBALANCE,1.9906770266189941,2.007213614666272,0.01653658804727752,386380.5037253257,63.89415219605288
2012Q2,2012-04-02,AMZN,REBALANCE,8.97834802691899,8.529398653176681,-0.4489493737423092,386380.5037253257,-1734.6528517372294
2012Q2,2012-04-02,BBBY,REBALANCE,0.030594637027378246,0.03173289643744435,0.0011382594100661021,386380.5037253257,4.398012442314326
2012Q2,2012-04-02,BIIB,REBALANCE,1.5290705792924817,1.5087812709264325,-0.020289308366049086,386380.5037253257,-78.3939318671251
2012Q2,2012-04-02,BKNG,REBALANCE,1.8002871767014164,1.7496743574332834,-0.050612819268133075,386380.5037253257,-195.55806603780127
2012Q2,2012-04-02,CHRW,REBALANCE,0.4420211695064927,0.4465483584572899,0.004527188950797199,386380.5037253257,17.492175472687506
2012Q2,2012-04-02,COST,REBALANCE,2.3712936080950504,2.3731906121074218,0.0018970040123713477,386380.5037253257,7.329653658690053
2012Q2,2012-04-02,CSCO,REBALANCE,4.4853599352117515,4.366988822419322,-0.11837111279242932,386380.5037253257,-457.36290187266184
2012Q2,2012-04-02,CTSH,REBALANCE,1.2982686010446498,1.2773390163602687,-0.020929584684381206,386380.5037253257,-80.86783473113071
2012Q2,2012-04-02,DELL,REBALANCE,0.2844622475544564,0.2857899662307562,0.001327718676299777,386380.5037253257,5.130046109542304
2012Q2,2012-04-02,DLTR,REBALANCE,0.717694216825837,0.7306083533282272,0.012914136502390101,386380.5037253257,49.89770566971103
2012Q2,2012-04-02,EA,REBALANCE,0.33068031842472045,0.3255923910635362,-0.005087927361184259,386380.5037253257,-19.65875936732241
2012Q2,2012-04-02,EBAY,REBALANCE,0.5023024482523333,0.4842805564963186,-0.0180218917560147,386380.5037253257,-69.63307614772255
2012Q2,2012-04-02,EXPD,REBALANCE,0.40461688280808833,0.40357030096848767,-0.0010465818396006646,386380.5037253257,-4.043788183746828
2012Q2,2012-04-02,EXPE,REBALANCE,0.2831581192927745,0.27742577697679993,-0.005732342315974571,386380.5037253257,-22.148653115722546
2012Q2,2012-04-02,FAST,REBALANCE,0.8603445931146779,0.8701546630347202,0.009810069920042352,386380.5037253257,37.904197572866295
2012Q2,2012-04-02,FFIV,REBALANCE,0.6058299387296234,0.6173716493931345,0.011541710663511007,386380.5037253257,44.59491980019346
2012Q2,2012-04-02,FOSL,BUY,0.0,0.6331889329125776,0.6331889329125776,386380.5037253257,2446.518588520632
2012Q2,2012-04-02,FOXA,REBALANCE,0.5473880684152405,0.5499429851673464,0.0025549167521059235,386380.5037253257,9.871700216549598
2012Q2,2012-04-02,FSLR,SELL,0.227427329064369,0.0,-0.227427329064369,386380.5037253257,-878.7348596479629
2012Q2,2012-04-02,GILD,REBALANCE,1.6968083597279318,1.66412511994359,-0.032683239784341706,386380.5037253257,-126.28166651249553
2012Q2,2012-04-02,GOOGL,REBALANCE,7.662461748138763,7.538703762527055,-0.12375798561170825,386380.5037253257,-478.17672820683447
2012Q2,2012-04-02,INTC,REBALANCE,7.940703922083431,7.956382978623367,0.01567905653993562,386380.5037253257,60.58081763838187
2012Q2,2012-04-02,INTU,REBALANCE,1.156046301141751,1.1732227233743997,0.01717642223264884,386380.5037253257,66.36634674449742
2012Q2,2012-04-02,ISRG,REBALANCE,1.7310106392787166,1.7198394398361878,-0.011171199442528909,386380.5037253257,-43.163336678203976
2012Q2,2012-04-02,KLAC,REBALANCE,0.3338478404338178,0.3425557845271797,0.008707944093361893,386380.5037253257,33.64579825205143
2012Q2,2012-04-02,LIFE,REBALANCE,0.04151688416249019,0.04171066292560623,0.0001937787631160412,386380.5037253257,0.7487233610404656
2012Q2,2012-04-02,LRCX,BUY,0.0,0.3752419928745089,0.3752419928745089,386380.5037253257,1449.8619022574783
2012Q2,2012-04-02,MAT,REBALANCE,0.604558023969977,0.6158607894025345,0.011302765432557454,386380.5037253257,43.67168201320748
2012Q2,2012-04-02,MCHP,REBALANCE,0.5609138771466493,0.5791041182694635,0.01819024112281421,386380.5037253257,70.28354527918088
2012Q2,2012-04-02,MDLZ,REBALANCE,1.895855977320527,1.9278897543713303,0.03203377705080328,386380.5037253257,123.77226913114148
2012Q2,2012-04-02,MNST,BUY,0.0,0.8263071493713596,0.8263071493713596,386380.5037253257,3192.6897260594387
2012Q2,2012-04-02,MSFT,REBALANCE,11.550591691025614,11.404388579873714,-0.1462031111519005,386380.5037253257,-564.9003173308109
2012Q2,2012-04-02,MU,REBALANCE,0.76309017823208,0.7133492632865563,-0.04974091494552363,386380.5037253257,-192.18919772409998
2012Q2,2012-04-02,NFLX,REBALANCE,0.5750137845902886,0.5489527497647702,-0.02606103482551839,386380.5037253257,-100.69475763487051
2012Q2,2012-04-02,NTAP,REBALANCE,0.5204023814998952,0.5188058288385161,-0.0015965526613790498,386380.5037253257,-6.168768215276466
2012Q2,2012-04-02,NVDA,REBALANCE,0.689404011759735,0.6806341560453685,-0.008769855714366517,386380.5037253257,-33.88501268515361
2012Q2,2012-04-02,ORCL,REBALANCE,5.512164187208428,5.562623626096781,0.050459438888352665,386380.5037253257,194.96543415378991
2012Q2,2012-04-02,ORLY,REBALANCE,0.39317753624677115,0.41079075789149566,0.01761322164472454,386380.5037253257,68.05405451314476
2012Q2,2012-04-02,PAYX,REBALANCE,0.5647671450408606,0.5753863118619917,0.010619166821131207,386380.5037253257,41.03039025491942
2012Q2,2012-04-02,PCAR,REBALANCE,0.8148068508951969,0.7957826514545914,-0.019024199440605474,386380.5037253257,-73.50579762832203
2012Q2,2012-04-02,PRGO,REBALANCE,0.8764608275940703,0.8847827761999287,0.00832194860585847,386380.5037253257,32.15438694307868
2012Q2,2012-04-02,QCOM,REBALANCE,3.968001492817598,3.9604802249166315,-0.007521267900966605,386380.5037253257,-29.060712802285998
2012Q2,2012-04-02,ROST,REBALANCE,0.6428358922630336,0.6539184910727915,0.011082598809757874,386380.5037253257,42.821001106999425
2012Q2,2012-04-02,SBUX,REBALANCE,1.90346403993004,1.9698627982147543,0.06639875828471434,386380.5037253257,256.5518567278407
2012Q2,2012-04-02,SNDK,REBALANCE,0.42489649910181765,0.42687969027112616,0.0019831911693085277,386380.5037253257,7.6626640298104665
2012Q2,2012-04-02,TXN,BUY,0.0,1.6449023318858975,1.6449023318858975,386380.5037253257,6355.581915730359
2012Q2,2012-04-02,URBN,SELL,0.2000476015224965,0.0,-0.2000476015224965,386380.5037253257,-772.9449304530543
2012Q2,2012-04-02,VRSN,REBALANCE,0.2747499553105819,0.27813278026646404,0.0033828249558821594,386380.5037253257,13.070576104683514
2012Q2,2012-04-02,WYNN,REBALANCE,0.7768931979248599,0.7603222860922665,-0.01657091183259341,386380.5037253257,-64.02677261065402
2012Q2,2012-04-02,XRAY,REBALANCE,0.54830351991614,0.5489988518559005,0.0006953319397605233,386380.5037253257,2.686627051409788
2012Q3,2012-07-02,AAPL,REBALANCE,11.550818299779845,11.384031340256975,-0.1667869595228702,371588.1438741292,-619.7605671151287
2012Q3,2012-07-02,ADBE,REBALANCE,1.0834774856594205,1.0649609075586433,-0.018516578100777337,371588.1438741292,-68.805408873682
2012Q3,2012-07-02,ADP,REBALANCE,1.1987704804135577,1.1843984606079878,-0.014372019805569854,371588.1438741292,-53.40472163273925
2012Q3,2012-07-02,ADSK,REBALANCE,0.6154061114758289,0.6064595382805398,-0.00894657319528919,371588.1438741292,-33.244405276715476
2012Q3,2012-07-02,AKAM,REBALANCE,0.3846368165619817,0.3816438114891915,-0.002993005072790154,371588.1438741292,-11.121651996039464
2012Q3,2012-07-02,AMAT,REBALANCE,0.6216678333038238,0.6097695078874702,-0.011898325416353616,371588.1438741292,-44.21276656673216
2012Q3,2012-07-02,AMGN,REBALANCE,2.250253722140534,2.2894672770442157,0.03921355490368178,371588.1438741292,145.7129208136537
2012Q3,2012-07-02,AMZN,REBALANCE,10.000605726602327,10.265570364810053,0.26496463820772503,371588.1438741292,984.5771810388873
2012Q3,2012-07-02,BBBY,REBALANCE,0.04351207955223122,0.045136415447379966,0.0016243358951487444,371588.1438741292,6.035839603064441
2012Q3,2012-07-02,BIIB,REBALANCE,1.7976955653568365,1.7892141925410614,-0.00848137281577524,371588.1438741292,-31.51577582118418
2012Q3,2012-07-02,BKNG,REBALANCE,1.6849876433129847,1.7198804065689737,0.034892763255988876,371588.1438741292,129.65737132932324
2012Q3,2012-07-02,CHRW,REBALANCE,0.4172440783095878,0.43086394960917945,0.013619871299591635,371588.1438741292,50.6098269601978
2012Q3,2012-07-02,COST,REBALANCE,2.5903497437166703,2.5439299111505305,-0.04641983256613996,371588.1438741292,-172.49059422199807
2012Q3,2012-07-02,CSCO,REBALANCE,3.700308453487881,3.6898412964034932,-0.010467157084387974,371588.1438741292,-38.89471472626669
2012Q3,2012-07-02,CTSH,REBALANCE,1.0356240523082887,1.0239295228944154,-0.011694529413873271,371588.1438741292,-43.455484783825774
2012Q3,2012-07-02,DELL,REBALANCE,0.2971668308913751,0.2970602781870775,-0.00010655270429758487,371588.1438741292,-0.39593721614708516
2012Q3,2012-07-02,DLTR,REBALANCE,0.8650962212844306,0.8337949633507983,-0.03130125793363234,371588.1438741292,-116.31176336483801
2012Q3,2012-07-02,EA,REBALANCE,0.2535560571929808,0.24871033891905361,-0.0048457182739271645,371588.1438741292,-18.006114591455443
2012Q3,2012-07-02,EBAY,REBALANCE,0.5732930219388559,0.567074512549387,-0.006218509389468909,371588.1438741292,-23.107243616965963
2012Q3,2012-07-02,EXPD,REBALANCE,0.352145080910566,0.3517619350636996,-0.00038314584686637877,371588.1438741292,-1.4237245407015904
2012Q3,2012-07-02,EXPE,REBALANCE,0.4155016702440858,0.4264326496486465,0.010930979404560719,371588.1438741292,40.618223476670515
2012Q3,2012-07-02,FAST,REBALANCE,0.6765757624694373,0.6482660556091582,-0.028309706860279137,371588.1438741292,-105.19551425831827
2012Q3,2012-07-02,FFIV,REBALANCE,0.4735652471511449,0.4602282349822592,-0.013337012168885675,371588.1438741292,-49.55875596662902
2012Q3,2012-07-02,FOSL,REBALANCE,0.38182734204373775,0.3683329898178941,-0.013494352225843637,371588.1438741292,-50.14341296384961
2012Q3,2012-07-02,FOXA,REBALANCE,0.5718353804666757,0.571630342084636,-0.0002050383820396441,371588.1438741292,-0.7618983180506596
2012Q3,2012-07-02,GILD,REBALANCE,1.8160752601657906,1.8308128960515349,0.014737635885744144,371588.1438741292,54.763307638764246
2012Q3,2012-07-02,GOOGL,REBALANCE,7.09103784159484,7.031102382778538,-0.05993545881630147,371588.1438741292,-222.71305893793777
2012Q3,2012-07-02,INTC,REBALANCE,7.897462729116087,7.828176847370112,-0.06928588174597433,371588.1438741292,-257.45812194669014
2012Q3,2012-07-02,INTU,REBALANCE,1.2065493232313156,1.2036198194536376,-0.0029295037776778596,371588.1438741292,-10.885688712195655
2012Q3,2012-07-02,ISRG,REBALANCE,1.8280474524953183,1.8536573984460636,0.025609945950745214,371588.1438741292,95.16352280554186
2012Q3,2012-07-02,KLAC,REBALANCE,0.3246246397236465,0.32105642161197095,-0.0035682181116755696,371588.1438741292,-13.259075450555752
2012Q3,2012-07-02,LRCX,REBALANCE,0.3300177145230533,0.3322890403024629,0.0022713257794096126,371588.1438741292,8.439977305042778
2012Q3,2012-07-02,MAT,REBALANCE,0.6233745279352426,0.6158957567849138,-0.007478771150328835,371588.1438741292,-27.79022690210078
2012Q3,2012-07-02,MCHP,REBALANCE,0.5414447829102444,0.535106905113184,-0.006337877797060309,371588.1438741292,-23.55080246710695
2012Q3,2012-07-02,MDLZ,REBALANCE,2.0525706967237753,2.0457361631886943,-0.006834533535081053,371588.1438741292,-25.39631630546259
2012Q3,2012-07-02,MNST,REBALANCE,0.9852653357474022,1.0145004274841611,0.02923509173675884,371588.1438741292,108.6341347445211
2012Q3,2012-07-02,MSFT,REBALANCE,11.318294799156686,11.384031340256975,0.06573654110029054,371588.1438741292,244.26919292162367
2012Q3,2012-07-02,MU,REBALANCE,0.5778296690200244,0.5995924514781722,0.021762782458147837,371588.1438741292,80.86791939159615
2012Q3,2012-07-02,NFLX,REBALANCE,0.3398338913311053,0.33969721657439395,-0.00013667475671132884,371588.1438741292,-0.5078671916081087
2012Q3,2012-07-02,NTAP,REBALANCE,0.3834168976070399,0.3704830096820666,-0.012933887924973346,371588.1438741292,-48.06079407116859
2012Q3,2012-07-02,NVDA,REBALANCE,0.635117998908786,0.6207140842665412,-0.01440391464224474,371588.1438741292,-53.52323906433115
2012Q3,2012-07-02,ORCL,REBALANCE,5.903157594967873,5.846722181717647,-0.05643541325022622,371588.1438741292,-209.70730458421
2012Q3,2012-07-02,ORLY,REBALANCE,0.39170039960332487,0.3913083402539174,-0.0003920593494074337,371588.1438741292,-1.4568460593480697
2012Q3,2012-07-02,PAYX,REBALANCE,0.6128022147375572,0.5971598911897014,-0.015642323547855955,371588.1438741292,-58.12501973026378
2012Q3,2012-07-02,PCAR,REBALANCE,0.6960407556638323,0.6756945898717285,-0.020346165792103736,371588.1438741292,-75.60393981643129
2012Q3,2012-07-02,PRGO,REBALANCE,1.0510059640663625,1.0380331705715056,-0.012972793494856957,371588.1438741292,-48.20536255616275
2012Q3,2012-07-02,QCOM,REBALANCE,3.38354478098574,3.368854743972326,-0.014690037013413704,371588.1438741292,-54.58643587256655
2012Q3,2012-07-02,ROST,REBALANCE,0.7327149107893378,0.7357998625440206,0.003084951754682777,371588.1438741292,11.463314964638112
2012Q3,2012-07-02,SBUX,REBALANCE,1.960091107651572,1.9132111609999638,-0.04687994665160816,371588.1438741292,-174.20032361189277
2012Q3,2012-07-02,SNDK,REBALANCE,0.4438731226390785,0.443713966647676,-0.00015915599140253062,371588.1438741292,-0.5914047943171322
2012Q3,2012-07-02,STX,BUY,0.0,0.24990452849340525,0.24990452849340525,371588.1438741292,928.615598886039
2012Q3,2012-07-02,TXN,REBALANCE,1.4678137190064366,1.4615395915466787,-0.006274127459757889,371588.1438741292,-23.313913772011393
2012Q3,2012-07-02,VRSN,REBALANCE,0.328569862082253,0.32364406781235444,-0.004925794269898531,371588.1438741292,-18.303667498574168
2012Q3,2012-07-02,WYNN,REBALANCE,0.6597698337726985,0.6464441541003618,-0.01332567967233661,371588.1438741292,-49.516645753047754
2012Q3,2012-07-02,XRAY,REBALANCE,0.538660143653968,0.5357526164059092,-0.0029075272480587507,371588.1438741292,-10.80402653369606
2012Q4,2012-10-01,AAPL,REBALANCE,12.315547810743748,11.361586658580539,-0.9539611521632088,394042.5144332129,-3759.0125106999562
2012Q4,2012-10-01,ADBE,REBALANCE,1.0064462246782166,1.0125172109490572,0.006070986270840552,394042.5144332129,23.92226695251526
2012Q4,2012-10-01,ADP,REBALANCE,1.1850611872805261,1.1739135623014398,-0.011147624979086258,394042.5144332129,-43.926381767176416
2012Q4,2012-10-01,ADSK,REBALANCE,0.5450953195545026,0.550362712973865,0.005267393419362398,394042.5144332129,20.755769474745183
2012Q4,2012-10-01,AKAM,REBALANCE,0.43368880184411746,0.43378977808398234,0.00010097623986491527,394042.5144332129,0.3978893145438245
2012Q4,2012-10-01,AMAT,REBALANCE,0.565210013475241,0.5687679619151499,0.003557948439908854,394042.5144332129,14.01982949485412
2012Q4,2012-10-01,AMGN,REBALANCE,2.506960530766951,2.468503131635479,-0.038457399131472045,394042.5144332129,-151.53850252326905
2012Q4,2012-10-01,AMZN,REBALANCE,10.781553790615407,10.5843625611489,-0.19719122946650763,394042.5144332129,-777.0172788315933
2012Q4,2012-10-01,BBBY,REBALANCE,0.06381569985092803,0.061544196027180684,-0.002271503823747349,394042.5144332129,-8.950690782540631
2012Q4,2012-10-01,BIIB,REBALANCE,1.7437009300010575,1.7285995999035342,-0.015101330097523277,394042.5144332129,-59.50566082914029
2012Q4,2012-10-01,BKNG,REBALANCE,1.5109454176062231,1.480911107569811,-0.030034310036412305,394042.5144332129,-118.34795046014588
2012Q4,2012-10-01,CHRW,REBALANCE,0.40904203342574574,0.3949215114729435,-0.014120521952802265,394042.5144332129,-55.64085975391586
2012Q4,2012-10-01,COST,REBALANCE,2.5365486044893446,2.548570344039256,0.012021739549911495,394042.5144332129,47.37076480108327
2012Q4,2012-10-01,CSCO,REBALANCE,3.888818813210094,3.8591575849568813,-0.029661228253212435,394042.5144332129,-116.87784962073285
2012Q4,2012-10-01,CTSH,REBALANCE,1.124740970986863,1.1525172809065096,0.02777630991964656,394042.5144332129,109.45047002413725
2012Q4,2012-10-01,DELL,REBALANCE,0.28013240538027767,0.2787085855228019,-0.0014238198574757083,394042.5144332129,-5.610455567396669
2012Q4,2012-10-01,DLTR,REBALANCE,0.7057533990725542,0.7248104083831255,0.01905700931057134,394042.5144332129,75.0927186631468
2012Q4,2012-10-01,EA,REBALANCE,0.24099455196748598,0.23467574131878405,-0.0063188106487019335,394042.5144332129,-24.89880036241871
2012Q4,2012-10-01,EBAY,REBALANCE,0.6157186753685338,0.6225228523675528,0.006804176999019012,394042.5144332129,26.811350133420845
2012Q4,2012-10-01,EXPD,REBALANCE,0.3111717724693306,0.30756348660101396,-0.003608285868316602,394042.5144332129,-14.218180363453028
2012Q4,2012-10-01,EXPE,REBALANCE,0.4850669376974341,0.4642750415692451,-0.020791896128188967,394042.5144332129,-81.92891030185766
2012Q4,2012-10-01,FAST,REBALANCE,0.65487278540597,0.698112984833531,0.04324019942756095,394042.5144332129,170.38476907029693
2012Q4,2012-10-01,FFIV,REBALANCE,0.45614705703688685,0.46122605630923297,0.005078999272346146,394042.5144332129,20.013416440797343
2012Q4,2012-10-01,FOSL,REBALANCE,0.38437427755182174,0.39703654135585115,0.012662263804029406,394042.5144332129,49.89470267756407
2012Q4,2012-10-01,FOXA,REBALANCE,0.5390561932204033,0.5363163498554041,-0.002739843364999231,394042.5144332129,-10.796147686974521
2012Q4,2012-10-01,GILD,REBALANCE,2.233185844307375,2.2437019942051637,0.01051614989778897,394042.5144332129,41.43810147881341
2012Q4,2012-10-01,GOOGL,REBALANCE,8.624243548168305,8.657232002311458,0.032988454143151325,394042.5144332129,129.9885341783209
2012Q4,2012-10-01,GRMN,BUY,0.0,0.4116085150777883,0.4116085150777883,394042.5144332129,1621.9125424337271
2012Q4,2012-10-01,INTC,REBALANCE,6.331842349782605,6.322715601932581,-0.009126747850023154,394042.5144332129,-35.963266714210434
2012Q4,2012-10-01,INTU,REBALANCE,1.1288699268756492,1.1256475850955971,-0.00322234178005195,394042.5144332129,-12.697396573748657
2012Q4,2012-10-01,ISRG,REBALANCE,1.564446465541986,1.5358120511380504,-0.02863441440393577,394042.5144332129,-112.83176651049462
2012Q4,2012-10-01,KLAC,REBALANCE,0.2955282478504209,0.2932239570849483,-0.0023042907654725713,394042.5144332129,-9.07988527212045
2012Q4,2012-10-01,LIFE,REBALANCE,0.040884949494418475,0.040677144892580265,-0.00020780460183820603,394042.5144332129,-0.8188384781911936
2012Q4,2012-10-01,LRCX,REBALANCE,0.2638680768967374,0.26155440710641287,-0.00231366979032456,394042.5144332129,-9.116842617476543
2012Q4,2012-10-01,MAT,REBALANCE,0.6406183950574512,0.6327625204453358,-0.007855874612115385,394042.5144332129,-30.955485852299876
2012Q4,2012-10-01,MCHP,REBALANCE,0.5043825493285761,0.5084207914381718,0.004038242109595611,394042.5144332129,15.912390747551369
2012Q4,2012-10-01,MDLZ,REBALANCE,2.080642333157467,2.114404336646231,0.03376200348876382,394042.5144332129,133.03664747015404
2012Q4,2012-10-01,MNST,REBALANCE,0.7263853146351111,0.7004418359768629,-0.025943478658248253,394042.5144332129,-102.22833563640539
2012Q4,2012-10-01,MSFT,REBALANCE,10.513224324485487,11.361586658580539,0.8483623340950514,394042.5144332129,3342.908272772435
2012Q4,2012-10-01,MU,REBALANCE,0.5358543487670739,0.4955600533882225,-0.040294295378851416,394042.5144332129,-158.77665468397205
2012Q4,2012-10-01,NFLX,REBALANCE,0.25462518355026553,0.2632832508708337,0.008658067320568147,394042.5144332129,34.11646617128703
2012Q4,2012-10-01,NTAP,REBALANCE,0.36100957731068417,0.3699449878199103,0.00893541050922611,394042.5144332129,35.20931624548412
2012Q4,2012-10-01,NVDA,REBALANCE,0.5650123831905133,0.5680790498473002,0.0030666666567868983,394042.5144332129,12.083970403688042
2012Q4,2012-10-01,ORCL,REBALANCE,5.852366142168046,5.841816109062501,-0.010550033105544837,394042.5144332129,-41.57161572262525
2012Q4,2012-10-01,ORLY,REBALANCE,0.3683490053258908,0.36169838449430736,-0.0066506208315834665,394042.5144332129,-26.206273550190545
2012Q4,2012-10-01,PAYX,REBALANCE,0.6026661951845963,0.5897195059908173,-0.01294668919377892,394042.5144332129,-51.015459635019525
2012Q4,2012-10-01,PCAR,REBALANCE,0.6538671307550107,0.6751319030972978,0.021264772342287006,394042.5144332129,83.79224362604614
2012Q4,2012-10-01,PRGO,REBALANCE,0.9649676486006229,0.9639228927698676,-0.00104475583075532,394042.5144332129,-4.116782145195866
2012Q4,2012-10-01,QCOM,REBALANCE,3.5790073461244685,3.5295290593539272,-0.04947828677054136,394042.5144332129,-194.96548528911694
2012Q4,2012-10-01,ROST,REBALANCE,0.7188646390916192,0.7237949771247977,0.004930338033178397,394042.5144332129,19.42762795599317
2012Q4,2012-10-01,SBUX,REBALANCE,1.7225420870724677,1.7118777502407454,-0.010664336831722396,394042.5144332129,-42.02202099934616
2012Q4,2012-10-01,SNDK,REBALANCE,0.4184290862999836,0.4163023504044681,-0.0021267358955154823,394042.5144332129,-8.380243598042915
2012Q4,2012-10-01,STX,REBALANCE,0.297913440916968,0.2900640858064168,-0.007849355110551171,394042.5144332129,-30.929796244407736
2012Q4,2012-10-01,TXN,REBALANCE,1.3323433365146946,1.3472285311559005,0.014885194641205829,394042.5144332129,58.653995242485315
2012Q4,2012-10-01,VRSN,REBALANCE,0.34106615233409693,0.3415187959196962,0.0004526435855992713,394042.5144332129,1.783608166116021
2012Q4,2012-10-01,WYNN,REBALANCE,0.6821538903637412,0.689953208628539,0.00779931826479785,394042.5144332129,30.73262979925828
2012Q4,2012-10-01,XRAY,REBALANCE,0.5103758296542209,0.5055124042592953,-0.0048634253949256245,394042.5144332129,-19.16396371374835
2013Q1,2013-01-02,AAPL,REBALANCE,9.376787770265492,10.91256029879974,1.5357725285342474,382618.7710756772,5876.153975195592
2013Q1,2013-01-02,ADBE,REBALANCE,1.2111816819017525,1.1560149573240217,-0.05516672457773087,382618.7710756772,-211.07824362201742
2013Q1,2013-01-02,ADI,BUY,0.0,1.2182715856581166,1.2182715856581166,382618.7710756772,4661.335769409251
2013Q1,2013-01-02,ADP,REBALANCE,1.1821696814716043,1.146581934275934,-0.03558774719567021,382618.7710756772,-136.16540097359214
2013Q1,2013-01-02,ADSK,REBALANCE,0.6007854317175351,0.5916330175752109,-0.009152414142324199,382618.7710756772,-35.018854515117326
2013Q1,2013-01-02,AKAM,REBALANCE,0.47768395555589693,0.4649387661081102,-0.012745189447786742,382618.7710756772,-48.76548723638852
2013Q1,2013-01-02,AMAT,REBALANCE,0.6052751291681543,0.5929971626140846,-0.012277966554069628,382618.7710756772,-46.977804742263885
2013Q1,2013-01-02,AMGN,REBALANCE,2.6108021930604517,2.5232044940138287,-0.08759769904662269,382618.7710756772,-335.1652395827579
2013Q1,2013-01-02,AMZN,REBALANCE,10.752507242856561,10.497756170605093,-0.2547510722514676,382618.7710756772,-974.7254219506758
2013Q1,2013-01-02,BBBY,REBALANCE,0.08754751380967282,0.08464593559365538,-0.0029015782160174376,382618.7710756772,-11.101982911925477
2013Q1,2013-01-02,BIIB,REBALANCE,1.746326023293887,1.6798133367678543,-0.06651268652603272,382618.7710756772,-254.4900237953239
2013Q1,2013-01-02,BKNG,REBALANCE,1.5283778709511686,1.4697110051500666,-0.05866686580110192,382618.7710756772,-224.4704409567929
2013Q1,2013-01-02,CHRW,REBALANCE,0.4414229175688448,0.412306950237212,-0.029115967331632808,382618.7710756772,-111.40315639108908
2013Q1,2013-01-02,COST,REBALANCE,2.778198304812072,2.6832882959850575,-0.0949100088270146,382618.7710756772,-363.14350940174
2013Q1,2013-01-02,CSCO,REBALANCE,4.149593479626889,4.064212549298278,-0.08538093032861085,382618.7710756772,-326.683466356311
2013Q1,2013-01-02,CTSH,REBALANCE,1.2546890997933036,1.196377467181847,-0.0583116326114564,382618.7710756772,-223.1112520921183
2013Q1,2013-01-02,DELL,REBALANCE,0.2870299110646801,0.27073426102811865,-0.016295650036561495,382618.7710756772,-62.35021590868473
2013Q1,2013-01-02,DLTR,REBALANCE,0.6269630952938839,0.5816250207324217,-0.04533807456146219,382618.7710756772,-173.47198371644083
2013Q1,2013-01-02,EA,SELL,0.2765349823956753,0.0,-0.2765349823956753,382618.7710756772,-1058.0747512366731
2013Q1,2013-01-02,EBAY,REBALANCE,0.6759678746990805,0.6719154526001652,-0.004052422098915331,382618.7710756772,-15.505327633669001
2013Q1,2013-01-02,EXPD,REBALANCE,0.34725625748480593,0.34068990834240037,-0.0065663491424056055,382618.7710756772,-25.124084393210595
2013Q1,2013-01-02,EXPE,REBALANCE,0.5134616084979008,0.5064588380027064,-0.0070027704951944325,382618.7710756772,-26.79391440996305
2013Q1,2013-01-02,FAST,REBALANCE,0.7933284320326096,0.7395210587623379,-0.05380737327027171,382618.7710756772,-205.87711035481604
2013Q1,2013-01-02,FFIV,REBALANCE,0.4409970930343625,0.4327086815121171,-0.008288411522245406,382618.7710756772,-31.7130183081102
2013Q1,2013-01-02,FOSL,REBALANCE,0.44944190991027455,0.4215858814689129,-0.027856028441361654,382618.7710756772,-106.58239369282907
2013Q1,2013-01-02,FOXA,REBALANCE,0.5523289995274892,0.520971431084679,-0.031357568442810096,382618.7710756772,-119.97994301509435
2013Q1,2013-01-02,GILD,REBALANCE,2.558725799927096,2.4257669771161785,-0.1329588228109177,382618.7710756772,-508.72541387582044
2013Q1,2013-01-02,GOOGL,REBALANCE,8.358905737963216,7.9841878445155485,-0.37471789344766665,382618.7710756772,-1433.7409989101277
2013Q1,2013-01-02,GRMN,REBALANCE,0.41828321570421867,0.4076995233352482,-0.010583692368970436,382618.7710756772,-40.49519367658491
2013Q1,2013-01-02,INTC,REBALANCE,5.986339939682598,5.828866827324262,-0.15747311235833547,382618.7710756772,-602.5216872800835
2013Q1,2013-01-02,INTU,REBALANCE,1.1743375275558257,1.1447212511488132,-0.029616276407012573,382618.7710756772,-113.31743282688723
2013Q1,2013-01-02,ISRG,REBALANCE,1.5648805966205703,1.4850642001239978,-0.07981639649657264,382618.7710756772,-305.3925153920761
2013Q1,2013-01-02,KLAC,REBALANCE,0.30499845097022693,0.3012370309548646,-0.0037614200153623326,382618.7710756772,-14.391899037773905
2013Q1,2013-01-02,LIFE,REBALANCE,0.04189163121394842,0.03951330290944858,-0.002378328304499845,382618.7710756772,-9.099930530822297
2013Q1,2013-01-02,LRCX,SELL,0.30623363784624963,0.0,-0.30623363784624963,382618.7710756772,-1171.7073817476603
2013Q1,2013-01-02,MAT,REBALANCE,0.6784869550633497,0.6463930214407353,-0.03209393362261442,382618.7710756772,-122.79741441669088
2013Q1,2013-01-02,MCHP,REBALANCE,0.527523772728364,0.5127792583063454,-0.014744514422018566,382618.7710756772,-56.41527988260342
2013Q1,2013-01-02,MDLZ,REBALANCE,2.0206566373006956,1.9423430149508056,-0.07831362234989002,382618.7710756772,-299.64261941999604
2013Q1,2013-01-02,MNST,REBALANCE,0.7050755844888427,0.6705096016575894,-0.034565982831253304,382618.7710756772,-132.25593871917096
2013Q1,2013-01-02,MSFT,REBALANCE,10.587924927610246,10.91256029879974,0.3246353711894939,382618.7710756772,1242.1158677222047
2013Q1,2013-01-02,MU,REBALANCE,0.541079613522022,0.5531296692624516,0.012050055740429541,382618.7710756772,46.105775187965605
2013Q1,2013-01-02,NFLX,SELL,0.46115408168441563,0.0,-0.46115408168441563,382618.7710756772,-1764.4620801062356
2013Q1,2013-01-02,NTAP,REBALANCE,0.38875371387782187,0.3741972205234534,-0.0145564933543685,382618.7710756772,-55.69587598419737
2013Q1,2013-01-02,NVDA,REBALANCE,0.5411445172366781,0.5384530890392041,-0.002691428197474071,382618.7710756772,-10.29790949355954
2013Q1,2013-01-02,ORCL,REBALANCE,6.420161964892006,6.262848481202614,-0.1573134836893919,382618.7710756772,-601.9109180286872
2013Q1,2013-01-02,ORLY,REBALANCE,0.3983344035343346,0.3766195934977374,-0.02171481003659724,382618.7710756772,-83.08493930344616
2013Q1,2013-01-02,PAYX,REBALANCE,0.5844892977081323,0.574612460679157,-0.00987683702897528,382618.7710756772,-37.79063246141264
2013Q1,2013-01-02,PCAR,REBALANCE,0.8033490850939968,0.7688880785843465,-0.03446100650965041,382618.7710756772,-131.85427960753353
2013Q1,2013-01-02,PRGO,REBALANCE,0.8897428243567633,0.8527019280547962,-0.037040896301967184,382618.7710756772,-141.7254222260028
2013Q1,2013-01-02,QCOM,REBALANCE,3.6136492592568863,3.6000016656795024,-0.013647593577383738,382618.7710756772,-52.21825482718871
2013Q1,2013-01-02,ROST,REBALANCE,0.6257638301949631,0.5800472227344023,-0.04571660746056066,382618.7710756772,-174.92032164308856
2013Q1,2013-01-02,SBUX,REBALANCE,1.872263594033534,1.8313053359342357,-0.04095825809929815,382618.7710756772,-156.7139837935386
2013Q1,2013-01-02,SNDK,REBALANCE,0.42873177512085003,0.4043912353457144,-0.02434053977513565,382618.7710756772,-93.13147416081043
2013Q1,2013-01-02,STX,REBALANCE,0.3006563800630938,0.30646223337314543,0.005805853310051614,382618.7710756772,22.214284585376014
2013Q1,2013-01-02,TXN,REBALANCE,1.5664692709868082,1.5426585538059938,-0.023810717180814366,382618.7710756772,-91.10427346153705
2013Q1,2013-01-02,VRSN,SELL,0.2804188241763353,0.0,-0.2804188241763353,382618.7710756772,-1072.935058928358
2013Q1,2013-01-02,WDC,BUY,0.0,0.6949393362820009,0.6949393362820009,382618.7710756772,2658.9683482036594
2013Q1,2013-01-02,WYNN,REBALANCE,0.7415013019334038,0.7332084634868696,-0.008292838446534185,382618.7710756772,-31.729956551420376
2013Q1,2013-01-02,XRAY,REBALANCE,0.5414133391953002,0.5233686331316026,-0.018044706063697572,382618.7710756772,-69.04243258513786
2013Q2,2013-04-01,AAPL,REBALANCE,8.562897264535941,10.493709900862626,1.9308126363266855,407958.41067528026,7876.912544275826
2013Q2,2013-04-01,ADBE,REBALANCE,1.252252271741291,1.2309216142618222,-0.021330657479468745,407958.41067528026,-87.02021123982848
2013Q2,2013-04-01,ADI,REBALANCE,1.2725613108849696,1.1922464470103364,-0.08031486387463302,407958.41067528026,-327.6512421989677
2013Q2,2013-04-01,ADP,REBALANCE,1.236953935784165,1.203626484860318,-0.033327450923847056,407958.41067528026,-135.96213910751047
2013Q2,2013-04-01,ADSK,REBALANCE,0.647496369506296,0.6018445577766017,-0.04565181172969425,407958.41067528026,-186.24040557693183
2013Q2,2013-04-01,AKAM,REBALANCE,0.376476050040206,0.36220137971076344,-0.014274670329442532,407958.41067528026,-58.234718205129546
2013Q2,2013-04-01,AMAT,REBALANCE,0.6596142089735756,0.63381143184924,-0.025802777124335485,407958.41067528026,-105.26459946652383
2013Q2,2013-04-01,AMGN,REBALANCE,2.8295702013323716,2.7399178509222173,-0.0896523504101545,407958.41067528026,-365.7443038662994
2013Q2,2013-04-01,AMZN,REBALANCE,10.458732472071802,10.04439138120376,-0.41434109086804227,407958.41067528026,-1690.339329079884
2013Q2,2013-04-01,BBBY,REBALANCE,0.06834827237600087,0.06519499916527727,-0.003153273210723597,407958.41067528026,-12.864043274717366
2013Q2,2013-04-01,BIIB,REBALANCE,2.0732931625444952,2.031602409392381,-0.041690753152114415,407958.41067528026,-170.08093395792028
2013Q2,2013-04-01,BKNG,REBALANCE,1.528998527801996,1.5073984888961363,-0.021600038905859875,407958.41067528026,-88.11917542558814
2013Q2,2013-04-01,CHRW,REBALANCE,0.36598661002562566,0.36226749318935075,-0.003719116836274931,407958.41067528026,-15.172449936423973
2013Q2,2013-04-01,COST,REBALANCE,2.711954931710043,2.64076037642685,-0.07119455528319281,407958.41067528026,-290.44417622064714
2013Q2,2013-04-01,CSCO,REBALANCE,4.0542498679058365,3.9169138253797553,-0.13733604252608167,407958.41067528026,-560.2739363737298
2013Q2,2013-04-01,CTSH,REBALANCE,1.1636803861958438,1.1347666189059933,-0.02891376728985061,407958.41067528026,-117.9561455020236
2013Q2,2013-04-01,DELL,REBALANCE,0.25391806500862324,0.25478433046789356,0.0008662654592702951,407958.41067528026,3.5340027998680132
2013Q2,2013-04-01,DLTR,REBALANCE,0.6513433343376233,0.6529901102768977,0.0016467759392744044,407958.41067528026,6.718160949246778
2013Q2,2013-04-01,EBAY,REBALANCE,0.6699684180522871,0.6573453369314538,-0.012623081120833289,407958.41067528026,-51.49692111880284
2013Q2,2013-04-01,EXPD,REBALANCE,0.28866642735941106,0.27726848407851656,-0.01139794328089451,407958.41067528026,-46.498868258407136
2013Q2,2013-04-01,EXPE,REBALANCE,0.4649534466241622,0.45681316988991966,-0.008140276734242523,407958.41067528026,-33.2089435895854
2013Q2,2013-04-01,FAST,REBALANCE,0.7647130478035857,0.7257925470960684,-0.038920500707517215,407958.41067528026,-158.77945611324844
2013Q2,2013-04-01,FFIV,REBALANCE,0.37212032829211805,0.354053824520152,-0.018066503771966072,407958.41067528026,-73.70382165270235
2013Q2,2013-04-01,FOSL,REBALANCE,0.41026444898996606,0.39586276586616065,-0.014401683123805437,407958.41067528026,-58.752877582366715
2013Q2,2013-04-01,FOXA,REBALANCE,0.4886121808279594,0.49027912742829505,0.0016669466003356968,407958.41067528026,6.800448857535125
2013Q2,2013-04-01,GILD,REBALANCE,3.0318072735792554,2.9185041717961835,-0.11330310178307192,407958.41067528026,-462.22953328001535
2013Q2,2013-04-01,GOOGL,REBALANCE,8.407226680065886,8.323526583131017,-0.0837000969348703,407958.41067528026,-341.4615851891658
2013Q2,2013-04-01,GRMN,REBALANCE,0.31408227620119045,0.3005377217285212,-0.013544554472669224,407958.41067528026,-55.25614915974895
2013Q2,2013-04-01,INTC,REBALANCE,5.8524982888986745,5.557388485354911,-0.29510980354376315,407958.41067528026,-1203.925264284078
2013Q2,2013-04-01,INTU,REBALANCE,1.188411918864473,1.135156350955802,-0.0532555679086711,407958.41067528026,-217.2605684363092
2013Q2,2013-04-01,ISRG,REBALANCE,1.3951510384832593,1.3612241988338916,-0.03392683964936784,407958.41067528026,-138.40739582591186
2013Q2,2013-04-01,KLAC,REBALANCE,0.31420570209688137,0.2970268688923362,-0.017178833204545142,407958.41067528026,-70.08249491381969
2013Q2,2013-04-01,LIFE,REBALANCE,0.037059001615701366,0.037185431899634316,0.00012643028393294667,407958.41067528026,0.5157829769450935
2013Q2,2013-04-01,MAT,REBALANCE,0.7309991232476223,0.7262362359253227,-0.004762887322299486,407958.41067528026,-19.430599422307395
2013Q2,2013-04-01,MCHP,REBALANCE,0.5478281815552558,0.5235862219660593,-0.024241959589196577,407958.41067528026,-98.89711305663006
2013Q2,2013-04-01,MDLZ,REBALANCE,2.21073997931175,2.120956427289307,-0.08978355202244326,407958.41067528026,-366.279551878573
2013Q2,2013-04-01,MNST,REBALANCE,0.5681656464013095,0.5545605094780591,-0.013605136923250383,407958.41067528026,-55.50330036228799
2013Q2,2013-04-01,MSFT,REBALANCE,11.053550662657912,10.493709900862626,-0.559840761795287,407958.41067528026,-2283.917474132434
2013Q2,2013-04-01,MU,REBALANCE,0.816617465786122,0.7364541869011576,-0.08016327888496445,407958.41067528026,-327.0328384842935
2013Q2,2013-04-01,NTAP,REBALANCE,0.35733554237093473,0.3496879527009992,-0.007647589669935529,407958.41067528026,-31.198985272435895
2013Q2,2013-04-01,NVDA,REBALANCE,0.5317294163094338,0.4974143021615788,-0.0343151141478551,407958.41067528026,-139.9913942989979
2013Q2,2013-04-01,ORCL,REBALANCE,5.699317948976272,5.5065073066838455,-0.1928106422924271,407958.41067528026,-786.5872319089854
2013Q2,2013-04-01,ORLY,REBALANCE,0.4046580670914163,0.405030885388693,0.00037281829727668636,407958.41067528026,1.5209436002766115
2013Q2,2013-04-01,PAYX,REBALANCE,0.6075430001114953,0.5998444230878806,-0.00769857702361482,407958.41067528026,-31.406992470151316
2013Q2,2013-04-01,PCAR,REBALANCE,0.8098454868328788,0.7792375012865476,-0.030607985546331293,407958.41067528026,-124.86785137453265
2013Q2,2013-04-01,PRGO,REBALANCE,0.9135452711604548,0.8946186349418104,-0.018926636218644446,407958.41067528026,-77.21280431187384
2013Q2,2013-04-01,QCOM,REBALANCE,3.6671540779594505,3.4660644521096384,-0.2010896258498117,407958.41067528026,-820.3620416497592
2013Q2,2013-04-01,REGN,BUY,0.0,1.302037377976969,1.302037377976969,407958.41067528026,5311.770993592934
2013Q2,2013-04-01,ROST,REBALANCE,0.6114296715122592,0.6016270978858335,-0.009802573626425774,407958.41067528026,-39.990423571640775
2013Q2,2013-04-01,SBUX,REBALANCE,1.8307380568617977,1.7887092942131266,-0.042028762648671156,407958.41067528026,-171.45987212800466
2013Q2,2013-04-01,SNDK,REBALANCE,0.37927316474646655,0.38056709096726105,0.0012939262207945033,407958.41067528026,5.278680845663973
2013Q2,2013-04-01,STX,REBALANCE,0.3454413481817972,0.3314654533850937,-0.013975894796703497,407958.41067528026,-57.01583829028078
2013Q2,2013-04-01,TXN,REBALANCE,1.672456912888276,1.5831557627245474,-0.08930115016372864,407958.41067528026,-364.3115529226928
2013Q2,2013-04-01,WDC,REBALANCE,0.7755008217670112,0.7627943065843223,-0.012706515182688873,407958.41067528026,-51.83729739151071
2013Q2,2013-04-01,WYNN,REBALANCE,0.7713352039551413,0.7257825923367857,-0.04555261161835562,407958.41067528026,-185.83571037932666
2013Q2,2013-04-01,XRAY,REBALANCE,0.5267270552640908,0.5126371390667062,-0.014089916197384655,407958.41067528026,-57.48099818432932
2013Q3,2013-07-01,AAPL,REBALANCE,8.968987614117044,10.607006103012925,1.6380184888958815,430400.27491100103,7050.0360793008995
2013Q3,2013-07-01,ADBE,REBALANCE,1.221430009627179,1.280731659408521,0.05930164978134207,430400.27491100103,255.23446368565533
2013Q3,2013-07-01,ADI,REBALANCE,1.1035692820422889,1.1714982998394126,0.06792901779712357,430400.27491100103,292.3666793431627
2013Q3,2013-07-01,ADP,REBALANCE,1.2158241934678542,1.2696266192810783,0.05380242581322411,430400.27491100103,231.56578860890394
2013Q3,2013-07-01,ADSK,REBALANCE,0.46937024682592715,0.4972802138043049,0.02790996697837776,430400.27491100103,120.12457460250748
2013Q3,2013-07-01,AKAM,REBALANCE,0.4135921782777461,0.435300819929454,0.021708641651707952,430400.27491100103,93.4340533483951
2013Q3,2013-07-01,AMAT,REBALANCE,0.6694296629434773,0.6909138302534275,0.021484167309950095,430400.27491100103,92.46791516436463
2013Q3,2013-07-01,AMGN,REBALANCE,2.5105546122911258,2.5597207325585836,0.04916612026745794,430400.27491100103,211.61111679421236
2013Q3,2013-07-01,AMZN,REBALANCE,9.92079063891833,10.572357359592932,0.6515667206746025,430400.27491100103,2804.344957012084
2013Q3,2013-07-01,BBBY,REBALANCE,0.1414477547814577,0.15551241523625578,0.01406466045479806,430400.27491100103,60.5343372627497
2013Q3,2013-07-01,BIIB,REBALANCE,2.1514089137373,2.241383153283436,0.08997423954613636,430400.27491100103,387.24937435565346
2013Q3,2013-07-01,BKNG,REBALANCE,1.7163824132732164,1.777970524304241,0.06158811103102457,430400.27491100103,265.0753991900223
2013Q3,2013-07-01,CHRW,REBALANCE,0.3272141557935847,0.3431879897690337,0.015973833975449013,430400.27491100103,68.75142534415944
2013Q3,2013-07-01,COST,REBALANCE,2.615554451940836,2.6977345674972857,0.08218011555645027,430400.27491100103,353.7034432771403
2013Q3,2013-07-01,CSCO,REBALANCE,4.358711142728191,4.535397428503239,0.17668628577504827,430400.27491100103,760.4582597058447
2013Q3,2013-07-01,CTSH,REBALANCE,0.8793455063286019,0.9247813644751894,0.045435858146587564,430400.27491100103,195.55605837108533
2013Q3,2013-07-01,DELL,REBALANCE,0.24149940551069676,0.24869793525468128,0.007198529743984499,430400.27491100103,30.982491807659464
2013Q3,2013-07-01,DLTR,REBALANCE,0.6497421278039228,0.6913552479618951,0.04161312015797218,430400.27491100103,179.10298355895745
2013Q3,2013-07-01,EBAY,REBALANCE,0.5943415862545006,0.6092781163125695,0.01493653005806882,430400.27491100103,64.28686643209251
2013Q3,2013-07-01,EXPD,REBALANCE,0.2819513446113059,0.29809146775002027,0.016140123138714366,430400.27491100103,69.46713436000071
2013Q3,2013-07-01,EXPE,REBALANCE,0.43488955059770606,0.4587769570910571,0.023887406493351,430400.27491100103,102.811463216491
2013Q3,2013-07-01,FAST,REBALANCE,0.6161677841415578,0.6550057241374524,0.038837939995894646,430400.27491100103,167.1586005121002
2013Q3,2013-07-01,FFIV,REBALANCE,0.25919157539163107,0.27365418503681443,0.014462609645183363,430400.27491100103,62.24711167217414
2013Q3,2013-07-01,FOSL,REBALANCE,0.40128528776526906,0.4327354420644099,0.03145015429914079,430400.27491100103,135.36155056343597
2013Q3,2013-07-01,FOXA,REBALANCE,0.4647150693718067,0.47856713348880314,0.013852064116996483,430400.27491100103,59.61932204040099
2013Q3,2013-07-01,GILD,REBALANCE,2.898030431654436,3.0666893801678996,0.1686589485134636,430400.27491100103,725.908578063951
2013Q3,2013-07-01,GOOGL,REBALANCE,8.745638905329631,9.003794283003717,0.25815537767408664,430400.27491100103,1111.1014552068018
2013Q3,2013-07-01,GRMN,REBALANCE,0.315866235888173,0.33095675800678515,0.015090522118612172,430400.27491100103,64.9496486840122
2013Q3,2013-07-01,INTC,REBALANCE,5.899114006476151,6.104308189357247,0.2051941828810959,430400.27491100103,883.156327221619
2013Q3,2013-07-01,INTU,REBALANCE,1.0029042642607888,1.0776915036340993,0.07478723937331036,430400.27491100103,321.88448386107615
2013Q3,2013-07-01,ISRG,REBALANCE,1.3294915284738502,1.3752381232768065,0.045746594802956175,430400.27491100103,196.8934697943451
2013Q3,2013-07-01,KLAC,REBALANCE,0.29969221507666777,0.31307851191391145,0.013386296837243671,430400.27491100103,57.6146583878994
2013Q3,2013-07-01,LIFE,REBALANCE,0.03524651488939122,0.036297130667374326,0.0010506157779831054,430400.27491100103,4.521853196697638
2013Q3,2013-07-01,MAT,REBALANCE,0.7181883351817828,0.7489100089265485,0.030721673744765667,430400.27491100103,132.22616825473224
2013Q3,2013-07-01,MCHP,REBALANCE,0.5075314604343951,0.5315717312973004,0.024040270862905368,430400.27491100103,103.46939188329398
2013Q3,2013-07-01,MDLZ,REBALANCE,1.8816250961159617,1.9691714046675417,0.08754630855157992,430400.27491100103,376.7995526804332
2013Q3,2013-07-01,MNST,REBALANCE,0.6697730631218642,0.6907816903461244,0.021008627224260168,430400.27491100103,90.42118932824317
2013Q3,2013-07-01,MSFT,REBALANCE,12.092376637533206,10.607006103012925,-1.4853705345202806,430400.27491100103,-6393.038864022293
2013Q3,2013-07-01,MU,REBALANCE,1.0023161093658968,1.093619685637599,0.09130357627170227,430400.27491100103,392.9708432769821
2013Q3,2013-07-01,NFLX,BUY,0.0,0.9400698853130529,0.9400698853130529,430400.27491100103,4046.0633707429115
2013Q3,2013-07-01,NTAP,REBALANCE,0.36657943087737677,0.3792158755976259,0.012636444720249109,430400.27491100103,54.38729281492884
2013Q3,2013-07-01,NVDA,REBALANCE,0.5185642628848055,0.5544539553906159,0.035889692505810394,430400.27491100103,154.46933520972087
2013Q3,2013-07-01,ORCL,SELL,4.9578550766851,0.0,-4.9578550766851,430400.27491100103,-21338.621879741695
2013Q3,2013-07-01,ORLY,REBALANCE,0.42206318491757755,0.44166619297139115,0.019603008053813587,430400.27491100103,84.37140055443935
2013Q3,2013-07-01,PAYX,REBALANCE,0.592081921258997,0.6075569698278416,0.015475048568844643,430400.27491100103,66.60465158291828
2013Q3,2013-07-01,PCAR,REBALANCE,0.786867410955227,0.8299010166366018,0.04303360568137463,430400.27491100103,185.21675715675258
2013Q3,2013-07-01,PRGO,SELL,0.8647634414710333,0.0,-0.8647634414710333,430400.27491100103,-3721.944229421161
2013Q3,2013-07-01,QCOM,REBALANCE,3.014848474314332,3.1422320907225805,0.1273836164082484,430400.27491100103,548.2594352126762
2013Q3,2013-07-01,REGN,REBALANCE,1.5733272677710641,1.6385228859975853,0.0651956182265212,430400.27491100103,280.602120076874
2013Q3,2013-07-01,ROST,REBALANCE,0.6113052781309676,0.6436457231074907,0.032340444976523136,430400.27491100103,139.1933640863966
2013Q3,2013-07-01,SBUX,REBALANCE,1.9568567182967636,2.0405084766693298,0.083651758372566,430400.27491100103,360.0373980034104
2013Q3,2013-07-01,SNDK,REBALANCE,0.3607236208629805,0.37147594428443487,0.010752323421454402,430400.27491100103,46.2780295652597
2013Q3,2013-07-01,STX,REBALANCE,0.3889003951156912,0.40443995480105627,0.015539559685365072,430400.27491100103,66.88230760577035
2013Q3,2013-07-01,TXN,REBALANCE,1.4854800210192305,1.5587474065855838,0.07326738556635327,430400.27491100103,315.3430288976876
2013Q3,2013-07-01,VRTX,BUY,0.0,1.4224012607357954,1.4224012607357954,430400.27491100103,6122.018936544408
2013Q3,2013-07-01,WDC,REBALANCE,0.8964014529140888,0.9354958673115724,0.03909441439748362,430400.27491100103,168.26246704161548
2013Q3,2013-07-01,WYNN,REBALANCE,0.7084928907674956,0.7441173156405124,0.035624424873016876,430400.27491100103,153.32762258892765
2013Q3,2013-07-01,XRAY,REBALANCE,0.4696976734285794,0.48986937954899956,0.0201717061204202,430400.27491100103,86.81907859652776
2013Q4,2013-10-01,AAPL,REBALANCE,11.815194777602596,10.639646285074807,-1.1755484925277893,467624.3324502231,-5497.1507908117355
2013Q4,2013-10-01,ADBE,REBALANCE,1.3438530751731161,1.3359660005946024,-0.007887074578513675,467624.3324502231,-36.88187984762582
2013Q4,2013-10-01,ADI,REBALANCE,1.1342174593299013,1.1273842658926276,-0.006833193437273677,467624.3324502231,-31.953675196083484
2013Q4,2013-10-01,ADP,REBALANCE,1.2355854207343262,1.2208015251331035,-0.014783895601222681,467624.3324502231,-69.13309311535546
2013Q4,2013-10-01,ADSK,REBALANCE,0.555195126976987,0.5480340281154983,-0.00716109886148876,467624.3324502231,-33.48704074713734
2013Q4,2013-10-01,AKAM,REBALANCE,0.48680599384364764,0.48853576356031514,0.0017297697166675403,467624.3324502231,8.0888240904927
2013Q4,2013-10-01,AMAT,REBALANCE,0.7519941000627011,0.7541289714848665,0.002134871422165407,467624.3324502231,9.983178236571568
2013Q4,2013-10-01,AMGN,REBALANCE,2.6842997939723587,2.7797991847046775,0.09549939073231865,467624.3324502231,446.57838840603534
2013Q4,2013-10-01,AMZN,REBALANCE,10.955484482097697,10.639646285074807,-0.3158381970228913,467624.3324502231,-1476.9362604511157
2013Q4,2013-10-01,BBBY,REBALANCE,0.15059443816392556,0.14555042173917584,-0.005044016424749723,467624.3324502231,-23.587048134915502
2013Q4,2013-10-01,BIIB,REBALANCE,2.3079883169492756,2.317918789349766,0.009930472400490609,467624.3324502231,46.43730527194786
2013Q4,2013-10-01,BKNG,REBALANCE,2.001232656899686,2.020010336981167,0.01877768008148109,467624.3324502231,87.80900113066446
2013Q4,2013-10-01,CHRW,REBALANCE,0.33631747797055533,0.3364308154404365,0.00011333746988114249,467624.3324502231,0.5299935869476652
2013Q4,2013-10-01,COST,REBALANCE,2.5930130183245357,2.591274234079351,-0.0017387842451848518,467624.3324502231,-8.130978219295313
2013Q4,2013-10-01,CSCO,REBALANCE,4.046564904491073,4.01299629482991,-0.03356860966116301,467624.3324502231,-156.97498684083465
2013Q4,2013-10-01,CTSH,REBALANCE,1.1158658217591209,1.1051962764406826,-0.010669545318438278,467624.3324502231,-49.89339007082103
2013Q4,2013-10-01,DELL,SELL,0.22890096232280055,0.0,-0.22890096232280055,467624.3324502231,-1070.3965970341328
2013Q4,2013-10-01,DLTR,REBALANCE,0.7154237912992449,0.7200437621602342,0.0046199708609893225,467624.3324502231,21.604107898096142
2013Q4,2013-10-01,EBAY,REBALANCE,0.6050156312686767,0.593048662485303,-0.011966968783373721,467624.3324502231,-55.96045788777795
2013Q4,2013-10-01,EXPD,REBALANCE,0.31778176724511287,0.3157334037141632,-0.0020483635309497244,467624.3324502231,-9.578646287757469
2013Q4,2013-10-01,EXPE,REBALANCE,0.36483031142732036,0.36031167280203824,-0.0045186386252821405,467624.3324502231,-21.130253707313546
2013Q4,2013-10-01,FAST,REBALANCE,0.6654153506523516,0.6787890867694821,0.013373736117130563,467624.3324502231,62.53884424138618
2013Q4,2013-10-01,FFIV,REBALANCE,0.3141426950085709,0.3217727740364324,0.007630079027861475,467624.3324502231,35.6801061194617
2013Q4,2013-10-01,FOSL,REBALANCE,0.44813735574562735,0.44428796473606114,-0.0038493910095661714,467624.3324502231,-18.000689011882713
2013Q4,2013-10-01,FOXA,REBALANCE,0.44047200182611546,0.4402690035378397,-0.0002029982882757568,467624.3324502231,-0.9492693904348872
2013Q4,2013-10-01,GILD,REBALANCE,3.4611899219803726,3.4303181862923657,-0.03087173568800672,467624.3324502231,-144.3637479268387
2013Q4,2013-10-01,GOOGL,REBALANCE,8.245087406175603,8.27504052105557,0.029953114879968656,467624.3324502231,140.06805350550187
2013Q4,2013-10-01,GRMN,REBALANCE,0.3845784190126026,0.39251756899123696,0.00793914997863441,467624.3324502231,37.12539708981119
2013Q4,2013-10-01,INTC,REBALANCE,5.366634541086683,5.419137618171662,0.052503077084979644,467624.3324502231,245.51716373446212
2013Q4,2013-10-01,INTU,REBALANCE,1.0804790872478571,1.046099960829159,-0.034379126418698086,467624.3324502231,-160.7651604176552
2013Q4,2013-10-01,ISRG,REBALANCE,0.9410026441543308,0.9393956878952494,-0.0016069562590812977,467624.3324502231,-7.5145184792959965
2013Q4,2013-10-01,KLAC,REBALANCE,0.3170338785334521,0.32020255582475504,0.0031686772913029106,467624.3324502231,14.817506030957047
2013Q4,2013-10-01,LIFE,SELL,0.03340778897424327,0.0,-0.03340778897424327,467624.3324502231,-156.22295017718434
2013Q4,2013-10-01,MAR,BUY,0.0,0.6329795083775254,0.6329795083775254,467624.3324502231,2959.966200597107
2013Q4,2013-10-01,MAT,REBALANCE,0.642658940738172,0.6441248377164333,0.001465896978261258,467624.3324502231,6.8548909590022
2013Q4,2013-10-01,MCHP,REBALANCE,0.5339703471936948,0.5321422366421292,-0.001828110551565544,467624.3324502231,-8.548689763210467
2013Q4,2013-10-01,MDLZ,REBALANCE,2.0047566218438724,1.932261359944236,-0.07249526189963655,467624.3324502231,-339.00548451621637
2013Q4,2013-10-01,MNST,REBALANCE,0.5461157723994372,0.5496109758596004,0.0034952034601631876,467624.3324502231,16.344421848365204
2013Q4,2013-10-01,MSFT,REBALANCE,9.472806662172498,10.639646285074807,1.1668396229023075,467624.3324502231,5456.425997361616
2013Q4,2013-10-01,MU,REBALANCE,1.2271241478553054,1.2415867178803772,0.014462570025071744,467624.3324502231,67.63049653488781
2013Q4,2013-10-01,NFLX,REBALANCE,1.2674227989673188,1.2517574094236197,-0.015665389543699157,467624.3324502231,-73.25517327945023
2013Q4,2013-10-01,NTAP,REBALANCE,0.3952825739293577,0.39845378254468533,0.0031712086153276066,467624.3324502231,14.829343118029684
2013Q4,2013-10-01,NVDA,REBALANCE,0.5684178085198787,0.5653744436897675,-0.003043364830111143,467624.3324502231,-14.231514470832098
2013Q4,2013-10-01,ORLY,REBALANCE,0.4605435398854035,0.45190078222782354,-0.008642757657579929,467624.3324502231,-40.415637801548684
2013Q4,2013-10-01,PAYX,REBALANCE,0.6280474159754557,0.6150362542458664,-0.013011161729589368,467624.3324502231,-60.84335818201119
2013Q4,2013-10-01,PCAR,REBALANCE,0.7951281055421141,0.787248474581739,-0.007879630960375139,467624.3324502231,-36.847071677995345
2013Q4,2013-10-01,QCOM,REBALANCE,3.2038501728828632,3.2173072691503144,0.013457096267451008,467624.3324502231,62.92865658785166
2013Q4,2013-10-01,REGN,REBALANCE,2.0981716829085157,2.073899458183883,-0.024272224724632488,467624.3324502231,-113.50282883938067
2013Q4,2013-10-01,ROST,REBALANCE,0.6671085639983402,0.6693176566592468,0.002209092660906617,467624.3324502231,10.330254808771437
2013Q4,2013-10-01,SBUX,REBALANCE,2.2129022341105675,2.1929075646624647,-0.019994669448103117,467624.3324502231,-93.49993953232091
2013Q4,2013-10-01,SNDK,REBALANCE,0.3419055370902098,0.3417479646713197,-0.0001575724188901742,467624.3324502231,-0.7368469719608464
2013Q4,2013-10-01,STX,REBALANCE,0.36675164362744683,0.36918668491516565,0.0024350412877188407,467624.3324502231,11.386845566582545
2013Q4,2013-10-01,TXN,REBALANCE,1.6705752637805313,1.6652856424659301,-0.005289621314601145,467624.3324502231,-24.73555636154832
2013Q4,2013-10-01,VRTX,REBALANCE,1.2398403701260439,1.2530915314247004,0.013251161298656437,467624.3324502231,61.965654564744476
2013Q4,2013-10-01,WDC,REBALANCE,0.8825666717982872,0.8773583043709242,-0.005208367427362963,467624.3324502231,-24.355593413760914
2013Q4,2013-10-01,WYNN,REBALANCE,0.8517827833359658,0.8591995701169817,0.007416786781015879,467624.3324502231,34.682699673981894
2013Q4,2013-10-01,XRAY,REBALANCE,0.47852991831680325,0.47828737268582483,-0.00024254563097845724,467624.3324502231,-1.134202387750192
2014Q1,2014-01-02,AAPL,REBALANCE,11.02457361891614,10.78276792689041,-0.24180569202573027,534168.6591662068,-1291.6502228814109
2014Q1,2014-01-02,ADBE,REBALANCE,1.348323081714657,1.365173223625744,0.0168501419110869,534168.6591662068,90.00817711405595
2014Q1,2014-01-02,ADI,REBALANCE,1.0757083065714161,1.0730256815122756,-0.0026826250591405892,534168.6591662068,-14.32974230886795
2014Q1,2014-01-02,ADP,REBALANCE,1.2003833014188618,1.2283779375438382,0.027994636124976414,534168.6591662068,149.53857242724507
2014Q1,2014-01-02,ADSK,REBALANCE,0.5863892569437701,0.6023608315428041,0.015971574599033932,534168.6591662068,85.31514588339003
2014Q1,2014-01-02,AKAM,REBALANCE,0.3902855297680523,0.3918529860592464,0.0015674562911941262,534168.6591662068,8.37286025368802
2014Q1,2014-01-02,AMAT,REBALANCE,0.6697858179263029,0.6886397087976645,0.018853890871361502,534168.6591662068,100.7115760682116
2014Q1,2014-01-02,AMGN,REBALANCE,2.4908141672607615,2.5492429750561336,0.058428807795371865,534168.6591662068,312.108379167338
2014Q1,2014-01-02,AMZN,REBALANCE,11.880798323063368,10.78276792689041,-1.098030396172958,534168.6591662068,-5865.334244474479
2014Q1,2014-01-02,BBBY,REBALANCE,0.1322282713523465,0.12759703742102171,-0.00463123393132476,534168.6591662068,-24.738600193807876
2014Q1,2014-01-02,BIIB,REBALANCE,2.3562597619727654,2.3973656785042117,0.04110591653144653,534168.6591662068,219.5749231740081
2014Q1,2014-01-02,BKNG,REBALANCE,2.033284762811001,2.0137541425897934,-0.01953062022120762,534168.6591662068,-104.32645216246881
2014Q1,2014-01-02,CHRW,REBALANCE,0.2901687319367139,0.2954587044071167,0.005289972470402804,534168.6591662068,28.257375015412126
2014Q1,2014-01-02,COST,REBALANCE,2.350247090901117,2.4048571043832885,0.054610013482171704,534168.6591662068,291.7095767882014
2014Q1,2014-01-02,CSCO,REBALANCE,3.3877156657560725,3.458996061811264,0.07128039605519138,534168.6591662068,380.75753585637756
2014Q1,2014-01-02,CTSH,REBALANCE,1.1897186681900274,1.185995397505747,-0.0037232706842804664,534168.6591662068,-19.88854509134942
2014Q1,2014-01-02,DLTR,REBALANCE,0.6221834273713137,0.6278331540967648,0.005649726725451103,534168.6591662068,30.179069495897
2014Q1,2014-01-02,EBAY,REBALANCE,0.5105164522548439,0.5164599875160285,0.0059435352611846015,534168.6591662068,31.748502611740495
2014Q1,2014-01-02,EXPD,REBALANCE,0.27952257470522784,0.2807063107305569,0.001183736025329096,534168.6591662068,6.323146854567782
2014Q1,2014-01-02,EXPE,REBALANCE,0.42514335215070853,0.42734548833570746,0.002202136184998888,534168.6591662068,11.76312133242242
2014Q1,2014-01-02,FAST,REBALANCE,0.5644310133338056,0.5605301737464071,-0.00390083958739856,534168.6591662068,-20.837062520231484
2014Q1,2014-01-02,FFIV,REBALANCE,0.29826537379902274,0.29050215619090286,-0.0077632176081198455,534168.6591662068,-41.46867540544865
2014Q1,2014-01-02,FOSL,REBALANCE,0.4013208345411102,0.40523789681581157,0.003917062274701351,534168.6591662068,20.92371903147753
2014Q1,2014-01-02,FOXA,REBALANCE,0.38542227318103933,0.39784038782338926,0.012418114642349931,534168.6591662068,66.33367647876302
2014Q1,2014-01-02,GILD,REBALANCE,3.58715179382279,3.7122828735901483,0.12513107976735785,534168.6591662068,668.4110109934921
2014Q1,2014-01-02,GOOGL,REBALANCE,9.268779435026648,9.383812436367668,0.11503300134101946,534168.6591662068,614.4702408619684
2014Q1,2014-01-02,GRMN,REBALANCE,0.35453335176247625,0.34751889228288513,-0.007014459479591116,534168.6591662068,-37.46904414988875
2014Q1,2014-01-02,INTC,REBALANCE,5.4235730276964915,5.583582913639482,0.16000988594299104,534168.6591662068,854.7226622750521
2014Q1,2014-01-02,INTU,REBALANCE,1.0570577680492244,1.0833959154392119,0.026338147389987597,534168.6591662068,140.69012876231605
2014Q1,2014-01-02,ISRG,REBALANCE,0.8394394395995834,0.8662129294802444,0.026773489880660938,534168.6591662068,143.0155919075266
2014Q1,2014-01-02,KLAC,REBALANCE,0.2990479995198213,0.3028146185135378,0.003766618993716539,534168.6591662068,20.12009817463531
2014Q1,2014-01-02,MAR,REBALANCE,0.6525302617048024,0.6606912817601536,0.008161020055351149,534168.6591662068,43.59361140395446
2014Q1,2014-01-02,MAT,REBALANCE,0.6457143589409694,0.6571104427648526,0.011396083823883227,534168.6591662068,60.87430815949403
2014Q1,2014-01-02,MCHP,REBALANCE,0.5216786867510329,0.5313760797747902,0.009697393023757293,534168.6591662068,51.800434289081615
2014Q1,2014-01-02,MDLZ,REBALANCE,1.9080870607523004,1.978111481982442,0.07002442123014152,534168.6591662068,374.0485119739436
2014Q1,2014-01-02,MNST,REBALANCE,0.6240585023932556,0.6305315123364179,0.006473009943162335,534168.6591662068,34.57679042108549
2014Q1,2014-01-02,MSFT,REBALANCE,10.549497181972956,10.78276792689041,0.2332707449174548,534168.6591662068,1246.059210352591
2014Q1,2014-01-02,MU,REBALANCE,1.3532003521327458,1.379961268198059,0.02676091606531334,534168.6591662068,142.9484265266783
2014Q1,2014-01-02,NFLX,REBALANCE,1.3047691690124932,1.2642321675362127,-0.04053700147628042,534168.6591662068,-216.5359572520326
2014Q1,2014-01-02,NTAP,REBALANCE,0.33795688604571605,0.33931703730697105,0.0013601512612549868,534168.6591662068,7.265501754878014
2014Q1,2014-01-02,NVDA,REBALANCE,0.512334235357457,0.5238963852343242,0.011562149876867198,534168.6591662068,61.76138096804875
2014Q1,2014-01-02,ORLY,REBALANCE,0.39907769914426666,0.4120634582604065,0.012985759116139906,534168.6591662068,69.365855353238
2014Q1,2014-01-02,PAYX,REBALANCE,0.6081220718696281,0.6314907619980328,0.023368690128404597,534168.6591662068,124.82821872360458
2014Q1,2014-01-02,PCAR,REBALANCE,0.7468448952933177,0.761214445061911,0.014369549768593337,534168.6591662068,76.7576313271158
2014Q1,2014-01-02,QCOM,REBALANCE,3.121277683232323,3.1734752928131154,0.05219760958079245,534168.6591662068,278.82327121453056
2014Q1,2014-01-02,REGN,REBALANCE,1.5971805663048375,1.6252161033584547,0.02803553705361707,534168.6591662068,149.75705236935138
2014Q1,2014-01-02,ROST,REBALANCE,0.6045048297622786,0.6106016614024687,0.006096831640190186,534168.6591662068,32.56736382402497
2014Q1,2014-01-02,SBUX,REBALANCE,1.961438782373311,1.9882170360171911,0.026778253643880076,534168.6591662068,143.04103843764014
2014Q1,2014-01-02,SNDK,REBALANCE,0.29917454179190867,0.3088137972697556,0.009639255477846952,534168.6591662068,51.48988173962021
2014Q1,2014-01-02,STX,REBALANCE,0.4184895416353404,0.4172414695650105,-0.0012480720703298732,534168.6591662068,-6.666809843509002
2014Q1,2014-01-02,TXN,REBALANCE,1.6005247883511229,1.6172012202100363,0.016676431858913404,534168.6591662068,89.08027245752388
2014Q1,2014-01-02,VRTX,REBALANCE,1.0749952518724353,1.0854327914498971,0.010437539577461998,534168.6591662068,55.75406521087092
2014Q1,2014-01-02,WDC,REBALANCE,1.0201124906330687,1.0272983113514889,0.007185820718420312,534168.6591662068,38.38440218167327
2014Q1,2014-01-02,WYNN,REBALANCE,0.9471476089297114,0.9836184694067033,0.03647086047699182,534168.6591662068,194.8159063963253
2014Q1,2014-01-02,XRAY,REBALANCE,0.46821007632186584,0.47581013470560757,0.007600058383741733,534168.6591662068,40.597129964282104
2014Q2,2014-04-01,AAPL,REBALANCE,10.331581876286396,10.652842116657565,0.3212602403711684,536561.2634753728,1723.758004779561
2014Q2,2014-04-01,ADBE,REBALANCE,1.4920890222093908,1.4478168273667387,-0.04427219484265214,536561.2634753728,-237.54744801601316
2014Q2,2014-04-01,ADI,REBALANCE,1.1227727899927658,1.1312926252763371,0.00851983528357119,536561.2634753728,45.714135843550196
2014Q2,2014-04-01,ADP,REBALANCE,1.176572375456975,1.1439654708241316,-0.032606904632843416,536561.2634753728,-174.9560194781945
2014Q2,2014-04-01,ADSK,REBALANCE,0.5860891868743839,0.5840530763806385,-0.002036110493745455,536561.2634753728,-10.924980190995264
2014Q2,2014-04-01,AKAM,REBALANCE,0.4813066931737723,0.47885753008065235,-0.0024491630931199396,536561.2634753728,-13.14126043701687
2014Q2,2014-04-01,AMAT,REBALANCE,0.7960348534373208,0.7757745938596551,-0.020260259577665682,536561.2634753728,-108.70870477331322
2014Q2,2014-04-01,AMGN,REBALANCE,2.757862758655142,2.6603973012960616,-0.09746545735908052,536561.2634753728,-522.9618894579331
2014Q2,2014-04-01,AMZN,REBALANCE,9.054455468493117,10.191555079323194,1.137099610830078,536561.2634753728,6101.236038843414
2014Q2,2014-04-01,AVGO,BUY,0.0,1.2721896476265904,1.2721896476265904,536561.2634753728,6826.0768471081265
2014Q2,2014-04-01,BBBY,REBALANCE,0.08127485803040714,0.08374867223075443,0.0024738142003472735,536561.2634753728,13.27352872941652
2014Q2,2014-04-01,BIIB,REBALANCE,2.611197187458919,2.5267156581664643,-0.08448152929245445,536561.2634753728,-453.2951609749108
2014Q2,2014-04-01,BKNG,REBALANCE,2.0556353118409985,2.0981860089997504,0.04255069715875179,536561.2634753728,228.31055829257815
2014Q2,2014-04-01,CHRW,REBALANCE,0.26588045432092206,0.25591940954701387,-0.00996104477390819,536561.2634753728,-53.44710769422937
2014Q2,2014-04-01,COST,REBALANCE,2.2525589344401764,2.183627020543113,-0.06893191389706309,536561.2634753728,-369.8619481438378
2014Q2,2014-04-01,CSCO,REBALANCE,3.4683242378134373,3.493493142016483,0.02516890420304549,536561.2634753728,135.0465903947671
2014Q2,2014-04-01,CTSH,REBALANCE,1.1832793157402899,1.1826137134516908,-0.000665602288599243,536561.2634753728,-3.5713640494290955
2014Q2,2014-04-01,DLTR,REBALANCE,0.5780618957931078,0.5570580340947319,-0.021003861698376015,536561.2634753728,-112.69858570742625
2014Q2,2014-04-01,EBAY,REBALANCE,0.517624233116431,0.5117386653366598,-0.005885567779771294,536561.2634753728,-31.579676841840303
2014Q2,2014-04-01,EXPD,REBALANCE,0.25027763598013814,0.24457130511762498,-0.005706330862513152,536561.2634753728,-30.617960973985706
2014Q2,2014-04-01,EXPE,REBALANCE,0.4436634366616743,0.4478550613566813,0.004191624695007012,536561.2634753728,22.490634423675363
2014Q2,2014-04-01,FAST,REBALANCE,0.5823334044825677,0.5738827099924652,-0.00845069449010253,536561.2634753728,-45.34315312853785
2014Q2,2014-04-01,FFIV,REBALANCE,0.3394025572871185,0.34179755425930375,0.0023949969721852402,536561.2634753728,12.850626014154049
2014Q2,2014-04-01,FOSL,SELL,0.39209552176893475,0.0,-0.39209552176893475,536561.2634753728,-2103.8326856337517
2014Q2,2014-04-01,FOXA,REBALANCE,0.3960663599703514,0.3794312594156483,-0.016635100554703106,536561.2634753728,-89.25750571671374
2014Q2,2014-04-01,GILD,REBALANCE,3.487074699213608,3.4665980798306495,-0.02047661938295864,536561.2634753728,-109.86960767824596
2014Q2,2014-04-01,GOOGL,REBALANCE,9.29028759467503,9.124631041020214,-0.16565655365481657,536561.2634753728,-888.8488973200426
2014Q2,2014-04-01,GRMN,REBALANCE,0.41737842664736297,0.4137784014604351,-0.003600025186927848,536561.2634753728,-19.316340628411712
2014Q2,2014-04-01,INTC,REBALANCE,5.579266039034132,5.417686126377121,-0.16157991265701166,536561.2634753728,-866.9752208748656
2014Q2,2014-04-01,INTU,REBALANCE,1.1012062847027393,1.076056595356755,-0.025149689345984293,536561.2634753728,-134.94349091494453
2014Q2,2014-04-01,ISRG,REBALANCE,0.9833910821293167,1.073072446259856,0.08968136413053923,536561.2634753728,481.19546048077103
2014Q2,2014-04-01,KLAC,REBALANCE,0.32564889638168554,0.3213256913849778,-0.00432320499670776,536561.2634753728,-23.19664335296561
2014Q2,2014-04-01,MAR,REBALANCE,0.7490081477176899,0.735014083203956,-0.013994064513733837,536561.2634753728,-75.08672936644906
2014Q2,2014-04-01,MAT,REBALANCE,0.557252500373377,0.5373242349966214,-0.0199282653767556,536561.2634753728,-106.92735249424511
2014Q2,2014-04-01,MCHP,SELL,0.5690286210896295,0.0,-0.5690286210896295,536561.2634753728,-3053.187158855008
2014Q2,2014-04-01,MDLZ,REBALANCE,1.9353801091866252,1.8948846775842743,-0.04049543160235085,536561.2634753728,-217.28279945537912
2014Q2,2014-04-01,MNST,REBALANCE,0.643280872494161,0.6398066001110067,-0.0034742723831543247,536561.2634753728,-18.64159979562879
2014Q2,2014-04-01,MSFT,REBALANCE,11.850151871736362,10.652842116657565,-1.197309755078796,536561.2634753728,-6424.300349564679
2014Q2,2014-04-01,MU,REBALANCE,1.494450268709702,1.485025240665332,-0.00942502804437001,536561.2634753728,-50.57104955777994
2014Q2,2014-04-01,NFLX,REBALANCE,1.2034199708830562,1.211947127053376,0.008527156170319572,536561.2634753728,45.753416885984905
2014Q2,2014-04-01,NTAP,REBALANCE,0.30412508275885675,0.29830952721352566,-0.005815555545331122,536561.2634753728,-31.20401831214078
2014Q2,2014-04-01,NVDA,REBALANCE,0.5857256406184583,0.5902036754129689,0.004478034794510623,536561.2634753728,24.027400072293013
2014Q2,2014-04-01,ORLY,REBALANCE,0.4729503464121936,0.45584020842087253,-0.017110137991321016,536561.2634753728,-91.80637258861182
2014Q2,2014-04-01,PAYX,REBALANCE,0.5931581440602055,0.572824523024715,-0.020333621035490464,536561.2634753728,-109.10233393832182
2014Q2,2014-04-01,PCAR,REBALANCE,0.8666662575161214,0.8442378168293913,-0.022428440686730194,536561.2634753728,-120.3423247265441
2014Q2,2014-04-01,QCOM,REBALANCE,3.3711510536605065,3.321949098048602,-0.0492019556119043,536561.2634753728,-263.9986346858258
2014Q2,2014-04-01,REGN,REBALANCE,1.7651639551623026,1.7322846459756638,-0.032879309186638686,536561.2634753728,-176.41763679380284
2014Q2,2014-04-01,ROST,REBALANCE,0.5822386739074912,0.5731988026096295,-0.009039871297861733,536561.2634753728,-48.5044476523545
2014Q2,2014-04-01,SBUX,REBALANCE,1.8598597947359723,1.8254510819124536,-0.03440871282351862,536561.2634753728,-184.62382427148415
2014Q2,2014-04-01,SNDK,REBALANCE,0.30743675186529995,0.29452416499002654,-0.012912586875273415,536561.2634753728,-69.28393928532219
2014Q2,2014-04-01,STX,REBALANCE,0.4190499905460559,0.4129693071981821,-0.006080683347873834,536561.2634753728,-32.62659139928844
2014Q2,2014-04-01,TRIP,BUY,0.0,0.5462212001714253,0.5462212001714253,536561.2634753728,2930.811373010145
2014Q2,2014-04-01,TSCO,BUY,0.0,0.3470720578581244,0.3470720578581244,536561.2634753728,1862.2542188135294
2014Q2,2014-04-01,TXN,REBALANCE,1.7413304809426857,1.7128779273512786,-0.02845255359140708,536561.2634753728,-152.6653810410614
2014Q2,2014-04-01,VRTX,REBALANCE,1.0285264224419453,1.0077248256988698,-0.02080159674307542,536561.2634753728,-111.61331030769747
2014Q2,2014-04-01,WDC,REBALANCE,1.1230094524221788,1.1121677099537355,-0.0108417424684433,536561.2634753728,-58.17259037142544
2014Q2,2014-04-01,WYNN,REBALANCE,1.1264418416140098,1.082768478108852,-0.043673363505157894,536561.2634753728,-234.33435102546756
2014Q2,2014-04-01,XRAY,SELL,0.4505003528598224,0.0,-0.4505003528598224,536561.2634753728,-2417.2103852656755
2014Q3,2014-07-01,AAPL,REBALANCE,12.124525125921888,10.781177299666638,-1.3433478262552505,574551.7174610904,-7718.228007225767
2014Q3,2014-07-01,ADBE,REBALANCE,1.4882390127749558,1.517418161214614,0.02917914843965832,574551.7174610904,167.64929850057783
2014Q3,2014-07-01,ADI,REBALANCE,1.0825329462285194,1.0869960121919051,0.004463065963385832,574551.7174610904,25.642622144054656
2014Q3,2014-07-01,ADP,REBALANCE,1.1029237555898395,1.1296159933943999,0.026692237804560454,574551.7174610904,153.36071073490055
2014Q3,2014-07-01,ADSK,REBALANCE,0.6252865071767458,0.6307123478523784,0.005425840675632541,574551.7174610904,31.174260788549194
2014Q3,2014-07-01,AKAM,REBALANCE,0.4690895165418547,0.46848846982850184,-0.0006010467133528777,574551.7174610904,-3.4533242143123957
2014Q3,2014-07-01,AMAT,REBALANCE,0.8040455423055046,0.8108918710016183,0.0068463286961136655,574551.7174610904,39.335699106552546
2014Q3,2014-07-01,AMGN,REBALANCE,2.397463197727683,2.416052668029597,0.018589470301914185,574551.7174610904,106.8061208865673
2014Q3,2014-07-01,AMZN,REBALANCE,9.18972810479095,9.347582427034617,0.1578543222436682,574551.7174610904,906.9547195375596
2014Q3,2014-07-01,AVGO,REBALANCE,1.334823095183621,1.3758949219085768,0.04107182672495567,574551.7174610904,235.97888584087593
2014Q3,2014-07-01,BBBY,REBALANCE,0.06260854082978407,0.06395566775740327,0.001347126927619209,574551.7174610904,7.739940899016986
2014Q3,2014-07-01,BIIB,REBALANCE,2.4324696234695193,2.506785146075284,0.07431552260576471,574551.7174610904,426.981111471606
2014Q3,2014-07-01,BKNG,REBALANCE,1.977714692965817,1.9785040271367171,0.0007893341709003243,574551.7174610904,4.535133035415072
2014Q3,2014-07-01,CHRW,REBALANCE,0.2927185989899295,0.2967493911346809,0.004030792144751405,574551.7174610904,23.15898549495592
2014Q3,2014-07-01,COST,REBALANCE,2.1092240725248383,2.139341874575388,0.030117802050549577,574551.7174610904,173.0423489429641
2014Q3,2014-07-01,CSCO,REBALANCE,3.647009074582304,3.5897794962016762,-0.05722957838062773,574551.7174610904,-328.8135254816375
2014Q3,2014-07-01,CTSH,REBALANCE,1.06753030018207,1.0787640372273146,0.011233737045244531,574551.7174610904,64.5436291285152
2014Q3,2014-07-01,DLTR,REBALANCE,0.5429554332306259,0.5468148055010099,0.003859372270384031,574551.7174610904,22.17408966270853
2014Q3,2014-07-01,EBAY,REBALANCE,0.43308747831516575,0.4364493985273992,0.003361920212233485,574551.7174610904,19.315970319059026
2014Q3,2014-07-01,EXPD,REBALANCE,0.25629247539943845,0.26125636367226024,0.0049638882728218064,574551.7174610904,28.520105324347348
2014Q3,2014-07-01,EXPE,REBALANCE,0.45528337897420107,0.4520413953215896,-0.003241983652611455,574551.7174610904,-18.626872755886904
2014Q3,2014-07-01,FAST,REBALANCE,0.5406770552401758,0.5397135399231375,-0.000963515317038352,574551.7174610904,-5.535893802044522
2014Q3,2014-07-01,FFIV,REBALANCE,0.3335960153175171,0.33095368910622003,-0.0026423262112970896,574551.7174610904,-15.18153062793199
2014Q3,2014-07-01,FOXA,REBALANCE,0.35434254178850233,0.35910833192760777,0.004765790139105424,574551.7174610904,27.381929094821505
2014Q3,2014-07-01,GILD,REBALANCE,3.7879076212995932,3.7999694020749506,0.012061780775357578,574551.7174610904,69.30116860120859
2014Q3,2014-07-01,GOOGL,REBALANCE,8.93156984537469,8.992838848112768,0.06126900273807634,574551.7174610904,352.0221075029001
2014Q3,2014-07-01,GRMN,REBALANCE,0.42928597970465204,0.43300412963416096,0.0037181499295089494,574551.7174610904,21.362694277771993
2014Q3,2014-07-01,INTC,REBALANCE,6.109286333700266,6.164490745935644,0.05520441223537745,574551.7174610904,317.17789861266147
2014Q3,2014-07-01,INTU,REBALANCE,1.0437562253799764,1.051946621277829,0.008190395897852629,574551.7174610904,47.058060297974976
2014Q3,2014-07-01,ISRG,REBALANCE,0.9421961951265011,0.8363655892582132,-0.10583060586828782,574551.7174610904,-608.0515636157252
2014Q3,2014-07-01,KLAC,REBALANCE,0.3175382105693392,0.31964554129741113,0.002107330728071989,574551.7174610904,12.107704890722914
2014Q3,2014-07-01,MAR,REBALANCE,0.7880941839207299,0.7929157437541365,0.004821559833406534,574551.7174610904,27.702354831251334
2014Q3,2014-07-01,MAT,REBALANCE,0.4923895914819142,0.5039021897332521,0.01151259825133786,574551.7174610904,66.14583097745714
2014Q3,2014-07-01,MDLZ,REBALANCE,1.9336135317059415,1.9578669952285508,0.024253463522609306,574551.7174610904,139.34869121295085
2014Q3,2014-07-01,MNST,REBALANCE,0.6110946322382341,0.5977818643523,-0.013312767885934138,574551.7174610904,-76.48873653024309
2014Q3,2014-07-01,MSFT,REBALANCE,10.192177604540046,10.781177299666638,0.5889996951265921,574551.7174610904,3384.107864190422
2014Q3,2014-07-01,MU,REBALANCE,1.93136626954192,1.9541069202203623,0.02274065067844229,574551.7174610904,130.65679903481728
2014Q3,2014-07-01,NFLX,REBALANCE,1.4165721538619849,1.48800755388066,0.07143540001867521,574551.7174610904,410.4333176824985
2014Q3,2014-07-01,NTAP,REBALANCE,0.2768599013074992,0.27960803558540637,0.0027481342779071827,574551.7174610904,15.789452691852654
2014Q3,2014-07-01,NVDA,REBALANCE,0.573194213049626,0.5641730781183487,-0.009021134931277378,574551.7174610904,-51.83108568213653
2014Q3,2014-07-01,ORLY,REBALANCE,0.43203919486621684,0.43766425483569815,0.005625059969481278,574551.7174610904,32.31887866287097
2014Q3,2014-07-01,PAYX,REBALANCE,0.5264437683717483,0.5421139593492157,0.015670190977467354,574551.7174610904,90.03335139047151
2014Q3,2014-07-01,PCAR,REBALANCE,0.7371329558306925,0.7504208685693645,0.01328791273867199,574551.7174610904,76.34593085477094
2014Q3,2014-07-01,QCOM,REBALANCE,3.132021161409473,3.145920578584217,0.013899417174743911,574551.7174610904,79.85934009457291
2014Q3,2014-07-01,REGN,REBALANCE,1.521792472042339,1.6208552859685637,0.09906281392622462,574551.7174610904,569.1670987784078
2014Q3,2014-07-01,ROST,REBALANCE,0.49605449810681573,0.4964646912901387,0.000410193183322978,574551.7174610904,2.3567719796904893
2014Q3,2014-07-01,SBUX,REBALANCE,1.804291645928407,1.8293936318153254,0.025101985886918227,574551.7174610904,144.2238910301292
2014Q3,2014-07-01,SNDK,REBALANCE,0.27504966618045124,0.27874899333499153,0.0036993271545403272,574551.7174610904,21.254547700915936
2014Q3,2014-07-01,STX,REBALANCE,0.39361124083007226,0.40727552042902054,0.013664279598948285,574551.7174610904,78.50835311444277
2014Q3,2014-07-01,TRIP,REBALANCE,0.6118545639478489,0.5897888306108496,-0.022065733336999217,574551.7174610904,-126.77904985811338
2014Q3,2014-07-01,TSCO,REBALANCE,0.27787024430458607,0.2804498387363863,0.0025795944318002598,574551.7174610904,14.82110411143905
2014Q3,2014-07-01,TXN,REBALANCE,1.6315503058051244,1.6646541968927793,0.033103891087655005,574551.7174610904,190.19897479057067
2014Q3,2014-07-01,VRTX,REBALANCE,1.259934991912595,1.2719756011790306,0.01204060926643536,574551.7174610904,69.17952733308357
2014Q3,2014-07-01,WDC,REBALANCE,1.048687461374238,1.067663669026018,0.018976207651779688,574551.7174610904,109.02812697228305
2014Q3,2014-07-01,WYNN,REBALANCE,0.9505972464625506,0.9537621812140179,0.00316493475146732,574551.7174610904,18.184186971078383
2014Q4,2014-10-01,AAPL,REBALANCE,11.098436849432813,10.714930788999952,-0.3835060604328616,608103.3367603682,-2332.113150170466
2014Q4,2014-10-01,ADBE,REBALANCE,1.3708874556247566,1.2609519936035458,-0.10993546202121077,608103.3367603682,-668.52121283391
2014Q4,2014-10-01,ADI,REBALANCE,0.9469497716263077,0.8705024292153718,-0.07644734241093587,608103.3367603682,-464.8788400655251
2014Q4,2014-10-01,ADP,REBALANCE,1.1249050803238274,1.0329884709512047,-0.09191660937262272,608103.3367603682,-558.9479686319121
2014Q4,2014-10-01,ADSK,REBALANCE,0.5823841962482611,0.551981949684815,-0.03040224656344617,608103.3367603682,-184.8770758024305
2014Q4,2014-10-01,AKAM,REBALANCE,0.4335059035979954,0.39768818101765513,-0.03581772258034023,608103.3367603682,-217.80876616262083
2014Q4,2014-10-01,AMAT,REBALANCE,0.7375518199947124,0.6768280465196641,-0.06072377347504836,608103.3367603682,-369.26329270857644
2014Q4,2014-10-01,AMGN,REBALANCE,2.721791426697877,2.516268299579601,-0.20552312711827647,608103.3367603682,-1249.7929938204925
2014Q4,2014-10-01,AMZN,REBALANCE,8.768204365965302,8.019641684377032,-0.748562681588269,608103.3367603682,-4552.034644481154
2014Q4,2014-10-01,AVGO,REBALANCE,1.5750171438956462,1.4333257730414404,-0.14169137085420572,608103.3367603682,-861.6299540659328
2014Q4,2014-10-01,BBBY,REBALANCE,0.06460359093328921,0.057380495586063104,-0.0072230953472261165,608103.3367603682,-43.92388382386492
2014Q4,2014-10-01,BIIB,REBALANCE,2.484904704321193,2.243211373896818,-0.24169333042437546,608103.3367603682,-1469.7452070378895
2014Q4,2014-10-01,BKNG,REBALANCE,1.8003175769327135,1.6217270193953466,-0.17859055753736697,608103.3367603682,-1086.0151395236737
2014Q4,2014-10-01,CHRW,REBALANCE,0.29299646723843903,0.27493840418438265,-0.018058063054056342,608103.3367603682,-109.81168398600785
2014Q4,2014-10-01,COST,REBALANCE,2.206303228123421,2.083187479218451,-0.12311574890497036,608103.3367603682,-748.6709771686412
2014Q4,2014-10-01,CSCO,REBALANCE,3.4880001188854646,3.2674995317134408,-0.22050058717202406,608103.3367603682,-1340.8714281692828
2014Q4,2014-10-01,CTSH,REBALANCE,0.9329702950888183,0.8633779715047841,-0.06959232358403414,608103.3367603682,-423.19324184358425
2014Q4,2014-10-01,DLTR,REBALANCE,0.5319182972751769,0.49904868234122046,-0.03286961493395649,608103.3367603682,-199.88122519367369
2014Q4,2014-10-01,EBAY,REBALANCE,0.4664889803538915,0.4305630345833758,-0.03592594577051574,608103.3367603682,-218.4668749932266
2014Q4,2014-10-01,EXPD,REBALANCE,0.226830563015716,0.20943865158178518,-0.017391911433930825,608103.3367603682,-105.76079375614134
2014Q4,2014-10-01,EXPE,REBALANCE,0.47612881809784846,0.42705065414647475,-0.04907816395137371,608103.3367603682,-298.4459526090277
2014Q4,2014-10-01,FAST,REBALANCE,0.4652293374610804,0.44034930241227105,-0.024880035048809382,608103.3367603682,-151.29632331895894
2014Q4,2014-10-01,FFIV,REBALANCE,0.33317690615140727,0.3102489808505357,-0.02292792530087153,608103.3367603682,-139.42547880452446
2014Q4,2014-10-01,FOXA,REBALANCE,0.33929481453396454,0.32258194458419465,-0.016712869949769924,608103.3367603682,-101.63151983297178
2014Q4,2014-10-01,GILD,REBALANCE,4.60967796547029,4.225902367053594,-0.38377559841669545,608103.3367603682,-2333.752219643996
2014Q4,2014-10-01,GOOG,BUY,0.0,7.255314371577919,7.255314371577919,608103.3367603682,44119.808786019865
2014Q4,2014-10-01,GOOGL,REBALANCE,8.551017252410283,7.9161650137126855,-0.6348522386975974,608103.3367603682,-3860.5576470179876
2014Q4,2014-10-01,GRMN,REBALANCE,0.35240398312397125,0.3278469909851531,-0.024556992138818165,608103.3367603682,-149.33188860413455
2014Q4,2014-10-01,INTC,REBALANCE,6.606909884553196,6.115906065858788,-0.49100381869440834,608103.3367603682,-2985.8106051015257
2014Q4,2014-10-01,INTU,REBALANCE,1.0843185839473528,0.9989041642941324,-0.0854144196532203,608103.3367603682,-519.4079359857365
2014Q4,2014-10-01,ISRG,REBALANCE,0.8862051915536646,0.8553703490036764,-0.03083484254998818,608103.3367603682,-187.50770643128394
2014Q4,2014-10-01,KLAC,REBALANCE,0.32979800943430193,0.3028450369870779,-0.026952972447224055,608103.3367603682,-163.90192480767217
2014Q4,2014-10-01,MAR,REBALANCE,0.8193771539576125,0.7504987665106935,-0.06887838744691899,608103.3367603682,-418.85177237144893
2014Q4,2014-10-01,MAT,REBALANCE,0.3785650056673211,0.3533344602761279,-0.02523054539119319,608103.3367603682,-153.42778840668507
2014Q4,2014-10-01,MDLZ,REBALANCE,1.6928750819201654,1.5741841318454433,-0.11869095007472213,608103.3367603682,-721.763627836968
2014Q4,2014-10-01,MNST,REBALANCE,0.728920026569337,0.6930811346418289,-0.03583889192750808,608103.3367603682,-217.9374976691189
2014Q4,2014-10-01,MSFT,REBALANCE,11.395392538988792,10.714930788999952,-0.6804617499888408,608103.3367603682,-4137.910607060135
2014Q4,2014-10-01,MU,REBALANCE,1.9196942010954545,1.7305510135147604,-0.18914318758069398,608103.3367603682,-1150.1860349331225
2014Q4,2014-10-01,NFLX,REBALANCE,1.4396676244279918,1.2397478453019841,-0.19991977912600778,608103.3367603682,-1215.7188477092113
2014Q4,2014-10-01,NTAP,REBALANCE,0.3121508915578791,0.2848127212584282,-0.027338170299450903,608103.3367603682,-166.24432580019288
2014Q4,2014-10-01,NVDA,REBALANCE,0.5328044060124973,0.49599944636559257,-0.036804959646904736,608103.3367603682,-223.81218770613475
2014Q4,2014-10-01,ORLY,REBALANCE,0.41285749478147066,0.3877762739255357,-0.02508122085593495,608103.3367603682,-152.51974092517779
2014Q4,2014-10-01,PAYX,REBALANCE,0.5497286167477521,0.5071809946816886,-0.04254762206606349,608103.3367603682,-258.73350949592276
2014Q4,2014-10-01,PCAR,REBALANCE,0.644169187372972,0.599216336689467,-0.04495285068350499,608103.3367603682,-273.3597849752998
2014Q4,2014-10-01,QCOM,REBALANCE,2.821614554223042,2.6330764700889038,-0.18853808413413845,608103.3367603682,-1146.5063806837663
2014Q4,2014-10-01,REGN,REBALANCE,1.9545778984001254,1.7065990335999905,-0.24797886480013506,608103.3367603682,-1507.9677513101035
2014Q4,2014-10-01,ROST,REBALANCE,0.5375221207681034,0.5040827629971999,-0.03343935777090348,608103.3367603682,-203.34585039610153
2014Q4,2014-10-01,SBUX,REBALANCE,1.6912418066737818,1.575570247703395,-0.11567155897038682,608103.3367603682,-703.4026097816593
2014Q4,2014-10-01,SNDK,REBALANCE,0.2633692387125993,0.250396285260836,-0.012972953451763315,608103.3367603682,-78.88896281654208
2014Q4,2014-10-01,STX,REBALANCE,0.39078039452567537,0.34482263428671767,-0.04595776023895771,608103.3367603682,-279.4706735134316
2014Q4,2014-10-01,TRIP,REBALANCE,0.4688347302640018,0.434929924471501,-0.03390480579250083,608103.3367603682,-206.17625534632015
2014Q4,2014-10-01,TSCO,REBALANCE,0.2705473546064449,0.24956031054996874,-0.020987044056476178,608103.3367603682,-127.62291519480017
2014Q4,2014-10-01,TXN,REBALANCE,1.5795246887622536,1.4549039443952319,-0.12462074436702178,608103.3367603682,-757.8229047914681
2014Q4,2014-10-01,VRTX,REBALANCE,1.4255770288230334,1.2784935617968363,-0.14708346702619698,608103.3367603682,-894.4194708091399
2014Q4,2014-10-01,WDC,REBALANCE,1.0636202741892489,0.9642485910361206,-0.09937168315312835,608103.3367603682,-604.2825210491142
2014Q4,2014-10-01,WYNN,REBALANCE,0.8174590950271893,0.7480368139050121,-0.06942228112217724,608103.3367603682,-422.159207959123
2015Q1,2015-01-02,AAL,BUY,0.0,1.4240370478321822,1.4240370478321822,625227.4857778565,8903.471030706365
2015Q1,2015-01-02,AAPL,REBALANCE,11.46708918394567,10.616905328702957,-0.850183855242713,625227.4857778565,-5315.583142623265
2015Q1,2015-01-02,ADBE,REBALANCE,1.288632035954375,1.2120827817452233,-0.07654925420915171,625227.4857778565,-478.60697747357926
2015Q1,2015-01-02,ADI,REBALANCE,0.9562283556489948,0.9053472613873691,-0.050881094261625605,625227.4857778565,-318.122586388223
2015Q1,2015-01-02,ADP,REBALANCE,1.1549812175303693,1.0873969857697128,-0.06758423176065655,625227.4857778565,-422.5551930194325
2015Q1,2015-01-02,ADSK,REBALANCE,0.5851914223467223,0.5298267216140174,-0.05536470073270478,625227.4857778565,-346.15532639952465
2015Q1,2015-01-02,AKAM,REBALANCE,0.40723541902779714,0.387612830492409,-0.019622588535388133,625227.4857778565,-122.68581694434114
2015Q1,2015-01-02,AMAT,REBALANCE,0.7625127071732022,0.7265816039099736,-0.0359311032632286,625227.4857778565,-224.6511335449295
2015Q1,2015-01-02,AMGN,REBALANCE,2.7860472859966063,2.6109512949043916,-0.17509599109221502,625227.4857778565,-1094.7482628036755
2015Q1,2015-01-02,AMZN,REBALANCE,7.507530949040507,6.994643271704732,-0.5128876773357743,625227.4857778565,-3206.7147298709074
2015Q1,2015-01-02,AVGO,REBALANCE,1.6176497831367511,1.5105920374235757,-0.10705774571317539,625227.4857778565,-669.3544518529376
2015Q1,2015-01-02,BBBY,REBALANCE,0.08033703847044356,0.07397961080033301,-0.006357427670110554,625227.4857778565,-39.74838518197799
2015Q1,2015-01-02,BIIB,REBALANCE,2.238755807405046,2.1283891644440507,-0.11036664296099549,625227.4857778565,-690.0425869224558
2015Q1,2015-01-02,BKNG,REBALANCE,1.552300692827507,1.4610681330797979,-0.09123255974770907,625227.4857778565,-570.4110395213822
2015Q1,2015-01-02,CHRW,REBALANCE,0.30356969234105124,0.2809743792927445,-0.02259531304830676,625227.4857778565,-141.2721076755643
2015Q1,2015-01-02,CMCSA,BUY,0.0,3.060615109408978,3.060615109408978,625227.4857778565,19135.80689789495
2015Q1,2015-01-02,COST,REBALANCE,2.2977182642404914,2.1275988398199868,-0.17011942442050482,625227.4857778565,-1063.6334001240832
2015Q1,2015-01-02,CSCO,REBALANCE,3.512599372458651,3.256970575615359,-0.25562879684329215,625227.4857778565,-1598.2614994275002
2015Q1,2015-01-02,CTSH,REBALANCE,0.9877203932680678,0.9197950738035506,-0.06792531946451727,625227.4857778565,-424.68776709457836
2015Q1,2015-01-02,DLTR,REBALANCE,0.6092575638912379,0.5698712107784433,-0.03938635311279458,625227.4857778565,-246.25430530671412
2015Q1,2015-01-02,EA,BUY,0.0,0.48076353037724284,0.48076353037724284,625227.4857778565,3005.865733514497
2015Q1,2015-01-02,EBAY,REBALANCE,0.414999062525424,0.39163987124539784,-0.02335919128002616,625227.4857778565,-146.04808433814787
2015Q1,2015-01-02,EQIX,BUY,0.0,0.7201775361973548,0.7201775361973548,625227.4857778565,4502.747902703634
2015Q1,2015-01-02,EXPD,REBALANCE,0.225519878403647,0.21158858009246395,-0.01393129831118306,625227.4857778565,-87.10230616722284
2015Q1,2015-01-02,EXPE,SELL,0.40548049102864897,0.0,-0.40548049102864897,625227.4857778565,-2535.1754793781292
2015Q1,2015-01-02,FAST,REBALANCE,0.4563403726473735,0.4232468285728631,-0.03309354407451037,625227.4857778565,-206.909933571848
2015Q1,2015-01-02,FFIV,SELL,0.3315609060725786,0.0,-0.3315609060725786,625227.4857778565,-2073.0099168598636
2015Q1,2015-01-02,FOXA,REBALANCE,0.313746854292957,0.2895051972143665,-0.024241657078590516,625227.4857778565,-151.56550306336126
2015Q1,2015-01-02,GILD,REBALANCE,3.6394914730730408,3.4089839118747225,-0.2305075611983183,625227.4857778565,-1441.1966294080996
2015Q1,2015-01-02,GOOG,REBALANCE,6.433758879962524,6.013397055984512,-0.4203618239780126,625227.4857778565,-2628.217663227667
2015Q1,2015-01-02,GOOGL,REBALANCE,6.94369410057345,6.490635434086976,-0.4530586664864736,625227.4857778565,-2832.647309572063
2015Q1,2015-01-02,GRMN,REBALANCE,0.32687553787568224,0.3060794724355695,-0.020796065440112713,625227.4857778565,-130.02271709193445
2015Q1,2015-01-02,HSIC,BUY,0.0,0.2576779016460126,0.2576779016460126,625227.4857778565,1611.0730658665027
2015Q1,2015-01-02,INTC,REBALANCE,6.240175721380617,5.910009925173442,-0.3301657962071748,625227.4857778565,-2064.287306524561
2015Q1,2015-01-02,INTU,REBALANCE,1.024975495610626,0.9567950758986816,-0.06818041971194452,625227.4857778565,-426.28272395778083
2015Q1,2015-01-02,ISRG,REBALANCE,0.9528558408404558,0.8717816521128164,-0.08107418872763933,625227.4857778565,-506.8981117966137
2015Q1,2015-01-02,KLAC,REBALANCE,0.32908145669203476,0.3124082210895688,-0.016673235602465957,625227.4857778565,-104.24565175511636
2015Q1,2015-01-02,LRCX,BUY,0.0,0.3579620109751595,0.3579620109751595,625227.4857778565,2238.0768812598444
2015Q1,2015-01-02,MAR,REBALANCE,0.8169597087217314,0.7728018063264723,-0.04415790239525909,625227.4857778565,-276.0873429181183
2015Q1,2015-01-02,MAT,REBALANCE,0.35126501624551704,0.32108812677570897,-0.03017688946980808,625227.4857778565,-188.6742073180438
2015Q1,2015-01-02,MDLZ,REBALANCE,1.6295772027029962,1.546167176131014,-0.0834100265719822,625227.4857778565,-521.5024120226464
2015Q1,2015-01-02,MNST,REBALANCE,0.7967555234792041,0.7431466941543176,-0.05360882932488659,625227.4857778565,-335.17713574293066
2015Q1,2015-01-02,MSFT,REBALANCE,10.507550159546964,10.616905328702957,0.10935516915599325,625227.4857778565,683.7185746821386
2015Q1,2015-01-02,MU,REBALANCE,1.7199999006207563,1.6110559120945511,-0.10894398852620522,625227.4857778565,-681.1477603685095
2015Q1,2015-01-02,NFLX,REBALANCE,0.9129635337644832,0.8847770322804702,-0.028186501484013006,625227.4857778565,-176.22975455723275
2015Q1,2015-01-02,NTAP,REBALANCE,0.268386615705868,0.2574789419361234,-0.010907673769744615,625227.4857778565,-68.197774467425
2015Q1,2015-01-02,NVDA,REBALANCE,0.5264686617557286,0.49253451249114044,-0.033934149264588154,625227.4857778565,-212.1656282670895
2015Q1,2015-01-02,ORLY,REBALANCE,0.4831584884748422,0.44738416572269163,-0.035774322752150575,625227.4857778565,-223.67089869732675
2015Q1,2015-01-02,PAYX,REBALANCE,0.5195680866746224,0.4881014332575669,-0.03146665341705558,625227.4857778565,-196.73816601788857
2015Q1,2015-01-02,PCAR,REBALANCE,0.7096361896788901,0.6639750910475624,-0.04566109863132772,625227.4857778565,-285.4857389511976
2015Q1,2015-01-02,QCOM,REBALANCE,2.560771446132295,2.3897697367030757,-0.171001709429219,625227.4857778565,-1069.1496885014617
2015Q1,2015-01-02,REGN,REBALANCE,1.8888176076381533,1.7665551149361125,-0.12226249270204069,625227.4857778565,-764.4187091703044
2015Q1,2015-01-02,ROST,REBALANCE,0.6128023862408918,0.5666989840239253,-0.04610340221696653,625227.4857778565,-288.2511425391924
2015Q1,2015-01-02,SBUX,REBALANCE,1.6731275974664765,1.5498330117360701,-0.12329458573040637,625227.4857778565,-770.8716384624437
2015Q1,2015-01-02,SNDK,REBALANCE,0.2435382641408956,0.22472127520845414,-0.018816988932441464,625227.4857778565,-117.64898680140129
2015Q1,2015-01-02,STX,REBALANCE,0.3927569362958737,0.37410036653986156,-0.018656569756012174,625227.4857778565,-116.6460020179069
2015Q1,2015-01-02,TRIP,REBALANCE,0.34546609219793417,0.3253431707008558,-0.020122921497078405,625227.4857778565,-125.81403614123512
2015Q1,2015-01-02,TSCO,REBALANCE,0.31170730748690106,0.2903622681606338,-0.021345039326267246,625227.4857778565,-133.4550527179154
2015Q1,2015-01-02,TXN,REBALANCE,1.5977609100150905,1.500063450664736,-0.09769745935035469,625227.4857778565,-610.831368765066
2015Q1,2015-01-02,VRTX,REBALANCE,1.3153335687522674,1.3166482099992403,0.001314641246972885,625227.4857778565,8.21949841544723
2015Q1,2015-01-02,WDC,REBALANCE,1.074984246144359,1.0139874512478115,-0.06099679489654751,625227.4857778565,-381.3687271367599
2015Q1,2015-01-02,WYNN,REBALANCE,0.586731291094427,0.5486092685695116,-0.03812202252491534,625227.4857778565,-238.3493629601963
2015Q2,2015-04-01,AAL,REBALANCE,1.3608561360677633,1.2956463859672465,-0.06520975010051687,645189.9271397209,-420.7267391615189
2015Q2,2015-04-01,AAPL,REBALANCE,11.643772631328009,10.598551786328262,-1.0452208449997475,645189.9271397209,-6743.659608303045
2015Q2,2015-04-01,ADBE,REBALANCE,1.1946146415357124,1.2206771215430634,0.026062480007351015,645189.9271397209,168.15249577023232
2015Q2,2015-04-01,ADI,REBALANCE,1.0022609782569267,0.9965067619975522,-0.005754216259374646,645189.9271397209,-37.12562369132125
2015Q2,2015-04-01,ADP,REBALANCE,1.088709354044686,1.0864945856495178,-0.0022147683951681887,645189.9271397209,-14.289462595099202
2015Q2,2015-04-01,ADSK,REBALANCE,0.5012945242515251,0.5073556840935708,0.006061159842045676,645189.9271397209,39.10599276871652
2015Q2,2015-04-01,AKAM,REBALANCE,0.42388496795365393,0.4181530690904662,-0.005731898863187753,645189.9271397209,-36.98163409912355
2015Q2,2015-04-01,AMAT,REBALANCE,0.6400718235638118,0.6351512534662903,-0.0049205700975215455,645189.9271397209,-31.74702262705815
2015Q2,2015-04-01,AMGN,REBALANCE,2.5525042406474854,2.5028075461158132,-0.04969669453167222,645189.9271397209,-320.6380672397456
2015Q2,2015-04-01,AMZN,REBALANCE,8.126882215138236,8.14647365339732,0.019591438259083938,645189.9271397209,126.40198622940706
2015Q2,2015-04-01,AVGO,REBALANCE,1.853353512473282,1.8454853344541653,-0.00786817801911692,645189.9271397209,-50.76469202876399
2015Q2,2015-04-01,BBBY,REBALANCE,0.07154295391055446,0.0733183985994768,0.001775444688922336,645189.9271397209,11.454990294864064
2015Q2,2015-04-01,BIIB,REBALANCE,2.565577019853172,2.499158454361865,-0.06641856549130694,645189.9271397209,-428.525894300611
2015Q2,2015-04-01,BKNG,REBALANCE,1.4455898793563373,1.4272789255863725,-0.01831095376996477,645189.9271397209,-118.14042928702368
2015Q2,2015-04-01,CHRW,REBALANCE,0.26757078410873497,0.2672043836243279,-0.0003664004844070902,645189.9271397209,-2.3639790183856895
2015Q2,2015-04-01,CMCSA,REBALANCE,2.9115655175929165,2.9801634216809156,0.06859790408799936,645189.9271397209,442.5867674047387
2015Q2,2015-04-01,COST,REBALANCE,2.2820562304095833,2.2686025505012872,-0.013453679908296406,645189.9271397209,-86.80178759794885
2015Q2,2015-04-01,CSCO,REBALANCE,3.1688426466315374,3.143442838812743,-0.025399807818794057,645189.9271397209,-163.8770015597065
2015Q2,2015-04-01,CTSH,REBALANCE,1.0560286097628055,1.0504125626692233,-0.005616047093582113,645189.9271397209,-36.23417015121485
2015Q2,2015-04-01,DLTR,REBALANCE,0.6367463845163166,0.6391220164758211,0.002375631959504465,645189.9271397209,15.327338108634782
2015Q2,2015-04-01,EA,REBALANCE,0.5828066280589567,0.5701907783311297,-0.012615849727826839,645189.9271397209,-81.39619166702266
2015Q2,2015-04-01,EBAY,REBALANCE,0.39007211883905996,0.3862941819941912,-0.003777936844868773,645189.9271397209,-24.374867976793507
2015Q2,2015-04-01,EQIX,REBALANCE,0.7219131799289625,0.7255150533483089,0.003601873419346348,645189.9271397209,23.238924489945674
2015Q2,2015-04-01,EXPD,REBALANCE,0.22145082742093006,0.22124172879131296,-0.00020909862961712017,645189.9271397209,-1.3490832960768524
2015Q2,2015-04-01,FOXA,REBALANCE,0.2805477874963205,0.28095512328488337,0.0004073357885628955,645189.9271397209,2.6280894774429533
2015Q2,2015-04-01,GILD,REBALANCE,3.4391380841495143,3.406253508836393,-0.03288457531312114,645189.9271397209,-212.16796750293292
2015Q2,2015-04-01,GOOG,REBALANCE,6.066456005503778,6.033178015529293,-0.03327798997448603,645189.9271397209,-214.70623926995003
2015Q2,2015-04-01,GOOGL,REBALANCE,6.5747539416195435,6.536129752408022,-0.038624189211521054,645189.9271397209,-249.1993782321206
2015Q2,2015-04-01,GRMN,REBALANCE,0.2694079818341147,0.2685150322738394,-0.0008929495602752816,645189.9271397209,-5.761220617334547
2015Q2,2015-04-01,HSIC,REBALANCE,0.2560693699507303,0.2525896694438992,-0.003479700506831083,645189.9271397209,-22.45067716470396
2015Q2,2015-04-01,INTC,REBALANCE,4.970310884413212,4.894863031776918,-0.07544785263629353,645189.9271397209,-486.78194545258617
2015Q2,2015-04-01,INTU,REBALANCE,0.9779414805491579,0.9972350304336263,0.01929354988446843,645189.9271397209,124.48004044226757
2015Q2,2015-04-01,ISRG,REBALANCE,0.806619989656444,0.8153692542842669,0.008749264627822863,645189.9271397209,56.4493740775117
2015Q2,2015-04-01,KLAC,REBALANCE,0.25292771752970444,0.25105551576849455,-0.0018722017612098941,645189.9271397209,-12.079257179058688
2015Q2,2015-04-01,LRCX,REBALANCE,0.30779092077190867,0.30789880762956345,0.00010788685765473344,645189.9271397209,0.6960751382959091
2015Q2,2015-04-01,MAR,REBALANCE,0.7727481607721797,0.7767540002055294,0.004005839433349721,645189.9271397209,25.845272521363274
2015Q2,2015-04-01,MAT,REBALANCE,0.232925383506924,0.23932315665563036,0.006397773148706385,645189.9271397209,41.27778791670335
2015Q2,2015-04-01,MDLZ,REBALANCE,1.4948218397827415,1.4868764678234108,-0.007945371959330698,645189.9271397209,-51.262739555385544
2015Q2,2015-04-01,MNST,REBALANCE,0.9198822657709801,0.9111672306513925,-0.008715035119587558,645189.9271397209,-56.228528738268054
2015Q2,2015-04-01,MSFT,REBALANCE,9.070052176475278,10.575439237753205,1.505387061277927,645189.9271397209,9712.605683829841
2015Q2,2015-04-01,MU,REBALANCE,1.2098146980540496,1.220636249047053,0.010821550993003401,645189.9271397209,69.81955696714638
2015Q2,2015-04-01,NFLX,REBALANCE,1.0458436786747085,1.016576038058789,-0.029267640615919695,645189.9271397209,-188.83186916536764
2015Q2,2015-04-01,NTAP,REBALANCE,0.2143461116554025,0.21345555208180825,-0.0008905595735942372,645189.9271397209,-5.745800664008468
2015Q2,2015-04-01,NVDA,REBALANCE,0.5001622502321079,0.5008048908052831,0.0006426405731752363,645189.9271397209,4.146252245839592
2015Q2,2015-04-01,ORLY,REBALANCE,0.4867049416498787,0.48658114273166964,-0.00012379891820906916,645189.9271397209,-0.798738150192856
2015Q2,2015-04-01,PAYX,REBALANCE,0.512498080130923,0.5112255397162877,-0.0012725404146353425,645189.9271397209,-8.210302574009269
2015Q2,2015-04-01,PCAR,REBALANCE,0.5994453946648834,0.5873170772365378,-0.01212831742834564,645189.9271397209,-78.25068237921731
2015Q2,2015-04-01,QCOM,REBALANCE,2.1729468532197798,2.1803931877431437,0.007446334523363712,645189.9271397209,48.04300028587022
2015Q2,2015-04-01,REGN,REBALANCE,1.8839424067757353,1.8440399785509234,-0.03990242822481185,645189.9271397209,-257.446447590643
2015Q2,2015-04-01,ROST,REBALANCE,0.6152100013384615,0.611706570780649,-0.0035034305578124196,645189.9271397209,-22.603781063340666
2015Q2,2015-04-01,SBUX,REBALANCE,1.739759479482265,1.7241949944543304,-0.015564485027934685,645189.9271397209,-100.42048961140456
2015Q2,2015-04-01,SNDK,REBALANCE,0.2177683066477088,0.2180844910158122,0.0003161843681034112,645189.9271397209,2.0399896941935856
2015Q2,2015-04-01,STX,REBALANCE,0.2862005156282218,0.287368235266894,0.0011677196386721857,645189.9271397209,7.534009485945287
2015Q2,2015-04-01,TRIP,REBALANCE,0.35121320704981623,0.34853992423774915,-0.0026732828120670793,645189.9271397209,-17.247751427414272
2015Q2,2015-04-01,TSCO,REBALANCE,0.3042277824250268,0.3063309135321711,0.002103131107144326,645189.9271397209,13.56919005783728
2015Q2,2015-04-01,TXN,REBALANCE,1.5644851771288688,1.548659907479746,-0.01582526964912269,645189.9271397209,-102.10304571883904
2015Q2,2015-04-01,VRTX,REBALANCE,1.266996364088991,1.2088239153144034,-0.05817244877458754,645189.9271397209,-375.32277986415284
2015Q2,2015-04-01,WDC,REBALANCE,0.8122085642342258,0.8273817494894026,0.015173185255176747,645189.9271397209,97.89586289264972
2015Q2,2015-04-01,WYNN,REBALANCE,0.4542732813260482,0.45944339486465047,0.005170113538602219,645189.9271397209,33.3570517727485
2015Q3,2015-07-01,AAL,REBALANCE,0.9591960762524152,0.9493605070659984,-0.009835569186416801,660837.5186432347,-64.99713135595537
2015Q3,2015-07-01,AAPL,REBALANCE,10.474328246978445,10.597943977489512,0.12361573051106745,660837.5186432347,816.8991261620462
2015Q3,2015-07-01,ADBE,REBALANCE,1.3057284732155439,1.2511121134406973,-0.054616359774846586,660837.5186432347,-360.925396709358
2015Q3,2015-07-01,ADI,REBALANCE,0.9972555240316011,0.9834444306558485,-0.013811093375752648,660837.5186432347,-91.26888676182396
2015Q3,2015-07-01,ADP,REBALANCE,0.9996479486868187,0.9856937729032798,-0.01395417578353899,660837.5186432347,-92.21442899505422
2015Q3,2015-07-01,ADSK,REBALANCE,0.4230345085741324,0.4137343256673918,-0.009300182906740555,660837.5186432347,-61.459097950186546
2015Q3,2015-07-01,AKAM,REBALANCE,0.4011842889709881,0.3978362923874371,-0.003347996583550998,660837.5186432347,-22.12481754699869
2015Q3,2015-07-01,AMAT,REBALANCE,0.5309341313660498,0.5287318398934662,-0.0022022914725836756,660837.5186432347,-14.553568320713516
2015Q3,2015-07-01,AMGN,REBALANCE,2.3583505135912426,2.3587902284414866,0.0004397148502442716,660837.5186432347,2.90580070546006
2015Q3,2015-07-01,AMZN,REBALANCE,9.278604638379413,9.148087457921477,-0.13051718045793692,660837.5186432347,-862.5064967413432
2015Q3,2015-07-01,AVGO,REBALANCE,1.8915433123008984,1.8974938973233664,0.005950585022468022,660837.5186432347,39.32369840723365
2015Q3,2015-07-01,BBBY,REBALANCE,0.06661709037515394,0.0654672998001402,-0.0011497905750137397,660837.5186432347,-7.5982475055145775
2015Q3,2015-07-01,BIIB,REBALANCE,2.3342328689913794,2.3274796883156177,-0.006753180675761472,660837.5186432347,-44.627551607196544
2015Q3,2015-07-01,BKNG,REBALANCE,1.3781855527498474,1.357659198324329,-0.0205263544255185,660837.5186432347,-135.64585125351226
2015Q3,2015-07-01,CHRW,REBALANCE,0.2236698670971289,0.22107251031759728,-0.002597356779531629,660837.5186432347,-17.16430809216865
2015Q3,2015-07-01,CMCSA,REBALANCE,3.1113885196985067,3.103287551512748,-0.008100968185759116,660837.5186432347,-53.53423714484842
2015Q3,2015-07-01,COST,REBALANCE,1.9799386428156338,1.9645306167694325,-0.015408026046201395,660837.5186432347,-101.82201699562061
2015Q3,2015-07-01,CSCO,REBALANCE,3.061208622326657,3.022240405763433,-0.03896821656322359,660837.5186432347,-257.5165953959288
2015Q3,2015-07-01,CTSH,REBALANCE,1.004171343881084,1.0007795623882232,-0.0033917814928606863,660837.5186432347,-22.414164655221022
2015Q3,2015-07-01,DLTR,REBALANCE,0.6073796469360083,0.5986577051780242,-0.008721941757984172,660837.5186432347,-57.63786349097073
2015Q3,2015-07-01,EA,REBALANCE,0.629375402750729,0.6434646442396044,0.014089241488875366,660837.5186432347,93.10699385073711
2015Q3,2015-07-01,EBAY,REBALANCE,0.39388622413964136,0.38842322236824023,-0.00546300177140112,660837.5186432347,-36.101565349563124
2015Q3,2015-07-01,EQIX,SELL,0.777574210271009,0.0,-0.777574210271009,660837.5186432347,-5138.502116764665
2015Q3,2015-07-01,EXPD,REBALANCE,0.2083190869772602,0.2050287380915907,-0.0032903488856695067,660837.5186432347,-21.743859930763694
2015Q3,2015-07-01,FAST,REBALANCE,0.3597338213066959,0.35187227277774635,-0.007861548528949542,660837.5186432347,-51.95206222564387
2015Q3,2015-07-01,FOX,BUY,0.0,0.3026118544268809,0.3026118544268809,660837.5186432347,1999.7726699148773
2015Q3,2015-07-01,FOXA,REBALANCE,0.27430254852035274,0.2670764414430718,-0.00722610707728096,660837.5186432347,-47.75282670400667
2015Q3,2015-07-01,GILD,REBALANCE,3.9821824696189925,3.857963212995967,-0.12421925662302533,660837.5186432347,-820.8874531446726
2015Q3,2015-07-01,GOOG,REBALANCE,5.610198654153639,5.531273471915419,-0.07892518223821948,660837.5186432347,-521.5672158877006
2015Q3,2015-07-01,GOOGL,REBALANCE,6.2127126146072635,6.143264289967906,-0.06944832463935818,660837.5186432347,-458.94058528603284
2015Q3,2015-07-01,GRMN,REBALANCE,0.24506706987372168,0.24133092159980954,-0.0037361482739121325,660837.5186432347,-24.68986954615298
2015Q3,2015-07-01,HSIC,REBALANCE,0.25102445837420106,0.2505699702773554,-0.0004544880968456594,660837.5186432347,-3.003427861723717
2015Q3,2015-07-01,INTC,REBALANCE,4.682673124170831,4.590880084483275,-0.09179303968755645,660837.5186432347,-606.6028457584478
2015Q3,2015-07-01,INTU,REBALANCE,1.0144852720404998,0.9887499459195654,-0.025735326120934245,660837.5186432347,-170.0686905523261
2015Q3,2015-07-01,ISRG,REBALANCE,0.7637017920499496,0.7434463710777013,-0.020255420972248306,660837.5186432347,-133.85542134374708
2015Q3,2015-07-01,KHC,BUY,0.0,2.0472018638469063,2.0472018638469063,660837.5186432347,13528.677998663949
2015Q3,2015-07-01,KLAC,REBALANCE,0.23838889147692888,0.23669665302379025,-0.0016922384531386277,660837.5186432347,-11.182946603247967
2015Q3,2015-07-01,LRCX,REBALANCE,0.34941238646753453,0.3439570628469583,-0.0054553236205762135,660837.5186432347,-36.05082524817412
2015Q3,2015-07-01,MAR,REBALANCE,0.7045492498649389,0.6914357599126436,-0.013113489952295328,660837.5186432347,-86.65886160827836
2015Q3,2015-07-01,MAT,REBALANCE,0.2665920845001785,0.26348451003090645,-0.003107574469272045,660837.5186432347,-20.536018012728054
2015Q3,2015-07-01,MDLZ,REBALANCE,1.6608630780439666,1.6261224959639549,-0.03474058208001174,660837.5186432347,-229.57880057976584
2015Q3,2015-07-01,MNST,REBALANCE,0.861438891082395,0.8525294642882273,-0.008909426794167716,660837.5186432347,-58.87683495191343
2015Q3,2015-07-01,MSFT,REBALANCE,11.2841347816938,10.597943977489512,-0.6861908042042884,660837.5186432347,-4534.606283661676
2015Q3,2015-07-01,MU,REBALANCE,0.8275805992358007,0.8032130740790006,-0.02436752515680013,660837.5186432347,-161.02974860096398
2015Q3,2015-07-01,NFLX,REBALANCE,1.5647516142095943,1.5332107688596865,-0.03154084534990782,660837.5186432347,-208.43373976943096
2015Q3,2015-07-01,NTAP,REBALANCE,0.1863392468882475,0.18258123743828863,-0.003758009449958844,660837.5186432347,-24.8343363994863
2015Q3,2015-07-01,NVDA,REBALANCE,0.4719651984744751,0.4643837425780212,-0.007581455896453915,660837.5186432347,-50.10110502315726
2015Q3,2015-07-01,ORLY,REBALANCE,0.4964575528157179,0.4962314219789282,-0.0002261308367897119,660837.5186432347,-1.494357410728315
2015Q3,2015-07-01,PAYX,REBALANCE,0.4752448112239991,0.46810154841632357,-0.007143262807675528,660837.5186432347,-47.20536068840802
2015Q3,2015-07-01,PCAR,REBALANCE,0.5814091694009454,0.5823196258058045,0.000910456404859105,660837.5186432347,6.016637514199313
2015Q3,2015-07-01,QCOM,REBALANCE,1.936102682770983,1.890770947043921,-0.0453317357270621,660837.5186432347,-299.5691175366259
2015Q3,2015-07-01,REGN,REBALANCE,2.0342559508793028,2.0125242886110155,-0.021731662268287266,660837.5186432347,-143.61097769367768
2015Q3,2015-07-01,ROST,REBALANCE,0.5524079829531839,0.5535259975458704,0.0011180145926864733,660837.5186432347,7.388259892378558
2015Q3,2015-07-01,SBUX,REBALANCE,1.9123421001259318,1.905138063552949,-0.007204036572982728,660837.5186432347,-47.60697653105018
2015Q3,2015-07-01,SNDK,REBALANCE,0.21292059379085848,0.2073115062413974,-0.0056090875494610795,660837.5186432347,-37.06695498038522
2015Q3,2015-07-01,STX,REBALANCE,0.2585024633842313,0.25323151873036376,-0.005270944653867514,660837.5186432347,-34.832379859676315
2015Q3,2015-07-01,TRIP,REBALANCE,0.35653016962604644,0.34967138107629847,-0.006858788549747976,660837.5186432347,-45.325448061140825
2015Q3,2015-07-01,TSCO,REBALANCE,0.31696947286998656,0.31278870359146976,-0.004180769278516782,660837.5186432347,-27.628091960348968
2015Q3,2015-07-01,TXN,REBALANCE,1.3702075372299403,1.3599270180795915,-0.010280519150348763,660837.5186432347,-67.93752765680732
2015Q3,2015-07-01,VRTX,REBALANCE,1.2353242839043348,1.2454368706215904,0.01011258671725565,660837.5186432347,66.82776713295759
2015Q3,2015-07-01,WDC,REBALANCE,0.7003159557200157,0.680713499229217,-0.019602456490798708,660837.5186432347,-129.5403870669139
2015Q3,2015-07-01,WYNN,REBALANCE,0.353156682372593,0.36018817313030405,0.007031490757711039,660837.5186432347,46.466729046886016
2015Q4,2015-10-01,AAL,REBALANCE,0.931283415670314,0.9533959133668409,0.022112497696526873,656471.1243047251,145.1621622402464
2015Q4,2015-10-01,AAPL,REBALANCE,9.424016856574386,10.444154505703414,1.0201376491290284,656471.1243047251,6696.909094693125
2015Q4,2015-10-01,ADBE,REBALANCE,1.2782450754024948,1.2837883433768917,0.005543267974397054,656471.1243047251,36.3899535947481
2015Q4,2015-10-01,ADI,REBALANCE,0.8769273459367001,0.8364294646568688,-0.04049788127983116,656471.1243047251,-265.8568965573004
2015Q4,2015-10-01,ADP,REBALANCE,1.0001244621497005,0.9836656190211304,-0.01645884312857001,656471.1243047251,-108.04755253367453
2015Q4,2015-10-01,ADSK,REBALANCE,0.36708666176105753,0.3512634251817347,-0.01582323657932285,656471.1243047251,-103.87497907367724
2015Q4,2015-10-01,AKAM,REBALANCE,0.39612310891594305,0.3866247697743022,-0.009498339141640827,656471.1243047251,-62.35385375340531
2015Q4,2015-10-01,AMAT,REBALANCE,0.40920489092328594,0.39658979368788944,-0.012615097235396493,656471.1243047251,-82.81447065334164
2015Q4,2015-10-01,AMGN,REBALANCE,2.1493335553551325,2.1262662707675326,-0.023067284587599893,656471.1243047251,-151.4300624787876
2015Q4,2015-10-01,AMZN,REBALANCE,10.859409870278238,10.444154505703414,-0.4152553645748236,656471.1243047251,-2726.0315605600294
2015Q4,2015-10-01,AVGO,SELL,1.8019420263946442,0.0,-1.8019420263946442,656471.1243047251,-11829.229079992267
2015Q4,2015-10-01,BBBY,REBALANCE,0.05017262724391282,0.048864774422803035,-0.0013078528211097826,656471.1243047251,-8.585676118990454
2015Q4,2015-10-01,BIIB,REBALANCE,1.6925763441204549,1.6356961924717017,-0.056880151648753055,656471.1243047251,-373.4017710348018
2015Q4,2015-10-01,BKNG,REBALANCE,1.4681668221898727,1.4595893097283026,-0.008577512461570118,656471.1243047251,-56.30889249384725
2015Q4,2015-10-01,CHRW,REBALANCE,0.2431689826365067,0.23976833118696714,-0.003400651449539556,656471.1243047251,-22.324294804477255
2015Q4,2015-10-01,CMCSA,REBALANCE,2.954590365550418,2.838218321473818,-0.11637204407660001,656471.1243047251,-763.9488661260464
2015Q4,2015-10-01,COST,REBALANCE,2.1226670901702342,2.069064695663936,-0.05360239450629828,656471.1243047251,-351.8842418697505
2015Q4,2015-10-01,CSCO,REBALANCE,2.9306959829761228,2.8423350852835743,-0.0883608976925486,656471.1243047251,-580.0637785280217
2015Q4,2015-10-01,CTSH,REBALANCE,1.0325023667060178,1.0108354708312224,-0.0216668958747954,656471.1243047251,-142.23691495120346
2015Q4,2015-10-01,DLTR,REBALANCE,0.5085701564465538,0.4997870688934724,-0.00878308755308142,656471.1243047251,-57.65843360838196
2015Q4,2015-10-01,EA,REBALANCE,0.6599199678723161,0.6306098325625638,-0.02931013530975239,656471.1243047251,-192.41257480316773
2015Q4,2015-10-01,EBAY,REBALANCE,0.3769180067843713,0.37726644378106367,0.0003484369966923629,656471.1243047251,2.2873882696799726
2015Q4,2015-10-01,EXPD,REBALANCE,0.2105999432285595,0.2097363034306746,-0.0008636397978848895,656471.1243047251,-5.6695458911179895
2015Q4,2015-10-01,FAST,REBALANCE,0.30958352731765904,0.2958052658598504,-0.01377826145780867,656471.1243047251,-90.45030790172117
2015Q4,2015-10-01,FOX,REBALANCE,0.3046246203186558,0.30009691673755146,-0.004527703581104318,656471.1243047251,-29.72306660406082
2015Q4,2015-10-01,FOXA,REBALANCE,0.26885285021215743,0.2648568304176238,-0.003996019794533625,656471.1243047251,-26.232716072614252
2015Q4,2015-10-01,GILD,REBALANCE,3.269855547570687,3.2536136061497016,-0.016241941420985784,656471.1243047251,-106.62365545526022
2015Q4,2015-10-01,GOOG,REBALANCE,6.508465187397791,6.4255552178270445,-0.08290996957074637,656471.1243047251,-544.2800094017841
2015Q4,2015-10-01,GOOGL,REBALANCE,7.310125408491179,7.198965417871227,-0.1111599906199523,656471.1243047251,-729.7332401998278
2015Q4,2015-10-01,GRMN,REBALANCE,0.20124178432977957,0.19513261890781844,-0.006109165421961109,656471.1243047251,-40.10490693118359
2015Q4,2015-10-01,HSIC,REBALANCE,0.2355533318643865,0.2310017616825067,-0.004551570181879827,656471.1243047251,-29.87974394650512
2015Q4,2015-10-01,ILMN,BUY,0.0,0.8922723637625843,0.8922723637625843,656471.1243047251,5857.510418252584
2015Q4,2015-10-01,INTC,REBALANCE,4.616916643309144,4.563168638502516,-0.053748004806628,656471.1243047251,-352.84013144542854
2015Q4,2015-10-01,INTU,REBALANCE,0.8787234722961932,0.8594857456004199,-0.019237726695773248,656471.1243047251,-126.29012073041288
2015Q4,2015-10-01,ISRG,REBALANCE,0.7098981893498413,0.6913326705607818,-0.018565518789059356,656471.1243047251,-121.87726992754294
2015Q4,2015-10-01,KHC,REBALANCE,2.0076345184803612,1.9848008003415507,-0.022833718138810452,656471.1243047251,-149.89676618642093
2015Q4,2015-10-01,KLAC,REBALANCE,0.21403604095538933,0.20703180398591292,-0.007004236969476415,656471.1243047251,-45.98079318248902
2015Q4,2015-10-01,LRCX,REBALANCE,0.27922739084372955,0.2682955316053162,-0.010931859238413324,656471.1243047251,-71.76449924982191
2015Q4,2015-10-01,MAR,REBALANCE,0.6403122779778625,0.6432725704525909,0.0029602924747284057,656471.1243047251,19.433465291557734
2015Q4,2015-10-01,MAT,REBALANCE,0.22115632914726982,0.2000822987999851,-0.021074030347284715,656471.1243047251,-138.34492395713895
2015Q4,2015-10-01,MDLZ,REBALANCE,1.6726280316795104,1.6423848775425396,-0.030243154136970832,656471.1243047251,-198.5375739881834
2015Q4,2015-10-01,MNST,REBALANCE,0.8653718408598206,0.8435584951246519,-0.02181334573516866,656471.1243047251,-143.1983159961385
2015Q4,2015-10-01,MSFT,REBALANCE,10.76553881326587,10.444154505703414,-0.3213843075624556,656471.1243047251,-2109.795177194208
2015Q4,2015-10-01,MU,REBALANCE,0.6428959762551861,0.6264568594103193,-0.016439116844866805,656471.1243047251,-107.91805517726456
2015Q4,2015-10-01,NFLX,REBALANCE,1.6981865108983956,1.7209166619056793,0.022730151007283733,656471.1243047251,149.2168778736773
2015Q4,2015-10-01,NTAP,REBALANCE,0.17336877397005945,0.1685544339639307,-0.004814340006128776,656471.1243047251,-31.604751966085743
2015Q4,2015-10-01,NVDA,REBALANCE,0.5754193291114157,0.5479267062390657,-0.02749262287235002,656471.1243047251,-180.4811304709742
2015Q4,2015-10-01,ORLY,REBALANCE,0.5526286054739518,0.5366777887706554,-0.015950816703296303,656471.1243047251,-104.71250574791513
2015Q4,2015-10-01,PAYX,REBALANCE,0.48309761688014685,0.4766411801687312,-0.006456436711415638,656471.1243047251,-42.38464266945326
2015Q4,2015-10-01,PCAR,REBALANCE,0.4810944716478815,0.4653724321355625,-0.015722039512318983,656471.1243047251,-103.21064955015355
2015Q4,2015-10-01,PYPL,BUY,0.0,1.0616508883139526,1.0616508883139526,656471.1243047251,6969.431522705707
2015Q4,2015-10-01,QCOM,REBALANCE,1.646630955951844,1.5986598388354283,-0.04797111711641565,656471.1243047251,-314.9165318756702
2015Q4,2015-10-01,REGN,REBALANCE,1.8472386826321001,1.8636412617685645,0.016402579136464215,656471.1243047251,107.6781956721189
2015Q4,2015-10-01,ROST,REBALANCE,0.5569872961207258,0.5332468644409241,-0.023740431679801673,656471.1243047251,-155.84907876318917
2015Q4,2015-10-01,SBUX,REBALANCE,2.038583486760446,2.020720951340214,-0.017862535420232195,656471.1243047251,-117.26238710252804
2015Q4,2015-10-01,SNDK,REBALANCE,0.20869039977326329,0.20558858787963796,-0.003101811893625305,656471.1243047251,-20.362499411899723
2015Q4,2015-10-01,STX,REBALANCE,0.24298251831268544,0.2286685151731357,-0.014314003139549768,656471.1243047251,-93.967297343216
2015Q4,2015-10-01,SWKS,BUY,0.0,0.38324132391828986,0.38324132391828986,656471.1243047251,2515.868627926711
2015Q4,2015-10-01,TRIP,REBALANCE,0.25456576589697655,0.25590403654131316,0.0013382706443365762,656471.1243047251,8.78536034511641
2015Q4,2015-10-01,TSCO,REBALANCE,0.29583206475952356,0.2943198604516714,-0.0015122043078521444,656471.1243047251,-9.927184621541459
2015Q4,2015-10-01,TXN,REBALANCE,1.3250802247372608,1.2670769090755987,-0.05800331566166231,656471.1243047251,-380.7750184581333
2015Q4,2015-10-01,VRSK,BUY,0.0,0.3754588762000608,0.3754588762000608,656471.1243047251,2464.779105892425
2015Q4,2015-10-01,VRTX,REBALANCE,1.057357185079396,1.0495150868421235,-0.007842098237272402,656471.1243047251,-51.48111046730316
2015Q4,2015-10-01,WDC,REBALANCE,0.6991935908210968,0.6666904364414781,-0.03250315437961868,656471.1243047251,-213.37382299038327
2015Q4,2015-10-01,WYNN,REBALANCE,0.1961748111007929,0.18009811895817437,-0.016076692142618546,656471.1243047251,-105.53884165965738
2016Q1,2016-01-04,AAL,REBALANCE,0.9212171564783368,0.8955856045254706,-0.025631551952866143,742588.7573171356,-190.3370231278847
2016Q1,2016-01-04,AAPL,REBALANCE,8.848782047654806,10.478350490385708,1.6295684427309012,742588.7573171356,12100.992048507598
2016Q1,2016-01-04,ADBE,REBALANCE,1.2966828723098116,1.266221496723066,-0.030461375586745415,742588.7573171356,-226.2027504313181
2016Q1,2016-01-04,ADI,REBALANCE,0.7298833692713665,0.7492803256704188,0.019396956399052312,742588.7573171356,144.03961748106917
2016Q1,2016-01-04,ADP,REBALANCE,0.9224345280548703,0.9019179259152086,-0.02051660213966168,742588.7573171356,-152.35398087261453
2016Q1,2016-01-04,ADSK,REBALANCE,0.428646268482466,0.44105932988146596,0.012413061398999954,742588.7573171356,92.1779983878468
2016Q1,2016-01-04,AKAM,REBALANCE,0.26047362410877534,0.2634098654516623,0.002936241342886949,742588.7573171356,21.80419809997617
2016Q1,2016-01-04,AMAT,REBALANCE,0.4481115215766715,0.4510122686610989,0.0029007470844273457,742588.7573171356,21.54062172716207
2016Q1,2016-01-04,AMGN,REBALANCE,2.217132404216939,2.167279856356059,-0.04985254786087981,742588.7573171356,-370.1994156510376
2016Q1,2016-01-04,AMZN,REBALANCE,12.191016202846688,10.478350490385708,-1.7126657124609812,742588.7573171356,-12718.063031160667
2016Q1,2016-01-04,AVGO,BUY,0.0,1.7857094809097023,1.7857094809097023,742588.7573171356,13260.47784358163
2016Q1,2016-01-04,BIIB,REBALANCE,1.5180554215466147,1.5065520158565802,-0.011503405690034552,742588.7573171356,-85.42299736277624
2016Q1,2016-01-04,BKNG,REBALANCE,1.3300579924079987,1.309150447340979,-0.02090754506701986,742588.7573171356,-155.25707909870286
2016Q1,2016-01-04,CHRW,SELL,0.19533696123984512,0.0,-0.19533696123984512,742588.7573171356,-1450.5503130520208
2016Q1,2016-01-04,CMCSA,REBALANCE,2.4998636865682715,2.492192974138675,-0.007670712429596466,742588.7573171356,-56.96184810831145
2016Q1,2016-01-04,COST,REBALANCE,2.048597323251893,2.056229013069843,0.007631689817950288,742588.7573171356,56.67207058141541
2016Q1,2016-01-04,CSCO,REBALANCE,2.6207851375574824,2.640766026170548,0.019980888613065767,742588.7573171356,148.37583245268613
2016Q1,2016-01-04,CSX,BUY,0.0,0.473779212835895,0.473779212835895,742588.7573171356,3518.23116902498
2016Q1,2016-01-04,CTSH,REBALANCE,0.8566433328871566,0.8341378131376722,-0.022505519749484344,742588.7573171356,-167.12345943545833
2016Q1,2016-01-04,DLTR,REBALANCE,0.5118194012065977,0.5245702173855435,0.012750816178945697,742588.7573171356,94.68612741102513
2016Q1,2016-01-04,EA,REBALANCE,0.5654600264737906,0.5571186371653986,-0.008341389308391938,742588.7573171356,-61.942219208172105
2016Q1,2016-01-04,EBAY,REBALANCE,0.37499974725801555,0.3595229407074171,-0.015476806550598432,742588.7573171356,-114.92902543646593
2016Q1,2016-01-04,EXPD,SELL,0.17903962661186767,0.0,-0.17903962661186767,742588.7573171356,-1329.5281383623078
2016Q1,2016-01-04,EXPE,BUY,0.0,0.45315034482095345,0.45315034482095345,742588.7573171356,3365.0435143842333
2016Q1,2016-01-04,FAST,REBALANCE,0.293707277501551,0.302983343483674,0.009276065982122966,742588.7573171356,68.88302310456449
2016Q1,2016-01-04,FOX,REBALANCE,0.2652948329608869,0.26953577168266296,0.004240938721776066,742588.7573171356,31.492734152618098
2016Q1,2016-01-04,FOXA,REBALANCE,0.23414152117278692,0.23788445062389915,0.003742929451112237,742588.7573171356,27.794573298271445
2016Q1,2016-01-04,GILD,REBALANCE,2.9769696680478765,2.9271235504717756,-0.04984611757610086,742588.7573171356,-370.15166507920566
2016Q1,2016-01-04,GOOG,REBALANCE,7.085124114517494,7.003713825215884,-0.08141028930160887,742588.7573171356,-604.5436556531023
2016Q1,2016-01-04,GOOGL,REBALANCE,7.756218827522952,7.64862523177727,-0.10759359574568222,742588.7573171356,-798.977945600684
2016Q1,2016-01-04,GRMN,SELL,0.18119471177959887,0.0,-0.18119471177959887,742588.7573171356,-1345.5315585284886
2016Q1,2016-01-04,HSIC,REBALANCE,0.2434025956749836,0.24023339771462993,-0.0031691979603536667,742588.7573171356,-23.5341077507103
2016Q1,2016-01-04,ILMN,REBALANCE,0.8611613581041113,0.9241065533286319,0.06294519522452059,742588.7573171356,467.4239430086124
2016Q1,2016-01-04,INTC,REBALANCE,4.643315953807341,4.676272612536561,0.032956658729220434,742588.7573171356,244.7324425105673
2016Q1,2016-01-04,INTU,REBALANCE,0.8288997059727672,0.8226295567183498,-0.006270149254417393,742588.7573171356,-46.561423430307755
2016Q1,2016-01-04,ISRG,REBALANCE,0.7262950746897041,0.7460770678325415,0.019781993142837292,742588.7573171356,146.8988570519564
2016Q1,2016-01-04,KHC,REBALANCE,1.8383165165314237,1.859574692308175,0.02125817577675118,742588.7573171356,157.86082332886892
2016Q1,2016-01-04,KLAC,SELL,0.25584077389301646,0.0,-0.25584077389301646,742588.7573171356,-1899.8448235626938
2016Q1,2016-01-04,LRCX,REBALANCE,0.28945322223198094,0.2917978212712189,0.0023445990392379195,742588.7573171356,17.410728869546368
2016Q1,2016-01-04,MAR,REBALANCE,0.5609022677136732,0.5406175967527822,-0.020284670960891114,742588.7573171356,-150.6316860143512
2016Q1,2016-01-04,MAT,REBALANCE,0.23178473382410364,0.2524900148195691,0.020705280995465467,742588.7573171356,153.75508884324805
2016Q1,2016-01-04,MDLZ,REBALANCE,1.5607957814963829,1.5361392400077711,-0.024656541488611745,742588.7573171356,-183.0967050376659
2016Q1,2016-01-04,MNST,REBALANCE,0.8219932368696354,0.8148999209918765,-0.007093315877758875,742588.7573171356,-52.6741662292287
2016Q1,2016-01-04,MSFT,REBALANCE,11.651529087026569,10.478350490385708,-1.1731785966408614,742588.7573171356,-8711.892361905984
2016Q1,2016-01-04,MU,REBALANCE,0.5234917606978075,0.5458982844027873,0.02240652370497989,742588.7573171356,166.3883259387796
2016Q1,2016-01-04,NFLX,REBALANCE,1.6851751628753167,1.603708983936199,-0.08146617893911752,742588.7573171356,-604.9586858177469
2016Q1,2016-01-04,NTAP,REBALANCE,0.1343245245349355,0.1354962854200444,0.0011717608851088968,742588.7573171356,8.701364595458426
2016Q1,2016-01-04,NVDA,REBALANCE,0.6501386375312662,0.6615910048999942,0.01145236736872805,742588.7573171356,85.04399252683076
2016Q1,2016-01-04,ORLY,REBALANCE,0.4809298403908901,0.47094436053193683,-0.009985479858953296,742588.7573171356,-74.15105079675415
2016Q1,2016-01-04,PAYX,REBALANCE,0.4716908087171057,0.46214130297639555,-0.009549505740710177,742588.7573171356,-70.91355600986823
2016Q1,2016-01-04,PCAR,REBALANCE,0.3868297536094429,0.39488392123997323,0.008054167630530337,742588.7573171356,59.809343319794216
2016Q1,2016-01-04,PYPL,REBALANCE,1.0945505413209569,1.0525838480554197,-0.04196669326553722,742588.7573171356,-311.6399460076468
2016Q1,2016-01-04,QCOM,REBALANCE,1.3278715960599339,1.3665959528196683,0.03872435675973448,742588.7573171356,287.56271964116644
2016Q1,2016-01-04,REGN,REBALANCE,1.9228337282639743,1.8280830753133106,-0.09475065295066372,742588.7573171356,-703.6076962962055
2016Q1,2016-01-04,ROST,REBALANCE,0.524484726589805,0.5452767111802121,0.020791984590407073,742588.7573171356,154.3989399914742
2016Q1,2016-01-04,SBUX,REBALANCE,1.8927435374455428,1.8455198444511383,-0.047223692994404626,742588.7573171356,-350.6778349664085
2016Q1,2016-01-04,SNDK,REBALANCE,0.18174658598006285,0.18465194273138374,0.0029053567513208757,742588.7573171356,21.57485259526319
2016Q1,2016-01-04,STX,REBALANCE,0.16804250439699125,0.17655807559621656,0.00851557119922531,742588.7573171356,63.23567434678312
2016Q1,2016-01-04,SWKS,REBALANCE,0.31017693467631513,0.32286785160667003,0.012690916930354918,742588.7573171356,94.24132232527255
2016Q1,2016-01-04,TRIP,REBALANCE,0.30602743970969165,0.297402251280464,-0.008625188429227642,742588.7573171356,-64.04967957286291
2016Q1,2016-01-04,TSCO,REBALANCE,0.26440752337886375,0.2581458903126914,-0.006261633066172341,742588.7573171356,-46.49818317384804
2016Q1,2016-01-04,TXN,REBALANCE,1.2479110939862634,1.2850131110427705,0.03710201705650722,742588.7573171356,275.5154073995086
2016Q1,2016-01-04,VRSK,REBALANCE,0.34525481073904846,0.32488347467157985,-0.020371336067468618,742588.7573171356,-151.27525135231267
2016Q1,2016-01-04,VRTX,REBALANCE,1.1210437872255423,1.0802985326004515,-0.04074525462509082,742588.7573171356,-302.56967998616466
2016Q1,2016-01-04,WDC,REBALANCE,0.44924309246326694,0.4682204800926942,0.018977387629427224,742588.7573171356,140.92394696861945
2016Q1,2016-01-04,WYNN,SELL,0.20878847431964687,0.0,-0.20878847431964687,742588.7573171356,-1550.4397368716725
2016Q2,2016-04-01,AAL,REBALANCE,0.8906291344281732,0.8590583195862181,-0.03157081484195506,725067.436310798,-228.90969779699245
2016Q2,2016-04-01,AAPL,REBALANCE,11.172139703864406,10.46220754912684,-0.7099321547375664,725067.436310798,-5147.486873901681
2016Q2,2016-04-01,ADBE,REBALANCE,1.2948871961944255,1.2973664712663857,0.0024792750719601978,725067.436310798,17.9764162033545
2016Q2,2016-04-01,ADI,REBALANCE,0.8278268007177294,0.8104660125844593,-0.01736078813327005,725067.436310798,-125.8774214412504
2016Q2,2016-04-01,ADP,REBALANCE,0.9842211869699731,0.9883784718599646,0.004157284889991578,725067.436310798,30.143118971998113
2016Q2,2016-04-01,ADSK,REBALANCE,0.43229364739658227,0.41836445189726895,-0.01392919549931329,725067.436310798,-100.99606070558994
2016Q2,2016-04-01,AKAM,REBALANCE,0.2848452757894648,0.27535213411036125,-0.00949314167910352,725067.436310798,-68.83167899802774
2016Q2,2016-04-01,AMAT,REBALANCE,0.5268447161550639,0.5207486272810485,-0.006096088874015318,725067.436310798,-44.20075531405066
2016Q2,2016-04-01,AMGN,REBALANCE,2.064353543028371,2.104021151603336,0.03966760857496525,725067.436310798,287.61691254030285
2016Q2,2016-04-01,AMZN,REBALANCE,9.425622320624463,10.46220754912684,1.0365852285023778,725067.436310798,7515.941941478618
2016Q2,2016-04-01,AVGO,REBALANCE,1.9531155736382126,1.9676792935984395,0.014563719960226928,725067.436310798,105.59679094710137
2016Q2,2016-04-01,BBBY,REBALANCE,0.03697812242417994,0.037967323766751965,0.0009892013425720231,725067.436310798,7.172376814538963
2016Q2,2016-04-01,BIIB,REBALANCE,1.3111239611942334,1.3192924158040826,0.008168454609849135,725067.436310798,59.22680442584432
2016Q2,2016-04-01,BKNG,REBALANCE,1.3555197597973625,1.3529416136279766,-0.0025781461693859253,725067.436310798,-18.693298334711574
2016Q2,2016-04-01,CMCSA,REBALANCE,2.775038785417693,2.744222072597083,-0.03081671282060966,725067.436310798,-223.44194960365547
2016Q2,2016-04-01,COST,REBALANCE,2.0603726612336013,2.0251919506742304,-0.035180710559371,725067.436310798,-255.0838761287535
2016Q2,2016-04-01,CSCO,REBALANCE,2.8571206751338183,2.840774667590048,-0.016346007543770538,725067.436310798,-118.5195778367867
2016Q2,2016-04-01,CSX,REBALANCE,0.4850537701794425,0.4695180232783129,-0.015535746901129601,725067.436310798,-112.64464176775465
2016Q2,2016-04-01,CTSH,REBALANCE,0.8924407073791605,0.8969106677526373,0.0044699603734767515,725067.436310798,32.41022708407645
2016Q2,2016-04-01,DLTR,REBALANCE,0.5737029990691928,0.5491160873079204,-0.02458691176127235,725067.436310798,-178.2716907754555
2016Q2,2016-04-01,EA,REBALANCE,0.5489106169754843,0.550184315703498,0.0012736987280137155,725067.436310798,9.235174713532292
2016Q2,2016-04-01,EBAY,REBALANCE,0.31970561628684535,0.3216684765194383,0.001962860232592985,725067.436310798,14.232060366826124
2016Q2,2016-04-01,EXPE,REBALANCE,0.4034879144380753,0.402844602516533,-0.0006433119215423257,725067.436310798,-4.664445257008674
2016Q2,2016-04-01,FAST,REBALANCE,0.37545009869510504,0.3681807875266662,-0.007269311168438828,725067.436310798,-52.70740812645393
2016Q2,2016-04-01,FOX,REBALANCE,0.27604912829177014,0.26690772340322844,-0.009141404888541715,725067.436310798,-66.28135006813937
2016Q2,2016-04-01,FOXA,REBALANCE,0.24363295016072198,0.2355650114738986,-0.00806793868682338,725067.436310798,-58.497996199677345
2016Q2,2016-04-01,GILD,REBALANCE,2.734564712414845,2.7969563605943897,0.062391648179544595,725067.436310798,452.3815239274767
2016Q2,2016-04-01,GOOG,REBALANCE,7.04129351545376,7.0108719661026875,-0.030421549351072885,725067.436310798,-220.5767479658484
2016Q2,2016-04-01,GOOGL,REBALANCE,7.681318025083462,7.676075565448973,-0.00524245963448855,725067.436310798,-38.01136767141456
2016Q2,2016-04-01,HSIC,REBALANCE,0.2684977072472823,0.2649192591135041,-0.003578448133778134,725067.436310798,-25.946162143296714
2016Q2,2016-04-01,ILMN,REBALANCE,0.7993071687134476,0.8423045111163472,0.04299734240289944,725067.436310798,311.7597282424786
2016Q2,2016-04-01,INTC,REBALANCE,4.536915450647017,4.4597841118686565,-0.07713133877835995,725067.436310798,-559.254220672451
2016Q2,2016-04-01,INTU,REBALANCE,0.9109136663887095,0.9064200846247619,-0.004493581763947638,725067.436310798,-32.58149809438467
2016Q2,2016-04-01,ISRG,REBALANCE,0.8409000313621507,0.8185823095067511,-0.022317721855399583,725067.436310798,-161.81853369992044
2016Q2,2016-04-01,KHC,REBALANCE,2.071641910378961,2.0179636120087587,-0.05367829837020256,725067.436310798,-389.2038618480886
2016Q2,2016-04-01,LRCX,REBALANCE,0.31207478652133036,0.30953241110620666,-0.002542375415123723,725067.436310798,-18.43393624383359
2016Q2,2016-04-01,MAR,REBALANCE,0.5900824873426598,0.5517411634437789,-0.038341323898880966,725067.436310798,-278.0004542412355
2016Q2,2016-04-01,MAT,REBALANCE,0.32409019315475174,0.3162963010822897,-0.007793892072462073,725067.436310798,-56.51097343863128
2016Q2,2016-04-01,MDLZ,REBALANCE,1.4137474015710254,1.4387825865005242,0.025035184929498612,725067.436310798,181.52197354398285
2016Q2,2016-04-01,MNST,REBALANCE,0.7473004874819188,0.7535636983788864,0.006263210896967613,725067.436310798,45.41250268138161
2016Q2,2016-04-01,MSFT,REBALANCE,10.759907813652132,10.46220754912684,-0.2977002645252927,725067.436310798,-2158.527675884004
2016Q2,2016-04-01,MU,REBALANCE,0.4133949273339813,0.4160885950844431,0.0026936677504618353,725067.436310798,19.530907701004374
2016Q2,2016-04-01,NFLX,REBALANCE,1.4679923483765518,1.5265482092306284,0.05855586085407663,725067.436310798,424.56947910437157
2016Q2,2016-04-01,NTAP,REBALANCE,0.14376467196832343,0.14006651898980238,-0.003698152978521066,725067.436310798,-26.81410299221411
2016Q2,2016-04-01,NVDA,REBALANCE,0.7351354590089663,0.7343095385277577,-0.0008259204812084871,725067.436310798,-5.988480459064184
2016Q2,2016-04-01,ORLY,REBALANCE,0.5208467914814775,0.5264396412156289,0.005592849734151455,725067.436310798,40.55193218412724
2016Q2,2016-04-01,PAYX,REBALANCE,0.4876889549575604,0.48522942653244655,-0.002459528425113877,725067.436310798,-17.833239697308535
2016Q2,2016-04-01,PCAR,REBALANCE,0.46888390947144354,0.45166471214622045,-0.01721919732522309,725067.436310798,-124.85079259929257
2016Q2,2016-04-01,PYPL,REBALANCE,1.1494905835045262,1.1817968454512158,0.03230626194668969,725067.436310798,234.24218526471384
2016Q2,2016-04-01,QCOM,REBALANCE,1.4452571466456825,1.3866868050260999,-0.0585703416195826,725067.436310798,-424.6744744195839
2016Q2,2016-04-01,REGN,REBALANCE,1.24309136384157,1.4202060583636913,0.1771146945221215,725067.436310798,1284.200974901248
2016Q2,2016-04-01,ROST,REBALANCE,0.6023375582335748,0.5837591755308594,-0.01857838270271535,725067.436310798,-134.70580317058693
2016Q2,2016-04-01,SBUX,REBALANCE,1.885869975094547,1.920358035071279,0.03448805997673214,725067.436310798,250.06169230662215
2016Q2,2016-04-01,SNDK,SELL,0.1891140738394948,0.0,-0.1891140738394948,725067.436310798,-1371.2045668909345
2016Q2,2016-04-01,STX,REBALANCE,0.17331582707144974,0.16564167397498927,-0.007674153096460449,725067.436310798,-55.642785115071504
2016Q2,2016-04-01,SWKS,REBALANCE,0.33675162336391073,0.322157892301518,-0.014593731062392768,725067.436310798,-105.81439167618383
2016Q2,2016-04-01,TRIP,REBALANCE,0.2375973029776821,0.23860451383646672,0.001007210858784604,725067.436310798,7.3029579520335
2016Q2,2016-04-01,TSCO,REBALANCE,0.2803734172600471,0.28088341566918934,0.0005099984091422229,725067.436310798,3.6978323903933705
2016Q2,2016-04-01,TXN,REBALANCE,1.3891530427833032,1.3670370656754498,-0.02211597710785329,725067.436310798,-160.35574823099483
2016Q2,2016-04-01,ULTA,BUY,0.0,0.28630969340273443,0.28630969340273443,725067.436310798,2075.938353864513
2016Q2,2016-04-01,VRSK,REBALANCE,0.345891392667333,0.34260805515848464,-0.0032833375088483184,725067.436310798,-23.806411100837323
2016Q2,2016-04-01,VRTX,REBALANCE,0.6989434470326117,0.6890058376698313,-0.009937609362780427,725067.436310798,-72.05436943729387
2016Q2,2016-04-01,WDC,REBALANCE,0.38118395936461086,0.3614610287373654,-0.01972293062724546,725067.436310798,-143.00454746432587
2016Q3,2016-07-01,AAL,REBALANCE,0.595295279279774,0.6337571742011635,0.03846189492138956,724389.868200564,278.6140699284932
2016Q3,2016-07-01,AAPL,REBALANCE,9.241380578959697,10.430073480920923,1.1886929019612247,724389.868200564,8610.770945826374
2016Q3,2016-07-01,ADBE,REBALANCE,1.3261297816718576,1.2880823039847662,-0.03804747768709118,724389.868200564,-275.61207347115874
2016Q3,2016-07-01,ADI,REBALANCE,0.7819159223632542,0.7769131311763008,-0.005002791186953411,724389.868200564,-36.23971248552124
2016Q3,2016-07-01,ADP,REBALANCE,1.01934201775143,1.012863603165121,-0.0064784145863090725,724389.868200564,-46.9289788832504
2016Q3,2016-07-01,ADSK,REBALANCE,0.38880872685652174,0.3900528016953567,0.0012440748388349836,724389.868200564,9.011952085353116
2016Q3,2016-07-01,AKAM,REBALANCE,0.27739517814027476,0.2743066773969531,-0.003088500743321683,724389.868200564,-22.372786463921376
2016Q3,2016-07-01,AMAT,REBALANCE,0.5924845136656037,0.5781980933376129,-0.014286420327990889,724389.868200564,-103.48938138451177
2016Q3,2016-07-01,AMGN,REBALANCE,2.15124258124883,2.1008221966155602,-0.05042038463326931,724389.868200564,-365.24015779115695
2016Q3,2016-07-01,AMZN,REBALANCE,12.623758224587773,10.430073480920923,-2.19368474366685,724389.868200564,-15890.830023384175
2016Q3,2016-07-01,AVGO,REBALANCE,1.987241896103064,1.9120852327725175,-0.07515666333054657,724389.868200564,-544.4272544440879
2016Q3,2016-07-01,BBBY,REBALANCE,0.04257480687553008,0.040772602606986466,-0.0018022042685436103,724389.868200564,-13.054985125607995
2016Q3,2016-07-01,BIIB,REBALANCE,1.2266814037372842,1.229958418146751,0.00327701440946699,724389.868200564,23.738360361651416
2016Q3,2016-07-01,BKNG,REBALANCE,1.3116044046279438,1.3076477216764042,-0.00395668295153969,724389.868200564,-28.661810417772546
2016Q3,2016-07-01,CHTR,BUY,0.0,1.1148619934522996,1.1148619934522996,724389.868200564,8075.947324987293
2016Q3,2016-07-01,CMCSA,REBALANCE,2.944706016255338,2.894951964595014,-0.04975405166032405,724389.868200564,-360.4133092466619
2016Q3,2016-07-01,COST,REBALANCE,2.026114785022468,1.9860358650925267,-0.04007891992994159,724389.868200564,-290.3276352567134
2016Q3,2016-07-01,CSCO,REBALANCE,2.891609570659308,2.8523558531896898,-0.03925371746961864,724389.868200564,-284.34995224199224
2016Q3,2016-07-01,CSX,REBALANCE,0.4793200174388253,0.4794334968788912,0.0001134794400658827,724389.868200564,0.8220335663279856
2016Q3,2016-07-01,CTSH,REBALANCE,0.8195721278540303,0.8056188175901619,-0.013953310263868472,724389.868200564,-101.07636583005258
2016Q3,2016-07-01,DLTR,REBALANCE,0.6281482334852396,0.6126728422917529,-0.015475391193486756,724389.868200564,-112.10216587002039
2016Q3,2016-07-01,EA,REBALANCE,0.6310839107931312,0.627642609762875,-0.0034413010302562254,724389.868200564,-24.92843599745772
2016Q3,2016-07-01,EBAY,REBALANCE,0.3158970179522396,0.3174953277437176,0.0015983097914779379,724389.868200564,11.577994191923743
2016Q3,2016-07-01,FAST,REBALANCE,0.33606574625901264,0.34002233209092914,0.003956585831916496,724389.868200564,28.661106893062094
2016Q3,2016-07-01,FOX,REBALANCE,0.26715737924422245,0.2645528854042831,-0.0026044938399393588,724389.868200564,-18.866689494428527
2016Q3,2016-07-01,FOXA,REBALANCE,0.235785350474578,0.2334866997893668,-0.0022986506852111944,724389.868200564,-16.65119266899273
2016Q3,2016-07-01,GILD,REBALANCE,2.5566581387430993,2.513595264352266,-0.04306287439083331,724389.868200564,-311.94309904313184
2016Q3,2016-07-01,GOOG,REBALANCE,6.519581501346558,6.479208238543745,-0.04037326280281334,724389.868200564,-292.45982520556686
2016Q3,2016-07-01,GOOGL,REBALANCE,7.085333109326221,7.020973064578868,-0.06436004474735246,724389.868200564,-466.21764331917046
2016Q3,2016-07-01,HSIC,REBALANCE,0.27157237524900035,0.26912751860346557,-0.0024448566455347737,724389.868200564,-17.710293832282076
2016Q3,2016-07-01,ILMN,REBALANCE,0.730080286971879,0.7041333759165291,-0.025946911055349867,724389.868200564,-187.95679479596646
2016Q3,2016-07-01,INTC,REBALANCE,4.565146260361385,4.499840095722208,-0.06530616463917768,724389.868200564,-473.07123995658253
2016Q3,2016-07-01,INTU,REBALANCE,0.9763479766096449,0.963131146329391,-0.013216830280253847,724389.868200564,-95.74137944742307
2016Q3,2016-07-01,ISRG,REBALANCE,0.9016303752304949,0.8913725949258204,-0.010257780304674495,724389.868200564,-74.30632122933498
2016Q3,2016-07-01,KHC,REBALANCE,2.290542217028772,2.2471844387366744,-0.043357778292097554,724389.868200564,-314.0793530248182
2016Q3,2016-07-01,LRCX,REBALANCE,0.3164404911296811,0.30809888996396406,-0.008341601165717067,724389.868200564,-60.425713690154566
2016Q3,2016-07-01,MAR,REBALANCE,0.517946821577726,0.5547240273768083,0.03677720579908228,724389.868200564,266.41035261582226
2016Q3,2016-07-01,MAT,REBALANCE,0.2983149218509817,0.2922970612921181,-0.006017860558863624,724389.868200564,-43.592772170845926
2016Q3,2016-07-01,MDLZ,REBALANCE,1.6403444329758992,1.5663490838597114,-0.07399534911618766,724389.868200564,-536.014811937299
2016Q3,2016-07-01,MNST,REBALANCE,0.9088206719232097,0.8851159470258574,-0.0237047248973523,724389.868200564,-171.7146254412366
2016Q3,2016-07-01,MSFT,REBALANCE,9.77004880330664,10.430073480920923,0.6600246776142821,724389.868200564,4781.151892261295
2016Q3,2016-07-01,MU,REBALANCE,0.5473480998211402,0.46738169641923943,-0.07996640340190075,724389.868200564,-579.2685242077602
2016Q3,2016-07-01,NFLX,REBALANCE,1.3673017185898326,1.3838168719252086,0.016515153335375926,724389.868200564,119.63409747925071
2016Q3,2016-07-01,NTAP,REBALANCE,0.12718646200860217,0.1258860804563193,-0.0013003815522828885,724389.868200564,-9.419832212686464
2016Q3,2016-07-01,NVDA,REBALANCE,0.9722683928065841,0.941875292391717,-0.030393100414867133,724389.868200564,-220.16454003732107
2016Q3,2016-07-01,ORLY,REBALANCE,0.5220028030153274,0.5150523636391637,-0.0069504393761637626,724389.868200564,-50.34827863635278
2016Q3,2016-07-01,PAYX,REBALANCE,0.5393842497380972,0.5320113350847894,-0.0073729146533078015,724389.868200564,-53.408646739636445
2016Q3,2016-07-01,PCAR,REBALANCE,0.4305887837808803,0.42991765133742,-0.0006711324434602838,724389.868200564,-4.861615422633173
2016Q3,2016-07-01,PYPL,REBALANCE,1.1188538990277632,1.0806930216288924,-0.03816087739887085,724389.868200564,-276.43352949385934
2016Q3,2016-07-01,QCOM,REBALANCE,1.4678925255860762,1.4454654065847312,-0.022427119001344926,724389.868200564,-162.45977777502614
2016Q3,2016-07-01,REGN,REBALANCE,1.3773235288959174,1.2452850961910003,-0.13203843270491716,724389.868200564,-956.4730286452397
2016Q3,2016-07-01,ROST,REBALANCE,0.5735364502276455,0.5574148449754044,-0.01612160525224114,724389.868200564,-116.78327503852478
2016Q3,2016-07-01,SBUX,REBALANCE,1.845520722268971,1.7839265237105328,-0.06159419855843798,724389.868200564,-446.18213375666255
2016Q3,2016-07-01,STX,REBALANCE,0.12104782484479203,0.1209113599241318,-0.00013646492066023315,724389.868200564,-0.988538058910667
2016Q3,2016-07-01,SWKS,REBALANCE,0.2629923892546544,0.2567072417121896,-0.006285147542464762,724389.868200564,-45.52897199907147
2016Q3,2016-07-01,TRIP,REBALANCE,0.23092663174930184,0.22728282233019587,-0.003643809419105965,724389.868200564,-26.395386248541435
2016Q3,2016-07-01,TSCO,REBALANCE,0.2841214686149024,0.28113645440684887,-0.0029850142080535373,724389.868200564,-21.623140487487127
2016Q3,2016-07-01,TXN,REBALANCE,1.502474482591214,1.4617657508978483,-0.04070873169336551,724389.868200564,-294.8899278596916
2016Q3,2016-07-01,ULTA,REBALANCE,0.3603888678121861,0.35621298749614805,-0.004175880316038046,724389.868200564,-30.249653917561297
2016Q3,2016-07-01,VRSK,REBALANCE,0.3479058850170804,0.34271917692615705,-0.005186708090923345,724389.868200564,-37.57198790378761
2016Q3,2016-07-01,VRTX,REBALANCE,0.7463041746794539,0.7570437094518245,0.010739534772370631,724389.868200564,77.79610178292936
2016Q3,2016-07-01,WDC,REBALANCE,0.36610212245823776,0.3613687499950046,-0.004733372463233123,724389.868200564,-34.28807054785621
2016Q3,2016-07-01,XRAY,BUY,0.0,0.3678140601238577,0.3678140601238577,724389.868200564,2664.407785354356
2016Q4,2016-10-03,AAL,REBALANCE,0.7342572862393645,0.7396901214373394,0.005432835197974849,810969.8964953736,44.058657981780854
2016Q4,2016-10-03,AAPL,REBALANCE,11.07679025241354,10.551627283251632,-0.5251629691619075,810969.8964953736,-4258.913587444352
2016Q4,2016-10-03,ADBE,REBALANCE,1.3037096835151836,1.3267489891360904,0.023039305620906926,810969.8964953736,186.84183294712167
2016Q4,2016-10-03,ADI,REBALANCE,0.7948922490501178,0.8032802092094502,0.008387960159332401,810969.8964953736,68.02383182221115
2016Q4,2016-10-03,ADP,REBALANCE,0.873740588026283,0.8714824323199989,-0.0022581557062840985,810969.8964953736,-18.312962993956525
2016Q4,2016-10-03,ADSK,REBALANCE,0.4654695388989438,0.4625528824954232,-0.00291665640352063,810969.8964953736,-23.65320541675694
2016Q4,2016-10-03,AKAM,REBALANCE,0.2321416811672224,0.24032457406871918,0.008182892901496775,810969.8964953736,66.36079809359568
2016Q4,2016-10-03,AMAT,REBALANCE,0.651862483109355,0.6578309274732367,0.005968444363881661,810969.8964953736,48.40228708015506
2016Q4,2016-10-03,AMGN,REBALANCE,2.0693039292466366,2.074896300976158,0.00559237172952122,810969.8964953736,45.35245122653477
2016Q4,2016-10-03,AMZN,REBALANCE,10.900811920909593,10.551627283251632,-0.34918463765796076,810969.8964953736,-2831.7822945925095
2016Q4,2016-10-03,AVGO,REBALANCE,1.901827986349313,1.9147047412692508,0.01287675491993788,810969.8964953736,104.42660604618315
2016Q4,2016-10-03,BBBY,REBALANCE,0.03463373009534244,0.035719851027691735,0.0010861209323492977,810969.8964953736,8.808113800887686
2016Q4,2016-10-03,BIIB,REBALANCE,1.4221709157790716,1.4157975298211583,-0.006373385957913515,810969.8964953736,-51.686241506141904
2016Q4,2016-10-03,BKNG,REBALANCE,1.3767606203917926,1.388724619584977,0.011963999193184346,810969.8964953736,97.02443187367443
2016Q4,2016-10-03,CHTR,REBALANCE,1.175850322153186,1.1651564709312126,-0.010693851221973277,810969.8964953736,-86.72391418620593
2016Q4,2016-10-03,CMCSA,REBALANCE,2.6426476144087694,2.668438723420267,0.025791109011497407,810969.8964953736,209.1581300555495
2016Q4,2016-10-03,COST,REBALANCE,1.7274629331912417,1.7439236600181756,0.016460726826933794,810969.8964953736,133.49153931077117
2016Q4,2016-10-03,CSCO,REBALANCE,2.8425780140109738,2.8736541410595606,0.03107612704858695,810969.8964953736,252.01803536069636
2016Q4,2016-10-03,CSX,REBALANCE,0.5040460470427497,0.5071598377086666,0.0031137906659168407,810969.8964953736,25.251904940468407
2016Q4,2016-10-03,CTSH,REBALANCE,0.5998008038084252,0.6426341180599838,0.042833314251558736,810969.8964953736,347.365284251404
2016Q4,2016-10-03,DLTR,REBALANCE,0.45835619008582734,0.47038018950217436,0.012023999416347058,810969.8964953736,97.51101562135406
2016Q4,2016-10-03,EA,REBALANCE,0.6319721859991797,0.6396622886463954,0.007690102647215681,810969.8964953736,62.36441747851299
2016Q4,2016-10-03,EBAY,REBALANCE,0.39856540669008955,0.39343785283063804,-0.005127553859451527,810969.8964953736,-41.582918226738585
2016Q4,2016-10-03,EXPE,REBALANCE,0.39159386447784617,0.39269909879078707,0.0011052343129409545,810969.8964953736,8.963117563688611
2016Q4,2016-10-03,FAST,REBALANCE,0.2879278215664075,0.2886228462647964,0.0006950246983888995,810969.8964953736,5.636441077141741
2016Q4,2016-10-03,FOX,REBALANCE,0.23630893158705685,0.23950365329869897,0.0031947217116421248,810969.8964953736,25.908231358219368
2016Q4,2016-10-03,FOXA,REBALANCE,0.20855940574110976,0.2113789744184909,0.0028195686773811388,810969.8964953736,22.865853184573794
2016Q4,2016-10-03,GILD,REBALANCE,2.1424071305166397,2.1051179431097378,-0.037289187406901875,810969.8964953736,-302.404084517718
2016Q4,2016-10-03,GOOG,REBALANCE,6.499858000850793,6.481061396902672,-0.01879660394812077,810969.8964953736,-152.43479958272033
2016Q4,2016-10-03,GOOGL,REBALANCE,7.167551192423795,7.16278616634638,-0.004765026077414858,810969.8964953736,-38.642927047988834
2016Q4,2016-10-03,HSIC,REBALANCE,0.22160409783667379,0.22194929081159812,0.00034519297492435416,810969.8964953736,2.799411111453336
2016Q4,2016-10-03,ILMN,REBALANCE,0.8139104516709335,0.8254443240204851,0.011533872349551652,810969.8964953736,93.53623265506755
2016Q4,2016-10-03,INTC,REBALANCE,4.661090094600018,4.72003545534049,0.05894536074047205,810969.8964953736,478.0291309858307
2016Q4,2016-10-03,INTU,REBALANCE,0.8502058111900079,0.8527499200704084,0.0025441088804005127,810969.8964953736,20.631957154113646
2016Q4,2016-10-03,ISRG,REBALANCE,0.872554029868285,0.8695022705489509,-0.0030517593193340672,810969.8964953736,-24.7488493932914
2016Q4,2016-10-03,KHC,REBALANCE,2.0443490147627084,2.0676420842010472,0.02329306943833903,810969.8964953736,188.89978111469352
2016Q4,2016-10-03,LRCX,REBALANCE,0.3110967735718842,0.31900161565794233,0.007904842086058116,810969.8964953736,64.10588968342823
2016Q4,2016-10-03,MAR,REBALANCE,0.5041499386613046,0.5018336917199038,-0.0023162469414007847,810969.8964953736,-18.7840654232552
2016Q4,2016-10-03,MAT,REBALANCE,0.2555729053175066,0.2610505572684814,0.005477651950974846,810969.8964953736,44.422108357197516
2016Q4,2016-10-03,MCHP,BUY,0.0,0.42949630751490786,0.42949630751490786,810969.8964953736,3483.0857605050996
2016Q4,2016-10-03,MDLZ,REBALANCE,1.3555949089409614,1.3823154195226153,0.026720510581653735,810969.8964953736,216.69529700707264
2016Q4,2016-10-03,MNST,REBALANCE,0.7222383097206676,0.7313765137525153,0.009138204031847695,810969.8964953736,74.1080837786113
2016Q4,2016-10-03,MSFT,REBALANCE,10.552626279233806,10.551627283251632,-0.000998995982175177,810969.8964953736,-8.101556682638973
2016Q4,2016-10-03,MU,REBALANCE,0.539451919621956,0.6001640540227773,0.060712134400821294,810969.8964953736,492.3571335104725
2016Q4,2016-10-03,NFLX,REBALANCE,1.3316089918001726,1.330028232836443,-0.0015807589637295213,810969.8964953736,-12.81947933199864
2016Q4,2016-10-03,NTAP,REBALANCE,0.1650285928653901,0.16715095217977194,0.002122359314381847,810969.8964953736,17.211695135102385
2016Q4,2016-10-03,NVDA,REBALANCE,1.2285353131906915,1.2532023412410669,0.024667028050375482,810969.8964953736,200.0421718486148
2016Q4,2016-10-03,ORLY,REBALANCE,0.4753550365376248,0.46943017060854075,-0.005924865929084026,810969.8964953736,-48.04887909258238
2016Q4,2016-10-03,PAYX,REBALANCE,0.46575082152379105,0.46917625434527493,0.0034254328214839043,810969.8964953736,27.779229006906572
2016Q4,2016-10-03,PCAR,REBALANCE,0.43698730371618855,0.4430760062397396,0.006088702523551065,810969.8964953736,49.37754455315327
2016Q4,2016-10-03,PYPL,REBALANCE,1.0832385923852594,1.0924880679042985,0.009249475519039138,810969.8964953736,75.01046204311662
2016Q4,2016-10-03,QCOM,REBALANCE,1.6650037616040874,1.6710500265600912,0.006046264956003841,810969.8964953736,49.03338865554039
2016Q4,2016-10-03,REGN,REBALANCE,1.2804790743164576,1.266748298807574,-0.013730775508883665,810969.8964953736,-111.35245593240596
2016Q4,2016-10-03,ROST,REBALANCE,0.5659690803609314,0.5764535328297407,0.010484452468809222,810969.8964953736,85.02575333440879
2016Q4,2016-10-03,SBUX,REBALANCE,1.515599298195188,1.5310622148886976,0.015462916693509757,810969.8964953736,125.39959950452192
2016Q4,2016-10-03,STX,REBALANCE,0.17392589555994178,0.17804900453947595,0.00412310897953416,810969.8964953736,33.43717262371963
2016Q4,2016-10-03,SWKS,REBALANCE,0.27707325194337007,0.2808497317363484,0.003776479792978347,810969.8964953736,30.6261142682852
2016Q4,2016-10-03,TRIP,REBALANCE,0.19948161706817108,0.20174980860379021,0.002268191535619111,810969.8964953736,18.39435054872713
2016Q4,2016-10-03,TSCO,REBALANCE,0.18601397672150388,0.18501542615569114,-0.0009985505658127464,810969.8964953736,-8.097944490025597
2016Q4,2016-10-03,TXN,REBALANCE,1.4704815746449333,1.4921794836711977,0.021697909026264194,810969.8964953736,175.96351037195504
2016Q4,2016-10-03,ULTA,REBALANCE,0.3107915814942764,0.31436125968887757,0.0035696781946011405,810969.8964953736,28.94901555997479
2016Q4,2016-10-03,VRSK,REBALANCE,0.30688529259322705,0.31141887299777915,0.0045335804045521216,810969.8964953736,36.76597231433088
2016Q4,2016-10-03,VRTX,REBALANCE,0.6855757536809762,0.6779421998891724,-0.007633553791803853,810969.8964953736,-61.90582328431037
2016Q4,2016-10-03,WDC,REBALANCE,0.4027751547759272,0.4179292248540014,0.015154070078074282,810969.8964953736,122.89494642699538
2016Q4,2016-10-03,XRAY,REBALANCE,0.3151367695736424,0.315824994372029,0.0006882247983865802,810969.8964953736,5.581295935131143
2017Q1,2017-01-03,AAL,REBALANCE,0.936374272251401,0.8730364844030296,-0.06333778784837138,819076.2717902634,-518.7847913428668
2017Q1,2017-01-03,AAPL,REBALANCE,10.758129017820888,10.447892736517428,-0.31023628130345954,819076.2717902634,-2541.07176664113
2017Q1,2017-01-03,ADBE,REBALANCE,1.2459645071698955,1.2135665856793691,-0.0323979214905264,819076.2717902634,-265.36368748214016
2017Q1,2017-01-03,ADI,REBALANCE,0.9012291051884523,0.8739648488761341,-0.02726425631231818,819076.2717902634,-223.3150541342773
2017Q1,2017-01-03,ADP,REBALANCE,1.0114989111217565,0.992614035342218,-0.01888487577953856,819076.2717902634,-154.68153646726688
2017Q1,2017-01-03,ADSK,REBALANCE,0.46861234015114034,0.4745613129634117,0.005948972812271341,819076.2717902634,48.72662472056848
2017Q1,2017-01-03,AKAM,REBALANCE,0.299419602628109,0.28983104849770475,-0.009588554130404237,819076.2717902634,-78.53757168990633
2017Q1,2017-01-03,AMAT,REBALANCE,0.6993489859077069,0.675340943720146,-0.02400804218756084,819076.2717902634,-196.6441768797069
2017Q1,2017-01-03,AMGN,REBALANCE,1.8128239168059734,1.8037154367288837,-0.009108480077089573,819076.2717902634,-74.60539903218418
2017Q1,2017-01-03,AMZN,REBALANCE,9.356200379316746,10.447892736517428,1.0916923572006811,819076.2717902634,8941.793058778585
2017Q1,2017-01-03,AVGO,REBALANCE,1.9535610922035596,1.93573817568659,-0.017822916516969586,819076.2717902634,-145.98328013148554
2017Q1,2017-01-03,BBBY,SELL,0.0403988794802578,0.0,-0.0403988794802578,819076.2717902634,-330.8976358919373
2017Q1,2017-01-03,BIIB,REBALANCE,1.2699047769311347,1.2706235587673604,0.0007187818362256945,819076.2717902634,5.887371466463016
2017Q1,2017-01-03,BKNG,REBALANCE,1.3699065252367946,1.323070367484413,-0.04683615775238157,819076.2717902634,-383.62385476801336
2017Q1,2017-01-03,CHTR,REBALANCE,1.230328219548944,1.1902955812690124,-0.040032638279931775,819076.2717902634,-327.897841122547
2017Q1,2017-01-03,CMCSA,REBALANCE,2.772281510399285,2.6790683527940287,-0.0932131576052566,819076.2717902634,-763.4868561311181
2017Q1,2017-01-03,COST,REBALANCE,1.8182874453140534,1.7737431906611847,-0.044544254652868764,819076.2717902634,-364.8514203074784
2017Q1,2017-01-03,CSCO,REBALANCE,2.7330692798810508,2.6707966194033177,-0.062272660477732944,819076.2717902634,-510.0605857856238
2017Q1,2017-01-03,CSX,REBALANCE,0.5945794305229593,0.5763569799172953,-0.018222450605663923,819076.2717902634,-149.25576904969432
2017Q1,2017-01-03,CTAS,BUY,0.0,0.31274378733932356,0.31274378733932356,819076.2717902634,2561.610153594601
2017Q1,2017-01-03,CTSH,REBALANCE,0.7472320796885523,0.690849430070981,-0.05638264961757133,819076.2717902634,-461.8169044241704
2017Q1,2017-01-03,DLTR,REBALANCE,0.4553990105795207,0.4391242353989515,-0.01627477518056919,819076.2717902634,-133.30282179125322
2017Q1,2017-01-03,EA,REBALANCE,0.5840887823000873,0.5683952449903941,-0.01569353730969331,819076.2717902634,-128.54204030824997
2017Q1,2017-01-03,EBAY,REBALANCE,0.35153671979321605,0.3457577264817025,-0.005778993311513544,819076.2717902634,-47.33436296295381
2017Q1,2017-01-03,EXPE,REBALANCE,0.3781784864882786,0.36250769546258027,-0.015670791025698336,819076.2717902634,-128.3557308933331
2017Q1,2017-01-03,FAST,REBALANCE,0.3238363947430281,0.31051575208684223,-0.013320642656185861,819076.2717902634,-109.10622324679066
2017Q1,2017-01-03,FOX,REBALANCE,0.23713329224075655,0.22959376877598842,-0.00753952346476813,819076.2717902634,-61.75444770597488
2017Q1,2017-01-03,FOXA,REBALANCE,0.20928696253254045,0.20263279790650363,-0.006654164626036839,819076.2717902634,-54.50268353772906
2017Q1,2017-01-03,GILD,REBALANCE,1.8985901549626292,1.9302772907228778,0.031687135760248564,819076.2717902634,259.54181022216324
2017Q1,2017-01-03,GOOG,REBALANCE,6.371761416258029,6.322106432762379,-0.04965498349565056,819076.2717902634,-406.7121875742452
2017Q1,2017-01-03,GOOGL,REBALANCE,6.989495547448802,6.931868678036208,-0.05762686941259282,819076.2717902634,-472.0080135341089
2017Q1,2017-01-03,HAS,BUY,0.0,0.24094686990776032,0.24094686990776032,819076.2717902634,1973.5386390358192
2017Q1,2017-01-03,HSIC,REBALANCE,0.20455685445910202,0.2055167224578196,0.0009598679987175927,819076.2717902634,7.8620510180038705
2017Q1,2017-01-03,ILMN,REBALANCE,0.5760424861316927,0.569400592209087,-0.006641893922605755,819076.2717902634,-54.402177117543296
2017Q1,2017-01-03,INCY,BUY,0.0,0.6030971366816686,0.6030971366816686,819076.2717902634,4939.825542406041
2017Q1,2017-01-03,INTC,REBALANCE,4.524098685530619,4.4306744099619015,-0.09342427556871813,819076.2717902634,-765.2160732753183
2017Q1,2017-01-03,INTU,REBALANCE,0.8823575375482012,0.8620074006109177,-0.020350136937283443,819076.2717902634,-166.6831429301145
2017Q1,2017-01-03,ISRG,REBALANCE,0.7532179132541521,0.7451152611722939,-0.008102652081858237,819076.2717902634,-66.3669005882206
2017Q1,2017-01-03,JBHT,BUY,0.0,0.24677380365689672,0.24677380365689672,819076.2717902634,2021.265670747934
2017Q1,2017-01-03,KHC,REBALANCE,2.0114594488011095,1.961612627298181,-0.04984682150292845,819076.2717902634,-408.2834871721337
2017Q1,2017-01-03,KLAC,BUY,0.0,0.2634430741531803,0.2634430741531803,819076.2717902634,2157.799710063528
2017Q1,2017-01-03,LRCX,REBALANCE,0.35412557661345684,0.3482689045899435,-0.005856672023513403,819076.2717902634,-47.97061086117696
2017Q1,2017-01-03,MAR,REBALANCE,0.6125259413201998,0.5907069003126629,-0.021819041007536868,819076.2717902634,-178.7145876249217
2017Q1,2017-01-03,MAT,REBALANCE,0.23800712684464995,0.23442521713151998,-0.0035819097131299833,819076.2717902634,-29.338572537198385
2017Q1,2017-01-03,MCHP,REBALANCE,0.44142801188853464,0.4275963851652938,-0.013831626723240838,819076.2717902634,-113.29157249266683
2017Q1,2017-01-03,MDLZ,REBALANCE,1.3878950844129192,1.3632569367139418,-0.024638147698977444,819076.2717902634,-201.805221610963
2017Q1,2017-01-03,MNST,REBALANCE,0.6561191647091308,0.6570153836429169,0.0008962189337860874,819076.2717902634,7.340716629933533
2017Q1,2017-01-03,MSFT,REBALANCE,11.34677985275593,10.447892736517428,-0.8988871162385017,819076.2717902634,-7362.5710792893315
2017Q1,2017-01-03,MU,REBALANCE,0.7325867666279499,0.7317383013561697,-0.0008484652717801258,819076.2717902634,-6.94957771553178
2017Q1,2017-01-03,NFLX,REBALANCE,1.6542657900677566,1.5838374684652619,-0.07042832160249479,819076.2717902634,-576.861670866171
2017Q1,2017-01-03,NTAP,SELL,0.16384886173049631,0.0,-0.16384886173049631,819076.2717902634,-1342.047148032933
2017Q1,2017-01-03,NVDA,REBALANCE,1.935802687138748,1.7930325123444546,-0.14277017479429333,819076.2717902634,-1169.3966249335401
2017Q1,2017-01-03,ORLY,REBALANCE,0.46196345156694246,0.45773280834436375,-0.004230643222578705,819076.2717902634,-34.65219478024511
2017Q1,2017-01-03,PAYX,REBALANCE,0.49279754889522287,0.48195448304999705,-0.01084306584522585,819076.2717902634,-88.8129794728393
2017Q1,2017-01-03,PCAR,REBALANCE,0.48311362966410093,0.47822925380467646,-0.004884375859424452,819076.2717902634,-40.006763689597435
2017Q1,2017-01-03,PYPL,REBALANCE,1.0420732452565862,1.0385118017657582,-0.0035614434908279313,819076.2717902634,-29.17093856659043
2017Q1,2017-01-03,QCOM,REBALANCE,1.5871228864690292,1.5733003893734696,-0.013822497095559647,819076.2717902634,-113.21679387862739
2017Q1,2017-01-03,REGN,REBALANCE,1.1452376442235905,1.1446373054481578,-0.0006003387754326128,819076.2717902634,-4.917232459924767
2017Q1,2017-01-03,ROST,REBALANCE,0.5834571596628216,0.5656080168242056,-0.0178491428386161,819076.2717902634,-146.1980937090555
2017Q1,2017-01-03,SBUX,REBALANCE,1.5617503606151975,1.5158646622313916,-0.04588569838380602,819076.2717902634,-375.83886760700346
2017Q1,2017-01-03,STX,REBALANCE,0.1774076905050928,0.1789420362017036,0.0015343456966108093,819076.2717902634,12.567461528174162
2017Q1,2017-01-03,SWKS,REBALANCE,0.27370016868662755,0.26960522857856195,-0.004094940108065586,819076.2717902634,-33.54068276918778
2017Q1,2017-01-03,TRIP,REBALANCE,0.14660574361170794,0.14504391012542334,-0.0015618334862846231,819076.2717902634,-12.792607491031985
2017Q1,2017-01-03,TSCO,REBALANCE,0.20695018405520374,0.20156593123699607,-0.005384252818207676,819076.2717902634,-44.10113724713762
2017Q1,2017-01-03,TXN,REBALANCE,1.5473850490941,1.521988290418367,-0.025396758675732926,819076.2717902634,-208.0188241167635
2017Q1,2017-01-03,ULTA,REBALANCE,0.33343174257465735,0.32555363271565374,-0.00787810985900363,819076.2717902634,-64.5277285206681
2017Q1,2017-01-03,VRSK,REBALANCE,0.3079194740387505,0.29886403387556154,-0.009055440163188927,819076.2717902634,-74.17096168284601
2017Q1,2017-01-03,VRTX,REBALANCE,0.5670187678646192,0.5607828933932393,-0.006235874471379951,819076.2717902634,-51.0765681336997
2017Q1,2017-01-03,WDC,REBALANCE,0.4843342342445222,0.4759739931149677,-0.008360241129554483,819076.2717902634,-68.47675135663106
2017Q1,2017-01-03,XRAY,REBALANCE,0.3041561835128734,0.3010008491988822,-0.003155334313991202,819076.2717902634,-25.84459466155802
2017Q2,2017-04-03,AAL,REBALANCE,0.7130346608074885,0.7353448343166117,0.022310173509123166,910599.7200884301,203.15637752531865
2017Q2,2017-04-03,AAPL,REBALANCE,11.707299599331112,10.617046399331107,-1.0902532000000034,910599.7200884301,-9927.842587455183
2017Q2,2017-04-03,ADBE,REBALANCE,1.379785416636431,1.3930788513661438,0.013293434729712977,910599.7200884301,121.04997943890453
2017Q2,2017-04-03,ADI,REBALANCE,0.8919685565094183,0.9024629579576915,0.01049440144827319,910599.7200884301,95.56199021293182
2017Q2,2017-04-03,ADP,REBALANCE,0.8943484874315208,0.8951556738685102,0.0008071864369893489,910599.7200884301,7.3502374358167835
2017Q2,2017-04-03,ADSK,REBALANCE,0.49872852848255383,0.4875907037500229,-0.011137824732530919,910599.7200884301,-101.42100083836648
2017Q2,2017-04-03,AKAM,REBALANCE,0.2334105510026474,0.22843579521665533,-0.004974755785992074,910599.7200884301,-45.30011226232681
2017Q2,2017-04-03,AMAT,REBALANCE,0.73435628118554,0.7558915058780319,0.021535224692492,910599.7200884301,196.09969577024663
2017Q2,2017-04-03,AMGN,REBALANCE,1.833166510379292,1.8101011243402263,-0.023065386039065536,910599.7200884301,-210.0333407090466
2017Q2,2017-04-03,AMZN,REBALANCE,11.110609743527855,10.617046399331107,-0.49356334419674713,910599.7200884301,-4494.386430714674
2017Q2,2017-04-03,AVGO,REBALANCE,2.166530308564079,2.186790844288218,0.02026053572413873,910599.7200884301,184.49238159242367
2017Q2,2017-04-03,BIIB,REBALANCE,1.101966668323046,1.088759256266705,-0.013207412056341107,910599.7200884301,-120.2666572159677
2017Q2,2017-04-03,BKNG,REBALANCE,1.4449098897412602,1.456072830538879,0.011162940797618953,910599.7200884301,101.64970765675535
2017Q2,2017-04-03,CHTR,REBALANCE,1.2171731177607346,1.253332869491059,0.036159751730324534,910599.7200884301,329.27059804100645
2017Q2,2017-04-03,CMCSA,REBALANCE,2.6237299900705873,2.6828846512679263,0.059154661197339045,910599.7200884301,538.6621792822285
2017Q2,2017-04-03,COST,REBALANCE,1.6755002975259128,1.7013951567620662,0.025894859236153325,910599.7200884301,235.79851572170517
2017Q2,2017-04-03,CSCO,REBALANCE,2.710024403640075,2.7149558850128725,0.004931481372797558,910599.7200884301,44.90605557690763
2017Q2,2017-04-03,CSX,REBALANCE,0.6741949413414562,0.6885504963515015,0.01435555501004531,910599.7200884301,130.7216437386132
2017Q2,2017-04-03,CTAS,REBALANCE,0.3080390015856481,0.30744807115935585,-0.0005909304262922705,910599.7200884301,-5.381010807734782
2017Q2,2017-04-03,CTSH,REBALANCE,0.6601194901651863,0.6526407809021637,-0.007478709263022531,910599.7200884301,-68.10110561531066
2017Q2,2017-04-03,DLTR,REBALANCE,0.4015390264970527,0.40392045414586336,0.002381427648810632,910599.7200884301,21.6852735041781
2017Q2,2017-04-03,EA,REBALANCE,0.5811144845792257,0.5864262801713945,0.005311795592168912,910599.7200884301,48.36919579395968
2017Q2,2017-04-03,EBAY,REBALANCE,0.35164943283821226,0.3585688879309827,0.006919455092770435,910599.7200884301,63.0085387064122
2017Q2,2017-04-03,EXPE,REBALANCE,0.3640148280965143,0.3736356875731038,0.009620859476589493,910599.7200884301,87.60751946392512
2017Q2,2017-04-03,FAST,REBALANCE,0.30814410635291756,0.313180953898298,0.005036847545380422,910599.7200884301,45.865519649515086
2017Q2,2017-04-03,FOX,REBALANCE,0.20651753345262425,0.21045397967475896,0.00393644622213472,910599.7200884301,35.84526828019034
2017Q2,2017-04-03,FOXA,REBALANCE,0.18226638224265104,0.18574057544942735,0.0034741932067763057,910599.7200884301,31.635993616236295
2017Q2,2017-04-03,GILD,REBALANCE,1.6594702471800855,1.6132378430533847,-0.046232404126700724,910599.7200884301,-420.9921425678886
2017Q2,2017-04-03,GOOG,REBALANCE,6.112099123257597,6.181415415655054,0.06931629239745746,910599.7200884301,631.1939645469254
2017Q2,2017-04-03,GOOGL,REBALANCE,6.67065773421369,6.737284278977689,0.06662654476399799,910599.7200884301,606.7011301255583
2017Q2,2017-04-03,HAS,REBALANCE,0.2798350189855289,0.2773455840927876,-0.002489434892741357,910599.7200884301,-22.668787165086506
2017Q2,2017-04-03,HSIC,REBALANCE,0.20711046685669998,0.20423478697893185,-0.002875679877768116,910599.7200884301,-26.18593291759577
2017Q2,2017-04-03,IDXX,BUY,0.0,0.3312577212029773,0.3312577212029773,910599.7200884301,3016.4318820456238
2017Q2,2017-04-03,ILMN,REBALANCE,0.6825742914464662,0.6796317044593819,-0.002942586987084248,910599.7200884301,-26.795188867747733
2017Q2,2017-04-03,INCY,REBALANCE,0.7231810552185405,0.748404307216136,0.025223251997595533,910599.7200884301,229.68286208730427
2017Q2,2017-04-03,INTC,REBALANCE,3.9916698850363717,4.041136618391125,0.049466733354753406,910599.7200884301,450.4439354652746
2017Q2,2017-04-03,INTU,REBALANCE,0.7870167847944146,0.8022830021368036,0.015266217342388942,910599.7200884301,139.01413238788507
2017Q2,2017-04-03,ISRG,REBALANCE,0.8100461143357373,0.8138125058704244,0.0037663915346871496,910599.7200884301,34.29675077229551
2017Q2,2017-04-03,JBHT,REBALANCE,0.21027359712695984,0.2117595394530923,0.001485942326132474,910599.7200884301,13.530986662437815
2017Q2,2017-04-03,KHC,REBALANCE,1.8470847724488653,1.8829463601625511,0.03586158771368593,910599.7200884301,326.55551734009094
2017Q2,2017-04-03,KLAC,REBALANCE,0.2881231216960907,0.2936699032361695,0.005546781540078727,910599.7200884301,50.508977177873604
2017Q2,2017-04-03,LRCX,REBALANCE,0.38176294626048907,0.3836695686561328,0.0019066223956436604,910599.7200884301,17.361698197874492
2017Q2,2017-04-03,MAR,REBALANCE,0.6073098324977929,0.6108186337208653,0.0035088012230724205,910599.7200884301,31.951134115756872
2017Q2,2017-04-03,MAT,REBALANCE,0.19893250688437078,0.1955685061719831,-0.003364000712387672,910599.7200884301,-30.632581070774936
2017Q2,2017-04-03,MCHP,REBALANCE,0.44458929468053104,0.4516755845117797,0.007086289831248656,910599.7200884301,64.52773536800514
2017Q2,2017-04-03,MDLZ,REBALANCE,1.1968644827129458,1.2046971275259655,0.007832644813019797,910599.7200884301,71.32404174287922
2017Q2,2017-04-03,MNST,REBALANCE,0.615370308584704,0.6051534992343112,-0.010216809350392913,910599.7200884301,-93.03423734664642
2017Q2,2017-04-03,MSFT,REBALANCE,10.020768108062724,10.617046399331107,0.5962782912683845,910599.7200884301,5429.708451237983
2017Q2,2017-04-03,MU,REBALANCE,0.867780430539065,0.8518816690883504,-0.015898761450714588,910599.7200884301,-144.77407726773427
2017Q2,2017-04-03,NFLX,REBALANCE,1.700946357089212,1.6730637217364774,-0.027882635352734567,910599.7200884301,-253.8991994752786
2017Q2,2017-04-03,NVDA,REBALANCE,1.6479844089691709,1.7483945763206992,0.1004101673515282,910599.7200884301,914.3347028433401
2017Q2,2017-04-03,ORLY,REBALANCE,0.39905277578612625,0.38650998585863605,-0.012542789927490194,910599.7200884301,-114.21460997100552
2017Q2,2017-04-03,PAYX,REBALANCE,0.42259253716872974,0.4260245277282913,0.0034319905595615527,910599.7200884301,31.251696428828843
2017Q2,2017-04-03,PCAR,REBALANCE,0.4539756325301947,0.4501472707319197,-0.003828361798275011,910599.7200884301,-34.86105181906464
2017Q2,2017-04-03,PYPL,REBALANCE,1.0181495000438778,1.0082261953662484,-0.009923304677629356,910599.7200884301,-90.36158461801502
2017Q2,2017-04-03,QCOM,REBALANCE,1.2562034188752174,1.2575366820203293,0.0013332631451120139,910599.7200884301,12.140690467432197
2017Q2,2017-04-03,REGN,REBALANCE,1.086863775252564,1.0588597951098937,-0.028003980142670207,910599.7200884301,-255.00416479277445
2017Q2,2017-04-03,ROST,REBALANCE,0.5120784522842602,0.5162944375656697,0.004215985281409446,910599.7200884301,38.39075017148383
2017Q2,2017-04-03,SBUX,REBALANCE,1.4404523756159584,1.4736781972526038,0.03322582163664545,910599.7200884301,302.5542388203745
2017Q2,2017-04-03,STX,REBALANCE,0.19631817808816043,0.19009486106114712,-0.006223317027013314,910599.7200884301,-56.66950742819885
2017Q2,2017-04-03,SWKS,REBALANCE,0.31921562115980856,0.32232168070399364,0.003106059544185063,910599.7200884301,28.28376951512915
2017Q2,2017-04-03,TRIP,SELL,0.12143411048289598,0.0,-0.12143411048289598,910599.7200884301,-1105.7786701491257
2017Q2,2017-04-03,TSCO,REBALANCE,0.16549762269522228,0.16652267538024318,0.0010250526850209135,910599.7200884301,9.334126880559376
2017Q2,2017-04-03,TXN,REBALANCE,1.521008341986494,1.5333339870537497,0.01232564506725587,910599.7200884301,112.23728948152535
2017Q2,2017-04-03,ULTA,REBALANCE,0.3276246810810395,0.3278860038227002,0.0002613227416607515,910599.7200884301,2.3796041540902144
2017Q2,2017-04-03,VRSK,REBALANCE,0.2687260646082809,0.26896392726258495,0.00023786265430404685,910599.7200884301,2.1659766642875606
2017Q2,2017-04-03,VRTX,REBALANCE,0.7487204782508092,0.737520986915611,-0.01119949133519824,910599.7200884301,-101.98253674964316
2017Q2,2017-04-03,WDC,REBALANCE,0.5232463966145972,0.519387726475441,-0.0038586701391562193,910599.7200884301,-35.137039486292366
2017Q2,2017-04-03,WYNN,BUY,0.0,0.29414813449347177,0.29414813449347177,910599.7200884301,2678.512089342893
2017Q2,2017-04-03,XRAY,REBALANCE,0.29324690990994834,0.295242161144106,0.0019952512341576446,910599.7200884301,18.16875215330046
2017Q3,2017-07-03,AAL,REBALANCE,0.8345500274789395,0.8400531929701017,0.0055031654911621986,956534.4268497458,52.639672489481335
2017Q3,2017-07-03,AAPL,REBALANCE,10.174348445758948,10.61068577877228,0.4363373330133327,956534.4268497458,4173.716807470549
2017Q3,2017-07-03,ADBE,REBALANCE,1.4414428069136331,1.4288501256886867,-0.01259268122494623,956534.4268497458,-120.45333118005496
2017Q3,2017-07-03,ADI,REBALANCE,0.8202266175896602,0.816512780499584,-0.003713837090076229,956534.4268497458,-35.52413032369393
2017Q3,2017-07-03,ADP,REBALANCE,0.8575815564488524,0.8743201225193074,0.016738566070454916,956534.4268497458,160.11014702489194
2017Q3,2017-07-03,ADSK,REBALANCE,0.5412071812834883,0.5448475064051069,0.003640325121618583,956534.4268497458,34.820963037541624
2017Q3,2017-07-03,AKAM,REBALANCE,0.18144010211549255,0.18912722278335975,0.007687120667867206,956534.4268497458,73.52995562163193
2017Q3,2017-07-03,AMAT,REBALANCE,0.7658852960074433,0.7671815265576961,0.00129623055025287,956534.4268497458,12.398891464512596
2017Q3,2017-07-03,AMGN,REBALANCE,1.8219565236150763,1.8460254028927487,0.024068879277672553,956534.4268497458,230.22711644784238
2017Q3,2017-07-03,AMZN,REBALANCE,11.035897578898448,10.61068577877228,-0.42521180012616705,956534.4268497458,-4067.2972552343185
2017Q3,2017-07-03,AVGO,REBALANCE,2.225174687375244,2.2145976751767202,-0.010577012198523597,956534.4268497458,-101.17276301097539
2017Q3,2017-07-03,BIIB,REBALANCE,1.0286657361063565,1.0449030163262294,0.01623728021987285,956534.4268497458,155.3151752871479
2017Q3,2017-07-03,BKNG,REBALANCE,1.4566649729542567,1.4527901450955338,-0.0038748278587227847,956534.4268497458,-37.064062449848265
2017Q3,2017-07-03,CHTR,REBALANCE,1.2278840100267894,1.2050645397063797,-0.022819470320409665,956534.4268497458,-218.27608963947844
2017Q3,2017-07-03,CMCSA,REBALANCE,2.6664153263358976,2.642037180543485,-0.024378145792412764,956534.4268497458,-233.18535713205085
2017Q3,2017-07-03,COST,REBALANCE,1.6118367092874681,1.62426151905627,0.012424809768801781,956534.4268497458,118.84758290917934
2017Q3,2017-07-03,CSCO,REBALANCE,2.4142601250091418,2.453715961451691,0.0394558364425493,956534.4268497458,377.40865897451204
2017Q3,2017-07-03,CSX,REBALANCE,0.7711436597168296,0.7760672912553581,0.004923631538528497,956534.4268497458,47.09623071725688
2017Q3,2017-07-03,CTAS,REBALANCE,0.2915274040885587,0.29818261687155284,0.006655212782994118,956534.4268497458,63.659401449443806
2017Q3,2017-07-03,CTSH,REBALANCE,0.6947322319895802,0.7193333944176604,0.02460116242808015,956534.4268497458,235.31858802981148
2017Q3,2017-07-03,DLTR,REBALANCE,0.3426698248160743,0.348813319004105,0.006143494188030766,956534.4268497458,58.76463692002753
2017Q3,2017-07-03,EA,REBALANCE,0.6592914420516872,0.6662311943185035,0.006939752266816278,956534.4268497458,66.38111957018333
2017Q3,2017-07-03,EBAY,REBALANCE,0.3550769467429835,0.3529078861343671,-0.0021690606086164754,956534.4268497458,-20.74781146065321
2017Q3,2017-07-03,EXPE,REBALANCE,0.4207399363332866,0.42104968422228384,0.00030974788899724645,956534.4268497458,2.962845194698998
2017Q3,2017-07-03,FAST,REBALANCE,0.2537770405204605,0.2599165639970644,0.006139523476603919,956534.4268497458,58.72665569823888
2017Q3,2017-07-03,FOX,REBALANCE,0.20034755634930715,0.20210270129187458,0.0017551449425674392,956534.4268497458,16.788565616769755
2017Q3,2017-07-03,FOXA,REBALANCE,0.17682093949335748,0.1783699794883886,0.00154903999503111,956534.4268497458,14.817100838144158
2017Q3,2017-07-03,GILD,REBALANCE,1.6133124154803422,1.645472535698933,0.03216012021859081,956534.4268497458,307.62262160708684
2017Q3,2017-07-03,GOOG,REBALANCE,6.446171657186999,6.361927171505763,-0.08424448568123549,956534.4268497458,-805.8275082635221
2017Q3,2017-07-03,GOOGL,REBALANCE,7.033181583785921,6.94350144950527,-0.0896801342806508,956534.4268497458,-857.8213584395055
2017Q3,2017-07-03,HAS,REBALANCE,0.29662057614212334,0.2978391721760036,0.0012185960338802464,956534.4268497458,11.65629058829015
2017Q3,2017-07-03,HSIC,REBALANCE,0.2093548067963162,0.21111996475457162,0.0017651579582553863,956534.4268497458,16.884343558990835
2017Q3,2017-07-03,IDXX,REBALANCE,0.32924006073095086,0.3263892033901485,-0.002850857340802376,956534.4268497458,-27.26943192514791
2017Q3,2017-07-03,ILMN,REBALANCE,0.6579141721729679,0.6655818676555678,0.0076676954825999,956534.4268497458,73.3441470370708
2017Q3,2017-07-03,INCY,REBALANCE,0.6711034628960502,0.653071902636646,-0.018031560259404097,956534.4268497458,-172.4780815793575
2017Q3,2017-07-03,INTC,REBALANCE,3.6253359333275426,3.617719955661717,-0.007615977665825779,956534.4268497458,-72.84944831481127
2017Q3,2017-07-03,INTU,REBALANCE,0.8770684105132551,0.8758649062997991,-0.0012035042134560248,956534.4268497458,-11.511932130294127
2017Q3,2017-07-03,ISRG,REBALANCE,0.9454521634942261,0.9419184435798876,-0.0035337199143383943,956534.4268497458,-33.80124752909209
2017Q3,2017-07-03,JBHT,REBALANCE,0.2013158488779046,0.21028597170758007,0.008970122829675452,956534.4268497458,85.80231299655429
2017Q3,2017-07-03,KHC,REBALANCE,1.7019312319607016,1.6887361546912198,-0.013195077269481659,956534.4268497458,-126.21545673201747
2017Q3,2017-07-03,LRCX,REBALANCE,0.4035793711727969,0.40076762137053656,-0.0028117498022603438,956534.4268497458,-26.89535485549984
2017Q3,2017-07-03,MAR,REBALANCE,0.6213053457850568,0.6351426821751344,0.013837336390077563,956534.4268497458,132.35888633009972
2017Q3,2017-07-03,MAT,REBALANCE,0.1591872458038168,0.15698328011543727,-0.0022039656883795144,956534.4268497458,-21.081690565306044
2017Q3,2017-07-03,MCHP,REBALANCE,0.4518617170944189,0.4512152309765805,-0.0006464861178384108,956534.4268497458,-6.183862281928815
2017Q3,2017-07-03,MDLZ,REBALANCE,1.15476305310061,1.165961044845731,0.011197991745120865,956534.4268497458,107.11264615787371
2017Q3,2017-07-03,MNST,REBALANCE,0.6198893691433054,0.6314306447062273,0.011541275562921942,956534.4268497458,110.39627405694517
2017Q3,2017-07-03,MSFT,REBALANCE,10.638966375912226,10.61068577877228,-0.028280597139945796,956534.4268497458,-270.51364776226615
2017Q3,2017-07-03,MU,REBALANCE,0.837911531826694,0.8323591602038629,-0.0055523716228311065,956534.4268497458,-53.11034607901546
2017Q3,2017-07-03,NFLX,REBALANCE,1.6099605468975047,1.598471003546081,-0.01148954335142352,956534.4268497458,-109.90143764419204
2017Q3,2017-07-03,NVDA,REBALANCE,2.2111804253940397,2.160762266813953,-0.0504181585800869,956534.4268497458,-482.2670442022302
2017Q3,2017-07-03,ORLY,REBALANCE,0.29826998557171847,0.31624767994940844,0.01797769437768995,956534.4268497458,171.96283587643552
2017Q3,2017-07-03,PAYX,REBALANCE,0.39515770119072496,0.3988644241643085,0.0037067229735835393,956534.4268497458,35.45608135027516
2017Q3,2017-07-03,PCAR,REBALANCE,0.42277335415061357,0.4350067501936428,0.012233396043029223,956534.4268497458,117.01664472444907
2017Q3,2017-07-03,PYPL,REBALANCE,1.1974187408176096,1.2007894964655832,0.003370755647973643,956534.4268497458,32.24243821785012
2017Q3,2017-07-03,QCOM,REBALANCE,1.16423959131897,1.1860718543087856,0.021832262989815616,956534.4268497458,208.83311165796198
2017Q3,2017-07-03,REGN,REBALANCE,1.2775789080700402,1.2942518205998275,0.01667291252978719,956534.4268497458,159.48214830595936
2017Q3,2017-07-03,ROST,REBALANCE,0.4318479562184973,0.44405561997754517,0.012207663759047829,956534.4268497458,116.77050656935228
2017Q3,2017-07-03,SBUX,REBALANCE,1.4067580614851778,1.4164089996142724,0.009650938129094483,956534.4268497458,92.31454571875749
2017Q3,2017-07-03,STX,REBALANCE,0.15499995625736354,0.15787774878342511,0.002877792526061575,956534.4268497458,27.52707624508791
2017Q3,2017-07-03,SWKS,REBALANCE,0.3013080229884188,0.30281891859650517,0.0015108956080863573,956534.4268497458,14.452236645106819
2017Q3,2017-07-03,TSCO,REBALANCE,0.12518588982402243,0.1295132061932174,0.0043273163691949675,956534.4268497458,41.392270830054315
2017Q3,2017-07-03,TXN,REBALANCE,1.4025726910349638,1.4087939607467046,0.006221269711740793,956534.4268497458,59.50858657997662
2017Q3,2017-07-03,ULTA,REBALANCE,0.3144493121057454,0.31635963824219643,0.0019103261364510245,956534.4268497458,18.2729271602627
2017Q3,2017-07-03,VRSK,REBALANCE,0.2662405115704072,0.2722987791460527,0.006058267575645556,956534.4268497458,57.94941503172521
2017Q3,2017-07-03,VRTX,REBALANCE,0.8274358260452586,0.845225476786828,0.017789650741569484,956534.4268497458,170.16413375944322
2017Q3,2017-07-03,WDC,REBALANCE,0.5337171182463986,0.5207397164876179,-0.012977401758780711,956534.4268497458,-124.13331553334191
2017Q3,2017-07-03,WYNN,REBALANCE,0.329059495524423,0.31942338276725774,-0.009636112757165256,956534.4268497458,-92.17273593234592
2017Q3,2017-07-03,XRAY,REBALANCE,0.29226642132448805,0.2929336555283454,0.0006672342038573347,956534.4268497458,6.382324867612221
2017Q4,2017-10-02,AAL,REBALANCE,0.7466143510755154,0.731139634297703,-0.015474716777812408,1017776.9152186819,-157.49809506004692
2017Q4,2017-10-02,AAPL,REBALANCE,10.713457363893786,10.526343773821724,-0.1871135900720619,1017776.9152186819,-1904.3989249903616
2017Q4,2017-10-02,ADBE,REBALANCE,1.4163579120673582,1.4004617145919005,-0.015896197475457653,1017776.9152186819,-161.78782830278288
2017Q4,2017-10-02,ADI,REBALANCE,0.8545990181387535,0.8488893591242913,-0.005709659014462194,1017776.9152186819,-58.111591386898716
2017Q4,2017-10-02,ADP,REBALANCE,0.8813750045686679,0.8602979153823135,-0.021077089186354384,1017776.9152186819,-214.51774813876804
2017Q4,2017-10-02,ADSK,REBALANCE,0.5701660200032168,0.5655441363581943,-0.004621883645022484,1017776.9152186819,-47.04046478730661
2017Q4,2017-10-02,AKAM,REBALANCE,0.173857244183216,0.17311688881530243,-0.0007403553679135536,1017776.9152186819,-7.53516602520649
2017Q4,2017-10-02,ALGN,BUY,0.0,0.31931821200920973,0.31931821200920973,1017776.9152186819,3249.9470479187858
2017Q4,2017-10-02,AMAT,REBALANCE,0.9112746953884325,0.8954674137426135,-0.015807281645818967,1017776.9152186819,-160.88286351474517
2017Q4,2017-10-02,AMGN,REBALANCE,1.8908547611957736,1.8459311666756562,-0.04492359452011735,1017776.9152186819,-457.2219745121992
2017Q4,2017-10-02,AMZN,REBALANCE,9.903703554774639,10.526343773821724,0.6226402190470853,1017776.9152186819,6337.088414328269
2017Q4,2017-10-02,AVGO,REBALANCE,2.1749475411829593,2.1341231163521703,-0.04082442483078902,1017776.9152186819,-415.5015716985741
2017Q4,2017-10-02,BIIB,REBALANCE,1.133154131419895,1.1116414185109331,-0.02151271290896182,1017776.9152186819,-218.95142582468276
2017Q4,2017-10-02,BKNG,REBALANCE,1.3363929722827466,1.3425643111967271,0.006171338913980688,1017776.9152186819,62.810462826402755
2017Q4,2017-10-02,CHTR,REBALANCE,1.2218857413063013,1.2241911503198044,0.0023054090135031166,1017776.9152186819,23.463920740805467
2017Q4,2017-10-02,CMCSA,REBALANCE,2.454986213836997,2.398100962784628,-0.05688525105236909,1017776.9152186819,-578.9649533752049
2017Q4,2017-10-02,COST,REBALANCE,1.573154878147876,1.5607159668318067,-0.012438911316069168,1017776.9152186819,-126.60036787947632
2017Q4,2017-10-02,CSCO,REBALANCE,2.500884149391749,2.4464861358032093,-0.05439801358853996,1017776.9152186819,-553.6504246416814
2017Q4,2017-10-02,CSX,REBALANCE,0.7283014121667464,0.692112642882992,-0.036188769283754335,1017776.9152186819,-368.3209396718008
2017Q4,2017-10-02,CTAS,REBALANCE,0.3207952915844017,0.3156215807468033,-0.005173710837598402,1017776.9152186819,-52.65683456524364
2017Q4,2017-10-02,CTSH,REBALANCE,0.7401406171649374,0.7180185340575056,-0.022122083107431727,1017776.9152186819,-225.15345503293176
2017Q4,2017-10-02,DLTR,REBALANCE,0.40706094882309984,0.3957399640239034,-0.011320984799196437,1017776.9152186819,-115.22236986163739
2017Q4,2017-10-02,EA,REBALANCE,0.6992276464558725,0.6835437063173478,-0.015683940138524685,1017776.9152186819,-159.62752212662122
2017Q4,2017-10-02,EBAY,REBALANCE,0.3652954281237899,0.3622421770763058,-0.0030532510474841,1017776.9152186819,-31.075284324965764
2017Q4,2017-10-02,EXPE,REBALANCE,0.38319661725307697,0.3845694480116351,0.0013728307585581748,1017776.9152186819,13.972354545626622
2017Q4,2017-10-02,FAST,REBALANCE,0.2577253851273798,0.24947661267288396,-0.008248772454495833,1017776.9152186819,-83.95410183077604
2017Q4,2017-10-02,FOX,REBALANCE,0.18994161554889635,0.18532693370802528,-0.004614681840871054,1017776.9152186819,-46.9671664871741
2017Q4,2017-10-02,FOXA,REBALANCE,0.16763695810536966,0.1635641738227249,-0.004072784282644747,1017776.9152186819,-41.451858235413034
2017Q4,2017-10-02,GILD,REBALANCE,1.7812614333973857,1.7936399796849107,0.01237854628752498,1017776.9152186819,125.98598655408841
2017Q4,2017-10-02,GOOG,REBALANCE,6.310595468675495,6.188085499479704,-0.12250996919579149,1017776.9152186819,-1246.878185316284
2017Q4,2017-10-02,GOOGL,REBALANCE,6.834821755073432,6.699611600162673,-0.13521015491075872,1017776.9152186819,-1376.1377437131212
2017Q4,2017-10-02,HAS,REBALANCE,0.24649309396057098,0.24212724123169768,-0.004365852728873288,1017776.9152186819,-44.43464122691719
2017Q4,2017-10-02,HSIC,REBALANCE,0.17777457294666985,0.1724136903875016,-0.00536088255916826,1017776.9152186819,-54.56182513919905
2017Q4,2017-10-02,IDXX,REBALANCE,0.29548057429449415,0.2952579068914165,-0.00022266740307762094,1017776.9152186819,-2.266257426240959
2017Q4,2017-10-02,ILMN,REBALANCE,0.7181072080326587,0.7088263830289365,-0.009280825003722248,1017776.9152186819,-94.45809442972842
2017Q4,2017-10-02,INCY,REBALANCE,0.569073618920644,0.5480497287128542,-0.02102389020778991,1017776.9152186819,-213.97630121580667
2017Q4,2017-10-02,INTC,REBALANCE,3.866185966870967,3.899718983473007,0.033533016602040056,1017776.9152186819,341.29130195201174
2017Q4,2017-10-02,INTU,REBALANCE,0.8832649438390754,0.8667552645299214,-0.016509679309154035,1017776.9152186819,-168.03170478520494
2017Q4,2017-10-02,ISRG,REBALANCE,0.9898279581871111,0.9938284889854474,0.004000530798336198,1017776.9152186819,40.71647895167946
2017Q4,2017-10-02,JBHT,REBALANCE,0.2408567558846666,0.22603201933272002,-0.014824736551946561,1017776.9152186819,-150.8827463676981
2017Q4,2017-10-02,KHC,REBALANCE,1.4476233685699291,1.4375568504626501,-0.010066518107279022,1017776.9152186819,-102.45469746219447
2017Q4,2017-10-02,KLAC,REBALANCE,0.2964374603091695,0.28624539782665215,-0.010192062482517394,1017776.9152186819,-103.73245913172615
2017Q4,2017-10-02,LRCX,REBALANCE,0.49410138829758626,0.4919110282708767,-0.002190360026709578,1017776.9152186819,-22.29297871202784
2017Q4,2017-10-02,MAR,REBALANCE,0.6583273705477646,0.6451923878902494,-0.01313498265751523,1017776.9152186819,-133.68482130616735
2017Q4,2017-10-02,MAT,SELL,0.10703324524982219,0.0,-0.10703324524982219,1017776.9152186819,-1089.3596617620867
2017Q4,2017-10-02,MCHP,REBALANCE,0.4954259657951195,0.496345586018398,0.0009196202232784716,1017776.9152186819,9.359682340210783
2017Q4,2017-10-02,MDLZ,REBALANCE,1.0372365016329153,1.0227512174134088,-0.014485284219506456,1017776.9152186819,-147.42787888995133
2017Q4,2017-10-02,MNST,REBALANCE,0.6599702472171809,0.6421370131319692,-0.01783323408521163,1017776.9152186819,-181.50253975619344
2017Q4,2017-10-02,MSFT,REBALANCE,10.833997711098032,10.526343773821724,-0.30765393727630874,1017776.9152186819,-3131.2307523596337
2017Q4,2017-10-02,MU,REBALANCE,1.0303694227715214,1.0479876476678052,0.017618224896283688,1017776.9152186819,179.31422586568593
2017Q4,2017-10-02,NCLH,BUY,0.0,0.5950094918002443,0.5950094918002443,1017776.9152186819,6055.869250902883
2017Q4,2017-10-02,NFLX,REBALANCE,1.8234366175603076,1.775050674720151,-0.04838594284015639,1017776.9152186819,-492.4609564380184
2017Q4,2017-10-02,NVDA,REBALANCE,2.5135275824495897,2.5477927214427076,0.0342651389931177,1017776.9152186819,348.74267463954703
2017Q4,2017-10-02,ORLY,REBALANCE,0.2926390857308121,0.28340542340035707,-0.009233662330455049,1017776.9152186819,-93.97808362861485
2017Q4,2017-10-02,PAYX,REBALANCE,0.398055165391619,0.39022247774060204,-0.007832687651016966,1017776.9152186819,-79.71928675323511
2017Q4,2017-10-02,PCAR,REBALANCE,0.4495663113001918,0.43582569229755885,-0.013740619002632938,1017776.9152186819,-139.84884821694953
2017Q4,2017-10-02,PYPL,REBALANCE,1.3463773037781035,1.3366684736528975,-0.009708830125206014,1017776.9152186819,-98.81423175214385
2017Q4,2017-10-02,QCOM,REBALANCE,1.0580634602668904,1.038230221072952,-0.01983323919393827,1017776.9152186819,-201.8581300560075
2017Q4,2017-10-02,REGN,REBALANCE,1.1073518097604078,1.1247946389918793,0.017442829231471488,1017776.9152186819,177.52908927893304
2017Q4,2017-10-02,ROST,REBALANCE,0.4680520187630704,0.45360066598053245,-0.014451352782537952,1017776.9152186819,-147.08253255748392
2017Q4,2017-10-02,SBUX,REBALANCE,1.2316996702489,1.2052528638229016,-0.026446806425998483,1017776.9152186819,-269.1694906163835
2017Q4,2017-10-02,STX,REBALANCE,0.12944427291819127,0.13076116053881348,0.0013168876206221978,1017776.9152186819,13.402978202065304
2017Q4,2017-10-02,SWKS,REBALANCE,0.30319901661909476,0.2988355982753782,-0.004363418343716549,1017776.9152186819,-44.409864616764395
2017Q4,2017-10-02,TSCO,REBALANCE,0.14282545910070624,0.1368022653876856,-0.0060231937130206335,1017776.9152186819,-61.302675170026994
2017Q4,2017-10-02,TXN,REBALANCE,1.5521753268263776,1.5249412750820408,-0.02723405174433688,1017776.9152186819,-277.1818917325715
2017Q4,2017-10-02,ULTA,REBALANCE,0.23391426964583834,0.2291231961892921,-0.004791073456546224,1017776.9152186819,-48.76243963189724
2017Q4,2017-10-02,VRSK,REBALANCE,0.2523344986418724,0.247768037777978,-0.004566460863894431,1017776.9152186819,-46.47638451521311
2017Q4,2017-10-02,VRTX,REBALANCE,0.937187781834071,0.9201308850181925,-0.01705689681587852,1017776.9152186819,-173.60115824468198
2017Q4,2017-10-02,WDC,REBALANCE,0.47995792106263435,0.4695237393552244,-0.010434181707409933,1017776.9152186819,-106.19669270998881
2017Q4,2017-10-02,WYNN,REBALANCE,0.33461449297687407,0.3300832185995283,-0.00453127437734578,1017776.9152186819,-46.118264577844414
2017Q4,2017-10-02,XRAY,REBALANCE,0.25432442977355535,0.23446676613507766,-0.01985766363847767,1017776.9152186819,-202.1067164141999
2018Q1,2018-01-02,AAL,REBALANCE,0.7331437787748661,0.7429813475674435,0.009837568792577401,1114462.1097056342,109.63597670950118
2018Q1,2018-01-02,AAPL,REBALANCE,10.593552824214772,10.729962269471768,0.1364094452569964,1114462.1097056342,1520.231581448874
2018Q1,2018-01-02,ADBE,REBALANCE,1.5023848858429742,1.5363785086943798,0.03399362285140539,1114462.1097056342,378.8460463951491
2018Q1,2018-01-02,ADI,REBALANCE,0.8052043807975764,0.8199112457683396,0.014706864970763164,1114462.1097056342,163.90243762472605
2018Q1,2018-01-02,ADP,REBALANCE,0.8468254322186277,0.8382271063262364,-0.00859832589239131,1114462.1097056342,-95.82508413971
2018Q1,2018-01-02,ADSK,REBALANCE,0.4822967547906392,0.491955208753944,0.00965845396330477,1114462.1097056342,107.63980980439378
2018Q1,2018-01-02,AKAM,REBALANCE,0.21105710427981078,0.20731634657890693,-0.0037407577009038358,1114462.1097056342,-41.689327192468866
2018Q1,2018-01-02,ALGN,REBALANCE,0.34785044764295664,0.34990088627629257,0.002050438633335915,1114462.1097056342,22.85136165129481
2018Q1,2018-01-02,AMAT,REBALANCE,0.8039200367326771,0.8343471491856028,0.030427112452925675,1114462.1097056342,339.09863936538125
2018Q1,2018-01-02,AMGN,REBALANCE,1.58306495451829,1.6052270921861143,0.02216213766782424,1114462.1097056342,246.98862700870106
2018Q1,2018-01-02,AMZN,REBALANCE,11.694250104180963,10.729962269471768,-0.9642878347091945,1114462.1097056342,-10746.62254633487
2018Q1,2018-01-02,AVGO,REBALANCE,2.0780550208319166,2.1786166128473035,0.10056159201538677,1114462.1097056342,1120.720839928252
2018Q1,2018-01-02,BIIB,REBALANCE,1.0328710199298663,1.0730913698609166,0.04022034993105012,1114462.1097056342,448.24056037256975
2018Q1,2018-01-02,BKNG,REBALANCE,1.1637550177396618,1.178191809063142,0.014436791323480143,1114462.1097056342,160.89256915745673
2018Q1,2018-01-02,CHTR,REBALANCE,1.033511338731912,1.0715931416988567,0.038081802966944724,1114462.1097056342,424.407264759355
2018Q1,2018-01-02,CMCSA,REBALANCE,2.2889342792721465,2.388384708138121,0.09945042886597456,1114462.1097056342,1108.3373476510412
2018Q1,2018-01-02,COST,REBALANCE,1.619496296249736,1.6229758144440103,0.003479518194274278,1114462.1097056342,38.77791187550051
2018Q1,2018-01-02,CSCO,REBALANCE,2.566484802145759,2.594979084755828,0.028494282610069116,1114462.1097056342,317.5579831216619
2018Q1,2018-01-02,CSX,REBALANCE,0.6432724916504241,0.67735897030632,0.034086478655895834,1114462.1097056342,379.88088915285743
2018Q1,2018-01-02,CTAS,REBALANCE,0.3147221462259064,0.31430458524266564,-0.00041756098324075876,1114462.1097056342,-4.653558943132549
2018Q1,2018-01-02,CTSH,REBALANCE,0.6432663515024268,0.6434870989327772,0.00022074743035033206,1114462.1097056342,2.460146469403286
2018Q1,2018-01-02,DLTR,REBALANCE,0.4467016982194205,0.45431725047345783,0.007615552254037344,1114462.1097056342,84.87244431607957
2018Q1,2018-01-02,EA,REBALANCE,0.555505286052199,0.5793076862799866,0.023802400227787655,1114462.1097056342,265.26873173918096
2018Q1,2018-01-02,EBAY,REBALANCE,0.3246227371150138,0.32512139967852716,0.0004986625635133336,1114462.1097056342,5.557405325642896
2018Q1,2018-01-02,EXPE,REBALANCE,0.29295239371980997,0.29114829455550273,-0.001804099164307276,1114462.1097056342,-20.106001607720586
2018Q1,2018-01-02,FAST,REBALANCE,0.275169853522765,0.27335964517427414,-0.0018102083484908965,1114462.1097056342,-20.174086150659164
2018Q1,2018-01-02,GILD,REBALANCE,1.4582933440173373,1.4633466661017953,0.005053322084457891,1114462.1097056342,56.31735991267014
2018Q1,2018-01-02,GOOG,REBALANCE,6.165563832954114,6.314153744849135,0.14858991189502097,1114462.1097056342,1655.9782669149938
2018Q1,2018-01-02,GOOGL,REBALANCE,6.619057560596335,6.787689326814893,0.1686317662185577,1114462.1097056342,1879.337139433211
2018Q1,2018-01-02,HAS,REBALANCE,0.20700773870373462,0.20977930652267443,0.0027715678189398074,1114462.1097056342,30.88807318687901
2018Q1,2018-01-02,HSIC,REBALANCE,0.13419953752018263,0.13889124596850908,0.00469170844832644,1114462.1097056342,52.28731295445632
2018Q1,2018-01-02,IDXX,REBALANCE,0.2711861894550862,0.2707644141938842,-0.00042177526120199503,1114462.1097056342,-4.700525474208203
2018Q1,2018-01-02,ILMN,REBALANCE,0.7100180413399382,0.7171758377385372,0.007157796398599061,1114462.1097056342,79.770928752261
2018Q1,2018-01-02,INCY,REBALANCE,0.406053639112325,0.4384080126434138,0.03235437353108876,1114462.1097056342,360.5772338366131
2018Q1,2018-01-02,INTC,REBALANCE,4.3426574146357915,4.299563162740442,-0.04309425189535018,1114462.1097056342,-480.2691088347799
2018Q1,2018-01-02,INTU,REBALANCE,0.8810623579497053,0.8888901458234871,0.007827787873781848,1114462.1097056342,87.237729881431
2018Q1,2018-01-02,ISRG,REBALANCE,0.9500787653199618,0.9635541343574046,0.013475369037442737,1114462.1097056342,150.17788206530415
2018Q1,2018-01-02,JBHT,REBALANCE,0.21413384706760524,0.22036628089569535,0.006232433828090101,1114462.1097056342,69.45811352654056
2018Q1,2018-01-02,KHC,REBALANCE,1.3269241753550394,1.3093451282727488,-0.01757904708229053,1114462.1097056342,-195.91181897944176
2018Q1,2018-01-02,KLAC,REBALANCE,0.26062730995375905,0.2659135495764415,0.005286239622682423,1114462.1097056342,58.913137623041685
2018Q1,2018-01-02,LRCX,REBALANCE,0.44812011551502684,0.45858885325231286,0.01046873773728604,1114462.1097056342,116.67011544650788
2018Q1,2018-01-02,MAR,REBALANCE,0.7272339727141228,0.7149371261721872,-0.012296846541935691,1114462.1097056342,-137.0436953985208
2018Q1,2018-01-02,MCHP,REBALANCE,0.4454634228036954,0.4544306186224304,0.008967195818735015,1114462.1097056342,99.93599970290965
2018Q1,2018-01-02,MDLZ,REBALANCE,0.988208152364991,0.9688050184694756,-0.019403133895515463,1114462.1097056342,-216.24057536097064
2018Q1,2018-01-02,MNST,REBALANCE,0.6717656791881155,0.666995532524884,-0.004770146663231421,1114462.1097056342,-53.161477139101805
2018Q1,2018-01-02,MSFT,REBALANCE,11.094602982227922,10.729962269471768,-0.3646407127561535,1114462.1097056342,-4063.78258022789
2018Q1,2018-01-02,MU,REBALANCE,1.000627661335307,1.0447106419566232,0.04408298062131624,1114462.1097056342,491.28811585344687
2018Q1,2018-01-02,NCLH,REBALANCE,0.5353466659590942,0.5488292785732521,0.013482612614157917,1114462.1097056342,150.25860898318228
2018Q1,2018-01-02,NFLX,REBALANCE,1.7158969450795123,1.8415580702468282,0.12566112516731592,1114462.1097056342,1400.4456266195066
2018Q1,2018-01-02,NVDA,REBALANCE,2.5202254182955217,2.5933081613126925,0.07308274301717071,1114462.1097056342,814.4794796599078
2018Q1,2018-01-02,ORLY,REBALANCE,0.2890663448780706,0.29952992662259753,0.010463581744526908,1114462.1097056342,116.61265386082819
2018Q1,2018-01-02,PAYX,REBALANCE,0.40779216791658807,0.4042263406777692,-0.0035658272388188438,1114462.1097056342,-39.73979347419865
2018Q1,2018-01-02,PCAR,REBALANCE,0.399154074950214,0.40682218407047177,0.007668109120257793,1114462.1097056342,85.45817067615513
2018Q1,2018-01-02,PYPL,REBALANCE,1.403535282024456,1.4045617476685817,0.0010264656441256667,1114462.1097056342,11.439570672926433
2018Q1,2018-01-02,QCOM,REBALANCE,1.1808092191144919,1.2017517381609337,0.020942519046441947,1114462.1097056342,233.39643959048118
2018Q1,2018-01-02,REGN,REBALANCE,0.8637300444418954,0.8503072165710883,-0.013422827870807064,1114462.1097056342,-149.59233067115227
2018Q1,2018-01-02,ROST,REBALANCE,0.5159302878673454,0.5166225911617811,0.0006923032944358004,1114462.1097056342,7.715457900730829
2018Q1,2018-01-02,SBUX,REBALANCE,1.1831609084729264,1.1851786140302367,0.0020177055573103106,1114462.1097056342,22.48656392164831
2018Q1,2018-01-02,STX,REBALANCE,0.15287053893997107,0.15214238080568382,-0.0007281581342872536,1114462.1097056342,-8.11504650537091
2018Q1,2018-01-02,SWKS,REBALANCE,0.25503839938318756,0.2634265285290326,0.008388129145845032,1114462.1097056342,93.48252104361774
2018Q1,2018-01-02,TSCO,REBALANCE,0.14818799322160156,0.15075939456948279,0.0025714013478812282,1114462.1097056342,28.65729371059625
2018Q1,2018-01-02,TXN,REBALANCE,1.6329612587235351,1.6505894433339139,0.017628184610378808,1114462.1097056342,196.45943811163158
2018Q1,2018-01-02,ULTA,REBALANCE,0.2070241244471546,0.2147151999897492,0.00769107554259461,1114462.1097056342,85.71412275105395
2018Q1,2018-01-02,VRSK,REBALANCE,0.2611155839578845,0.2596459320426168,-0.0014696519152676817,1114462.1097056342,-16.378713740221464
2018Q1,2018-01-02,VRTX,REBALANCE,0.8282563711539015,0.8441321783889174,0.0158758072350159,1114462.1097056342,176.92985624415792
2018Q1,2018-01-02,WDC,REBALANCE,0.3971481877514341,0.4210918936617558,0.023943705910321657,1114462.1097056342,266.84353002988337
2018Q1,2018-01-02,WYNN,REBALANCE,0.34237770310292664,0.337892318144833,-0.00448538495809365,1114462.1097056342,-49.98791583238967
2018Q1,2018-01-02,XRAY,REBALANCE,0.23599225397661186,0.25558008998864756,0.019587836012035717,1114462.1097056342,218.2990104654132
2018Q2,2018-04-02,AAL,REBALANCE,0.7006617775144098,0.7008640547910527,0.00020227727664289333,1182454.5973393081,2.3918369570366425
2018Q2,2018-04-02,AAPL,REBALANCE,10.067204964971237,10.907560042111562,0.8403550771403256,1182454.5973393081,9936.81724362007
2018Q2,2018-04-02,ADBE,REBALANCE,1.7855021344669886,1.8394179090325102,0.05391577456552166,1182454.5973393081,637.5295550411082
2018Q2,2018-04-02,ADI,REBALANCE,0.7951086082432166,0.8120033597701841,0.016894751526967504,1182454.5973393081,199.77276613968021
2018Q2,2018-04-02,ADP,REBALANCE,0.7692248664033868,0.8251132738323464,0.05588840742895961,1182454.5973393081,660.8550430234563
2018Q2,2018-04-02,ADSK,REBALANCE,0.5554452898423313,0.5649851327841684,0.009539842941837153,1182454.5973393081,112.80431144470292
2018Q2,2018-04-02,AKAM,REBALANCE,0.21324058103805765,0.21946988034710802,0.0062292993090503745,1182454.5973393081,73.65863606189191
2018Q2,2018-04-02,ALGN,REBALANCE,0.37273482166880734,0.3788864256070182,0.006151603938210843,1182454.5973393081,72.73992357748004
2018Q2,2018-04-02,AMAT,REBALANCE,0.856997540763558,0.8353475826490314,-0.02164995811452658,1182454.5973393081,-256.00092504725416
2018Q2,2018-04-02,AMGN,REBALANCE,1.4943826877884572,1.5206636343905087,0.026280946602051485,1182454.5973393081,310.76026132024646
2018Q2,2018-04-02,AMZN,REBALANCE,12.515854146021466,10.907560042111562,-1.6082941039099032,1182454.5973393081,-19017.34757041968
2018Q2,2018-04-02,AVGO,REBALANCE,1.9110958980859738,1.889105768308157,-0.021990129777816822,1182454.5973393081,-260.02330051867517
2018Q2,2018-04-02,BIIB,REBALANCE,0.8693163099384815,0.8589385258022008,-0.010377784136280689,1182454.5973393081,-122.71258562140042
2018Q2,2018-04-02,BKNG,REBALANCE,1.3294033076218494,1.3436278164533813,0.014224508831531778,1182454.5973393081,168.1983586273834
2018Q2,2018-04-02,CHTR,REBALANCE,0.9356010432927404,0.9351691687179519,-0.0004318745747885003,1182454.5973393081,-5.1067207643262105
2018Q2,2018-04-02,CMCSA,REBALANCE,1.928164787376614,1.9536381679536727,0.02547338057705892,1182454.5973393081,301.21115973117156
2018Q2,2018-04-02,COST,REBALANCE,1.552781913011091,1.5826834983609368,0.02990158534984591,1182454.5973393081,353.57267064659
2018Q2,2018-04-02,CSCO,REBALANCE,2.759302474459648,2.7650854307517436,0.00578295629209552,1182454.5973393081,68.38083253800626
2018Q2,2018-04-02,CSX,REBALANCE,0.6491249695696475,0.6622227423406507,0.013097772771003286,1182454.5973393081,154.87521627978444
2018Q2,2018-04-02,CTAS,REBALANCE,0.3242713272933911,0.33630840193922706,0.012037074645835982,1182454.5973393081,142.3329425348518
2018Q2,2018-04-02,CTSH,REBALANCE,0.689132231692905,0.7217631534460919,0.032630921753186784,1182454.5973393081,385.8458344247495
2018Q2,2018-04-02,DLTR,REBALANCE,0.3786745301462812,0.39545963492678443,0.01678510478050322,1182454.5973393081,198.47624314528028
2018Q2,2018-04-02,EA,REBALANCE,0.6300842017595938,0.6297642173502365,-0.000319984409357342,1182454.5973393081,-3.783670359214922
2018Q2,2018-04-02,EBAY,REBALANCE,0.326725160319899,0.3369708313048614,0.010245670984962386,1182454.5973393081,121.1504075899473
2018Q2,2018-04-02,EXPE,REBALANCE,0.25366280062732804,0.2573453742541453,0.0036825736268172177,1182454.5973393081,43.544761150705085
2018Q2,2018-04-02,FAST,REBALANCE,0.25886617184410815,0.26904687051202464,0.010180698667916531,1182454.5973393081,120.38213944004073
2018Q2,2018-04-02,FOX,REBALANCE,0.15953080537957967,0.16963843420915484,0.010107628829575171,1182454.5973393081,119.51812177730491
2018Q2,2018-04-02,FOXA,REBALANCE,0.14079725951919195,0.14971795941821894,0.008920699899026994,1182454.5973393081,105.48322607088771
2018Q2,2018-04-02,GILD,REBALANCE,1.461669802046,1.4578325633151419,-0.00383723873085811,1182454.5973393081,-45.37360578391624
2018Q2,2018-04-02,GOOG,REBALANCE,5.867993443348821,5.980354554371234,0.1123611110224132,1182454.5973393081,1328.619122906049
2018Q2,2018-04-02,GOOGL,REBALANCE,6.2986400770970645,6.418722541260362,0.12008246416329721,1182454.5973393081,1419.920618097235
2018Q2,2018-04-02,HAS,REBALANCE,0.18449690177204311,0.19238740687760808,0.007890505105564972,1182454.5973393081,93.30164037404583
2018Q2,2018-04-02,HSIC,REBALANCE,0.12590318538464879,0.12821401479725889,0.002310829412610106,1182454.5973393081,27.32450862607713
2018Q2,2018-04-02,IDXX,REBALANCE,0.3123276530990737,0.3209044778641976,0.008576824765123931,1182454.5973393081,101.41705874094424
2018Q2,2018-04-02,ILMN,REBALANCE,0.731407034475345,0.7376929769028763,0.006285942427531211,1182454.5973393081,74.32841522044491
2018Q2,2018-04-02,INCY,REBALANCE,0.3635506081155047,0.35084099898160975,-0.012709609133894958,1182454.5973393081,-150.28535750759755
2018Q2,2018-04-02,INTC,REBALANCE,4.603061720945519,4.529999210852125,-0.07306251009339335,1182454.5973393081,-863.9310095308257
2018Q2,2018-04-02,INTU,REBALANCE,0.9226426391854281,0.9557667919494464,0.033124152764018276,1182454.5973393081,391.6780671878296
2018Q2,2018-04-02,ISRG,REBALANCE,1.0273223428692084,1.031670896877801,0.004348554008592673,1182454.5973393081,51.41967679238683
2018Q2,2018-04-02,JBHT,REBALANCE,0.21204626592104453,0.2199129048145911,0.007866638893546567,1182454.5973393081,93.01943325282346
2018Q2,2018-04-02,KHC,REBALANCE,0.9977903674441911,1.032854458434567,0.03506409099037575,1182454.5973393081,414.61695593093623
2018Q2,2018-04-02,KLAC,REBALANCE,0.2615017893162913,0.265999389769,0.0044976004527086996,1182454.5973393081,53.182083323007554
2018Q2,2018-04-02,LRCX,REBALANCE,0.47824858519494506,0.4719370906032739,-0.006311494591671168,1182454.5973393081,-74.63055796003752
2018Q2,2018-04-02,MAR,REBALANCE,0.6766413005775916,0.7091687502758078,0.03252744969821624,1182454.5973393081,384.6223243537889
2018Q2,2018-04-02,MCHP,REBALANCE,0.4472070493730573,0.44336223360278304,-0.0038448157702742312,1182454.5973393081,-45.46320083483438
2018Q2,2018-04-02,MDLZ,REBALANCE,0.8950835840046696,0.9370689069477864,0.041985322943116805,1182454.5973393081,496.45738134863996
2018Q2,2018-04-02,MNST,REBALANCE,0.5682515086221804,0.5928947950871616,0.024643286464981137,1182454.5973393081,291.3956737406649
2018Q2,2018-04-02,MSFT,REBALANCE,10.841097196497236,10.907560042111562,0.06646284561432625,1182454.5973393081,785.8929734891275
2018Q2,2018-04-02,MU,REBALANCE,1.2485181502110347,1.2002293798260304,-0.04828877038500438,1182454.5973393081,-570.9927854161066
2018Q2,2018-04-02,NCLH,REBALANCE,0.5145510586465152,0.5201203102468659,0.00556925160035077,1182454.5973393081,65.85387158574066
2018Q2,2018-04-02,NFLX,REBALANCE,2.670499509856426,2.5728013605050224,-0.09769814935140335,1182454.5973393081,-1155.2362585210924
2018Q2,2018-04-02,NVDA,REBALANCE,2.9271405693867822,2.883756732119654,-0.043383837267127814,1182454.5973393081,-512.9941782673569
2018Q2,2018-04-02,ORLY,REBALANCE,0.29033431345657773,0.28431997749466653,-0.006014335961911218,1182454.5973393081,-71.1167920810505
2018Q2,2018-04-02,PAYX,REBALANCE,0.3471960990355806,0.36571752147596537,0.018521422440384787,1182454.5973393081,219.00741113896422
2018Q2,2018-04-02,PCAR,REBALANCE,0.35827015274748647,0.36098421395043845,0.0027140612029519662,1182454.5973393081,32.09254146890805
2018Q2,2018-04-02,PYPL,REBALANCE,1.3642562344538538,1.429785819879262,0.06552958542540809,1182454.5973393081,774.8575954801271
2018Q2,2018-04-02,QCOM,REBALANCE,0.9887345351037345,1.0025414417009002,0.01380690659716563,1182454.5973393081,163.26040180852922
2018Q2,2018-04-02,REGN,REBALANCE,0.7340536031804836,0.7362778976721521,0.002224294491668527,1182454.5973393081,26.30127247509949
2018Q2,2018-04-02,ROST,REBALANCE,0.47453305418983316,0.4887753225107488,0.014242268320915647,1182454.5973393081,168.40835652606697
2018Q2,2018-04-02,SBUX,REBALANCE,1.1320838994062759,1.1654405112476274,0.03335661184135138,1182454.5973393081,394.4267902346874
2018Q2,2018-04-02,STX,REBALANCE,0.20267369315285702,0.20727908528164865,0.004605392128791607,1182454.5973393081,54.456670952398994
2018Q2,2018-04-02,SWKS,REBALANCE,0.26295482383681545,0.25969461831771756,-0.003260205519097902,1182454.5973393081,-38.550450043283
2018Q2,2018-04-02,TSCO,REBALANCE,0.12028696290815911,0.1210639319335581,0.0007769690253989952,1182454.5973393081,9.187305960732834
2018Q2,2018-04-02,TXN,REBALANCE,1.5560498815983872,1.5858776957163274,0.029827814117940228,1182454.5973393081,352.70035932340744
2018Q2,2018-04-02,ULTA,REBALANCE,0.18482465049341334,0.1903569618424109,0.00553231134899758,1182454.5973393081,65.41706988534618
2018Q2,2018-04-02,VRSK,REBALANCE,0.2651089313923199,0.2758617058866336,0.010752774494313718,1182454.5973393081,127.1466763495411
2018Q2,2018-04-02,VRTX,REBALANCE,0.8652465203902371,0.8648122733769568,-0.0004342470132803408,1182454.5973393081,-5.134773772342026
2018Q2,2018-04-02,WDC,REBALANCE,0.46296625005509146,0.4692195588445484,0.006253308789456926,1182454.5973393081,73.94253726675646
2018Q2,2018-04-02,WYNN,REBALANCE,0.3455236215981869,0.3741971684750014,0.028673546876814518,1182454.5973393081,339.05167326513487
2018Q2,2018-04-02,XRAY,REBALANCE,0.18441781847343375,0.1873841720165689,0.0029663535431351685,1182454.5973393081,35.07578384413926
2018Q3,2018-07-02,AAL,REBALANCE,0.48001804517759217,0.49264649657037074,0.012628451392778569,1264247.785545053,159.65491708183646
2018Q3,2018-07-02,AAPL,REBALANCE,11.299026109705295,11.134846147477422,-0.1641799622278728,1264247.785545053,-2075.6415367745863
2018Q3,2018-07-02,ADBE,REBALANCE,1.9411970308934898,1.918251143977444,-0.02294588691604607,1264247.785545053,-290.0928672097845
2018Q3,2018-07-02,ADI,REBALANCE,0.8031641152241172,0.8056952810929843,0.00253116586886714,1264247.785545053,32.00020844562501
2018Q3,2018-07-02,ADP,REBALANCE,0.9168789609196105,0.898333566579425,-0.018545394340185525,1264247.785545053,-234.4597372663931
2018Q3,2018-07-02,ADSK,REBALANCE,0.5516179101985071,0.552489124577717,0.0008712143792099017,1264247.785545053,11.014308496511262
2018Q3,2018-07-02,AKAM,SELL,0.21177770514424904,0.0,-0.21177770514424904,1264247.785545053,-2677.3949475643003
2018Q3,2018-07-02,ALGN,REBALANCE,0.48279924596484736,0.483456074889933,0.0006568289250856105,1264247.785545053,8.303945140214205
2018Q3,2018-07-02,AMAT,REBALANCE,0.651547996583443,0.6591968894598211,0.007648892876378158,1264247.785545053,96.70095880832417
2018Q3,2018-07-02,AMGN,REBALANCE,1.5518840247516164,1.5561404494882496,0.004256424736633069,1264247.785545053,53.81175547627542
2018Q3,2018-07-02,AMZN,REBALANCE,11.981388579911346,11.134846147477422,-0.8465424324339249,1264247.785545053,-10702.393955745121
2018Q3,2018-07-02,AVGO,REBALANCE,1.8436931511297137,1.852187459767785,0.008494308638071213,1264247.785545053,107.38910885417745
2018Q3,2018-07-02,BIIB,REBALANCE,0.8515426957810095,0.866258085674466,0.014715389893456624,1264247.785545053,186.03899086234588
2018Q3,2018-07-02,BKNG,REBALANCE,1.2245020913292999,1.2330473701063451,0.008545278777045279,1264247.785545053,108.03349770744632
2018Q3,2018-07-02,CDNS,BUY,0.0,0.2394934538980375,0.2394934538980375,1264247.785545053,3027.7906874313016
2018Q3,2018-07-02,CHTR,REBALANCE,0.8240502928022342,0.8231522483408726,-0.0008980444613615468,1264247.785545053,-11.353507215973353
2018Q3,2018-07-02,CMCSA,REBALANCE,1.7645190996990194,1.7796718295078464,0.015152729808827134,1264247.785545053,191.5680510577222
2018Q3,2018-07-02,COST,REBALANCE,1.6465145331157818,1.644020159844879,-0.002494373270902836,1264247.785545053,-31.53505884061681
2018Q3,2018-07-02,CSCO,REBALANCE,2.6154924985238996,2.6479189521350883,0.032426453611188524,1264247.785545053,409.95072171024475
2018Q3,2018-07-02,CSX,REBALANCE,0.7115379471807052,0.7098945037084624,-0.0016434434722427393,1264247.785545053,-20.777197704513558
2018Q3,2018-07-02,CTAS,REBALANCE,0.34126983086446044,0.3447838394256634,0.0035140085612029096,1264247.785545053,44.42577541887136
2018Q3,2018-07-02,CTSH,REBALANCE,0.6641511758517071,0.6608976490924063,-0.003253526759300785,1264247.785545053,-41.1326400065759
2018Q3,2018-07-02,DLTR,REBALANCE,0.3312890945794586,0.320352380978587,-0.010936713600871641,1264247.785545053,-138.26715951042434
2018Q3,2018-07-02,EA,REBALANCE,0.6851175712542021,0.6926419657218347,0.007524394467632589,1264247.785545053,95.12699043271948
2018Q3,2018-07-02,EBAY,REBALANCE,0.2839974822927862,0.2857008882600612,0.0017034059672749787,1264247.785545053,21.53527222011621
2018Q3,2018-07-02,EXPE,REBALANCE,0.2626940668313656,0.26780478135490093,0.005110714523535315,1264247.785545053,64.61209518932462
2018Q3,2018-07-02,FAST,REBALANCE,0.2235038731613184,0.22250576684639456,-0.0009981063149238495,1264247.785545053,-12.618536983810099
2018Q3,2018-07-02,FOX,REBALANCE,0.15866331640800668,0.15437881192988126,-0.004284504478125413,1264247.785545053,-54.166752986279164
2018Q3,2018-07-02,FOXA,REBALANCE,0.1400316389259152,0.136250259602452,-0.003781379323463188,1264247.785545053,-47.80600435994186
2018Q3,2018-07-02,GILD,REBALANCE,1.2915497907876616,1.3033772155448788,0.01182742475721709,1264247.785545053,149.52795558012443
2018Q3,2018-07-02,GOOG,REBALANCE,6.048055772650517,6.096641168116786,0.04858539546626975,1264247.785545053,614.2397862806218
2018Q3,2018-07-02,GOOGL,REBALANCE,6.536277878476901,6.5882357998628835,0.051957921385982486,1264247.785545053,656.876870537523
2018Q3,2018-07-02,HAS,REBALANCE,0.1984693139869981,0.195873121381687,-0.0025961926053111057,1264247.785545053,-32.82230752113007
2018Q3,2018-07-02,HSIC,REBALANCE,0.12960737384444954,0.12999180421182135,0.00038443036737181423,1264247.785545053,4.860152406460873
2018Q3,2018-07-02,IDXX,REBALANCE,0.3417793032995764,0.346276646559812,0.004497343260235565,1264247.785545053,56.85756257588782
2018Q3,2018-07-02,ILMN,REBALANCE,0.8150778923904567,0.81472291325653,-0.00035497913392669445,1264247.785545053,-4.487815839815243
2018Q3,2018-07-02,INCY,REBALANCE,0.263837196047914,0.2719600202416874,0.00812282419377342,1264247.785545053,102.69262499349826
2018Q3,2018-07-02,INTC,REBALANCE,4.067452762897204,4.254790261614901,0.18733749871769692,1264247.785545053,2368.4101790339755
2018Q3,2018-07-02,INTU,REBALANCE,1.0560421174568992,1.0543125387286134,-0.0017295787282859201,1264247.785545053,-21.866160771613036
2018Q3,2018-07-02,ISRG,REBALANCE,1.1183712290118906,1.1431104081662333,0.024739179154342587,1264247.785545053,312.76452462079953
2018Q3,2018-07-02,JBHT,REBALANCE,0.21385137937694745,0.21278290579531733,-0.0010684735816301073,1264247.785545053,-13.508153594892544
2018Q3,2018-07-02,KHC,REBALANCE,0.9846306491972526,0.9820672431056783,-0.002563406091574301,1264247.785545053,-32.40780474725509
2018Q3,2018-07-02,KLAC,REBALANCE,0.2355917669282565,0.24017732778388595,0.004585560855629436,1264247.785545053,57.97285157211593
2018Q3,2018-07-02,LRCX,REBALANCE,0.37757989378311496,0.3854338016862476,0.007853907903132649,1264247.785545053,99.29285674410241
2018Q3,2018-07-02,MAR,REBALANCE,0.619341785681311,0.6199186073213873,0.0005768216400762506,1264247.785545053,7.292454811208654
2018Q3,2018-07-02,MCHP,REBALANCE,0.4144325877549693,0.42280902508660523,0.008376437331635966,1264247.785545053,105.89892347277681
2018Q3,2018-07-02,MDLZ,REBALANCE,0.8657577236581081,0.8605370084986529,-0.005220715159455144,1264247.785545053,-66.00277579302654
2018Q3,2018-07-02,MNST,REBALANCE,0.5554085815380568,0.5585753612932484,0.0031667797551915983,1264247.785545053,40.035942928098834
2018Q3,2018-07-02,MSFT,REBALANCE,11.07008727146114,11.134846147477422,0.06475887601628122,1264247.785545053,818.7126559797017
2018Q3,2018-07-02,MU,REBALANCE,1.129036876111523,1.1887047521298255,0.05966787601830257,1264247.785545053,754.3498012431579
2018Q3,2018-07-02,NCLH,SELL,0.43393823217466754,0.0,-0.43393823217466754,1264247.785545053,-5486.054490901585
2018Q3,2018-07-02,NFLX,REBALANCE,3.1891553963869863,3.326147877417507,0.13699248103052064,1264247.785545053,1731.924407791584
2018Q3,2018-07-02,NVDA,REBALANCE,2.7607346649194295,2.8777028576109553,0.11696819269152621,1264247.785545053,1478.7677858946906
2018Q3,2018-07-02,ORLY,REBALANCE,0.29407867930814696,0.30087464594418956,0.006795966636042585,1264247.785545053,85.91785770254901
2018Q3,2018-07-02,PAYX,REBALANCE,0.38302884057558695,0.3788062827517415,-0.0042225578238454416,1264247.785545053,-53.383593781325374
2018Q3,2018-07-02,PCAR,REBALANCE,0.31754217566666554,0.3117745937205145,-0.0057675819461510455,1264247.785545053,-72.91652703371086
2018Q3,2018-07-02,PYPL,REBALANCE,1.4677149002137913,1.4554032648435145,-0.012311635370276797,1264247.785545053,-155.64957753310588
2018Q3,2018-07-02,QCOM,REBALANCE,0.9596175860879534,0.9624952915966113,0.0028777055086578324,1264247.785545053,36.38132816771465
2018Q3,2018-07-02,REGN,REBALANCE,0.6899027150052615,0.7117626539284869,0.02185993892322548,1264247.785545053,276.36379375837924
2018Q3,2018-07-02,ROST,REBALANCE,0.4981471890890702,0.4977732184913901,-0.0003739705976800456,1264247.785545053,-4.727914999759576
2018Q3,2018-07-02,SBUX,REBALANCE,0.9246311260172347,0.9300386595419019,0.005407533524667135,1264247.785545053,68.36462283821061
2018Q3,2018-07-02,SNPS,BUY,0.0,0.32819599594501725,0.32819599594501725,1264247.785545053,4149.210610982413
2018Q3,2018-07-02,STX,REBALANCE,0.1890971805540443,0.1902079874272526,0.0011108068732083084,1264247.785545053,14.043351296218283
2018Q3,2018-07-02,SWKS,REBALANCE,0.234910618137562,0.23840623566467006,0.0034956175271080685,1264247.785545053,44.193267177588496
2018Q3,2018-07-02,TSCO,SELL,0.13801024053245028,0.0,-0.13801024053245028,1264247.785545053,-1744.7914097569037
2018Q3,2018-07-02,TTWO,BUY,0.0,0.44151156847497436,0.44151156847497436,1264247.785545053,5581.800227370094
2018Q3,2018-07-02,TXN,REBALANCE,1.583557444424897,1.5902502855867318,0.006692841161834787,1264247.785545053,84.61409617854409
2018Q3,2018-07-02,ULTA,REBALANCE,0.20348337531218041,0.19831509873207306,-0.005168276580107354,1264247.785545053,-65.33982221485081
2018Q3,2018-07-02,VRSK,REBALANCE,0.2670448108462606,0.26720839226648324,0.00016358142022267382,1264247.785545053,2.068074482728301
2018Q3,2018-07-02,VRTX,REBALANCE,0.8435028504005283,0.8539844898299053,0.010481639429377014,1264247.785545053,132.51389437471602
2018Q3,2018-07-02,WDC,REBALANCE,0.3705810788401689,0.37271833326633413,0.0021372544261652644,1264247.785545053,27.020191754257983
2018Q3,2018-07-02,WYNN,REBALANCE,0.32242775584088385,0.2911455022624729,-0.03128225357841097,1264247.785545053,-395.4851981336488
2018Q3,2018-07-02,XRAY,REBALANCE,0.1527839086462551,0.15327095858537512,0.00048704993912001854,1264247.785545053,6.157518069823363
2018Q4,2018-10-01,AAL,REBALANCE,0.48627775826720143,0.4597683104322548,-0.026509447834946638,1398151.7277097062,-370.6423029106097
2018Q4,2018-10-01,AAPL,REBALANCE,12.32143315695817,11.35668831755142,-0.9647448394067504,1398151.7277097062,-13488.59664015571
2018Q4,2018-10-01,ADBE,REBALANCE,1.9205039515826754,1.9583311756772228,0.03782722409454743,1398151.7277097062,528.8819872225372
2018Q4,2018-10-01,ADI,REBALANCE,0.7056340676012386,0.7000933325993444,-0.005540735001894302,1398151.7277097062,-77.46788215680161
2018Q4,2018-10-01,ADP,REBALANCE,0.9166356685694769,0.909431729786637,-0.007203938782839904,1398151.7277097062,-100.7219945554257
2018Q4,2018-10-01,ADSK,REBALANCE,0.594925803195083,0.5871578781011271,-0.00776792509395597,1398151.7277097062,-108.6073789083412
2018Q4,2018-10-01,ALGN,REBALANCE,0.49986427616942997,0.5014412758673232,0.001576999697893225,1398151.7277097062,22.048848522070973
2018Q4,2018-10-01,AMGN,REBALANCE,1.590899999614399,1.5771389132990796,-0.013761086315319457,1398151.7277097062,-192.40086606926292
2018Q4,2018-10-01,AMZN,REBALANCE,11.864385802282133,11.35668831755142,-0.5076974847307125,1398151.7277097062,-7098.381154301179
2018Q4,2018-10-01,AVGO,REBALANCE,1.71581724237286,1.734051667327576,0.018234424954716166,1398151.7277097062,254.9449275422939
2018Q4,2018-10-01,BIIB,REBALANCE,0.9535069771096484,0.9308329998144217,-0.022673977295226654,1398151.7277097062,-317.016605293718
2018Q4,2018-10-01,BKNG,REBALANCE,1.0912550804310603,1.0796639689013543,-0.011591111529706162,1398151.7277097062,-162.06132611334564
2018Q4,2018-10-01,CDNS,REBALANCE,0.22660696068885733,0.22225617584402205,-0.004350784844835273,1398151.7277097062,-60.83057347699643
2018Q4,2018-10-01,CHTR,REBALANCE,0.8272504565410952,0.8119211826928556,-0.015329273848239608,1398151.7277097062,-214.32650715451425
2018Q4,2018-10-01,CMCSA,REBALANCE,1.7468671589209406,1.7179596971772213,-0.028907461743719193,1398151.7277097062,-404.1701758068323
2018Q4,2018-10-01,COST,REBALANCE,1.6749547743391953,1.6761293360785399,0.00117456173934459,1398151.7277097062,16.42215525166356
2018Q4,2018-10-01,CSCO,REBALANCE,2.7281346263018404,2.746117589715232,0.01798296341339184,1398151.7277097062,251.42911365774236
2018Q4,2018-10-01,CSX,REBALANCE,0.7474654052938938,0.7493978343181864,0.0019324290242926298,1398151.7277097062,27.018289789911222
2018Q4,2018-10-01,CTAS,REBALANCE,0.3332245886452329,0.32624556288270956,-0.006979025762523378,1398151.7277097062,-97.5773692760261
2018Q4,2018-10-01,CTSH,REBALANCE,0.5852442823951258,0.5785038102520306,-0.006740472143095238,1398151.7277097062,-94.24202772447752
2018Q4,2018-10-01,DLTR,REBALANCE,0.2779143103324597,0.282563862586739,0.004649552254279302,1398151.7277097062,65.00779517397166
2018Q4,2018-10-01,EA,REBALANCE,0.5351271358945533,0.5115472181912177,-0.023579917703335593,1398151.7277097062,-329.68302676171345
2018Q4,2018-10-01,EBAY,REBALANCE,0.2352548746333504,0.2283300966698174,-0.0069247779635329965,1398151.7277097062,-96.8189027371976
2018Q4,2018-10-01,EXPE,REBALANCE,0.2635299449891889,0.25893200063044697,-0.004597944358741921,1398151.7277097062,-64.28623849088115
2018Q4,2018-10-01,FAST,REBALANCE,0.24422589296156813,0.24384269899618408,-0.0003831939653840561,1398151.7277097062,-5.357633047496514
2018Q4,2018-10-01,FOX,REBALANCE,0.13959362725041227,0.1391660290092909,-0.0004275982411213776,1398151.7277097062,-5.978472195894856
2018Q4,2018-10-01,FOXA,REBALANCE,0.12320128464491176,0.12282389884546141,-0.0003773857994503454,1398151.7277097062,-5.276426075146091
2018Q4,2018-10-01,GILD,REBALANCE,1.2945011686919643,1.295028499347627,0.0005273306556629123,1398151.7277097062,7.3728826728939305
2018Q4,2018-10-01,GOOG,REBALANCE,5.897285240670129,5.826605814423815,-0.07067942624631451,1398151.7277097062,-988.205619198154
2018Q4,2018-10-01,GOOGL,REBALANCE,6.368192138287275,6.284405429005914,-0.083786709281361,1398151.7277097062,-1171.4653234084576
2018Q4,2018-10-01,HAS,REBALANCE,0.20298133782474362,0.20190394779462714,-0.0010773900301164728,1398151.7277097062,-15.063547320245588
2018Q4,2018-10-01,HSIC,REBALANCE,0.13759105190936086,0.13884823721673528,0.0012571853073744307,1398151.7277097062,17.577358095568183
2018Q4,2018-10-01,IDXX,REBALANCE,0.358684923149015,0.35114490602911214,-0.0075400171199028684,1398151.7277097062,-105.42087963152959
2018Q4,2018-10-01,ILMN,REBALANCE,0.9682098166610561,0.9647402057517707,-0.0034696109092853533,1398151.7277097062,-48.510424872977616
2018Q4,2018-10-01,INCY,REBALANCE,0.2535481817277052,0.2458750950944264,-0.007673086633278817,1398151.7277097062,-107.28139333185031
2018Q4,2018-10-01,INTC,REBALANCE,3.6822632366891233,3.5705810537867864,-0.11168218290233678,1398151.7277097062,-1561.4863697929356
2018Q4,2018-10-01,INTU,REBALANCE,1.063071766109314,1.0554693633681158,-0.007602402741198333,1398151.7277097062,-106.29312527351456
2018Q4,2018-10-01,ISRG,REBALANCE,1.2399785494355235,1.2133786475507662,-0.026599901884757395,1398151.7277097062,-371.9069877708222
2018Q4,2018-10-01,JBHT,REBALANCE,0.18865185552402433,0.19014397325400625,0.0014921177299819129,1398151.7277097062,20.862069821204962
2018Q4,2018-10-01,KHC,REBALANCE,0.7873532391810057,0.8003666787962854,0.013013439615279683,1398151.7277097062,181.94763081549223
2018Q4,2018-10-01,KLAC,REBALANCE,0.21683831230964418,0.21153467450847827,-0.00530363780116591,1398151.7277097062,-74.15290354846624
2018Q4,2018-10-01,LRCX,REBALANCE,0.30799965586874833,0.3037494907708394,-0.004250165097908912,1398151.7277097062,-59.423756746928376
2018Q4,2018-10-01,MAR,REBALANCE,0.5865114096004275,0.5689117522224953,-0.017599657377932124,1398151.7277097062,-246.06991370054678
2018Q4,2018-10-01,MCHP,REBALANCE,0.33316561864663313,0.32293266189470166,-0.010232956751931449,1398151.7277097062,-143.07226162291659
2018Q4,2018-10-01,MDLZ,REBALANCE,0.8202520431504781,0.8180578999018919,-0.0021941432485862375,1398151.7277097062,-30.67745173853435
2018Q4,2018-10-01,MNST,REBALANCE,0.5137177725588671,0.5016083863754182,-0.012109386183448926,1398151.7277097062,-169.3075921389316
2018Q4,2018-10-01,MSFT,REBALANCE,11.722530644604293,11.35668831755142,-0.36584232705287323,1398151.7277097062,-5115.0308163831405
2018Q4,2018-10-01,MU,REBALANCE,0.9270770193518525,0.8880556854460128,-0.039021333905839804,1398151.7277097062,-545.5774541798726
2018Q4,2018-10-01,NFLX,REBALANCE,2.8746689593815438,2.872251792712394,-0.0024171666691497062,1398151.7277097062,-33.795657546339775
2018Q4,2018-10-01,NVDA,REBALANCE,3.0883994104728014,3.1004279971757,0.012028586702898802,1398151.7277097062,168.1778928056396
2018Q4,2018-10-01,ORLY,REBALANCE,0.34540195846069477,0.34163081265981504,-0.003771145800879729,1398151.7277097062,-52.726340169451966
2018Q4,2018-10-01,PAYX,REBALANCE,0.37209952800234636,0.37300412937213934,0.000904601369792991,1398151.7277097062,12.647699680646372
2018Q4,2018-10-01,PCAR,REBALANCE,0.3116342480355978,0.3200521466650862,0.008417898629488373,1398151.7277097062,117.69499512504336
2018Q4,2018-10-01,PEP,BUY,0.0,2.1297907069830577,2.1297907069830577,1398151.7277097062,29777.705566284385
2018Q4,2018-10-01,PYPL,REBALANCE,1.3882414500819977,1.369225122818836,-0.01901632726316188,1398151.7277097062,-265.8771081768297
2018Q4,2018-10-01,QCOM,REBALANCE,1.1272204361542058,1.1314505227844829,0.004230086630277116,1398151.7277097062,59.14302930483679
2018Q4,2018-10-01,REGN,REBALANCE,0.7537563589143305,0.7203608115585022,-0.03339554735582832,1398151.7277097062,-466.9204223336268
2018Q4,2018-10-01,ROST,REBALANCE,0.5275177126653551,0.5242557897125999,-0.003261922952755257,1398151.7277097062,-45.606632120507086
2018Q4,2018-10-01,SBUX,REBALANCE,0.9853293005938026,0.9564240792006634,-0.028905221393139315,1398151.7277097062,-404.13885230649294
2018Q4,2018-10-01,SNPS,REBALANCE,0.3419877951340055,0.3351310517127367,-0.006856743421268822,1398151.7277097062,-95.86767660909166
2018Q4,2018-10-01,STX,REBALANCE,0.14613489947817523,0.14168849631702118,-0.004446403161154056,1398151.7277097062,-62.16746261861442
2018Q4,2018-10-01,SWKS,REBALANCE,0.20313199154737277,0.20329945772954286,0.0001674661821700861,1398151.7277097062,2.341431319340543
2018Q4,2018-10-01,TTWO,REBALANCE,0.4654388796757783,0.45624221198415543,-0.009196667691622855,1398151.7277097062,-128.5833682221453
2018Q4,2018-10-01,TXN,REBALANCE,1.407090049003713,1.408791561533032,0.0017015125293187716,1398151.7277097062,23.789726825867525
2018Q4,2018-10-01,ULTA,REBALANCE,0.21669807451405648,0.21753477824382234,0.0008367037297658461,1398151.7277097062,11.698387653532729
2018Q4,2018-10-01,VRSK,REBALANCE,0.2705961290231337,0.2681883205663205,-0.0024078084568131437,1398151.7277097062,-33.664815538873384
2018Q4,2018-10-01,VRTX,REBALANCE,0.8756952790746918,0.8695039995070221,-0.006191279567669718,1398151.7277097062,-86.56348224271218
2018Q4,2018-10-01,WDC,REBALANCE,0.25704796083430914,0.25193391848306834,-0.0051140423512407735,1398151.7277097062,-71.50207148967895
2018Q4,2018-10-01,WYNN,REBALANCE,0.20094023533898855,0.2144502745163024,0.013510039177313865,1398151.7277097062,188.89084617187197
2018Q4,2018-10-01,XEL,BUY,0.0,0.41626196057838827,0.41626196057838827,1398151.7277097062,5819.973793625031
2018Q4,2018-10-01,XRAY,SELL,0.11977589767481968,0.0,-0.11977589767481968,1398151.7277097062,-1674.6487827203011
2019Q1,2019-01-02,AAL,REBALANCE,0.4302443194958282,0.43616808222208014,0.005923762726251988,1163992.394652983,68.95214761086135
2019Q1,2019-01-02,AAPL,REBALANCE,9.565374319680677,10.990096848678771,1.4247225289980945,1163992.394652983,16583.66188244546
2019Q1,2019-01-02,ADBE,REBALANCE,1.9714072525062027,1.841783957923173,-0.12962329458302974,1163992.394652983,-1508.8052906450982
2019Q1,2019-01-02,ADI,REBALANCE,0.7848355735681547,0.7552060118248695,-0.02962956174328516,1163992.394652983,-344.88584526084907
2019Q1,2019-01-02,ADP,REBALANCE,0.9561157245918286,0.9110121961110176,-0.045103528480811006,1163992.394652983,-525.0016412367822
2019Q1,2019-01-02,ADSK,REBALANCE,0.5810360358767562,0.561805730449612,-0.019230305427144195,1163992.394652983,-223.83929264049826
2019Q1,2019-01-02,ALGN,REBALANCE,0.32243491855801537,0.2986634226341713,-0.02377149592384408,1163992.394652983,-276.698404648789
2019Q1,2019-01-02,AMAT,REBALANCE,0.5126781769248423,0.5076345350344424,-0.005043641890399922,1163992.394652983,-58.70760801778703
2019Q1,2019-01-02,AMD,BUY,0.0,0.6335016147402738,0.6335016147402738,1163992.394652983,7373.910615580627
2019Q1,2019-01-02,AMGN,REBALANCE,1.7914990383892506,1.6993860294121026,-0.09211300897714811,1163992.394652983,-1072.1884189800235
2019Q1,2019-01-02,AMZN,REBALANCE,10.229070884123638,10.990096848678771,0.7610259645551329,1163992.394652983,8858.284348756253
2019Q1,2019-01-02,AVGO,REBALANCE,2.1692463817645407,2.054131333879886,-0.11511504788465458,1163992.394652983,-1339.9304024785188
2019Q1,2019-01-02,BIIB,REBALANCE,0.9522940661377645,0.9281187788007086,-0.024175287337055776,1163992.394652983,-281.39850598883487
2019Q1,2019-01-02,BKNG,REBALANCE,1.1258750081949123,1.0781324339083709,-0.047742574286541335,1163992.394652983,-555.7199337068918
2019Q1,2019-01-02,CDNS,REBALANCE,0.2561283378405403,0.24601097746314715,-0.010117360377393143,1163992.394652983,-117.76530533249053
2019Q1,2019-01-02,CHTR,REBALANCE,0.8528240972590725,0.8388713325692918,-0.013952764689780656,1163992.394652983,-162.4091198328737
2019Q1,2019-01-02,CMCSA,REBALANCE,2.0060715357894163,1.9389403352798156,-0.06713120050960072,1163992.394652983,-781.402068370997
2019Q1,2019-01-02,COST,REBALANCE,1.750285756017085,1.6914911894192242,-0.05879456659786085,1163992.394652983,-684.3642836682834
2019Q1,2019-01-02,CSCO,REBALANCE,2.957709933198934,2.8033228265571686,-0.15438710664176547,1163992.394652983,-1797.0541796349405
2019Q1,2019-01-02,CSX,REBALANCE,0.7575442564643222,0.7160460263910343,-0.041498230073288,1163992.394652983,-483.03624196866923
2019Q1,2019-01-02,CTAS,REBALANCE,0.3366044650279714,0.32200824796867367,-0.01459621705929776,1163992.394652983,-169.8988564772672
2019Q1,2019-01-02,CTSH,REBALANCE,0.5733872240798065,0.5485704599730035,-0.02481676410680299,1163992.394652983,-288.8652468021581
2019Q1,2019-01-02,DLTR,REBALANCE,0.37590727039533844,0.36161012508796553,-0.014297145307372913,1163992.394652983,-166.41768403030653
2019Q1,2019-01-02,EA,REBALANCE,0.40241201751809974,0.403518692715689,0.0011066751975892693,1163992.394652983,12.881615133449966
2019Q1,2019-01-02,EBAY,REBALANCE,0.23314848057306437,0.23377534744320966,0.0006268668701452963,1163992.394652983,7.29668269309044
2019Q1,2019-01-02,EXPE,REBALANCE,0.26922422106160954,0.25737057555570775,-0.011853645505901763,1163992.394652983,-137.97553217782163
2019Q1,2019-01-02,FAST,REBALANCE,0.2660348148049285,0.2515325122074532,-0.014502302597475336,1163992.394652983,-168.80569928417492
2019Q1,2019-01-02,FOX,REBALANCE,0.16716193747627273,0.16056092217639129,-0.006601015299881438,1163992.394652983,-76.83531606049974
2019Q1,2019-01-02,FOXA,REBALANCE,0.14753227526544116,0.1417064107118448,-0.005825864553596349,1163992.394652983,-67.81262032664546
2019Q1,2019-01-02,GILD,REBALANCE,1.2708242423664229,1.226098922803557,-0.044725319562865726,1163992.394652983,-520.5993181959998
2019Q1,2019-01-02,GOOG,REBALANCE,6.073017579855041,5.881811221916325,-0.19120635793871618,1163992.394652983,-2225.6274644996165
2019Q1,2019-01-02,GOOGL,REBALANCE,6.53479493512627,6.32752938844581,-0.20726554668046016,1163992.394652983,-2412.5552000964844
2019Q1,2019-01-02,HAS,REBALANCE,0.18874539049776992,0.17749594579365718,-0.01124944470411273,1163992.394652983,-130.94268079656493
2019Q1,2019-01-02,HSIC,REBALANCE,0.15401132353124192,0.14081980787770218,-0.01319151565353973,1163992.394652983,-153.5482389466602
2019Q1,2019-01-02,IDXX,REBALANCE,0.31426875933688314,0.29696200628668423,-0.017306753050198895,1163992.394652983,-201.4492892656883
2019Q1,2019-01-02,ILMN,REBALANCE,0.9468853654676028,0.8943559351472942,-0.05252943032030867,1163992.394652983,-611.438573882931
2019Q1,2019-01-02,INCY,REBALANCE,0.27186618158881326,0.26199342424296357,-0.009872757345849668,1163992.394652983,-114.91814464823383
2019Q1,2019-01-02,INTC,REBALANCE,4.283006504930039,4.201658494278906,-0.08134801065113398,1163992.394652983,-946.884657180698
2019Q1,2019-01-02,INTU,REBALANCE,1.099853907372847,1.0421825926693828,-0.057671314703464094,1163992.394652983,-671.2897170447095
2019Q1,2019-01-02,ISRG,REBALANCE,1.2160504715283729,1.1351295429434252,-0.08092092858494777,1163992.394652983,-941.9134544113638
2019Q1,2019-01-02,JBHT,REBALANCE,0.17904734027488803,0.16928660050075417,-0.009760739774133876,1163992.394652983,-113.61426863278707
2019Q1,2019-01-02,KHC,REBALANCE,0.759840318703427,0.7292322930475467,-0.030608025655880396,1163992.394652983,-356.2750907878816
2019Q1,2019-01-02,KLAC,REBALANCE,0.2253923514692549,0.22200069270203784,-0.003391658767217063,1163992.394652983,-39.47865010298773
2019Q1,2019-01-02,LRCX,REBALANCE,0.3297559287966336,0.3248148594804029,-0.004941069316230767,1163992.394652983,-57.51367105545827
2019Q1,2019-01-02,MAR,REBALANCE,0.5638679223449032,0.5514847273442953,-0.012383195000607947,1163992.394652983,-144.13944802212492
2019Q1,2019-01-02,MCHP,REBALANCE,0.355291322174029,0.34623534899119285,-0.00905597318283614,1163992.394652983,-105.41083911002634
2019Q1,2019-01-02,MDLZ,REBALANCE,0.9215637859399208,0.8847540009799598,-0.03680978495996107,1163992.394652983,-428.4630974220644
2019Q1,2019-01-02,MNST,REBALANCE,0.5088514729150756,0.49195563812515825,-0.01689583478991733,1163992.394652983,-196.66623196777053
2019Q1,2019-01-02,MSFT,REBALANCE,12.166940365397586,10.990096848678771,-1.1768435167188147,1163992.394652983,-13698.369031573708
2019Q1,2019-01-02,MU,REBALANCE,0.7483208906820691,0.743190771309338,-0.005130119372731123,1163992.394652983,-59.714199335209585
2019Q1,2019-01-02,NFLX,REBALANCE,2.4682414589745374,2.3254004274648308,-0.14284103150970678,1163992.394652983,-1662.658743216858
2019Q1,2019-01-02,NTAP,BUY,0.0,0.1993451104555143,0.1993451104555143,1163992.394652983,2320.3619248147747
2019Q1,2019-01-02,NVDA,REBALANCE,1.7709418670416366,1.6856402414252674,-0.08530162561636925,1163992.394652983,-992.9044346898988
2019Q1,2019-01-02,ORLY,REBALANCE,0.406823721219039,0.38887423228246987,-0.01794948893656914,1163992.394652983,-208.9306861007434
2019Q1,2019-01-02,PAYX,REBALANCE,0.3997964610832754,0.3831733447048439,-0.016623116378431488,1163992.394652983,-193.49181039925688
2019Q1,2019-01-02,PCAR,REBALANCE,0.3351213502027814,0.3221175276299163,-0.01300382257286509,1163992.394652983,-151.36350576231752
2019Q1,2019-01-02,PEP,REBALANCE,2.5481070921730553,2.444736966433556,-0.10337012573949922,1163992.394652983,-1203.2204019509963
2019Q1,2019-01-02,PYPL,REBALANCE,1.5744578366590964,1.5472462952597548,-0.02721154139934158,1163992.394652983,-316.7402723561839
2019Q1,2019-01-02,QCOM,REBALANCE,1.0854359723127605,1.0432946221322128,-0.04214135018054763,1163992.394652983,-490.52211110565554
2019Q1,2019-01-02,REGN,REBALANCE,0.7998718529887718,0.7851692796915586,-0.014702573297213292,1163992.394652983,-171.13683499784304
2019Q1,2019-01-02,ROST,REBALANCE,0.5301439537232733,0.5154638449523825,-0.014680108770890807,1163992.394652983,-170.87534961995448
2019Q1,2019-01-02,SBUX,REBALANCE,1.308615534535182,1.2838378955200307,-0.02477763901515117,1163992.394652983,-288.4098337109299
2019Q1,2019-01-02,SNPS,REBALANCE,0.34388736238282175,0.3320545389796034,-0.011832823403218297,1163992.394652983,-137.73316448617925
2019Q1,2019-01-02,STX,SELL,0.1410800902062793,0.0,-0.1410800902062793,1163992.394652983,-1642.1615203706588
2019Q1,2019-01-02,SWKS,REBALANCE,0.18139843294441754,0.17524923106075505,-0.006149201883662498,1163992.394652983,-71.57624225768944
2019Q1,2019-01-02,TTWO,REBALANCE,0.4088237969513484,0.39843624356045915,-0.01038755339088926,1163992.394652983,-120.91033146046902
2019Q1,2019-01-02,TXN,REBALANCE,1.5033070655980063,1.437150923298231,-0.06615614229977546,1163992.394652983,-770.0524649651913
2019Q1,2019-01-02,UAL,BUY,0.0,0.5637242718471649,0.5637242718471649,1163992.394652983,6561.707651113907
2019Q1,2019-01-02,ULTA,REBALANCE,0.22676778450371432,0.21994263742485315,-0.006825147078861173,1163992.394652983,-79.44419292182428
2019Q1,2019-01-02,VRSK,REBALANCE,0.29138193512424426,0.27924530079530474,-0.01213663432893951,1163992.394652983,-141.26950055569898
2019Q1,2019-01-02,VRSN,BUY,0.0,0.27328081716198627,0.27328081716198627,1163992.394652983,3180.967927811044
2019Q1,2019-01-02,VRTX,REBALANCE,0.8979509471132919,0.8592238807217862,-0.03872706639150569,1163992.394652983,-450.7801074693377
2019Q1,2019-01-02,WDC,REBALANCE,0.19373484936595706,0.19430354784368886,0.0005686984777318257,1163992.394652983,6.619607029305739
2019Q1,2019-01-02,WYNN,REBALANCE,0.20197554833165662,0.20766053495503067,0.005684986623374043,1163992.394652983,66.17281193311328
2019Q1,2019-01-02,XEL,REBALANCE,0.5258504036814533,0.4952654150157748,-0.030584988665678485,1163992.394652983,-356.0069419739744
2019Q2,2019-04-01,AAPL,REBALANCE,11.359436994109299,11.023284536468235,-0.33615245764106183,1361917.4733463526,-4578.119057696817
2019Q2,2019-04-01,ADBE,REBALANCE,1.8541699357679982,1.8950337651624405,0.04086382939444237,1361917.4733463526,556.5316328013537
2019Q2,2019-04-01,ADI,REBALANCE,0.7957010506466262,0.8121356611430248,0.01643461049639864,1361917.4733463526,223.8258320268668
2019Q2,2019-04-01,ADP,REBALANCE,0.9535061673604012,0.9681911449994183,0.014684977639017015,1361917.4733463526,199.9972764227774
2019Q2,2019-04-01,ADSK,REBALANCE,0.5817467901033724,0.6058816558934714,0.024134865790099037,1361917.4733463526,328.69695436405
2019Q2,2019-04-01,ALGN,REBALANCE,0.3465494193694691,0.3577139445405634,0.011164525171094295,1361917.4733463526,152.05161912128497
2019Q2,2019-04-01,AMAT,REBALANCE,0.5282508403339616,0.5321450153009618,0.0038941749670001226,1361917.4733463526,53.03544931825423
2019Q2,2019-04-01,AMD,REBALANCE,0.7485073679721587,0.7528918031712075,0.004384435199048919,1361917.4733463526,59.71238908339516
2019Q2,2019-04-01,AMGN,REBALANCE,1.4283854944878402,1.4528895374458914,0.02450404295805137,1361917.4733463526,333.7248427219981
2019Q2,2019-04-01,AMZN,REBALANCE,11.13634148607464,11.023284536468235,-0.1130569496064035,1361917.4733463526,-1539.7423515219896
2019Q2,2019-04-01,AVGO,REBALANCE,2.0947173740499125,2.1223080010473296,0.027590626997417086,1361917.4733463526,375.7615700836394
2019Q2,2019-04-01,BIIB,REBALANCE,0.6231069215696915,0.60122826351617,-0.021878658053521485,1361917.4733463526,-297.9692669646081
2019Q2,2019-04-01,BKNG,REBALANCE,0.9334808154095428,0.9352486092734922,0.001767793863949492,1361917.4733463526,24.07589352587278
2019Q2,2019-04-01,CDNS,REBALANCE,0.3071188039509985,0.313064646662918,0.005945842711919513,1361917.4733463526,80.97747083132248
2019Q2,2019-04-01,CHTR,REBALANCE,0.8727952685375745,0.8561697091444973,-0.016625559393077145,1361917.4733463526,-226.42639841589346
2019Q2,2019-04-01,CMCSA,REBALANCE,1.945760712928826,1.930578895420889,-0.015181817507936915,1361917.4733463526,-206.76382541214863
2019Q2,2019-04-01,COST,REBALANCE,1.723038047788028,1.7171719664835488,-0.005866081304479326,1361917.4733463526,-79.89118628640759
2019Q2,2019-04-01,CSCO,REBALANCE,3.008477688034387,3.0701105509765316,0.06163286294214483,1361917.4733463526,839.3887297326794
2019Q2,2019-04-01,CSX,REBALANCE,0.7394207852579857,0.7551261785503731,0.015705393292387345,1361917.4733463526,213.89449550678927
2019Q2,2019-04-01,CTAS,REBALANCE,0.3311087536460215,0.3345640965821567,0.003455342936135213,1361917.4733463526,47.05891921126437
2019Q2,2019-04-01,CTSH,REBALANCE,0.5365642709520886,0.5466389386779963,0.010074667725907746,1361917.4733463526,137.20866014072323
2019Q2,2019-04-01,DLTR,REBALANCE,0.3594270202298967,0.34913872102817933,-0.010288299201717315,1361917.4733463526,-140.11814453834143
2019Q2,2019-04-01,EA,REBALANCE,0.44417365533941966,0.4376258216392542,-0.006547833700165477,1361917.4733463526,-89.17609128821465
2019Q2,2019-04-01,EBAY,REBALANCE,0.26534963670982725,0.26018033051909617,-0.00516930619073111,1361917.4733463526,-70.40168426234172
2019Q2,2019-04-01,EXPE,REBALANCE,0.23295858491884414,0.23523274854331294,0.002274163624468818,1361917.4733463526,30.972231774127557
2019Q2,2019-04-01,FAST,REBALANCE,0.26630446816088393,0.2752463394563732,0.008941871295489344,1361917.4733463526,121.78090761741123
2019Q2,2019-04-01,FOX,REBALANCE,0.12560462847635256,0.12570478654362455,0.0001001580672720017,1361917.4733463526,1.3640702191433858
2019Q2,2019-04-01,FOXA,REBALANCE,0.11700100143224883,0.1166629913853181,-0.0003380100469307229,1361917.4733463526,-4.603417890815722
2019Q2,2019-04-01,GILD,REBALANCE,1.099661975097153,1.0914075709858493,-0.008254404111303695,1361917.4733463526,-112.41817191246474
2019Q2,2019-04-01,GOOG,REBALANCE,5.695435684531462,5.702852492654075,0.0074168081226129445,1361917.4733463526,101.01080578643726
2019Q2,2019-04-01,GOOGL,REBALANCE,6.090734777127618,6.106819807244035,0.016085030116417404,1361917.4733463526,219.06483574851177
2019Q2,2019-04-01,HAS,REBALANCE,0.1598456550266877,0.1625517445732263,0.002706089546538606,1361917.4733463526,36.85470637870836
2019Q2,2019-04-01,HSIC,REBALANCE,0.11747345273961053,0.12169866187187442,0.0042252091322638905,1361917.4733463526,57.54386145772773
2019Q2,2019-04-01,IDXX,REBALANCE,0.3050790606626165,0.31105487904419077,0.005975818381574304,1361917.4733463526,81.38571471410366
2019Q2,2019-04-01,ILMN,REBALANCE,0.7918029236064146,0.8168181102862483,0.025015186679833677,1361917.4733463526,340.6861983828642
2019Q2,2019-04-01,INCY,REBALANCE,0.30286554850042935,0.3007752551189215,-0.0020902933815078375,1361917.4733463526,-28.468070806957574
2019Q2,2019-04-01,INTC,REBALANCE,4.135118275240989,4.1561808972051,0.021062621964110934,1361917.4733463526,286.85552887411353
2019Q2,2019-04-01,INTU,REBALANCE,1.185585520856487,1.2118732892696953,0.02628776841320825,1361917.4733463526,358.01771137230634
2019Q2,2019-04-01,ISRG,REBALANCE,1.1558416498916015,1.1901365460411668,0.03429489614956531,1361917.4733463526,467.0681831269154
2019Q2,2019-04-01,JBHT,REBALANCE,0.1578918081208051,0.15983846785409114,0.001946659733286036,1361917.4733463526,26.511899054220027
2019Q2,2019-04-01,KHC,REBALANCE,0.47862471819532804,0.46996895532435085,-0.008655762870977187,1361917.4733463526,-117.88434699126421
2019Q2,2019-04-01,LRCX,REBALANCE,0.36718956602827724,0.37053528518549617,0.0033457191572189293,1361917.4733463526,45.565933811260926
2019Q2,2019-04-01,MAR,REBALANCE,0.5448672121097743,0.5570849513137566,0.01221773920398227,1361917.4733463526,166.39552506692212
2019Q2,2019-04-01,MCHP,REBALANCE,0.3427214643731936,0.3617662520586652,0.019044787685471583,1361917.4733463526,259.3742912501519
2019Q2,2019-04-01,MDLZ,REBALANCE,0.947964233143316,0.9405856119770711,-0.007378621166244902,1361917.4733463526,-100.49073095512173
2019Q2,2019-04-01,MNST,REBALANCE,0.46624825434973904,0.45636907907920765,-0.009879175270531386,1361917.4733463526,-134.54621423187874
2019Q2,2019-04-01,MSFT,REBALANCE,10.95335956915249,11.023284536468235,0.06992496731574732,1361917.4733463526,952.3203481048888
2019Q2,2019-04-01,MU,REBALANCE,0.8273610927330274,0.8139643489339334,-0.013396743799093912,1361917.4733463526,-182.45259465930397
2019Q2,2019-04-01,NFLX,REBALANCE,2.647562447656495,2.7065915664017965,0.059029118745301465,1361917.4733463526,803.9278825546279
2019Q2,2019-04-01,NTAP,REBALANCE,0.19930648537999268,0.1987137099595631,-0.000592775420429556,1361917.4733463526,-8.073112028532428
2019Q2,2019-04-01,NVDA,REBALANCE,1.9397236477064657,1.9169029641520345,-0.022820683554431245,1361917.4733463526,-310.7988768648766
2019Q2,2019-04-01,ORLY,REBALANCE,0.37480126516735784,0.3789044157190362,0.004103150551678335,1361917.4733463526,55.8815243210145
2019Q2,2019-04-01,PAYX,REBALANCE,0.4063373407209514,0.4077985213054555,0.0014611805845041181,1361917.4733463526,19.900073697505952
2019Q2,2019-04-01,PCAR,REBALANCE,0.3299042837079498,0.3279455676692415,-0.001958716038708312,1361917.4733463526,-26.676095984406007
2019Q2,2019-04-01,PEP,REBALANCE,2.3365149910600675,2.3358693240663797,-0.0006456669936878712,1361917.4733463526,-8.793451606665208
2019Q2,2019-04-01,PYPL,REBALANCE,1.632973566375253,1.616863461792091,-0.016110104583162005,1361917.4733463526,-219.40632929245493
2019Q2,2019-04-01,QCOM,REBALANCE,0.9039449584808875,0.902419802964819,-0.0015251555160683897,1361917.4733463526,-20.771359469041137
2019Q2,2019-04-01,REGN,REBALANCE,0.7377549622186433,0.7338944107431623,-0.0038605514754809674,1361917.4733463526,-52.577525112105725
2019Q2,2019-04-01,ROST,REBALANCE,0.4943866721562073,0.4937620784955134,-0.0006245936606938916,1361917.4733463526,-8.50645020240374
2019Q2,2019-04-01,SBUX,REBALANCE,1.2732297723276518,1.2598281813651195,-0.01340159096253242,1361917.4733463526,-182.51860902513465
2019Q2,2019-04-01,SNPS,REBALANCE,0.3879308989841783,0.39432830293782956,0.006397403953651215,1361917.4733463526,87.12736228532629
2019Q2,2019-04-01,SWKS,REBALANCE,0.1851853557532182,0.18443970551719088,-0.0007456502360273475,1361917.4733463526,-10.155140854504765
2019Q2,2019-04-01,TTWO,REBALANCE,0.3121820881417805,0.3112003253291351,-0.0009817628126454134,1361917.4733463526,-13.3707992922345
2019Q2,2019-04-01,TXN,REBALANCE,1.3892311696251884,1.41413881130534,0.024907641680151603,1361917.4733463526,339.2215242404837
2019Q2,2019-04-01,UAL,REBALANCE,0.45907009415155026,0.45976405468589576,0.0006939605343455127,1361917.4733463526,9.451169775379254
2019Q2,2019-04-01,ULTA,REBALANCE,0.26774152857677475,0.26547322969577075,-0.002268298881003992,1361917.4733463526,-30.89235880811316
2019Q2,2019-04-01,VRSK,REBALANCE,0.2916722151018114,0.2934755971587456,0.001803382056934184,1361917.4733463526,24.56057534457952
2019Q2,2019-04-01,VRSN,REBALANCE,0.2859676132912031,0.29198569780223216,0.00601808451102903,1361917.4733463526,81.96134451645476
2019Q2,2019-04-01,VRTX,REBALANCE,0.8151860514350922,0.8271230301080756,0.011936978672983517,1361917.4733463526,162.57179833699007
2019Q2,2019-04-01,WDC,REBALANCE,0.21828600662005404,0.21496719196782685,-0.0033188146522271714,1361917.4733463526,-45.19951665666083
2019Q2,2019-04-01,WYNN,REBALANCE,0.21537118721360796,0.21970362920404168,0.00433244199043374,1361917.4733463526,59.00428449031161
2019Q2,2019-04-01,XEL,REBALANCE,0.4863896676732619,0.4880416660437234,0.0016519983704614723,1361917.4733463526,22.4988544667118
2019Q3,2019-07-01,AAL,REBALANCE,0.3666214608859033,0.361869837181156,-0.004751623704747328,1414617.5344401228,-67.21730209796907
2019Q3,2019-07-01,AAPL,REBALANCE,11.100498460110668,11.169537794192895,0.06903933408222707,1414617.5344401228,976.6425255878798
2019Q3,2019-07-01,ADBE,REBALANCE,2.017224540810288,2.011679830215406,-0.00554471059488193,1414617.5344401228,-78.43644830915902
2019Q3,2019-07-01,ADI,REBALANCE,0.8429681764429647,0.832595564919232,-0.010372611523732679,1414617.5344401228,-146.73278139407927
2019Q3,2019-07-01,ADP,REBALANCE,0.9693762568921802,0.9587958718705238,-0.010580385021656362,1414617.5344401228,-149.67198172762727
2019Q3,2019-07-01,ADSK,REBALANCE,0.6098140219817478,0.6010507233848126,-0.008763298596935285,1414617.5344401228,-123.96715854759181
2019Q3,2019-07-01,ALGN,REBALANCE,0.3315123999835942,0.3271742641271428,-0.004338135856451434,1414617.5344401228,-61.36803049319618
2019Q3,2019-07-01,AMAT,REBALANCE,0.583106210158358,0.5702585587369182,-0.012847651421439739,1414617.5344401228,-181.74512977143223
2019Q3,2019-07-01,AMD,REBALANCE,0.8625980061965414,0.8554620169280648,-0.007135989268476639,1414617.5344401228,-100.94695544763599
2019Q3,2019-07-01,AMGN,REBALANCE,1.368477300950938,1.366983238872286,-0.0014940620786519157,1414617.5344401228,-21.13526414003058
2019Q3,2019-07-01,AMZN,REBALANCE,11.28534830694373,11.169537794192895,-0.11581051275083437,1414617.5344401228,-1638.2758200983171
2019Q3,2019-07-01,AVGO,REBALANCE,1.9746841778553565,2.020299206065942,0.045615028210585495,1414617.5344401228,645.278187406751
2019Q3,2019-07-01,BIIB,REBALANCE,0.5726838193191134,0.5846104231540621,0.011926603834948746,1414617.5344401228,168.7158291123931
2019Q3,2019-07-01,BKNG,REBALANCE,0.9673864406308805,0.9688479285341658,0.001461487903285305,1414617.5344401228,20.67446414359523
2019Q3,2019-07-01,CDNS,REBALANCE,0.33604563615477184,0.34018728997131625,0.004141653816544435,1414617.5344401228,58.58856110464613
2019Q3,2019-07-01,CHTR,REBALANCE,0.9389657236425557,0.9442042209390951,0.005238497296539309,1414617.5344401228,74.10470129801685
2019Q3,2019-07-01,CMCSA,REBALANCE,1.9758777058224806,1.9739297724369802,-0.0019479333855002001,1414617.5344401228,-27.555807230498942
2019Q3,2019-07-01,COST,REBALANCE,1.809096548893416,1.7839357426589462,-0.025160806234469923,1414617.5344401228,-355.92917679931514
2019Q3,2019-07-01,CSCO,REBALANCE,3.015218252766544,2.9529364322440674,-0.06228182052247684,1414617.5344401228,-881.0495538794843
2019Q3,2019-07-01,CSX,REBALANCE,0.7542197901249642,0.7455610964652546,-0.008658693659709636,1414617.5344401228,-122.48739876370769
2019Q3,2019-07-01,CTAS,REBALANCE,0.3781661993732241,0.37427300335187047,-0.003893196021353615,1414617.5344401228,-55.073833568193464
2019Q3,2019-07-01,CTSH,REBALANCE,0.46200315115618695,0.4582845384659735,-0.003718612690213445,1414617.5344401228,-52.60414715367496
2019Q3,2019-07-01,DLTR,REBALANCE,0.34365201494600045,0.3557478912941534,0.012095876348152974,1414617.5344401228,171.11038776516756
2019Q3,2019-07-01,EA,REBALANCE,0.41978874409463235,0.4128255092809635,-0.0069632348136688775,1414617.5344401228,-98.50314063839895
2019Q3,2019-07-01,EBAY,REBALANCE,0.2674415836536345,0.2654448195645339,-0.001996764089100614,1414617.5344401228,-28.24657492582088
2019Q3,2019-07-01,EXPE,REBALANCE,0.25386141886454183,0.2508944005407995,-0.00296701832374238,1414617.5344401228,-41.97196145771112
2019Q3,2019-07-01,FAST,REBALANCE,0.27023494873697795,0.26396051726360303,-0.006274431473374947,1414617.5344401228,-88.75920780879174
2019Q3,2019-07-01,FOX,REBALANCE,0.12399944131704554,0.12080394707297429,-0.0031954942440712546,1414617.5344401228,-45.20402188865682
2019Q3,2019-07-01,FOXA,REBALANCE,0.11280886753321008,0.1098546113928349,-0.002954256140375185,1414617.5344401228,-41.79142537402138
2019Q3,2019-07-01,GILD,REBALANCE,1.1023629912601447,1.0890073252377885,-0.013355666022356327,1414617.5344401228,-188.9315933935143
2019Q3,2019-07-01,GOOG,REBALANCE,5.058021904753052,5.032374271352672,-0.025647633400380926,1414617.5344401228,-362.81591925071007
2019Q3,2019-07-01,GOOGL,REBALANCE,5.409276801731658,5.378421354981999,-0.03085544674965926,1414617.5344401228,-436.4865600505148
2019Q3,2019-07-01,HAS,REBALANCE,0.19583411204018245,0.19512250056948643,-0.000711611470696023,1414617.5344401228,-10.066580641553177
2019Q3,2019-07-01,HSIC,REBALANCE,0.13624733330163877,0.13312846852487978,-0.003118864776758992,1414617.5344401228,-44.12000800750949
2019Q3,2019-07-01,IDXX,REBALANCE,0.36874868082117584,0.3716105673213986,0.0028618865002227618,1414617.5344401228,40.48474824792595
2019Q3,2019-07-01,ILMN,REBALANCE,0.9318255738478678,0.9173430752458103,-0.014482498602057595,1414617.5344401228,-204.87196464975239
2019Q3,2019-07-01,INCY,REBALANCE,0.2860351459478021,0.2869556431057142,0.0009204971579120612,1414617.5344401228,13.021514199847003
2019Q3,2019-07-01,INTC,REBALANCE,3.5887819770554232,3.5385245382744506,-0.050257438780972746,1414617.5344401228,-710.9505413561508
2019Q3,2019-07-01,INTU,REBALANCE,1.168475189402923,1.1586682802085468,-0.00980690919437626,1414617.5344401228,-138.73025705026717
2019Q3,2019-07-01,ISRG,REBALANCE,1.0533650836133608,1.0507280888024,-0.0026369948109609964,1414617.5344401228,-37.30339097813042
2019Q3,2019-07-01,JBHT,REBALANCE,0.13926811694361846,0.13571462313738933,-0.00355349380622913,1414617.5344401228,-50.26834646816099
2019Q3,2019-07-01,KHC,REBALANCE,0.4362337468294442,0.42881934389138404,-0.007414402938060206,1414617.5344401228,-104.88544403584332
2019Q3,2019-07-01,KLAC,REBALANCE,0.2447277546807614,0.24563286650289123,0.000905111822129814,1414617.5344401228,12.803870542138844
2019Q3,2019-07-01,LRCX,REBALANCE,0.3764941104853737,0.37062401260376787,-0.005870097881605779,1414617.5344401228,-83.03943392199355
2019Q3,2019-07-01,MAR,REBALANCE,0.603770617806963,0.5948427252913062,-0.00892789251565676,1414617.5344401228,-126.29553298244791
2019Q3,2019-07-01,MCHP,REBALANCE,0.3655976609076355,0.3645330430170302,-0.0010646178906053173,1414617.5344401228,-15.060271355289382
2019Q3,2019-07-01,MDLZ,REBALANCE,0.9824324302844208,0.9989261715770452,0.016493741292624396,1414617.5344401228,233.32335641065566
2019Q3,2019-07-01,MNST,REBALANCE,0.5138297875414931,0.5325800002591664,0.018750212717673267,1414617.5344401228,265.2437968490279
2019Q3,2019-07-01,MSFT,REBALANCE,12.098775122309366,11.169537794192895,-0.929237328116471,1414617.5344401228,-13145.154180098494
2019Q3,2019-07-01,MU,REBALANCE,0.7316887627776593,0.741806188784409,0.010117426006749693,1414617.5344401228,143.12288232548627
2019Q3,2019-07-01,NFLX,REBALANCE,2.6843950970811594,2.652349456794055,-0.03204564028710423,1414617.5344401228,-453.32324652498454
2019Q3,2019-07-01,NVDA,REBALANCE,1.689858300738633,1.679454431405507,-0.010403869333125773,1414617.5344401228,-147.17495984663586
2019Q3,2019-07-01,ORLY,REBALANCE,0.3469579375025124,0.34775927820611247,0.0008013407036000682,1414617.5344401228,11.335906103732416
2019Q3,2019-07-01,PAYX,REBALANCE,0.4058490843822849,0.40697537515566995,0.001126290773385049,1414617.5344401228,15.93270676908617
2019Q3,2019-07-01,PCAR,REBALANCE,0.3335739072014423,0.3308861560248944,-0.0026877511765478757,1414617.5344401228,-38.02139942556695
2019Q3,2019-07-01,PEP,REBALANCE,2.4239140638911065,2.441528476781744,0.01761441289063713,1414617.5344401228,249.17657333963413
2019Q3,2019-07-01,PYPL,REBALANCE,1.7158296446790737,1.691551314084871,-0.024278330594202507,1414617.5344401228,-343.4455216549295
2019Q3,2019-07-01,QCOM,REBALANCE,1.1694515810312487,1.1722763859775214,0.002824804946272713,1414617.5344401228,39.96018608370569
2019Q3,2019-07-01,REGN,REBALANCE,0.5385792048135811,0.543890883243192,0.005311678429610871,1414617.5344401228,75.13993443834914
2019Q3,2019-07-01,ROST,REBALANCE,0.5074104172203031,0.49901661211648135,-0.008393805103821747,1414617.5344401228,-118.74023880539238
2019Q3,2019-07-01,SBUX,REBALANCE,1.3740741762555069,1.38898420028758,0.014910024032073303,1414617.5344401228,210.91981434694515
2019Q3,2019-07-01,SNPS,REBALANCE,0.42427805154063875,0.42317001812754607,-0.0011080334130927037,1414617.5344401228,-15.674434949064747
2019Q3,2019-07-01,SWKS,REBALANCE,0.1672548206335222,0.17387841536103898,0.00662359472751678,1414617.5344401228,93.69853242570385
2019Q3,2019-07-01,TMUS,BUY,0.0,1.2903589621371507,1.2903589621371507,1414617.5344401228,18253.644135611718
2019Q3,2019-07-01,TTWO,REBALANCE,0.3604362501397735,0.3620267434230734,0.0015904932832999392,1414617.5344401228,22.499396869653356
2019Q3,2019-07-01,TXN,REBALANCE,1.4827165485506266,1.4740368354077686,-0.00867971314285794,1414617.5344401228,-122.78474405797228
2019Q3,2019-07-01,UAL,REBALANCE,0.4857456380861577,0.4827300697964535,-0.0030155682897042325,1414617.5344401228,-42.65875778917219
2019Q3,2019-07-01,ULTA,REBALANCE,0.25423478038140285,0.24604981528640116,-0.008184965095001714,1414617.5344401228,-115.7859514216979
2019Q3,2019-07-01,VRSK,REBALANCE,0.31167045901811297,0.31036161540319307,-0.0013088436149199297,1414617.5344401228,-18.515131275057286
2019Q3,2019-07-01,VRSN,REBALANCE,0.3238409522436878,0.318478355807462,-0.0053625964362258305,1414617.5344401228,-75.86022948811173
2019Q3,2019-07-01,VRTX,REBALANCE,0.7938419831381364,0.7760484209149326,-0.017793562223203645,1414617.5344401228,-251.7108512109525
2019Q3,2019-07-01,WDC,REBALANCE,0.20711090327516418,0.21016843991789905,0.0030575366427348667,1414617.5344401228,43.252449470059275
2019Q3,2019-07-01,WYNN,REBALANCE,0.22164151347199984,0.2158198875853379,-0.005821625886661937,1414617.5344401228,-82.35374058222503
2019Q3,2019-07-01,XEL,REBALANCE,0.5006847263444835,0.5044828702036018,0.0037981438591183636,1414617.5344401228,53.729209014349124
2019Q4,2019-10-01,AAL,REBALANCE,0.29412666826594774,0.2960838964429826,0.0019572281770348626,1444481.8333883851,28.271805455227252
2019Q4,2019-10-01,AAPL,REBALANCE,12.425367264231506,11.166073624011906,-1.2592936402195998,1444481.8333883851,-18190.26786198741
2019Q4,2019-10-01,ADBE,REBALANCE,1.8470628118904406,1.823354868351346,-0.023707943539094667,1444481.8333883851,-342.4569374921978
2019Q4,2019-10-01,ADI,REBALANCE,0.8112013701472012,0.7990434046521284,-0.012157965495072746,1444481.8333883851,-175.61960288595407
2019Q4,2019-10-01,ADP,REBALANCE,0.9212830952996177,0.9292943563184997,0.008011261018881985,1444481.8333883851,115.72121004307552
2019Q4,2019-10-01,ADSK,REBALANCE,0.5337003592409125,0.5174920880911383,-0.016208271149774182,1444481.8333883851,-234.1255322648188
2019Q4,2019-10-01,ALGN,REBALANCE,0.2117960444337538,0.21960521694659485,0.007809172512841063,1444481.8333883851,112.80207828594841
2019Q4,2019-10-01,AMAT,REBALANCE,0.6233218904028288,0.6274513508229594,0.004129460420130605,1444481.8333883851,59.64930558575028
2019Q4,2019-10-01,AMD,REBALANCE,0.7997073581599259,0.7888047397809328,-0.01090261837899311,1444481.8333883851,-157.48634184821873
2019Q4,2019-10-01,AMGN,REBALANCE,1.4157331731864933,1.4276406474460173,0.011907474259524077,1444481.8333883851,172.00130249422344
2019Q4,2019-10-01,AMZN,REBALANCE,10.027535951742056,11.166073624011906,1.1385376722698501,1444481.8333883851,16445.969842220973
2019Q4,2019-10-01,AVGO,REBALANCE,1.9149547453426432,1.8663639516844668,-0.04859079365817642,1444481.8333883851,-701.8851870915939
2019Q4,2019-10-01,BIIB,REBALANCE,0.5699533345311016,0.5642049541434937,-0.005748380387607908,1444481.8333883851,-83.03431041305707
2019Q4,2019-10-01,BKNG,REBALANCE,0.9933045312051832,1.0097893325509606,0.01648480134577735,1444481.8333883851,238.11996070991788
2019Q4,2019-10-01,CDNS,REBALANCE,0.31089984327818465,0.3028999131033039,-0.007999930174880767,1444481.8333883851,-115.55753805990834
2019Q4,2019-10-01,CHTR,REBALANCE,0.9643210064080284,0.9631615375369067,-0.0011594688711216716,1444481.8333883851,-16.748317207145934
2019Q4,2019-10-01,CMCSA,REBALANCE,2.0713241457843403,2.0780699342894535,0.006745788505113301,1444481.8333883851,97.44168947516354
2019Q4,2019-10-01,COST,REBALANCE,1.90894124367363,1.9267330564345646,0.017791812760934583,1444481.8333883851,256.99950316217655
2019Q4,2019-10-01,CSCO,REBALANCE,2.6272575186403158,2.592379250622594,-0.0348782680177219,1444481.8333883851,-503.81024531650405
2019Q4,2019-10-01,CSX,REBALANCE,0.6561147499942992,0.6380145758664256,-0.018100174127873552,1444481.8333883851,-261.453727088798
2019Q4,2019-10-01,CTAS,REBALANCE,0.41412624690948796,0.4112524811586653,-0.0028737657508226717,1444481.8333883851,-41.51102420477082
2019Q4,2019-10-01,CTSH,REBALANCE,0.42811003042065093,0.4337331334539886,0.005623103033337677,1444481.8333883851,81.22470178927398
2019Q4,2019-10-01,DLTR,REBALANCE,0.37035603101137693,0.3660725694442015,-0.004283461567175387,1444481.8333883851,-61.873824178021884
2019Q4,2019-10-01,EA,REBALANCE,0.39055588490923193,0.3960079249805566,0.0054520400713246615,1444481.8333883851,78.75372837933989
2019Q4,2019-10-01,EXC,BUY,0.0,0.46307757447004905,0.46307757447004905,1444481.8333883851,6689.071437715429
2019Q4,2019-10-01,EXPE,REBALANCE,0.24890404852217682,0.2528923695483992,0.003988321026222397,1444481.8333883851,57.61057268099174
2019Q4,2019-10-01,FAST,REBALANCE,0.26094929560184355,0.2537578636814402,-0.007191431920403361,1444481.8333883851,-103.87892765072002
2019Q4,2019-10-01,FOX,REBALANCE,0.102867012262898,0.1055183957896984,0.0026513835268003995,1444481.8333883851,38.29875337808404
2019Q4,2019-10-01,FOXA,REBALANCE,0.09324049704653069,0.0962386054439019,0.0029981083973712203,1444481.8333883851,43.307131145318934
2019Q4,2019-10-01,GILD,REBALANCE,1.0098527158817852,1.024791544758615,0.014938828876829777,1444481.8333883851,215.78866924678425
2019Q4,2019-10-01,GOOG,REBALANCE,5.557941938196306,5.525199705498066,-0.03274223269824003,1444481.8333883851,-472.95560317182895
2019Q4,2019-10-01,GOOGL,REBALANCE,5.940171591177456,5.898532177805299,-0.0416394133721569,1444481.8333883851,-601.4737616903004
2019Q4,2019-10-01,HAS,REBALANCE,0.21579255465596237,0.215951606985875,0.0001590523299126352,1444481.8333883851,2.297482011168976
2019Q4,2019-10-01,HSIC,REBALANCE,0.11843891732132344,0.12081078791235374,0.0023718705910302914,1444481.8333883851,34.26123979891428
2019Q4,2019-10-01,IDXX,REBALANCE,0.3594335442963117,0.35689168323423304,-0.002541861062078628,1444481.8333883851,-36.716721271698844
2019Q4,2019-10-01,ILMN,REBALANCE,0.7423721780063267,0.7328243033405062,-0.009547874665820529,1444481.8333883851,-137.91731502246952
2019Q4,2019-10-01,INCY,REBALANCE,0.2455312097007249,0.24853445733994858,0.0030032476392237006,1444481.8333883851,43.381366560251905
2019Q4,2019-10-01,INTC,REBALANCE,3.7555033233210704,3.764499602044389,0.008996278723318735,1444481.8333883851,129.94961183932367
2019Q4,2019-10-01,INTU,REBALANCE,1.1567350734349389,1.1614790877360797,0.004744014301140756,1444481.8333883851,68.52642475332517
2019Q4,2019-10-01,ISRG,REBALANCE,1.0591753221384503,1.0496437127680076,-0.00953160937044277,1444481.8333883851,-137.68236578559083
2019Q4,2019-10-01,JBHT,REBALANCE,0.16129311574399618,0.1617147652407884,0.00042164949679221464,1444481.8333883851,6.090650381737082
2019Q4,2019-10-01,KHC,REBALANCE,0.3839178097400653,0.3910996211320224,0.007181811391957123,1444481.8333883851,103.73996086503814
2019Q4,2019-10-01,KLAC,REBALANCE,0.3263142174633815,0.3213128273366476,-0.0050013901267338765,1444481.8333883851,-72.24417179755118
2019Q4,2019-10-01,LRCX,REBALANCE,0.4488150002687573,0.4486442719999908,-0.00017072826876650404,1444481.8333883851,-2.4661388267906474
2019Q4,2019-10-01,MAR,REBALANCE,0.5183416436038226,0.5218227657216206,0.003481122117797962,1444481.8333883851,50.28417658965658
2019Q4,2019-10-01,MCHP,REBALANCE,0.38412797986662284,0.37222295932102767,-0.011905020545595162,1444481.8333883851,-171.96585904227692
2019Q4,2019-10-01,MDLZ,REBALANCE,1.0092107466087414,1.0030903210377746,-0.006120425570966745,1444481.8333883851,-88.40843549867198
2019Q4,2019-10-01,MNST,REBALANCE,0.47442109446240216,0.46406471300935154,-0.01035638145305065,1444481.8333883851,-149.59604868572072
2019Q4,2019-10-01,MSFT,REBALANCE,11.390408558753494,11.166073624011906,-0.22433493474158794,1444481.8333883851,-3240.477378285927
2019Q4,2019-10-01,MU,REBALANCE,0.8066654630401213,0.782550872526153,-0.02411459051396836,1444481.8333883851,-348.33087917027177
2019Q4,2019-10-01,NFLX,REBALANCE,1.892481710568852,1.9093482722754795,0.016866561706627495,1444481.8333883851,243.63441976947612
2019Q4,2019-10-01,NTAP,REBALANCE,0.14386076436929948,0.14284886385533097,-0.0010119005139685175,1444481.8333883851,-14.616719096238935
2019Q4,2019-10-01,NVDA,REBALANCE,1.7450027623544189,1.760876990692765,0.015874228338346244,1444481.8333883851,229.3003445380024
2019Q4,2019-10-01,ORLY,REBALANCE,0.3674870962416806,0.3723349549688679,0.004847858727187373,1444481.8333883851,70.02643862255499
2019Q4,2019-10-01,PAYX,REBALANCE,0.40379227822155783,0.4020983285377807,-0.0016939496837771115,1444481.8333883851,-24.468795448900373
2019Q4,2019-10-01,PCAR,REBALANCE,0.318155553587498,0.3109905507686201,-0.007165002818877893,1444481.8333883851,-103.49716408045686
2019Q4,2019-10-01,PEP,REBALANCE,2.5171844079861785,2.561727886350969,0.04454347836479085,1444481.8333883851,643.4224529386895
2019Q4,2019-10-01,PYPL,REBALANCE,1.4992574195155237,1.5082019568891432,0.008944537373619353,1444481.8333883851,129.20221744256614
2019Q4,2019-10-01,QCOM,REBALANCE,1.1603488643237387,1.1506930330670593,-0.009655831256679542,1444481.8333883851,-139.4767283653734
2019Q4,2019-10-01,REGN,REBALANCE,0.47206400605394494,0.47515827582959563,0.0030942697756507036,1444481.8333883851,44.69616478530195
2019Q4,2019-10-01,ROST,REBALANCE,0.54288235049309,0.5525190883531433,0.009636737860053285,1444481.8333883851,139.20092771973032
2019Q4,2019-10-01,SBUX,REBALANCE,1.4401847101015013,1.4270114326996457,-0.013173277401855484,1444481.8333883851,-190.2855989316599
2019Q4,2019-10-01,SNPS,REBALANCE,0.4419868890020696,0.43798768281790945,-0.003999206184160213,1444481.8333883851,-57.767806809939124
2019Q4,2019-10-01,SWKS,REBALANCE,0.17569799159571767,0.16536599697281795,-0.010331994622899722,1444481.8333883851,-149.24378535445126
2019Q4,2019-10-01,TMUS,REBALANCE,1.3425971451765468,1.3612582419314823,0.01866109675493534,1444481.8333883851,269.55615253607044
2019Q4,2019-10-01,TTWO,REBALANCE,0.3914232790439818,0.38384349205452306,-0.00757978698945872,1444481.8333883851,-109.4886460722676
2019Q4,2019-10-01,TXN,REBALANCE,1.6353936712075607,1.6275711591509374,-0.007822512056623182,1444481.8333883851,-112.99476557253801
2019Q4,2019-10-01,UAL,REBALANCE,0.4773935510882235,0.4795493854245521,0.0021558343363286235,1444481.8333883851,31.140635346216026
2019Q4,2019-10-01,ULTA,REBALANCE,0.17411087402968395,0.1923352101566965,0.018224336127012547,1444481.8333883851,263.2472246103327
2019Q4,2019-10-01,VRSK,REBALANCE,0.3287139568681213,0.32953681064076457,0.0008228537726432273,1444481.8333883851,11.885973261182384
2019Q4,2019-10-01,VRSN,REBALANCE,0.2812801485255369,0.2773545550889653,-0.00392559343657165,1444481.8333883851,-56.704484043964285
2019Q4,2019-10-01,VRTX,REBALANCE,0.7021476796012164,0.7154117949807642,0.013264115379547827,1444481.8333883851,191.59773701724322
2019Q4,2019-10-01,WDC,REBALANCE,0.25815558116501075,0.2480882754938084,-0.010067305671202344,1444481.8333883851,-145.42040153219648
2019Q4,2019-10-01,WYNN,REBALANCE,0.18712167380169953,0.18255183194615626,-0.004569841855543277,1444481.8333883851,-66.01053541790132
2019Q4,2019-10-01,XEL,REBALANCE,0.5423716717789135,0.5550653598219787,0.012693688043065136,1444481.8333883851,183.3580177690695
2020Q1,2020-01-02,AAL,REBALANCE,0.2803079921440153,0.28323597999938327,0.0029279878553680003,1627777.622904192,47.66113111103267
2020Q1,2020-01-02,AAPL,REBALANCE,13.030454726582924,11.342058989735214,-1.6883957368477087,1627777.622904192,-27483.32799047535
2020Q1,2020-01-02,ADBE,REBALANCE,1.931744751364932,1.96424026659737,0.03249551523243806,1627777.622904192,528.9547254010498
2020Q1,2020-01-02,ADI,REBALANCE,0.757766167539264,0.7736705146234335,0.01590434708416957,1627777.622904192,258.8874029051276
2020Q1,2020-01-02,ADP,REBALANCE,0.8758042244960876,0.8714092860567293,-0.0043949384393584395,1627777.622904192,-71.5398244562914
2020Q1,2020-01-02,ADSK,REBALANCE,0.570402792954913,0.5860012441212126,0.015598451166299546,1627777.622904192,253.90809760466198
2020Q1,2020-01-02,ALGN,REBALANCE,0.30056580176278064,0.3001953241485712,-0.0003704776142094378,1627777.622904192,-6.030551701970549
2020Q1,2020-01-02,AMAT,REBALANCE,0.6834554629046595,0.6877730462805517,0.004317583375892074,1627777.622904192,70.28065604300257
2020Q1,2020-01-02,AMD,REBALANCE,1.1073180165575136,1.1829907375270508,0.07567272096953725,1627777.622904192,1231.7836185848557
2020Q1,2020-01-02,AMGN,REBALANCE,1.5887364386178857,1.568996344338391,-0.019740094279494663,1627777.622904192,-321.3248374218046
2020Q1,2020-01-02,AMZN,REBALANCE,10.547624002638816,11.342058989735214,0.7944349870963998,1627777.622904192,12931.634948477002
2020Q1,2020-01-02,AVGO,REBALANCE,1.9150744968433122,1.9425775431117214,0.027503046268409145,1627777.622904192,447.68843277415044
2020Q1,2020-01-02,BIIB,REBALANCE,0.6381093081030926,0.6418735957037862,0.003764287600693632,1627777.622904192,61.27423122584804
2020Q1,2020-01-02,BKNG,REBALANCE,0.9376853179697076,0.9303520741158845,-0.007333243853823064,1627777.622904192,-119.36890248552884
2020Q1,2020-01-02,CDNS,REBALANCE,0.28213385373596106,0.29114757288371174,0.009013719147750628,1627777.622904192,146.72330327851515
2020Q1,2020-01-02,CHTR,REBALANCE,1.0060181418422431,1.0230513662800278,0.017033224437784655,1627777.622904192,277.263015857307
2020Q1,2020-01-02,CMCSA,REBALANCE,1.848179129549323,1.8603428534861841,0.01216372393686091,1627777.622904192,197.99837635606272
2020Q1,2020-01-02,COST,REBALANCE,1.7480426134532305,1.74138823257397,-0.0066543808792604575,1627777.622904192,-108.31852289541695
2020Q1,2020-01-02,CSCO,REBALANCE,2.249867083858235,2.3443259501757243,0.09445886631748897,1627777.622904192,1537.5802887650705
2020Q1,2020-01-02,CSX,REBALANCE,0.5934060632796464,0.6141129870778604,0.02070692379821399,1627777.622904192,337.0626719791501
2020Q1,2020-01-02,CTAS,REBALANCE,0.3698369118362576,0.3764552834469115,0.006618371610653869,1627777.622904192,107.73237207886743
2020Q1,2020-01-02,CTSH,REBALANCE,0.39732226007687144,0.3904176382927337,-0.006904621784137744,1627777.622904192,-112.39188834836237
2020Q1,2020-01-02,DLTR,REBALANCE,0.26762645278384334,0.2662921958323512,-0.0013342569514921288,1627777.622904192,-21.71873608843251
2020Q1,2020-01-02,EA,REBALANCE,0.3862264995257861,0.3859524603335479,-0.00027403919223819087,1627777.622904192,-4.4607486492406725
2020Q1,2020-01-02,EBAY,REBALANCE,0.2124521244881472,0.21383183025402677,0.0013797057658795561,1627777.622904192,22.458541718906314
2020Q1,2020-01-02,EXC,REBALANCE,0.39098537937163025,0.3883404594932952,-0.002644919878335046,1627777.622904192,-43.05341392328266
2020Q1,2020-01-02,EXPE,REBALANCE,0.18119808553516772,0.18477061016582524,0.0035725246306575085,1627777.622904192,58.15275651058356
2020Q1,2020-01-02,FAST,REBALANCE,0.2561805781820869,0.2678178791458364,0.011637300963749514,1627777.622904192,189.42938099792846
2020Q1,2020-01-02,FOX,REBALANCE,0.10806496089516159,0.10838967809257825,0.0003247171974166737,1627777.622904192,5.285673877270243
2020Q1,2020-01-02,GILD,REBALANCE,0.9410993521609015,0.9375690181740207,-0.0035303339868807126,1627777.622904192,-57.46598665222565
2020Q1,2020-01-02,GOOG,REBALANCE,5.377732649760869,5.507191219041753,0.1294585692808846,1627777.622904192,2107.29762168616
2020Q1,2020-01-02,GOOGL,REBALANCE,5.741198232709996,5.880547041054561,0.13934880834456445,1627777.622904192,2268.2887200164696
2020Q1,2020-01-02,HAS,REBALANCE,0.17169156954445441,0.17181276177828897,0.00012119223383455502,1627777.622904192,1.9727400630566094
2020Q1,2020-01-02,HSIC,REBALANCE,0.11264321759885203,0.11297746764528852,0.00033425004643647567,1627777.622904192,5.440847460439821
2020Q1,2020-01-02,IDXX,REBALANCE,0.3041256875672469,0.30889742746664395,0.004771739899397075,1627777.622904192,77.67331430557658
2020Q1,2020-01-02,ILMN,REBALANCE,0.7091318299641189,0.7111247948944214,0.001992964930302467,1627777.622904192,32.441037167791684
2020Q1,2020-01-02,INCY,REBALANCE,0.2594405548254602,0.25377911806422965,-0.005661436761230558,1627777.622904192,-92.15560073418285
2020Q1,2020-01-02,INTC,REBALANCE,3.90132325211632,3.9854536986361078,0.08413044651978813,1627777.622904192,1369.4565824984898
2020Q1,2020-01-02,INTU,REBALANCE,1.0172153306797482,1.0295777376238566,0.012362406944108582,1627777.622904192,201.23249388855345
2020Q1,2020-01-02,ISRG,REBALANCE,1.0198097379235684,1.0418313787859699,0.02202164086240136,1627777.622904192,358.4633421544951
2020Q1,2020-01-02,JBHT,REBALANCE,0.15178412648888465,0.15433127516128708,0.0025471486724024366,1627777.622904192,41.461916111468064
2020Q1,2020-01-02,KHC,REBALANCE,0.40403106064409633,0.4020508692042176,-0.0019801914398787437,1627777.622904192,-32.23311314901051
2020Q1,2020-01-02,KLAC,REBALANCE,0.3201479055905869,0.32712873234519974,0.006980826754612824,1627777.622904192,113.63233580529648
2020Q1,2020-01-02,LRCX,REBALANCE,0.5058772511402946,0.5117773810004868,0.00590012986019222,1627777.622904192,96.04099358649734
2020Q1,2020-01-02,MAR,REBALANCE,0.5658195662589514,0.5647452998917877,-0.0010742663671636093,1627777.622904192,-17.486667535075018
2020Q1,2020-01-02,MCHP,REBALANCE,0.37377575398275337,0.3801449705781726,0.006369216595419197,1627777.622904192,103.6766824945339
2020Q1,2020-01-02,MDLZ,REBALANCE,0.8908686291778751,0.8807105643684816,-0.010158064809393484,1627777.622904192,-165.3507058874125
2020Q1,2020-01-02,MNST,REBALANCE,0.45074826594667566,0.46026097745413874,0.009512711507463079,1627777.622904192,154.84578924991604
2020Q1,2020-01-02,MSFT,REBALANCE,11.277577610789212,11.342058989735214,0.06448137894600331,1627777.622904192,1049.6134574230969
2020Q1,2020-01-02,MU,REBALANCE,0.8715646362284618,0.9001665235062709,0.028601887277809185,1627777.622904192,465.57512083645884
2020Q1,2020-01-02,NFLX,REBALANCE,2.0485748595916684,2.0520149766185773,0.003440117026909037,1627777.622904192,55.99745516574228
2020Q1,2020-01-02,NTAP,REBALANCE,0.15169367107338505,0.1541225955732806,0.0024289244998955406,1627777.622904192,39.53748948653716
2020Q1,2020-01-02,NVDA,REBALANCE,2.113802150652345,2.1343598243009474,0.020557673648602393,1627777.622904192,334.6332114416215
2020Q1,2020-01-02,ORLY,REBALANCE,0.3633652780977275,0.3571610894480998,-0.006204188649627665,1627777.622904192,-100.9903945214009
2020Q1,2020-01-02,PAYX,REBALANCE,0.3693978803434212,0.3698228860026456,0.0004250056592244259,1627777.622904192,6.918147016931651
2020Q1,2020-01-02,PCAR,REBALANCE,0.32202208830746265,0.33214832272240685,0.010126234414944198,1627777.622904192,164.8325778492849
2020Q1,2020-01-02,PEP,REBALANCE,2.2820077971677963,2.240554386429782,-0.04145341073801441,1627777.622904192,-674.769343923962
2020Q1,2020-01-02,PYPL,REBALANCE,1.3975441126295842,1.431105151632957,0.03356103900337276,1627777.622904192,546.2990829110498
2020Q1,2020-01-02,QCOM,REBALANCE,1.190245708409817,1.197108618526048,0.00686291011623083,1627777.622904192,111.71291515203353
2020Q1,2020-01-02,REGN,REBALANCE,0.5707365507419091,0.563670892165067,-0.007065658576842042,1627777.622904192,-115.01320922464555
2020Q1,2020-01-02,ROST,REBALANCE,0.5207905704408905,0.519962499217723,-0.0008280712231674946,1627777.622904192,-13.47915807242951
2020Q1,2020-01-02,SBUX,REBALANCE,1.2654564995457203,1.3011888108549647,0.03573231130924448,1627777.622904192,581.6425676383456
2020Q1,2020-01-02,SNPS,REBALANCE,0.39419016124177464,0.40421755904944096,0.010027397807666361,1627777.622904192,163.22373767277855
2020Q1,2020-01-02,SWKS,REBALANCE,0.22483647943221455,0.22935082332601037,0.004514343893795812,1627777.622904192,73.48347972415002
2020Q1,2020-01-02,TMUS,REBALANCE,1.2026062175060415,1.2017673194347827,-0.0008388980712587327,1627777.622904192,-13.655395082924514
2020Q1,2020-01-02,TTWO,REBALANCE,0.33271268947613214,0.33491200594919995,0.0021993164730678416,1627777.622904192,35.79998140544402
2020Q1,2020-01-02,TXN,REBALANCE,1.4444899030404337,1.4515035902473035,0.007013687206869693,1627777.622904192,114.1672308939189
2020Q1,2020-01-02,UAL,REBALANCE,0.4240094466323457,0.4303742945675818,0.006364847935236111,1627777.622904192,103.6055704216529
2020Q1,2020-01-02,ULTA,REBALANCE,0.1723728582392569,0.16169100061356548,-0.010681857625691422,1627777.622904192,-173.87688814148996
2020Q1,2020-01-02,VRSK,REBALANCE,0.2766275639656246,0.28009777000724556,0.00347020604162091,1627777.622904192,56.4872374141745
2020Q1,2020-01-02,VRSN,REBALANCE,0.2514074243944805,0.2605705558374292,0.009163131442948723,1627777.622904192,149.1554031856173
2020Q1,2020-01-02,VRTX,REBALANCE,0.8204523762691502,0.8229789435252127,0.0025265672560625257,1627777.622904192,41.12689642181025
2020Q1,2020-01-02,WDC,REBALANCE,0.2363701848908511,0.24820559134942888,0.01183540645857779,1627777.622904192,192.65409791248675
2020Q1,2020-01-02,WYNN,REBALANCE,0.20864793463538123,0.211249198817757,0.0026012641823757506,1627777.622904192,42.34279627333416
2020Q1,2020-01-02,XEL,REBALANCE,0.4850524588809857,0.4713348439383522,-0.013717614942633516,1627777.622904192,-223.2922664323501
2020Q2,2020-04-01,AAL,SELL,0.1333437647676626,0.0,-0.1333437647676626,1475017.9200667893,-1966.8444256147288
2020Q2,2020-04-01,AAPL,REBALANCE,10.864718211328029,11.687230372691577,0.8225121613635491,1475017.9200667893,12132.201774841016
2020Q2,2020-04-01,ADBE,REBALANCE,2.091622587872374,2.1069407111221223,0.01531812324974853,1475017.9200667893,225.94506295170802
2020Q2,2020-04-01,ADI,REBALANCE,0.647578700151496,0.646859837743481,-0.0007188624080150391,1475017.9200667893,-10.603349338845465
2020Q2,2020-04-01,ADP,REBALANCE,0.7756733670364302,0.7953082636381774,0.019634896601747245,1475017.9200667893,289.6182434623569
2020Q2,2020-04-01,ADSK,REBALANCE,0.550247186167851,0.5172836588962544,-0.03296352727159653,1475017.9200667893,-486.2179343421519
2020Q2,2020-04-01,ALGN,REBALANCE,0.20651882698145993,0.19811679800086773,-0.008402028980592207,1475017.9200667893,-123.93143311294003
2020Q2,2020-04-01,AMAT,REBALANCE,0.5715443340555391,0.5720085826853376,0.0004642486297986269,1475017.9200667893,6.847750483194274
2020Q2,2020-04-01,AMD,REBALANCE,1.2946891755517371,1.2527867345140231,-0.0419024410377139,1475017.9200667893,-618.0685142517003
2020Q2,2020-04-01,AMGN,REBALANCE,1.4664473446064508,1.5503989312945186,0.08395158668806774,1475017.9200667893,1238.3009478294043
2020Q2,2020-04-01,AMZN,REBALANCE,13.2067990549573,11.687230372691577,-1.519568682265722,1475017.9200667893,-22413.91037114217
2020Q2,2020-04-01,AVGO,REBALANCE,1.635735713255729,1.6320763899492996,-0.003659323306429499,1475017.9200667893,-53.975674523015655
2020Q2,2020-04-01,BIIB,REBALANCE,0.7552571472942728,0.7619193212504893,0.0066621739562165196,1475017.9200667893,98.26825972021624
2020Q2,2020-04-01,BKNG,REBALANCE,0.6725543280195453,0.6791589942561549,0.006604666236609616,1475017.9200667893,97.42001055059265
2020Q2,2020-04-01,CDNS,REBALANCE,0.3059207488277861,0.3166497883353931,0.010729039507606985,1475017.9200667893,158.25525538824863
2020Q2,2020-04-01,CDW,BUY,0.0,0.1842079784237407,0.1842079784237407,1475017.9200667893,2717.10069194294
2020Q2,2020-04-01,CHTR,REBALANCE,1.0154932117385942,1.0534418098174647,0.037948598078870605,1475017.9200667893,559.7486220774628
2020Q2,2020-04-01,CMCSA,REBALANCE,1.5872449232689871,1.6010356201766236,0.013790696907636443,1475017.9200667893,203.41525068973408
2020Q2,2020-04-01,COST,REBALANCE,1.8681926710242942,2.044697768552548,0.17650509752825394,1475017.9200667893,2603.481818373109
2020Q2,2020-04-01,CPRT,BUY,0.0,0.27457383192366014,0.27457383192366014,1475017.9200667893,4050.0132246880535
2020Q2,2020-04-01,CSCO,REBALANCE,2.1360959351298585,2.2101692056120834,0.074073270482225,1475017.9200667893,1092.5940135923622
2020Q2,2020-04-01,CSX,REBALANCE,0.53852272913261,0.5500075121951316,0.011484783062521483,1475017.9200667893,169.40260825298728
2020Q2,2020-04-01,CTAS,REBALANCE,0.2674409387915366,0.2693611951159173,0.0019202563243807345,1475017.9200667893,28.324124895831687
2020Q2,2020-04-01,CTSH,REBALANCE,0.3238492547331905,0.320226976735282,-0.003622277997908461,1475017.9200667893,-53.429249583786316
2020Q2,2020-04-01,DLTR,REBALANCE,0.2295659377253242,0.24666500548323333,0.017099067757909155,1475017.9200667893,252.2143135935226
2020Q2,2020-04-01,DXCM,BUY,0.0,0.43256028833308063,0.43256028833308063,1475017.9200667893,6380.341768005513
2020Q2,2020-04-01,EA,REBALANCE,0.39684450999420245,0.4176417665392673,0.020797256545064882,1475017.9200667893,306.76326092197024
2020Q2,2020-04-01,EBAY,REBALANCE,0.1973418501993804,0.20283263025575515,0.0054907800563747545,1475017.9200667893,80.98998978298098
2020Q2,2020-04-01,EXC,REBALANCE,0.34867492742425876,0.34344967668468934,-0.00522525073956945,1475017.9200667893,-77.07338477707182
2020Q2,2020-04-01,EXPE,REBALANCE,0.10649564465002496,0.103489354587258,-0.0030062900627669635,1475017.9200667893,-44.34331715499984
2020Q2,2020-04-01,FAST,REBALANCE,0.2517143554713039,0.26408167317309467,0.012367317701790764,1475017.9200667893,182.42015233300597
2020Q2,2020-04-01,FOX,REBALANCE,0.07573451111162305,0.07690733841406608,0.0011728273024430341,1475017.9200667893,17.299412882470673
2020Q2,2020-04-01,FOXA,REBALANCE,0.07107894249439552,0.07251973679388754,0.0014407942994920132,1475017.9200667893,21.25197410880796
2020Q2,2020-04-01,GILD,REBALANCE,1.2014794723621107,1.2527746571080367,0.05129518474592601,1475017.9200667893,756.6131671337748
2020Q2,2020-04-01,GOOG,REBALANCE,5.2856544062839905,5.303267057483034,0.017612651199043483,1475017.9200667893,259.7897613847496
2020Q2,2020-04-01,GOOGL,REBALANCE,5.62983825643498,5.639367842151287,0.009529585716307187,1475017.9200667893,140.56309702365613
2020Q2,2020-04-01,HAS,SELL,0.1293000559866862,0.0,-0.1293000559866862,1475017.9200667893,-1907.1989964600127
2020Q2,2020-04-01,HSIC,SELL,0.0944054166926393,0.0,-0.0944054166926393,1475017.9200667893,-1392.4968137301537
2020Q2,2020-04-01,IDXX,REBALANCE,0.3162286103592378,0.3201853854067499,0.003956775047512075,1475017.9200667893,58.363141007534324
2020Q2,2020-04-01,ILMN,REBALANCE,0.6460992905565245,0.6642189270399975,0.018119636483472992,1475017.9200667893,267.26788518218643
2020Q2,2020-04-01,INCY,REBALANCE,0.23487077976280915,0.2607890379741015,0.025918258211292358,1475017.9200667893,382.2989531857443
2020Q2,2020-04-01,INTC,REBALANCE,3.99671091759526,4.067387101322685,0.0706761837274257,1475017.9200667893,1042.4863751988573
2020Q2,2020-04-01,INTU,REBALANCE,0.9996404212515403,1.0068152374111934,0.007174816159652951,1475017.9200667893,105.82982408672885
2020Q2,2020-04-01,ISRG,REBALANCE,0.9631344909027796,0.9520055460589686,-0.011128944843811009,1475017.9200667893,-164.15393076056134
2020Q2,2020-04-01,JBHT,SELL,0.1348349431215957,0.0,-0.1348349431215957,1475017.9200667893,-1988.8395735553993
2020Q2,2020-04-01,KHC,REBALANCE,0.34751435250133544,0.36486877384501104,0.017354421343675597,1475017.9200667893,255.98082474311076
2020Q2,2020-04-01,KLAC,REBALANCE,0.29268380769164465,0.28223505311393343,-0.01044875457771122,1475017.9200667893,-154.12100244503947
2020Q2,2020-04-01,LRCX,REBALANCE,0.46634814132045854,0.4596882082529247,-0.0066599330675338325,1475017.9200667893,-98.23520621057786
2020Q2,2020-04-01,MAR,REBALANCE,0.3091263573486629,0.3082423287807923,-0.0008840285678705928,1475017.9200667893,-13.039579794601043
2020Q2,2020-04-01,MCHP,REBALANCE,0.27252163143814423,0.26507872976415764,-0.007442901673986599,1475017.9200667893,-109.78413346425337
2020Q2,2020-04-01,MDLZ,REBALANCE,0.8889834427674187,0.9454310886202131,0.05644764585279443,1475017.9200667893,832.6128917845556
2020Q2,2020-04-01,MNST,REBALANCE,0.4496619069799288,0.4569332660855627,0.007271359105633871,1475017.9200667893,107.25384984050781
2020Q2,2020-04-01,MSFT,REBALANCE,12.55168392561458,11.687230372691577,-0.8644535529230015,1475017.9200667893,-12750.84481626832
2020Q2,2020-04-01,MU,REBALANCE,0.7769071943030426,0.772056289548129,-0.004850904754913517,1475017.9200667893,-71.55171442034633
2020Q2,2020-04-01,NFLX,REBALANCE,2.627967608573839,2.6977835629954994,0.06981595442166061,1475017.9200667893,1029.7978387851558
2020Q2,2020-04-01,NTAP,REBALANCE,0.11479379318270103,0.1169974352460568,0.0022036420633557733,1475017.9200667893,32.50411532862721
2020Q2,2020-04-01,NVDA,REBALANCE,2.640271724048135,2.576936959904113,-0.06333476414402198,1475017.9200667893,-934.1991207563595
2020Q2,2020-04-01,ORLY,REBALANCE,0.27075015518369566,0.2792671280980187,0.008516972914323056,1475017.9200667893,125.62687673349974
2020Q2,2020-04-01,PAYX,REBALANCE,0.3040373895351667,0.3158806902868969,0.011843300751730257,1475017.9200667893,174.69080841542606
2020Q2,2020-04-01,PCAR,REBALANCE,0.28448184348673744,0.30037900773821635,0.01589716425147887,1475017.9200667893,234.4860214917648
2020Q2,2020-04-01,PEP,REBALANCE,2.187487583907548,2.336314490114793,0.1488269062072448,1475017.9200667893,2195.223536437854
2020Q2,2020-04-01,PYPL,REBALANCE,1.3978349352981785,1.4062821736080704,0.0084472383098921,1475017.9200667893,124.59827882165547
2020Q2,2020-04-01,QCOM,REBALANCE,1.0209959362828283,1.067772926394853,0.04677699011202477,1475017.9200667893,689.9689866202355
2020Q2,2020-04-01,REGN,REBALANCE,0.8089363911100846,0.8930041268605283,0.08406773575044373,1475017.9200667893,1240.0141673134397
2020Q2,2020-04-01,ROST,REBALANCE,0.42997894075294,0.4311355985694168,0.0011566578164767978,1475017.9200667893,17.060910066886002
2020Q2,2020-04-01,SBUX,REBALANCE,1.0786970688586044,1.091118458762932,0.012421389904327534,1475017.9200667893,183.21772701019813
2020Q2,2020-04-01,SNPS,REBALANCE,0.41272031591329267,0.4244244013013784,0.01170408538808572,1475017.9200667893,172.63735685418297
2020Q2,2020-04-01,SWKS,REBALANCE,0.1878730248664305,0.18581521727501105,-0.0020578075914194464,1475017.9200667893,-30.35303073393161
2020Q2,2020-04-01,TMUS,REBALANCE,1.418904959676916,1.550348675460877,0.13144371578396094,1475017.9200667893,1938.8183626150826
2020Q2,2020-04-01,TTWO,REBALANCE,0.3580650655341136,0.38007689969062664,0.022011834156512998,1475017.9200667893,324.67849834394906
2020Q2,2020-04-01,TXN,REBALANCE,1.2567383136993298,1.302003466653202,0.045265152953872546,1475017.9200667893,667.6691176152616
2020Q2,2020-04-01,UAL,REBALANCE,0.17010491501989702,0.1465012001911258,-0.02360371482877121,1475017.9200667893,-348.1590235258374
2020Q2,2020-04-01,ULTA,REBALANCE,0.1238495991234496,0.12217400741494772,-0.0016755917085018845,1475017.9200667893,-24.715277967556077
2020Q2,2020-04-01,VRSK,REBALANCE,0.2890051845711974,0.3113121431796383,0.02230695860844091,1475017.9200667893,329.03163689638467
2020Q2,2020-04-01,VRSN,REBALANCE,0.2687670887687511,0.2767747483006778,0.008007659531926708,1475017.9200667893,118.11441307385532
2020Q2,2020-04-01,VRTX,REBALANCE,0.9870229730790236,1.007058531512719,0.02003555843369531,1475017.9200667893,295.52807728245875
2020Q2,2020-04-01,WDC,REBALANCE,0.18104131790793637,0.17419795849059722,-0.006843359417339182,1475017.9200667893,-100.94077774033114
2020Q2,2020-04-01,WYNN,SELL,0.10189146876038754,0.0,-0.10189146876038754,1475017.9200667893,-1502.9174232349706
2020Q2,2020-04-01,XEL,REBALANCE,0.4972137478202114,0.5260271634053971,0.028813415585185725,1475017.9200667893,425.0030432648066
2020Q3,2020-07-01,AAPL,REBALANCE,13.060776507679853,12.079852846793273,-0.9809236608865803,1898626.8321048354,-18624.07982805766
2020Q3,2020-07-01,ADBE,REBALANCE,2.2389989313537253,2.3254132572815314,0.08641432592780586,1898626.8321048354,1640.6855788478479
2020Q3,2020-07-01,ADI,REBALANCE,0.6912004018236517,0.703704932093234,0.012504530269582398,1898626.8321048354,237.41436692696251
2020Q3,2020-07-01,ADP,REBALANCE,0.6770082378381108,0.695068529527215,0.018060291689104245,1898626.8321048354,342.8975439657328
2020Q3,2020-07-01,ADSK,REBALANCE,0.6157813689719904,0.6774738664491526,0.06169249747716224,1898626.8321048354,1171.310310497001
2020Q3,2020-07-01,ALGN,REBALANCE,0.2428297941471571,0.2608661645865962,0.018036370439439113,1898626.8321048354,342.4433687010158
2020Q3,2020-07-01,AMAT,REBALANCE,0.5886095940859347,0.5983034070392763,0.009693812953341565,1898626.8321048354,184.04933378619714
2020Q3,2020-07-01,AMD,REBALANCE,1.125855577596109,1.1404233972302689,0.014567819634159727,1898626.8321048354,276.58853242679305
2020Q3,2020-07-01,AMGN,REBALANCE,1.4108053967516518,1.5216737339517965,0.11086833720014462,1898626.8321048354,2104.9759983904128
2020Q3,2020-07-01,AMZN,REBALANCE,12.847552110353213,12.079852846793273,-0.7676992635599413,1898626.8321048354,-14575.744207820266
2020Q3,2020-07-01,AVGO,REBALANCE,1.7051743121181815,1.742944156723639,0.037769844605457445,1898626.8321048354,717.1084041235158
2020Q3,2020-07-01,BIIB,REBALANCE,0.500567416187483,0.5199507716149464,0.019383355427463403,1898626.8321048354,368.0175871080691
2020Q3,2020-07-01,BKNG,REBALANCE,0.6245099316766833,0.6696597656041867,0.04514983392750341,1898626.8321048354,857.2268615983522
2020Q3,2020-07-01,CDNS,REBALANCE,0.3574539075902097,0.3561249472123526,-0.001328960377857064,1898626.8321048354,-25.231998322036024
2020Q3,2020-07-01,CDW,REBALANCE,0.17888302493369848,0.18172269286865514,0.0028396679349566595,1898626.8321048354,53.914697355764424
2020Q3,2020-07-01,CHTR,REBALANCE,0.9567033909283578,0.9800803227754414,0.02337693184708365,1898626.8321048354,443.8407005715907
2020Q3,2020-07-01,CMCSA,REBALANCE,1.4186241604977872,1.4907452185139562,0.07212105801616894,1898626.8321048354,1369.309759092879
2020Q3,2020-07-01,COST,REBALANCE,1.693084276508786,1.6461412017858974,-0.046943074722888625,1898626.8321048354,-891.2738125037861
2020Q3,2020-07-01,CPRT,REBALANCE,0.25923166023484256,0.2709706608512738,0.011739000616431275,1898626.8321048354,222.87981552451623
2020Q3,2020-07-01,CSCO,REBALANCE,2.0565388404303895,2.0265667348973997,-0.02997210553298997,1898626.8321048354,-569.0584377961255
2020Q3,2020-07-01,CSX,REBALANCE,0.5219041702408161,0.5190630860636384,-0.0028410841771777696,1898626.8321048354,-53.94158651058202
2020Q3,2020-07-01,CTAS,REBALANCE,0.3217834541760431,0.3353610331376211,0.013577578961578018,1898626.8321048354,257.7875573147413
2020Q3,2020-07-01,CTSH,REBALANCE,0.3054539854032989,0.32259206922197714,0.017138083818678262,1898626.8321048354,325.3882578900425
2020Q3,2020-07-01,DLTR,REBALANCE,0.24173592795655258,0.23872298979689924,-0.0030129381596533285,1898626.8321048354,-57.20445233390372
2020Q3,2020-07-01,DXCM,REBALANCE,0.5059412782682188,0.513535196990594,0.007593918722375182,1898626.8321048354,144.1801784712479
2020Q3,2020-07-01,EA,REBALANCE,0.427722711456908,0.43768189573603133,0.009959184279123394,1898626.8321048354,189.08774498220328
2020Q3,2020-07-01,EBAY,REBALANCE,0.27594715762929517,0.28315288472183797,0.007205727092542786,1898626.8321048354,136.80986802726497
2020Q3,2020-07-01,EXC,REBALANCE,0.26590659083199286,0.29283549785968116,0.02692890702768831,1898626.8321048354,511.2794544202549
2020Q3,2020-07-01,EXPE,REBALANCE,0.11744870570402967,0.12702599612314308,0.009577290419113413,1898626.8321048354,181.83700568589288
2020Q3,2020-07-01,FAST,REBALANCE,0.283216954151325,0.28243629031880857,-0.0007806638325164386,1898626.8321048354,-14.821892992695057
2020Q3,2020-07-01,FOX,REBALANCE,0.07008934081394341,0.07255458153534108,0.002465240721397674,1898626.8321048354,46.805721812431045
2020Q3,2020-07-01,FOXA,REBALANCE,0.06394535164425591,0.06607870171622718,0.002133350071971277,1898626.8321048354,40.50435688917448
2020Q3,2020-07-01,GILD,REBALANCE,1.0105608153988037,1.0021492373365837,-0.008411578062220149,1898626.8321048354,-159.70447809275572
2020Q3,2020-07-01,GOOG,REBALANCE,5.008665551555702,5.213876295107685,0.2052107435519826,1898626.8321048354,3896.186239439785
2020Q3,2020-07-01,GOOGL,REBALANCE,5.346778285624069,5.577335182033686,0.23055689640961718,1898626.8321048354,4377.415098501142
2020Q3,2020-07-01,IDXX,REBALANCE,0.33902972741660903,0.3510179938568005,0.011988266440191454,1898626.8321048354,227.61244333769412
2020Q3,2020-07-01,ILMN,REBALANCE,0.6997255825792335,0.72150635538084,0.02178077280160645,1898626.8321048354,413.5355966510922
2020Q3,2020-07-01,INCY,REBALANCE,0.28765108051466026,0.27278065467904666,-0.014870425835613633,1898626.8321048354,-282.3338949632101
2020Q3,2020-07-01,INTC,REBALANCE,3.5130208429198575,3.504816186167741,-0.00820465675211643,1898626.8321048354,-155.77581457778365
2020Q3,2020-07-01,INTU,REBALANCE,1.0094548797395824,1.057994921303722,0.048540041564139845,1898626.8321048354,921.5942534515988
2020Q3,2020-07-01,ISRG,REBALANCE,0.8510460008887653,0.9037642549724193,0.05271825408365415,1898626.8321048354,1000.9229174494609
2020Q3,2020-07-01,KHC,REBALANCE,0.37015530248798717,0.3736715354804989,0.0035162329925117215,1898626.8321048354,66.76014307515035
2020Q3,2020-07-01,KLAC,REBALANCE,0.2980983161009837,0.3146027078651927,0.016504391764209005,1898626.8321048354,313.3568105109728
2020Q3,2020-07-01,LRCX,REBALANCE,0.4832248423548612,0.49591078361133206,0.012685941256470896,1898626.8321048354,240.85868460041374
2020Q3,2020-07-01,MAR,REBALANCE,0.27442457516062596,0.29185713732831325,0.017432562167687307,1898626.8321048354,330.9793028390676
2020Q3,2020-07-01,MCHP,REBALANCE,0.32121029088886444,0.33044295587118006,0.0092326649823156,1898626.8321048354,175.29385467259115
2020Q3,2020-07-01,MNST,REBALANCE,0.4373904503987265,0.44900196323164254,0.011611512832916063,1898626.8321048354,220.45929825904068
2020Q3,2020-07-01,MSFT,REBALANCE,11.749073338795512,12.079852846793273,0.330779507997761,1898626.8321048354,6280.26849394985
2020Q3,2020-07-01,MU,REBALANCE,0.734705309972276,0.727098801962837,-0.007606508009438875,1898626.8321048354,-144.4192020534099
2020Q3,2020-07-01,NFLX,REBALANCE,2.539828804867671,2.7200495738259782,0.18022076895830713,1898626.8321048354,3421.719876468081
2020Q3,2020-07-01,NTAP,REBALANCE,0.09791142908355296,0.09733985820966061,-0.0005715708738923556,1898626.8321048354,-10.851997976216355
2020Q3,2020-07-01,NVDA,REBALANCE,2.886655093774887,3.0561571523407354,0.1695020585658482,1898626.8321048354,3218.2115649012467
2020Q3,2020-07-01,ORLY,REBALANCE,0.30388662667739624,0.3131143943307965,0.009227767653400285,1898626.8321048354,175.20087267174853
2020Q3,2020-07-01,PAYX,REBALANCE,0.298432323947199,0.3036174155382294,0.005185091591030375,1898626.8321048354,98.44554021651422
2020Q3,2020-07-01,PCAR,REBALANCE,0.2870552316864044,0.28170851676805697,-0.005346714918347435,1898626.8321048354,-101.51416407589655
2020Q3,2020-07-01,PEP,REBALANCE,2.014338594395833,1.9942273279168792,-0.02011126647895392,1898626.8321048354,-381.8379016455245
2020Q3,2020-07-01,PYPL,REBALANCE,1.9881984022794694,2.0639561397430306,0.0757577374635613,1898626.8321048354,1438.3567308787121
2020Q3,2020-07-01,QCOM,REBALANCE,1.1270924684707937,1.1080864378622959,-0.019006030608497912,1898626.8321048354,-360.8535968509993
2020Q3,2020-07-01,REGN,REBALANCE,0.8860827031703387,0.8279299968722365,-0.05815270629810215,1898626.8321048354,-1104.102885370886
2020Q3,2020-07-01,ROST,REBALANCE,0.32828077471826866,0.35040106164637375,0.0221202869281051,1898626.8321048354,419.98170295558185
2020Q3,2020-07-01,SBUX,REBALANCE,0.9542585872372059,0.9805417910001649,0.026283203762958972,1898626.8321048354,499.0199589803268
2020Q3,2020-07-01,SNPS,REBALANCE,0.49924131440082475,0.5014937262096928,0.0022524118088680656,1898626.8321048354,42.76489497266697
2020Q3,2020-07-01,SWKS,REBALANCE,0.20731674479371073,0.21522715853303326,0.007910413739322525,1898626.8321048354,150.18923778528492
2020Q3,2020-07-01,TMUS,REBALANCE,1.4951488903907473,1.4609553593145994,-0.034193531076147886,1898626.8321048354,-649.207555855849
2020Q3,2020-07-01,TTWO,REBALANCE,0.34745610783559716,0.3558983427058437,0.008442234870246514,1898626.8321048354,160.28653647581115
2020Q3,2020-07-01,TXN,REBALANCE,1.2952562377389547,1.277557520755088,-0.01769871698386674,1898626.8321048354,-336.0325895939896
2020Q3,2020-07-01,UAL,SELL,0.1248536142827691,0.0,-0.1248536142827691,1898626.8321048354,-2370.5042216253296
2020Q3,2020-07-01,ULTA,REBALANCE,0.10989005579373956,0.1164051488860258,0.006515093092286238,1898626.8321048354,123.69730558675516
2020Q3,2020-07-01,VRSK,REBALANCE,0.29582457014135455,0.2886796896527367,-0.007144880488617854,1898626.8321048354,-135.65461807872165
2020Q3,2020-07-01,VRSN,REBALANCE,0.24694946080861574,0.250963871900377,0.004014411091761254,1898626.8321048354,76.21868613917184
2020Q3,2020-07-01,VRTX,REBALANCE,0.9545280253803714,0.966473181803101,0.011945156422729641,1898626.8321048354,226.79394497883908
2020Q3,2020-07-01,WDC,REBALANCE,0.14543917337624312,0.14643696536523354,0.0009977919889904256,1898626.8321048354,18.944346431564746
2020Q3,2020-07-01,XEL,REBALANCE,0.4263906033582958,0.44236440231025964,0.015973798951963818,1898626.8321048354,303.282833008466
2020Q4,2020-10-01,AAPL,REBALANCE,13.878116008442037,11.89991559543415,-1.978200413007887,2102346.0696275993,-41588.61863222825
2020Q4,2020-10-01,ADBE,REBALANCE,2.365995593445115,2.2164162214003023,-0.1495793720448127,2102346.0696275993,-3144.676049157764
2020Q4,2020-10-01,ADI,REBALANCE,0.6080699965451996,0.5868066723795466,-0.021263324165652926,2102346.0696275993,-447.0286598687798
2020Q4,2020-10-01,ADP,REBALANCE,0.5920104815964676,0.5422700743536636,-0.04974040724280409,2102346.0696275993,-1045.7154966858536
2020Q4,2020-10-01,ADSK,REBALANCE,0.5909023271962781,0.5514332310713372,-0.03946909612494087,2102346.0696275993,-829.7769911002334
2020Q4,2020-10-01,ALGN,REBALANCE,0.2810161878034557,0.2539142636714141,-0.027101924132041585,2102346.0696275993,-569.7762367834301
2020Q4,2020-10-01,AMAT,REBALANCE,0.5331544936342938,0.5119602022053346,-0.02119429142895925,2102346.0696275993,-445.57735284214397
2020Q4,2020-10-01,AMD,REBALANCE,1.605070430444806,1.5446163591912612,-0.060454071253544794,2102346.0696275993,-1270.9537909287674
2020Q4,2020-10-01,AMGN,REBALANCE,1.4907653479290084,1.286922476585238,-0.20384287134377033,2102346.0696275993,-4285.482593911799
2020Q4,2020-10-01,AMZN,REBALANCE,12.451139690554177,11.89991559543415,-0.5512240951200273,2102346.0696275993,-11588.638098596193
2020Q4,2020-10-01,AVGO,REBALANCE,1.8335494555230276,1.7397333330780151,-0.0938161224450125,2102346.0696275993,-1972.3395628997364
2020Q4,2020-10-01,BIIB,REBALANCE,0.4978762450724088,0.47062840968408587,-0.027247835388322875,2102346.0696275993,-572.8437963450041
2020Q4,2020-10-01,BKNG,REBALANCE,0.6497144608704524,0.5905099716195293,-0.05920448925092296,2102346.0696275993,-1244.6832528098735
2020Q4,2020-10-01,CDNS,REBALANCE,0.35737730349043034,0.33445617284865875,-0.022921130641771585,2102346.0696275993,-481.88148916149225
2020Q4,2020-10-01,CDW,REBALANCE,0.16942491667912662,0.163583986902969,-0.00584092977615764,2102346.0696275993,-122.79655757875828
2020Q4,2020-10-01,CHTR,REBALANCE,1.0834628161532966,1.000891711019921,-0.08257110513337582,2102346.0696275993,-1735.9303834195996
2020Q4,2020-10-01,CMCSA,REBALANCE,1.597727139874987,1.4634476708535797,-0.1342794690214073,2102346.0696275993,-2823.019139288366
2020Q4,2020-10-01,COST,REBALANCE,1.7442976586419479,1.6284307734618926,-0.11586688518005518,2102346.0696275993,-2435.9229065828135
2020Q4,2020-10-01,CPRT,REBALANCE,0.30904357766714946,0.2882379430508608,-0.0208056346162886,2102346.0696275993,-437.4064416166226
2020Q4,2020-10-01,CSCO,REBALANCE,1.5578707959518967,1.4572563148560715,-0.10061448109582508,2102346.0696275993,-2115.264588794282
2020Q4,2020-10-01,CSX,REBALANCE,0.5238552862977321,0.4923094096360996,-0.031545876661632624,2102346.0696275993,-663.2034981254035
2020Q4,2020-10-01,CTAS,REBALANCE,0.3784438932527092,0.35911668121306384,-0.019327212039645363,2102346.0696275993,-406.32488268407644
2020Q4,2020-10-01,CTSH,REBALANCE,0.3571109246707926,0.3337680007948928,-0.023342923875899722,2102346.0696275993,-490.7490426411403
2020Q4,2020-10-01,DLTR,REBALANCE,0.2124734233172837,0.19707869574393716,-0.015394727573346534,2102346.0696275993,-323.65045006812716
2020Q4,2020-10-01,DXCM,REBALANCE,0.4715866365273008,0.44564273130569154,-0.025943905221609276,2102346.0696275993,-545.4306717344122
2020Q4,2020-10-01,EA,REBALANCE,0.39036111209733765,0.3606803467015558,-0.029680765395781895,2102346.0696275993,-623.9924047336092
2020Q4,2020-10-01,EBAY,REBALANCE,0.25475981087284844,0.23571810390708767,-0.019041706965760782,2102346.0696275993,-400.3225779846766
2020Q4,2020-10-01,EXC,REBALANCE,0.26320126732290733,0.23804226511454293,-0.02515900220836438,2102346.0696275993,-528.9292940850695
2020Q4,2020-10-01,EXPE,REBALANCE,0.12796116656744244,0.11622174800790017,-0.011739418559542275,2102346.0696275993,-246.80320468366997
2020Q4,2020-10-01,FAST,REBALANCE,0.2699398105762688,0.2480237752981031,-0.021916035278165713,2102346.0696275993,-460.75090628871493
2020Q4,2020-10-01,FOX,REBALANCE,0.06885226460881153,0.06435075490415927,-0.0045015097046522436,2102346.0696275993,-94.63731234966139
2020Q4,2020-10-01,FOXA,REBALANCE,0.062438382522094674,0.058178911709479524,-0.0042594708126151536,2102346.0696275993,-89.54881721594946
2020Q4,2020-10-01,GILD,REBALANCE,0.7510874562301403,0.7074825060132396,-0.04360495021690078,2102346.0696275993,-916.7269570480848
2020Q4,2020-10-01,GOOG,REBALANCE,4.895146599874126,4.533925665251252,-0.36122093462287314,2102346.0696275993,-7594.114121716054
2020Q4,2020-10-01,GOOGL,REBALANCE,5.205783200475267,4.829556960248102,-0.3762262402271649,2102346.0696275993,-7909.577574323491
2020Q4,2020-10-01,IDXX,REBALANCE,0.3774456299145056,0.3476230255936067,-0.029822604320898886,2102346.0696275993,-626.9743498010083
2020Q4,2020-10-01,ILMN,REBALANCE,0.543793637389278,0.5086637273131811,-0.03512991007609684,2102346.0696275993,-738.5522837485319
2020Q4,2020-10-01,INCY,REBALANCE,0.2126311950454673,0.20612925772668256,-0.0065019373187847306,2102346.0696275993,-136.6932236711209
2020Q4,2020-10-01,INTC,REBALANCE,2.7579295435881024,2.6304427493871003,-0.12748679420100245,2102346.0696275993,-2680.2136071790014
2020Q4,2020-10-01,INTU,REBALANCE,1.0541154292109374,0.976877706262453,-0.07723772294848438,2102346.0696275993,-1623.8042326773157
2020Q4,2020-10-01,ISRG,REBALANCE,1.0163005404015355,0.9363280439986373,-0.07997249640289816,2102346.0696275993,-1681.2986349094026
2020Q4,2020-10-01,KHC,REBALANCE,0.32056459883981486,0.3041632594034579,-0.01640133943635693,2102346.0696275993,-344.8129150065314
2020Q4,2020-10-01,KLAC,REBALANCE,0.2842548380332205,0.2731586006553742,-0.011096237377846308,2102346.0696275993,-233.28131038970045
2020Q4,2020-10-01,LRCX,REBALANCE,0.4611156290732141,0.44627842509119064,-0.014837203982023383,2102346.0696275993,-311.92937475869826
2020Q4,2020-10-01,MAR,REBALANCE,0.2846362294028397,0.2667879540385719,-0.0178482753642678,2102346.0696275993,-375.23251561699516
2020Q4,2020-10-01,MCHP,REBALANCE,0.29219122171545875,0.2888637561381699,-0.003327465577288892,2102346.0696275993,-69.95484178234433
2020Q4,2020-10-01,MDLZ,REBALANCE,0.7695145828066771,0.7215092886001546,-0.048005294206522435,2102346.0696275993,-1009.2374159639901
2020Q4,2020-10-01,MNST,REBALANCE,0.4691367408822451,0.44476795585613615,-0.02436878502610892,2102346.0696275993,-512.3161942123999
2020Q4,2020-10-01,MSFT,REBALANCE,11.30215247956555,11.89991559543415,0.5977631158686005,2102346.0696275993,12567.049372146997
2020Q4,2020-10-01,MU,REBALANCE,0.5985232869565461,0.5883367224391571,-0.01018656451738896,2102346.0696275993,-214.15683876140645
2020Q4,2020-10-01,NFLX,REBALANCE,2.6993467911380873,2.4795059017092305,-0.21984088942885693,2102346.0696275993,-4621.81629834193
2020Q4,2020-10-01,NTAP,SELL,0.08782075848570162,0.0,-0.08782075848570162,2102346.0696275993,-1846.2962643412943
2020Q4,2020-10-01,NVDA,REBALANCE,3.9330924264291363,3.6651053624795247,-0.2679870639496117,2102346.0696275993,-5634.015506055062
2020Q4,2020-10-01,ORLY,REBALANCE,0.30920179815203164,0.28588404499194225,-0.023317753160089372,2102346.0696275993,-490.21986708660427
2020Q4,2020-10-01,PAYX,REBALANCE,0.29124378210794105,0.26727520801502697,-0.023968574092914086,2102346.0696275993,-503.9023753881583
2020Q4,2020-10-01,PCAR,REBALANCE,0.29091233371219094,0.2699929121568586,-0.020919421555332322,2102346.0696275993,-439.7986368573579
2020Q4,2020-10-01,PEP,REBALANCE,1.9008878180097575,1.793099104624414,-0.10778871338534349,2102346.0696275993,-2266.091779358927
2020Q4,2020-10-01,PYPL,REBALANCE,2.1078769045215697,1.922558025149701,-0.18531887937186867,2102346.0696275993,-3896.044176752393
2020Q4,2020-10-01,QCOM,REBALANCE,1.2980431009617008,1.2445906459914933,-0.0534524549702077,2102346.0696275993,-1123.755586185624
2020Q4,2020-10-01,REGN,REBALANCE,0.6711281027691962,0.6480112438727658,-0.02311685889643039,2102346.0696275993,-485.9963744304623
2020Q4,2020-10-01,ROST,REBALANCE,0.34644328633641724,0.31982801360917873,-0.026615272727238466,2102346.0696275993,-559.5451401017642
2020Q4,2020-10-01,SBUX,REBALANCE,1.039520542896632,0.9694063056715261,-0.07011423722510599,2102346.0696275993,-1474.043910551387
2020Q4,2020-10-01,SNPS,REBALANCE,0.4969806437828188,0.46401464804762765,-0.03296599573519117,2102346.0696275993,-693.0593156523935
2020Q4,2020-10-01,SWKS,REBALANCE,0.2219563280614648,0.21905436374478313,-0.0029019643166817034,2102346.0696275993,-61.00933275375321
2020Q4,2020-10-01,TMUS,REBALANCE,1.4487292478830904,1.3369551285046508,-0.11177411937843967,2102346.0696275993,-2349.878805613487
2020Q4,2020-10-01,TSLA,BUY,0.0,6.2629003414858015,6.2629003414858015,2102346.0696275993,131667.83917392025
2020Q4,2020-10-01,TTWO,REBALANCE,0.38048005200140017,0.3442704150771219,-0.03620963692427823,2102346.0696275993,-761.2518787039874
2020Q4,2020-10-01,TXN,REBALANCE,1.3064472945541474,1.2534749968529486,-0.05297229770119885,2102346.0696275993,-1113.6610187125852
2020Q4,2020-10-01,ULTA,REBALANCE,0.11575058204174947,0.10971441750603263,-0.006036164535716841,2102346.0696275993,-126.90106787289803
2020Q4,2020-10-01,VRSK,REBALANCE,0.28427388957117256,0.2612271693699325,-0.02304672020124001,2102346.0696275993,-484.52181632883935
2020Q4,2020-10-01,VRSN,REBALANCE,0.2244755555940327,0.2073500635162939,-0.017125492077738794,2102346.0696275993,-360.0371096007275
2020Q4,2020-10-01,VRTX,REBALANCE,0.8181325595169788,0.7748972212513692,-0.043235338265609595,2102346.0696275993,-908.9564347172408
2020Q4,2020-10-01,WDC,SELL,0.10948203191554955,0.0,-0.10948203191554955,2102346.0696275993,-2301.6911949249898
2020Q4,2020-10-01,XEL,REBALANCE,0.44388242400321654,0.4095948634826579,-0.034287560520558646,2102346.0696275993,-720.8431809751492
2021Q1,2021-01-04,AAPL,REBALANCE,11.925275162978155,11.544470241355782,-0.3808049216223727,2407799.8830333184,-9169.020457408611
2021Q1,2021-01-04,ADBE,REBALANCE,1.973478205555312,1.8922996784688493,-0.08117852708646282,2407799.8830333184,-1954.6164802360227
2021Q1,2021-01-04,ADI,REBALANCE,0.6512480718306592,0.6355534077419184,-0.015694664088740894,2407799.8830333184,-377.89610357117544
2021Q1,2021-01-04,ADP,REBALANCE,0.6013009438552186,0.5878032215632754,-0.013497722291943258,2407799.8830333184,-324.9981415575719
2021Q1,2021-01-04,ADSK,REBALANCE,0.636399279115055,0.6147668421450008,-0.021632436970054226,2407799.8830333184,-520.865792062222
2021Q1,2021-01-04,ALGN,REBALANCE,0.3619057834202852,0.3698239701275547,0.007918186707269511,2407799.8830333184,190.65409027599506
2021Q1,2021-01-04,AMAT,REBALANCE,0.6508268878763266,0.646247124430926,-0.004579763445400516,2407799.8830333184,-110.2715388815563
2021Q1,2021-01-04,AMD,REBALANCE,1.5085519218875383,1.4762367874110172,-0.032315134476521186,2407799.8830333184,-778.0837701277367
2021Q1,2021-01-04,AMGN,REBALANCE,1.0234013060708407,1.0104161498425714,-0.01298515622826929,2407799.8830333184,-312.65657647596163
2021Q1,2021-01-04,AMZN,REBALANCE,10.747333168341457,11.544470241355782,0.7971370730143243,2407799.8830333184,19193.465511654118
2021Q1,2021-01-04,AVGO,REBALANCE,1.8411689840076102,1.778536262092293,-0.06263272191531707,2407799.8830333184,-1508.0706050175882
2021Q1,2021-01-04,BIIB,REBALANCE,0.3546917585055246,0.351818889851421,-0.0028728686541035827,2407799.8830333184,-69.17292809320693
2021Q1,2021-01-04,BKNG,REBALANCE,0.6712977146087685,0.6442358328632168,-0.02706188174555176,2407799.8830333184,-651.5959570160102
2021Q1,2021-01-04,CDNS,REBALANCE,0.37364011057825164,0.36728058174985057,-0.006359528828401087,2407799.8830333184,-153.12472769171154
2021Q1,2021-01-04,CDW,REBALANCE,0.15796325131511668,0.14845230677976315,-0.00951094453535352,2407799.8830333184,-229.00451139760585
2021Q1,2021-01-04,CHTR,REBALANCE,0.9260030090322117,0.8959820260099135,-0.030020983022298157,2407799.8830333184,-722.8451940963474
2021Q1,2021-01-04,CMCSA,REBALANCE,1.4546977388909679,1.405675265736721,-0.04902247315424664,2407799.8830333184,-1180.3630512679906
2021Q1,2021-01-04,COST,REBALANCE,1.551585523314678,1.5602112112384796,0.008625687923801556,2407799.8830333184,207.68930374011293
2021Q1,2021-01-04,CPRT,REBALANCE,0.30453847356838726,0.28499640540620896,-0.019542068162178287,2407799.8830333184,-470.5338943512201
2021Q1,2021-01-04,CSCO,REBALANCE,1.4588621967395743,1.462536086968383,0.0036738902288087696,2407799.8830333184,88.45992463203007
2021Q1,2021-01-04,CSX,REBALANCE,0.5036643685735795,0.49663090329917375,-0.007033465274405848,2407799.8830333184,-169.35176865033307
2021Q1,2021-01-04,CTAS,REBALANCE,0.336495487055717,0.3204279340868735,-0.01606755296884358,2407799.8830333184,-386.8745215901322
2021Q1,2021-01-04,CTSH,REBALANCE,0.34501311975716503,0.3369245674740774,-0.00808855228308764,2407799.8830333184,-194.75615241127304
2021Q1,2021-01-04,DLTR,REBALANCE,0.20353874252324644,0.20157786839645853,-0.001960874126787906,2407799.8830333184,-47.21392493122981
2021Q1,2021-01-04,DXCM,REBALANCE,0.3489827700097055,0.3384999159371165,-0.010482854072589023,2407799.8830333184,-252.40614809835196
2021Q1,2021-01-04,EA,REBALANCE,0.34723874181120024,0.3334343298716533,-0.013804411939546957,2407799.8830333184,-332.38261453384905
2021Q1,2021-01-04,EBAY,REBALANCE,0.19912723831980073,0.2042805194222009,0.005153281102400183,2407799.8830333184,124.0806963559697
2021Q1,2021-01-04,EXC,REBALANCE,0.24761193624548528,0.24251454588054633,-0.005097390364938942,2407799.8830333184,-122.7349592447515
2021Q1,2021-01-04,EXPE,REBALANCE,0.146533613828904,0.1457301540824657,-0.0008034597464382951,2407799.8830333184,-19.345702834961067
2021Q1,2021-01-04,FAST,REBALANCE,0.2377554195426214,0.23520669463531738,-0.0025487249073040223,2407799.8830333184,-61.368195336907306
2021Q1,2021-01-04,FOX,REBALANCE,0.05801524868132178,0.056945383309385963,-0.0010698653719358117,2407799.8830333184,-25.760217174084453
2021Q1,2021-01-04,FOXA,REBALANCE,0.05315297228375002,0.052562670712571744,-0.0005903015711782814,2407799.8830333184,-14.213280540374502
2021Q1,2021-01-04,GILD,REBALANCE,0.5759829257874565,0.5968237884374628,0.020840862650006297,2407799.8830333184,501.8062665099862
2021Q1,2021-01-04,GOOG,REBALANCE,4.719146378398124,4.620644886342403,-0.09850149205572131,2407799.8830333184,-2371.718810503731
2021Q1,2021-01-04,GOOGL,REBALANCE,5.0427611610381975,4.923158462695568,-0.11960269834263015,2407799.8830333184,-2879.7936307985415
2021Q1,2021-01-04,IDXX,REBALANCE,0.38595382279680734,0.38049777733660534,-0.005456045460202046,2407799.8830333184,-131.37065620898954
2021Q1,2021-01-04,ILMN,REBALANCE,0.5316740014476226,0.5309052364576141,-0.0007687649900083547,2407799.8830333184,-18.51032253022227
2021Q1,2021-01-04,INCY,REBALANCE,0.17444431586991518,0.16940583918472357,-0.0050384766851916275,2407799.8830333184,-121.31643573270503
2021Q1,2021-01-04,INTC,REBALANCE,2.225880248538645,2.2136242989065438,-0.012255949632100985,2407799.8830333184,-295.0987409063499
2021Q1,2021-01-04,INTU,REBALANCE,0.9949577006065016,0.9617289960270913,-0.033228704579410344,2407799.8830333184,-800.0807099965292
2021Q1,2021-01-04,ISRG,REBALANCE,0.9426302500912028,0.9263570472879403,-0.016273202803262533,2407799.8830333184,-391.82615806273
2021Q1,2021-01-04,KHC,REBALANCE,0.3110197618721009,0.3048394339539742,-0.006180327918126668,2407799.8830333184,-148.80992838372944
2021Q1,2021-01-04,KLAC,REBALANCE,0.3199683485506539,0.31524288040102305,-0.004725468149630908,2407799.8830333184,-113.77981657958973
2021Q1,2021-01-04,LRCX,REBALANCE,0.556135280102582,0.5541583613990932,-0.0019769187034887788,2407799.8830333184,-47.60024623026661
2021Q1,2021-01-04,MAR,REBALANCE,0.33192766112966166,0.3100067313096839,-0.02192092981997771,2407799.8830333184,-527.8121225652391
2021Q1,2021-01-04,MCHP,REBALANCE,0.3399877773356703,0.3262265907619249,-0.01376118657374541,2407799.8830333184,-331.3418342266387
2021Q1,2021-01-04,MDLZ,REBALANCE,0.6446376402336499,0.6375296890406469,-0.007107951193002955,2407799.8830333184,-171.1452405111905
2021Q1,2021-01-04,MNST,REBALANCE,0.4478069127929832,0.4345576011651815,-0.013249311627801675,2407799.8830333184,-319.0169098769286
2021Q1,2021-01-04,MSFT,REBALANCE,11.016298929671061,11.544470241355782,0.5281713116847206,2407799.8830333184,12717.308224960247
2021Q1,2021-01-04,MU,REBALANCE,0.8224015758810719,0.7988605537710466,-0.023541022110025282,2407799.8830333184,-566.8207028300363
2021Q1,2021-01-04,NFLX,REBALANCE,2.34117241188026,2.159516741533272,-0.18165567034698799,2407799.8830333184,-4373.905018138167
2021Q1,2021-01-04,NVDA,REBALANCE,3.0885998500708256,3.1029047226695377,0.014304872598711743,2407799.8830333184,344.43270569984657
2021Q1,2021-01-04,NXPI,BUY,0.0,0.36583796356829845,0.36583796356829845,2407799.8830333184,8808.646058888964
2021Q1,2021-01-04,ORLY,REBALANCE,0.24500966455881396,0.24600721719797913,0.0009975526391651796,2407799.8830333184,24.019071279014977
2021Q1,2021-01-04,PAYX,REBALANCE,0.2746653217229865,0.2694653130640136,-0.005200008658972884,2407799.8830333184,-125.20580240847153
2021Q1,2021-01-04,PCAR,REBALANCE,0.2413000431337848,0.24067329355697925,-0.0006267495768055419,2407799.8830333184,-15.090875577235657
2021Q1,2021-01-04,PEP,REBALANCE,1.687131932661185,1.6259137617949373,-0.06121817086624792,2407799.8830333184,-1474.0110465126545
2021Q1,2021-01-04,PYPL,REBALANCE,1.995344064529966,1.9893922927453358,-0.005951771784630175,2407799.8830333184,-143.3067540687354
2021Q1,2021-01-04,QCOM,REBALANCE,1.4128366657857,1.3646445190164116,-0.04819214676928859,2407799.8830333184,-1160.3704535421757
2021Q1,2021-01-04,REGN,REBALANCE,0.4883093191950777,0.483932872318711,-0.004376446876366673,2407799.8830333184,-105.37608277017206
2021Q1,2021-01-04,ROST,REBALANCE,0.36750165278097374,0.3469389975324167,-0.020562655248557028,2407799.8830333184,-495.1075890233007
2021Q1,2021-01-04,SBUX,REBALANCE,1.058866422151547,1.0172433913053147,-0.04162303084623217,2407799.8830333184,-1002.1992880305003
2021Q1,2021-01-04,SNPS,REBALANCE,0.49084495410183293,0.4783629414142577,-0.01248201268757524,2407799.8830333184,-300.5418868916406
2021Q1,2021-01-04,SWKS,REBALANCE,0.2016826698593092,0.1914147691297179,-0.010267900729591306,2407799.8830333184,-247.23050175707672
2021Q1,2021-01-04,TMUS,REBALANCE,1.3765040166127587,1.3442928145907853,-0.03221120202197333,2407799.8830333184,-775.5812846086997
2021Q1,2021-01-04,TSLA,REBALANCE,8.994842620988837,8.961178091313489,-0.03366452967534933,2407799.8830333184,-810.5745061467779
2021Q1,2021-01-04,TTWO,REBALANCE,0.3780467679153715,0.3675948335114671,-0.010451934403904418,2407799.8830333184,-251.66166435192974
2021Q1,2021-01-04,TXN,REBALANCE,1.2670641390677646,1.241844609858044,-0.0252195292097206,2407799.8830333184,-607.2357948132062
2021Q1,2021-01-04,ULTA,REBALANCE,0.12281806142739858,0.11910761172196814,-0.0037104497054304443,2407799.8830333184,-89.34020366736435
2021Q1,2021-01-04,VRSK,REBALANCE,0.2558671447908682,0.2512045645167935,-0.004662580274074693,2407799.8830333184,-112.26560238550503
2021Q1,2021-01-04,VRSN,REBALANCE,0.19125343160784006,0.1877888279897797,-0.003464603618060359,2407799.8830333184,-83.42072186322544
2021Q1,2021-01-04,VRTX,REBALANCE,0.5876309907981491,0.5711599913835832,-0.01647099941456589,2407799.8830333184,-396.588704638336
2021Q1,2021-01-04,XEL,REBALANCE,0.34779401209040284,0.33799342218582706,-0.009800589904575795,2407799.8830333184,-235.9785922589512
2021Q2,2021-04-01,AAPL,REBALANCE,10.412707897706829,11.363536744496624,0.9508288467897961,2461130.187722875,23401.13578192095
2021Q2,2021-04-01,ADBE,REBALANCE,1.7596782452785014,1.7695374162164836,0.009859170937982428,2461130.187722875,242.64703221388606
2021Q2,2021-04-01,ADI,REBALANCE,0.6555132916233535,0.6582783745711557,0.0027650829478021582,2461130.187722875,68.05229114393646
2021Q2,2021-04-01,ADP,REBALANCE,0.6182700041760848,0.6218923384821006,0.0036223343060157696,2461130.187722875,89.150363105596
2021Q2,2021-04-01,ADSK,REBALANCE,0.545918000408348,0.5520985209619849,0.006180520553636815,2461130.187722875,152.1106571039726
2021Q2,2021-04-01,ALGN,REBALANCE,0.3666512778632087,0.35952506690371233,-0.007126210959496407,2461130.187722875,-175.38532916498198
2021Q2,2021-04-01,AMAT,REBALANCE,0.9806265855122308,0.9904513583793051,0.009824772867074276,2461130.187722875,241.8004509067712
2021Q2,2021-04-01,AMD,REBALANCE,1.2362172314383804,1.2178246815219658,-0.01839254991641455,2461130.187722875,-452.66459828487683
2021Q2,2021-04-01,AMGN,REBALANCE,1.0776913736621503,1.050755119995501,-0.02693625366664929,2461130.187722875,-662.9362704315155
2021Q2,2021-04-01,AMZN,REBALANCE,10.729584851176401,11.363536744496624,0.6339518933202226,2461130.187722875,15602.381422144714
2021Q2,2021-04-01,AVGO,REBALANCE,1.8569679703709572,1.8838880887756155,0.02692011840465837,2461130.187722875,662.5391606277886
2021Q2,2021-04-01,BIIB,REBALANCE,0.39323956266716054,0.3789814704187626,-0.014258092248397919,2461130.187722875,-350.91021251869637
2021Q2,2021-04-01,BKNG,REBALANCE,0.6593012862151939,0.665978789434016,0.006677503218822066,2461130.187722875,164.3420475045965
2021Q2,2021-04-01,CDNS,REBALANCE,0.3607968992840613,0.35943064474936176,-0.0013662545346995215,2461130.187722875,-33.62530279462263
2021Q2,2021-04-01,CDW,REBALANCE,0.1831261969627097,0.18621821938115948,0.0030920224184497608,2461130.187722875,76.09869715162597
2021Q2,2021-04-01,CHTR,REBALANCE,0.8175638657995711,0.7913265388452511,-0.026237326954320003,2461130.187722875,-645.7347741243203
2021Q2,2021-04-01,CMCSA,REBALANCE,1.4265899578968537,1.4372658090641552,0.010675851167301666,2461130.187722875,262.7465958748262
2021Q2,2021-04-01,COST,REBALANCE,1.4307786137600136,1.3705767945423382,-0.06020181921767547,2461130.187722875,-1481.6451463245621
2021Q2,2021-04-01,CPRT,REBALANCE,0.2379782185192599,0.24977685559819923,0.011798637078939316,2461130.187722875,290.3798188896399
2021Q2,2021-04-01,CSCO,REBALANCE,1.6667935748796312,1.6238589124082559,-0.042934662471375354,2461130.187722875,-1056.677939079943
2021Q2,2021-04-01,CSX,REBALANCE,0.517778933785488,0.5170137965337137,-0.0007651372517742359,2461130.187722875,-18.8310238809289
2021Q2,2021-04-01,CTAS,REBALANCE,0.30336065637282106,0.305661423522537,0.002300767149715933,2461130.187722875,56.624874870869974
2021Q2,2021-04-01,DLTR,REBALANCE,0.2089285590017407,0.20519259236029427,-0.003735966641446424,2461130.187722875,-91.94700281589435
2021Q2,2021-04-01,DXCM,REBALANCE,0.3219121935378466,0.32474437572468856,0.002832182186841923,2461130.187722875,69.70369077167643
2021Q2,2021-04-01,EA,REBALANCE,0.30789477483090977,0.30999837433046945,0.0021035994995596743,2461130.187722875,51.77232231245047
2021Q2,2021-04-01,EBAY,REBALANCE,0.24433516643829314,0.23580615084823836,-0.00852901559005477,2461130.187722875,-209.91017740242822
2021Q2,2021-04-01,EXC,REBALANCE,0.24819147409774842,0.24523717786095808,-0.0029542962367903273,2461130.187722875,-72.70907651840761
2021Q2,2021-04-01,EXPE,REBALANCE,0.185343979915475,0.1832551775471101,-0.002088802368364895,2461130.187722875,-51.40814564969879
2021Q2,2021-04-01,FOX,REBALANCE,0.067771789112738,0.06625545200287591,-0.0015163371098620912,2461130.187722875,-37.3190303584605
2021Q2,2021-04-01,FOXA,REBALANCE,0.06411586269894308,0.06254460277931441,-0.0015712599196286746,2461130.187722875,-38.67075220957149
2021Q2,2021-04-01,GILD,REBALANCE,0.6551046329753076,0.6264802301006632,-0.028624402874644506,2461130.187722875,-704.4838202032903
2021Q2,2021-04-01,GOOG,REBALANCE,5.337854949385778,5.3668397156907925,0.028984766305014537,2461130.187722875,713.3528333736408
2021Q2,2021-04-01,GOOGL,REBALANCE,5.668068582142981,5.7038519807913115,0.03578339864833066,2461130.187722875,880.6760263272851
2021Q2,2021-04-01,IDXX,REBALANCE,0.36438873827369805,0.3533549029544219,-0.011033835319276125,2461130.187722875,-271.55705190633336
2021Q2,2021-04-01,ILMN,REBALANCE,0.5391382591335702,0.5219411461122458,-0.01719711302132429,2461130.187722875,-423.24333998463345
2021Q2,2021-04-01,INCY,REBALANCE,0.15485491676686775,0.15274148235204874,-0.0021134344148190107,2461130.187722875,-52.014372380834956
2021Q2,2021-04-01,INTC,REBALANCE,2.7989436396468164,2.7176743413380433,-0.08126929830877296,2461130.187722875,-2000.143234027767
2021Q2,2021-04-01,INTU,REBALANCE,0.9503613604936267,0.9617647633136488,0.011403402820022064,2461130.187722875,280.6525892312046
2021Q2,2021-04-01,ISRG,REBALANCE,0.818591038520386,0.8128696511855247,-0.005721387334861258,2461130.187722875,-140.81079085482367
2021Q2,2021-04-01,KHC,REBALANCE,0.34770233444029874,0.33816772831954145,-0.009534606120757292,2461130.187722875,-234.65906951843067
2021Q2,2021-04-01,KLAC,REBALANCE,0.39464571883118976,0.39596927953268357,0.0013235607014937777,2461130.187722875,32.57455197730001
2021Q2,2021-04-01,LRCX,REBALANCE,0.684974776965551,0.6976037123357719,0.012628935370220893,2461130.187722875,310.814540784518
2021Q2,2021-04-01,MAR,REBALANCE,0.34051064489461913,0.3459213993313857,0.0054107544367665815,2461130.187722875,133.16571082681713
2021Q2,2021-04-01,MCHP,REBALANCE,0.35959288292458913,0.3585553999743412,-0.0010374829502478918,2461130.187722875,-25.53380608102876
2021Q2,2021-04-01,MDLZ,REBALANCE,0.6276401863488524,0.6071898648409836,-0.020450321507868834,2461130.187722875,-503.30903611654367
2021Q2,2021-04-01,MNST,REBALANCE,0.41875113797822044,0.4114702466272264,-0.007280891350994016,2461130.187722875,-179.1922149746176
2021Q2,2021-04-01,MSFT,REBALANCE,11.999790409469417,11.363536744496624,-0.6362536649727926,2461130.187722875,-15659.031019138562
2021Q2,2021-04-01,MU,REBALANCE,0.9170062501545342,0.936112470009655,0.0191062198551209,2461130.187722875,470.22894458708214
2021Q2,2021-04-01,NFLX,REBALANCE,2.038212387933305,2.0919986530352057,0.05378626510190061,2461130.187722875,1323.7500072715297
2021Q2,2021-04-01,NVDA,REBALANCE,3.1049290070196878,3.069809922811482,-0.03511908420820546,2461130.187722875,-864.3263830999615
2021Q2,2021-04-01,NXPI,REBALANCE,0.4545476006434113,0.4424448665507003,-0.012102734092711044,2461130.187722875,-297.86404229553966
2021Q2,2021-04-01,ORLY,REBALANCE,0.2697552656128926,0.25840069575401914,-0.011354569858873422,2461130.187722875,-279.45074648281644
2021Q2,2021-04-01,PAYX,REBALANCE,0.2792630804341767,0.2784863318969179,-0.0007767485372588145,2461130.187722875,-19.116792733172545
2021Q2,2021-04-01,PCAR,REBALANCE,0.2544217223791035,0.24630650656562342,-0.008115215813480053,2461130.187722875,-199.72602618441803
2021Q2,2021-04-01,PEP,REBALANCE,1.5293227726049323,1.5070212461397698,-0.02230152646516253,2461130.187722875,-548.8696001571211
2021Q2,2021-04-01,PYPL,REBALANCE,2.0180856113238512,1.9938422697908489,-0.024243341533002408,2461130.187722875,-596.6601969814799
2021Q2,2021-04-01,QCOM,REBALANCE,1.1675269789778848,1.1946443959877926,0.027117417009907795,2461130.187722875,667.3949361615385
2021Q2,2021-04-01,REGN,REBALANCE,0.4636759948328388,0.4469476896226605,-0.01672830521017828,2461130.187722875,-411.7053694221161
2021Q2,2021-04-01,ROST,REBALANCE,0.33217824475998475,0.33612774209002205,0.003949497330037275,2461130.187722875,97.20227105285632
2021Q2,2021-04-01,SBUX,REBALANCE,1.0208310737650255,1.01768255930795,-0.0031485144570755907,2461130.187722875,-77.48903976790633
2021Q2,2021-04-01,SNPS,REBALANCE,0.44730894119874853,0.4483514314095282,0.0010424902107796646,2461130.187722875,25.657041281554154
2021Q2,2021-04-01,SWKS,REBALANCE,0.2253467148397274,0.22443156793124705,-0.000915146908480333,2461130.187722875,-22.522956826622103
2021Q2,2021-04-01,TMUS,REBALANCE,1.2219264024015044,1.216722634674429,-0.005203767727075294,2461130.187722875,-128.07149843003054
2021Q2,2021-04-01,TSLA,REBALANCE,8.298129369714635,7.630205282744604,-0.6679240869700315,2461130.187722875,-16438.481335491833
2021Q2,2021-04-01,TTWO,REBALANCE,0.30582086571808426,0.3080619543376329,0.0022410886195486403,2461130.187722875,55.15610854933343
2021Q2,2021-04-01,TXN,REBALANCE,1.4074385629632602,1.388956150704015,-0.01848241225924519,2461130.187722875,-454.8762275316768
2021Q2,2021-04-01,ULTA,REBALANCE,0.1254581076995648,0.12417498350396936,-0.0012831241955954444,2461130.187722875,-31.579356923775787
2021Q2,2021-04-01,VRSK,REBALANCE,0.2095302278958887,0.20940792089715973,-0.00012230699872896843,2461130.187722875,-3.0101344674164747
2021Q2,2021-04-01,VRSN,REBALANCE,0.16874360721959109,0.16668967293757087,-0.002053934282020232,2461130.187722875,-50.54999665078902
2021Q2,2021-04-01,VRTX,REBALANCE,0.5080688397980401,0.49800294317103555,-0.010065896627004575,2461130.187722875,-247.7348205521882
2021Q2,2021-04-01,XEL,REBALANCE,0.33233643977318256,0.32524402580819545,-0.007092413964987108,2461130.187722875,-174.5535411305706
2021Q3,2021-07-01,AAPL,REBALANCE,11.456127454214107,11.34001936946629,-0.1161080847478152,2741874.062346856,-3183.537459988051
2021Q3,2021-07-01,ADBE,REBALANCE,1.9567971675676339,1.9175450784944714,-0.039252089073162424,2741874.062346856,-1076.242849226325
2021Q3,2021-07-01,ADI,REBALANCE,0.6587268996264893,0.6245947446160903,-0.03413215501039896,2741874.062346856,-935.860705150152
2021Q3,2021-07-01,ADP,REBALANCE,0.5910520793524973,0.5904435539997461,-0.0006085253527510909,2741874.062346856,-16.68499880988687
2021Q3,2021-07-01,ADSK,REBALANCE,0.5219427632075653,0.5116092288904768,-0.010333534317088534,2741874.062346856,-283.3324971639619
2021Q3,2021-07-01,AEP,BUY,0.0,0.3194880844983296,0.3194880844983296,2741874.062346856,8759.960921148506
2021Q3,2021-07-01,ALGN,REBALANCE,0.3641119443377157,0.3657115240973108,0.0015995797595950642,2741874.062346856,43.85846253488726
2021Q3,2021-07-01,AMAT,REBALANCE,0.94925401447821,0.8663215097705077,-0.08293250470770233,2741874.062346856,-2273.9048358350756
2021Q3,2021-07-01,AMD,REBALANCE,1.307996322044259,1.2552460802533654,-0.052750241790893576,2741874.062346856,-1446.3451974897628
2021Q3,2021-07-01,AMGN,REBALANCE,0.930482934548694,0.9391892411614715,0.00870630661277752,2741874.062346856,238.71596280413596
2021Q3,2021-07-01,AMZN,REBALANCE,11.340904980153809,11.34001936946629,-0.0008856106875190783,2741874.062346856,-24.282329734457274
2021Q3,2021-07-01,AVGO,REBALANCE,1.7526752663033849,1.6781407157282626,-0.07453455057512236,2741874.062346856,-2043.6435097060794
2021Q3,2021-07-01,BIIB,REBALANCE,0.42106565481344904,0.4249859025182109,0.0039202477047618756,2741874.062346856,107.48825499661382
2021Q3,2021-07-01,BKNG,REBALANCE,0.5614183488545887,0.5533681472589469,-0.008050201595641814,2741874.062346856,-220.72638951753564
2021Q3,2021-07-01,CDNS,REBALANCE,0.3222277303920093,0.31158111593758725,-0.010646614454422072,2741874.062346856,-291.91676024387004
2021Q3,2021-07-01,CDW,REBALANCE,0.17654652703053508,0.17347750799756778,-0.003069019032967313,2741874.062346856,-84.14863683341906
2021Q3,2021-07-01,CHTR,REBALANCE,0.8305194450431775,0.8406943298890998,0.010174884845922175,2741874.062346856,278.982528464001
2021Q3,2021-07-01,CMCSA,REBALANCE,1.3657135178813793,1.3641870110921712,-0.0015265067892081263,2741874.062346856,-41.85489371326141
2021Q3,2021-07-01,COST,REBALANCE,1.3839437121936995,1.3675425357232978,-0.01640117647040175,2741874.062346856,-449.69960356168116
2021Q3,2021-07-01,CPRT,REBALANCE,0.27213457332030516,0.26706828856940656,-0.00506628475089861,2741874.062346856,-138.911147509523
2021Q3,2021-07-01,CSCO,REBALANCE,1.5046626745080565,1.5061360375223187,0.0014733630142621523,2741874.062346856,40.39775833226577
2021Q3,2021-07-01,CSX,REBALANCE,0.4645046340412717,0.4624004585903867,-0.0021041754508849785,2741874.062346856,-57.693840914085236
2021Q3,2021-07-01,CTAS,REBALANCE,0.30774469539503435,0.30008213490656177,-0.007662560488472551,2741874.062346856,-210.09775854506745
2021Q3,2021-07-01,CTSH,REBALANCE,0.2516998475347306,0.2508396708345274,-0.0008601767002032207,2741874.062346856,-23.584961833223186
2021Q3,2021-07-01,DLTR,REBALANCE,0.16010987008449154,0.1584010372714947,-0.0017088328129968248,2741874.062346856,-46.8540436684321
2021Q3,2021-07-01,DXCM,REBALANCE,0.34633038127830945,0.3397054930266867,-0.006624888251622772,2741874.062346856,-181.6460926307089
2021Q3,2021-07-01,EA,REBALANCE,0.2959990417677062,0.28643274887151643,-0.009566292896189725,2741874.062346856,-262.29570364875593
2021Q3,2021-07-01,EBAY,REBALANCE,0.24340059817036563,0.23432106309407916,-0.009079535076286479,2741874.062346856,-248.9494172383838
2021Q3,2021-07-01,EXC,REBALANCE,0.22499455908773086,0.2270393664090607,0.002044807321329844,2741874.062346856,56.066041568512524
2021Q3,2021-07-01,EXPE,SELL,0.1564542228917341,0.0,-0.1564542228917341,2741874.062346856,-4289.777756914795
2021Q3,2021-07-01,FAST,REBALANCE,0.22245117515604504,0.21863570749815825,-0.0038154676578867897,2741874.062346856,-104.61531806883096
2021Q3,2021-07-01,FOX,REBALANCE,0.059931166712796816,0.060297409062813806,0.00036624235001699165,2741874.062346856,10.04190400044548
2021Q3,2021-07-01,FOXA,REBALANCE,0.05772638500319385,0.05793709728977247,0.00021071228657861202,2741874.062346856,5.777465531876938
2021Q3,2021-07-01,GILD,REBALANCE,0.6053888855907614,0.5899762516944723,-0.015412633896289083,2741874.062346856,-422.59501112683
2021Q3,2021-07-01,GOOG,REBALANCE,5.836593473602395,5.683472745514474,-0.15312072808792085,2741874.062346856,-4198.377527519359
2021Q3,2021-07-01,GOOGL,REBALANCE,6.061295505977273,5.874703895319699,-0.18659161065757435,2741874.062346856,-5116.106975135263
2021Q3,2021-07-01,HON,BUY,0.0,0.9798706486348794,0.9798706486348794,2741874.062346856,26866.819159469655
2021Q3,2021-07-01,IDXX,REBALANCE,0.4093754998875916,0.4158180838543868,0.0064425839667952255,2741874.062346856,176.64753873047547
2021Q3,2021-07-01,ILMN,REBALANCE,0.5772493710175263,0.5714867679461244,-0.005762603071401886,2741874.062346856,-158.0033189307716
2021Q3,2021-07-01,INCY,REBALANCE,0.14192690042562464,0.13848171742134202,-0.003445183004282637,2741874.062346856,-94.4625791948078
2021Q3,2021-07-01,INTC,REBALANCE,2.1529978363520783,2.125281714085911,-0.02771612226616753,2741874.062346856,-759.9411675043891
2021Q3,2021-07-01,INTU,REBALANCE,1.106265432716761,1.0718926201188412,-0.03437281259791956,2741874.062346856,-942.4592331214488
2021Q3,2021-07-01,ISRG,REBALANCE,0.9080644047998009,0.9032958122893009,-0.0047685925104999985,2741874.062346856,-130.74880118441425
2021Q3,2021-07-01,KHC,REBALANCE,0.31228887227772,0.3091915909160981,-0.0030972813616218873,2741874.062346856,-84.92355429221406
2021Q3,2021-07-01,KLAC,REBALANCE,0.3498274872100425,0.3193479142830114,-0.030479572927031087,2741874.062346856,-835.7115044003598
2021Q3,2021-07-01,LRCX,REBALANCE,0.6858887216128804,0.6200235674206666,-0.0658651541922138,2741874.062346856,-1805.939578921073
2021Q3,2021-07-01,MAR,REBALANCE,0.2862044215862715,0.29098544561296347,0.004781024026691933,2741874.062346856,131.08965770243736
2021Q3,2021-07-01,MCHP,REBALANCE,0.31135474260137513,0.29700289037363525,-0.014351852227739844,2741874.062346856,-393.5097136987482
2021Q3,2021-07-01,MNST,REBALANCE,0.3703935206517781,0.3677242140147637,-0.002669306637014413,2741874.062346856,-73.18902632480135
2021Q3,2021-07-01,MRNA,BUY,0.0,0.769627919508519,0.769627919508519,2741874.062346856,21102.228301583822
2021Q3,2021-07-01,MSFT,REBALANCE,11.746885385557022,11.34001936946629,-0.4068660160907317,2741874.062346856,-11155.753763695759
2021Q3,2021-07-01,MTCH,BUY,0.0,0.2962493360701687,0.2962493360701687,2741874.062346856,8122.783705582724
2021Q3,2021-07-01,MU,REBALANCE,0.8094947186940442,0.726907303466901,-0.08258741522714315,2741874.062346856,-2264.4429168757356
2021Q3,2021-07-01,NFLX,REBALANCE,1.9013740247974131,1.8534656224708113,-0.04790840232660187,2741874.062346856,-1313.5880570778745
2021Q3,2021-07-01,NVDA,REBALANCE,4.130075281267427,4.024897898406193,-0.10517738286123374,2741874.062346856,-2883.8313801274153
2021Q3,2021-07-01,NXPI,REBALANCE,0.4069209657148908,0.38554908558488826,-0.021371880130002536,2741874.062346856,-585.990037920401
2021Q3,2021-07-01,ORLY,REBALANCE,0.2589025081566759,0.2622538171051842,0.0033513089485082744,2741874.062346856,91.88867080825753
2021Q3,2021-07-01,PAYX,REBALANCE,0.27544779177013856,0.2757902103469796,0.00034241857684103386,2741874.062346856,9.388686143061546
2021Q3,2021-07-01,PCAR,REBALANCE,0.21311163189649657,0.21361856393747747,0.0005069320409808835,2741874.062346856,13.89943814538038
2021Q3,2021-07-01,PEP,REBALANCE,1.4273325068563836,1.426366753451528,-0.00096575340485551,2741874.062346856,-26.47974211396485
2021Q3,2021-07-01,PYPL,REBALANCE,2.1481590640448354,2.085097713962215,-0.0630613500826202,2741874.062346856,-1729.0628012811112
2021Q3,2021-07-01,QCOM,REBALANCE,1.1618466780667747,1.0990496590371273,-0.06279701902964732,2741874.062346856,-1721.8151767009194
2021Q3,2021-07-01,REGN,REBALANCE,0.4735963328532559,0.48438538028346195,0.010789047430206054,2741874.062346856,295.82209306311984
2021Q3,2021-07-01,ROST,REBALANCE,0.31274833607757685,0.3130235443508782,0.0002752082733013545,2741874.062346856,7.545864263082487
2021Q3,2021-07-01,SBUX,REBALANCE,0.9384338326153541,0.9489286146258485,0.01049478201049451,2741874.062346856,287.75370584559283
2021Q3,2021-07-01,SNPS,REBALANCE,0.44793802068388766,0.43775100403697176,-0.01018701664691592,2741874.062346856,-279.31516716874404
2021Q3,2021-07-01,SWKS,REBALANCE,0.2111699383555304,0.20304962182365988,-0.008120316531870552,2741874.062346856,-222.64885276782243
2021Q3,2021-07-01,TMUS,REBALANCE,1.2624693902086828,1.2409065401869206,-0.021562850021762323,2741874.062346856,-591.2261918494545
2021Q3,2021-07-01,TSLA,REBALANCE,6.969628650204901,7.001706842033273,0.032078191828371905,2741874.062346856,879.543621411998
2021Q3,2021-07-01,TTWO,SELL,0.27701989180925785,0.0,-0.27701989180925785,2741874.062346856,-7595.536561059364
2021Q3,2021-07-01,TXN,REBALANCE,1.2755766420756949,1.243067791015739,-0.032508851059955685,2741874.062346856,-891.3517551798959
2021Q3,2021-07-01,ULTA,SELL,0.12465540856416713,0.0,-0.12465540856416713,2741874.062346856,-3417.8943147334
2021Q3,2021-07-01,VRSK,REBALANCE,0.18618420222650928,0.18474670926660355,-0.0014374929599057394,2741874.062346856,-39.41424661571756
2021Q3,2021-07-01,VRSN,REBALANCE,0.1713999716377526,0.16949280603448763,-0.0019071656032649924,2741874.062346856,-52.292079001923774
2021Q3,2021-07-01,VRTX,REBALANCE,0.41942851191316916,0.42340562004434007,0.003977108131170918,2741874.062346856,109.04729628006318
2021Q3,2021-07-01,XEL,REBALANCE,0.29109364255271447,0.29432016049994436,0.0032265179472299073,2741874.062346856,88.46705871206305
2021Q4,2021-10-01,AAPL,REBALANCE,11.42181955627038,11.284473960426705,-0.13734559584367562,2816689.5019446327,-3868.598979512115
2021Q4,2021-10-01,ADBE,REBALANCE,1.834994057792373,1.8241934684716028,-0.010800589320770007,2816689.5019446327,-304.2190655462819
2021Q4,2021-10-01,ADI,REBALANCE,0.5939757232843434,0.597771200987719,0.0037954777033754813,2816689.5019446327,106.90682201962643
2021Q4,2021-10-01,ADP,REBALANCE,0.5811571431905975,0.5776133891860762,-0.003543754004521355,2816689.5019446327,-99.81654702009554
2021Q4,2021-10-01,ADSK,REBALANCE,0.4865378911095622,0.4766457830104222,-0.009892108099139943,2816689.5019446327,-278.62997034948955
2021Q4,2021-10-01,AEP,REBALANCE,0.3009577612784831,0.2962036085360039,-0.004754152742479168,2816689.5019446327,-133.90972120382358
2021Q4,2021-10-01,ALGN,REBALANCE,0.3877111897901048,0.3768119481750168,-0.010899241615088028,2816689.5019446327,-306.99779436376514
2021Q4,2021-10-01,AMAT,REBALANCE,0.7637497537769367,0.7825813413674063,0.018831587590469653,2816689.5019446327,530.427350710267
2021Q4,2021-10-01,AMD,REBALANCE,1.3385927221458915,1.3275898280406524,-0.011002894105239039,2816689.5019446327,-309.91736317235285
2021Q4,2021-10-01,AMGN,REBALANCE,0.8037536730146813,0.7899059287262733,-0.01384774428840798,2816689.5019446327,-390.04795962772505
2021Q4,2021-10-01,AMZN,REBALANCE,10.541061639071197,11.284473960426705,0.7434123213555077,2816689.5019446327,20939.616811783482
2021Q4,2021-10-01,AVGO,REBALANCE,1.6734572312692726,1.689766341383966,0.01630911011469352,2816689.5019446327,459.3769924611626
2021Q4,2021-10-01,BIIB,REBALANCE,0.3380954086985269,0.3331397809345684,-0.004955627763958458,2816689.5019446327,-139.58464698287142
2021Q4,2021-10-01,BKNG,REBALANCE,0.584405573823549,0.5923449019149898,0.007939328091440857,2816689.5019446327,223.6262208765558
2021Q4,2021-10-01,CDNS,REBALANCE,0.3357149295453317,0.3353849834947552,-0.00032994605057650415,2816689.5019446327,-9.293555768669322
2021Q4,2021-10-01,CDW,REBALANCE,0.17635401214869798,0.17688621591081205,0.000532203762114089,2816689.5019446327,14.990527496421933
2021Q4,2021-10-01,CHTR,REBALANCE,0.8252950003119567,0.8280869981798438,0.0027919978678870097,2816689.5019446327,78.64191083929138
2021Q4,2021-10-01,CMCSA,REBALANCE,1.308165104864194,1.307397311438852,-0.000767793425342049,2816689.5019446327,-21.626356808230597
2021Q4,2021-10-01,COST,REBALANCE,1.5146571250007395,1.4997653768419124,-0.014891748158827114,2816689.5019446327,-419.45430704571646
2021Q4,2021-10-01,CPRT,REBALANCE,0.27356194150852053,0.2678061340390532,-0.005755807469467328,2816689.5019446327,-162.12322474463124
2021Q4,2021-10-01,CSCO,REBALANCE,1.5161862458913231,1.507415984180353,-0.008770261710970041,2816689.5019446327,-247.03104090596287
2021Q4,2021-10-01,CSX,REBALANCE,0.4184489991210348,0.41981765532175025,0.0013686562007154957,2816689.5019446327,38.55079552326763
2021Q4,2021-10-01,CTAS,REBALANCE,0.2917973619694118,0.2946364546795306,0.002839092710118802,2816689.5019446327,79.96842631639166
2021Q4,2021-10-01,CTSH,REBALANCE,0.26244980808991314,0.2612321975551786,-0.0012176105347345024,2816689.5019446327,-34.29630810643864
2021Q4,2021-10-01,DLTR,REBALANCE,0.14833586347896938,0.14963657765862223,0.0013007141796528504,2816689.5019446327,36.63707974858709
2021Q4,2021-10-01,DXCM,REBALANCE,0.42350580640154056,0.42158799331928803,-0.001917813082252546,2816689.5019446327,-54.01883975472825
2021Q4,2021-10-01,EA,REBALANCE,0.27608930395468134,0.2790599058830436,0.0029706019283622445,2816689.5019446327,83.67263266074416
2021Q4,2021-10-01,EBAY,REBALANCE,0.22686933469479703,0.22659773998325436,-0.0002715947115426807,2816689.5019446327,-7.6499797278594945
2021Q4,2021-10-01,EXC,REBALANCE,0.24304089410287683,0.2342258018064189,-0.008815092296457928,2816689.5019446327,-248.29377930106048
2021Q4,2021-10-01,FAST,REBALANCE,0.2123202728239785,0.2101463577134403,-0.00217391511053819,2816689.5019446327,-61.23243869971726
2021Q4,2021-10-01,FOX,REBALANCE,0.06233330872307884,0.06197930158001675,-0.00035400714306208685,2816689.5019446327,-9.971282034763918
2021Q4,2021-10-01,FOXA,REBALANCE,0.06132165494547343,0.06100508544232648,-0.00031656950314695124,2816689.5019446327,-8.91677996149846
2021Q4,2021-10-01,GILD,REBALANCE,0.588434198464696,0.5693057900082735,-0.01912840845642253,2816689.5019446327,-538.7878728811428
2021Q4,2021-10-01,GOOG,REBALANCE,5.883470176797565,5.91206907612352,0.028598899325954497,2816689.5019446327,805.5421949858746
2021Q4,2021-10-01,GOOGL,REBALANCE,6.261372852231953,6.310554049758937,0.04918119752698458,2816689.5019446327,1385.2816276732278
2021Q4,2021-10-01,HON,REBALANCE,0.9267803475340156,0.9263025040751404,-0.00047784345887525587,2816689.5019446327,-13.45936654186845
2021Q4,2021-10-01,IDXX,REBALANCE,0.3985884810187742,0.39116358410505464,-0.007424896913719569,2816689.5019446327,-209.13629189895013
2021Q4,2021-10-01,ILMN,REBALANCE,0.4768364474993815,0.4618184861706084,-0.015017961328773078,2816689.5019446327,-423.00934015365596
2021Q4,2021-10-01,INCY,REBALANCE,0.11020778099564094,0.1082951719900239,-0.0019126090056170372,2816689.5019446327,-53.872257074462716
2021Q4,2021-10-01,INTC,REBALANCE,1.9761952415323698,1.9814434472971671,0.005248205764797273,2816689.5019446327,147.8256608174978
2021Q4,2021-10-01,INTU,REBALANCE,1.1497919033275816,1.1451392329776462,-0.004652670349935412,2816689.5019446327,-131.05127730672135
2021Q4,2021-10-01,ISRG,REBALANCE,0.9505448076297865,0.9470925508610778,-0.0034522567687086947,2816689.5019446327,-97.2393539843908
2021Q4,2021-10-01,KHC,REBALANCE,0.2747951051599646,0.2728328084780047,-0.001962296681959916,2816689.5019446327,-55.27180463777282
2021Q4,2021-10-01,KLAC,REBALANCE,0.3217700752361263,0.3316529062816825,0.009882831045556189,2816689.5019446327,278.36866455510614
2021Q4,2021-10-01,LRCX,REBALANCE,0.5292094825188872,0.5388175583121019,0.009608075793214686,2816689.5019446327,270.62966220636156
2021Q4,2021-10-01,MAR,REBALANCE,0.3072623683756624,0.31397832326080766,0.00671595488514528,2816689.5019446327,189.1675962052248
2021Q4,2021-10-01,MCHP,REBALANCE,0.29725863540106684,0.2967030393517294,-0.0005555960493374042,2816689.5019446327,-15.649415594905786
2021Q4,2021-10-01,MDLZ,REBALANCE,0.5331579910968751,0.5276111284300423,-0.005546862666832783,2816689.5019446327,-156.23789842396508
2021Q4,2021-10-01,MNST,REBALANCE,0.348082254428869,0.3492849467918849,0.0012026923630158951,2816689.5019446327,33.87610952975855
2021Q4,2021-10-01,MRNA,REBALANCE,1.2270470327923069,1.075548414511477,-0.15149861828082975,2816689.5019446327,-4267.245676707304
2021Q4,2021-10-01,MSFT,REBALANCE,11.509855453680856,11.284473960426705,-0.2253814932541509,2816689.5019446327,-6348.2968598157195
2021Q4,2021-10-01,MTCH,REBALANCE,0.2807618864151824,0.28384923899131104,0.003087352576128591,2816689.5019446327,86.96113589983119
2021Q4,2021-10-01,MU,REBALANCE,0.5918526246826192,0.6213658280840683,0.029513203401449004,2816689.5019446327,831.2953018961804
2021Q4,2021-10-01,NFLX,REBALANCE,2.084770666019135,2.0518024475064034,-0.03296821851273175,2816689.5019446327,-928.6123498262822
2021Q4,2021-10-01,NVDA,REBALANCE,4.058463147050251,3.9794588711818437,-0.07900427586840716,2816689.5019446327,-2225.305144472801
2021Q4,2021-10-01,NXPI,REBALANCE,0.3582776064443911,0.35581996486680967,-0.0024576415775814497,2816689.5019446327,-69.22413231116315
2021Q4,2021-10-01,ORLY,REBALANCE,0.2755095412732178,0.2653820549735861,-0.010127486299631693,2816689.5019446327,-285.2598434126068
2021Q4,2021-10-01,PAYX,REBALANCE,0.2829937903781242,0.2836705828635656,0.0006767924854414378,2816689.5019446327,19.063142887379133
2021Q4,2021-10-01,PCAR,REBALANCE,0.18465009924845247,0.18490267661598328,0.0002525773675308247,2816689.5019446327,7.114320195528851
2021Q4,2021-10-01,PEP,REBALANCE,1.419131732043246,1.409074956729372,-0.010056775313873993,2816689.5019446327,-283.2681345000482
2021Q4,2021-10-01,PYPL,REBALANCE,1.811966400140181,1.8392966570854212,0.027330256945240147,2816689.5019446327,769.8084782310731
2021Q4,2021-10-01,QCOM,REBALANCE,0.9699353745024621,0.9722908747756633,0.002355500273201229,2816689.5019446327,66.34712891353615
2021Q4,2021-10-01,REGN,REBALANCE,0.5108928704709653,0.4634874160255155,-0.047405454445449774,2816689.5019446327,-1335.2644587141292
2021Q4,2021-10-01,ROST,REBALANCE,0.2681339623679417,0.268650388843358,0.0005164264754163247,2816689.5019446327,14.5461303183143
2021Q4,2021-10-01,SBUX,REBALANCE,0.9148686578262243,0.9136643208980367,-0.0012043369281875688,2816689.5019446327,-33.92243182430172
2021Q4,2021-10-01,SNPS,REBALANCE,0.46261899121060923,0.46029605626142234,-0.0023229349491869083,2816689.5019446327,-65.42986485075053
2021Q4,2021-10-01,SWKS,REBALANCE,0.17037588449253427,0.1701487326196333,-0.00022715187290094866,2816689.5019446327,-6.398162957471636
2021Q4,2021-10-01,TMUS,REBALANCE,1.0655747826923208,1.0425274306419439,-0.02304735205037687,2816689.5019446327,-649.1723456791864
2021Q4,2021-10-01,TSLA,REBALANCE,7.7761711047907305,7.712616628101037,-0.06355447668969366,2816689.5019446327,-1790.1322729344502
2021Q4,2021-10-01,TXN,REBALANCE,1.2162295032496169,1.222709609925805,0.006480106676188223,2816689.5019446327,182.52448446300696
2021Q4,2021-10-01,VRSK,REBALANCE,0.20643021892372843,0.2015898608378729,-0.004840358085855551,2816689.5019446327,-136.33785806082147
2021Q4,2021-10-01,VRSN,REBALANCE,0.1485562352789195,0.14723303932918683,-0.0013231959497326693,2816689.5019446327,-37.27032140627668
2021Q4,2021-10-01,VRTX,REBALANCE,0.37078599765499826,0.36376541540822155,-0.007020582246776734,2816689.5019446327,-197.7480031203489
2021Q4,2021-10-01,XEL,REBALANCE,0.2736719950293508,0.26612645160549264,-0.00754554342385816,2816689.5019446327,-212.5345294844864
2022Q1,2022-01-03,AAPL,REBALANCE,12.41764044677804,11.29931626693892,-1.118324179839121,3216827.092853371,-35974.55520299511
2022Q1,2022-01-03,ADBE,REBALANCE,1.5732577172322362,1.5374956591409201,-0.03576205809131608,3216827.092853371,-1150.4035736434168
2022Q1,2022-01-03,ADI,REBALANCE,0.5514273102642251,0.5477309486014141,-0.0036963616628108917,3216827.092853371,-118.90556341914613
2022Q1,2022-01-03,ADP,REBALANCE,0.6265881016299679,0.6044132151871652,-0.022174886442802733,3216827.092853371,-713.3277549015475
2022Q1,2022-01-03,ADSK,REBALANCE,0.4115314513241243,0.4105670762074585,-0.0009643751166657673,3216827.092853371,-31.022280029640708
2022Q1,2022-01-03,AEP,REBALANCE,0.28691457740348203,0.28075037896865024,-0.006164198434831757,3216827.092853371,-198.2916053089114
2022Q1,2022-01-03,ALGN,REBALANCE,0.3258501190043922,0.31808582410348524,-0.007764294900906984,3216827.092853371,-249.76394194140866
2022Q1,2022-01-03,AMAT,REBALANCE,0.8389880425910421,0.8372230895054276,-0.001764953085614529,3216827.092853371,-56.77548903419972
2022Q1,2022-01-03,AMD,REBALANCE,1.6256257421137603,1.6789820300795752,0.05335628796581497,3216827.092853371,1716.3795270251987
2022Q1,2022-01-03,AMGN,REBALANCE,0.7378649388433139,0.7279404408256335,-0.009924498017680437,3216827.092853371,-319.25394106244005
2022Q1,2022-01-03,AMZN,REBALANCE,10.029095962654964,11.29931626693892,1.270220304283956,3216827.092853371,40860.790887130825
2022Q1,2022-01-03,AVGO,REBALANCE,2.043230912749023,1.9961202434663414,-0.047110669282681567,3216827.092853371,-1515.4687731098516
2022Q1,2022-01-03,BIIB,REBALANCE,0.24730513175914356,0.2470286608240369,-0.00027647093510667527,3216827.092853371,-8.893591944376592
2022Q1,2022-01-03,BKNG,REBALANCE,0.5242046929115403,0.5119923087951221,-0.012212384116418173,3216827.092853371,-392.8512809402616
2022Q1,2022-01-03,CDNS,REBALANCE,0.3613629927124058,0.34622860696328284,-0.015134385749122946,3216827.092853371,-486.84702111472654
2022Q1,2022-01-03,CDW,SELL,0.17469554876190058,0.0,-0.17469554876190058,3216827.092853371,-5619.65374258169
2022Q1,2022-01-03,CEG,BUY,0.0,0.09910048448213309,0.09910048448213309,3216827.092853371,3187.891233970208
2022Q1,2022-01-03,CHTR,REBALANCE,0.6497495736070038,0.6265769987802597,-0.023172574826744053,3216827.092853371,-745.4216651384228
2022Q1,2022-01-03,CMCSA,REBALANCE,1.0347068387649676,1.0044099096305927,-0.030296929134374963,3216827.092853371,-974.5998246971601
2022Q1,2022-01-03,COST,REBALANCE,1.6617698858690189,1.6375586438324035,-0.024211242036615427,3216827.092853371,-778.8337933501493
2022Q1,2022-01-03,CPRT,REBALANCE,0.25630033383554535,0.2425424615944337,-0.013757872241111635,3216827.092853371,-442.56696165223235
2022Q1,2022-01-03,CSCO,REBALANCE,1.547083184902997,1.4991359864042555,-0.04794719849874132,3216827.092853371,-1542.3784715716956
2022Q1,2022-01-03,CSX,REBALANCE,0.4659676705916326,0.44363970302784844,-0.022327967563784152,3216827.092853371,-718.2521098753214
2022Q1,2022-01-03,CTAS,REBALANCE,0.3010111081994543,0.2788269693949419,-0.02218413880451238,3216827.092853371,-713.625387379752
2022Q1,2022-01-03,CTSH,REBALANCE,0.2742748652346255,0.26888385061340175,-0.0053910146212237525,3216827.092853371,-173.4196189152122
2022Q1,2022-01-03,DLTR,REBALANCE,0.19234658630507148,0.18593074811391513,-0.0064158381911563495,3216827.092853371,-206.3864211667511
2022Q1,2022-01-03,DXCM,REBALANCE,0.3624575922809856,0.34431809073432124,-0.018139501546664404,3216827.092853371,-583.5164002616567
2022Q1,2022-01-03,EA,REBALANCE,0.22687473575848027,0.22648497706302567,-0.0003897586954545833,3216827.092853371,-12.537863312134895
2022Q1,2022-01-03,EBAY,REBALANCE,0.18986818177718062,0.18720210241092128,-0.0026660793662593293,3216827.092853371,-85.76316337080357
2022Q1,2022-01-03,EXC,REBALANCE,0.24678452032043008,0.24292133773848035,-0.003863182581949733,3216827.092853371,-124.27190394255139
2022Q1,2022-01-03,FAST,REBALANCE,0.2295414350902204,0.2184411233869604,-0.01110031170325999,3216827.092853371,-357.0778342616409
2022Q1,2022-01-03,FOX,SELL,0.05010303261917949,0.0,-0.05010303261917949,3216827.092853371,-1611.7279276349277
2022Q1,2022-01-03,FOXA,SELL,0.04914179084866498,0.0,-0.04914179084866498,3216827.092853371,-1580.8064419331936
2022Q1,2022-01-03,FTNT,BUY,0.0,0.33453314716374116,0.33453314716374116,3216827.092853371,10761.352912538265
2022Q1,2022-01-03,GILD,REBALANCE,0.5234508928618179,0.5250362897422314,0.0015853968804135574,3216827.092853371,50.99947637839547
2022Q1,2022-01-03,GOOG,REBALANCE,5.620047708343011,5.4203306422940605,-0.19971706604895098,3216827.092853371,-6424.552689714516
2022Q1,2022-01-03,GOOGL,REBALANCE,5.987560407993651,5.77895223603381,-0.20860817195984122,3216827.092853371,-6710.564193510321
2022Q1,2022-01-03,HON,REBALANCE,0.8001192577591594,0.7693697713974238,-0.03074948636173549,3216827.092853371,-989.1578081975596
2022Q1,2022-01-03,IDXX,REBALANCE,0.3626423432991581,0.34113988594700795,-0.02150245735215014,3216827.092853371,-691.6968737332073
2022Q1,2022-01-03,ILMN,REBALANCE,0.3792801286597667,0.3841805822897839,0.00490045363001723,3216827.092853371,157.63912004311075
2022Q1,2022-01-03,INCY,SELL,0.10119388227576077,0.0,-0.10119388227576077,3216827.092853371,-3255.2322213568177
2022Q1,2022-01-03,INTC,REBALANCE,1.6886735203648604,1.6999131765184372,0.011239656153576652,3216827.092853371,361.5603042918148
2022Q1,2022-01-03,INTU,REBALANCE,1.1969672960183677,1.1478823509151965,-0.049084945103171004,3216827.092853371,-1578.9778125910088
2022Q1,2022-01-03,ISRG,REBALANCE,0.8991460092504797,0.8738126824977231,-0.025333326752756576,3216827.092853371,-814.9293185037446
2022Q1,2022-01-03,KHC,REBALANCE,0.2355567604830505,0.2344449960354401,-0.0011117644476103718,3216827.092853371,-35.76353995944206
2022Q1,2022-01-03,KLAC,REBALANCE,0.37434465263562366,0.37239750066582217,-0.001947151969801473,3216827.092853371,-62.63651210360187
2022Q1,2022-01-03,LRCX,REBALANCE,0.59744482259879,0.5929888698308252,-0.0044559527679646944,3216827.092853371,-143.340295884638
2022Q1,2022-01-03,MAR,REBALANCE,0.30676111516242416,0.28455910537507534,-0.02220200978734887,3216827.092853371,-714.2002659973955
2022Q1,2022-01-03,MCHP,REBALANCE,0.2955421565979094,0.29572857832787464,0.00018642172996520892,3216827.092853371,5.996864716486792
2022Q1,2022-01-03,MDLZ,REBALANCE,0.5293303646770057,0.5184030591147821,-0.010927305562223513,3216827.092853371,-351.51252584447934
2022Q1,2022-01-03,MNST,REBALANCE,0.3306614843022492,0.3235434469569124,-0.00711803734533673,3216827.092853371,-228.97495380421282
2022Q1,2022-01-03,MRNA,REBALANCE,0.6214954797049894,0.6391896497822731,0.017694170077283723,3216827.092853371,569.190856901617
2022Q1,2022-01-03,MSFT,REBALANCE,11.809000823747278,11.29931626693892,-0.5096845568083583,3216827.092853371,-16395.6709115009
2022Q1,2022-01-03,MTCH,REBALANCE,0.20937398645692407,0.20713834241425189,-0.0022356440426721854,3216827.092853371,-71.91680326444124
2022Q1,2022-01-03,MU,REBALANCE,0.7147732125544751,0.7235360861408796,0.008762873586404436,3216827.092853371,281.8864916399498
2022Q1,2022-01-03,NFLX,REBALANCE,1.773326731470469,1.7239343228100938,-0.04939240866037517,3216827.092853371,-1588.8683835998033
2022Q1,2022-01-03,NVDA,REBALANCE,4.9475735032133334,4.984303534149325,0.03673003093599206,3216827.092853371,1181.541586362417
2022Q1,2022-01-03,NXPI,REBALANCE,0.3632394441424544,0.3687723252958015,0.005532881153347095,3216827.092853371,177.98321995624744
2022Q1,2022-01-03,ODFL,BUY,0.0,0.2410800839676562,0.2410800839676562,3216827.092853371,7755.129456545221
2022Q1,2022-01-03,ORLY,REBALANCE,0.26856235947803175,0.26351092716597846,-0.00505143231205327,3216827.092853371,-162.49584319127905
2022Q1,2022-01-03,PAYX,REBALANCE,0.3031297502467438,0.28730502130674124,-0.015824728940002544,3216827.092853371,-509.05416791260996
2022Q1,2022-01-03,PCAR,REBALANCE,0.18489998359906576,0.1813462574184831,-0.0035537261805826783,3216827.092853371,-114.31722658280691
2022Q1,2022-01-03,PEP,REBALANCE,1.4345588432869543,1.4019424807096104,-0.032616362577344085,3216827.092853371,-1049.2119880912926
2022Q1,2022-01-03,PYPL,REBALANCE,1.167171665790314,1.1683941196455758,0.0012224538552619083,3216827.092853371,39.3242268136956
2022Q1,2022-01-03,QCOM,REBALANCE,1.211619369875741,1.2176824330985987,0.0060630632228577536,3216827.092853371,195.03826040971697
2022Q1,2022-01-03,REGN,REBALANCE,0.4234984418236541,0.4391439066543288,0.015645464830674714,3216827.092853371,503.28755147599
2022Q1,2022-01-03,ROST,REBALANCE,0.24760833043635236,0.23661308364476674,-0.01099524679158562,3216827.092853371,-353.6980777178173
2022Q1,2022-01-03,SBUX,REBALANCE,0.8519733741155145,0.817691096293303,-0.03428227782221148,3216827.092853371,-1102.8016010321614
2022Q1,2022-01-03,SNPS,REBALANCE,0.4960434242920759,0.47387329255185695,-0.02217013174021891,3216827.092853371,-713.1748043406465
2022Q1,2022-01-03,SWKS,REBALANCE,0.14075867942593226,0.1435303342769865,0.0027716548510542437,3216827.092853371,89.15934416909766
2022Q1,2022-01-03,TMUS,REBALANCE,0.8286802840471893,0.8116216351977796,-0.01705864884940962,3216827.092853371,-548.7472378625286
2022Q1,2022-01-03,TSLA,REBALANCE,9.202948131343499,10.294064056942869,1.0911159255993688,3216827.092853371,35099.31270911833
2022Q1,2022-01-03,TXN,REBALANCE,1.056251608387571,1.0434940006674072,-0.012757607720163995,3216827.092853371,-410.39018154218866
2022Q1,2022-01-03,VRSK,REBALANCE,0.20185409098993518,0.19293308924866562,-0.008921001741269557,3216827.092853371,-286.9732009670801
2022Q1,2022-01-03,VRSN,REBALANCE,0.1596126539935067,0.1548836048192639,-0.004729049174242799,3216827.092853371,-152.12533507140097
2022Q1,2022-01-03,VRTX,REBALANCE,0.38561300512182195,0.3870813986180435,0.0014683934962215865,3216827.092853371,47.23567981615284
2022Q1,2022-01-03,XEL,REBALANCE,0.25414499443408295,0.25123792538016065,-0.002907069053922299,3216827.092853371,-93.51538493452868
2022Q2,2022-04-01,AAPL,REBALANCE,11.883795085278976,11.263652393237196,-0.6201426920417794,3011460.5401640735,-18675.352463549396
2022Q2,2022-04-01,ADBE,REBALANCE,1.3195875293350352,1.3040645675423457,-0.01552296179268952,3011460.5401640735,-467.4678690515906
2022Q2,2022-04-01,ADI,REBALANCE,0.5525160674329084,0.5367527466760545,-0.015763320756853865,3011460.5401640735,-474.7061844121469
2022Q2,2022-04-01,ADP,REBALANCE,0.598747412816227,0.6072618094994159,0.008514396683188905,3011460.5401640735,256.4076963472726
2022Q2,2022-04-01,ADSK,REBALANCE,0.3343168649454986,0.3220763314268171,-0.012240533518681571,3011460.5401640735,-368.6188368206525
2022Q2,2022-04-01,AEP,REBALANCE,0.3392337991155982,0.338939240519475,-0.0002945585961232084,3011460.5401640735,-8.870515889911683
2022Q2,2022-04-01,ALGN,REBALANCE,0.22542237010109498,0.22891446176008667,0.003492091658991673,3011460.5401640735,105.16296233689519
2022Q2,2022-04-01,AMAT,REBALANCE,0.7504041395428982,0.6980726180411204,-0.05233152150177786,3011460.5401640735,-1575.943120093518
2022Q2,2022-04-01,AMD,REBALANCE,1.3627458508675436,1.2631388474507108,-0.09960700341683279,3011460.5401640735,-2999.6256031377998
2022Q2,2022-04-01,AMGN,REBALANCE,0.8429890164081448,0.8226129558336505,-0.020376060574494453,3011460.5401640735,-613.6170238408295
2022Q2,2022-04-01,AMZN,REBALANCE,11.800591268530729,11.263652393237196,-0.5369388752935328,3011460.5401640735,-16169.702354265524
2022Q2,2022-04-01,AVGO,REBALANCE,2.0313961140703882,1.9844843877912042,-0.046911726279183844,3011460.5401640735,-1412.7281256074014
2022Q2,2022-04-01,BIIB,REBALANCE,0.23162733742950392,0.22267597363724811,-0.008951363792255793,3011460.5401640735,-269.5667884103176
2022Q2,2022-04-01,BKNG,REBALANCE,0.5353323332361438,0.5145549133162196,-0.020777419919924215,3011460.5401640735,-625.7038021527076
2022Q2,2022-04-01,CDNS,REBALANCE,0.32639566470141723,0.3270956915337153,0.000700026832298065,3011460.5401640735,21.08103182521676
2022Q2,2022-04-01,CEG,REBALANCE,0.14224044124098048,0.14349319294728943,0.0012527517063089418,3011460.5401640735,37.726123301725906
2022Q2,2022-04-01,CHTR,REBALANCE,0.5600258697912167,0.5677713418569051,0.007745472065688423,3011460.5401640735,233.251834907638
2022Q2,2022-04-01,CMCSA,REBALANCE,1.0030234214766187,0.9913513450619631,-0.01167207641465575,3011460.5401640735,-351.4999754451555
2022Q2,2022-04-01,COST,REBALANCE,1.7770330049568457,1.7401849770019038,-0.03684802795494192,3011460.5401640735,-1109.6638216917029
2022Q2,2022-04-01,CPRT,REBALANCE,0.21439850160385837,0.21671445341433773,0.002315951810479347,3011460.5401640735,69.74397490180098
2022Q2,2022-04-01,CSCO,REBALANCE,1.417366950569733,1.3883442634618182,-0.02902268710791491,3011460.5401640735,-874.0067699501433
2022Q2,2022-04-01,CSX,REBALANCE,0.4734122118925907,0.44518365213554745,-0.028228559757043255,3011460.5401640735,-850.0919381399931
2022Q2,2022-04-01,CTAS,REBALANCE,0.286617252975673,0.2918926952639237,0.005275442288250757,3011460.5401640735,158.8678628298002
2022Q2,2022-04-01,CTSH,REBALANCE,0.29117512225912456,0.28314561604613964,-0.00802950621298492,3011460.5401640735,-241.80541117406352
2022Q2,2022-04-01,DLTR,REBALANCE,0.22635522810598546,0.21937257749621822,-0.006982650609767228,3011460.5401640735,-210.27976777066613
2022Q2,2022-04-01,DXCM,REBALANCE,0.35043467047307253,0.3671649331574426,0.016730262684370046,3011460.5401640735,503.8252590055986
2022Q2,2022-04-01,EA,REBALANCE,0.23235667039210595,0.21986876283121168,-0.012487907560894277,3011460.5401640735,-376.06840848849697
2022Q2,2022-04-01,EBAY,REBALANCE,0.1728967722795195,0.1696620664753316,-0.0032347058041878873,3011460.5401640735,-97.41188888351519
2022Q2,2022-04-01,EXC,REBALANCE,0.30249312373511356,0.2996132738428026,-0.002879849892310944,3011460.5401640735,-86.72554312290164
2022Q2,2022-04-01,FAST,REBALANCE,0.21755359945519948,0.22091445749534705,0.0033608580401475654,3011460.5401640735,101.21091368997557
2022Q2,2022-04-01,FTNT,REBALANCE,0.33978754323191257,0.3556759257605413,0.01588838252862875,3011460.5401640735,478.47237031997764
2022Q2,2022-04-01,GILD,REBALANCE,0.46504626483236994,0.4567017194525134,-0.008344545379856527,3011460.5401640735,-251.2926913704636
2022Q2,2022-04-01,GOOG,REBALANCE,5.58867314889636,5.492021588959156,-0.09665155993720392,3011460.5401640735,-2910.6235889619247
2022Q2,2022-04-01,GOOGL,REBALANCE,5.926534288763704,5.835857617772304,-0.0906766709913992,3011460.5401640735,-2730.69216604039
2022Q2,2022-04-01,HON,REBALANCE,0.7711550166913199,0.7661175708899074,-0.005037445801412462,3011460.5401640735,-151.70069254168817
2022Q2,2022-04-01,IDXX,REBALANCE,0.3027530924602161,0.3125865607337851,0.009833468273568987,3011460.5401640735,296.1310167880834
2022Q2,2022-04-01,ILMN,REBALANCE,0.3768970018433797,0.3834813111750059,0.006584309331626173,3011460.5401640735,198.28387736426305
2022Q2,2022-04-01,INTC,REBALANCE,1.7607478995990915,1.6179613863533102,-0.14278651324578123,3011460.5401640735,-4299.959503072851
2022Q2,2022-04-01,INTU,REBALANCE,0.9176833486358535,0.9200990887941343,0.0024157401582807284,3011460.5401640735,72.74906161952127
2022Q2,2022-04-01,ISRG,REBALANCE,0.7837150578179224,0.7747961135809467,-0.008918944236975708,3011460.5401640735,-268.59048629576114
2022Q2,2022-04-01,KDP,BUY,0.0,0.3342317953076534,0.3342317953076534,3011460.5401640735,10065.25862837194
2022Q2,2022-04-01,KHC,REBALANCE,0.27768791493527456,0.27348257506150914,-0.0042053398737654235,3011460.5401640735,-126.64215087823139
2022Q2,2022-04-01,KLAC,REBALANCE,0.3394703444382175,0.3230212370622833,-0.016449107375934205,3011460.5401640735,-495.3583778354767
2022Q2,2022-04-01,LRCX,REBALANCE,0.47504653532960667,0.45015215514591617,-0.024894380183690477,3011460.5401640735,-749.6844359502633
2022Q2,2022-04-01,MAR,REBALANCE,0.32329811167760913,0.31500719122412113,-0.008290920453487985,3011460.5401640735,-249.67779787318293
2022Q2,2022-04-01,MCHP,REBALANCE,0.2736169822787463,0.26062517010476594,-0.012991812173980414,3011460.5401640735,-391.2432970716524
2022Q2,2022-04-01,MDLZ,REBALANCE,0.5272027221741684,0.5244700478321366,-0.002732674342031862,3011460.5401640735,-82.29340950147775
2022Q2,2022-04-01,META,BUY,0.0,3.5047213207683092,3.5047213207683092,3011460.5401640735,105543.29961765477
2022Q2,2022-04-01,MNST,REBALANCE,0.2875264359699266,0.28763146247426885,0.0001050265043422375,3011460.5401640735,3.1628317349801893
2022Q2,2022-04-01,MRNA,REBALANCE,0.46308977551850333,0.5016941933807445,0.03860441786224114,3011460.5401640735,1162.5568106814433
2022Q2,2022-04-01,MSFT,REBALANCE,11.08752386616521,11.263652393237196,0.17612852707198645,3011460.5401640735,5304.041092745069
2022Q2,2022-04-01,MTCH,REBALANCE,0.18193014656001874,0.17576024075623375,-0.006169905803784983,3011460.5401640735,-185.80427864627777
2022Q2,2022-04-01,MU,REBALANCE,0.6462635457928679,0.6014036042768729,-0.04485994151599507,3011460.5401640735,-1350.9394370948726
2022Q2,2022-04-01,NFLX,REBALANCE,1.1450214863501287,1.12599519875807,-0.01902628759205844,3011460.5401640735,-572.9691430929731
2022Q2,2022-04-01,NVDA,REBALANCE,4.940365887273453,4.618692480458079,-0.3216734068153738,3011460.5401640735,-9687.067714446435
2022Q2,2022-04-01,NXPI,REBALANCE,0.32159772088050576,0.30473030492000097,-0.016867415960504766,3011460.5401640735,-507.955575795938
2022Q2,2022-04-01,ODFL,REBALANCE,0.21482721955064488,0.2027051980039519,-0.01212202154669299,3011460.5401640735,-365.04989554884605
2022Q2,2022-04-01,ORLY,REBALANCE,0.2730035067621933,0.2640195409156635,-0.008983965846529832,3011460.5401640735,-270.54858641006314
2022Q2,2022-04-01,PAYX,REBALANCE,0.30865566504741176,0.3117285242779508,0.003072859230539033,3011460.5401640735,92.53794318247236
2022Q2,2022-04-01,PCAR,REBALANCE,0.19399388157736552,0.18313581503418344,-0.01085806654318208,3011460.5401640735,-326.9863893726856
2022Q2,2022-04-01,PEP,REBALANCE,1.4524679072527755,1.446839081938838,-0.0056288253139375605,3011460.5401640735,-169.50985320399616
2022Q2,2022-04-01,PYPL,REBALANCE,0.7654024752246863,0.7305518561857745,-0.03485061903891187,3011460.5401640735,-1049.5126403597387
2022Q2,2022-04-01,QCOM,REBALANCE,1.091516552411645,1.0083941096827742,-0.08312244272887098,3011460.5401640735,-2503.1995628004306
2022Q2,2022-04-01,REGN,REBALANCE,0.5187844254353482,0.5083375619254936,-0.01044686350985466,3011460.5401640735,-314.6031722840726
2022Q2,2022-04-01,ROST,REBALANCE,0.2007762584179862,0.1986379248442474,-0.0021383335737387796,3011460.5401640735,-64.3950717902236
2022Q2,2022-04-01,SBUX,REBALANCE,0.6827473398065745,0.6732347317575129,-0.009512608049061684,3011460.5401640735,-286.4684377379641
2022Q2,2022-04-01,SNPS,REBALANCE,0.45779546748963434,0.45925842647521364,0.001462958985579306,3011460.5401640735,44.05643256950542
2022Q2,2022-04-01,SWKS,REBALANCE,0.1322579681257674,0.12441817711095517,-0.007839791014812247,3011460.5401640735,-236.09221284239936
2022Q2,2022-04-01,TMUS,REBALANCE,0.9594378008251649,0.9689293251426923,0.009491524317527256,3011460.5401640735,285.8335094824107
2022Q2,2022-04-01,TSLA,REBALANCE,11.212705285447369,9.721971584113556,-1.4907337013338116,3011460.5401640735,-44892.85717459508
2022Q2,2022-04-01,TXN,REBALANCE,1.0923287333813143,1.0483330527464467,-0.043995680634867536,3011460.5401640735,-1324.9125616956426
2022Q2,2022-04-01,VRSK,REBALANCE,0.19371565334847524,0.19503850392746255,0.0013228505789873203,3011460.5401640735,39.83712319153513
2022Q2,2022-04-01,VRSN,REBALANCE,0.14500471793958192,0.14458466494911623,-0.00042005299046566063,3011460.5401640735,-12.649730055652528
2022Q2,2022-04-01,VRTX,REBALANCE,0.4913727659454925,0.48366393041450473,-0.00770883553098782,3011460.5401640735,-232.14854012184583
2022Q2,2022-04-01,XEL,REBALANCE,0.28808854287446556,0.2830207963232539,-0.005067746551211654,3011460.5401640735,-152.6131876652647
2022Q3,2022-07-01,AAPL,REBALANCE,11.602476440086068,11.359196823586784,-0.24327961649928537,2292483.4689319544,-5577.144991527172
2022Q3,2022-07-01,ADBE,REBALANCE,1.3763204301043874,1.3756780999957003,-0.0006423301086869171,2292483.4689319544,-14.725311557620229
2022Q3,2022-07-01,ADI,REBALANCE,0.6265063483958658,0.6113263172297257,-0.015180031166140123,2292483.4689319544,-347.99970506248087
2022Q3,2022-07-01,ADP,REBALANCE,0.7398593831864478,0.730877889883869,-0.008981493302578827,2292483.4689319544,-205.89924922485025
2022Q3,2022-07-01,ADSK,REBALANCE,0.33941710758354177,0.3447837205025453,0.00536661291900358,2292483.4689319544,123.02871400972367
2022Q3,2022-07-01,AEP,REBALANCE,0.43152430461721164,0.4323940154263125,0.0008697108091008585,2292483.4689319544,19.937976526151527
2022Q3,2022-07-01,ALGN,REBALANCE,0.16323035029914285,0.16637308358645528,0.003142733287312435,2292483.4689319544,72.04664108425936
2022Q3,2022-07-01,AMAT,REBALANCE,0.6345453362630394,0.6215368491555638,-0.013008487107475566,2292483.4689319544,-298.2174164970219
2022Q3,2022-07-01,AMD,REBALANCE,1.1604704824278373,1.128246576249876,-0.03222390617796146,2292483.4689319544,-738.7277221739092
2022Q3,2022-07-01,AMGN,REBALANCE,1.0959525107412114,1.0985999498145371,0.0026474390733258538,2292483.4689319544,60.69210310604052
2022Q3,2022-07-01,AMZN,REBALANCE,9.641279466613843,11.06912668278307,1.427847216169227,2292483.4689319544,32733.161392284637
2022Q3,2022-07-01,AVGO,REBALANCE,2.0279199423330123,2.00037527690962,-0.02754466542339226,2292483.4689319544,-631.4569014038835
2022Q3,2022-07-01,BIIB,REBALANCE,0.28326203109040593,0.2920663684950628,0.008804337404656835,2292483.4689319544,201.83797955075062
2022Q3,2022-07-01,BKNG,REBALANCE,0.5033947834780578,0.5039738023115887,0.0005790188335309462,2292483.4689319544,13.273911040699575
2022Q3,2022-07-01,CDNS,REBALANCE,0.3919797124596297,0.3876438610884192,-0.004335851371210482,2292483.4689319544,-99.39867592245977
2022Q3,2022-07-01,CEG,REBALANCE,0.19235333657242348,0.18732429188655703,-0.005029044685866458,2292483.4689319544,-115.29001806868949
2022Q3,2022-07-01,CHTR,REBALANCE,0.640576706079339,0.6376858318445382,-0.002890874234800795,2292483.4689319544,-66.27281394042136
2022Q3,2022-07-01,CMCSA,REBALANCE,1.0975905431606243,1.1045871121846706,0.00699656902404637,2292483.4689319544,160.3951882686768
2022Q3,2022-07-01,COST,REBALANCE,1.9056902206081292,1.9296315615801873,0.02394134097205812,2292483.4689319544,548.8512840250653
2022Q3,2022-07-01,CPRT,REBALANCE,0.24654071671814928,0.24919220319687718,0.0026514864787279165,2292483.4689319544,60.784889205803466
2022Q3,2022-07-01,CSCO,REBALANCE,1.404192056879588,1.403385465642195,-0.0008065912373931422,2292483.4689319544,-18.49097077909148
2022Q3,2022-07-01,CSX,REBALANCE,0.4552305002389267,0.48403359632667003,0.028803096087743306,2292483.4689319544,660.3062163521017
2022Q3,2022-07-01,CTAS,REBALANCE,0.3375650340220459,0.341163054223143,0.0035980202010971445,2292483.4689319544,82.4840183189843
2022Q3,2022-07-01,CTSH,REBALANCE,0.28102552574495887,0.2818005266898328,0.0007750009448739045,2292483.4689319544,17.766768545300707
2022Q3,2022-07-01,DLTR,REBALANCE,0.28043563545597666,0.2820572970437196,0.001621661587742967,2292483.4689319544,37.17632382102698
2022Q3,2022-07-01,DXCM,REBALANCE,0.28105591194288415,0.2813453188033672,0.0002894068604830397,2292483.4689319544,6.634604434528651
2022Q3,2022-07-01,EA,REBALANCE,0.27810580693115755,0.2830373017705307,0.004931494839373156,2292483.4689319544,113.05370396386203
2022Q3,2022-07-01,EBAY,REBALANCE,0.16292561739663394,0.1661500881260138,0.0032244707293798682,2292483.4689319544,73.9204584315831
2022Q3,2022-07-01,EXC,REBALANCE,0.37716802277336836,0.38262036860207044,0.005452345828702064,2292483.4689319544,124.9941267919958
2022Q3,2022-07-01,FAST,REBALANCE,0.2452187905986091,0.24288118040018988,-0.0023376101984192224,2292483.4689319544,-53.58932736682813
2022Q3,2022-07-01,FTNT,REBALANCE,0.38677873078556924,0.3947718701470042,0.007993139361434955,2292483.4689319544,183.24139850958952
2022Q3,2022-07-01,GILD,REBALANCE,0.6315440824625055,0.6339066468994853,0.002362564436979818,2292483.4689319544,54.161399160627624
2022Q3,2022-07-01,GOOG,REBALANCE,5.6503054344567305,5.585174293783704,-0.06513114067302622,2292483.4689319544,-1493.1206330559426
2022Q3,2022-07-01,GOOGL,REBALANCE,6.006604038817571,5.939347628680782,-0.06725641013678937,2292483.4689319544,-1541.8420841829716
2022Q3,2022-07-01,HON,REBALANCE,0.9035766810663844,0.9023092538113051,-0.0012674272550793411,2292483.4689319544,-29.05556030343193
2022Q3,2022-07-01,IDXX,REBALANCE,0.26325658059140994,0.26556181674398455,0.0023052361525746374,2292483.4689319544,52.84715771761657
2022Q3,2022-07-01,ILMN,REBALANCE,0.2658024329739843,0.26408022764388067,-0.0017222053301036658,2292483.4689319544,-39.481272493691534
2022Q3,2022-07-01,INTC,REBALANCE,1.6170185053096604,1.615796145982681,-0.001222359326979311,2292483.4689319544,-28.022385501948598
2022Q3,2022-07-01,INTU,REBALANCE,0.9701943961685059,0.9697886448039579,-0.00040575136454803346,2292483.4689319544,-9.301782957229497
2022Q3,2022-07-01,ISRG,REBALANCE,0.6771438125823209,0.6855620293883757,0.008418216806054847,2292483.4689319544,192.98622865765893
2022Q3,2022-07-01,KDP,REBALANCE,0.41214912370982776,0.41573791555560674,0.003588791845778993,2292483.4689319544,82.27245979886136
2022Q3,2022-07-01,KHC,REBALANCE,0.35137702026209977,0.3506669782493238,-0.000710042012775974,2292483.4689319544,-16.277595765360918
2022Q3,2022-07-01,KLAC,REBALANCE,0.3711048195882956,0.34960099719428994,-0.021503822394005688,2292483.4689319544,-492.97157357106806
2022Q3,2022-07-01,LRCX,REBALANCE,0.4703107949664868,0.4451916795265707,-0.025119115439916143,2292483.4689319544,-575.8515690020117
2022Q3,2022-07-01,MAR,REBALANCE,0.32082288046457164,0.3317379885143573,0.010915108049785668,2292483.4689319544,250.2270476573975
2022Q3,2022-07-01,MCHP,REBALANCE,0.26574118753484044,0.2606473967893653,-0.005093790745475156,2292483.4689319544,-116.77431078200372
2022Q3,2022-07-01,MDLZ,REBALANCE,0.6852700706075919,0.6898253424828115,0.004555271875219483,2292483.4689319544,104.4288547043133
2022Q3,2022-07-01,META,REBALANCE,3.3386237249605264,3.271985496058713,-0.06663822890181359,2292483.4689319544,-1527.6703815631124
2022Q3,2022-07-01,MNST,REBALANCE,0.43836945547005224,0.43443361906092537,-0.003935836409126817,2292483.4689319544,-90.22839904343734
2022Q3,2022-07-01,MRNA,REBALANCE,0.5465197650919702,0.5588160125997497,0.012296247507779471,2292483.4689319544,281.8894414148018
2022Q3,2022-07-01,MSFT,REBALANCE,12.35431779742643,11.359196823586784,-0.9951209738396485,2292483.4689319544,-22812.98382114862
2022Q3,2022-07-01,MTCH,REBALANCE,0.14796969444679356,0.1511851353396895,0.003215440892895922,2292483.4689319544,73.71345092291705
2022Q3,2022-07-01,MU,REBALANCE,0.5614567573228545,0.5563360867233494,-0.00512067059950513,2292483.4689319544,-117.39052699211392
2022Q3,2022-07-01,NFLX,REBALANCE,0.6905046789169093,0.711675623873502,0.02117094495659279,2292483.4689319544,485.3404133465731
2022Q3,2022-07-01,NVDA,REBALANCE,3.3714172799994335,3.294656095854616,-0.07676118414481764,2292483.4689319544,-1759.7374570763607
2022Q3,2022-07-01,NXPI,REBALANCE,0.3217805971244768,0.32244050287396714,0.0006599057494903297,2292483.4689319544,15.128230217597324
2022Q3,2022-07-01,ODFL,REBALANCE,0.22873785007526296,0.24948226452735028,0.020744414452087336,2292483.4689319544,475.56227204083336
2022Q3,2022-07-01,ORLY,REBALANCE,0.3198850380484863,0.33005893294703714,0.010173894898550875,2292483.4689319544,233.23485869579025
2022Q3,2022-07-01,PAYX,REBALANCE,0.3439419441625928,0.3448948534746341,0.0009529093120413164,2292483.4689319544,21.84528845246039
2022Q3,2022-07-01,PCAR,REBALANCE,0.22581909170636652,0.23459399175881704,0.008774900052450517,2292483.4689319544,201.16313311772947
2022Q3,2022-07-01,PEP,REBALANCE,1.9055890253932142,1.9069196217234967,0.0013305963302824575,2292483.4689319544,30.503700909940566
2022Q3,2022-07-01,PYPL,REBALANCE,0.5795362265626501,0.5864614619412903,0.006925235378640177,2292483.4689319544,158.7598762399533
2022Q3,2022-07-01,QCOM,REBALANCE,1.1130844744227653,1.1174921026492441,0.004407628226478846,2292483.4689319544,101.04414846400623
2022Q3,2022-07-01,REGN,REBALANCE,0.5651835677392048,0.5713889124465885,0.006205344707383743,2292483.4689319544,142.25650160701628
2022Q3,2022-07-01,ROST,REBALANCE,0.20334333873005903,0.2060357950775656,0.0026924563475065437,2292483.4689319544,61.72411667479661
2022Q3,2022-07-01,SBUX,REBALANCE,0.7478662835937583,0.7704500019989101,0.02258371840515184,2292483.4689319544,517.7280111082491
2022Q3,2022-07-01,SNPS,REBALANCE,0.5497645091712536,0.5417337369887258,-0.008030772182527832,2292483.4689319544,-184.10412471203645
2022Q3,2022-07-01,SWKS,REBALANCE,0.1142236629977594,0.11325098364451583,-0.0009726793532435773,2292483.4689319544,-22.29851337882326
2022Q3,2022-07-01,TMUS,REBALANCE,1.334193074917759,1.3297942534210592,-0.004398821496699908,2292483.4689319544,-100.84225563967055
2022Q3,2022-07-01,TSLA,REBALANCE,7.980933892989228,8.016573694529646,0.03563980154041718,2292483.4689319544,817.0365586742199
2022Q3,2022-07-01,TXN,REBALANCE,1.1610665361197434,1.129465040102295,-0.031601496017448494,2292483.4689319544,-724.4590721351966
2022Q3,2022-07-01,VRSK,REBALANCE,0.20701724915490768,0.2098592119466534,0.0028419627917457193,2292483.4689319544,65.15152719396768
2022Q3,2022-07-01,VRSN,REBALANCE,0.1428614540338701,0.14380749499760628,0.0009460409637361772,2292483.4689319544,21.687832702976408
2022Q3,2022-07-01,VRTX,REBALANCE,0.6860403623234699,0.6849084320688406,-0.001131930254629366,2292483.4689319544,-25.94931396721759
2022Q3,2022-07-01,XEL,REBALANCE,0.3671390199473268,0.3733024462472529,0.0061634262999260905,2292483.4689319544,141.29552904561004
2022Q4,2022-10-03,AAPL,REBALANCE,11.886499154614127,11.418293871401715,-0.4682052832124098,2217577.3129634988,-10382.814138614896
2022Q4,2022-10-03,ADBE,REBALANCE,1.0691544373014816,1.090908098844553,0.021753661543071415,2217577.3129634988,482.40426311801707
2022Q4,2022-10-03,ADI,REBALANCE,0.6056768423616198,0.6390396753569545,0.033362832995334664,2217577.3129634988,739.846615466442
2022Q4,2022-10-03,ADP,REBALANCE,0.8171772331111425,0.8190298032911537,0.001852570180011122,2217577.3129634988,41.08217601865369
2022Q4,2022-10-03,ADSK,REBALANCE,0.3871895434511153,0.390987105187168,0.003797561736052727,2217577.3129634988,84.21386750448806
2022Q4,2022-10-03,AEP,REBALANCE,0.40594808202192806,0.4021281265576451,-0.0038199554642829106,2217577.3129634988,-84.71046574124732
2022Q4,2022-10-03,ALGN,REBALANCE,0.15051104507203744,0.14859113528559734,-0.001919909786440117,2217577.3129634988,-42.575483853461996
2022Q4,2022-10-03,AMAT,REBALANCE,0.580096973023212,0.6381904527219693,0.05809347969875731,2217577.3129634988,1288.267826110698
2022Q4,2022-10-03,AMD,REBALANCE,0.9663969324070592,1.0371829989618884,0.0707860665548293,2217577.3129634988,1569.7357526591375
2022Q4,2022-10-03,AMGN,REBALANCE,1.0602782646067739,1.06432268029826,0.004044415691486017,2217577.3129634988,89.68804481632972
2022Q4,2022-10-03,AMZN,REBALANCE,12.174575828768514,11.418293871401715,-0.7562819573667973,2217577.3129634988,-16771.137108602376
2022Q4,2022-10-03,AVGO,REBALANCE,1.9058633223925425,1.9753198266398795,0.06945650424733697,2217577.3129634988,1540.2516805664736
2022Q4,2022-10-03,BIIB,REBALANCE,0.3952918267317484,0.37543375657536227,-0.01985807015638611,2217577.3129634988,-440.36805858039355
2022Q4,2022-10-03,BKNG,REBALANCE,0.48948688296689263,0.49027305932037474,0.0007861763534820938,2217577.3129634988,17.434068454702633
2022Q4,2022-10-03,CDNS,REBALANCE,0.43652991307644373,0.4518806182729247,0.015350705196480983,2217577.3129634988,340.41375581707115
2022Q4,2022-10-03,CEG,REBALANCE,0.28185053710371333,0.28899591743847386,0.007145380334760499,2217577.3129634988,158.45433322860413
2022Q4,2022-10-03,CHTR,REBALANCE,0.42681612227582977,0.4350358278484905,0.008219705572660736,2217577.3129634988,182.2783259717209
2022Q4,2022-10-03,CMCSA,REBALANCE,0.8592719972399212,0.8660536011707397,0.006781603930818524,2217577.3129634988,150.38731022487244
2022Q4,2022-10-03,COST,REBALANCE,1.9690279623183748,1.9474173301488702,-0.021610632169504623,2217577.3129634988,-479.2324761789261
2022Q4,2022-10-03,CPRT,REBALANCE,0.25225153140258194,0.25407071671027215,0.0018191853076902388,2217577.3129634988,40.341840664103955
2022Q4,2022-10-03,CSCO,REBALANCE,1.3732152612696897,1.4059778826772829,0.03276262140759316,2217577.3129634988,726.5364594669084
2022Q4,2022-10-03,CSX,REBALANCE,0.4601197234342072,0.4648224199410444,0.004702696506837193,2217577.3129634988,104.28593083314854
2022Q4,2022-10-03,CTAS,REBALANCE,0.3675127092358235,0.372876285131914,0.005363575896090477,2217577.3129634988,118.9414422352811
2022Q4,2022-10-03,CTSH,REBALANCE,0.24891414323665811,0.2514746196844558,0.00256047644779764,2217577.3129634988,56.780544810134145
2022Q4,2022-10-03,DLTR,REBALANCE,0.25463383069026363,0.2619106382244239,0.007276807534160228,2217577.3129634988,161.36883298555583
2022Q4,2022-10-03,DXCM,REBALANCE,0.314302367488304,0.31550171883199674,0.0011993513436927162,2217577.3129634988,26.596543300452552
2022Q4,2022-10-03,EA,REBALANCE,0.27871931706868996,0.2835823392111976,0.004863022142507622,2217577.3129634988,107.84127575664048
2022Q4,2022-10-03,EBAY,REBALANCE,0.15248428193963084,0.14843989942485022,-0.004044382514780602,2217577.3129634988,-89.68730909723725
2022Q4,2022-10-03,ENPH,BUY,0.0,0.36344732930933915,0.36344732930933915,2217577.3129634988,8059.725519335642
2022Q4,2022-10-03,EXC,REBALANCE,0.32938000685460916,0.3298251987885645,0.00044519193395532036,2217577.3129634988,9.872475326536627
2022Q4,2022-10-03,FAST,REBALANCE,0.2330657272083022,0.23858655368761603,0.00552082647931381,2217577.3129634988,122.42859549334453
2022Q4,2022-10-03,FTNT,REBALANCE,0.35437041583555334,0.359224237613365,0.004853821777811703,2217577.3129634988,107.6372505564339
2022Q4,2022-10-03,GILD,REBALANCE,0.6614641479362543,0.6563251333715288,-0.005139014564725566,2217577.3129634988,-113.96162109724405
2022Q4,2022-10-03,GOOG,REBALANCE,5.075809910643024,5.208488706740414,0.13267879609739006,2217577.3129634988,2942.2548813688218
2022Q4,2022-10-03,GOOGL,REBALANCE,5.389793129174871,5.5193414297630135,0.12954830058814273,2217577.3129634988,2872.833723172412
2022Q4,2022-10-03,HON,REBALANCE,0.9005542240259713,0.9179712592081587,0.017417035182187325,2217577.3129634988,386.2362207910569
2022Q4,2022-10-03,IDXX,REBALANCE,0.2550182191797237,0.255529668466356,0.0005114492866322914,2217577.3129634988,11.34178334767135
2022Q4,2022-10-03,ILMN,REBALANCE,0.28252198321660493,0.26514598842643533,-0.017375994790169626,2217577.3129634988,-385.3261183685211
2022Q4,2022-10-03,INTC,REBALANCE,1.1622595000683955,1.2408517081533268,0.07859220808493148,2217577.3129634988,1742.842976248505
2022Q4,2022-10-03,INTU,REBALANCE,1.0091066670115922,1.0168676100972103,0.007760943085618165,2217577.3129634988,172.10491313867774
2022Q4,2022-10-03,ISRG,REBALANCE,0.6618620105856547,0.6588859591264886,-0.0029760514591661152,2217577.3129634988,-65.99624198058693
2022Q4,2022-10-03,KDP,REBALANCE,0.4373948256868088,0.4377268592858659,0.0003320335990570668,2217577.3129634988,7.363101764105698
2022Q4,2022-10-03,KHC,REBALANCE,0.32027653966052605,0.31899800083332724,-0.0012785388271988312,2217577.3129634988,-28.35258696939087
2022Q4,2022-10-03,KLAC,REBALANCE,0.3439772936152618,0.383978300096897,0.04000100648163521,2217577.3129634988,887.0532446938009
2022Q4,2022-10-03,LRCX,REBALANCE,0.39679958394813925,0.45185376594114995,0.05505418199301072,2217577.3129634988,1220.8690497146415
2022Q4,2022-10-03,MAR,REBALANCE,0.3539959706831058,0.34441371888391287,-0.009582251799192905,2217577.3129634988,-212.49384196993853
2022Q4,2022-10-03,MCHP,REBALANCE,0.2843313801070991,0.30394501021574144,0.019613630108642355,2217577.3129634988,434.94741153783093
2022Q4,2022-10-03,MDLZ,REBALANCE,0.6339405909010664,0.632871123017165,-0.0010694678839013975,2217577.3129634988,-23.716277162828202
2022Q4,2022-10-03,META,REBALANCE,2.8461312061509823,2.903216288859824,0.057085082708841633,2217577.3129634988,1265.9058432377212
2022Q4,2022-10-03,MNST,REBALANCE,0.4212992399296918,0.4190680308135051,-0.0022312091161867144,2217577.3129634988,-49.47878716532997
2022Q4,2022-10-03,MRNA,REBALANCE,0.4782083675791561,0.4618986712524596,-0.016309696326696505,2217577.3129634988,-361.68012555406284
2022Q4,2022-10-03,MSFT,REBALANCE,10.671358912419137,11.418293871401715,0.7469349589825786,2217577.3129634988,16563.860192990876
2022Q4,2022-10-03,MTCH,REBALANCE,0.10708765356867087,0.10892659861631408,0.0018389450476432147,2217577.3129634988,40.780028174401735
2022Q4,2022-10-03,MU,REBALANCE,0.5222565256572557,0.550491198329723,0.028234672672467365,2217577.3129634988,626.1256955741411
2022Q4,2022-10-03,NFLX,REBALANCE,0.990545652585283,0.9684465367670958,-0.022099115818187236,2217577.3129634988,-490.064978749648
2022Q4,2022-10-03,NVDA,REBALANCE,2.7282171537702506,2.908603084374827,0.1803859306045763,2217577.3129634988,4000.197472865165
2022Q4,2022-10-03,NXPI,REBALANCE,0.3339764334130967,0.34546194469205727,0.011485511278960586,2217577.3129634988,254.70009240009375
2022Q4,2022-10-03,ODFL,REBALANCE,0.25062783289361107,0.25669776588025395,0.006069932986642844,2217577.3129634988,134.60545682387942
2022Q4,2022-10-03,ORLY,REBALANCE,0.37987289299446086,0.3817631077698133,0.0018902147753524588,2217577.3129634988,41.91697402450009
2022Q4,2022-10-03,PAYX,REBALANCE,0.353480465894277,0.350877602340363,-0.0026028635539139533,2217577.3129634988,-57.72051165899128
2022Q4,2022-10-03,PCAR,REBALANCE,0.24738694960333274,0.2516372817612137,0.004250332157880975,2217577.3129634988,94.25440165876041
2022Q4,2022-10-03,PEP,REBALANCE,1.9440932245281488,1.9185349737179362,-0.02555825081021236,2217577.3129634988,-566.7739715575789
2022Q4,2022-10-03,PYPL,REBALANCE,0.7471616352328697,0.7335555741815819,-0.013606061051287758,2217577.3129634988,-301.7249230613202
2022Q4,2022-10-03,QCOM,REBALANCE,1.0274877135596767,1.0923927545508167,0.06490504099114,2217577.3129634988,1439.3194639891797
2022Q4,2022-10-03,REGN,REBALANCE,0.6883565899984196,0.7227065634109542,0.03434997341253444,2217577.3129634988,761.7372174053576
2022Q4,2022-10-03,ROST,REBALANCE,0.25647445990050094,0.2550709942745931,-0.0014034656259078338,2217577.3129634988,-31.12293531537329
2022Q4,2022-10-03,SBUX,REBALANCE,0.883535971542631,0.8574483906392054,-0.02608758090342552,2217577.3129634988,-578.5122756153625
2022Q4,2022-10-03,SNPS,REBALANCE,0.5633703156938157,0.5839751730187053,0.02060485732488966,2217577.3129634988,456.9286414052508
2022Q4,2022-10-03,SWKS,REBALANCE,0.10840565313777084,0.112558421614027,0.004152768476256151,2217577.3129634988,92.09085158935639
2022Q4,2022-10-03,TMUS,REBALANCE,1.370932013936817,1.3830686164720905,0.012136602535273329,2217577.3129634988,269.13854438677413
2022Q4,2022-10-03,TSLA,REBALANCE,9.792799888145106,8.759249138109517,-1.033550750035589,2217577.3129634988,-22919.7869507533
2022Q4,2022-10-03,TXN,REBALANCE,1.1839506422595338,1.2532591035600336,0.06930846130049975,2217577.3129634988,1536.9687137639687
2022Q4,2022-10-03,VRSN,REBALANCE,0.15432452025813934,0.15464056191524575,0.00031604165710642004,2217577.3129634988,7.008468087505864
2022Q4,2022-10-03,VRTX,REBALANCE,0.7275166689483372,0.7263170974019568,-0.0011995715463803541,2217577.3129634988,-26.601426465296147
2022Q4,2022-10-03,XEL,REBALANCE,0.35132766901125306,0.3473427134236282,-0.0039849555876248464,2217577.3129634988,-88.36947104283988
2023Q1,2023-01-03,AAPL,REBALANCE,11.135024044234548,11.356838856961375,0.22181481272682546,2141459.9168544356,4750.075304190698
2023Q1,2023-01-03,ADBE,REBALANCE,1.381440935600892,1.3738959036023446,-0.007545031998547509,2141459.9168544356,-161.57383596273604
2023Q1,2023-01-03,ADI,REBALANCE,0.7824800753443719,0.7660705249016699,-0.016409550442701964,2141459.9168544356,-351.40394526647214
2023Q1,2023-01-03,ADP,REBALANCE,0.8999902241258123,0.8979426426270998,-0.0020475814987125363,2141459.9168544356,-43.848137059856285
2023Q1,2023-01-03,ADSK,REBALANCE,0.4050363025409253,0.4010466622890535,-0.003989640251871821,2141459.9168544356,-85.4365468205254
2023Q1,2023-01-03,AEP,REBALANCE,0.46165863107772026,0.465354582049511,0.003695950971790811,2141459.9168544356,79.1473086074922
2023Q1,2023-01-03,ALGN,REBALANCE,0.15668853432262436,0.15596312256198458,-0.0007254117606397652,2141459.9168544356,-15.534402086248612
2023Q1,2023-01-03,AMAT,REBALANCE,0.7874121613258002,0.7649936128390425,-0.02241854848675758,2141459.9168544356,-480.08422978449016
2023Q1,2023-01-03,AMD,REBALANCE,1.0979508802513522,1.0709104132189846,-0.02704046703236769,2141459.9168544356,-579.0607628283922
2023Q1,2023-01-03,AMGN,REBALANCE,1.293094182716334,1.297378189446189,0.0042840067298551,2141459.9168544356,91.74028695519344
2023Q1,2023-01-03,AMZN,REBALANCE,8.789635768749376,9.470523408313557,0.680887639564183,2141459.9168544356,14580.935880083283
2023Q1,2023-01-03,AVGO,REBALANCE,2.597376741375049,2.573298276641469,-0.024078464733580038,2141459.9168544356,-515.6306708635477
2023Q1,2023-01-03,BIIB,REBALANCE,0.4032229305590445,0.4129135108339386,0.009690580274894067,2141459.9168544356,207.51989229745882
2023Q1,2023-01-03,BKNG,REBALANCE,0.6226574413706502,0.632737197997546,0.01007975662689585,2141459.9168544356,215.85394788145334
2023Q1,2023-01-03,CDNS,REBALANCE,0.4599540708111633,0.45170100791190126,-0.008253062899262007,2141459.9168544356,-176.73603390048044
2023Q1,2023-01-03,CEG,REBALANCE,0.310606806123871,0.2919269151308535,-0.01867989099301748,2141459.9168544356,-400.0223781275713
2023Q1,2023-01-03,CHTR,REBALANCE,0.5035906230344026,0.49470974314588,-0.008880879888522632,2141459.9168544356,-190.18048307669903
2023Q1,2023-01-03,CMCSA,REBALANCE,1.078803684737696,1.0902906552230998,0.011486970485403633,2141459.9168544356,245.9888686058182
2023Q1,2023-01-03,COST,REBALANCE,1.9528170935775537,1.9736749578549755,0.020857864277421673,2141459.9168544356,446.66280301288515
2023Q1,2023-01-03,CPRT,REBALANCE,0.301132593091104,0.3036811127049631,0.002548519613859105,2141459.9168544356,54.575526003966175
2023Q1,2023-01-03,CSCO,REBALANCE,1.7501467085847051,1.7566945638197682,0.006547855235063127,2141459.9168544356,140.21969527253165
2023Q1,2023-01-03,CSX,REBALANCE,0.5615329830444763,0.5599101221165881,-0.001622860927888263,2141459.9168544356,-34.75291627701912
2023Q1,2023-01-03,CTAS,REBALANCE,0.45039036665253385,0.44648450956876506,-0.0039058570837687684,2141459.9168544356,-83.64236385852774
2023Q1,2023-01-03,CTSH,REBALANCE,0.2604635179181718,0.262782160738086,0.002318642819914207,2141459.9168544356,49.65280660348612
2023Q1,2023-01-03,DLTR,REBALANCE,0.28186170157298973,0.2765156158563738,-0.00534608571661592,2141459.9168544356,-114.48428274201014
2023Q1,2023-01-03,DXCM,REBALANCE,0.45936591984882585,0.4541624857753435,-0.005203434073482345,2141459.9168544356,-111.4294549835704
2023Q1,2023-01-03,EA,REBALANCE,0.31054222442614243,0.31023868332683824,-0.00030354109930414395,2141459.9168544356,-6.500210972777561
2023Q1,2023-01-03,EBAY,REBALANCE,0.17405090881553975,0.18013970617225233,0.006088797356712593,2141459.9168544356,130.38915481249256
2023Q1,2023-01-03,ENPH,REBALANCE,0.359397098806162,0.34249304916282985,-0.016904049643332163,2141459.9168544356,-361.9934474371334
2023Q1,2023-01-03,EXC,REBALANCE,0.39759399784469307,0.39787727680281637,0.00028327895812332166,2141459.9168544356,6.066305341093796
2023Q1,2023-01-03,FAST,REBALANCE,0.2556147875780394,0.2561230656388934,0.000508278060854005,2141459.9168544356,10.884570939353514
2023Q1,2023-01-03,FTNT,REBALANCE,0.3701755327316002,0.364675244488558,-0.005500288243042188,2141459.9168544356,-117.78646803620553
2023Q1,2023-01-03,GILD,REBALANCE,0.9536748533890093,0.9667960749448675,0.013121221555858174,2141459.9168544356,280.98570022036677
2023Q1,2023-01-03,GOOG,REBALANCE,4.977390564314605,5.016538579103049,0.03914801478844404,2141459.9168544356,838.3390449387759
2023Q1,2023-01-03,GOOGL,REBALANCE,5.272146474674481,5.316902297800505,0.044755823126023386,2141459.9168544356,958.4280127020587
2023Q1,2023-01-03,HON,REBALANCE,1.2260362387937258,1.218079507935156,-0.00795673085856978,2141459.9168544356,-170.39020202825964
2023Q1,2023-01-03,IDXX,REBALANCE,0.3313421316199175,0.3285564743023862,-0.0027856573175312916,2141459.9168544356,-59.6537348758551
2023Q1,2023-01-03,ILMN,REBALANCE,0.2909909201148036,0.3032848962057614,0.012293976090957826,2141459.9168544356,263.27057017552966
2023Q1,2023-01-03,INTC,REBALANCE,1.335665593851674,1.3289648077745269,-0.006700786077147233,2141459.9168544356,-143.49464795627074
2023Q1,2023-01-03,INTU,REBALANCE,1.0601767966299087,1.0708743379295413,0.010697541299632511,2141459.9168544356,229.0835590205793
2023Q1,2023-01-03,ISRG,REBALANCE,0.9659082902889696,0.9650948777059234,-0.0008134125830462288,2141459.9168544356,-17.41890442458529
2023Q1,2023-01-03,KDP,REBALANCE,0.4512611427056345,0.45000663306538,-0.0012545096402544892,2141459.9168544356,-26.86482109912466
2023Q1,2023-01-03,KHC,REBALANCE,0.4074215210800588,0.41266599220814965,0.005244471128090875,2141459.9168544356,112.30824705906974
2023Q1,2023-01-03,KLAC,REBALANCE,0.4970806588921853,0.48871004296012316,-0.008370615932062116,2141459.9168544356,-179.25338497894154
2023Q1,2023-01-03,LRCX,REBALANCE,0.5393387443808808,0.5141271502043899,-0.02521159417649089,2141459.9168544356,-539.8961836895596
2023Q1,2023-01-03,MAR,REBALANCE,0.37987103341612877,0.3863116472097488,0.006440613793620058,2141459.9168544356,137.9231627897714
2023Q1,2023-01-03,MCHP,REBALANCE,0.3639080947907679,0.35333004155044845,-0.010578053240319464,2141459.9168544356,-226.52477012496314
2023Q1,2023-01-03,MDLZ,REBALANCE,0.8012633650051713,0.7979315870275949,-0.003331777977576278,2141459.9168544356,-71.34868990837936
2023Q1,2023-01-03,META,REBALANCE,2.666504808209812,2.785735212095908,0.11923040388609578,2141459.9168544356,2553.2713079243945
2023Q1,2023-01-03,MNST,REBALANCE,0.5066735179736368,0.5082735693355638,0.0016000513619270768,2141459.9168544356,34.26445856475184
2023Q1,2023-01-03,MRNA,REBALANCE,0.7265559501726092,0.7285767221078817,0.002020771935272534,2141459.9168544356,43.27402100490498
2023Q1,2023-01-03,MSFT,REBALANCE,12.209787564573457,11.356838856961375,-0.8529487076120834,2141459.9168544356,-18265.554684840703
2023Q1,2023-01-03,MTCH,REBALANCE,0.09801055036844783,0.09484335280605517,-0.0031671975623926525,2141459.9168544356,-67.8242662862294
2023Q1,2023-01-03,MU,REBALANCE,0.5711895005462752,0.5741370777149779,0.002947577168702694,2141459.9168544356,63.121183586121035
2023Q1,2023-01-03,NFLX,REBALANCE,1.2560575563319079,1.274097787739948,0.018040231408040196,2141459.9168544356,386.32432451096537
2023Q1,2023-01-03,NVDA,REBALANCE,3.6270250600656877,3.549027751200099,-0.07799730886558845,2141459.9168544356,-1670.2811055817276
2023Q1,2023-01-03,NXPI,REBALANCE,0.38512135261569247,0.37766127881869926,-0.007460073796993231,2141459.9168544356,-159.75449013037078
2023Q1,2023-01-03,ODFL,REBALANCE,0.303546017858347,0.29558649517465274,-0.007959522683694247,2141459.9168544356,-170.44998784424877
2023Q1,2023-01-03,ORLY,REBALANCE,0.4744048979806579,0.47649160126371165,0.00208670328305377,2141459.9168544356,44.68591439028204
2023Q1,2023-01-03,PAYX,REBALANCE,0.3767768282421458,0.37980964998174316,0.0030328217395973658,2141459.9168544356,64.94666190312499
2023Q1,2023-01-03,PCAR,REBALANCE,0.31793642227205654,0.315066725388557,-0.0028696968834995666,2141459.9168544356,-61.45340849536415
2023Q1,2023-01-03,PEP,REBALANCE,2.212184582628273,2.234728766833258,0.022544184204984982,2141459.9168544356,482.7746683315822
2023Q1,2023-01-03,PYPL,REBALANCE,0.6285675704048206,0.6690949733881635,0.04052740298334288,2141459.9168544356,867.8780902303566
2023Q1,2023-01-03,QCOM,REBALANCE,1.1078019247781714,1.071966830986029,-0.03583509379214214,2141459.9168544356,-767.3941697259161
2023Q1,2023-01-03,REGN,REBALANCE,0.7838335756024519,0.7552017349594158,-0.02863184064303614,2141459.9168544356,-613.1393908282562
2023Q1,2023-01-03,ROST,REBALANCE,0.3647620805158143,0.36742429108000546,0.002662210564191147,2141459.9168544356,57.010172134417736
2023Q1,2023-01-03,SBUX,REBALANCE,1.0513707230352316,1.0828306477197573,0.03145992468452565,2141459.9168544356,673.7016769917111
2023Q1,2023-01-03,SNPS,REBALANCE,0.6320087462965729,0.6279531318310012,-0.004055614465571684,2141459.9168544356,-86.84935816236785
2023Q1,2023-01-03,SWKS,REBALANCE,0.12539371696170426,0.12440840917661462,-0.0009853077850896508,2141459.9168544356,-21.099971275341115
2023Q1,2023-01-03,TMUS,REBALANCE,1.494462989950145,1.4761497079487094,-0.01831328200143558,2141459.9168544356,-392.1715935212607
2023Q1,2023-01-03,TSLA,REBALANCE,4.212311768433221,4.164944596402528,-0.04736717203069271,2141459.9168544356,-1014.3490027847696
2023Q1,2023-01-03,TXN,REBALANCE,1.3963890530410652,1.3753093806671428,-0.0210796723739224,2141459.9168544356,-451.41273449178607
2023Q1,2023-01-03,VRSK,REBALANCE,0.22984586335829546,0.23266435862523294,0.002818495266937492,2141459.9168544356,60.356946399905816
2023Q1,2023-01-03,VRSN,REBALANCE,0.1893988999207542,0.18568282959917504,-0.003716070321579186,2141459.9168544356,-79.578156418742
2023Q1,2023-01-03,VRTX,REBALANCE,0.7501595023846538,0.7447099543919355,-0.0054495479927182955,2141459.9168544356,-116.69988591380778
2023Q1,2023-01-03,XEL,REBALANCE,0.39673307873601726,0.3986615781517561,0.0019284994157388845,2141459.9168544356,41.298041984820195
2023Q2,2023-04-03,AAPL,REBALANCE,11.824634168291187,11.407464859370496,-0.417169308920691,2614288.9135508775,-10906.010993850436
2023Q2,2023-04-03,ADBE,REBALANCE,1.2887370398527633,1.2431244706764362,-0.04561256917632716,2614288.9135508775,-1192.4443391624457
2023Q2,2023-04-03,ADI,REBALANCE,0.7580001793210428,0.745854456693692,-0.01214572262735079,2614288.9135508775,-317.5242801174721
2023Q2,2023-04-03,ADP,REBALANCE,0.6894421681768911,0.6607498539722397,-0.028692314204651313,2614288.9135508775,-750.0999892933829
2023Q2,2023-04-03,ADSK,REBALANCE,0.3659392448415398,0.3606361929876597,-0.005303051853880079,2614288.9135508775,-138.6370966958412
2023Q2,2023-04-03,AEP,REBALANCE,0.36867678876861704,0.3609427360655279,-0.0077340527030891545,2614288.9135508775,-202.19048238504172
2023Q2,2023-04-03,ALGN,REBALANCE,0.20240918232792343,0.19290247185556056,-0.009506710472362876,2614288.9135508775,-248.5328779223629
2023Q2,2023-04-03,AMAT,REBALANCE,0.7922546733978363,0.7777188624164778,-0.014535810981358525,2614288.9135508775,-380.00809498036693
2023Q2,2023-04-03,AMD,REBALANCE,1.3274129013048341,1.2955295840847556,-0.03188331722007859,2614288.9135508775,-833.5220273567724
2023Q2,2023-04-03,AMGN,REBALANCE,0.9868285863278123,0.9807172605033131,-0.006111325824499289,2614288.9135508775,-159.76771350085667
2023Q2,2023-04-03,AMZN,REBALANCE,9.539142701814239,9.064428947185958,-0.4747137546282809,2614288.9135508775,-12410.389058348264
2023Q2,2023-04-03,AVGO,REBALANCE,2.435970789681741,2.41306079557386,-0.022909994107881207,2614288.9135508775,-598.9334360574976
2023Q2,2023-04-03,BIIB,REBALANCE,0.33958834465105403,0.3369073935586855,-0.002680951092368577,2614288.9135508775,-70.08780718551286
2023Q2,2023-04-03,BKNG,REBALANCE,0.6821580364191022,0.6655726849740461,-0.016585351445056167,2614288.9135508775,-433.58900410155366
2023Q2,2023-04-03,BKR,BUY,0.0,0.22721888560493514,0.22721888560493514,2614288.9135508775,5940.1581358636695
2023Q2,2023-04-03,CDNS,REBALANCE,0.4839038840175727,0.47974048940791086,-0.00416339460966187,2614288.9135508775,-108.84316370776511
2023Q2,2023-04-03,CEG,REBALANCE,0.21851997649085234,0.21980658242337067,0.0012866059325183487,2614288.9135508775,33.63559625491507
2023Q2,2023-04-03,CHTR,REBALANCE,0.4273548840103763,0.4137869004220145,-0.013567983588361806,2614288.9135508775,-354.7062907429452
2023Q2,2023-04-03,CMCSA,REBALANCE,0.9757149303701685,0.9344775057618392,-0.04123742460832927,2614288.9135508775,-1078.0654197694535
2023Q2,2023-04-03,COST,REBALANCE,1.762744423289372,1.7388401908168347,-0.02390423247253734,2614288.9135508775,-624.9256993989725
2023Q2,2023-04-03,CPRT,REBALANCE,0.30725839975525165,0.2991367270195193,-0.008121672735732308,2614288.9135508775,-212.323989925134
2023Q2,2023-04-03,CSCO,REBALANCE,1.591741557332408,1.54971486546407,-0.04202669186833801,2614288.9135508775,-1098.6991462461488
2023Q2,2023-04-03,CSGP,BUY,0.0,0.2310681682723745,0.2310681682723745,2614288.9135508775,6040.789505889772
2023Q2,2023-04-03,CSX,REBALANCE,0.44483754032009043,0.4356666825924174,-0.009170857727673013,2614288.9135508775,-239.75271685207952
2023Q2,2023-04-03,CTAS,REBALANCE,0.3756527669310884,0.36852547472048736,-0.00712729221060103,2614288.9135508775,-186.328010098118
2023Q2,2023-04-03,CTSH,REBALANCE,0.23032627545789297,0.2255785314452145,-0.004747744012678461,2614288.9135508775,-124.11974536722856
2023Q2,2023-04-03,DLTR,REBALANCE,0.22988306668918754,0.23403967246879953,0.004156605779611971,2614288.9135508775,108.66568407641078
2023Q2,2023-04-03,DXCM,REBALANCE,0.3816797751221488,0.36588961883070265,-0.01579015629144618,2614288.9135508775,-412.80030535963385
2023Q2,2023-04-03,EA,REBALANCE,0.25095873797998314,0.24631642752918315,-0.004642310450800021,2614288.9135508775,-121.3634074478787
2023Q2,2023-04-03,EBAY,REBALANCE,0.1587746530037126,0.15264834404395167,-0.006126308959760948,2614288.9135508775,-160.15941594490457
2023Q2,2023-04-03,ENPH,REBALANCE,0.2226515871738762,0.21971083749248635,-0.002940749681389857,2614288.9135508775,-76.87969289585779
2023Q2,2023-04-03,EXC,REBALANCE,0.3185543929210577,0.311826799506356,-0.0067275934147017005,2614288.9135508775,-175.87872878932546
2023Q2,2023-04-03,FANG,BUY,0.0,0.29760028144526557,0.29760028144526557,2614288.9135508775,7780.131164519787
2023Q2,2023-04-03,FAST,REBALANCE,0.24081789602451673,0.23492258556964857,-0.005895310454868139,2614288.9135508775,-154.12044764102356
2023Q2,2023-04-03,FTNT,REBALANCE,0.4060719121612456,0.3997395254703933,-0.006332386690852294,2614288.9135508775,-165.5468832221228
2023Q2,2023-04-03,GEHC,BUY,0.0,0.30456637234551603,0.30456637234551603,2614288.9135508775,7962.244906632912
2023Q2,2023-04-03,GILD,REBALANCE,0.7726594620969007,0.7631124746673564,-0.009546987429544327,2614288.9135508775,-249.58583394867324
2023Q2,2023-04-03,GOOG,REBALANCE,4.816409529134819,4.705883561803502,-0.11052596733131595,2614288.9135508775,-2889.4681105374575
2023Q2,2023-04-03,GOOGL,REBALANCE,5.120390155330683,4.993788238297424,-0.12660191703325954,2614288.9135508775,-3309.7398813433842
2023Q2,2023-04-03,HON,REBALANCE,0.8945614736073847,0.8858235574265065,-0.008737916180878193,2614288.9135508775,-228.43437399206684
2023Q2,2023-04-03,IDXX,REBALANCE,0.3299045447193204,0.31756633766629133,-0.012338207053029038,2614288.9135508775,-322.5563791182906
2023Q2,2023-04-03,ILMN,REBALANCE,0.28572111870625233,0.27855688691045055,-0.007164231795801779,2614288.9135508775,-187.29371757873284
2023Q2,2023-04-03,INTC,REBALANCE,1.3620142336534389,1.3275499732887555,-0.03446426036468348,2614288.9135508775,-900.9953378512295
2023Q2,2023-04-03,INTU,REBALANCE,1.0068072105005348,0.9695388804372022,-0.03726833006333259,2614288.9135508775,-974.3018211112527
2023Q2,2023-04-03,ISRG,REBALANCE,0.7611095781563736,0.7388135107519351,-0.022296067404438402,2614288.9135508775,-582.8836183120641
2023Q2,2023-04-03,KDP,REBALANCE,0.36882563561091763,0.36338844749972127,-0.005437188111196388,2614288.9135508775,-142.14380599991352
2023Q2,2023-04-03,KHC,REBALANCE,0.32447800616649153,0.31864882951029316,-0.005829176656198384,2614288.9135508775,-152.3915190742901
2023Q2,2023-04-03,KLAC,REBALANCE,0.42519707908532506,0.4166810017407578,-0.008516077344567288,2614288.9135508775,-222.63486588844057
2023Q2,2023-04-03,LRCX,REBALANCE,0.5331078220683014,0.5209599532911618,-0.012147868777139664,2614288.9135508775,-317.5803866734708
2023Q2,2023-04-03,MAR,REBALANCE,0.35372105863922004,0.345702779617095,-0.008018279022125067,2614288.9135508775,-209.62097953299133
2023Q2,2023-04-03,MCHP,REBALANCE,0.3466344519122141,0.34065432643067817,-0.005980125481535887,2614288.9135508775,-156.33775748022373
2023Q2,2023-04-03,MDLZ,REBALANCE,0.6874827610245702,0.6820809094863511,-0.0054018515382190345,2614288.9135508775,-141.22000589013777
2023Q2,2023-04-03,META,REBALANCE,4.018825396255718,3.8165329937882504,-0.20229240246746744,2614288.9135508775,-5288.507850662723
2023Q2,2023-04-03,MNST,REBALANCE,0.44295914652606355,0.43116913119207667,-0.011790015333986922,2614288.9135508775,-308.2250637823686
2023Q2,2023-04-03,MRNA,REBALANCE,0.5102836441199844,0.5206733142840834,0.010389670164099012,2614288.9135508775,271.61599525454375
2023Q2,2023-04-03,MSFT,REBALANCE,11.211391814694993,11.407464859370496,0.19607304467550296,2614288.9135508775,5125.915869413333
2023Q2,2023-04-03,MTCH,SELL,0.07188494827465315,0.0,-0.07188494827465315,2614288.9135508775,-1879.2802332560402
2023Q2,2023-04-03,MU,REBALANCE,0.567781127925252,0.5449733849423385,-0.02280774298291351,2614288.9135508775,-596.2602962334861
2023Q2,2023-04-03,NFLX,REBALANCE,1.2227473062467435,1.2066893164550172,-0.01605798979172641,2614288.9135508775,-419.80224686423514
2023Q2,2023-04-03,NVDA,REBALANCE,5.526570764324272,5.561849621924131,0.035278857599859575,2614288.9135508775,922.29126306053
2023Q2,2023-04-03,NXPI,REBALANCE,0.3671777468954158,0.3575952303932316,-0.009582516502184245,2614288.9135508775,-250.51466655578605
2023Q2,2023-04-03,ODFL,REBALANCE,0.2911504011440187,0.2807858318680869,-0.010364569275931766,2614288.9135508775,-270.9597855179846
2023Q2,2023-04-03,ORLY,REBALANCE,0.39260082589023215,0.3945582966537501,0.0019574707635179253,2614288.9135508775,51.17394115664884
2023Q2,2023-04-03,PANW,BUY,0.0,0.6582892517650663,0.6582892517650663,2614288.9135508775,17209.582927991152
2023Q2,2023-04-03,PAYX,REBALANCE,0.31058615433444065,0.2948256774005109,-0.015760476933929714,2614288.9135508775,-412.0244012064677
2023Q2,2023-04-03,PCAR,REBALANCE,0.28730802614943396,0.2822472339993211,-0.00506079215011287,2614288.9135508775,-132.30372811825384
2023Q2,2023-04-03,PEP,REBALANCE,1.859648251688551,1.8356019657843448,-0.02404628590420635,2614288.9135508775,-628.639386514414
2023Q2,2023-04-03,PYPL,REBALANCE,0.5844034364182761,0.5417704031235077,-0.04263303329476841,2614288.9135508775,-1114.550662935585
2023Q2,2023-04-03,QCOM,REBALANCE,1.0252017671918892,1.0065832194834903,-0.018618547708398707,2614288.9135508775,-486.74262860484833
2023Q2,2023-04-03,REGN,REBALANCE,0.7045088361437263,0.6946078577038048,-0.009900978439921458,2614288.9135508775,-258.8401816879293
2023Q2,2023-04-03,ROST,REBALANCE,0.27608408939393325,0.27727331719468973,0.0011892278007564344,2614288.9135508775,31.08985055204038
2023Q2,2023-04-03,SBUX,REBALANCE,0.9357328282447928,0.907658677927126,-0.0280741503176668,2614288.9135508775,-733.9393993283717
2023Q2,2023-04-03,SNPS,REBALANCE,0.6222526622050583,0.6127833844205841,-0.009469277784474126,2614288.9135508775,-247.55427931284322
2023Q2,2023-04-03,SWKS,SELL,0.1326665438443928,0.0,-0.1326665438443928,2614288.9135508775,-3468.2867477150753
2023Q2,2023-04-03,TMUS,REBALANCE,1.2509706221627335,1.2497151183342996,-0.0012555038284338405,2614288.9135508775,-32.82249739595272
2023Q2,2023-04-03,TSLA,REBALANCE,5.745922765317823,6.0189149800918,0.27299221477397745,2614288.9135508775,7136.805205693093
2023Q2,2023-04-03,TXN,REBALANCE,1.277363466318262,1.253561402105669,-0.02380206421259308,2614288.9135508775,-622.2547259060818
2023Q2,2023-04-03,VRSK,REBALANCE,0.20765367984578784,0.20197735496963637,-0.0056763248761514465,2614288.9135508775,-148.39553193435785
2023Q2,2023-04-03,VRSN,SELL,0.1564603400614295,0.0,-0.1564603400614295,2614288.9135508775,-4090.325324329954
2023Q2,2023-04-03,VRTX,REBALANCE,0.6655542797859624,0.6606078505288513,-0.004946429257111137,2614288.9135508775,-129.31395168529346
2023Q2,2023-04-03,WBD,BUY,0.0,0.3055171301577293,0.3055171301577293,2614288.9135508775,7987.100462712321
2023Q2,2023-04-03,XEL,REBALANCE,0.31664354395601124,0.31059148674063153,-0.0060520572153797535,2614288.9135508775,-158.21826082342884
2023Q3,2023-07-03,AAPL,REBALANCE,11.48276528725847,11.35298083235411,-0.12978445490436086,3059218.8050683285,-3970.390450489632
2023Q3,2023-07-03,ABNB,BUY,0.0,0.38247667175653627,0.38247667175653627,3059218.8050683285,11700.798267375423
2023Q3,2023-07-03,ADBE,REBALANCE,1.347968452181185,1.3336567429690056,-0.014311709212179273,3059218.8050683285,-437.82649954568467
2023Q3,2023-07-03,ADI,REBALANCE,0.6326049139301598,0.6235450190904833,-0.009059894839676553,3059218.8050683285,-277.1620066548002
2023Q3,2023-07-03,ADP,REBALANCE,0.5606856243978097,0.5634506387115903,0.002765014313780602,3059218.8050683285,84.58783785000718
2023Q3,2023-07-03,ADSK,REBALANCE,0.30292974592034566,0.29740587075822184,-0.005523875162123833,3059218.8050683285,-168.9874277281909
2023Q3,2023-07-03,AEP,REBALANCE,0.28802463903103653,0.28729612453247705,-0.0007285144985594814,3059218.8050683285,-22.286852537580895
2023Q3,2023-07-03,ALGN,REBALANCE,0.17446718195772448,0.17064863594966057,-0.0038185460080638993,3059218.8050683285,-116.81767755887678
2023Q3,2023-07-03,AMAT,REBALANCE,0.784091819274996,0.7792756411002526,-0.0048161781747434705,3059218.8050683285,-147.33742840734882
2023Q3,2023-07-03,AMD,REBALANCE,1.2867134566543958,1.3058953169138512,0.019181860259455397,3059218.8050683285,586.815076219188
2023Q3,2023-07-03,AMGN,REBALANCE,0.776946190176487,0.765819711381712,-0.011126478794775026,3059218.8050683285,-340.3833316316975
2023Q3,2023-07-03,AMZN,REBALANCE,9.776188403517452,9.686134131862334,-0.09005427165511698,3059218.8050683285,-2754.957213240656
2023Q3,2023-07-03,AVGO,REBALANCE,2.8030417116361845,2.7811212216500443,-0.02192048998614013,3059218.8050683285,-670.5957518191186
2023Q3,2023-07-03,BIIB,REBALANCE,0.294970210497776,0.2913986860150911,-0.0035715244826848864,3059218.8050683285,-109.26074860191538
2023Q3,2023-07-03,BKNG,REBALANCE,0.579048201298363,0.5710011721038025,-0.008047029194560486,3059218.8050683285,-246.17623036933284
2023Q3,2023-07-03,BKR,REBALANCE,0.21412762854391784,0.20311725222437088,-0.011010376319546978,3059218.8050683285,-336.83150287637125
2023Q3,2023-07-03,CDNS,REBALANCE,0.45763995554173686,0.4489552969723665,-0.00868465856937034,3059218.8050683285,-265.68270811015555
2023Q3,2023-07-03,CEG,REBALANCE,0.21984500668650814,0.22162195449357502,0.0017769478070668934,3059218.8050683285,54.360721470039685
2023Q3,2023-07-03,CHTR,REBALANCE,0.3632568598046809,0.3594422760936715,-0.0038145837110094196,3059218.8050683285,-116.69646222227347
2023Q3,2023-07-03,CMCSA,REBALANCE,0.881972906833319,0.8755365170312562,-0.006436389802062792,3059218.8050683285,-196.9032471922051
2023Q3,2023-07-03,COST,REBALANCE,1.613443584399769,1.5939912073718654,-0.0194523770279037,3059218.8050683285,-595.0907760704216
2023Q3,2023-07-03,CPRT,REBALANCE,0.3100128148975902,0.3005797740511199,-0.009433040846470314,3059218.8050683285,-288.5773594649965
2023Q3,2023-07-03,CSCO,REBALANCE,1.3204919661081858,1.2998379110839988,-0.020654055024186754,3059218.8050683285,-631.8527353090811
2023Q3,2023-07-03,CSGP,REBALANCE,0.25525204738200546,0.2471004459831657,-0.00815160139883979,3059218.8050683285,-249.3753229075198
2023Q3,2023-07-03,CSX,REBALANCE,0.42555268223185855,0.422705927982096,-0.0028467542497625717,3059218.8050683285,-87.0884413428184
2023Q3,2023-07-03,CTAS,REBALANCE,0.33916460591085335,0.32835221437570516,-0.010812391535148158,3059218.8050683285,-330.77471512086856
2023Q3,2023-07-03,CTSH,REBALANCE,0.20749194952596586,0.2034542349219777,-0.004037714603988144,3059218.8050683285,-123.52252446019548
2023Q3,2023-07-03,DLTR,REBALANCE,0.1999314969186238,0.1959642453181973,-0.003967251600426507,3059218.8050683285,-121.36690700462192
2023Q3,2023-07-03,DXCM,REBALANCE,0.3458586646886836,0.3389172387093407,-0.00694142597934288,3059218.8050683285,-212.35340889995578
2023Q3,2023-07-03,EA,REBALANCE,0.2269973599849098,0.22357314605174516,-0.0034242139331646347,3059218.8050683285,-104.75419656914235
2023Q3,2023-07-03,EBAY,REBALANCE,0.1321454593411177,0.13178989703014524,-0.0003555623109724763,3059218.8050683285,-10.877429081005523
2023Q3,2023-07-03,ENPH,REBALANCE,0.1495407298072465,0.1545199445719011,0.004979214764654614,3059218.8050683285,152.32507442505266
2023Q3,2023-07-03,EXC,REBALANCE,0.2613745388802459,0.25948790803608573,-0.0018866308441601882,3059218.8050683285,-57.71616556676783
2023Q3,2023-07-03,FANG,REBALANCE,0.24870234147409942,0.2299220112493978,-0.01878033022470163,3059218.8050683285,-574.5313938880034
2023Q3,2023-07-03,FAST,REBALANCE,0.22099643159598326,0.2156315223246658,-0.005364909271317461,3059218.8050683285,-164.124313302998
2023Q3,2023-07-03,FTNT,REBALANCE,0.3885296142351079,0.37823420750797687,-0.010295406727131064,3059218.8050683285,-314.9590186546632
2023Q3,2023-07-03,GEHC,REBALANCE,0.2578614476183151,0.2525423450303456,-0.005319102587969483,3059218.8050683285,-162.72298663203856
2023Q3,2023-07-03,GILD,REBALANCE,0.6116004783576366,0.5967767178993834,-0.014823760458253319,3059218.8050683285,-453.49126755716856
2023Q3,2023-07-03,GOOG,REBALANCE,4.677658598436792,4.5446694210816085,-0.13298917735518334,3059218.8050683285,-4068.42992235544
2023Q3,2023-07-03,GOOGL,REBALANCE,4.924509366859368,4.821587248706523,-0.10292211815284558,3059218.8050683285,-3148.6127931064957
2023Q3,2023-07-03,HON,REBALANCE,0.8261805306078464,0.8064862556661266,-0.0196942749417197,3059218.8050683285,-602.4909625389487
2023Q3,2023-07-03,IDXX,REBALANCE,0.2725465493676394,0.2673721573075658,-0.005174392060073576,3059218.8050683285,-158.29597494973333
2023Q3,2023-07-03,ILMN,REBALANCE,0.19191932271727982,0.19145115044352984,-0.0004681722737499708,3059218.8050683285,-14.322414238675082
2023Q3,2023-07-03,INTC,REBALANCE,1.165966184345276,1.1450756865806477,-0.02089049776462827,3059218.8050683285,-639.0860360878869
2023Q3,2023-07-03,INTU,REBALANCE,0.8530150694040358,0.8364184914184084,-0.016596577985627387,3059218.8050683285,-507.7256347341434
2023Q3,2023-07-03,ISRG,REBALANCE,0.8450606320988765,0.8229211819739495,-0.022139450124926928,3059218.8050683285,-677.2942215604882
2023Q3,2023-07-03,KDP,REBALANCE,0.27703431170605347,0.2733266614488154,-0.003707650257238045,3059218.8050683285,-113.42513389559052
2023Q3,2023-07-03,KHC,REBALANCE,0.2526062821644374,0.2494221591131301,-0.003184123051307294,3059218.8050683285,-97.4092911621082
2023Q3,2023-07-03,KLAC,REBALANCE,0.4341218189772349,0.42693335962372186,-0.007188459353513026,3059218.8050683285,-219.91070033736366
2023Q3,2023-07-03,LRCX,REBALANCE,0.5413586173726069,0.5480070737472283,0.006648456374621411,3059218.8050683285,203.39082765918224
2023Q3,2023-07-03,MAR,REBALANCE,0.3278408541278801,0.32645395628283197,-0.001386897845048144,3059218.8050683285,-42.42823968280023
2023Q3,2023-07-03,MCHP,REBALANCE,0.31282802554159417,0.3154420085435899,0.002613983001995739,3059218.8050683285,79.96745955834326
2023Q3,2023-07-03,MDLZ,REBALANCE,0.6130231850719323,0.6032340313899512,-0.009789153681981095,3059218.8050683285,-299.47163029620435
2023Q3,2023-07-03,META,REBALANCE,4.4162208568793435,4.305442081069822,-0.11077877580952175,3059218.8050683285,-3388.965141589374
2023Q3,2023-07-03,MNST,REBALANCE,0.39186002221556154,0.38513535409254607,-0.006724668123015472,3059218.8050683285,-205.72231179772473
2023Q3,2023-07-03,MRNA,REBALANCE,0.35200592215496235,0.3339884548703327,-0.01801746728462964,3059218.8050683285,-551.1937473684239
2023Q3,2023-07-03,MSFT,REBALANCE,11.539954282268484,11.35298083235411,-0.1869734499143752,3059218.8050683285,-5719.926940265579
2023Q3,2023-07-03,MU,REBALANCE,0.48807667103067776,0.4919359935976057,0.003859322566927923,3059218.8050683285,118.06512171570475
2023Q3,2023-07-03,NFLX,REBALANCE,1.3147756278262084,1.285326176457292,-0.02944945136891617,3059218.8050683285,-900.9231542673358
2023Q3,2023-07-03,NVDA,REBALANCE,7.239070023733348,7.089619949126691,-0.14945007460665655,3059218.8050683285,-4572.004786555484
2023Q3,2023-07-03,NXPI,REBALANCE,0.3372172557524903,0.34388852549135873,0.006671269738868415,3059218.8050683285,204.08873838829533
2023Q3,2023-07-03,ODFL,REBALANCE,0.2606334268829727,0.2600633342539218,-0.0005700926290508682,3059218.8050683285,-17.440380914232588
2023Q3,2023-07-03,ON,BUY,0.0,0.2603256476436388,0.2603256476436388,3059218.8050683285,7963.931167130115
2023Q3,2023-07-03,ORLY,REBALANCE,0.3793993193972269,0.3618077405885353,-0.01759157880869156,3059218.8050683285,-538.1648870239073
2023Q3,2023-07-03,PANW,REBALANCE,0.7196190312638905,0.7175157431800563,-0.002103288083834219,3059218.8050683285,-64.34418458541774
2023Q3,2023-07-03,PAYX,REBALANCE,0.24802431999845365,0.25015244691195804,0.0021281269135044276,3059218.8050683285,65.10405873364765
2023Q3,2023-07-03,PCAR,REBALANCE,0.27658047223582205,0.2725534596068014,-0.004027012629020683,3059218.8050683285,-123.19512762947721
2023Q3,2023-07-03,PEP,REBALANCE,1.6048929119476947,1.5797618667983575,-0.02513104514933716,3059218.8050683285,-768.8136591187343
2023Q3,2023-07-03,PYPL,REBALANCE,0.4068261487201286,0.4118127677109197,0.004986618990791055,3059218.8050683285,152.55158590338846
2023Q3,2023-07-03,QCOM,REBALANCE,0.808180898978748,0.8200325404535858,0.011851641474837707,3059218.8050683285,362.5676447075125
2023Q3,2023-07-03,REGN,REBALANCE,0.5190823975616436,0.507356609077318,-0.011725788484325591,3059218.8050683285,-358.71752635502503
2023Q3,2023-07-03,ROST,REBALANCE,0.25115711704917276,0.23915255739471653,-0.01200455965445625,3059218.8050683285,-367.24574641477113
2023Q3,2023-07-03,SBUX,REBALANCE,0.7415579991465758,0.7249010170432567,-0.01665698210331903,3059218.8050683285,-509.5735288616018
2023Q3,2023-07-03,SNPS,REBALANCE,0.5903097172334149,0.5746439393082287,-0.015665777925186284,3059218.8050683285,-479.25042424754184
2023Q3,2023-07-03,TMUS,REBALANCE,1.0241601671009781,0.9970632371884574,-0.027096929912520835,3059218.8050683285,-828.9543754800223
2023Q3,2023-07-03,TSLA,REBALANCE,6.490030187799981,7.266907212377729,0.776877024577749,3059218.8050683285,23766.368028137797
2023Q3,2023-07-03,TXN,REBALANCE,1.04472979979122,1.0362125760041438,-0.00851722378707627,3059218.8050683285,-260.56051176399006
2023Q3,2023-07-03,VRSK,REBALANCE,0.20366102066606057,0.19744121004316423,-0.006219810622896341,3059218.8050683285,-190.27761621528242
2023Q3,2023-07-03,VRTX,REBALANCE,0.6305380814266556,0.6099867155358019,-0.020551365890853716,3059218.8050683285,-628.7112500313951
2023Q3,2023-07-03,WBD,REBALANCE,0.21681992195750283,0.22554464255312093,0.008724720595618086,3059218.8050683285,266.908293150818
2023Q3,2023-07-03,XEL,REBALANCE,0.24671064168119175,0.24548591247537918,-0.00122472920581259,3059218.8050683285,-37.467146175382744
2023Q4,2023-10-02,AAPL,REBALANCE,10.270278741278165,11.130181917630516,0.8599031763523501,2988951.125740239,25702.08566985964
2023Q4,2023-10-02,ABNB,REBALANCE,0.4191118618255974,0.39411496498411563,-0.024996896841481767,2988951.125740239,-747.1450295435955
2023Q4,2023-10-02,ADBE,REBALANCE,1.4233799020106959,1.4304703106916168,0.00709040868092075,2988951.125740239,211.92885008796438
2023Q4,2023-10-02,ADI,REBALANCE,0.5763273302350651,0.5648197065892742,-0.011507623645790922,2988951.125740239,-343.9572465068177
2023Q4,2023-10-02,ADP,REBALANCE,0.6344055843297316,0.618875745056556,-0.015529839273175673,2988951.125740239,-464.179305781234
2023Q4,2023-10-02,ADSK,REBALANCE,0.3078193349007872,0.3047210609097016,-0.0030982739910856254,2988951.125740239,-92.60589533507083
2023Q4,2023-10-02,AEP,REBALANCE,0.26541529428419336,0.2440882835112874,-0.02132701077290594,2988951.125740239,-637.4539285835141
2023Q4,2023-10-02,ALGN,REBALANCE,0.15079551053374382,0.14824917647838326,-0.0025463340553605806,2988951.125740239,-76.10868041280715
2023Q4,2023-10-02,AMAT,REBALANCE,0.7656474317822782,0.7479669051218985,-0.017680526660379756,2988951.125740239,-528.4623006522238
2023Q4,2023-10-02,AMD,REBALANCE,1.2064680447887757,1.1628331590319272,-0.04363488575684846,2988951.125740239,-1304.225409044789
2023Q4,2023-10-02,AMGN,REBALANCE,0.9565229595613074,0.9125049084931545,-0.044018051068153013,2988951.125740239,-1315.6780329304727
2023Q4,2023-10-02,AMZN,REBALANCE,9.667445781912878,9.616717280181778,-0.050728501731100994,2988951.125740239,-1516.2501235628997
2023Q4,2023-10-02,AVGO,REBALANCE,2.7404233097934485,2.660330087296724,-0.080093222496724,2988951.125740239,-2393.9472754574663
2023Q4,2023-10-02,BIIB,REBALANCE,0.26909964242257617,0.2577931225205346,-0.01130651990204159,2988951.125740239,-337.94635389411627
2023Q4,2023-10-02,BKNG,REBALANCE,0.6674507496158057,0.6484061390782954,-0.019044610537510397,2988951.125740239,-569.2341010537612
2023Q4,2023-10-02,BKR,REBALANCE,0.2336076621444454,0.22310238737770233,-0.010505274766743058,2988951.125740239,-313.9975284026719
2023Q4,2023-10-02,CDNS,REBALANCE,0.4590787889515192,0.4504305968928564,-0.0086481920586628,2988951.125740239,-258.49023389357967
2023Q4,2023-10-02,CEG,REBALANCE,0.27098876456856946,0.2537270699356241,-0.017261694632945405,2988951.125740239,-515.943616053264
2023Q4,2023-10-02,CHTR,REBALANCE,0.44044550404484145,0.42749731797587,-0.012948186068971468,2988951.125740239,-387.01495327146347
2023Q4,2023-10-02,CMCSA,REBALANCE,0.9630136869950928,0.9315250984210149,-0.031488588574077846,2988951.125740239,-941.178522664612
2023Q4,2023-10-02,COST,REBALANCE,1.7152449082087562,1.6840954553454406,-0.031149452863315705,2988951.125740239,-931.0419220199999
2023Q4,2023-10-02,CPRT,REBALANCE,0.29068024671158244,0.29016607083075435,-0.0005141758808280706,2988951.125740239,-15.368465778295405
2023Q4,2023-10-02,CSCO,REBALANCE,1.3928187377686705,1.3728092228107673,-0.020009514957903228,2988951.125740239,-598.0746225894101
2023Q4,2023-10-02,CSGP,REBALANCE,0.21849681294237633,0.21422808606470584,-0.004268726877670491,2988951.125740239,-127.59016006490828
2023Q4,2023-10-02,CSX,REBALANCE,0.3915408798462604,0.3767748072036401,-0.014766072642620302,2988951.125740239,-441.350694479221
2023Q4,2023-10-02,CTAS,REBALANCE,0.3261051966933293,0.32709174609247693,0.0009865493991475724,2988951.125740239,29.487479371804927
2023Q4,2023-10-02,CTSH,REBALANCE,0.2169953163165571,0.21088549671412116,-0.006109819602435939,2988951.125740239,-182.6195217877068
2023Q4,2023-10-02,DLTR,REBALANCE,0.14878608560867185,0.1388904358224465,-0.009895649786225324,2988951.125740239,-295.7761356846934
2023Q4,2023-10-02,EA,REBALANCE,0.21275665462785723,0.20530852404336766,-0.007448130584489579,2988951.125740239,-222.62098295170432
2023Q4,2023-10-02,EBAY,REBALANCE,0.13382480487748144,0.12743689365317834,-0.0063879112243031035,2988951.125740239,-190.9315444500947
2023Q4,2023-10-02,ENPH,REBALANCE,0.11345851885141246,0.10634001470661418,-0.0071185041447982935,2988951.125740239,-212.76860977181417
2023Q4,2023-10-02,EXC,REBALANCE,0.24856585496921693,0.2331840899753885,-0.015381764993828428,2988951.125740239,-459.7534379417528
2023Q4,2023-10-02,FANG,REBALANCE,0.27903362506162105,0.26285217285974144,-0.016181452201879595,2988951.125740239,-483.65569774919885
2023Q4,2023-10-02,FAST,REBALANCE,0.20565412561900764,0.2034700821836558,-0.0021840434353518397,2988951.125740239,-65.27999084760461
2023Q4,2023-10-02,FTNT,REBALANCE,0.3005234137959799,0.2966273136584848,-0.0038961001374950618,2988951.125740239,-116.45252891962565
2023Q4,2023-10-02,GEHC,REBALANCE,0.21656077667502194,0.21211832875713457,-0.00444244791788736,2988951.125740239,-132.78259705211806
2023Q4,2023-10-02,GILD,REBALANCE,0.5997435709109722,0.5812641607823411,-0.01847941012863112,2988951.125740239,-552.3405370698756
2023Q4,2023-10-02,GOOG,REBALANCE,5.0698668614461875,5.088593598112557,0.01872673666636973,2988951.125740239,559.7330064038682
2023Q4,2023-10-02,GOOGL,REBALANCE,5.395037564971766,5.388211721523296,-0.006825843448469288,2988951.125740239,-204.02112459428912
2023Q4,2023-10-02,HON,REBALANCE,0.7389274440206296,0.7099388989745583,-0.028988545046071314,2988951.125740239,-866.4534434902648
2023Q4,2023-10-02,IDXX,REBALANCE,0.23826207392324233,0.23475018119348098,-0.0035118927297613477,2988951.125740239,-104.96875728099141
2023Q4,2023-10-02,ILMN,REBALANCE,0.14347587662298816,0.13867021034018107,-0.0048056662828070956,2988951.125740239,-143.63901645928178
2023Q4,2023-10-02,INTC,REBALANCE,1.2504285272373858,1.210467924229514,-0.039960603007871756,2988951.125740239,-1194.4028934563705
2023Q4,2023-10-02,INTU,REBALANCE,0.9562920870208315,0.9594669145942814,0.0031748275734499315,2988951.125740239,94.89404449694324
2023Q4,2023-10-02,ISRG,REBALANCE,0.7199693813218815,0.7214250494275046,0.0014556681056231147,2988951.125740239,43.5092082300637
2023Q4,2023-10-02,KDP,REBALANCE,0.28436671738694874,0.27255607907972557,-0.011810638307223169,2988951.125740239,-353.0142066408548
2023Q4,2023-10-02,KHC,REBALANCE,0.244818779017867,0.23293575626389573,-0.011883022753971266,2988951.125740239,-355.1777423767929
2023Q4,2023-10-02,KLAC,REBALANCE,0.41434619999095657,0.4061912504488879,-0.008154949542068732,2988951.125740239,-243.7474561412118
2023Q4,2023-10-02,LRCX,REBALANCE,0.5485047918751675,0.5319708203070074,-0.016533971568160125,2988951.125740239,-494.1923293160931
2023Q4,2023-10-02,LULU,BUY,0.0,0.28669290255166796,0.28669290255166796,2988951.125740239,8569.110738235446
2023Q4,2023-10-02,MAR,REBALANCE,0.3584436800017706,0.34373159451763347,-0.014712085484137145,2988951.125740239,-439.7370446979835
2023Q4,2023-10-02,MCHP,REBALANCE,0.282730588249007,0.2736380535259416,-0.009092534723065347,2988951.125740239,-271.7714189633838
2023Q4,2023-10-02,MDLZ,REBALANCE,0.5910393965840837,0.564716004170481,-0.026323392413602712,2988951.125740239,-786.7933338793989
2023Q4,2023-10-02,META,REBALANCE,4.609809832661048,4.6123631387143,0.0025533060532517693,2988951.125740239,76.31707002226243
2023Q4,2023-10-02,MNST,REBALANCE,0.3633763544595442,0.3548364033585044,-0.008539951101039795,2988951.125740239,-255.2549645721949
2023Q4,2023-10-02,MRNA,REBALANCE,0.29060640669789284,0.28307049966291803,-0.0075359070349748265,2988951.125740239,-225.24457815661793
2023Q4,2023-10-02,MSFT,REBALANCE,10.796805044235,11.130181917630516,0.33337687339551475,2988951.125740239,9964.471810312849
2023Q4,2023-10-02,MU,REBALANCE,0.5437749056073513,0.5234749655698419,-0.02029994003750939,2988951.125740239,-606.7552862757304
2023Q4,2023-10-02,NFLX,REBALANCE,1.1277192498272635,1.1059123121018446,-0.021806937725418925,2988951.125740239,-651.7987106333818
2023Q4,2023-10-02,NVDA,REBALANCE,7.462233537429791,7.476215006845057,0.013981469415265402,2988951.125740239,417.8992874826024
2023Q4,2023-10-02,NXPI,REBALANCE,0.3455092668984604,0.33358378300698793,-0.011925483891472508,2988951.125740239,-356.44688502413834
2023Q4,2023-10-02,ODFL,REBALANCE,0.2948040561967173,0.28491266203517407,-0.009891394161543228,2988951.125740239,-295.64893714285057
2023Q4,2023-10-02,ON,REBALANCE,0.26185371866074714,0.25068758617893216,-0.011166132481814969,2988951.125740239,-333.750242516855
2023Q4,2023-10-02,ORLY,REBALANCE,0.3523114749885603,0.34283543651512105,-0.00947603847343925,2988951.125740239,-283.23415862744065
2023Q4,2023-10-02,PANW,REBALANCE,0.6738247915470243,0.6662694978064201,-0.007555293740604211,2988951.125740239,-225.82403731277137
2023Q4,2023-10-02,PAYX,REBALANCE,0.2658618803737782,0.2568396384965434,-0.009022241877234844,2988951.125740239,-269.67040015661814
2023Q4,2023-10-02,PCAR,REBALANCE,0.2844324870556979,0.2767117745668236,-0.007720712488874315,2988951.125740239,-230.76832285137607
2023Q4,2023-10-02,PEP,REBALANCE,1.4895528411331844,1.4481050521897376,-0.04144778894344687,2988951.125740239,-1238.8541542195935
2023Q4,2023-10-02,PYPL,REBALANCE,0.3692574072018003,0.35364883476015285,-0.01560857244164741,2988951.125740239,-466.532601706601
2023Q4,2023-10-02,QCOM,REBALANCE,0.7885910825579202,0.7629939285192974,-0.025597154038622776,2988951.125740239,-765.0864237948784
2023Q4,2023-10-02,REGN,REBALANCE,0.5947477407260467,0.5771944163744662,-0.017553324351580503,2988951.125740239,-524.660285811401
2023Q4,2023-10-02,ROST,REBALANCE,0.24724478799179983,0.24668903508088913,-0.0005557529109107007,2988951.125740239,-16.611182886999536
2023Q4,2023-10-02,SBUX,REBALANCE,0.6872423902929617,0.668922006281998,-0.018320384010963708,2988951.125740239,-547.5873241356345
2023Q4,2023-10-02,SNPS,REBALANCE,0.6199782513129296,0.6132915806529791,-0.006686670659950596,2988951.125740239,-199.8613179651356
2023Q4,2023-10-02,TMUS,REBALANCE,1.028952379826043,0.9952287144931691,-0.03372366533287378,2988951.125740239,-1007.9838746078015
2023Q4,2023-10-02,TSLA,REBALANCE,7.109572848442293,6.525291812865305,-0.5842810355769876,2988951.125740239,-17463.874590365096
2023Q4,2023-10-02,TTWO,BUY,0.0,0.1782150466200434,0.1782150466200434,2988951.125740239,5326.760642188278
2023Q4,2023-10-02,TXN,REBALANCE,0.9433763771813758,0.9272553214186123,-0.01612105576276352,2988951.125740239,-481.85047770233194
2023Q4,2023-10-02,VRSK,REBALANCE,0.21150405112750756,0.20974112116125232,-0.0017629299662552493,2988951.125740239,-52.693115072398285
2023Q4,2023-10-02,VRTX,REBALANCE,0.6169289188177927,0.6096260876918584,-0.007302831125934224,2988951.125740239,-218.27805314951956
2023Q4,2023-10-02,WBD,REBALANCE,0.1999201267652502,0.18196018783540974,-0.017959938929840484,2988951.125740239,-536.8137968257265
2023Q4,2023-10-02,XEL,REBALANCE,0.23333925711896472,0.2161445660543089,-0.017194691064655824,2988951.125740239,-513.9409121445865
2024Q1,2024-01-02,AAPL,REBALANCE,10.99500190518725,11.13485837980651,0.1398564746192585,3406958.292681793,4764.851759893234
2024Q1,2024-01-02,ABNB,REBALANCE,0.3430637900003323,0.3499956332471161,0.006931843246783722,3406958.292681793,236.16500833200087
2024Q1,2024-01-02,ADBE,REBALANCE,1.468348248720042,1.4358818102441373,-0.032466438475904635,3406958.292681793,-1106.1180179932653
2024Q1,2024-01-02,ADI,REBALANCE,0.5645906950303576,0.5646943368128136,0.00010364178245590716,3406958.292681793,3.531032302064753
2024Q1,2024-01-02,ADP,REBALANCE,0.5289573944410628,0.547522599653849,0.01856520521278616,3406958.292681793,632.5087985504107
2024Q1,2024-01-02,ADSK,REBALANCE,0.3145837356761953,0.30783711088577737,-0.006746624790417936,3406958.292681793,-229.8546927732695
2024Q1,2024-01-02,AEP,REBALANCE,0.23385499677534274,0.2577644924298119,0.0239094956544692,3406958.292681793,814.5865449383314
2024Q1,2024-01-02,ALGN,SELL,0.11671846969519412,0.0,-0.11671846969519412,3406958.292681793,-3976.549582371702
2024Q1,2024-01-02,AMAT,REBALANCE,0.7697970574663363,0.7479588210433227,-0.02183823642301361,3406958.292681793,-744.019606789318
2024Q1,2024-01-02,AMD,REBALANCE,1.462577078411363,1.407178921485129,-0.055398156926234066,3406958.292681793,-1887.3921013912047
2024Q1,2024-01-02,AMGN,REBALANCE,0.8646623562580837,0.9261494301721857,0.06148707391410192,3406958.292681793,2094.838963643879
2024Q1,2024-01-02,AMZN,REBALANCE,10.084098533293123,10.043503999050843,-0.04059453424228032,3406958.292681793,-1383.0388507429195
2024Q1,2024-01-02,AVGO,REBALANCE,3.151083762453494,3.132959621514363,-0.018124140939130423,3406958.292681793,-617.4819227030398
2024Q1,2024-01-02,BIIB,REBALANCE,0.2277126685620526,0.24612814935809033,0.018415480796037716,3406958.292681793,627.4077501178301
2024Q1,2024-01-02,BKNG,REBALANCE,0.6543044726092813,0.6578320584335596,0.0035275858242784543,3406958.292681793,120.18337777172219
2024Q1,2024-01-02,BKR,REBALANCE,0.190484853759001,0.19864276079612983,0.008157907037128825,3406958.292681793,277.9364903107321
2024Q1,2024-01-02,CDNS,REBALANCE,0.4593744633086875,0.45155554745918414,-0.007818915849503328,3406958.292681793,-266.38720193246473
2024Q1,2024-01-02,CDW,BUY,0.0,0.1691381891402906,0.1691381891402906,3406958.292681793,5762.467561006947
2024Q1,2024-01-02,CEG,REBALANCE,0.2390871024988226,0.25237554799912476,0.013288445500302159,3406958.292681793,452.731795941045
2024Q1,2024-01-02,CHTR,REBALANCE,0.3314382257611612,0.34420104191926826,0.012762816158107043,3406958.292681793,434.8238234783597
2024Q1,2024-01-02,CMCSA,REBALANCE,0.8135057048612637,0.8354927630109787,0.021987058149714953,3406958.292681793,749.0899009484816
2024Q1,2024-01-02,COST,REBALANCE,1.7687208433300659,1.772186954116887,0.0034661107868212693,3406958.292681793,118.08894888514538
2024Q1,2024-01-02,CPRT,REBALANCE,0.2894797640448067,0.28500436214016933,-0.0044754019046374,3406958.292681793,-152.47507632088283
2024Q1,2024-01-02,CSCO,REBALANCE,1.1399653611979386,1.1579752312283527,0.01800987003041394,3406958.292681793,613.5887605024008
2024Q1,2024-01-02,CSGP,REBALANCE,0.2136093621811479,0.21732148899830608,0.003712126817158193,3406958.292681793,126.47061243203576
2024Q1,2024-01-02,CSX,REBALANCE,0.3739690343585944,0.3864901678926064,0.012521133534011946,3406958.292681793,426.5897972747809
2024Q1,2024-01-02,CTAS,REBALANCE,0.3604412099048932,0.3609940728237227,0.0005528629188295085,3406958.292681793,18.83580906022455
2024Q1,2024-01-02,CTSH,REBALANCE,0.20715156041585478,0.20968476158146296,0.0025332011656081788,3406958.292681793,86.30510718199969
2024Q1,2024-01-02,DLTR,REBALANCE,0.16259977165496511,0.1705822517011763,0.007982480046211177,3406958.292681793,271.9597658960612
2024Q1,2024-01-02,DXCM,REBALANCE,0.29397382261422783,0.2957796390164865,0.0018058164022586795,3406958.292681793,61.523411667360094
2024Q1,2024-01-02,EA,REBALANCE,0.204952129901335,0.20952058449752006,0.004568454596185064,3406958.292681793,155.64534271212958
2024Q1,2024-01-02,EBAY,SELL,0.11129420935430312,0.0,-0.11129420935430312,3406958.292681793,-3791.747294871066
2024Q1,2024-01-02,ENPH,SELL,0.10260280466906752,0.0,-0.10260280466906752,3406958.292681793,-3495.634762196898
2024Q1,2024-01-02,EXC,REBALANCE,0.19616283716151392,0.21144080568973062,0.015277968528216697,3406958.292681793,520.5140157253933
2024Q1,2024-01-02,FANG,REBALANCE,0.2358947304462423,0.2531446218485313,0.017249891402289046,3406958.292681793,587.6966056088903
2024Q1,2024-01-02,FAST,REBALANCE,0.21422933819310214,0.2151933962573754,0.0009640580642732675,3406958.292681793,32.84505616702566
2024Q1,2024-01-02,FTNT,REBALANCE,0.2595682343426587,0.2636175252299151,0.004049290887256449,3406958.292681793,137.95765167819175
2024Q1,2024-01-02,GEHC,REBALANCE,0.21157167880867578,0.21543712717768038,0.003865448369004586,3406958.292681793,131.69421375713486
2024Q1,2024-01-02,GILD,REBALANCE,0.5562736014621507,0.5941975248926294,0.037923923430478734,3406958.292681793,1292.052254224989
2024Q1,2024-01-02,GOOG,REBALANCE,4.77169826682917,4.7378788104522345,-0.03381945637693576,3406958.292681793,-1152.2147735739143
2024Q1,2024-01-02,GOOGL,REBALANCE,5.046091440842227,5.003898675872129,-0.04219276497009761,3406958.292681793,-1437.4899050604793
2024Q1,2024-01-02,HON,REBALANCE,0.7111794108024975,0.737048764320923,0.025869353518425536,3406958.292681793,881.3580849591681
2024Q1,2024-01-02,IDXX,REBALANCE,0.2614209319814971,0.2690415559208184,0.0076206239393213256,3406958.292681793,259.63147925480183
2024Q1,2024-01-02,ILMN,REBALANCE,0.12339338276703951,0.12612376900819391,0.0027303862411544094,3406958.292681793,93.02312046525286
2024Q1,2024-01-02,INTC,REBALANCE,1.5060084797680158,1.4762969542909343,-0.02971152547708144,3406958.292681793,-1012.2592811236898
2024Q1,2024-01-02,INTU,REBALANCE,1.0314994674901694,1.010633555096238,-0.020865912393931534,3406958.292681793,-710.8929326487685
2024Q1,2024-01-02,ISRG,REBALANCE,0.7305043622314998,0.7299715096765044,-0.0005328525549954874,3406958.292681793,-18.15406431018557
2024Q1,2024-01-02,KDP,REBALANCE,0.2523703037048869,0.26279908015480163,0.010428776449914736,3406958.292681793,355.304064085616
2024Q1,2024-01-02,KHC,REBALANCE,0.22723720133711076,0.24478128674927208,0.017544085412161306,3406958.292681793,597.7196728248065
2024Q1,2024-01-02,KLAC,REBALANCE,0.45288269657161406,0.446856382885747,-0.006026313685866987,3406958.292681793,-205.31399386366314
2024Q1,2024-01-02,LRCX,REBALANCE,0.5848168505859302,0.5713269136580468,-0.01348993692788349,3406958.292681793,-459.5965248420701
2024Q1,2024-01-02,LULU,REBALANCE,0.3334939600377244,0.3412719014460778,0.0077779414083534,3406958.292681793,264.9912198118272
2024Q1,2024-01-02,MAR,REBALANCE,0.346844421362462,0.35580794085926826,0.008963519496806233,3406958.292681793,305.3833708125893
2024Q1,2024-01-02,MCHP,REBALANCE,0.27881894837299004,0.2739718709820293,-0.004847077390960752,3406958.292681793,-165.13790512404162
2024Q1,2024-01-02,MDLZ,REBALANCE,0.5201213716701628,0.5522856727339547,0.03216430106379184,3406958.292681793,1095.8243223759944
2024Q1,2024-01-02,META,REBALANCE,4.770945423442993,4.69445657499109,-0.07648884845190274,3406958.292681793,-2605.9431653089096
2024Q1,2024-01-02,MNST,REBALANCE,0.3386975649424996,0.3568347206955903,0.018137155753090734,3406958.292681793,617.9253319865377
2024Q1,2024-01-02,MRNA,REBALANCE,0.23910744620331773,0.2779779171052329,0.03887047090191517,3406958.292681793,1324.3007317972622
2024Q1,2024-01-02,MSFT,REBALANCE,11.6526725745011,11.13485837980651,-0.5178141946945908,3406958.292681793,-17641.713646830805
2024Q1,2024-01-02,MU,REBALANCE,0.5778364988455339,0.5736725338224227,-0.0041639650231111575,3406958.292681793,-141.86455165925491
2024Q1,2024-01-02,NFLX,REBALANCE,1.251015400141915,1.2285000929932102,-0.022515307148704942,3406958.292681793,-767.0871240255797
2024Q1,2024-01-02,NVDA,REBALANCE,7.46776911019902,7.252380380352849,-0.2153887298461707,3406958.292681793,-7338.204192996097
2024Q1,2024-01-02,NXPI,REBALANCE,0.3377731740860926,0.3338990711002591,-0.0038741029858334244,3406958.292681793,-131.9890729428848
2024Q1,2024-01-02,ODFL,REBALANCE,0.24787389666510226,0.25370966320858385,0.005835766543481596,3406958.292681793,198.82213219469588
2024Q1,2024-01-02,ON,REBALANCE,0.19764139949099457,0.19720687135882992,-0.00043452813216467503,3406958.292681793,-14.804192232819698
2024Q1,2024-01-02,ORLY,REBALANCE,0.3144132901733419,0.3251155658513238,0.010702275677981895,3406958.292681793,364.6220687166708
2024Q1,2024-01-02,PANW,REBALANCE,0.735216992368818,0.73317287585322,-0.002044116515598042,3406958.292681793,-69.64219714024561
2024Q1,2024-01-02,PAYX,REBALANCE,0.23452085757296368,0.24180564959808237,0.00728479202511869,3406958.292681793,248.18982600440316
2024Q1,2024-01-02,PCAR,REBALANCE,0.28911768640360597,0.29544168187062547,0.006323995467019498,3406958.292681793,215.4558879924415
2024Q1,2024-01-02,PEP,REBALANCE,1.2831432369027733,1.3449349699258442,0.06179173302307099,3406958.292681793,2105.2185724213114
2024Q1,2024-01-02,PYPL,REBALANCE,0.32591512482561535,0.33471041416842323,0.0087952893428079,3406958.292681793,299.65183963015176
2024Q1,2024-01-02,QCOM,REBALANCE,0.8772576352105828,0.8739905781405972,-0.0032670570699855697,3406958.292681793,-111.30727177252018
2024Q1,2024-01-02,REGN,REBALANCE,0.5404223966428925,0.5758467531273619,0.03542435648446933,3406958.292681793,1206.8930508767885
2024Q1,2024-01-02,ROP,BUY,0.0,0.33047200984577363,0.33047200984577363,3406958.292681793,11259.043544432776
2024Q1,2024-01-02,ROST,REBALANCE,0.26584143484633244,0.2682483198849524,0.0024068850386199745,3406958.292681793,82.0015694185806
2024Q1,2024-01-02,SBUX,REBALANCE,0.6207201751230694,0.6234478247125295,0.002727649589459938,3406958.292681793,92.92988388340623
2024Q1,2024-01-02,SNPS,REBALANCE,0.6036233099087859,0.594973296221759,-0.008650013687026923,3406958.292681793,-294.7023586282739
2024Q1,2024-01-02,TMUS,REBALANCE,1.0039180858458798,1.0480147312581638,0.044096645412283926,3406958.292681793,1502.3543176682927
2024Q1,2024-01-02,TSLA,REBALANCE,5.684880551257239,5.810069920835287,0.12518936957804858,3406958.292681793,4265.149608395384
2024Q1,2024-01-02,TTWO,REBALANCE,0.17924669872663596,0.1841373032399673,0.0048906045133313356,3406958.292681793,166.62085602921198
2024Q1,2024-01-02,TXN,REBALANCE,0.8800599821425578,0.8929718177947817,0.01291183565222398,3406958.292681793,439.90085549088917
2024Q1,2024-01-02,VRSK,REBALANCE,0.1863044473188509,0.19070918061641953,0.004404733297568627,3406958.292681793,150.06742635203054
2024Q1,2024-01-02,VRTX,REBALANCE,0.6258034234253741,0.6494545317784464,0.023651108353072228,3406958.292681793,805.7833973461505
2024Q1,2024-01-02,WBD,REBALANCE,0.16727877059300986,0.18204456165613855,0.014765791063128678,3406958.292681793,503.0643431053296
2024Q1,2024-01-02,XEL,REBALANCE,0.2068961070281242,0.22670543452352312,0.019809327495398914,3406958.292681793,674.8955258289878
2024Q2,2024-04-01,AAPL,REBALANCE,8.888849528697646,10.854578788998461,1.965729260300815,3806053.2739507193,74816.70286868642
2024Q2,2024-04-01,ABNB,REBALANCE,0.3796186158424963,0.3618518015147083,-0.017766814327787976,3806053.2739507193,-676.2144183995198
2024Q2,2024-04-01,ADBE,REBALANCE,1.0871129475734682,1.0577264278470486,-0.02938651972641971,3806053.2739507193,-1118.4665961475712
2024Q2,2024-04-01,ADI,REBALANCE,0.5058940365251243,0.490428611826197,-0.015465424698927338,3806053.2739507193,-588.6223030839071
2024Q2,2024-04-01,ADP,REBALANCE,0.528425272752891,0.49253163312302845,-0.03589363962986248,3806053.2739507193,-1366.1310462724537
2024Q2,2024-04-01,ADSK,REBALANCE,0.29472976654825433,0.2903172969557392,-0.004412469592515126,3806053.2739507193,-167.94094338800193
2024Q2,2024-04-01,AEP,REBALANCE,0.2474148035125574,0.22557614357515315,-0.02183865993740427,3806053.2739507193,-831.1910315345393
2024Q2,2024-04-01,AMAT,REBALANCE,0.8534030364839974,0.8619960639139198,0.008593027429922365,3806053.2739507193,327.0552018280435
2024Q2,2024-04-01,AMD,REBALANCE,1.5422950915712987,1.584380470484452,0.04208537891315315,3806053.2739507193,1601.791941978631
2024Q2,2024-04-01,AMGN,REBALANCE,0.8247828692047228,0.7560279490613389,-0.06875492014338383,3806053.2739507193,-2616.848889119463
2024Q2,2024-04-01,AMZN,REBALANCE,10.67317121562032,10.317080762229187,-0.35609045339113216,3806053.2739507193,-13552.992359519145
2024Q2,2024-04-01,AVGO,REBALANCE,3.3441143825141837,3.331114095728158,-0.0130002867860253,3806053.2739507193,-494.79784084249866
2024Q2,2024-04-01,BIIB,REBALANCE,0.18358979029075143,0.16809126363549062,-0.015498526655260796,3806053.2739507193,-589.8821811766784
2024Q2,2024-04-01,BKNG,REBALANCE,0.6037842412587626,0.575519801358839,-0.028264439899923673,3806053.2739507193,-1075.7596401748783
2024Q2,2024-04-01,BKR,REBALANCE,0.17554446998002196,0.16782570478963554,-0.007718765190386405,3806053.2739507193,-293.78031523727026
2024Q2,2024-04-01,CDNS,REBALANCE,0.46195012533577123,0.4562570929393361,-0.005693032396435118,3806053.2739507193,-216.6798459115939
2024Q2,2024-04-01,CDW,REBALANCE,0.17078575508816773,0.1654871907239792,-0.005298564364188563,3806053.2739507193,-201.66618245558493
2024Q2,2024-04-01,CEG,REBALANCE,0.357959563336236,0.347279135861712,-0.010680427474524072,3806053.2739507193,-406.50275956605554
2024Q2,2024-04-01,CHTR,REBALANCE,0.23038404443268506,0.2126035271705623,-0.01778051726212277,3806053.2739507193,-676.7359593803965
2024Q2,2024-04-01,CMCSA,REBALANCE,0.744279264830347,0.6884114012823047,-0.055867863548042254,3806053.2739507193,-2126.3606496565826
2024Q2,2024-04-01,COST,REBALANCE,1.7633057304314514,1.6743000463436537,-0.08900568408779785,3806053.2739507193,-3387.6037532258647
2024Q2,2024-04-01,CPRT,REBALANCE,0.3015615179753523,0.29646390150240076,-0.005097616472951507,3806053.2739507193,-194.01799866222203
2024Q2,2024-04-01,CRWD,BUY,0.0,0.4311676970672367,0.4311676970672367,3806053.2739507193,16410.47225044548
2024Q2,2024-04-01,CSCO,REBALANCE,1.0320047208744458,0.9839182982272376,-0.048086422647208166,3806053.2739507193,-1830.1948634898465
2024Q2,2024-04-01,CSGP,REBALANCE,0.21503542389973437,0.2045582452407609,-0.010477178658973478,3806053.2739507193,-398.7670013675261
2024Q2,2024-04-01,CSX,REBALANCE,0.3710857666591303,0.3505515167259304,-0.02053424993319992,3806053.2739507193,-781.544491863779
2024Q2,2024-04-01,CTAS,REBALANCE,0.36920197910799873,0.3540138054839812,-0.015188173624017557,3806053.2739507193,-578.0699794702399
2024Q2,2024-04-01,CTSH,REBALANCE,0.18283413035844545,0.1727597210845452,-0.010074409273900228,3806053.2739507193,-383.43738400047454
2024Q2,2024-04-01,DLTR,REBALANCE,0.14312836178957003,0.13842101735320844,-0.0047073444363615905,3806053.2739507193,-179.16403703627736
2024Q2,2024-04-01,DXCM,REBALANCE,0.2959374371926844,0.28209101208428705,-0.01384642510839731,3806053.2739507193,-527.0023161632902
2024Q2,2024-04-01,EA,REBALANCE,0.18211791647511347,0.1753411680063099,-0.006776748468803563,3806053.2739507193,-257.9266569643032
2024Q2,2024-04-01,EXC,REBALANCE,0.2001966872941689,0.1856644716742685,-0.014532215619900406,3806053.2739507193,-553.1038683787972
2024Q2,2024-04-01,FANG,REBALANCE,0.2944606743536779,0.2783001714379136,-0.016160502915764288,3806053.2739507193,-615.0773503123481
2024Q2,2024-04-01,FAST,REBALANCE,0.23071953492026687,0.22197123119609488,-0.008748303724171987,3806053.2739507193,-332.9651003090006
2024Q2,2024-04-01,FTNT,REBALANCE,0.2754051058735567,0.26333466796947247,-0.012070437904084267,3806053.2739507193,-459.40729702858783
2024Q2,2024-04-01,GEHC,REBALANCE,0.22683139401087218,0.215025863819572,-0.01180553019130017,3806053.2739507193,-449.32476835322075
2024Q2,2024-04-01,GILD,REBALANCE,0.4858675039128929,0.4472874124264409,-0.03858009148645204,3806053.2739507193,-1468.3788351132907
2024Q2,2024-04-01,GOOG,REBALANCE,4.582033942500967,4.521586747223121,-0.060447195277846255,3806053.2739507193,-2300.652454883852
2024Q2,2024-04-01,GOOGL,REBALANCE,4.839613270345921,4.792374185453656,-0.047239084892265054,3806053.2739507193,-1797.9447371264137
2024Q2,2024-04-01,HON,REBALANCE,0.6492810487950178,0.6096167607967842,-0.03966428799823361,3806053.2739507193,-1509.6439319460126
2024Q2,2024-04-01,IDXX,REBALANCE,0.23426999889734398,0.22257902645926486,-0.011690972438079114,3806053.2739507193,-444.9646392361863
2024Q2,2024-04-01,ILMN,SELL,0.1113419229307403,0.0,-0.1113419229307403,3806053.2739507193,-4237.732902985128
2024Q2,2024-04-01,INTC,REBALANCE,1.1650058833281396,1.1736148408653444,0.008608957537204961,3806053.2739507193,327.66151019781665
2024Q2,2024-04-01,INTU,REBALANCE,0.9422189328805656,0.9128680628003556,-0.02935087008021,3806053.2739507193,-1117.1097516208547
2024Q2,2024-04-01,ISRG,REBALANCE,0.7729922452539355,0.7411596753106928,-0.03183256994324264,3806053.2739507193,-1211.5645705074392
2024Q2,2024-04-01,KDP,REBALANCE,0.2195070044063737,0.2121860885475058,-0.007320915858867894,3806053.2739507193,-278.6379577296189
2024Q2,2024-04-01,KHC,REBALANCE,0.22114239739361335,0.20484553274515435,-0.016296864648459013,3806053.2739507193,-620.2673505039917
2024Q2,2024-04-01,KLAC,REBALANCE,0.481763272861285,0.48349446528685186,0.0017311924255668416,3806053.2739507193,65.89010599167365
2024Q2,2024-04-01,LIN,BUY,0.0,1.1029610775561456,1.1029610775561456,3806053.2739507193,41979.28620272781
2024Q2,2024-04-01,LRCX,REBALANCE,0.6357386837307106,0.6384615636365447,0.0027228799058340997,3806053.2739507193,103.63425980174502
2024Q2,2024-04-01,LULU,REBALANCE,0.23340653007799592,0.22137178807775412,-0.012034742000241808,3806053.2739507193,-458.0486919117256
2024Q2,2024-04-01,MAR,REBALANCE,0.3571139350443788,0.3437986642552646,-0.013315270789114207,3806053.2739507193,-506.78629980448505
2024Q2,2024-04-01,MCHP,REBALANCE,0.24528779748835589,0.24303887954507733,-0.0022489179432785573,3806053.2739507193,-85.5950150086187
2024Q2,2024-04-01,MDLZ,REBALANCE,0.4807050145773633,0.4467611695914139,-0.033943844985949434,3806053.2739507193,-1291.9208233924855
2024Q2,2024-04-01,META,REBALANCE,5.770912311289775,5.674796996222767,-0.09611531506700799,3806053.2739507193,-3658.2000958759068
2024Q2,2024-04-01,MNST,REBALANCE,0.32867703898294914,0.2992773862719395,-0.02939965271100964,3806053.2739507193,-1118.9664445375238
2024Q2,2024-04-01,MRNA,REBALANCE,0.26661935799513736,0.22206248205573353,-0.04455687593940384,3806053.2739507193,-1695.8584354618404
2024Q2,2024-04-01,MSFT,REBALANCE,11.172185457322037,10.854578788998461,-0.3176066683235751,3806053.2739507193,-12088.278998015232
2024Q2,2024-04-01,MU,REBALANCE,0.7100671281070375,0.7377288853694085,0.027661757262370957,3806053.2739507193,1052.8212179167706
2024Q2,2024-04-01,NFLX,REBALANCE,1.371734184947349,1.3709029145294875,-0.0008312704178614627,3806053.2739507193,-31.638594954400027
2024Q2,2024-04-01,NVDA,REBALANCE,11.845453738508233,10.854578788998461,-0.9908749495097722,3806053.2739507193,-37713.228456574216
2024Q2,2024-04-01,NXPI,REBALANCE,0.32381709464253366,0.3177744838894327,-0.006042610753100985,3806053.2739507193,-229.98498440049823
2024Q2,2024-04-01,ODFL,REBALANCE,0.2460453039198618,0.23709542547213275,-0.008949878447729034,3806053.2739507193,-340.6371416744007
2024Q2,2024-04-01,ON,REBALANCE,0.15543693262554853,0.1521720759351391,-0.0032648566904094553,3806053.2739507193,-124.26218495512818
2024Q2,2024-04-01,ORLY,REBALANCE,0.3457938836729419,0.3309441159801339,-0.014849767692808004,3806053.2739507193,-565.1900694461953
2024Q2,2024-04-01,PANW,REBALANCE,0.6323683385301464,0.6034478944288499,-0.028920444101296523,3806053.2739507193,-1100.727509558484
2024Q2,2024-04-01,PAYX,REBALANCE,0.22478207597073532,0.21388226885248568,-0.010899807118249644,3806053.2739507193,-414.8524656784541
2024Q2,2024-04-01,PCAR,REBALANCE,0.33639065941013657,0.3206371523839494,-0.01575350702618713,3806053.2739507193,-599.5868699322518
2024Q2,2024-04-01,PEP,REBALANCE,1.2500223020840058,1.153804603730222,-0.09621769835378383,3806053.2739507193,-3662.096858314217
2024Q2,2024-04-01,PYPL,REBALANCE,0.3268376333136283,0.3014004941558963,-0.025437139157731936,3806053.2739507193,-968.1510677122568
2024Q2,2024-04-01,QCOM,REBALANCE,0.9204446152927332,0.9154625052739105,-0.004982110018822775,3806053.2739507193,-189.621761483231
2024Q2,2024-04-01,REGN,REBALANCE,0.5648812196090077,0.5248975863448052,-0.039983633264202484,3806053.2739507193,-1521.7983828966273
2024Q2,2024-04-01,ROP,REBALANCE,0.3047591781197124,0.29173168603625843,-0.01302749208345398,3806053.2739507193,-495.83328895597094
2024Q2,2024-04-01,ROST,REBALANCE,0.2552818597218087,0.2411821001388418,-0.014099759582966893,3806053.2739507193,-536.6443612266918
2024Q2,2024-04-01,SBUX,REBALANCE,0.5344158945085479,0.5215807810643855,-0.012835113444162327,3806053.2739507193,-488.5112554568292
2024Q2,2024-04-01,SNPS,REBALANCE,0.5911182383775914,0.5854227071946622,-0.005695531182929245,3806053.2739507193,-216.77495105676266
2024Q2,2024-04-01,TMUS,REBALANCE,0.9588369256646847,0.8996664546388311,-0.05917047102585362,3806053.2739507193,-2252.0596496915637
2024Q2,2024-04-01,TSLA,REBALANCE,3.6793917624790646,3.4876427107376275,-0.19174905174143692,3806053.2739507193,-7298.071061574418
2024Q2,2024-04-01,TTWO,REBALANCE,0.15206875247903742,0.14759778665378548,-0.004470965825251953,3806053.2739507193,-170.16734116921975
2024Q2,2024-04-01,TXN,REBALANCE,0.8233680331788324,0.7836520250523756,-0.039716008126456856,3806053.2739507193,-1511.6124275795448
2024Q2,2024-04-01,VRSK,REBALANCE,0.16875338583790817,0.15901857788210805,-0.009734807955800118,3806053.2739507193,-370.5119769145454
2024Q2,2024-04-01,VRTX,REBALANCE,0.5972420194254129,0.5655889239119732,-0.03165309551343958,3806053.2739507193,-1204.7336780960154
2024Q2,2024-04-01,WBD,REBALANCE,0.12500909702403534,0.1167942714079862,-0.008214825616049146,3806053.2739507193,-312.6606393089809
2024Q2,2024-04-01,XEL,REBALANCE,0.1780809899178041,0.16370318757445812,-0.014377802343345982,3806053.2739507193,-547.226816811083
2024Q3,2024-07-01,AAPL,REBALANCE,11.947602088460137,11.254981464486013,-0.692620623974123,4252867.564742471,-29456.2378637124
2024Q3,2024-07-01,ABNB,REBALANCE,0.2976666819566242,0.3088774831868149,0.011210801230190654,4252867.564742471,476.7805292665283
2024Q3,2024-07-01,ADBE,REBALANCE,1.0421600606721986,1.0850012402555032,0.04284117958330471,4252867.564742471,1821.9786308514397
2024Q3,2024-07-01,ADI,REBALANCE,0.5085321117005608,0.5186144508191555,0.010082339118594724,4252867.564742471,428.78853014205697
2024Q3,2024-07-01,ADP,REBALANCE,0.4237107669950821,0.4376854502477627,0.01397468325268058,4252867.564742471,594.3247713287506
2024Q3,2024-07-01,ADSK,REBALANCE,0.24687607920298077,0.25299591805023247,0.006119838847251733,4252867.564742471,260.2686413492785
2024Q3,2024-07-01,AEP,REBALANCE,0.20774017443075243,0.21623471043601322,0.008494536005260785,4252867.564742471,361.26136654310676
2024Q3,2024-07-01,AMAT,REBALANCE,0.8843641801759483,0.9035171821330891,0.01915300195714075,4252867.564742471,814.5518079097297
2024Q3,2024-07-01,AMD,REBALANCE,1.274315508800794,1.253282801348542,-0.021032707452251984,4252867.564742471,-894.4931932239972
2024Q3,2024-07-01,AMGN,REBALANCE,0.7488204490565231,0.7694505559131725,0.020630106856649264,4252867.564742471,877.3711230781491
2024Q3,2024-07-01,AMZN,REBALANCE,9.891927905063715,10.339506310914254,0.44757840585054054,4252867.564742471,19034.916849209058
2024Q3,2024-07-01,AVGO,REBALANCE,3.6226585307736876,3.7346268224344543,0.11196829166076686,4252867.564742471,4761.863158837003
2024Q3,2024-07-01,BIIB,REBALANCE,0.16172600868082912,0.16678235294110888,0.005056344260279751,4252867.564742471,215.03962500715517
2024Q3,2024-07-01,BKNG,REBALANCE,0.5637136979514485,0.5774950685825873,0.01378137063113875,4252867.564742471,586.1034415486447
2024Q3,2024-07-01,BKR,REBALANCE,0.15872481278430833,0.16233924006716732,0.0036144272828589905,4252867.564742471,153.71680556391263
2024Q3,2024-07-01,CDNS,REBALANCE,0.40369138230831186,0.4179895704344843,0.014298188126172454,4252867.564742471,608.0830051638476
2024Q3,2024-07-01,CDW,REBALANCE,0.12994800755998975,0.1321738092472035,0.002225801687213741,4252867.564742471,94.66039801100386
2024Q3,2024-07-01,CEG,REBALANCE,0.3372341451302924,0.3526779381790991,0.015443793048806756,4252867.564742471,656.8040653386549
2024Q3,2024-07-01,CHTR,REBALANCE,0.19572039905324884,0.20369788058520383,0.007977481531955006,4252867.564742471,339.27172455583525
2024Q3,2024-07-01,CMCSA,REBALANCE,0.5606485693027147,0.5758029265519795,0.015154357249264842,4252867.564742471,644.4947440991838
2024Q3,2024-07-01,COST,REBALANCE,1.7412129082000343,1.8083962737662356,0.06718336556620144,4252867.564742471,2857.219563067343
2024Q3,2024-07-01,CPRT,REBALANCE,0.2480932444602175,0.25049384848094663,0.0024006040207291517,4252867.564742471,102.09450975549372
2024Q3,2024-07-01,CRWD,REBALANCE,0.46121499999267457,0.4865728920787316,0.025357892086057005,4252867.564742471,1078.4375676303164
2024Q3,2024-07-01,CSCO,REBALANCE,0.8450515424855711,0.8663523505863111,0.021300808100739935,4252867.564742471,905.8951587444054
2024Q3,2024-07-01,CSGP,REBALANCE,0.14050295300837212,0.14704925225698687,0.0065462992486147375,4252867.564742471,278.4054374353163
2024Q3,2024-07-01,CSX,REBALANCE,0.2841098456969715,0.29550206926378925,0.011392223566817706,4252867.564742471,484.496180976138
2024Q3,2024-07-01,CTAS,REBALANCE,0.32355432687273855,0.3327221194807182,0.00916779260797967,4252867.564742471,389.89407822762524
2024Q3,2024-07-01,CTSH,REBALANCE,0.14406421753751325,0.15064852724809377,0.006584309710580528,4252867.564742471,280.0219720434681
2024Q3,2024-07-01,DLTR,REBALANCE,0.09933518822577876,0.10045939801143561,0.00112420978565684,4252867.564742471,47.81115333386061
2024Q3,2024-07-01,DXCM,REBALANCE,0.20636794694027025,0.21096887660037814,0.004600929660107883,4252867.564742471,195.6714451913442
2024Q3,2024-07-01,EA,REBALANCE,0.1650342966627813,0.16631265366856213,0.0012783570057808185,4252867.564742471,54.366830460465465
2024Q3,2024-07-01,EXC,REBALANCE,0.1545999024263596,0.1600492071206922,0.005449304694332604,4252867.564742471,231.75171184926018
2024Q3,2024-07-01,FANG,REBALANCE,0.2540934235051356,0.2640079210181979,0.009914497513062318,4252867.564742471,421.6504489402263
2024Q3,2024-07-01,FAST,REBALANCE,0.16276552677208272,0.16645817495195778,0.0036926481798750478,4252867.564742471,157.04343672195913
2024Q3,2024-07-01,FTNT,REBALANCE,0.2079303892687158,0.21372585134577632,0.005795462077060531,4252867.564742471,246.47332690225764
2024Q3,2024-07-01,GEHC,REBALANCE,0.16499620660828618,0.16850566592823688,0.0035094593199507147,4252867.564742471,149.25265711601565
2024Q3,2024-07-01,GILD,REBALANCE,0.3795358640069007,0.39218566894201645,0.012649804935115777,4252867.564742471,537.9794510887313
2024Q3,2024-07-01,GOOG,REBALANCE,4.880212622636251,4.907789839209074,0.027577216572823027,4252867.564742471,1172.8224988843758
2024Q3,2024-07-01,GOOGL,REBALANCE,5.181977122303747,5.192977614285755,0.01100049198200781,4252867.564742471,467.8363554649063
2024Q3,2024-07-01,HON,REBALANCE,0.5706099192160956,0.588571881204805,0.017961961988709457,4252867.564742471,763.8984554091962
2024Q3,2024-07-01,IDXX,REBALANCE,0.17974096961180083,0.18316920543096532,0.0034282358191645027,4252867.564742471,145.79832919613048
2024Q3,2024-07-01,INTC,REBALANCE,0.739422795297877,0.7507371179205173,0.01131432262264035,4252867.564742471,481.1831569885912
2024Q3,2024-07-01,INTU,REBALANCE,0.8271761343413003,0.8550921855884065,0.02791605124710609,4252867.564742471,1187.232688845061
2024Q3,2024-07-01,ISRG,REBALANCE,0.7393456898540143,0.7530534123849827,0.013707722530968344,4252867.564742471,582.9712853844485
2024Q3,2024-07-01,KDP,REBALANCE,0.20810756114265838,0.2065075789275902,-0.0015999822150681783,4252867.564742471,-68.04512466628269
2024Q3,2024-07-01,KHC,REBALANCE,0.16194161063972812,0.1638510484999403,0.0019094378602121757,4252867.564742471,81.2058634258763
2024Q3,2024-07-01,KLAC,REBALANCE,0.5117445213040636,0.5188487999593271,0.007104278655263498,4252867.564742471,302.1355626386239
2024Q3,2024-07-01,LIN,REBALANCE,0.9358460880896426,0.9419665057281584,0.006120417638515868,4252867.564742471,260.29325657521844
2024Q3,2024-07-01,LRCX,REBALANCE,0.6274127598129768,0.6355269581853815,0.008114198372404652,4252867.564742471,345.08611071885895
2024Q3,2024-07-01,LULU,REBALANCE,0.15148258076773116,0.15980963303554194,0.008327052267810792,4252867.564742471,354.13850499687754
2024Q3,2024-07-01,MAR,REBALANCE,0.29561417818297714,0.3021247412725554,0.006510563089578286,4252867.564742471,276.88562591877024
2024Q3,2024-07-01,MCHP,REBALANCE,0.22288910360740002,0.22920293225111799,0.006313828643717944,4252867.564742471,268.5187704820999
2024Q3,2024-07-01,MDLZ,REBALANCE,0.37617859263676057,0.38672809180362927,0.010549499166868708,4252867.564742471,448.6562283105365
2024Q3,2024-07-01,META,REBALANCE,5.278780462719443,5.365980955192306,0.08720049247286296,4252867.564742471,3708.5214606740888
2024Q3,2024-07-01,MNST,REBALANCE,0.22568059568299725,0.23787035838448745,0.012189762701490196,4252867.564742471,518.4144641507521
2024Q3,2024-07-01,MRNA,REBALANCE,0.22146627966332214,0.22424598563331902,0.0027797059699968905,4252867.564742471,118.21721359320784
2024Q3,2024-07-01,MSFT,REBALANCE,10.338425980684507,11.254981464486013,0.9165554838015066,4252867.564742471,38979.89088346271
2024Q3,2024-07-01,MU,REBALANCE,0.73661001813445,0.7178937832047441,-0.018716234929705942,4252867.564742471,-795.9766846664648
2024Q3,2024-07-01,NFLX,REBALANCE,1.3633316234245612,1.3825164277371316,0.019184804312570407,4252867.564742471,815.9043199686216
2024Q3,2024-07-01,NVDA,REBALANCE,13.282880846185149,11.254981464486013,-2.027899381699136,4252867.564742471,-86243.87504989567
2024Q3,2024-07-01,NXPI,REBALANCE,0.30997015040376386,0.31639821580820465,0.006428065404440837,4252867.564742471,273.3771086258963
2024Q3,2024-07-01,ODFL,REBALANCE,0.1711215985176459,0.17891690115077707,0.007795302633131166,4252867.564742471,331.52389725795115
2024Q3,2024-07-01,ON,REBALANCE,0.12692663097241882,0.1311015094716795,0.004174878499260681,4252867.564742471,177.55205356246475
2024Q3,2024-07-01,ORLY,REBALANCE,0.27706934395747645,0.27367919404684166,-0.0033901499106348074,4252867.564742471,-144.1785859455336
2024Q3,2024-07-01,PANW,REBALANCE,0.644359451325568,0.6770986039907048,0.03273915266513673,4252867.564742471,1392.3528046671202
2024Q3,2024-07-01,PAYX,REBALANCE,0.18630898587620245,0.19077631496078992,0.004467329084587479,4252867.564742471,189.98958964872764
2024Q3,2024-07-01,PCAR,REBALANCE,0.23909796855249701,0.24464590881574924,0.005547940263252215,4252867.564742471,235.9465519671415
2024Q3,2024-07-01,PEP,REBALANCE,0.9807832254908839,1.0071273411494215,0.026344115658537455,4252867.564742471,1120.3803500601819
2024Q3,2024-07-01,PYPL,REBALANCE,0.23365739585302545,0.24641993252903435,0.012762536676008901,4252867.564742471,542.7737827323444
2024Q3,2024-07-01,QCOM,REBALANCE,0.9678286120788157,0.9847672963693958,0.016938684290580125,4252867.564742471,720.3798100882104
2024Q3,2024-07-01,REGN,REBALANCE,0.5129635025551266,0.5264265691884109,0.013463066633284324,4252867.564742471,572.5663940666152
2024Q3,2024-07-01,ROP,REBALANCE,0.26275634579077456,0.27304597657514124,0.010289630784366668,4252867.564742471,437.6043701600863
2024Q3,2024-07-01,ROST,REBALANCE,0.21426995202552296,0.2226085717694617,0.008338619743938729,4252867.564742471,354.63045443718187
2024Q3,2024-07-01,SBUX,REBALANCE,0.40064245750757654,0.40729272619882223,0.0066502686912457,4252867.564742471,282.827120138212
2024Q3,2024-07-01,SNPS,REBALANCE,0.5455154926887436,0.5616106031746793,0.016095110485935676,4252867.564742471,684.5037333658227
2024Q3,2024-07-01,TMUS,REBALANCE,0.8723979038415409,0.9143672370402658,0.041969333198724895,4252867.564742471,1784.9001587472649
2024Q3,2024-07-01,TSLA,REBALANCE,3.513441723193681,3.8416751303099494,0.32823340711626847,4252867.564742471,13959.332107896887
2024Q3,2024-07-01,TTWO,REBALANCE,0.13831781013648647,0.13962687041265298,0.0013090602761665123,4252867.564742471,55.67259988801382
2024Q3,2024-07-01,TXN,REBALANCE,0.7887667495314523,0.8157461024755412,0.02697935294408895,4252867.564742471,1147.3961505365519
2024Q3,2024-07-01,VRSK,REBALANCE,0.1629715190547654,0.1686957550604612,0.005724236005695787,4252867.564742471,243.44417641554614
2024Q3,2024-07-01,VRTX,REBALANCE,0.567571663053506,0.5829745047216697,0.015402841668163587,4252867.564742471,655.0624573539674
2024Q3,2024-07-01,WBD,REBALANCE,0.08907857556545748,0.0867628220251444,-0.002315753540313079,4252867.564742471,-98.48593119535039
2024Q3,2024-07-01,XEL,REBALANCE,0.14706054335705432,0.14966400038052335,0.002603457023469028,4252867.564742471,110.72157931312407
2024Q4,2024-10-01,AAPL,REBALANCE,12.233780732860563,11.13404669771291,-1.0997340351476537,4333358.485453336,-47655.41812948922
2024Q4,2024-10-01,ABNB,REBALANCE,0.2535197720214553,0.25476131824081394,0.001241546219358635,4333358.485453336,53.800648447402494
2024Q4,2024-10-01,ADBE,REBALANCE,0.9924701500077779,0.9710066128979422,-0.02146353710983564,4333358.485453336,-930.0920066274882
2024Q4,2024-10-01,ADI,REBALANCE,0.5152589230756845,0.5154894180519215,0.00023049497623692933,4333358.485453336,9.988173611306626
2024Q4,2024-10-01,ADP,REBALANCE,0.5005308626015584,0.5211009390806238,0.020570076479065405,4333358.485453336,891.3751545698215
2024Q4,2024-10-01,ADSK,REBALANCE,0.27642250192828666,0.27437604630110396,-0.0020464556271826764,4333358.485453336,-88.68025857155779
2024Q4,2024-10-01,AEP,REBALANCE,0.25040800439752786,0.25471521662171376,0.00430721222418589,4333358.485453336,186.6469464032426
2024Q4,2024-10-01,AMAT,REBALANCE,0.7606596428799578,0.7494942091590207,-0.01116543372093725,4333358.485453336,-483.83826958390244
2024Q4,2024-10-01,AMD,REBALANCE,1.2441831930108567,1.2655469781514268,0.021363785140570205,4333358.485453336,925.7693962029177
2024Q4,2024-10-01,AMGN,REBALANCE,0.784169482809214,0.7954197597583935,0.011250276949179537,4333358.485453336,487.5148308142721
2024Q4,2024-10-01,AMZN,REBALANCE,9.784087518398806,9.675250000026066,-0.10883751837274108,4333358.485453336,-4716.319837762009
2024Q4,2024-10-01,AVGO,REBALANCE,3.9509478459903136,3.8119499169248012,-0.13899792906551245,4333358.485453336,-6023.278553764792
2024Q4,2024-10-01,BKNG,REBALANCE,0.6040216573784962,0.6090568401738956,0.005035182795399412,4333358.485453336,218.19252092252688
2024Q4,2024-10-01,BKR,REBALANCE,0.1647659971738804,0.17123844499892182,0.006472447825041426,4333358.485453336,280.4743670429725
2024Q4,2024-10-01,CDNS,REBALANCE,0.3612783922526887,0.35285242826294216,-0.008425963989746547,4333358.485453336,-365.1272255309244
2024Q4,2024-10-01,CDW,REBALANCE,0.1314992111423883,0.13127093497703712,-0.000228276165351168,4333358.485453336,-9.892024581512326
2024Q4,2024-10-01,CEG,REBALANCE,0.4502300646875321,0.45620875048872067,0.005978685801188554,4333358.485453336,259.07788848439793
2024Q4,2024-10-01,CHTR,REBALANCE,0.216711965275957,0.2256253345935428,0.008913369317585778,4333358.485453336,386.24824566339737
2024Q4,2024-10-01,CMCSA,REBALANCE,0.6077085232812482,0.6321537846587422,0.024445261377493976,4333358.485453336,1059.3008081928822
2024Q4,2024-10-01,COST,REBALANCE,1.853716946825424,1.8727972970366076,0.019080350211183456,4333358.485453336,826.8199749305317
2024Q4,2024-10-01,CPRT,REBALANCE,0.2378520784520894,0.24561164885556871,0.007759570403479332,4333358.485453336,336.25000251389724
2024Q4,2024-10-01,CRWD,REBALANCE,0.34952431812359813,0.3402966620117041,-0.009227656111894045,4333358.485453336,-399.86741913321396
2024Q4,2024-10-01,CSCO,REBALANCE,0.9606087006774057,0.9666195926714848,0.006010891994079164,4333358.485453336,260.47349827686463
2024Q4,2024-10-01,CSGP,REBALANCE,0.14684838568688122,0.14810109007046274,0.001252704383581521,4333358.485453336,54.284171703575744
2024Q4,2024-10-01,CSX,REBALANCE,0.30043905843762836,0.3037749902291021,0.0033359317914737237,4333358.485453336,144.55788335476208
2024Q4,2024-10-01,CTAS,REBALANCE,0.38480651511512987,0.39042064840479446,0.005614133289664558,4333358.485453336,243.2805212923396
2024Q4,2024-10-01,CTSH,REBALANCE,0.16847519674855874,0.1693392801318393,0.0008640833832805834,4333358.485453336,37.443830610781426
2024Q4,2024-10-01,DLTR,SELL,0.06493479039839803,0.0,-0.06493479039839803,4333358.485453336,-2813.857249740319
2024Q4,2024-10-01,DXCM,REBALANCE,0.12242587036174252,0.12373087874768887,0.0013050083859463555,4333358.485453336,56.55069162828401
2024Q4,2024-10-01,EA,REBALANCE,0.16825251168726968,0.17194504451318102,0.003692532825911362,4333358.485453336,160.01068453977985
2024Q4,2024-10-01,EXC,REBALANCE,0.18591978960144143,0.19017978304528527,0.0042599934438438455,4333358.485453336,184.60078737856304
2024Q4,2024-10-01,FANG,REBALANCE,0.22582561412016938,0.23208576450823112,0.006260150388061759,4333358.485453336,271.27475804321415
2024Q4,2024-10-01,FAST,REBALANCE,0.18672633113871934,0.19104863028038102,0.004322299141661665,4333358.485453336,187.30071662187245
2024Q4,2024-10-01,FTNT,REBALANCE,0.2698950507685143,0.2722638899155348,0.002368839147020522,4333358.485453336,102.6502921841542
2024Q4,2024-10-01,GEHC,REBALANCE,0.19925904114948928,0.20197532037035193,0.002716279220862667,4333358.485453336,117.70611610585813
2024Q4,2024-10-01,GILD,REBALANCE,0.47473666133199965,0.48252047083883337,0.00778380950683371,4333358.485453336,337.300369755902
2024Q4,2024-10-01,GOOG,REBALANCE,4.396206752877249,4.471678420143515,0.07547166726626711,4333358.485453336,3270.4578975958934
2024Q4,2024-10-01,GOOGL,REBALANCE,4.646606725693837,4.729855810828161,0.08324908513432372,4333358.485453336,3607.481294730488
2024Q4,2024-10-01,HON,REBALANCE,0.5622233275942168,0.5762316612328641,0.014008333638647254,4333358.485453336,607.0313144009348
2024Q4,2024-10-01,IDXX,REBALANCE,0.1864158979121873,0.18986580077435627,0.003449902862168999,4333358.485453336,149.4966584176978
2024Q4,2024-10-01,INTC,REBALANCE,0.5616661010429326,0.5540472281974923,-0.007618872845440317,4333358.485453336,-330.153072943788
2024Q4,2024-10-01,INTU,REBALANCE,0.7940702515263539,0.7951564001954472,0.0010861486690933245,4333358.485453336,47.06671551679405
2024Q4,2024-10-01,ISRG,REBALANCE,0.8161869658485233,0.8341027935278704,0.017915827679347053,4333358.485453336,776.357038982183
2024Q4,2024-10-01,KDP,REBALANCE,0.22883163797208667,0.23454232981630366,0.005710691844216988,4333358.485453336,247.46474960946844
2024Q4,2024-10-01,KHC,REBALANCE,0.17724199223008105,0.18235734619019472,0.005115353960113674,4333358.485453336,221.6666248915591
2024Q4,2024-10-01,KLAC,REBALANCE,0.47914507043897525,0.4717368615517461,-0.007408208887229109,4333358.485453336,-321.02424843485073
2024Q4,2024-10-01,LIN,REBALANCE,1.0075864573045152,1.0428422265228874,0.03525576921837217,4333358.485453336,1527.7588670361754
2024Q4,2024-10-01,LRCX,REBALANCE,0.4794623360965038,0.4776908050367446,-0.0017715310597591662,4333358.485453336,-76.76679150051523
2024Q4,2024-10-01,LULU,REBALANCE,0.14248028990291037,0.14037406204189065,-0.0021062278610197273,4333358.485453336,-91.27040373848064
2024Q4,2024-10-01,MAR,REBALANCE,0.3057574254741724,0.3102888991851079,0.004531473710935518,4333358.485453336,196.36500056891143
2024Q4,2024-10-01,MCHP,REBALANCE,0.19847479472194646,0.1943559540120239,-0.004118840709922537,4333358.485453336,-178.48413340573467
2024Q4,2024-10-01,MDLZ,REBALANCE,0.4300014797687111,0.43401764909422536,0.004016169325514202,4333358.485453336,174.03501425734368
2024Q4,2024-10-01,META,REBALANCE,5.984534271198937,6.115279948074367,0.13074567687542948,4333358.485453336,5665.678883244823
2024Q4,2024-10-01,MNST,REBALANCE,0.24382761448108406,0.24513074292122472,0.0013031284401406659,4333358.485453336,56.469226837191236
2024Q4,2024-10-01,MRNA,REBALANCE,0.12385677638643972,0.1232398401866447,-0.0006169361997950158,4333358.485453336,-26.73405716365066
2024Q4,2024-10-01,MSFT,REBALANCE,10.65360254411676,11.13404669771291,0.480444153596149,4333358.485453336,20819.36749772318
2024Q4,2024-10-01,MU,REBALANCE,0.556023264277168,0.5462414962703727,-0.009781768006795338,4333358.485453336,-423.8790739498254
2024Q4,2024-10-01,NFLX,REBALANCE,1.425977235681628,1.4445710767247713,0.018593841043143197,4333358.485453336,805.7377886147507
2024Q4,2024-10-01,NVDA,REBALANCE,10.8590881835716,11.13404669771291,0.27495851414130745,4333358.485453336,11914.938104018756
2024Q4,2024-10-01,NXPI,REBALANCE,0.2781855932852692,0.2768823583011676,-0.0013032349841016026,4333358.485453336,-56.47384376896323
2024Q4,2024-10-01,ODFL,REBALANCE,0.19777196596554603,0.19461522532820838,-0.003156740637337628,4333358.485453336,-136.7928882718238
2024Q4,2024-10-01,ON,REBALANCE,0.1362868314099861,0.1342096419386755,-0.002077189471310606,4333358.485453336,-90.01206621398143
2024Q4,2024-10-01,ORLY,REBALANCE,0.29289507884260796,0.31189340236280627,0.018998323520198323,4333358.485453336,823.2654643563909
2024Q4,2024-10-01,PANW,REBALANCE,0.6699905547187466,0.6519224885326115,-0.018068066186135122,4333358.485453336,-782.9540792342111
2024Q4,2024-10-01,PAYX,REBALANCE,0.21361489104792272,0.23065917605815017,0.017044285010227443,4333358.485453336,738.5899707755418
2024Q4,2024-10-01,PCAR,REBALANCE,0.23090481221857026,0.23553338417741204,0.0046285719588417575,4333358.485453336,200.57261573378295
2024Q4,2024-10-01,PEP,REBALANCE,1.0268645914023222,1.0642340589441222,0.03736946754179984,4333358.485453336,1619.3529926913134
2024Q4,2024-10-01,PYPL,REBALANCE,0.3251936930648897,0.32915379659026406,0.003960103525374372,4333358.485453336,171.60548214954704
2024Q4,2024-10-01,QCOM,REBALANCE,0.8293929847098566,0.8177144283611089,-0.011678556348747662,4333358.485453336,-506.0737125169061
2024Q4,2024-10-01,REGN,REBALANCE,0.516751618187969,0.5197043607041957,0.002952742516226705,4333358.485453336,127.95291838049826
2024Q4,2024-10-01,ROP,REBALANCE,0.26489488806519434,0.2655701357909969,0.0006752477258025694,4333358.485453336,29.260904623896316
2024Q4,2024-10-01,ROST,REBALANCE,0.2268298267654159,0.22694895872053628,0.00011913195512038531,4333358.485453336,5.162414686095676
2024Q4,2024-10-01,SBUX,REBALANCE,0.5035960405541067,0.5159237081344233,0.012327667580316632,4333358.485453336,534.2020291501307
2024Q4,2024-10-01,SMCI,BUY,0.0,0.1274382177233978,0.1274382177233978,4333358.485453336,5522.354821427355
2024Q4,2024-10-01,SNPS,REBALANCE,0.4690475981457262,0.4610074312901715,-0.008040166855554677,4333358.485453336,-348.40925267978525
2024Q4,2024-10-01,TMUS,REBALANCE,1.0545325750492074,1.0523429189166937,-0.0021896561325136094,4333358.485453336,-94.88564982052783
2024Q4,2024-10-01,TSLA,REBALANCE,4.984981071338536,4.708003782056774,-0.27697728928176224,4333358.485453336,-12002.418867869876
2024Q4,2024-10-01,TTWO,REBALANCE,0.13546462747681715,0.1357383289111766,0.00027370143435945064,4333358.485453336,11.860464330622746
2024Q4,2024-10-01,TXN,REBALANCE,0.8556793870862495,0.84783881810875,-0.007840568977499594,4333358.485453336,-339.7599610943005
2024Q4,2024-10-01,VRSK,REBALANCE,0.1648242655298931,0.16871404108493515,0.003889775555042038,4333358.485453336,168.55791907950373
2024Q4,2024-10-01,VRTX,REBALANCE,0.5677027105144433,0.5792509118720418,0.011548201357598417,4333358.485453336,500.4249634467283
2024Q4,2024-10-01,WBD,REBALANCE,0.09442172264631786,0.09939349483496997,0.004971772188652105,4333358.485453336,215.44471201436505
2024Q4,2024-10-01,WDAY,BUY,0.0,0.23501185611420333,0.23501185611420333,4333358.485453336,10183.906208746213
2024Q4,2024-10-01,XEL,REBALANCE,0.18113663788139722,0.1874637400951727,0.006327102213775468,4333358.485453336,274.1760206639451
2025Q1,2025-01-02,AAPL,REBALANCE,11.105241464852352,11.08833592890906,-0.01690553594329014,4674555.657252144,-790.2586868258638
2025Q1,2025-01-02,ABNB,REBALANCE,0.24473309582750016,0.24315887701096545,-0.0015742188165347032,4674555.657252144,-73.58773474585072
2025Q1,2025-01-02,ADBE,REBALANCE,0.7730521013675581,0.7757153422600772,0.0026632408925190976,4674555.657252144,124.49467780750398
2025Q1,2025-01-02,ADI,REBALANCE,0.44296304472487047,0.4455394273814406,0.002576382656570113,4674555.657252144,120.4344412251613
2025Q1,2025-01-02,ADP,REBALANCE,0.5136432907246649,0.49339489063573333,-0.02024840008893157,4674555.657252144,-946.5227318601989
2025Q1,2025-01-02,ADSK,REBALANCE,0.2728982481568653,0.27406253069395997,0.0011642825370946578,4674555.657252144,54.42503520415712
2025Q1,2025-01-02,AEP,REBALANCE,0.2143271542045382,0.21070438312379441,-0.003622771080743787,4674555.657252144,-169.34845050420333
2025Q1,2025-01-02,AMAT,REBALANCE,0.5605502470398476,0.5686143173066152,0.008064070266767653,4674555.657252144,376.9594528599754
2025Q1,2025-01-02,AMD,REBALANCE,0.8636502177273223,0.8704214496847374,0.006771231957415115,4674555.657252144,316.52500653101333
2025Q1,2025-01-02,AMGN,REBALANCE,0.6012316949833517,0.5911223464824337,-0.01010934850091804,4674555.657252144,-472.5671222609991
2025Q1,2025-01-02,AMZN,REBALANCE,10.560403628529173,10.482841183593154,-0.07756244493601766,4674555.657252144,-3625.6996576596925
2025Q1,2025-01-02,AVGO,REBALANCE,4.762037524470933,4.822359664555123,0.060322140084190234,4674555.657252144,2819.792011881078
2025Q1,2025-01-02,BIIB,REBALANCE,0.1000849793472762,0.09799715632905154,-0.0020878230182246526,4674555.657252144,-97.59644901183296
2025Q1,2025-01-02,BKNG,REBALANCE,0.6670815513296612,0.6673551044510018,0.0002735531213405966,4674555.657252144,12.78739290921668
2025Q1,2025-01-02,BKR,REBALANCE,0.18112948662221917,0.17736692108064758,-0.0037625655415715956,4674555.657252144,-175.8832203813548
2025Q1,2025-01-02,CDNS,REBALANCE,0.3626157648357039,0.36330100332930976,0.0006852384936058623,4674555.657252144,32.03185476852221
2025Q1,2025-01-02,CDW,REBALANCE,0.09391537413641272,0.09366397949276475,-0.0002513946436479746,4674555.657252144,-11.751582536675265
2025Q1,2025-01-02,CEG,REBALANCE,0.3644243160835944,0.3801260514189351,0.015701735335340705,4674555.657252144,733.9863574049278
2025Q1,2025-01-02,CHTR,REBALANCE,0.2212191529140083,0.218250664219269,-0.002968488694739301,4674555.657252144,-138.7636562148263
2025Q1,2025-01-02,CMCSA,REBALANCE,0.5304710176067837,0.5205566049566531,-0.009914412650130575,4674555.657252144,-463.45473742000104
2025Q1,2025-01-02,COST,REBALANCE,1.7967459676666935,1.7711987456861304,-0.025547221980563167,4674555.657252144,-1194.2191103631787
2025Q1,2025-01-02,CPRT,REBALANCE,0.24936653141908785,0.24007926030326718,-0.00928727111582069,4674555.657252144,-434.13865734894034
2025Q1,2025-01-02,CRWD,REBALANCE,0.3848440690778048,0.39127296326308203,0.006428894185277244,4674555.657252144,300.5222368366316
2025Q1,2025-01-02,CSCO,REBALANCE,1.0043686562530987,0.9941369056307862,-0.010231750622312526,4674555.657252144,-478.2888775512416
2025Q1,2025-01-02,CSGP,REBALANCE,0.13028463026458148,0.12799191873330662,-0.002292711531274856,4674555.657252144,-107.17407658968104
2025Q1,2025-01-02,CSX,REBALANCE,0.2640375650012306,0.25861944265617776,-0.005418122345052841,4674555.657252144,-253.27314459751014
2025Q1,2025-01-02,CTAS,REBALANCE,0.3217529473766826,0.3182034496105142,-0.0035494977661683445,4674555.657252144,-165.92324863246083
2025Q1,2025-01-02,CTSH,REBALANCE,0.15702246760495567,0.15549467881130932,-0.001527788793646346,4674555.657252144,-71.41733748425956
2025Q1,2025-01-02,DASH,BUY,0.0,0.3106206328996058,0.3106206328996058,4674555.657252144,14520.134367800938
2025Q1,2025-01-02,DXCM,REBALANCE,0.13305783396096502,0.13404193266397915,0.000984098703014154,4674555.657252144,46.00224159469311
2025Q1,2025-01-02,EA,REBALANCE,0.16276023993337457,0.16081620622357054,-0.0019440337098040146,4674555.657252144,-90.87493776053229
2025Q1,2025-01-02,EXC,REBALANCE,0.16529582455123354,0.16162008713687237,-0.0036757374143611818,4674555.657252144,-171.8243912487543
2025Q1,2025-01-02,FANG,REBALANCE,0.20546557427006965,0.1995869447930172,-0.00587862947705243,4674555.657252144,-274.7998067884465
2025Q1,2025-01-02,FAST,REBALANCE,0.17924343770464654,0.17496397614918682,-0.004279461555459696,4674555.657252144,-200.0458122406718
2025Q1,2025-01-02,FTNT,REBALANCE,0.3074910002675921,0.3071860414543075,-0.000304958813284557,4674555.657252144,-14.255469458682263
2025Q1,2025-01-02,GEHC,REBALANCE,0.15602256164042155,0.15734634921765991,0.0013237875772383577,4674555.657252144,61.881187081796746
2025Q1,2025-01-02,GILD,REBALANCE,0.4969523758895639,0.48510941746461295,-0.011842958424950964,4674555.657252144,-553.6056830395647
2025Q1,2025-01-02,GOOG,REBALANCE,4.727103638625925,4.615273854457904,-0.11182978416802158,4674555.657252144,-5227.545502319115
2025Q1,2025-01-02,GOOGL,REBALANCE,5.010312114262973,4.8926092505936,-0.11770286366937291,4674555.657252144,-5502.08587240445
2025Q1,2025-01-02,HON,REBALANCE,0.5866103552791669,0.5772142003137931,-0.009396154965373837,4674555.657252144,-439.2284934980609
2025Q1,2025-01-02,IDXX,REBALANCE,0.14403332537625008,0.14271646159537762,-0.0013168637808724489,4674555.657252144,-61.55753036707754
2025Q1,2025-01-02,INTC,REBALANCE,0.4389524116688366,0.4497076541032863,0.010755242434449652,4674555.657252144,502.7597936707494
2025Q1,2025-01-02,INTU,REBALANCE,0.7472704500767221,0.7452209147738742,-0.002049535302847943,4674555.657252144,-95.80666844665838
2025Q1,2025-01-02,ISRG,REBALANCE,0.8215251535757729,0.8212697513591867,-0.0002554022165862993,4674555.657252144,-11.938918764182228
2025Q1,2025-01-02,KDP,REBALANCE,0.18632943843707767,0.18243677815051157,-0.003892660286566093,4674555.657252144,-181.96457164328282
2025Q1,2025-01-02,KHC,REBALANCE,0.14973781372495829,0.14716015398535826,-0.0025776597396000214,4674555.657252144,-120.49413918218369
2025Q1,2025-01-02,KLAC,REBALANCE,0.35681213846004406,0.3639379734230634,0.007125834963019311,4674555.657252144,333.10112139027046
2025Q1,2025-01-02,LIN,REBALANCE,0.8513323072692764,0.8306870011964826,-0.020645306072793884,4674555.657252144,-965.0763229828069
2025Q1,2025-01-02,LRCX,REBALANCE,0.39314035885038934,0.39648651135032587,0.0033461524999365416,4674555.657252144,156.41776098606766
2025Q1,2025-01-02,LULU,REBALANCE,0.18338785031993965,0.17865397508742994,-0.004733875232509704,4674555.657252144,-221.28763248854042
2025Q1,2025-01-02,MAR,REBALANCE,0.32347283631728085,0.3159130893389989,-0.007559746978281958,4674555.657252144,-353.3845800472273
2025Q1,2025-01-02,MCHP,REBALANCE,0.12957919717393573,0.13083678981692531,0.0012575926429895818,4674555.657252144,58.786868038056255
2025Q1,2025-01-02,MDLZ,REBALANCE,0.32880178555308864,0.32481686170533663,-0.003984923847752007,4674555.657252144,-186.27748316228127
2025Q1,2025-01-02,META,REBALANCE,5.80303461344756,5.794653558425546,-0.008381055022013695,4674555.657252144,-391.7770816689561
2025Q1,2025-01-02,MNST,REBALANCE,0.2289373287726865,0.22638823115104495,-0.0025490976216415405,4674555.657252144,-119.15898708132448
2025Q1,2025-01-02,MRNA,REBALANCE,0.07108016722915969,0.07374499879108251,0.002664831561922823,4674555.657252144,124.56903453410399
2025Q1,2025-01-02,MSFT,REBALANCE,10.130526586718453,11.08833592890906,0.9578093421906075,4674555.657252144,44773.330791060594
2025Q1,2025-01-02,MU,REBALANCE,0.411914115302223,0.43420361047198297,0.02228949516975996,4674555.657252144,1041.9348574309577
2025Q1,2025-01-02,NFLX,REBALANCE,1.6828494520939354,1.652275662466108,-0.03057378962782742,4674555.657252144,-1429.1888126839758
2025Q1,2025-01-02,NVDA,REBALANCE,11.414296396522081,11.08833592890906,-0.3259604676130193,4674555.657252144,-15237.203479209935
2025Q1,2025-01-02,NXPI,REBALANCE,0.22329226279377115,0.22496537412907744,0.0016731113353062911,4674555.657252144,78.21052057668712
2025Q1,2025-01-02,ODFL,REBALANCE,0.1604020314374523,0.16013969110250434,-0.0002623403349479676,4674555.657252144,-12.263244968564443
2025Q1,2025-01-02,ON,REBALANCE,0.10803305222949033,0.10617249403571606,-0.0018605581937742666,4674555.657252144,-86.9728283035433
2025Q1,2025-01-02,ORLY,REBALANCE,0.29771468348231184,0.29036952860739906,-0.007345154874912772,4674555.657252144,-343.3533527391666
2025Q1,2025-01-02,PANW,REBALANCE,0.6434490187127969,0.6518363245641989,0.008387305851402082,4674555.657252144,392.0692801677561
2025Q1,2025-01-02,PAYX,REBALANCE,0.22491511027036212,0.20804600007907786,-0.016869110191284266,4674555.657252144,-788.5559447747765
2025Q1,2025-01-02,PCAR,REBALANCE,0.23737365340137875,0.23337498359379577,-0.003998669807582988,4674555.657252144,-186.920045705204
2025Q1,2025-01-02,PEP,REBALANCE,0.8896969021141288,0.8568306736502612,-0.03286622846386759,4674555.657252144,-1536.3501419831368
2025Q1,2025-01-02,PYPL,REBALANCE,0.3337529145900101,0.33350982395343176,-0.00024309063657835216,4674555.657252144,-11.36340710442361
2025Q1,2025-01-02,QCOM,REBALANCE,0.6883716380231891,0.6938675653249982,0.005495927301809016,4674555.657252144,256.9101806051785
2025Q1,2025-01-02,REGN,REBALANCE,0.3264525102879533,0.3233741613572908,-0.003078348930662467,4674555.657252144,-143.89913408824324
2025Q1,2025-01-02,ROP,REBALANCE,0.23031869033545566,0.2269933749454306,-0.003325315390025063,4674555.657252144,-155.44371868589278
2025Q1,2025-01-02,ROST,REBALANCE,0.21194544288264588,0.21336580040941042,0.001420357526764511,4674555.657252144,66.39540312057709
2025Q1,2025-01-02,SBUX,REBALANCE,0.4504230618220608,0.44729826758154767,-0.0031247942405131235,4674555.657252144,-146.0702459473954
2025Q1,2025-01-02,SMCI,REBALANCE,0.08647453075645331,0.08601816357840553,-0.00045636717804777797,4674555.657252144,-21.33313773927437
2025Q1,2025-01-02,SNPS,REBALANCE,0.4096104660973464,0.40904475562596154,-0.0005657104713848761,4674555.657252144,-26.444450843789497
2025Q1,2025-01-02,TMUS,REBALANCE,1.0472266372666508,1.0246445559239845,-0.022582081342666267,4674555.657252144,-1055.611960928887
2025Q1,2025-01-02,TSLA,REBALANCE,6.736632658145912,6.303478183098778,-0.43315447504713445,4674555.657252144,-20248.04701795665
2025Q1,2025-01-02,TTWO,REBALANCE,0.15069236540559053,0.15041037340444052,-0.00028199200114999677,4674555.657252144,-13.181873042755706
2025Q1,2025-01-02,TXN,REBALANCE,0.7181326125126876,0.7208336337167252,0.0027010212040375764,4674555.657252144,126.2607394969185
2025Q1,2025-01-02,VRSK,REBALANCE,0.16097962460024423,0.15661250932908513,-0.004367115271159089,4674555.657252144,-204.14323396668948
2025Q1,2025-01-02,VRTX,REBALANCE,0.4649486606313041,0.4557186351373193,-0.00923002549398479,4674555.657252144,-431.46267889488115
2025Q1,2025-01-02,WBD,REBALANCE,0.1180492605138039,0.11826653465859228,0.00021727414478837134,4674555.657252144,10.156600826951026
2025Q1,2025-01-02,WDAY,REBALANCE,0.22999864564674574,0.22399969160860084,-0.00599895403814491,4674555.657252144,-280.4244453660588
2025Q1,2025-01-02,XEL,REBALANCE,0.17968869261587533,0.17477298059651955,-0.004915712019355777,4674555.657252144,-229.7876942950191
2025Q2,2025-04-01,AAPL,REBALANCE,11.069087252401646,10.92457437245377,-0.1445128799478737,4158247.607338795,-6009.2033727288435
2025Q2,2025-04-01,ABNB,REBALANCE,0.2484930218442155,0.24358442703435065,-0.004908594809864856,4158247.607338795,-204.11152623516165
2025Q2,2025-04-01,ADBE,REBALANCE,0.7521147728602955,0.7326177358253543,-0.019497037034941177,4158247.607338795,-810.7350760074003
2025Q2,2025-04-01,ADI,REBALANCE,0.47749149961190424,0.4583562867299821,-0.019135212881922145,4158247.607338795,-795.6895318217124
2025Q2,2025-04-01,ADP,REBALANCE,0.5819948754215323,0.5705640063805903,-0.01143086904094202,4158247.607338795,-475.32383839300263
2025Q2,2025-04-01,ADSK,REBALANCE,0.2728908110250152,0.26872144588863206,-0.004169365136383156,4158247.607338795,-173.37252602487047
2025Q2,2025-04-01,AEP,REBALANCE,0.2832539004047897,0.2724644611399596,-0.01078943926483009,4158247.607338795,-448.65160007506967
2025Q2,2025-04-01,AMAT,REBALANCE,0.5717069525443246,0.5506123440251938,-0.021094608519130805,4158247.607338795,-877.1660540242423
2025Q2,2025-04-01,AMD,REBALANCE,0.8322774757154203,0.8060667320830925,-0.026210743632327886,4158247.607338795,-1089.90761995698
2025Q2,2025-04-01,AMGN,REBALANCE,0.8007346305575498,0.7666837721984574,-0.03405085835909236,4158247.607338795,-1415.9190029952802
2025Q2,2025-04-01,AMZN,REBALANCE,10.219735313359761,9.942508109243176,-0.2772272041165841,4158247.607338795,-11527.793582070095
2025Q2,2025-04-01,AVGO,REBALANCE,3.926871259575735,3.8190982645977463,-0.10777299497798862,4158247.607338795,-4481.4679850295715
2025Q2,2025-04-01,AXON,BUY,0.0,0.20980643859479955,0.20980643859479955,4158247.607338795,8724.271212910991
2025Q2,2025-04-01,BIIB,REBALANCE,0.09858077590395506,0.09375252130595703,-0.004828254597998038,4158247.607338795,-200.77078129747878
2025Q2,2025-04-01,BKNG,REBALANCE,0.6970551724884464,0.6914824754800214,-0.0055726970084249774,4158247.607338795,-231.72654001707224
2025Q2,2025-04-01,BKR,REBALANCE,0.21467324196344945,0.20882151376458907,-0.005851728198860359,4158247.607338795,-243.32934781708045
2025Q2,2025-04-01,CDNS,REBALANCE,0.34570648772297713,0.34330627514168255,-0.0024002125812945963,4158247.607338795,-99.80678223272729
2025Q2,2025-04-01,CEG,REBALANCE,0.3858686476873734,0.3530867907379523,-0.03278185694942106,4158247.607338795,-1363.1507822405276
2025Q2,2025-04-01,CHTR,REBALANCE,0.26378835402813483,0.2518555281587284,-0.011932825869406458,4158247.607338795,-496.1964462024988
2025Q2,2025-04-01,CMCSA,REBALANCE,0.580205761079218,0.5598752053639473,-0.020330555715270676,4158247.607338795,-845.3948465889235
2025Q2,2025-04-01,COST,REBALANCE,2.0575175655536486,2.021690745466297,-0.03582682008735176,4158247.607338795,-1489.7678890678794
2025Q2,2025-04-01,CPRT,REBALANCE,0.2661264912610904,0.2650648033413715,-0.0010616879197189195,4158247.607338795,-44.147612519117
2025Q2,2025-04-01,CRWD,REBALANCE,0.45325044919550833,0.4436877037218501,-0.009562745473658176,4158247.607338795,-397.64263485429
2025Q2,2025-04-01,CSCO,REBALANCE,1.1728956236067443,1.1375871197793337,-0.03530850382741056,4158247.607338795,-1468.2150155904264
2025Q2,2025-04-01,CSGP,REBALANCE,0.15923915799681457,0.15551379445659402,-0.0037253635402205356,4158247.607338795,-154.90984027589224
2025Q2,2025-04-01,CSX,REBALANCE,0.2662256178521635,0.259245455733716,-0.006980162118447493,4158247.607338795,-290.2524242787118
2025Q2,2025-04-01,CTAS,REBALANCE,0.4031758713566814,0.3955684706571948,-0.007607400699486625,4158247.607338795,-316.33455756707735
2025Q2,2025-04-01,CTSH,REBALANCE,0.17448877884572764,0.16967498311815168,-0.004813795727575949,4158247.607338795,-200.16954566410405
2025Q2,2025-04-01,DASH,REBALANCE,0.3804544622114345,0.3608980974219298,-0.01955636478950468,4158247.607338795,-813.2020709420249
2025Q2,2025-04-01,DXCM,REBALANCE,0.13231701902908335,0.12494050355082639,-0.0073765154782569516,4158247.607338795,-306.73377837959555
2025Q2,2025-04-01,EA,REBALANCE,0.17884233843035552,0.1747670994923857,-0.004075238937969821,4158247.607338795,-169.458525631469
2025Q2,2025-04-01,EXC,REBALANCE,0.22449691301068236,0.2161857940014581,-0.008311119009224259,4158247.607338795,-345.5969073441475
2025Q2,2025-04-01,FANG,REBALANCE,0.22050427508818948,0.21071986659521807,-0.009784408492971401,4158247.607338795,-406.85993205123714
2025Q2,2025-04-01,FAST,REBALANCE,0.21333834097132512,0.20874762589313747,-0.004590715078187655,4158247.607338795,-190.89329989847946
2025Q2,2025-04-01,FTNT,REBALANCE,0.35183369806267256,0.34064505709901394,-0.011188640963658621,4158247.607338795,-465.2513951650629
2025Q2,2025-04-01,GEHC,REBALANCE,0.1826823008161857,0.1736868796637964,-0.008995421152389296,4158247.607338795,-374.0518848392758
2025Q2,2025-04-01,GILD,REBALANCE,0.6661746820968694,0.643074703593551,-0.02309997850331834,4158247.607338795,-960.5543034100108
2025Q2,2025-04-01,GOOG,REBALANCE,4.26116352526602,4.185603029986614,-0.07556049527940659,4158247.607338795,-3141.9924870492673
2025Q2,2025-04-01,GOOGL,REBALANCE,4.498229717798892,4.414413985344074,-0.08381573245481791,4158247.607338795,-3485.2656893759518
2025Q2,2025-04-01,HON,REBALANCE,0.6115210926328908,0.5969724634520286,-0.014548629180862176,4158247.607338795,-604.9680248137952
2025Q2,2025-04-01,IDXX,REBALANCE,0.1629630566549982,0.15880577408746377,-0.004157282567534442,4158247.607338795,-172.87010289481375
2025Q2,2025-04-01,INTC,REBALANCE,0.5726154007966414,0.5330228708069906,-0.03959252998965079,4158247.607338795,-1646.3554309795488
2025Q2,2025-04-01,INTU,REBALANCE,0.8197719063114521,0.7995880512840917,-0.02018385502736038,4158247.607338795,-839.294668743944
2025Q2,2025-04-01,ISRG,REBALANCE,0.876033245556526,0.8455018030309085,-0.0305314425256175,4158247.607338795,-1269.572978307509
2025Q2,2025-04-01,KDP,REBALANCE,0.22157910824749336,0.22141021186850343,-0.00016889637898991408,4158247.607338795,-7.023129638229966
2025Q2,2025-04-01,KHC,REBALANCE,0.1660472972372358,0.1597555195514383,-0.006291777685797509,4158247.607338795,-261.6276950787511
2025Q2,2025-04-01,KLAC,REBALANCE,0.442379697300247,0.42500339072404114,-0.01737630657620585,4158247.607338795,-722.5498524489335
2025Q2,2025-04-01,LIN,REBALANCE,1.0420585580504862,1.021630259068599,-0.020428298981887104,4158247.607338795,-849.4592536343359
2025Q2,2025-04-01,LRCX,REBALANCE,0.4499703807838489,0.43456743577013746,-0.015402945013711419,4158247.607338795,-640.4925924923652
2025Q2,2025-04-01,LULU,REBALANCE,0.14865924623986715,0.14584108210835608,-0.002818164131511078,4158247.607338795,-117.18624256943953
2025Q2,2025-04-01,MAR,REBALANCE,0.30394800732997135,0.2987293689685623,-0.005218638361409065,4158247.607338795,-217.00390479895697
2025Q2,2025-04-01,MCHP,REBALANCE,0.12508619257610754,0.12216532454797314,-0.002920868028134381,4158247.607338795,-121.45692489342174
2025Q2,2025-04-01,MDLZ,REBALANCE,0.4176866130587008,0.40420544327774666,-0.013481169780954136,4158247.607338795,-560.5804198578061
2025Q2,2025-04-01,META,REBALANCE,6.418051591760989,6.164511239620038,-0.25354035214095116,4158247.607338795,-10542.835626539456
2025Q2,2025-04-01,MNST,REBALANCE,0.2833562444915476,0.2777177209776284,-0.005638523513919191,4158247.607338795,-234.46376910678012
2025Q2,2025-04-01,MRNA,SELL,0.05652377077978852,0.0,-0.05652377077978852,4158247.607338795,-2350.398346028221
2025Q2,2025-04-01,MSFT,REBALANCE,11.123756343972484,10.92457437245377,-0.19918197151871236,4158247.607338795,-8282.479564927096
2025Q2,2025-04-01,MU,REBALANCE,0.5046062087373275,0.48001609252159755,-0.024590116215730037,4158247.607338795,-1022.5179191824233
2025Q2,2025-04-01,NFLX,REBALANCE,1.9433079577988228,1.8802041518800772,-0.06310380591874575,4158247.607338795,-2624.012499755962
2025Q2,2025-04-01,NVDA,REBALANCE,10.061014186690462,10.92457437245377,0.8635601857633082,4158247.607338795,35908.970762433215
2025Q2,2025-04-01,NXPI,REBALANCE,0.2323902888685071,0.22640148562821463,-0.005988803240292466,4158247.607338795,-249.02926744768968
2025Q2,2025-04-01,ODFL,REBALANCE,0.16911909921605392,0.16576283851735502,-0.00335626069869891,4158247.607338795,-139.56163019969975
2025Q2,2025-04-01,ON,REBALANCE,0.07702728625482766,0.07517451986008589,-0.0018527663947417723,4158247.607338795,-77.042614278927
2025Q2,2025-04-01,ORLY,REBALANCE,0.3943560296385091,0.38046184580561754,-0.013894183832891503,4158247.607338795,-577.7545667904647
2025Q2,2025-04-01,PANW,REBALANCE,0.68718464066293,0.6715140420172354,-0.015670598645694568,4158247.607338795,-651.62229324026
2025Q2,2025-04-01,PAYX,REBALANCE,0.2590213075124262,0.25405379219835256,-0.00496751531407361,4158247.607338795,-206.5615866916541
2025Q2,2025-04-01,PCAR,REBALANCE,0.2463460648523352,0.24182447203076446,-0.004521592821570735,4158247.607338795,-188.0190253165678
2025Q2,2025-04-01,PEP,REBALANCE,0.9581872469659509,0.9361423611301817,-0.022044885835769204,4158247.607338795,-916.6809378064419
2025Q2,2025-04-01,PLTR,BUY,0.0,0.9351494191266858,0.9351494191266858,4158247.607338795,38885.82834587806
2025Q2,2025-04-01,PYPL,REBALANCE,0.2866260379930974,0.27803008914550353,-0.008595948847593855,4158247.607338795,-357.4408372831382
2025Q2,2025-04-01,QCOM,REBALANCE,0.7841763859380504,0.7553168313695768,-0.02885955456847361,4158247.607338795,-1200.0517373321877
2025Q2,2025-04-01,REGN,REBALANCE,0.3240846936393751,0.303609196084007,-0.020475497555368094,4158247.607338795,-851.4218871868072
2025Q2,2025-04-01,ROP,REBALANCE,0.28987170699324666,0.28414460592617,-0.005727101067076615,4158247.607338795,-238.14704309158793
2025Q2,2025-04-01,ROST,REBALANCE,0.20328350477478535,0.19684369084607742,-0.00643981392870795,4158247.607338795,-267.7834086075688
2025Q2,2025-04-01,SBUX,REBALANCE,0.5434627547420863,0.5209435118559934,-0.022519242886092847,4158247.607338795,-936.4058785017676
2025Q2,2025-04-01,SMCI,SELL,0.10862729783635788,0.0,-0.10862729783635788,4158247.607338795,-4516.9920131971385
2025Q2,2025-04-01,SNPS,REBALANCE,0.4062957406148833,0.4014795152660811,-0.004816225348802227,4158247.607338795,-200.27057533061313
2025Q2,2025-04-01,TMUS,REBALANCE,1.3964656519461354,1.3668649193946227,-0.029600732551512618,4158247.607338795,-1230.8717530780293
2025Q2,2025-04-01,TSLA,REBALANCE,4.547460034119759,4.849399993089747,0.3019399589699885,4158247.607338795,12555.411119469287
2025Q2,2025-04-01,TTWO,REBALANCE,0.1903687715508878,0.18764490788667598,-0.002723863664211832,4158247.607338795,-113.26499564425934
2025Q2,2025-04-01,TXN,REBALANCE,0.782327255460854,0.751437742936279,-0.030889512524575127,4158247.607338795,-1284.4624154717626
2025Q2,2025-04-01,VRSK,REBALANCE,0.1905385708622903,0.18621380692240405,-0.004324763939886258,4158247.607338795,-179.83439305337131
2025Q2,2025-04-01,VRTX,REBALANCE,0.6167734460626656,0.5917312668173389,-0.025042179245326687,4158247.607338795,-1041.3158192942892
2025Q2,2025-04-01,WBD,REBALANCE,0.13496357981670584,0.12311714593985439,-0.011846433876851453,4158247.607338795,-492.60405323914796
2025Q2,2025-04-01,WDAY,REBALANCE,0.22790291805025137,0.2267301313946092,-0.0011727866556421676,4158247.607338795,-48.76737304742911
2025Q2,2025-04-01,XEL,REBALANCE,0.20943397378468473,0.20428743569234506,-0.005146538092339666,4158247.607338795,-214.00579708549384
2025Q3,2025-07-01,AAPL,REBALANCE,8.41811917185966,10.960819253344061,2.542700081484402,4990861.818587543,126902.64752799936
2025Q3,2025-07-01,ABNB,REBALANCE,0.2248293117652185,0.23178026345822625,0.006950951693007745,4990861.818587543,346.912394074788
2025Q3,2025-07-01,ADBE,REBALANCE,0.6157283841075043,0.6383456383843247,0.022617254276820296,4990861.818587543,1128.7959081146823
2025Q3,2025-07-01,ADI,REBALANCE,0.4527756189892139,0.4737020158954445,0.020926396906230556,4990861.818587543,1044.4075531991457
2025Q3,2025-07-01,ADP,REBALANCE,0.4822412179235332,0.49400662090604824,0.011765402982515018,4990861.818587543,587.1950052573021
2025Q3,2025-07-01,ADSK,REBALANCE,0.264744156864294,0.2695245011257891,0.004780344261495111,4990861.818587543,238.58037654400016
2025Q3,2025-07-01,AEP,REBALANCE,0.21748556757183085,0.2254880504997359,0.008002482927905053,4990861.818587543,399.39286498779984
2025Q3,2025-07-01,AMAT,REBALANCE,0.5803685711641322,0.5931942848739038,0.012825713709771654,4990861.818587543,640.1136485023414
2025Q3,2025-07-01,AMD,REBALANCE,0.9275741185151023,0.9089909458633366,-0.01858317265176577,4990861.818587543,-927.4604685591801
2025Q3,2025-07-01,AMGN,REBALANCE,0.5775311945601931,0.623441020137095,0.045909825576901944,4990861.818587543,2291.2959556977376
2025Q3,2025-07-01,AMZN,REBALANCE,9.552127296783299,9.712864194557207,0.1607368977739082,4990861.818587543,8022.156459380076
2025Q3,2025-07-01,APP,BUY,0.0,0.4215926505522816,0.4215926505522816,4990861.818587543,21041.10662638503
2025Q3,2025-07-01,AVGO,REBALANCE,5.250991545940001,5.121027103875689,-0.12996444206431132,4990861.818587543,-6486.345716728042
2025Q3,2025-07-01,AXON,REBALANCE,0.27517438790995374,0.25596627233743086,-0.019208115572522846,4990861.818587543,-958.650506179211
2025Q3,2025-07-01,BIIB,REBALANCE,0.07169019316024199,0.07864925874833388,0.006959065588091893,4990861.818587543,347.31734736654295
2025Q3,2025-07-01,BKNG,REBALANCE,0.725231801294069,0.7213868546443888,-0.0038449466496801553,4990861.818587543,-191.89597428394782
2025Q3,2025-07-01,BKR,REBALANCE,0.1527319165542753,0.1545359959064235,0.001804079352148223,4990861.818587543,90.03910756338718
2025Q3,2025-07-01,CDNS,REBALANCE,0.34656213575263844,0.3495794367976737,0.003017301045035248,4990861.818587543,150.58932580850714
2025Q3,2025-07-01,CDW,REBALANCE,0.09071319652477627,0.0929916011419779,0.0022784046172016166,4990861.818587543,113.71202611285116
2025Q3,2025-07-01,CEG,REBALANCE,0.4715564521180865,0.4479968897663394,-0.023559562351747106,4990861.818587543,-1175.825202039672
2025Q3,2025-07-01,CHTR,REBALANCE,0.23277425791647452,0.24182147872132692,0.009047220804852402,4990861.818587543,451.53428879268716
2025Q3,2025-07-01,CMCSA,REBALANCE,0.455267684836244,0.4759723329914063,0.020704648155162216,4990861.818587543,1033.3403794488813
2025Q3,2025-07-01,COST,REBALANCE,1.7653619242812137,1.7808044648297228,0.015442540548508965,4990861.818587543,770.7158600554334
2025Q3,2025-07-01,CPRT,REBALANCE,0.19149755105880498,0.1958479466932451,0.0043503956344401315,4990861.818587543,217.12223467677185
2025Q3,2025-07-01,CRWD,REBALANCE,0.5339944433422996,0.5130352351761559,-0.02095920816614378,4990861.818587543,-1046.0451178423523
2025Q3,2025-07-01,CSCO,REBALANCE,1.0727243785082217,1.090363372993764,0.017638994485542382,4990861.818587543,880.337840961697
2025Q3,2025-07-01,CSGP,REBALANCE,0.13148315034299038,0.13699272249382607,0.005509572150835698,4990861.818587543,274.9751328435913
2025Q3,2025-07-01,CSX,REBALANCE,0.24047692924343106,0.2511678904679954,0.010690961224564402,4990861.818587543,533.5711017967841
2025Q3,2025-07-01,CTAS,REBALANCE,0.358034056983614,0.3641473126725684,0.006113255688954379,4990861.818587543,305.104144052655
2025Q3,2025-07-01,CTSH,REBALANCE,0.144746832463913,0.15260744540547044,0.007860612941557411,4990861.818587543,392.3123300071401
2025Q3,2025-07-01,DASH,REBALANCE,0.4055542931119223,0.4009723927353383,-0.0045819003765839965,4990861.818587543,-228.67631646064956
2025Q3,2025-07-01,DDOG,BUY,0.0,0.17929971553410182,0.17929971553410182,4990861.818587543,8948.601043427567
2025Q3,2025-07-01,DXCM,REBALANCE,0.13305936054731293,0.13208960918777501,-0.0009697513595379251,4990861.818587543,-48.398950338411915
2025Q3,2025-07-01,EA,REBALANCE,0.16111404526714823,0.16271202194403706,0.0015979766768888133,4990861.818587543,79.75280783677782
2025Q3,2025-07-01,EXC,REBALANCE,0.17123747902749564,0.1755827272268189,0.004345248199323247,4990861.818587543,216.86533330288668
2025Q3,2025-07-01,FANG,REBALANCE,0.1519294865932784,0.15746890864337257,0.005539422050094157,4990861.818587543,276.4649000685686
2025Q3,2025-07-01,FAST,REBALANCE,0.1894033396465547,0.19739082084803322,0.007987481201478523,4990861.818587543,398.6441495514492
2025Q3,2025-07-01,FTNT,REBALANCE,0.31170816934424567,0.30735811742456653,-0.0043500519196791165,4990861.818587543,-217.1050803479995
2025Q3,2025-07-01,GEHC,REBALANCE,0.13287505321682475,0.14124700940115442,0.008371956184329683,4990861.818587543,417.8327646725887
2025Q3,2025-07-01,GILD,REBALANCE,0.5339138603412016,0.5537249570870038,0.019811096745802215,4990861.818587543,988.744463329682
2025Q3,2025-07-01,GOOG,REBALANCE,3.9644165110674714,3.9734706443118197,0.0090541332443482,4990861.818587543,451.87927909621595
2025Q3,2025-07-01,GOOGL,REBALANCE,4.196539551315006,4.213374235525558,0.016834684210552397,4990861.818587543,840.1958265442454
2025Q3,2025-07-01,HON,REBALANCE,0.549808231551354,0.5715555100238346,0.021747278472480664,4990861.818587543,1085.3766178649457
2025Q3,2025-07-01,IDXX,REBALANCE,0.1689832664555792,0.17531744893208634,0.006334182476507152,4990861.818587543,316.1302947396583
2025Q3,2025-07-01,INTC,REBALANCE,0.43803774924561606,0.47036024638746576,0.03232249714184973,4990861.818587543,1613.171168666628
2025Q3,2025-07-01,INTU,REBALANCE,0.8560910516982242,0.8663551690299438,0.01026411733171962,4990861.818587543,512.2679129238211
2025Q3,2025-07-01,ISRG,REBALANCE,0.772920686059559,0.7803673716781546,0.007446685618595593,4990861.818587543,371.6537892887371
2025Q3,2025-07-01,KDP,REBALANCE,0.17946884303610672,0.18226118702303049,0.0027923439869237832,4990861.818587543,139.36202988700424
2025Q3,2025-07-01,KHC,REBALANCE,0.11463631840611078,0.12110710196882937,0.006470783562718594,4990861.818587543,322.94786619516105
2025Q3,2025-07-01,KLAC,REBALANCE,0.46770519238849056,0.4778083608491957,0.01010316846070513,4990861.818587543,504.23517717291116
2025Q3,2025-07-01,LIN,REBALANCE,0.8604005120851124,0.8907871128058754,0.03038660072076302,4990861.818587543,1516.5532533392088
2025Q3,2025-07-01,LRCX,REBALANCE,0.4859909589357141,0.49312097040890307,0.007130011473188962,4990861.818587543,355.84902027629914
2025Q3,2025-07-01,LULU,REBALANCE,0.10198729221178218,0.10886342139422092,0.006876129182438744,4990861.818587543,343.17810596309107
2025Q3,2025-07-01,MAR,REBALANCE,0.28621024506441256,0.29767485758839013,0.011464612523977551,4990861.818587543,572.1829691082013
2025Q3,2025-07-01,MCHP,REBALANCE,0.1491018957507969,0.15493848828127946,0.005836592530482549,4990861.818587543,291.29626811038605
2025Q3,2025-07-01,MDLZ,REBALANCE,0.3370751151575761,0.3533139117694584,0.016238796611882336,4990861.818587543,810.455899900523
2025Q3,2025-07-01,META,REBALANCE,6.582381113758892,6.447686704153193,-0.13469440960569984,4990861.818587543,-6722.411860782786
2025Q3,2025-07-01,MNST,REBALANCE,0.24767707901001387,0.25451394706808633,0.006836868058072466,4990861.818587543,341.21863749754635
2025Q3,2025-07-01,MSFT,REBALANCE,12.082801683799147,10.960819253344061,-1.1219824304550845,4990861.818587543,-55996.59273284335
2025Q3,2025-07-01,MU,REBALANCE,0.5672933665351758,0.5570326637105075,-0.010260702824668212,4990861.818587543,-512.0974995950994
2025Q3,2025-07-01,NFLX,REBALANCE,2.249571103067991,2.2309322656341695,-0.018638837433821234,4990861.818587543,-930.2386209131863
2025Q3,2025-07-01,NVDA,REBALANCE,13.269359483317592,10.960819253344061,-2.30854022997353,4990861.818587543,-115216.05290448196
2025Q3,2025-07-01,NXPI,REBALANCE,0.21785871355850067,0.22550573746416805,0.0076470239056673685,4990861.818587543,381.65239636621465
2025Q3,2025-07-01,ODFL,REBALANCE,0.13571260870469495,0.14254807061877187,0.006835461914076911,4990861.818587543,341.1484587937578
2025Q3,2025-07-01,ON,REBALANCE,0.08067369459978173,0.08535255207739,0.004678857477608271,4990861.818587543,233.51531139607943
2025Q3,2025-07-01,ORLY,REBALANCE,0.2991490623743434,0.307167832847829,0.00801877047348562,4990861.818587543,400.2057538813654
2025Q3,2025-07-01,PANW,REBALANCE,0.670964563918265,0.6595117039941112,-0.011452859924153836,4990861.818587543,-571.5964130909081
2025Q3,2025-07-01,PAYX,REBALANCE,0.2010011200052752,0.20778383969933104,0.006782719694055838,4990861.818587543,338.51616747245066
2025Q3,2025-07-01,PCAR,REBALANCE,0.19737814899974154,0.20644334906868134,0.009065200068939785,4990861.818587543,452.4316090192874
2025Q3,2025-07-01,PEP,REBALANCE,0.6943909911682853,0.7283213873130627,0.03393039614477747,4990861.818587543,1693.4191860851986
2025Q3,2025-07-01,PLTR,REBALANCE,1.2584412784095758,1.2288995671959155,-0.029541711213660303,4990861.818587543,-1474.3859855199669
2025Q3,2025-07-01,PYPL,REBALANCE,0.2638467794355361,0.26967128752790454,0.005824508092368459,4990861.818587543,290.6931505025591
2025Q3,2025-07-01,QCOM,REBALANCE,0.6563751315667635,0.6738951265784723,0.017519995011708832,4990861.818587543,874.3987416578183
2025Q3,2025-07-01,REGN,REBALANCE,0.20970241908073456,0.22447020690625094,0.014767787825516404,4990861.818587543,737.0398840337178
2025Q3,2025-07-01,ROP,REBALANCE,0.2279346876890079,0.23489510800295296,0.006960420313945059,4990861.818587543,347.3849598618952
2025Q3,2025-07-01,ROST,REBALANCE,0.16420300263585963,0.16921971182012355,0.005016709184263901,4990861.818587543,250.37702322700167
2025Q3,2025-07-01,SBUX,REBALANCE,0.4083052983249542,0.43167606540143766,0.023370767076483483,4990861.818587543,1166.4026907312425
2025Q3,2025-07-01,SNPS,REBALANCE,0.39988870775603075,0.409195881491014,0.009307173734983236,4990861.818587543,464.5081803288865
2025Q3,2025-07-01,TMUS,REBALANCE,1.0211094102619462,1.0506519255319768,0.029542515270030573,4990861.818587543,1474.4261148623505
2025Q3,2025-07-01,TSLA,REBALANCE,4.952418841394755,4.625550492454099,-0.32686834894065586,4990861.818587543,-16313.547624326693
2025Q3,2025-07-01,TTD,BUY,0.0,0.12852208145773464,0.12852208145773464,4990861.818587543,6414.3594919280595
2025Q3,2025-07-01,TTWO,REBALANCE,0.1831956527071378,0.1825778195816317,-0.0006178331255061271,4990861.818587543,-30.835197563471354
2025Q3,2025-07-01,TXN,REBALANCE,0.7295219699365292,0.76303226912991,0.0335102991933808,4990861.818587543,1672.4527277368918
2025Q3,2025-07-01,VRSK,REBALANCE,0.16261691221913982,0.16642274614545824,0.003805833926318427,4990861.818587543,189.94391230747755
2025Q3,2025-07-01,VRTX,REBALANCE,0.4527244524257048,0.47001849118155714,0.017294038755852337,4990861.818587543,863.1215771575665
2025Q3,2025-07-01,WBD,REBALANCE,0.10955652674856313,0.11233555445383289,0.00277902770526976,4990861.818587543,138.69743267027803
2025Q3,2025-07-01,WDAY,REBALANCE,0.1941389180279379,0.19693985018719262,0.0028009321592547144,4990861.818587543,139.7906537007832
2025Q3,2025-07-01,XEL,REBALANCE,0.16510132270200178,0.17042188134366185,0.005320558641660079,4990861.818587543,265.5417297821729
2025Q4,2025-10-01,AAPL,REBALANCE,12.163903622300523,11.074945792662072,-1.088957829638451,5587711.072252605,-60847.81721886939
2025Q4,2025-10-01,ABNB,REBALANCE,0.1899403176635843,0.18567935772782404,-0.004260959935760249,5587711.072252605,-238.0901301147229
2025Q4,2025-10-01,ADBE,REBALANCE,0.5198621962557989,0.49625432235671896,-0.023607873899079892,5587711.072252605,-1319.13978378232
2025Q4,2025-10-01,ADI,REBALANCE,0.4384829952944705,0.41937110598729255,-0.01911188930717794,5587711.072252605,-1067.9171549338434
2025Q4,2025-10-01,ADP,REBALANCE,0.4221026468499148,0.4140775836846326,-0.008025063165282165,5587711.072252605,-448.41734304173696
2025Q4,2025-10-01,ADSK,REBALANCE,0.24703426640134651,0.24213610240276978,-0.004898163998576753,5587711.072252605,-273.69525208556416
2025Q4,2025-10-01,AEP,REBALANCE,0.22016773261383799,0.21776475980619664,-0.002402972807641346,5587711.072252605,-134.27117763579477
2025Q4,2025-10-01,AMAT,REBALANCE,0.594247010820023,0.6251260053520528,0.030878994532029715,5587711.072252605,1725.4289964665008
2025Q4,2025-10-01,AMD,REBALANCE,0.9257003793897073,0.9713601600028179,0.04565978061311059,5587711.072252605,2551.336616885029
2025Q4,2025-10-01,AMGN,REBALANCE,0.5673773466975042,0.5726813991948526,0.005304052497348381,5587711.072252605,296.37512867242634
2025Q4,2025-10-01,AMZN,REBALANCE,8.68250635818871,8.620302899655488,-0.06220345853322207,5587711.072252605,-3475.7495397849075
2025Q4,2025-10-01,APP,REBALANCE,0.7728910677563052,0.7818644282892233,0.008973360532918157,5587711.072252605,501.4054600510132
2025Q4,2025-10-01,AVGO,REBALANCE,5.483775340275577,5.7289368250648485,0.2451614847892719,5587711.072252605,13698.915430469033
2025Q4,2025-10-01,AXON,REBALANCE,0.19816736196417445,0.2082504003089409,0.010083038344766478,5587711.072252605,563.4110500099923
2025Q4,2025-10-01,BIIB,REBALANCE,0.07835330660544881,0.08269868863191498,0.004345382026466169,5587711.072252605,242.80739262452474
2025Q4,2025-10-01,BKNG,REBALANCE,0.6019637967340988,0.5983358568842727,-0.0036279398498260604,5587711.072252605,-202.7187966833953
2025Q4,2025-10-01,BKR,REBALANCE,0.17632568658446898,0.17220542753604784,-0.004120259048421139,5587711.072252605,-230.2281710541178
2025Q4,2025-10-01,CDNS,REBALANCE,0.3559213402139111,0.3526041913241797,-0.0033171488897313934,5587711.072252605,-185.35269579462542
2025Q4,2025-10-01,CDW,REBALANCE,0.07435631719820686,0.07264739467586064,-0.0017089225223462247,5587711.072252605,-95.4896529973585
2025Q4,2025-10-01,CEG,REBALANCE,0.4084589988460393,0.45329831052043806,0.04483931167439878,5587711.072252605,2505.4911831522354
2025Q4,2025-10-01,CHTR,REBALANCE,0.14535210390410633,0.1410656015362648,-0.004286502367841535,5587711.072252605,-239.51736742025156
2025Q4,2025-10-01,CMCSA,REBALANCE,0.3776990151178529,0.36662779111484384,-0.011071224003009108,5587711.072252605,-618.628009450028
2025Q4,2025-10-01,COST,REBALANCE,1.4893186421602893,1.471393916399526,-0.017924725760763358,5587711.072252605,-1001.5818860050891
2025Q4,2025-10-01,CPRT,REBALANCE,0.1603125310403624,0.1577640125452902,-0.0025485184950721626,5587711.072252605,-142.4038501275527
2025Q4,2025-10-01,CRWD,REBALANCE,0.4412039072706961,0.46227031116458384,0.021066403893887746,5587711.072252605,1177.1297829042196
2025Q4,2025-10-01,CSCO,REBALANCE,0.9661964211773519,0.9678547582562962,0.0016583370789443122,5587711.072252605,92.66308457544176
2025Q4,2025-10-01,CSGP,REBALANCE,0.1284017985386411,0.12381790762004638,-0.00458389091859471,5587711.072252605,-256.1345803982983
2025Q4,2025-10-01,CSX,REBALANCE,0.24511583587919217,0.23385625980432992,-0.011259576074862257,5587711.072252605,-629.1525790237836
2025Q4,2025-10-01,CTAS,REBALANCE,0.3001616270235413,0.2937756295207072,-0.006385997502834136,5587711.072252605,-356.8310895396379
2025Q4,2025-10-01,CTSH,REBALANCE,0.11768243101294079,0.11243182031842154,-0.005250610694519263,5587711.072252605,-293.38895513853225
2025Q4,2025-10-01,DASH,REBALANCE,0.3951613547538772,0.3998625896792748,0.004701234925397636,5587711.072252605,262.6914244590502
2025Q4,2025-10-01,DDOG,REBALANCE,0.16976890780983758,0.18348508269194702,0.013716174882109433,5587711.072252605,766.4202225771595
2025Q4,2025-10-01,DXCM,REBALANCE,0.09094865807194036,0.09261402879208208,0.0016653707201417264,5587711.072252605,93.0561041234122
2025Q4,2025-10-01,EA,REBALANCE,0.1837560370706716,0.1831191058692888,-0.0006369312013827962,5587711.072252605,-35.58987526229804
2025Q4,2025-10-01,EXC,REBALANCE,0.16401847470982334,0.1630699129067648,-0.0009485618030585091,5587711.072252605,-53.00289289665926
2025Q4,2025-10-01,FANG,REBALANCE,0.14753770143369388,0.14400375899472204,-0.0035339424389718363,5587711.072252605,-197.46649294946306
2025Q4,2025-10-01,FAST,REBALANCE,0.20683120578279512,0.19582223391788411,-0.011008971864911012,5587711.072252605,-615.1495398368068
2025Q4,2025-10-01,FTNT,REBALANCE,0.21833423790737386,0.2266708129890393,0.008336575081665425,5587711.072252605,465.8237288848706
2025Q4,2025-10-01,GEHC,REBALANCE,0.1279724666004166,0.12459323334596242,-0.003379233254454197,5587711.072252605,-188.8217907163792
2025Q4,2025-10-01,GILD,REBALANCE,0.4985975463143154,0.49190325944751767,-0.006694286866797735,5587711.072252605,-374.05740846440904
2025Q4,2025-10-01,GOOG,REBALANCE,4.877065618627932,4.895176433599533,0.018110814971601663,5587711.072252605,1011.9800134433686
2025Q4,2025-10-01,GOOGL,REBALANCE,5.19595027573025,5.20870593483966,0.012755659109409817,5587711.072252605,712.7493763952904
2025Q4,2025-10-01,HON,REBALANCE,0.4638470766546384,0.44850302562237504,-0.015344051032263346,5587711.072252605,-857.3812384618691
2025Q4,2025-10-01,IDXX,REBALANCE,0.18653169548018017,0.17767015935100555,-0.008861536129174608,5587711.072252605,-495.1570354615545
2025Q4,2025-10-01,INTC,REBALANCE,0.629240571753065,0.6560892248327366,0.02684865307967148,5587711.072252605,1500.2251608834933
2025Q4,2025-10-01,INTU,REBALANCE,0.6718403118321759,0.6705570892385136,-0.001283222593662179,5587711.072252605,-71.70277094770863
2025Q4,2025-10-01,ISRG,REBALANCE,0.5736460940515893,0.5634808195525574,-0.010165274499031925,5587711.072252605,-568.0061687072774
2025Q4,2025-10-01,KDP,REBALANCE,0.12674767149674535,0.12437123049374717,-0.0023764410029981876,5587711.072252605,-132.7886570500806
2025Q4,2025-10-01,KHC,REBALANCE,0.1106947152624412,0.1076270569076933,-0.00306765835474791,5587711.072252605,-171.41188554713105
2025Q4,2025-10-01,KLAC,REBALANCE,0.5150127124476875,0.533328787146569,0.01831607469888136,5587711.072252605,1023.4493339514518
2025Q4,2025-10-01,LIN,REBALANCE,0.8080768680147078,0.7759734374287494,-0.032103430585958465,5587711.072252605,-1793.8469454245303
2025Q4,2025-10-01,LRCX,REBALANCE,0.6070731749281938,0.6462912321018295,0.03921805717363568,5587711.072252605,2191.391723013598
2025Q4,2025-10-01,LULU,REBALANCE,0.07282204370910433,0.0699380153712243,-0.002884028337880038,5587711.072252605,-161.15117076262567
2025Q4,2025-10-01,MAR,REBALANCE,0.25409748655024916,0.24904125633674726,-0.005056230213501892,5587711.072252605,-282.5275354784267
2025Q4,2025-10-01,MCHP,REBALANCE,0.12716965563403343,0.1237449071493101,-0.003424748484723316,5587711.072252605,-191.36505027768806
2025Q4,2025-10-01,MDLZ,REBALANCE,0.2946709617633616,0.2893315793869525,-0.005339382376409133,5587711.072252605,-298.3492602365174
2025Q4,2025-10-01,META,REBALANCE,5.7338988329887615,5.70690553786378,-0.026993295124981553,5587711.072252605,-1508.307340464417
2025Q4,2025-10-01,MNST,REBALANCE,0.24427612397940118,0.23952893448928986,-0.004747189490111317,5587711.072252605,-265.259232759762
2025Q4,2025-10-01,MSFT,REBALANCE,10.21107177232697,11.074945792662072,0.8638740203351009,5587711.072252605,48270.78428457815
2025Q4,2025-10-01,MU,REBALANCE,0.6760702189375243,0.7450209414180531,0.06895072248052887,5587711.072252605,3852.767154442678
2025Q4,2025-10-01,NFLX,REBALANCE,1.784002531694812,1.7907980783454358,0.0067955466506237905,5587711.072252605,379.7155126169966
2025Q4,2025-10-01,NVDA,REBALANCE,11.562309054679892,11.074945792662072,-0.48736326201781893,5587711.072252605,-27232.450953861142
2025Q4,2025-10-01,NXPI,REBALANCE,0.21090418060005298,0.2042675542826172,-0.0066366263174357735,5587711.072252605,-370.835503563389
2025Q4,2025-10-01,ODFL,REBALANCE,0.1106464306826549,0.10469038541408655,-0.005956045268568338,5587711.072252605,-332.8066009401704
2025Q4,2025-10-01,ON,REBALANCE,0.07172638971346798,0.06827923555386103,-0.0034471541596069427,5587711.072252605,-192.61701465397337
2025Q4,2025-10-01,ORLY,REBALANCE,0.3281761502870113,0.31809761423257316,-0.010078536054438161,5587711.072252605,-563.159475034812
2025Q4,2025-10-01,PANW,REBALANCE,0.5861300777260203,0.612167845671366,0.026037767945345618,5587711.072252605,1454.9152424495167
2025Q4,2025-10-01,PAYX,REBALANCE,0.16295730432021788,0.15618320735573546,-0.006774096964482401,5587711.072252605,-378.51696612951076
2025Q4,2025-10-01,PCAR,REBALANCE,0.19134303423931184,0.1827658305139246,-0.008577203725387252,5587711.072252605,-479.2693622531265
2025Q4,2025-10-01,PEP,REBALANCE,0.6986791486495956,0.6902126223876285,-0.008466526261967106,5587711.072252605,-473.0850253751106
2025Q4,2025-10-01,PLTR,REBALANCE,1.4688276579218773,1.5424179468619295,0.0735902889400522,5587711.072252605,4112.012723205981
2025Q4,2025-10-01,PYPL,REBALANCE,0.21733720633568537,0.21174013096278366,-0.005597075372901737,5587711.072252605,-312.7484003339542
2025Q4,2025-10-01,QCOM,REBALANCE,0.6323254526042495,0.6277651474364468,-0.004560305167802727,5587711.072252605,-254.81667678982072
2025Q4,2025-10-01,REGN,REBALANCE,0.21505269227413779,0.22360688784757413,0.008554195573436335,5587711.072252605,477.98373319904437
2025Q4,2025-10-01,ROP,REBALANCE,0.18484990453639497,0.1813912516283902,-0.003458652908004743,5587711.072252605,-193.25953149136774
2025Q4,2025-10-01,ROST,REBALANCE,0.1810207823540271,0.17736545308115692,-0.003655329272870167,5587711.072252605,-204.24923850745697
2025Q4,2025-10-01,SBUX,REBALANCE,0.3583343109660266,0.34264100961895066,-0.015693301347075937,5587711.072252605,-876.8963369725295
2025Q4,2025-10-01,SNPS,REBALANCE,0.35173601951260863,0.3399364061054803,-0.011799613407128314,5587711.072252605,-659.3283048331117
2025Q4,2025-10-01,TMUS,REBALANCE,0.9461613076906416,0.9030929283564814,-0.04306837933416019,5587711.072252605,-2406.536600694622
2025Q4,2025-10-01,TSLA,REBALANCE,5.7840116075799415,6.267635323038761,0.4836237154588203,5587711.072252605,27023.49589673194
2025Q4,2025-10-01,TTD,REBALANCE,0.07815052170579163,0.07649147445685359,-0.001659047248938055,5587711.072252605,-92.70276682281394
2025Q4,2025-10-01,TTWO,REBALANCE,0.17349092114277329,0.17223332239606967,-0.001257598746703622,5587711.072252605,-70.27098441406828
2025Q4,2025-10-01,TXN,REBALANCE,0.6074676757076063,0.5842175738354626,-0.023250101872143714,5587711.072252605,-1299.1485166197845
2025Q4,2025-10-01,VRSK,REBALANCE,0.12022573665158272,0.11789130226906219,-0.00233443438252053,5587711.072252605,-130.4414484665714
2025Q4,2025-10-01,VRTX,REBALANCE,0.3693077646307799,0.3726235476203298,0.0033157829895498914,5587711.072252605,185.2763732389477
2025Q4,2025-10-01,WBD,REBALANCE,0.17099226960157646,0.17620626972905104,0.005214000127474572,5587711.072252605,291.3432624301616
2025Q4,2025-10-01,WDAY,REBALANCE,0.17643883183966355,0.16952718603422645,-0.006911645805437105,5587711.072252605,-386.2027979452919
2025Q4,2025-10-01,XEL,REBALANCE,0.18168215994921588,0.1780342375260507,-0.003647922423165198,5587711.072252605,-203.8353651463873
2026Q1,2026-01-02,AAPL,REBALANCE,11.3801041472599,10.916322053659961,-0.463782093599939,5811467.619901228,-26952.54619646046
2026Q1,2026-01-02,ABNB,REBALANCE,0.19955626983768887,0.19352168629117747,-0.0060345835465114035,5811467.619901228,-350.69786880139736
2026Q1,2026-01-02,ADBE,REBALANCE,0.4734139193938287,0.46122623863233064,-0.01218768076149809,5811467.619901228,-708.2831210713929
2026Q1,2026-01-02,ADI,REBALANCE,0.4466448560308717,0.4614671046678768,0.014822248637005181,5811467.619901228,861.3901800808071
2026Q1,2026-01-02,ADP,REBALANCE,0.3511895796247118,0.34639478817527064,-0.004794791449441206,5811467.619901228,-278.6477525260684
2026Q1,2026-01-02,ADSK,REBALANCE,0.2169391042321691,0.21076381172950212,-0.006175292502666983,5811467.619901228,-358.8751242266799
2026Q1,2026-01-02,AEP,REBALANCE,0.21630231440985156,0.21607642039077163,-0.00022589401907995542,5811467.619901228,-13.12775777412511
2026Q1,2026-01-02,AMAT,REBALANCE,0.7559266807923855,0.7413125425071748,-0.01461413828521066,5811467.619901228,-849.295914372606
2026Q1,2026-01-02,AMD,REBALANCE,1.236275079589289,1.2685524097597496,0.03227733017046059,5811467.619901228,1875.7865914249269
2026Q1,2026-01-02,AMGN,REBALANCE,0.6432058381327782,0.6067802004329431,-0.036425637699835124,5811467.619901228,-2116.8641402684525
2026Q1,2026-01-02,AMZN,REBALANCE,8.713067523645822,8.482138671837104,-0.23092885180871908,5811467.619901228,-13420.3554478734
2026Q1,2026-01-02,APP,REBALANCE,0.7049730905787194,0.6581058811193118,-0.04686720945940763,5811467.619901228,-2723.6727020847597
2026Q1,2026-01-02,AVGO,REBALANCE,5.7897322717888295,5.736348727607353,-0.05338354418147756,5811467.619901228,-3102.3673844622344
2026Q1,2026-01-02,AXON,REBALANCE,0.15846090152163864,0.1581041249370805,-0.00035677658455812895,5811467.619901228,-20.733955686985187
2026Q1,2026-01-02,BIIB,SELL,0.09989841743556609,0.0,-0.09989841743556609,5811467.619901228,-5805.564182061686
2026Q1,2026-01-02,BKR,REBALANCE,0.15550313963971116,0.16165449505078971,0.006151355411078549,5811467.619901228,357.48402789987193
2026Q1,2026-01-02,CDNS,REBALANCE,0.3016949556064966,0.2980456138668934,-0.0036493417396032523,5811467.619901228,-212.0803135365832
2026Q1,2026-01-02,CDW,SELL,0.059995157236839285,0.0,-0.059995157236839285,5811467.619901228,-3486.599136327743
2026Q1,2026-01-02,CEG,REBALANCE,0.46843435179146015,0.453999837707556,-0.014434514083904153,5811467.619901228,-838.8571120761723
2026Q1,2026-01-02,CMCSA,REBALANCE,0.3389055505261626,0.3355017307172716,-0.0034038198088910416,5811467.619901228,-197.81188603348673
2026Q1,2026-01-02,COST,REBALANCE,1.3198731086067663,1.315539448731325,-0.004333659875441383,5811467.619901228,-251.84924041792783
2026Q1,2026-01-02,CPRT,REBALANCE,0.13205807027453248,0.12666420659201602,-0.005393863682516455,5811467.619901228,-313.4626413710558
2026Q1,2026-01-02,CRWD,REBALANCE,0.42487572876381385,0.4019701874325944,-0.022905541331219494,5811467.619901228,-1331.1481176269135
2026Q1,2026-01-02,CSCO,REBALANCE,1.0540219971524238,1.0377460449689961,-0.016275952183427735,5811467.619901228,-945.8716909705097
2026Q1,2026-01-02,CSGP,REBALANCE,0.09487924227601979,0.09338550917769012,-0.0014937330983296675,5811467.619901228,-86.807815337176
2026Q1,2026-01-02,CSX,REBALANCE,0.23038639171085157,0.233136405183391,0.0027500134725394216,5811467.619901228,159.81614249954984
2026Q1,2026-01-02,CTAS,REBALANCE,0.25943011598899735,0.25624955955112483,-0.003180556437872538,5811467.619901228,-184.83700751964645
2026Q1,2026-01-02,CTSH,REBALANCE,0.13436401447887575,0.13223012506960738,-0.0021338894092683657,5811467.619901228,-124.01029206413266
2026Q1,2026-01-02,DASH,REBALANCE,0.3201369627697813,0.31473631476987013,-0.005400647999911218,5811467.619901228,-313.8569097796837
2026Q1,2026-01-02,DDOG,REBALANCE,0.16847904878722128,0.1540634733547267,-0.014415575432494557,5811467.619901228,-837.7564984818576
2026Q1,2026-01-02,DXCM,REBALANCE,0.08783067036333773,0.08938584359679344,0.0015551732334557187,5811467.619901228,90.37838889565002
2026Q1,2026-01-02,EA,REBALANCE,0.1785312311503902,0.17810087659432447,-0.0004303545560657403,5811467.619901228,-25.009915676530174
2026Q1,2026-01-02,EXC,REBALANCE,0.15317063356476732,0.15367379948965232,0.0005031659248849914,5811467.619901228,29.241324799067808
2026Q1,2026-01-02,FANG,REBALANCE,0.14645673450344626,0.14749438318049396,0.00103764867704771,5811467.619901228,60.302616874961124
2026Q1,2026-01-02,FAST,REBALANCE,0.15487475255459798,0.15988352857232643,0.005008776017728449,5811467.619901228,291.083396423667
2026Q1,2026-01-02,FTNT,REBALANCE,0.2058383183558879,0.19863835170518054,-0.00719996665070736,5811467.619901228,-418.42373054954516
2026Q1,2026-01-02,GEHC,REBALANCE,0.13089382642884873,0.1310391946028535,0.00014536817400474453,5811467.619901228,8.448024361927402
2026Q1,2026-01-02,GILD,REBALANCE,0.5264412261570621,0.5192087519174187,-0.0072324742396434605,5811467.619901228,-420.31289855457726
2026Q1,2026-01-02,GOOG,REBALANCE,6.068264526489988,6.029205649386947,-0.039058877103040346,5811467.619901228,-2269.8939955402043
2026Q1,2026-01-02,GOOGL,REBALANCE,6.452400538305968,6.428676699112512,-0.023723839193455498,5811467.619901228,-1378.7032329251028
2026Q1,2026-01-02,HON,REBALANCE,0.4265846787695514,0.4276142824004331,0.001029603630881698,5811467.619901228,59.83508162201724
2026Q1,2026-01-02,IDXX,REBALANCE,0.18089376132253424,0.1839896070157065,0.0030958456931722477,5811467.619901228,179.9140700208119
2026Q1,2026-01-02,INTC,REBALANCE,0.693816931707268,0.6890326204494324,-0.004784311257835603,5811467.619901228,-278.0386995844052
2026Q1,2026-01-02,INTU,REBALANCE,0.6265371363892307,0.5964673194141529,-0.030069816975077882,5811467.619901228,-1747.497676870214
2026Q1,2026-01-02,ISRG,REBALANCE,0.6861023074427818,0.6928917876465965,0.006789480203814747,5811467.619901228,394.5684436042979
2026Q1,2026-01-02,KDP,REBALANCE,0.13130180852570847,0.13019367172859764,-0.001108136797110847,5811467.619901228,-64.39901114830744
2026Q1,2026-01-02,KHC,REBALANCE,0.09789934827307054,0.0972582623920549,-0.0006410858810156333,5811467.619901228,-37.25649839098204
2026Q1,2026-01-02,KLAC,REBALANCE,0.5786496241990587,0.578080026652516,-0.0005695975465428056,5811467.619901228,-33.10197698108697
2026Q1,2026-01-02,LIN,REBALANCE,0.6722098591870513,0.6862005065696511,0.013990647382599794,5811467.619901228,813.0619424543456
2026Q1,2026-01-02,LRCX,REBALANCE,0.7957254006413003,0.8041492427074047,0.008423842066104456,5811467.619901228,489.54885402327903
2026Q1,2026-01-02,LULU,SELL,0.07853779424943011,0.0,-0.07853779424943011,5811467.619901228,-4564.19848219028
2026Q1,2026-01-02,MAR,REBALANCE,0.2859134538769274,0.2865834799123471,0.0006700260354197077,5811467.619901228,38.93834609332425
2026Q1,2026-01-02,MCHP,REBALANCE,0.11911887554292619,0.12139314149754486,0.0022742659546186837,5811467.619901228,132.16822954310234
2026Q1,2026-01-02,MDLZ,REBALANCE,0.24192281883165687,0.23769165057332056,-0.004231168258336327,5811467.619901228,-245.89297327675436
2026Q1,2026-01-02,META,REBALANCE,4.936113642661625,4.963592385648692,0.027478742987067234,5811467.619901228,1596.9182510492917
2026Q1,2026-01-02,MNST,REBALANCE,0.2623324286700791,0.25930505757682615,-0.003027371093252936,5811467.619901228,-175.93469081864416
2026Q1,2026-01-02,MPWR,BUY,0.0,0.15982348035968275,0.15982348035968275,5811467.619901228,9288.089810102161
2026Q1,2026-01-02,MSFT,REBALANCE,9.961350126717635,10.916322053659961,0.954971926942326,5811467.619901228,55497.884313400085
2026Q1,2026-01-02,MU,REBALANCE,1.2231655163908828,1.2378132130598591,0.014647696668976425,5811467.619901228,851.2461489789157
2026Q1,2026-01-02,NFLX,REBALANCE,1.3465489596776778,1.333827577369407,-0.012721382308270718,5811467.619901228,-739.2990136489962
2026Q1,2026-01-02,NVDA,REBALANCE,10.64455817229425,10.916322053659961,0.27176388136571084,5811467.619901228,15793.469968155072
2026Q1,2026-01-02,NXPI,REBALANCE,0.18803661149879708,0.19348501059197923,0.005448399093182154,5811467.619901228,316.63194910327303
2026Q1,2026-01-02,ODFL,REBALANCE,0.11233638978817388,0.11494714943896045,0.002610759650786571,5811467.619901228,151.72345173890795
2026Q1,2026-01-02,ON,SELL,0.07209418356859461,0.0,-0.07209418356859461,5811467.619901228,-4189.730133921027
2026Q1,2026-01-02,ORLY,REBALANCE,0.2587569040607792,0.2606314888300403,0.001874584769261025,5811467.619901228,108.9408868732046
2026Q1,2026-01-02,PANW,REBALANCE,0.5324610321054067,0.5089193691378028,-0.023541662967604005,5811467.619901228,-1368.1161205485853
2026Q1,2026-01-02,PAYX,REBALANCE,0.13418162520647156,0.13236223488360613,-0.0018193903228654528,5811467.619901228,-105.7332794929422
2026Q1,2026-01-02,PCAR,REBALANCE,0.1988873756980513,0.20323376764408702,0.004346391946035734,5811467.619901228,252.58916057786152
2026Q1,2026-01-02,PEP,REBALANCE,0.6848252372029542,0.663772832292567,-0.021052404910387127,5811467.619901228,-1223.453694577644
2026Q1,2026-01-02,PLTR,REBALANCE,1.4450648971975506,1.3417579339122112,-0.10330696328533939,5811467.619901228,-6003.650720430749
2026Q1,2026-01-02,PYPL,REBALANCE,0.17764570174217825,0.17741687569505846,-0.00022882604711978085,5811467.619901228,-13.29815163426599
2026Q1,2026-01-02,QCOM,REBALANCE,0.6237821848448193,0.6283440679627762,0.004561883117956862,5811467.619901228,265.1123602578036
2026Q1,2026-01-02,REGN,REBALANCE,0.2955130631987434,0.2776744936774626,-0.0178385695212808,5811467.619901228,-1036.682691582803
2026Q1,2026-01-02,ROP,REBALANCE,0.15593417335179052,0.15227602051859007,-0.003658152833200439,5811467.619901228,-212.59236738794286
2026Q1,2026-01-02,ROST,REBALANCE,0.20205007595142593,0.20324100118706204,0.001190925235636112,5811467.619901228,69.21023444622504
2026Q1,2026-01-02,SBUX,REBALANCE,0.3302987789650958,0.32909894322147537,-0.0011998357436204376,5811467.619901228,-69.72806573250284
2026Q1,2026-01-02,SNPS,REBALANCE,0.31116768967445463,0.32024661943184574,0.00907892975739108,5811467.619901228,527.6190630843597
2026Q1,2026-01-02,STX,BUY,0.0,0.22406535547052622,0.22406535547052622,5811467.619901228,13021.485580586215
2026Q1,2026-01-02,TMUS,REBALANCE,0.7401514976916561,0.7442772551680736,0.0041257574764174895,5811467.619901228,239.76705981765645
2026Q1,2026-01-02,TSLA,REBALANCE,6.094069175539596,5.727680042708265,-0.36638913283133095,5811467.619901228,-21292.5858173297
2026Q1,2026-01-02,TTD,SELL,0.05696428589556556,0.0,-0.05696428589556556,5811467.619901228,-3310.4610297287545
2026Q1,2026-01-02,TTWO,REBALANCE,0.16410843406545877,0.16262456739321746,-0.0014838666722413263,5811467.619901228,-86.23443117981056
2026Q1,2026-01-02,TXN,REBALANCE,0.535150938537704,0.5559655938154036,0.02081465527769954,5811467.619901228,1209.6369516575708
2026Q1,2026-01-02,VRSK,REBALANCE,0.10102344720728926,0.10028499447658151,-0.0007384527307077379,5811467.619901228,-42.9149413333566
2026Q1,2026-01-02,VRTX,REBALANCE,0.4147386818538306,0.39948988854617284,-0.015248793307657757,5811467.619901228,-886.1786855001959
2026Q1,2026-01-02,WBD,REBALANCE,0.25001219320491325,0.24883806208717357,-0.0011741311177396793,5811467.619901228,-68.23424972262582
2026Q1,2026-01-02,WDAY,REBALANCE,0.1454290275143436,0.14399979887489242,-0.001429228639451179,5811467.619901228,-83.05915959606013
2026Q1,2026-01-02,WDC,BUY,0.0,0.22506272142998,0.22506272142998,5811467.619901228,13079.44718037179
2026Q1,2026-01-02,XEL,REBALANCE,0.15797768687606667,0.1599029942302876,0.0019253073542209106,5811467.619901228,111.88861347412525
2026Q2,2026-04-01,AAPL,REBALANCE,11.091715407455323,10.675796747915655,-0.41591865953966717,5344398.3896917505,-22228.350142865485
2026Q2,2026-04-01,ABNB,REBALANCE,0.1957975944151071,0.18377098733411806,-0.012026607080989023,5344398.3896917505,-642.7497951709314
2026Q2,2026-04-01,ADBE,REBALANCE,0.3483329927071605,0.33699536394886587,-0.011337628758294627,5344398.3896917505,-605.9280487875269
2026Q2,2026-04-01,ADI,REBALANCE,0.5904920318726306,0.5469637479034848,-0.04352828396914582,5344398.3896917505,-2326.324907507482
2026Q2,2026-04-01,ADP,REBALANCE,0.29997925978639994,0.28047426075070614,-0.019504999035693804,5344398.3896917505,-1042.4248543730112
2026Q2,2026-04-01,ADSK,REBALANCE,0.18535349522508035,0.1764105253162377,-0.008942969908842672,5344398.3896917505,-477.9479397988055
2026Q2,2026-04-01,AEP,REBALANCE,0.2692056834219265,0.24982185365755172,-0.01938382976437482,5344398.3896917505,-1035.9490857878382
2026Q2,2026-04-01,AMAT,REBALANCE,1.0734276836711787,0.9854170081541593,-0.08801067551701941,5344398.3896917505,-4703.641125088417
2026Q2,2026-04-01,AMD,REBALANCE,1.3103038901326447,1.20393906338872,-0.10636482674392482,5344398.3896917505,-5684.560087700738
2026Q2,2026-04-01,AMGN,REBALANCE,0.7141931058876785,0.6646827179168416,-0.0495103879708368,5344398.3896917505,-2646.03237744354
2026Q2,2026-04-01,AMZN,REBALANCE,8.322343588247476,7.956015321315311,-0.36632826693216436,5344398.3896917505,-19578.04199890829
2026Q2,2026-04-01,APP,REBALANCE,0.42268996724152774,0.41648273530201246,-0.006207231939515251,5344398.3896917505,-331.73920381988506
2026Q2,2026-04-01,AVGO,REBALANCE,5.589921246396463,5.230298971962048,-0.3596222744344145,5344398.3896917505,-19219.647043845696
2026Q2,2026-04-01,AXON,REBALANCE,0.12856046410589833,0.11991539579408168,-0.008645068311816648,5344398.3896917505,-462.02689164448077
2026Q2,2026-04-01,BKNG,REBALANCE,0.4898164592926809,0.4544189632334719,-0.03539749605920902,5344398.3896917505,-1891.7832093795678
2026Q2,2026-04-01,BKR,REBALANCE,0.23653894243525386,0.20955629730295264,-0.026982645132301232,5344398.3896917505,-1442.0600519469465
2026Q2,2026-04-01,CDNS,REBALANCE,0.28810461703926316,0.2714410974681553,-0.016663519571107892,5344398.3896917505,-890.5648716242598
2026Q2,2026-04-01,CEG,REBALANCE,0.390760549883258,0.3499783684229572,-0.04078218146030079,5344398.3896917505,-2179.562249245483
2026Q2,2026-04-01,CHTR,SELL,0.11566724524257607,0.0,-0.11566724524257607,5344398.3896917505,-6181.718392145044
2026Q2,2026-04-01,CMCSA,REBALANCE,0.3782814655928177,0.35101516590428133,-0.027266299688536368,5344398.3896917505,-1457.2196814826643
2026Q2,2026-04-01,COST,REBALANCE,1.655205875390398,1.5500656796464698,-0.1051401957439281,5344398.3896917505,-5619.110928257248
2026Q2,2026-04-01,CPRT,REBALANCE,0.1168011759776397,0.11172385912768786,-0.0050773168499518425,5344398.3896917505,-271.3520399683742
2026Q2,2026-04-01,CRWD,REBALANCE,0.36404177637359847,0.35167126448425473,-0.01237051188934372,5344398.3896917505,-661.1294382107122
2026Q2,2026-04-01,CSCO,REBALANCE,1.1427248243291206,1.0730392114579728,-0.06968561287114781,5344398.3896917505,-3724.2767721324512
2026Q2,2026-04-01,CSGP,SELL,0.060922075924087216,0.0,-0.060922075924087216,5344398.3896917505,-3255.918444653703
2026Q2,2026-04-01,CSX,REBALANCE,0.28802498268837917,0.2696324365493681,-0.018392546139011118,5344398.3896917505,-982.9709396766223
2026Q2,2026-04-01,CTAS,REBALANCE,0.2511739826230904,0.24113612095811288,-0.0100378616649775,5344398.3896917505,-536.463317182543
2026Q2,2026-04-01,CTSH,SELL,0.10682139012878145,0.0,-0.10682139012878145,5344398.3896917505,-5708.960653888938
2026Q2,2026-04-01,DASH,REBALANCE,0.2268972979285269,0.2174389669889499,-0.009458330939576994,5344398.3896917505,-505.49088642646944
2026Q2,2026-04-01,DDOG,REBALANCE,0.1454272172598763,0.13789350670964773,-0.007533710550228592,5344398.3896917505,-402.6315053304544
2026Q2,2026-04-01,DXCM,REBALANCE,0.09196944040239843,0.0845324806821856,-0.007436959720212827,5344398.3896917505,-397.4607555290784
2026Q2,2026-04-01,EA,REBALANCE,0.19341267370085732,0.1791313777421671,-0.01428129595869021,5344398.3896917505,-763.2493512433526
2026Q2,2026-04-01,EXC,REBALANCE,0.1895292118893377,0.17403377044455434,-0.015495441444783358,5344398.3896917505,-828.1381230506299
2026Q2,2026-04-01,FANG,REBALANCE,0.21228015530715336,0.18731827223951503,-0.024961883067638344,5344398.3896917505,-1334.0624767036013
2026Q2,2026-04-01,FAST,REBALANCE,0.20213227077137924,0.18703206291296764,-0.01510020785841159,5344398.3896917505,-807.0152656250561
2026Q2,2026-04-01,FTNT,REBALANCE,0.22228146430772638,0.20882747829807122,-0.013453986009655163,5344398.3896917505,-719.0346116493639
2026Q2,2026-04-01,GEHC,REBALANCE,0.12370830809847982,0.11495085915648824,-0.008757448941991583,5344398.3896917505,-468.0329602338754
2026Q2,2026-04-01,GILD,REBALANCE,0.6447207142925145,0.6078374680459381,-0.03688324624657648,5344398.3896917505,-1971.1876184680766
2026Q2,2026-04-01,GOOG,REBALANCE,5.997496058961348,5.693130212151825,-0.3043658468095227,5344398.3896917505,-16266.52341565979
2026Q2,2026-04-01,GOOGL,REBALANCE,6.426852331263369,6.124888593964427,-0.30196373729894155,5344398.3896917505,-16138.145113657662
2026Q2,2026-04-01,HON,REBALANCE,0.5414035764601202,0.5051152345840153,-0.036288341876104885,5344398.3896917505,-1939.3935588723868
2026Q2,2026-04-01,IDXX,REBALANCE,0.16616690296265482,0.1564494055074124,-0.009717497455242401,5344398.3896917505,-519.3417775163117
2026Q2,2026-04-01,INTC,REBALANCE,0.8960543131941554,0.8478881614832465,-0.04816615171090895,5344398.3896917505,-2574.191036414303
2026Q2,2026-04-01,INTU,REBALANCE,0.42413585031601103,0.40790272155233986,-0.016233128763671213,5344398.3896917505,-867.5630722422327
2026Q2,2026-04-01,ISRG,REBALANCE,0.6132694705428301,0.5777573569196331,-0.035512113623197006,5344398.3896917505,-1897.9088286236456
2026Q2,2026-04-01,KDP,REBALANCE,0.1353675552042525,0.12276799263818529,-0.012599562566067219,5344398.3896917505,-673.3708188891011
2026Q2,2026-04-01,KHC,REBALANCE,0.09972879561024549,0.09110164907632438,-0.008627146533921114,5344398.3896917505,-461.06908043522765
2026Q2,2026-04-01,KLAC,REBALANCE,0.7627158658065744,0.6964373922398774,-0.06627847356669687,5344398.3896917505,-3542.1856740108205
2026Q2,2026-04-01,LIN,REBALANCE,0.8704800587234482,0.7994257656584998,-0.07105429306494843,5344398.3896917505,-3797.4244943699614
2026Q2,2026-04-01,LITE,BUY,0.0,0.20895165503663002,0.20895165503663002,5344398.3896917505,11167.208887011917
2026Q2,2026-04-01,LRCX,REBALANCE,1.092732647571531,0.9744926517238329,-0.11823999584769807,5344398.3896917505,-6319.216434055968
2026Q2,2026-04-01,MAR,REBALANCE,0.3291693541938956,0.30823519640749786,-0.02093415778639776,5344398.3896917505,-1118.8047916317723
2026Q2,2026-04-01,MCHP,REBALANCE,0.134633999466905,0.12386166636694834,-0.01077233309995664,5344398.3896917505,-575.7163967263141
2026Q2,2026-04-01,MDLZ,REBALANCE,0.2791543692272339,0.2573107483476253,-0.021843620879608568,5344398.3896917505,-1167.4101225401714
2026Q2,2026-04-01,META,REBALANCE,4.68216114061647,4.4636855329695395,-0.21847560764692991,5344398.3896917505,-11676.206856951789
2026Q2,2026-04-01,MNST,REBALANCE,0.2664838270204769,0.2499760047731431,-0.016507822247333784,5344398.3896917505,-882.2437863596833
2026Q2,2026-04-01,MPWR,REBALANCE,0.21006489266894154,0.19318715946010936,-0.016877733208832187,5344398.3896917505,-902.0133018292971
2026Q2,2026-04-01,MRVL,BUY,0.0,0.3279999730228894,0.3279999730228894,5344398.3896917505,17529.62527642468
2026Q2,2026-04-01,MSFT,REBALANCE,9.106477800513147,9.616628229584293,0.5101504290711462,5344398.3896917505,27264.471316283893
2026Q2,2026-04-01,MU,REBALANCE,1.593919491746126,1.457071867323126,-0.13684762442299994,5344398.3896917505,-7313.682235994224
2026Q2,2026-04-01,NFLX,REBALANCE,1.4873678066619473,1.4131838947361821,-0.07418391192576518,5344398.3896917505,-3964.68379437094
2026Q2,2026-04-01,NVDA,REBALANCE,11.100806015498096,10.675796747915655,-0.42500926758244073,5344398.3896917505,-22714.188452716666
2026Q2,2026-04-01,NXPI,REBALANCE,0.1918050572819666,0.17343613774626132,-0.01836891953570527,5344398.3896917505,-981.7082398700059
2026Q2,2026-04-01,ODFL,REBALANCE,0.15598031591280057,0.1456385357888353,-0.01034178012396527,5344398.3896917505,-552.7059304106615
2026Q2,2026-04-01,ORLY,REBALANCE,0.2868270927057995,0.26808244506420986,-0.01874464764158963,5344398.3896917505,-1001.7886467105088
2026Q2,2026-04-01,PANW,REBALANCE,0.48165279344378625,0.4599344170028368,-0.021718376440949417,5344398.3896917505,-1160.7165607772931
2026Q2,2026-04-01,PAYX,REBALANCE,0.11942145484869914,0.11295374545056376,-0.00646770939813537,5344398.3896917505,-345.6601569238887
2026Q2,2026-04-01,PCAR,REBALANCE,0.23369012658359414,0.2168056393574531,-0.016884487226141068,5344398.3896917505,-902.3742634215927
2026Q2,2026-04-01,PEP,REBALANCE,0.7879530311116365,0.7346879534897505,-0.053265077621885995,5344398.3896917505,-2846.697950692136
2026Q2,2026-04-01,PLTR,REBALANCE,1.2007055235883235,1.181399774146338,-0.01930574944198557,5344398.3896917505,-1031.776162295401
2026Q2,2026-04-01,PYPL,REBALANCE,0.14991923668743593,0.13782298826382364,-0.012096248423612262,5344398.3896917505,-646.4717059646475
2026Q2,2026-04-01,QCOM,REBALANCE,0.5177132520840013,0.46946495922665815,-0.048248292857343195,5344398.3896917505,-2578.5809865216092
2026Q2,2026-04-01,REGN,REBALANCE,0.3026064215209383,0.2808313284832802,-0.02177509303765814,5344398.3896917505,-1163.747721658482
2026Q2,2026-04-01,ROP,REBALANCE,0.13190213830153372,0.12582156022478483,-0.006080578076748879,5344398.3896917505,-324.9703168177167
2026Q2,2026-04-01,ROST,REBALANCE,0.2663353213879545,0.24733499545810173,-0.019000325929852818,5344398.3896917505,-1015.4531130312381
2026Q2,2026-04-01,SBUX,REBALANCE,0.3831784834146539,0.3598889715147606,-0.023289511899893256,5344398.3896917505,-1244.6842989449638
2026Q2,2026-04-01,SNDK,BUY,0.0,0.3603234431512698,0.3603234431512698,5344398.3896917505,19257.12029345833
2026Q2,2026-04-01,SNPS,REBALANCE,0.2939366872565645,0.266827985766346,-0.027108701490218552,5344398.3896917505,-1448.797005909584
2026Q2,2026-04-01,STX,REBALANCE,0.34720865699404346,0.3332413040334052,-0.01396735296063825,5344398.3896917505,-746.4709867109137
2026Q2,2026-04-01,TER,BUY,0.0,0.1715946618049079,0.1715946618049079,5344398.3896917505,9170.702342298504
2026Q2,2026-04-01,TMUS,REBALANCE,0.8412105669940227,0.7721913859930194,-0.06901918100100336,5344398.3896917505,-3688.6599979960583
2026Q2,2026-04-01,TSLA,REBALANCE,5.148426553026916,5.0294259797040075,-0.11900057332290895,5344398.3896917505,-6359.8647243934965
2026Q2,2026-04-01,TTWO,REBALANCE,0.13641100167635858,0.1292531354241617,-0.007157866252196902,5344398.3896917505,-382.54488871870046
2026Q2,2026-04-01,TXN,REBALANCE,0.6809277629115926,0.6243216584713926,-0.05660610444019999,5344398.3896917505,-3025.255734169279
2026Q2,2026-04-01,VRSK,SELL,0.0927376363586253,0.0,-0.0927376363586253,5344398.3896917505,-4956.268744188562
2026Q2,2026-04-01,VRTX,REBALANCE,0.42786817042146913,0.3987167380810893,-0.02915143234037982,5344398.3896917505,-1557.9686805713393
2026Q2,2026-04-01,WBD,REBALANCE,0.25781629019408453,0.24207852387090725,-0.015737766323177266,5344398.3896917505,-841.0889299493365
2026Q2,2026-04-01,WDAY,REBALANCE,0.09471768035863581,0.09110822554360679,-0.003609454815029032,5344398.3896917505,-192.90364501106293
2026Q2,2026-04-01,WDC,REBALANCE,0.38445004076458167,0.36035593285805173,-0.024094107906529917,5344398.3896917505,-1287.6851149671777
2026Q2,2026-04-01,WMT,BUY,0.0,3.4800819764592608,3.4800819764592608,5344398.3896917505,185989.4451098416
2026Q2,2026-04-01,XEL,REBALANCE,0.18839605249451455,0.17347037574169283,-0.014925676752821738,5344398.3896917505,-797.6876280284009
