Date,Daily_Return,Cumulative_Return,Benchmark_Return
1996-01-02,0.0,0.0,
1996-01-03,0.0004128844105972545,0.00041288441059728065,0.000950537067700763
1996-01-04,-0.0018114570224682964,-0.0013993205342360815,-0.004881298401972933
1996-01-05,-0.0006312857633741553,-0.0020297229264785166,-0.006476179051409958
1996-01-08,0.0005958799464970238,-0.00143505245117026,-0.003656917770235024
1996-01-09,-0.003544625696232254,-0.004974591423608676,-0.018172101584654654
1996-01-10,-0.007741491447996632,-0.012677572114642155,-0.03584489343208108
1996-01-11,0.0024452146988585117,-0.010263356801464174,-0.02906252089470651
1996-01-12,7.675775127423097e-05,-0.010187386842378632,-0.03048021443376836
1996-01-15,-0.0010233597934649983,-0.011200321273748703,-0.03368610152959095
1996-01-16,0.005806916232870513,-0.0054584443682961226,-0.019799233827989093
1996-01-17,-0.00032378463985658083,-0.0057804616477087345,-0.023134028971371068
1996-01-18,0.000766359766647658,-0.0050185317943005625,-0.020121454782872306
1996-01-19,0.001642533898982001,-0.0033842410039137683,-0.014337898376014624
1996-01-22,0.00017749249334612915,-0.0032073491879414107,-0.011808606455825599
1996-01-23,-0.0005847617808600433,-0.0037902354335784816,-0.012791395117423776
1996-01-24,0.004414698240935045,0.000607730061655154,-0.0012404081006568424
1996-01-25,-0.001941037397955865,-0.0013344869630781409,-0.00596064518920314
1996-01-26,0.0026582921031662087,0.00132025768393218,0.001433819336010167
1996-01-29,0.002197315272049304,0.0035204739783534222,0.005622396765400772
1996-01-30,0.003981083984782131,0.007515573265709508,0.015175751521134373
1996-01-31,0.004473882109158847,0.012023079163641759,0.02463235149517584
1996-02-01,0.0005983142681697171,0.012628587011622505,0.028563211157478063
1996-02-02,-0.001940754169697318,0.01066332385902502,0.024342382134190155
1996-02-05,0.002808139852001628,0.013501407815710076,0.03334785310578914
1996-02-06,0.0033929464978710707,0.016940163867945834,0.041241824024290885
1996-02-07,0.0021641401933393503,0.01914096495079365,0.04704140790006717
1996-02-08,0.004413992096269437,0.023639445115070767,0.05693301107960225
1996-02-09,0.0009232745021414808,0.02458454531413179,0.05741629334791187
1996-02-12,0.00286219285144316,0.02751710387542916,0.06560023362739953
1996-02-13,-0.00039650211935585405,0.027109691166068206,0.06408588363467582
1996-02-14,-0.0028165251334177563,0.024216810906122044,0.05614363365335828
1996-02-15,-0.0021799040303576668,0.02198411655206778,0.049280730459270616
1996-02-16,-0.00288026101294078,0.019040535545318038,0.043899925664009354
1996-02-20,-0.005276569529855713,0.013663497305771877,0.0320913192081842
1996-02-21,0.003664811931308299,0.01737838338502984,0.04409323857133329
1996-02-22,0.006777514343899964,0.024273679971595685,0.061427683666927635
1996-02-23,0.0008108266773673883,0.025104188396241955,0.06178215621570815
1996-02-26,-0.0047753201796988795,0.02020898767909962,0.04789528851410618
1996-02-27,-0.001585873236796998,0.01859106554959955,0.04270779662616864
1996-02-28,-0.001329397545500041,0.017236953087189644,0.0386964063071531
1996-02-29,-0.003039177126497327,0.014145389807139086,0.03173684665940346
1996-03-01,0.003009609581741334,0.017197571489581565,0.0380842159912842
1996-03-04,0.003459856420726809,0.020716929038447685,0.048459101439128904
1996-03-05,0.00213919513415162,0.02290044172639294,0.056481882077159984
1996-03-06,-0.002954928738555896,0.019877843814454232,0.05037620304344914
1996-03-07,0.0007347173389029437,0.020627165749867782,0.05303440301119755
1996-03-08,-0.013428305007493205,0.0069218728692452824,0.020572583785314347
1996-03-11,0.0022325478984949053,0.009169874180467996,0.031076377280718548
1996-03-12,-0.0033056620606729346,0.005833899614615445,0.02635614019217214
1996-03-13,0.0007664017912604941,0.0066047725169906535,0.028708146673956048
1996-03-14,0.0008814778051425908,0.007492072282515139,0.03244569342893455
1996-03-15,0.0005061280706099821,0.008001992301214456,0.03334785310578914
1996-03-18,0.0074134471240082465,0.015474761772034329,0.051423396564811874
1996-03-19,-0.0007421142157763252,0.014721163515561297,0.04987679497819064
1996-03-20,0.0006926685468543967,0.015424028949356128,0.04712193855678026
1996-03-21,0.0003277567770259062,0.015756841056399296,0.04584927886222645
1996-03-22,0.0008172024305716258,0.016586920015780438,0.04815300628119412
1996-03-25,0.00044426637269297524,0.01703855539926291,0.04721859501044201
1996-03-26,0.0029500813896818764,0.020038901914135154,0.05193883209898842
1996-03-27,-0.002324681727380577,0.017667636117637997,0.04539814985978374
1996-03-28,-0.0009531689187394336,0.016697626957283607,0.0454465272506297
1996-03-29,-0.0024809839925934865,0.014175216419494818,0.0399046611419418
1996-04-01,0.003689837013096449,0.01791735767080449,0.05316321273072622
1996-04-02,0.001440214720856489,0.01938337723393735,0.05562809979115069
1996-04-03,0.00029925097685125764,0.019688428705360694,0.05662691592166724
1996-04-04,-0.00024070862081110772,0.019442980910029828,0.05659466432776994
1996-04-08,-0.008135453992562474,0.011149349440795486,0.03787477728701094
1996-04-09,-0.0026578160989618217,0.008461900421396829,0.03457223373752649
1996-04-10,-0.0063916816487698674,0.002016132998989839,0.020572583785313903
1996-04-11,-0.0018165446165390585,0.00019592598690532093,0.01683503703033562
1996-04-12,0.004722051060824923,0.004918902220244714,0.025743949876302796
1996-04-15,0.003422000023099091,0.008357734726855082,0.03505551600583634
1996-04-16,0.00024417594309011144,0.008603951427704093,0.03909915791874918
1996-04-17,-0.0017363506871293877,0.0068526612636010675,0.0336378224667746
1996-04-18,0.0009905694817201622,0.00785001878243774,0.036859835359545956
1996-04-19,0.0009478871039596607,0.008805346817967186,0.039211940169359805
1996-04-22,0.002855319770881109,0.011685808669707143,0.043754990147530926
1996-04-23,0.0013790646943120993,0.013080988850180164,0.04969960786781513
1996-04-24,-0.0017252834188944998,0.011333137018119555,0.04742803371471438
1996-04-25,0.0017128007269474961,0.01306534915039026,0.05177777078556156
1996-04-26,0.00017397587209332931,0.013241598077996297,0.052728307853262324
1996-04-29,0.00045437719086079283,0.013701991948994241,0.05385593370330821
1996-04-30,0.0007021396570881259,0.014413752318010786,0.053872059500256864
1996-05-01,0.0004043876319510597,0.014823968693129297,0.05453262720697172
1996-05-02,-0.007988161451483938,0.0067173909863729175,0.036489335341846285
1996-05-03,-0.0019344494876414767,0.004769947045179634,0.03367007406067146
1996-05-06,-0.0006554670041160997,0.00411135349816405,0.032349036975271694
1996-05-07,-0.0006042269000956779,0.003504642407688996,0.028240990202594407
1996-05-08,0.005418089160288116,0.008941720033017075,0.03872865790104996
1996-05-09,-0.00019504562443194032,0.00874493036521784,0.03980800468827983
1996-05-10,0.004388675558459896,0.01317198458583202,0.05052123688795662
1996-05-13,0.005034558955555185,0.018272858674346137,0.06569689008106128
1996-05-14,0.0019854323825207916,0.02029457058220019,0.07228585138308175
1996-05-15,-0.00052606955578906,0.01975782467067999,0.07199588202209606
1996-05-16,-0.0001020933886155671,0.019653714138792244,0.0710775965482926
1996-05-17,0.0025280023735667024,0.022231401148351315,0.07761827878749727
1996-05-20,0.0018061306233333636,0.02407768458609838,0.0844490287157178
1996-05-21,0.00032232335943704925,0.024407768745718705,0.08382071260290003
1996-05-22,0.003219557837826619,0.02770590880671442,0.09293896582510963
1996-05-23,-0.0010920210434449012,0.02658363232782479,0.08904035775670494
1996-05-24,0.0018180260288325543,0.028449988092170253,0.09308399966961778
1996-05-28,-0.003879672965293083,0.02445993847721306,0.08296683198886146
1996-05-29,-0.002597915502222214,0.0217984781216376,0.07603952393500912
1996-05-30,0.0029750965206220554,0.024838427218674353,0.0821130497028526
1996-05-31,-0.0013925737272073157,0.02341126415029704,0.07795662553932914
1996-06-03,-0.000652701630981903,0.022743281949020977,0.0756367723234126
1996-06-04,0.0034648857176924025,0.026286970539512122,0.08349849164801704
1996-06-05,0.0036983986456542045,0.030082588881408023,0.09297121741900716
1996-06-06,-0.002592309161024424,0.027412296349639043,0.08425571580839408
1996-06-07,-0.0014561942554441923,0.02591618446572208,0.0847067464828064
1996-06-10,-0.000342431147929781,0.025564878808995717,0.08285404973825083
1996-06-11,-0.00045246522952366156,0.025100846360713858,0.0809369481339306
1996-06-12,-0.0010742964518714545,0.023999584158658216,0.07782771749176987
1996-06-13,-9.641777405379297e-05,0.023900852398121675,0.07602339813806025
1996-06-14,-0.0014844545260084049,0.02238091814359544,0.07268860299467828
1996-06-17,-0.0008022979938277171,0.021560663984041106,0.07157700461355088
1996-06-18,-0.0022244074509113433,0.019288296831517115,0.06658292396096743
1996-06-19,0.00124216943192543,0.020554425596160497,0.0664218626475408
1996-06-20,-0.0003517263206183467,0.02019546974305486,0.06664732882073188
1996-06-21,0.002664172227460085,0.022913446180124808,0.07428358197214524
1996-06-24,0.001518790111595788,0.024467037007201542,0.07752162233383508
1996-06-25,0.001303569323798107,0.025802500809886553,0.07692555781491484
1996-06-26,-0.002329450456434145,0.02341294470616373,0.07033659651289437
1996-06-27,0.002557762596599582,0.026030592057008972,0.07703834006552546
1996-06-28,0.00238425000626997,0.028476905502554217,0.08038926100585608
1996-07-01,0.002396322942565754,0.030941468307108977,0.08884704484938077
1996-07-02,-0.0006290299725822543,0.030292975223565888,0.08519002875111581
1996-07-03,-0.0006832627566333799,0.029589014405174696,0.08324077388092843
1996-07-05,-0.009762188411278115,0.019537972460369257,0.05914008204490817
1996-07-08,-0.003880058786979782,0.015582105191664697,0.051246111126406424
1996-07-09,0.0022331983092823845,0.017850101431916343,0.05480647077100964
1996-07-10,0.001041535585973316,0.018910228533744355,0.05691688528265382
1996-07-11,-0.005932465163307079,0.012865579098430668,0.0401785047059795
1996-07-12,0.000701944962675261,0.013576554989545908,0.04101625952306964
1996-07-15,-0.0075514182717153055,0.005922614472415599,0.014611840268081489
1996-07-16,-0.0006504005750824729,0.005268361825474299,0.012308112849113595
1996-07-17,0.0015945667593769656,0.006871329339494414,0.021490869259117806
1996-07-18,0.0068596452936286545,0.013778109515087733,0.03677930470283286
1996-07-19,-0.0026047097236463206,0.011137511815614065,0.028998116034941734
1996-07-22,-0.0026234017421601875,0.008484891905553571,0.02100758699080818
1996-07-23,-0.00427802435895506,0.004170568972343469,0.00989160317953508
1996-07-24,0.00010399207339210285,0.004274994751850114,0.009537228958784727
1996-07-25,0.0018827364302214508,0.006165779870429766,0.016818911233387412
1996-07-26,0.002427256290032706,0.00860800208843604,0.024439038587852124
1996-07-29,-0.002727691895913522,0.005856830214985953,0.01640003382484223
1996-07-30,0.001741242538742035,0.007608270915640425,0.023407970863438043
1996-07-31,0.003467662383397182,0.011102316213894348,0.030963595030107927
1996-08-01,0.007922533980655597,0.019112808672018478,0.04718644174457509
1996-08-02,0.00791313785697325,0.027177188818847453,0.06727564493354987
1996-08-05,-0.0015590606136019068,0.025575757320569714,0.06363475463223356
1996-08-06,0.0010703358666532003,0.02667346783759994,0.06709845782317458
1996-08-07,0.001136922480491211,0.027840715983308284,0.06996599816716542
1996-08-08,-0.0006685551720068297,0.027153547756638474,0.06743680457500645
1996-08-09,-0.0008995497334880266,0.02622957205650267,0.0666473288207321
1996-08-12,0.0038869732173864207,0.030218498917976344,0.07255979327514916
1996-08-13,-0.0032459884321301624,0.02687442158792197,0.06358647556941732
1996-08-14,0.0003306926398890706,0.027214001401231647,0.06656679816401856
1996-08-15,-0.0001776373008966073,0.027031529878579486,0.06693739650974773
1996-08-16,0.0020248077270524825,0.029111071256204157,0.07165763359829413
1996-08-19,0.0014069244632547297,0.030558952797760774,0.07386470456360028
1996-08-20,6.617004720398174e-05,0.030627144932313888,0.07243088522758989
1996-08-21,-0.0008494298312845634,0.029751699490476735,0.07143206909707311
1996-08-22,0.0034149995302696565,0.033268301060531025,0.0804697916625694
1996-08-23,-0.0028835617539417777,0.030288808106032405,0.0745896771300798
1996-08-26,-0.001142039356633939,0.029112177738475964,0.06951496749275288
1996-08-27,0.001168348350426588,0.030314539253740502,0.07357473520261437
1996-08-28,-0.0012474622038873792,0.02902926080790591,0.07101319168852793
1996-08-29,-0.005151242427716708,0.023728481620270303,0.059075677185143505
1996-08-30,-0.005288504393363732,0.018314489047609905,0.05036007724650027
1996-09-03,0.0017428062212119142,0.020089213874272316,0.054758093380163464
1996-09-04,0.0002503378364838042,0.020344580801094025,0.05619191271617385
1996-09-05,-0.0038786172200535227,0.01638705473961055,0.04625203047382276
1996-09-06,0.0038347394972057954,0.02028463432286931,0.056304694966784474
1996-09-09,0.005321192058960035,0.025713764816907014,0.06932165458542916
1996-09-10,-0.0005561639493597071,0.025143299798553675,0.06940218524214248
1996-09-11,0.0018269004925699382,0.027016134597910524,0.07499242874167633
1996-09-12,0.002975205972856874,0.030071719135786656,0.08122701582294645
1996-09-13,0.006307673109220804,0.036569074819148284,0.0963542916252047
1996-09-16,0.0012750827405734167,0.03789078615586239,0.1018961577338926
1996-09-17,-0.0008836151666105662,0.03697369011592966,0.10022074642774248
1996-09-18,-0.0013046031035529985,0.0356208510215017,0.09785251582097976
1996-09-19,0.0010317541376738397,0.036689357119604527,0.10031740288140445
1996-09-20,0.0019706040944850326,0.038732261411453583,0.10680980605779311
1996-09-23,-3.608450563082355e-05,0.0386947792713177,0.10592367384985679
1996-09-24,0.0003948956768267562,0.03910495534919445,0.1045221061077437
1996-09-25,0.0008146487526679982,0.03995146090496071,0.10487657865652444
1996-09-26,0.0010845704665510035,0.0410793615461047,0.10492485771934024
1996-09-27,-0.00019532704538112965,0.040876010590406686,0.10545651737849604
1996-09-30,0.0010347877526488598,0.04195309633819155,0.10729308832610296
1996-10-01,0.001334471106670225,0.04334355263976053,0.11011234960727778
1996-10-02,0.0037142512735551417,0.04721879275890828,0.11805459958859532
1996-10-03,-0.0005605265774305671,0.04663179879318213,0.11607309312451064
1996-10-04,0.00601385720964587,0.0529260929821993,0.13005661727977458
1996-10-07,0.0003954783846309058,0.05334250249258776,0.133085317265222
1996-10-08,-0.00233395739318331,0.050884045971340885,0.1287355801943746
1996-10-09,-0.002364949793175788,0.04839875796416915,0.12245261572225852
1996-10-10,-0.001897661319505032,0.04640925219376335,0.11902116412521457
1996-10-11,0.0036258181736758092,0.05020334187747011,0.12876773346024195
1996-10-14,0.0031052468166642808,0.05346448246168545,0.13340743989207504
1996-10-15,-0.001157928797705256,0.05224464560008335,0.13184481083653554
1996-10-16,0.0012413661457036293,0.05355086648012919,0.13480900763418835
1996-10-17,0.002585276003823551,0.05627458625404791,0.1389654317977118
1996-10-18,0.0016792227615639566,0.0580483065817472,0.14513561401921748
1996-10-21,-0.00012483208238301497,0.05791622820837472,0.1435728866356476
1996-10-22,-0.0019686406220799394,0.05583357134676614,0.13828883662207847
1996-10-23,0.0009457567494072006,0.05683213307311785,0.13941656080015452
1996-10-24,-0.0024096471030081333,0.054285540585292225,0.1313936818340935
1996-10-25,-0.0014315344456371953,0.05277629451840715,0.12918661086878758
1996-10-28,-0.001366070039929127,0.05133812836371798,0.12329037053934933
1996-10-29,0.00460215600579422,0.056176550445287576,0.1301210221395399
1996-10-30,0.00035736141880518465,0.056553987195863575,0.12915445760292066
1996-10-31,0.0019604187042281448,0.05862527539438922,0.1361945479073834
1996-11-01,-0.0013620067951730385,0.0571834205757602,0.13377803823780487
1996-11-04,0.003082910005668231,0.06044262192087979,0.13854655438916708
1996-11-05,0.005218310481785269,0.06597634077018144,0.15048416722058167
1996-11-06,0.007050774967564438,0.07349230006969965,0.16731920425091773
1996-11-07,0.0014427900042284694,0.0750411240298563,0.17224888004373673
1996-11-08,0.002496090207101233,0.07772452365177829,0.1773557429469308
1996-11-11,-0.0011929319713348033,0.07643887161122254,0.17904728005002957
1996-11-12,-0.0018234103589832738,0.07447608182191434,0.17532585909199994
1996-11-13,0.0014084095155868657,0.0759893841598227,0.17785515101218907
1996-11-14,0.002781151343541136,0.07898187348121488,0.18550743163252092
1996-11-15,0.0006527197300780228,0.07968614623843262,0.1883105671167471
1996-11-18,-5.961731601101413e-05,0.07962177824825956,0.18734400258012784
1996-11-19,0.0028801172916634145,0.08273121560024888,0.19562450098524709
1996-11-20,0.0015010777869433351,0.08435647937721646,0.19850826545421674
1996-11-21,-0.00137977219855249,0.0828603144536515,0.19657503805294785
1996-11-22,0.003267490833223807,0.08639855060479062,0.20620882513736438
1996-11-25,0.006328528417806479,0.09327385470535687,0.21958025730478958
1996-11-26,-0.0013797280942104506,0.09176543405335402,0.21785646860779329
1996-11-27,-0.000748892572265074,0.09094781902913573,0.21630986702117228
1996-11-29,0.0007698714791554773,0.09178770864025321,0.21956413150784115
1996-12-02,-0.0010887392428367898,0.09059903651700973,0.21882303314441276
1996-12-03,-0.006529141376336231,0.08347836122269414,0.20548395089891525
1996-12-04,-0.001956245954357815,0.08135881106191789,0.20036086387074237
1996-12-05,-0.001468186249582986,0.07977117492465147,0.19920098642679918
1996-12-06,-0.00236396842816321,0.07721862995748885,0.19150032841562137
1996-12-09,0.006456930020063998,0.08417415526743377,0.20786820897459646
1996-12-10,-0.0015836912025086985,0.08245715819574939,0.2042917235330446
1996-12-11,-0.003684766030027155,0.07846855683026988,0.1933207735662794
1996-12-12,-0.006963053499164117,0.0709591225718944,0.17490698168345498
1996-12-13,-0.0005306339095196479,0.0703908353457483,0.17384376069317375
1996-12-16,-0.003270097454631187,0.06689055299962376,0.16150339625016263
1996-12-17,0.0030646464553041085,0.07016019535107154,0.169655084935753
1996-12-18,0.002519159976021942,0.07285610008313181,0.17851562039087399
1996-12-19,0.010062617449140457,0.0836518405962452,0.20142418318905353
1996-12-20,0.003090663210001631,0.08700104347242665,0.20643438963858585
1996-12-23,-0.0010426203715335008,0.0858677140406241,0.2032929074025278
1996-12-24,0.002362539576516178,0.08843311948990618,0.20991421862647597
1996-12-26,0.0022307140389152555,0.09086110252997259,0.21763090410657226
1996-12-27,0.0009902506414153829,0.09194132843644809,0.21919353316211176
1996-12-30,-0.0008399351242525082,0.09102416856107132,0.2144571702766167
1996-12-31,-0.008871739263010301,0.08134488660795491,0.19333689936322807
1997-01-02,-0.002372320187189977,0.07877959030414017,0.1873278767831792
1997-01-03,0.006263901018138087,0.08553695887819268,0.20508119928731894
1997-01-06,-8.975602117714015e-05,0.08543952539992317,0.20446900897145004
1997-01-07,0.0027790025406330366,0.08845596459871308,0.21345835414610015
1997-01-08,-0.001791042335180788,0.08650649388613663,0.20569329127515767
1997-01-09,0.004269122681379899,0.09114492340265246,0.2160681767230026
1997-01-10,0.0015139937867243278,0.09279691003709978,0.22355939602990782
1997-01-13,0.0012062765361861884,0.09411512530849442,0.2235755218268567
1997-01-14,0.006690282423096244,0.10143506450018958,0.2386383927693505
1997-01-15,-0.0010382238306880006,0.10029152836827016,0.2359641653326836
1997-01-16,0.0012002828597101327,0.10161218943045491,0.2400722121053609
1997-01-17,0.005183086090056138,0.10732194024612829,0.2504148459593083
1997-01-20,0.0020057679528777766,0.1095429711073923,0.2512687265733471
1997-01-21,0.0019328067405678295,0.11168750324089816,0.2609669185175283
1997-01-22,0.0048106416881373085,0.11703543348817003,0.2666215668768266
1997-01-23,-0.005623746392481717,0.11075350949881657,0.2526541685185115
1997-01-24,-0.0036382604937667544,0.10671229888689426,0.24131271853404734
1997-01-27,-0.0031786824329280683,0.10319441194411705,0.23245218307892612
1997-01-28,-0.0005082937208853729,0.10263366515160999,0.23245218307892612
1997-01-29,0.004765658527889133,0.10788844068107761,0.24450247983292117
1997-01-30,0.00730125239847392,0.11597741381584181,0.2633028975303935
1997-01-31,0.00220177412086721,0.11843454400505404,0.26650878462621597
1997-02-03,0.0014483335932354243,0.1200544103269714,0.2674270701000194
1997-02-04,0.0024657609939729083,0.12281619680308298,0.2715029636068296
1997-02-05,-0.0064608809410022375,0.11556181503690932,0.25381414429048466
1997-02-06,0.000621652742160694,0.1162553070982768,0.25682671847898364
1997-02-07,0.005109035943540136,0.1219582955844094,0.2719862458751392
1997-02-10,-0.0017485608867638903,0.11999648319217027,0.2653327813853241
1997-02-11,0.0029256711718818086,0.12327322461565471,0.2720346232659854
1997-02-12,0.0077740209927457836,0.13200557424440595,0.29326767642998486
1997-02-13,0.006148053775960035,0.13896520538954693,0.30784726510416904
1997-02-14,-0.0014751078957087344,0.1372851088221394,0.30246646030890756
1997-02-18,0.004983813880855401,0.14295312613397715,0.3150484167220584
1997-02-19,-0.0021028051920530403,0.14054971836606933,0.3089266118913989
1997-02-20,-0.00612343709375398,0.13356563391335596,0.29331595549280065
1997-02-21,-0.0009862605234379658,0.13244764287790134,0.2916566699835992
1997-02-24,0.005310040272430981,0.13846098546800234,0.30536635057482586
1997-02-25,0.0018140028267124427,0.14052615691374304,0.3081856118560007
1997-02-26,-0.004712490432418273,0.13515143831136434,0.29795566192463374
1997-02-27,-0.006076616931741189,0.12825355786123116,0.28086290712720907
1997-02-28,-0.0015209336391283496,0.1265375590716138,0.27401612973007006
1997-03-03,0.0034567738418844187,0.130431744637713,0.28124953294185673
1997-03-04,-0.0035837788449219897,0.1263805272656522,0.2742255684343424
1997-03-05,0.006562257944641477,0.13377212682939055,0.2920110442043493
1997-03-06,-0.0022283335606611662,0.1312457043490345,0.28648530389261007
1997-03-07,0.004542801348411915,0.13638472886013653,0.2968118119496088
1997-03-10,0.005712775018925336,0.14287663915105697,0.3107954344329029
1997-03-11,-0.0016909383337788144,0.14094410523113599,0.3070740134748733
1997-03-12,-0.004566819959965798,0.13573361891816105,0.2956680603026145
1997-03-13,-0.009983552856443697,0.12439496230285152,0.2719862458751394
1997-03-14,0.0024180718741636954,0.12711383013664745,0.27780195554786435
1997-03-17,0.0011536557164947916,0.12841413144992497,0.28189397485162315
1997-03-18,-0.0028353976527987356,0.12521462867022692,0.27214730718856583
1997-03-19,-0.0021961483492358882,0.1227434904209368,0.2658805668414286
1997-03-20,-0.003332385345221938,0.11900207646701477,0.2608542345949476
1997-03-21,0.0018282027331025937,0.12104783912155925,0.26319011527978264
1997-03-24,0.005551116799016449,0.12727090661380824,0.2741289119806807
1997-03-25,-0.0005199492377359747,0.12668478296519248,0.27119686844889523
1997-03-26,-0.000998260218800455,0.1255600583672305,0.2735005958678631
1997-03-27,-0.010928412501361003,0.11325947375433754,0.24672567659517597
1997-03-31,-0.011015223716727814,0.10099667159616676,0.21972519282126757
1997-04-01,0.0035318622746849876,0.10488524020513101,0.22378496053112906
1997-04-02,-0.0074293578128304455,0.09667665241353185,0.20843202189961918
1997-04-03,0.0007211852149538596,0.0974675594008374,0.20877036865145104
1997-04-04,0.003755696755357231,0.10158931475278887,0.22098182504690267
1997-04-07,0.00314985457095899,0.10505916089118239,0.22779635085014438
1997-04-08,0.003137694523136292,0.10852649896805233,0.23422425083873843
1997-04-09,-0.0038422857932730366,0.1042672233496007,0.2253314637897199
1997-04-10,-0.0007179302345528179,0.10347443652293231,0.22169067181643354
1997-04-11,-0.013067613711703382,0.08905465884571107,0.18835894450759305
1997-04-14,0.004326407431298771,0.0937663530148316,0.19815379290543622
1997-04-15,0.006873928623758583,0.10128482485652435,0.2158587380187298
1997-04-16,0.00491528695351302,0.10669795578824348,0.23005179920629648
1997-04-17,-0.0006181418164322009,0.10601385950361086,0.22721641212817278
1997-04-18,0.002057843101562094,0.10828986249462247,0.23457872338751895
1997-04-21,-0.003888786016209726,0.10397996037544655,0.2249609637720209
1997-04-22,0.009263587399526067,0.11420677522570988,0.24790167983606803
1997-04-23,-0.0006716190734061374,0.11345845270374988,0.2463390507805283
1997-04-24,-0.0017967805213385327,0.11145781224461193,0.2423759395243288
1997-04-25,-0.001675192626796604,0.10959590631254423,0.2330159960039493
1997-04-28,0.005577119119534223,0.11578425485659682,0.24524357819634957
1997-04-29,0.01525775994800647,0.13280862317096398,0.2792196490869263
1997-04-30,0.003789403764049751,0.137101292431556,0.2909639490110172
1997-05-01,-0.0024937551521451934,0.13426564022504373,0.2864370248297947
1997-05-02,0.008954363801237784,0.14442226741486253,0.3096998635206947
1997-05-05,0.009316943764401713,0.1550847853230959,0.3376025069714579
1997-05-06,-0.0007178315560377204,0.1542556290142918,0.3335267117926779
1997-05-07,-0.008927393875120343,0.14395113438150653,0.31396906993482876
1997-05-08,0.0028644049301161647,0.14722787365064072,0.3214441634447853
1997-05-09,0.0018334914180424668,0.14933130611151824,0.3287259440474182
1997-05-12,0.006720277989091349,0.1570551319901532,0.34947561661507764
1997-05-13,-0.0022505651821981055,0.15445110399621242,0.3421778085435263
1997-05-14,0.0017453276015503545,0.15646599937265737,0.3468657940381752
1997-05-15,0.0019756922459303597,0.15875082028030008,0.35627411494940064
1997-05-16,-0.006757053255079651,0.1509210792782989,0.33673259888850016
1997-05-19,0.00173212880290203,0.1529146228295839,0.34240337304474755
1997-05-20,0.005591918318534865,0.1593616272286913,0.35591964240062035
1997-05-21,-0.0038954949474940596,0.15484533986750337,0.3521982214425907
1997-05-22,-0.00224993104353849,0.15224701748684977,0.3462536037223065
1997-05-23,0.006761547518207142,0.16003799044829958,0.36457083747949914
1997-05-27,0.00028976463952526063,0.16037412843843746,0.36888832295644924
1997-05-28,-0.000968055094673918,0.15925082235167487,0.36486080684048505
1997-05-29,-0.0019053219417182192,0.15704207632389333,0.35981834879705543
1997-05-30,0.0027379441240150296,0.1602099928780023,0.36658459553748113
1997-06-02,-0.000557821935841168,0.15956280229379272,0.3634913923642389
1997-06-03,0.0010022591369507824,0.16072498470725982,0.36207369882517715
1997-06-04,-0.0029934940926520655,0.15725036132234504,0.3534226020743285
1997-06-05,0.002782969976765882,0.16047095433350655,0.3587711552756925
1997-06-06,0.009682280064676852,0.17170695912028622,0.38225965679584384
1997-06-09,0.0024684890375777035,0.17459930490412812,0.39015352938631565
1997-06-10,0.0018815792571384184,0.17680940659168498,0.39395557932908876
1997-06-11,0.0037489575503482776,0.18122121510184774,0.40088288738294087
1997-06-12,0.00798996114409559,0.19065912671309304,0.42325979052196483
1997-06-13,0.005003155124830414,0.19661617902483375,0.4390637598278868
1997-06-16,0.00034825922680421014,0.19703291165012238,0.44007870175535224
1997-06-17,0.0005474327285470597,0.1976882066431076,0.44091635824441244
1997-06-18,-0.0016939540853599384,0.1956593778124771,0.4322813872905127
1997-06-19,0.0051020783868803285,0.2017597256820849,0.44666766305737293
1997-06-20,0.0010903401088993786,0.20307005251225596,0.44781151303239763
1997-06-23,-0.011619768321556881,0.1890906572274602,0.4154624760571253
1997-06-24,0.00994816243584673,0.2009199242365065,0.4440095614176549
1997-06-25,-0.004696712759827876,0.1952795483048133,0.4321686050399023
1997-06-26,-0.0029348501336893132,0.19177158196267485,0.4236141647427156
1997-06-27,0.002237080940982047,0.19443767145468738,0.42944600021238943
1997-06-30,-0.0013082890443560304,0.1928750017349572,0.4259662695525297
1997-07-01,0.0046344812170751315,0.1984033585248164,0.43545512112046825
1997-07-02,0.00964088345154292,0.2099570256322918,0.4563982049234818
1997-07-03,0.008735046388405665,0.22052605637916733,0.47716400328808994
1997-07-07,-0.002526902291973526,0.21744190628988935,0.46956010005860405
1997-07-08,0.0034338268476341322,0.22162239099314252,0.48011217261682426
1997-07-09,-0.008839715761319287,0.21082359628909986,0.4620527549547502
1997-07-10,0.004617464432235902,0.2164145311786767,0.47210551777574183
1997-07-11,0.0014049177748673373,0.2181234935751366,0.47677737747344207
1997-07-14,-0.0005907081183790711,0.2174039381382935,0.4795161080979038
1997-07-15,0.004921153980943562,0.223394970374879,0.49140534353847243
1997-07-16,0.007345579571460353,0.23238151547709207,0.5088525708846774
1997-07-17,-0.0032383590549602288,0.22839062163728108,0.5008296919186164
1997-07-18,-0.01082718283031967,0.21509061178976419,0.4745541807111875
1997-07-21,-0.0026528580020572182,0.21186714893705316,0.47075222909644454
1997-07-22,0.016254861276529732,0.23156588132860856,0.5046477693303077
1997-07-23,0.0005312131805841737,0.23222010535752813,0.5088041934938312
1997-07-24,0.004445244643740077,0.23769762518077764,0.5148293418708287
1997-07-25,-0.0026721307599557385,0.23439033528500786,0.5123967064043016
1997-07-28,-0.0013912373675624562,0.2326730053244015,0.5086270063834561
1997-07-29,0.005163908869993865,0.23903841639039825,0.5180352289666514
1997-07-30,0.0073342463412664136,0.24812582936249816,0.5341452934305082
1997-07-31,0.0017746241201865923,0.2503407835643128,0.5373995579171766
1997-08-01,-0.005942899128839505,0.2429101344109159,0.5258486692284399
1997-08-04,0.0003184503649536826,0.24330593959682356,0.5309394063346853
1997-08-05,0.0013317298842862669,0.24496168727189538,0.5342742014780673
1997-08-06,0.0052000130531841705,0.25143550429642336,0.5470817223924391
1997-08-07,-0.007924434102370839,0.24151858610925903,0.5323732256706957
1997-08-08,-0.013012015717394859,0.22536392675336758,0.5039389225607767
1997-08-11,0.0031728695983888684,0.2292518467035256,0.5095130402633616
1997-08-12,-0.00774905965508981,0.21972630081229072,0.4926458499671582
1997-08-13,-0.0008978286545389279,0.2186311955887268,0.48538019516147424
1997-08-14,0.002130598101710811,0.22122760890073367,0.48981046288903474
1997-08-15,-0.01685639929594427,0.20064210869387167,0.4512107130355434
1997-08-18,0.007651743277390829,0.20982911387762226,0.47002725652996413
1997-08-19,0.008513812950717101,0.22012937265550825,0.49180809515006785
1997-08-20,0.00928868159697525,0.2314627659052224,0.5132988660811555
1997-08-21,-0.008968743934258843,0.22041809169324433,0.4902614935634466
1997-08-22,-0.002799892368151574,0.21700105239235823,0.48782885809691945
1997-08-25,-0.0025484163356382134,0.2138996270299527,0.4823836484418935
1997-08-26,-0.005126154426202338,0.20767699008388774,0.4708811371440029
1997-08-27,0.001152647118726684,0.2090690154868604,0.47197660972818145
1997-08-28,-0.006371419394356904,0.20136552971247146,0.45581816787347873
1997-08-29,-0.0056856676345302185,0.19453496460294506,0.44905192113305303
1997-09-02,0.019432464297899802,0.21774772265518472,0.494337387070257
1997-09-03,0.0012628710108171298,0.2192855809526144,0.4947884177446693
1997-09-04,0.001783929191935021,0.22146070009378116,0.49963756288077477
1997-09-05,-0.0018946522858964776,0.2191464567862158,0.4967055193489891
1997-09-08,0.0019207928070064197,0.2214881845310981,0.5001692225399306
1997-09-09,0.0025687636907611886,0.22462589902821528,0.5040678306083355
1997-09-10,-0.010751546115188818,0.21145927720095892,0.48056330161926564
1997-09-11,-0.006359384815195466,0.20375514146929952,0.4701884161714207
1997-09-12,0.009988501675553655,0.21577885171682198,0.4884249226158397
1997-09-15,-0.0025263344877820234,0.21270738767421382,0.48175543065710613
1997-09-16,0.0203624781645215,0.23740111537568387,0.5234321595588605
1997-09-17,-0.0009167040144732203,0.2362667848057054,0.519179078941675
1997-09-18,0.0016118574218727032,0.23825947059820907,0.5260902611985785
1997-09-19,0.0018579954642475593,0.2405601510781421,0.531277753086516
1997-09-22,0.005126510261379513,0.2469198954225027,0.5392038772708851
1997-09-23,-0.0012712623408966189,0.24533473311733744,0.5335653547085355
1997-09-24,-0.005747639850026814,0.23817699757864985,0.5215633370173565
1997-09-25,-0.006426632046369358,0.2302196896069335,0.510979012865239
1997-09-26,0.005830176723573364,0.2373920878061615,0.522755466055197
1997-09-29,0.005140238455182647,0.24375257820004137,0.5358369288616363
1997-09-30,-0.0041457989185943395,0.23859623010634068,0.5260742337296602
1997-10-01,0.006028047482283689,0.24606254699279906,0.5391716256769878
1997-10-02,0.003937822078218809,0.25096931960118907,0.5473072868936595
1997-10-03,0.005472011285113886,0.25781463783537806,0.5546695981530056
1997-10-06,0.006990597511618346,0.2666075137127073,0.5670098642679866
1997-10-07,0.008662619223560694,0.2775796523097014,0.5838126497044251
1997-10-08,-0.006915002774712284,0.2687451854690639,0.568862561012542
1997-10-09,-0.002484934438136467,0.265592436864472,0.5636750691246044
1997-10-10,-0.0032488357029080497,0.26148073497025637,0.5578109820610333
1997-10-13,0.003050727951530262,0.26532916950874696,0.5596153014147427
1997-10-14,0.0015205383401556052,0.26725315102390224,0.5631273819965301
1997-10-15,-0.0030114410202936822,0.2634368929018125,0.5557810982061024
1997-10-16,-0.006707241740089535,0.25496271623777234,0.538913907909899
1997-10-17,-0.007645089173297381,0.24536841436297108,0.5210478031551486
1997-10-20,0.007518882081321781,0.25473219261836877,0.5394938466318706
1997-10-21,0.011523859827208778,0.269191550526789,0.566349394889301
1997-10-22,-0.001441487778118066,0.26736202641861406,0.5602436175275602
1997-10-23,-0.01220878717935576,0.2518890731588721,0.5315677224475015
1997-10-24,-0.00760929985623943,0.24236307381445643,0.5169881337733173
1997-10-27,-0.04263881562870549,0.18939018376617,0.4128365276832724
1997-10-28,0.02938312659886963,0.22433818611122414,0.48510625326940593
1997-10-29,-0.0003123985432785716,0.2239557046454026,0.4807726419955072
1997-10-30,-0.01079202225431798,0.21074674744256994,0.45583429367042694
1997-10-31,0.006933807782174696,0.21914183266223008,0.4734587081270072
1997-11-03,0.016915046458022262,0.2397636734006301,0.512718927359183
1997-11-04,0.0017948543182162492,0.24198886858340085,0.5155704402342554
1997-11-05,0.0026934666704359024,0.24533412420598255,0.5187924531270267
1997-11-06,-0.003868968256519837,0.2405159660106686,0.5111724241005922
1997-11-07,-0.006735373842982885,0.23216062722139785,0.49422460481964525
1997-11-10,-0.0053500583428832005,0.2255684959779598,0.4839463758254623
1997-11-11,0.0015584539025967736,0.2274784879834164,0.4882155822395964
1997-11-12,-0.012846599782033577,0.21170956310723765,0.45950743556564033
1997-11-13,0.006981445895680189,0.22016904786334912,0.47674512587954254
1997-11-14,0.008634446982590645,0.2307045328169235,0.49557779517091194
1997-11-17,0.013616802901870194,0.24746279387072967,0.5243343192357142
1997-11-18,-0.006237778882824756,0.23968139679801337,0.5114945467274448
1997-11-19,0.00650677555575202,0.24774772540761902,0.5217406224557604
1997-11-20,0.01109326609563015,0.2615893229457831,0.5449229304899472
1997-11-21,0.003280067887800852,0.2657274215715699,0.5515442417138954
1997-11-24,-0.01268163819517934,0.24967592435748198,0.5250914450680613
1997-11-25,0.002342370174105728,0.25260312796999496,0.5317771611517736
1997-11-26,0.0008612707483253265,0.25368195840337626,0.5330981982371734
1997-11-28,0.003998293504433943,0.2586945468342867,0.5391555982080685
1997-12-01,0.017971191788928934,0.2813147879391247,0.5703607852083161
1997-12-02,-0.0008299745679167553,0.28025132925163954,0.5653827320246512
1997-12-03,0.0049605570867106204,0.2866020890557295,0.5735827981010873
1997-12-04,-0.0027045891653136914,0.28312235898559934,0.5676703336466702
1997-12-05,0.0038122910085455204,0.2880139948176237,0.5848919964916541
1997-12-08,-0.0010894613117334272,0.2866107534012987,0.5826043948696349
1997-12-09,-0.005493271794825244,0.27954305083872044,0.5719879174516502
1997-12-10,-0.004053914603034722,0.2743558925797138,0.5623379062422549
1997-12-11,-0.009705856588925699,0.26198717704308283,0.5384144998446398
1997-12-12,0.0010532459844926545,0.26331635996978475,0.535917459518348
1997-12-15,0.008910397612821131,0.27457301104789744,0.5520275239822048
1997-12-16,0.0029258418064070655,0.2783022100489396,0.5595186449610801
1997-12-17,0.0005106548233401027,0.2789549812381873,0.5554911288451159
1997-12-18,-0.006457939548842629,0.27069556728365995,0.5389944385666117
1997-12-19,-0.007744725302477299,0.2608543791719724,0.5252687305064665
1997-12-22,0.0033864634366452618,0.26512421642597217,0.536416867583607
1997-12-23,-0.007975188013525605,0.2550346129395109,0.5129444918604043
1997-12-24,-0.006262484954882304,0.24717497755812068,0.5025857322095082
1997-12-26,0.002389582471649836,0.2501552050235738,0.5086431321804032
1997-12-29,0.012164428273955759,0.26536262834639546,0.5358529563305541
1997-12-30,0.013224622327739348,0.2820965712139121,0.5640295416733845
1997-12-31,-0.0006939735845223446,0.2812068300606829,0.5633689739666696
1998-01-02,0.0030745860805953627,0.28514601074675117,0.5707956900857802
1998-01-05,0.0003918810680670457,0.28564963513806463,0.5740660803693975
1998-01-06,-0.005528170535896776,0.2785423447056079,0.5571666384792968
1998-01-07,-0.003473822413401358,0.27410091565208683,0.5530102143157734
1998-01-08,-0.0064513753782978935,0.2658812123753822,0.5402026934014013
1998-01-09,-0.020738339090949062,0.2396289385442798,0.49451457418063116
1998-01-12,0.006394316205172499,0.24755551795441422,0.5130733999079635
1998-01-13,0.0086763262784417,0.258379716678657,0.5338714498664692
1998-01-14,0.0039733225775803885,0.2633796652181055,0.5432475191837975
1998-01-15,-0.005538218041459904,0.25638279316298096,0.531632127307266
1998-01-16,0.007775877161215346,0.2661522714300808,0.5489988239967578
1998-01-20,0.01105495374376459,0.2801495262233027,0.5765308691017916
1998-01-21,-0.005418341613770838,0.273213238773518,0.5639811642825381
1998-01-22,-0.0064518253294502375,0.26499868934980775,0.5514636127291519
1998-01-23,-0.002973246203183735,0.261237536799666,0.5426837062587742
1998-01-26,0.000700436588459457,0.26212095371717914,0.5416526385343601
1998-01-27,0.010098968956806235,0.27486707404850375,0.5610974981415988
1998-01-28,0.0055233328351118865,0.28190858921899875,0.5746943964822149
1998-01-29,0.004113303247340681,0.287181467981827,0.5876307271161159
1998-01-30,-0.0036151211803336384,0.28252815099399275,0.579237446460386
1998-02-02,0.0150115992506026,0.3017809496243309,0.6130524560375363
1998-02-03,0.004573725196020307,0.30773493795332696,0.6206724850639707
1998-02-04,-0.0004066932619479352,0.30720309096564735,0.6221224301969299
1998-02-05,-0.00265931594190892,0.3037268249465297,0.6167093738077711
1998-02-06,0.005982201738211268,0.31152598182487745,0.6310796221057131
1998-02-09,-0.0010692508786339535,0.31012363151645994,0.6283086398873541
1998-02-10,0.005665998495305214,0.3175467900412958,0.6416316946639329
1998-02-11,0.0016616416787072466,0.31973608070127524,0.6432427011103188
1998-02-12,0.004030350294495796,0.32505507940278644,0.6498961656001339
1998-02-13,-0.0028936121360010154,0.3212208839441568,0.643371609157878
1998-02-17,0.0020446222366140156,0.3239222815429479,0.6476729688378793
1998-02-18,0.005773172969047575,0.3315655138718714,0.6626874623895269
1998-02-19,-0.004500176332598469,0.3255732342610409,0.6565657558868976
1998-02-20,0.004943875107942515,0.3321267027776589,0.6661189139865709
1998-02-23,0.00329199672372884,0.3365120595187947,0.6724502558495331
1998-02-24,-0.00532226489425593,0.3293987883036682,0.6602388977821116
1998-02-25,0.009412077717865876,0.3419111930172192,0.6801186622668138
1998-02-26,0.003269717033270706,0.34629886290216416,0.6894142009274287
1998-02-27,-0.0009498410234851831,0.3450200930123082,0.6904934493866284
1998-03-02,-0.0017789261374246221,0.34262740161348737,0.6878513752158288
1998-03-03,0.003914138060713433,0.3478826306274996,0.6948110331916089
1998-03-04,-0.0048930320888578155,0.3412873976638251,0.6872553106969088
1998-03-05,-0.005661642194050747,0.333693508338863,0.6674723009938988
1998-03-06,0.011893173931957868,0.34955535720546016,0.7007233009899656
1998-03-09,-0.0007184832006966973,0.3485857243528978,0.695278287991
1998-03-10,0.008133312783204944,0.35955419386402476,0.714513610565936
1998-03-11,0.0035722004163924125,0.36441079392145403,0.721312010572229
1998-03-12,0.001080220109757254,0.3658846578990178,0.7236480879131244
1998-03-13,0.00029336538640140016,0.3662853611794621,0.7215375750734503
1998-03-16,0.007269138430950364,0.3762170786060568,0.7387109588556182
1998-03-17,0.00214208910353821,0.37916505821424207,0.7406118363349596
1998-03-18,0.001476869834571156,0.38120190548561306,0.7487797491455286
1998-03-19,0.003839642348800008,0.3865052268141589,0.7555781491518214
1998-03-20,0.009140686291044507,0.3991788361333608,0.7707539006729562
1998-03-23,-0.003125369473334508,0.3948058853111738,0.7649381910002313
1998-03-24,0.0057259010490004845,0.402792405793029,0.7812093167775143
1998-03-25,-0.0027584913598734766,0.3989228150619528,0.775216419994414
1998-03-26,-0.0017700804521655364,0.3964466091329233,0.7733959748437558
1998-03-27,-0.004197952231372891,0.3905843929741206,0.7647608072337957
1998-03-30,-0.0028109110818860432,0.386675583893612,0.7617966104361429
1998-03-31,0.006025924379445794,0.39503158610097877,0.774926352305398
1998-04-01,0.002815980559730401,0.39895996792764876,0.7852368328934782
1998-04-02,0.007826853153543497,0.40990942216430426,0.8043433457488849
1998-04-03,0.002500161739384486,0.4134344237575971,0.8086768586947533
1998-04-06,0.008751495131591347,0.4258040882359355,0.8065504167141908
1998-04-07,-0.010353354633369359,0.411042232872721,0.7874922812496301
1998-04-08,-0.0071317012122082005,0.40097910127006564,0.7747652909919713
1998-04-09,0.0058076629684602095,0.4091155157160986,0.7892966006033397
1998-04-13,-0.00015165719777080486,0.4089018132056499,0.787717649094791
1998-04-14,0.0026721749374656045,0.4126666453202479,0.797480442554797
1998-04-15,-9.957860273965573e-05,0.4125259739495699,0.8032316490397271
1998-04-16,-0.005684365490045359,0.40449666004945817,0.7852690844873753
1998-04-17,0.012338518873120815,0.4218260685967137,0.8087091102886506
1998-04-20,-0.0013723981372761656,0.41987475714864075,0.8102074328124556
1998-04-21,0.003153572035958301,0.42435243447734794,0.8150727037455097
1998-04-22,0.004517112278082344,0.4307863943474419,0.8213072908267798
1998-04-23,-0.008914001429562026,0.41803236238283104,0.8036505264482718
1998-04-24,-0.009664967677011096,0.40432712543544524,0.7848340812818813
1998-04-27,-0.014581678085284544,0.3838496793659125,0.7504230071858109
1998-04-28,-0.0015366269701359019,0.3817232186259849,0.7481191814388128
1998-04-29,0.005282585253320822,0.3890222893248696,0.7634398684764252
1998-04-30,0.012081292531674254,0.4058034739352192,0.7910364167692538
1998-05-01,0.0052219740969574446,0.4131445432615217,0.805938226398321
1998-05-04,-0.00023087664534751846,0.4128182811899823,0.8076619167672869
1998-05-05,-0.0052133854436875425,0.40545271492825075,0.7970776909431998
1998-05-06,-0.008377161539127386,0.3936790104996917,0.7800333135366213
1998-05-07,-0.00627402043720685,0.3849350399049105,0.7642776232935151
1998-05-08,0.007549489080765775,0.39539059186624237,0.7852207070965285
1998-05-11,-0.0035453507683427536,0.39044344275923115,0.78280419742695
1998-05-12,0.006284392094057111,0.39918153453814087,0.7975449457425909
1998-05-13,0.0001833020564197417,0.3994380073907262,0.8024906490043284
1998-05-14,-0.002390420875629402,0.3960927615637102,0.8000902651316986
1998-05-15,-0.0029503370853360186,0.3919738173146996,0.7861711458361993
1998-05-18,-0.0007175985584002273,0.39097493891006363,0.7814830620135202
1998-05-19,0.0025118341594540156,0.39446883727656257,0.7874439038587833
1998-05-20,0.007491352965059446,0.4049152955353774,0.8028129682872416
1998-05-21,-0.0035262772250789437,0.399961174725566,0.7956922489980354
1998-05-22,-0.003944062452326402,0.39443964042161617,0.7889742813204255
1998-05-26,-0.009840881171638265,0.380717125619205,0.7624733039398055
1998-05-27,-0.001994121147532759,0.37796380840024724,0.7595895394708359
1998-05-28,0.004174626605222878,0.3837162927758293,0.7682406362216845
1998-05-29,-0.0034855920151446755,0.3788932223145043,0.7573179653177351
1998-06-01,0.002523141857165613,0.38237236552028797,0.7575757814128536
1998-06-02,0.0029157734282993127,0.3864030501316875,0.7611844201202729
1998-06-03,-0.006760573050776774,0.3770301710334525,0.7442849782301721
1998-06-04,0.008504196727732847,0.38874070650794446,0.7637781169002267
1998-06-05,0.012004455321553007,0.405411782272441,0.7944356167724
1998-06-08,0.001800335756233517,0.40794199535629794,0.7974320651639499
1998-06-09,0.00268376756857616,0.41172058442187165,0.8017657747658788
1998-06-10,-0.00354863573091187,0.40671090231392837,0.7918902973832922
1998-06-11,-0.010810868871100263,0.39150313520946534,0.7633753652886297
1998-06-12,0.003844422859805745,0.3968526616719561,0.7702382684827174
1998-06-15,-0.014240188732693067,0.3769612161379827,0.7350700685543001
1998-06-16,0.004247051210480714,0.38280924093776636,0.7521144459608786
1998-06-17,0.012593561174042998,0.4002237337055483,0.7835613232592962
1998-06-18,-0.0001159820198576505,0.40006133292866064,0.7823691942214555
1998-06-19,-0.0014524058444158599,0.39802787566617437,0.7731542845455841
1998-06-22,-0.0004814777329093721,0.3973547563740545,0.7772783587871799
1998-06-23,0.008891861132339945,0.40977984082034724,0.8035055909317927
1998-06-24,0.010459511212729995,0.42452544887288823,0.8250769908476239
1998-06-25,-0.0030112173901636974,0.4202358930685113,0.8192774069718476
1998-06-26,0.0033244883102999216,0.42495745069288593,0.8255924263818009
1998-06-29,0.0032099724958413027,0.42953152491735413,0.8341147134131204
1998-06-30,-0.001963799278364058,0.42672421194032273,0.8266234941062149
1998-07-01,0.011164585550817896,0.4426529964619539,0.8503376584556177
1998-07-02,0.0013112360352797042,0.4445446550573189,0.8468900810616251
1998-07-06,0.008353029256467226,0.45661097882328616,0.8644660197993292
1998-07-07,-0.0011761716515451969,0.4548977542826649,0.8601647584473582
1998-07-08,0.01281970384489315,0.4735491126171687,0.8790457068015436
1998-07-09,-0.006058813699246094,0.4646211530671318,0.8664477229194743
1998-07-10,0.006957190451622746,0.4748108013684953,0.8757430649240288
1998-07-13,0.0018326614263705406,0.477513630235358,0.8771285068691934
1998-07-14,0.009706213264214126,0.4918546926312055,0.8970889003386391
1998-07-15,-0.006195992356745142,0.4826111723582882,0.8926265776732414
1998-07-16,0.0047986315726636425,0.4897256771399505,0.907415506723668
1998-07-17,0.004199124552861015,0.4959812208078562,0.9118619002481771
1998-07-20,-0.0010352033439078121,0.4944325760456527,0.9075926938340431
1998-07-21,-0.01934402428492353,0.46552423600244475,0.8769351939618695
1998-07-22,0.002172395132598015,0.46870793371944086,0.8753403133124324
1998-07-23,-0.018851145137007537,0.44102110729702115,0.836144597268051
1998-07-24,0.0006689951742739936,0.4419851434638298,0.8378362326991802
1998-07-27,0.008820269825484055,0.45470384151352006,0.8482593972098411
1998-07-28,-0.014552478903209785,0.43353429454947645,0.8208239102304389
1998-07-29,-0.00223235773656417,0.4303341331764088,0.8127205006076645
1998-07-30,0.015697462392955573,0.45278674944130604,0.8412997392340613
1998-07-31,-0.017362555730137313,0.4275626585401262,0.8054066650671947
1998-08-03,-0.0067482700231163515,0.41792908024537945,0.79214791682235
1998-08-04,-0.03870722917177054,0.3630449743870039,0.7271922234327468
1998-08-05,0.008022502265550778,0.373980005782071,0.7421907878435061
1998-08-06,0.007367276349328214,0.3841024961831192,0.7554009620414444
1998-08-07,-0.006189714908546752,0.3755352963275378,0.7551108943524285
1998-08-10,-0.006490005809714488,0.3666080642629048,0.7449455459368866
1998-08-11,-0.015448533955239142,0.3454959731786358,0.7221336395923688
1998-08-12,0.012259638937198293,0.36199126800126,0.7466853621028011
1998-08-13,-0.008018848319732602,0.35106966661035766,0.7316869943481021
1998-08-14,-0.012768682992415292,0.3338182863367418,0.7120971008963557
1998-08-17,0.02262267536779731,0.3639928244281698,0.7457994265509253
1998-08-18,0.01634797333447278,0.3862913427503336,0.7740402200974601
1998-08-19,-0.005022744161442409,0.3793283560024763,0.7689818329131421
1998-08-20,-0.014565961723243719,0.3592371119651594,0.7585745975433698
1998-08-21,-0.007623004604106039,0.3488756412025773,0.7418845943575416
1998-08-24,0.004930314211102428,0.35552602194540817,0.7530005781688149
1998-08-25,0.005965329109539873,0.36361218078285784,0.760588355601352
1998-08-26,-0.005906362371394103,0.3555581931091074,0.7466369847119554
1998-08-27,-0.03879437215480594,0.3029701640881364,0.6796191558735241
1998-08-28,-0.014809266570809089,0.2836741315943443,0.6547291849392898
1998-08-31,-0.06054736596986607,0.20595104416265153,0.542184298193515
1998-09-01,0.027976813707617638,0.2396897118656971,0.601759285115887
1998-09-02,-0.005107268472153273,0.23335828368503275,0.5956696335510947
1998-09-03,-0.011850589664444827,0.21874226075583736,0.5824272077592592
1998-09-04,-0.0139917627442021,0.20168990819700916,0.5689430916692537
1998-09-08,0.04493549934910547,0.25568844428462256,0.6488006930159542
1998-09-09,-0.014642966637143913,0.23730144028831557,0.620994706018853
1998-09-10,-0.02451840181980987,0.206964786403097,0.5790924126158774
1998-09-11,0.028426487484338847,0.2412745557978222,0.6256021608567888
1998-09-14,0.019125091962196618,0.2650140458277903,0.6588855107747831
1998-09-15,0.009547020831740034,0.27709116127575206,0.671709255814134
1998-09-16,0.005784485766112403,0.2844784769201796,0.6842749881023058
1998-09-17,-0.024366415957774844,0.25318034006273327,0.6414061301627108
1998-09-18,-0.00024292118101990664,0.25287591601449444,0.643371609157877
1998-09-21,0.002664694882268051,0.2562144480560151,0.6494934139885364
1998-09-22,0.006653199528987475,0.2645722934301289,0.6587405752583051
1998-09-23,0.032790422217007203,0.30603815285563196,0.717477807363587
1998-09-24,-0.021053688847713352,0.2785412319621672,0.6798285945777967
1998-09-25,-0.0006372012327148621,0.27772654391308427,0.6830989848614142
1998-09-28,0.00495373040410375,0.2840560567417971,0.6894462558652648
1998-09-29,0.0014202975564654493,0.2858797984215522,0.6899780138524505
1998-09-30,-0.023659754761793318,0.2554561977377541,0.6384096817711609
1998-10-01,-0.025666868979196657,0.22323256800129876,0.5890806722490745
1998-10-02,0.019676179224741012,0.2473011112428325,0.6151950238150465
1998-10-05,-0.01439145210600835,0.22935063703861025,0.5925765287058828
1998-10-06,-0.0033990982235796597,0.22517195347209573,0.5861808803111863
1998-10-07,-0.01675998768213593,0.204638086623405,0.5637717255782648
1998-10-08,-0.009726916791087805,0.19292067219144382,0.545664028853375
1998-10-09,0.019178946722637404,0.21579963420773618,0.5858586593563031
1998-10-12,0.008093416511839672,0.22563960704232167,0.6073172770215236
1998-10-13,-4.1523444431032194e-05,0.22558871426420635,0.6026291931988446
1998-10-14,0.00959200308277599,0.23734456498964418,0.6199153592316231
1998-10-15,0.04417169794620594,0.2920001753697463,0.687513126792026
1998-10-16,0.01323512495869948,0.3090999591374266,0.7018995008869167
1998-10-19,0.00341838556238146,0.3135749675374562,0.7115171621743848
1998-10-20,0.008319450464843905,0.32450318941174294,0.7139981750317581
1998-10-21,0.0013656383807906878,0.3263119818026834,0.7236480879131233
1998-10-22,0.0070608963932736295,0.3356769332913496,0.7374382008330331
1998-10-23,-0.005012486751208152,0.32898187035933235,0.7248563427479127
1998-10-26,-0.0007624831702522342,0.3279685440496132,0.7275143460596007
1998-10-27,-0.008505255729705966,0.3166738319814659,0.7162695525287985
1998-10-28,-0.0005582067424027411,0.31593885577090863,0.720699820256359
1998-10-29,0.017065628829002314,0.3383961798451569,0.7494403168522428
1998-10-30,0.014006734919966141,0.3571427403541434,0.7699645232467112
1998-11-02,0.009675952762646494,0.37027438940197865,0.7907947264710842
1998-11-03,-0.0013403727645249414,0.36843771093049815,0.7895703458393462
1998-11-04,0.0044527623201906594,0.37453103880725735,0.8021846521744247
1998-11-05,0.014316638358832009,0.3942097026028506,0.8266396199031651
1998-11-06,0.006272243388515734,0.402954525192206,0.8381744811229834
1998-11-09,-0.012032644118976223,0.386073272675461,0.8207594070426456
1998-11-10,-0.001023189135718824,0.3846550575615493,0.8176341489315664
1998-11-11,-0.009728235921997244,0.37118480649100394,0.8058898490074757
1998-11-12,-0.0036931381087589236,0.3661208316280007,0.8006057006658762
1998-11-13,0.01056924651813502,0.38055969947103674,0.8135421296278076
1998-11-16,0.009439395062252724,0.3935913478813686,0.829893884389834
1998-11-17,0.0070377023684440616,0.40339902901099634,0.8354517779674404
1998-11-18,0.002453650448622696,0.40684247966812603,0.8437646262944871
1998-11-19,0.005555215006230612,0.41465779212258114,0.8568621165698451
1998-11-20,0.011307431571313248,0.43065393830383236,0.8744866293544558
1998-11-23,0.02463762304061015,0.4659018507373267,0.9142139067299626
1998-11-24,-0.001404616928013487,0.46384282018297474,0.9058045002772839
1998-11-25,0.005087770321360704,0.4712905162386387,0.9120552131555029
1998-11-27,0.0013503918654645354,0.47327733498350244,0.9208512454228295
1998-11-30,-0.02467688341305151,0.4369214419530234,0.8746154390739853
1998-12-01,0.00705194538154842,0.44705453347925217,0.8933837035055903
1998-12-02,-0.0038184510840032623,0.44152902652727644,0.8868913003292014
1998-12-03,-0.018121809967426683,0.41540591144601957,0.8528829778447273
1998-12-04,0.024375294482926496,0.4499068473503913,0.8957357099873735
1998-12-07,0.005186918248364116,0.4574273956353412,0.9133922777098211
1998-12-08,-0.006839520877452822,0.44745929053552147,0.9032108034973303
1998-12-09,-0.001615498105465157,0.44512092279392346,0.9066100035004765
1998-12-10,-0.014560977505156874,0.42407854954488955,0.8768547616331879
1998-12-11,-0.0007683828933732579,0.4229843119485994,0.8791745165210743
1998-12-14,-0.021002590315618234,0.3930979554191911,0.8384804779528878
1998-12-15,0.021618448778978616,0.4232145722125207,0.873326555254452
1998-12-16,0.0013025852665524704,0.42506843054542753,0.8718927359184414
1998-12-17,0.019981691844539132,0.45354370878196737,0.900955355141178
1998-12-18,0.006492536237745771,0.4629808939843816,0.9139240356970066
1998-12-21,0.012045476905259717,0.4806031965557067,0.9377829389068266
1998-12-22,-0.0035515987227298946,0.4753446881339496,0.9389589421477185
1998-12-23,0.017853329997643413,0.5016845037114752,0.9791859225725743
1998-12-24,-0.00010497873831683273,0.5015268587669257,0.9755289064743091
1998-12-28,-0.0009800690277648,0.5000552587982912,0.974272274248674
1998-12-29,0.00949603986909532,0.5142998433416859,1.000564009581082
1998-12-30,-0.0078360972737854,0.5024336424675824,0.9846472580245493
1998-12-31,-0.005638125156791451,0.49396273355157616,0.980297422625672
1999-01-04,-0.0013986597119052299,0.49187318806506974,0.9784769774750137
1999-01-05,0.01112464582000659,0.5084697488906575,1.0053486515293932
1999-01-06,0.021912755434930528,0.5415244775790895,1.0497478869306303
1999-01-07,0.009272182255024828,0.5558177734857848,1.0455431837042908
1999-01-08,0.004355107277813114,0.5625935267940438,1.054178154658191
1999-01-11,-0.01241999884957284,0.5431861169889118,1.0361188353241468
1999-01-12,-0.0194930456145782,0.5131047196186631,0.9968586160919708
1999-01-13,-0.00678671603952933,0.5028357075485397,0.9886263967496673
1999-01-14,-0.01761260565518654,0.47636685486695396,0.9528458098493209
1999-01-15,0.021891888855212663,0.5086873139632211,1.0028998902659172
1999-01-19,0.005046303468995933,0.516300607989304,1.016980070874843
1999-01-20,0.005386390731554181,0.5244679955304274,1.0244229127909024
1999-01-21,-0.01327638523987079,0.504228571135912,0.9898507773814054
1999-01-22,-0.009851309975535915,0.4894099492075945,0.9737888936523347
1999-01-25,0.005682294630924102,0.49787321536522167,0.9879497032460041
1999-01-26,0.01374164850056889,0.5184564625891874,1.0174795772681318
1999-01-27,-0.009721030022311178,0.5036955017287854,1.0027549547494394
1999-01-28,0.017822767955976596,0.5304955177325434,1.0385192191967771
1999-01-29,0.012961021681912351,0.5503323033219445,1.0615083126516698
1999-02-01,-0.008926131535915226,0.5364938332581144,1.0508112062489419
1999-02-02,-0.007365901414018819,0.5251761711590872,1.033074009541751
1999-02-03,0.009025186069514437,0.5389411698925877,1.0493128837251366
1999-02-04,-0.015055288847781493,0.5157719660601119,1.0113254225155446
1999-02-05,-0.006245437357611544,0.5063053071976598,0.9966814289815957
1999-02-08,0.0014609382836869589,0.5085059262878657,1.0037215192860582
1999-02-09,-0.01954235351284086,0.47902617020013283,0.95920940330618
1999-02-10,0.007861081660450455,0.4906529157020194,0.9711470161375948
1999-02-11,0.0251128980745473,0.5280875304385708,1.0202665869554086
1999-02-12,-0.015931139714790463,0.503743354494725,0.9817473677586306
1999-02-16,0.013093605504423518,0.5234327767583773,1.0006605677067135
1999-02-17,-0.007811282436067454,0.5115328130667551,0.9719202677668903
1999-02-18,0.01017836541962661,0.5269177463819046,0.9932661031815004
1999-02-19,0.0014890012505389331,0.5291913288157373,0.9963913612925797
1999-02-22,0.024194749772837705,0.5661897303712271,1.0494257643037774
1999-02-23,0.001092656376914889,0.5679010375675759,1.0478792610451864
1999-02-24,-0.016275312139051496,0.5423829587780209,1.0192516450279436
1999-02-25,-0.007051590984204203,0.5315067050117117,1.0057352773440407
1999-02-26,0.0008348556625419699,0.5327852920566116,0.9949575419565693
1999-03-01,0.0010012180042067807,0.5343199442876019,0.9914617838277908
1999-03-02,-0.007446466514255593,0.5228946822003098,0.9742884000456229
1999-03-03,-0.004188502241219047,0.5165160344107733,0.9778325355652471
1999-03-04,0.01811071891476477,0.5439812300397204,1.008345099920943
1999-03-05,0.02321696136426525,0.5798277826047034,1.0547903449740597
1999-03-08,0.0028961203883791148,0.5844031540560326,1.0664862675073046
1999-03-09,-0.000533738454432059,0.5835574971653894,1.0618304352785226
1999-03-10,0.006461903811937324,0.5937902933927444,1.0731074804032223
1999-03-11,0.008440234698022587,0.6072422575284093,1.0905709318744066
1999-03-12,-0.0013988931606336052,0.6049938973268716,1.0855927803627115
1999-03-15,0.008486000887262878,0.6186138769636389,1.1060043028345992
1999-03-16,-0.0037467082542562247,0.6125494029903655,1.1045866092955374
1999-03-17,-0.010753128105955988,0.5952094526828273,1.0907962997195675
1999-03-18,0.013774161261421204,0.6171821249298242,1.1209706156514616
1999-03-19,-0.009525532532596694,0.6017776039876712,1.0931646286543604
1999-03-22,0.0005638815514254455,0.6026808168280464,1.0894914867591465
1999-03-23,-0.026848367545337468,0.5596514531999854,1.033315699839921
1999-03-24,0.002103861491692125,0.5629327438328346,1.0437066127566843
1999-03-25,0.015259112709401562,0.5867817107281941,1.0781821900405495
1999-03-26,-0.0071452788618014355,0.575443712912235,1.0665991480859458
1999-03-29,0.01897876039478731,0.6053436816550704,1.1106923866572789
1999-03-30,-0.006418415681306947,0.5950399185948483,1.0955166351361445
1999-03-31,-0.009803134359161912,0.5794035279646363,1.0723503545708764
1999-04-01,0.005334845410451046,0.5878294016270489,1.084191212620599
1999-04-05,0.020398175393779198,0.6202182242568368,1.1283328285827783
1999-04-06,-0.003301610056668379,0.614868895473633,1.1231293092259222
1999-04-07,0.013503235485198162,0.6366748504469351,1.137628367243393
1999-04-08,0.012244257381365822,0.6567147185654159,1.1651604123484267
1999-04-09,0.0037043353692971827,0.6628517454942329,1.1722005026528897
1999-04-12,0.010911787730460542,0.6809964307682916,1.188761696119189
1999-04-13,-0.005386167600284047,0.6719423022566942,1.1745686349316222
1999-04-14,-0.016631954650467476,0.6441346337073626,1.1401253092416543
1999-04-15,-0.006650886017229955,0.6331996816615948,1.1311198382700556
1999-04-16,0.0005880253786324593,0.6341600445227864,1.1249175027826825
1999-04-19,-0.011917875236446447,0.614684328995778,1.077360561020408
1999-04-20,0.009168631798620812,0.6294887750793434,1.1042483608717357
1999-04-21,0.020160586870546827,0.6623402250839114,1.1524979252785617
1999-04-22,0.013055192889558993,0.6840423973704548,1.189067692949092
1999-04-23,-0.0033352571489023188,0.6784256829255704,1.1858940574471668
1999-04-26,-0.005135360083029799,0.6698063626711424,1.1910332702722881
1999-04-27,0.004844222163647867,0.6778952756621939,1.1954796637967973
1999-04-28,-0.009059875457093481,0.6626937534346489,1.1763247735505447
1999-04-29,-0.0023285648820521457,0.6588220631507935,1.16330771560387
1999-04-30,-0.009335181316154191,0.643336658420044,1.1509836736138679
1999-05-03,0.014047388211561596,0.6664212464231609,1.1823176703336444
1999-05-04,-0.019498778084272767,0.6339280683442383,1.1458605865856946
1999-05-05,0.009773645398828145,0.6498975018914273,1.170525189674768
1999-05-06,-0.014224787459349554,0.62642806059731,1.145941215570438
1999-05-07,0.009797877198541544,0.6423636030073048,1.1668036703887084
1999-05-10,-0.005647063619402794,0.6330890712549309,1.1592320187531198
1999-05-11,0.009630806865737643,0.6488170366947339,1.1838964251861328
1999-05-12,0.0043834100428662435,0.6560444778522307,1.1974127928700358
1999-05-13,0.004969430263604245,0.6642740753983445,1.2031480702140778
1999-05-14,-0.021997076596254037,0.6276649110846473,1.1552045026371558
1999-05-17,5.041330610895244e-05,0.6277469670540528,1.1579270091366385
1999-05-18,-0.0075579195616184355,0.6154445864103899,1.147987028566257
1999-05-19,0.010845985273950705,0.6329656746054804,1.1655631639600212
1999-05-20,-0.004129723851282232,0.6262219773107369,1.1568636898183269
1999-05-21,-0.008444656231108773,0.6124890917568737,1.1431058284923146
1999-05-24,-0.0168717423927734,0.5852835911895946,1.1050216125010306
1999-05-25,-0.016666468220272346,0.558862512596914,1.0691767190689498
1999-05-26,0.01611030742082617,0.5839762669016519,1.1019767867186343
1999-05-27,-0.015976442903158607,0.5586699605135395,1.0643598255267412
1999-05-28,0.01813498545723133,0.5869364175800758,1.0972725770990066
1999-06-01,-0.007095060709291852,0.5756770073555588,1.085061219031585
1999-06-02,-0.0007275548213702561,0.574530615951935,1.085947351239521
1999-06-03,0.0057717859265189984,0.5836184696019595,1.0935673802659558
1999-06-04,0.019221663948376724,0.6140582516470909,1.139013809188556
1999-06-07,0.00553985240728783,0.6229998961379808,1.1499203542955567
1999-06-08,-0.010007472686484772,0.6067577690072123,1.122227051221036
1999-06-09,-0.002547242549599521,0.6026649672510975,1.1243375640607103
1999-06-10,-0.011452405550604488,0.5843105980843917,1.0988513319514954
1999-06-11,-0.005326194440647768,0.5758722517846153,1.0840624029010688
1999-06-14,0.0010224758657538012,0.5774835431295762,1.0846423416230406
1999-06-15,0.007829168061059022,0.5898339269022923,1.0961772028428585
1999-06-16,0.021864690430474818,0.6245951535498773,1.143299141399639
1999-06-17,0.007916806611281807,0.6374567592021574,1.1585875768433538
1999-06-18,0.0001065264043319727,0.6376311915829644,1.163323841400819
1999-06-21,0.0015443973829053093,0.6401603449094091,1.1732476961742515
1999-06-22,-0.00647452164357016,0.6295410912573676,1.1521112994639142
1999-06-23,-0.005463915234251183,0.6206374168640081,1.1475683478137735
1999-06-24,-0.011786842114449365,0.601535219506663,1.119730109222775
1999-06-25,0.0012552651571866595,0.6035455708657169,1.118972983390428
1999-06-28,0.011458302863567357,0.6219194816722282,1.1448133930643332
1999-06-29,0.013930750822442519,0.644514037825469,1.1771945833054724
1999-06-30,0.016024792714984665,0.6708670343985044,1.2114445960881164
1999-07-01,0.0067985049129108575,0.6822264321406835,1.224735399270798
1999-07-02,0.0064790159988965005,0.6931256041082896,1.2412643411431996
1999-07-06,-0.002871067529340313,0.6882645261632396,1.236270260490616
1999-07-07,0.0035935851527449034,0.6943314484983658,1.2487394346531562
1999-07-08,-0.004040060683172011,0.6874862466290257,1.2464196797652698
1999-07-09,0.004998218622459272,0.6959206718120707,1.2606931732815196
1999-07-12,-0.003496323546208187,0.6899911844347129,1.253959079806961
1999-07-13,-0.0057077470082109545,0.6803451423078528,1.2450342378201058
1999-07-14,0.00013293683009647143,0.6805685220645392,1.2524609539392166
1999-07-15,0.007345349539348366,0.6929128852839292,1.2709068990879082
1999-07-16,0.009140932338565253,0.7083876874233948,1.2856637732004979
1999-07-19,-0.0074510699583017715,0.6956583712485016,1.267733263585983
1999-07-20,-0.014884898175085728,0.6704186690527358,1.218516937986477
1999-07-21,-0.0020775579459329334,0.6669482774738107,1.2220451443652132
1999-07-22,-0.006589598221198381,0.6559637580697395,1.192531396140034
1999-07-23,-0.004237975567017311,0.6489458241231738,1.186038992963645
1999-07-26,-0.0035644243867471352,0.6430682814152444,1.1712500639132184
1999-07-27,0.006938900061909386,0.6544693680148779,1.1955439703285324
1999-07-28,0.0009007473030722727,0.655959626836133,1.1996682412261888
1999-07-29,-0.01652596928572428,0.6285932889046397,1.1604080219940127
1999-07-30,-0.011018281677571906,0.6106489893092852,1.1405764382440964
1999-08-02,0.0006161057648389043,0.6116413194367305,1.1394971897848967
1999-08-03,-0.003963990554070819,0.605252788469933,1.1300405898108554
1999-08-04,-0.011437936268453824,0.5868920093806562,1.1028949738644087
1999-08-05,0.00449290457189063,0.5940217637446994,1.1163952157513628
1999-08-06,-0.015439985309914774,0.5694100911287969,1.094775635100746
1999-08-09,0.0006800138716250123,0.5704773117610327,1.0907642447817305
1999-08-10,-0.010331919110152243,0.5542512672115882,1.0643920771206399
1999-08-11,0.012191051521742567,0.5731992244878983,1.097417709271546
1999-08-12,-0.0024600077298715375,0.5693291422350302,1.0913441835037023
1999-08-13,0.023728773647815393,0.6065673982300455,1.1389011252659769
1999-08-16,0.0030743938980987893,0.6115066192360483,1.1438790801216117
1999-08-17,0.01586750206940594,0.6370772038516377,1.165450480037443
1999-08-18,-0.006071079546709755,0.6271383779229494,1.1472137769369635
1999-08-19,-0.009307320509283266,0.6119940795266652,1.132311967307896
1999-08-20,0.01292480183427822,0.632828783562577,1.1532873027048072
1999-08-23,0.01976426011299034,0.6651004363608854,1.1913231413052454
1999-08-24,0.00582179548066139,0.6747943105561387,1.196607289646845
1999-08-25,0.010503032945228061,0.6923847303763904,1.226072660481178
1999-08-26,-0.0127699598403402,0.6707730453350789,1.194206905774215
1999-08-27,-0.009778543022978913,0.6544353192296364,1.1720716929333612
1999-08-30,-0.021407049496262744,0.6190187404625223,1.1330047866085091
1999-08-31,-0.002351738486667413,0.6152112317799407,1.127189076935784
1999-09-01,0.006706635009619589,0.6260438639749271,1.1443622640618916
1999-09-02,-0.009121048102768065,0.6112126396744009,1.1250946898930585
1999-09-03,0.029027705084204734,0.6579824450068124,1.1865223735599861
1999-09-07,-0.008393677752785197,0.6440658746436503,1.175583576859088
1999-09-08,-0.006306949167591209,0.6336968347441014,1.1654343542404946
1999-09-09,-0.0021294209788867116,0.6302180064310565,1.171089002599793
1999-09-10,0.0013136191252137548,0.6323594919825721,1.1775330283853358
1999-09-13,-0.003458338815929085,0.6267142397898986,1.1654021026465973
1999-09-14,-0.007766519551184866,0.6140803318423795,1.1527718671706304
1999-09-15,-0.012601930018370065,0.5937398044564743,1.1232581189454516
1999-09-16,0.0004571188110328451,0.5944683329009834,1.124079747965593
1999-09-17,0.013753245089808897,0.6163974466713096,1.1513702994285175
1999-09-20,1.1016436484366531e-05,0.6164152536111143,1.1515474865388926
1999-09-21,-0.020383364311351952,0.5834672726183325,1.1065197383687773
1999-09-22,0.0020338117538420157,0.586687746969208,1.1112400737853538
1999-09-23,-0.017135777109928554,0.559498619394089,1.0627488190803573
1999-09-24,-0.0018341649437293096,0.556638241696602,1.0578351707564568
1999-09-27,0.0005375987897768232,0.5574750885314586,1.0674207771060877
1999-09-28,-0.000329101864806535,0.5569625205754332,1.0656323868932667
1999-09-29,-0.012477704217171186,0.5375352027664715,1.0433522385359346
1999-09-30,0.014377778970840513,0.5596415440717344,1.0664540159134082
1999-10-01,-0.0012716115073987564,0.5576582859368757,1.0666152738828951
1999-10-04,0.0192279424612554,0.5876088498331675,1.1017189706235175
1999-10-05,-0.0025973223850496076,0.5834853178287929,1.0964831996727642
1999-10-06,0.01739800770025763,0.611034807581623,1.1352279833707635
1999-10-07,-0.009084288832800881,0.5963997020698557,1.122726557614326
1999-10-08,0.01434174367800345,0.6192948574045829,1.1523368639651368
1999-10-11,-0.0030261845681261506,0.614394572295859,1.1510318543486555
1999-10-12,-0.016297018032039482,0.5880847548403267,1.115315967292164
1999-10-13,-0.020214813101735576,0.555981918331514,1.071029415813507
1999-10-14,-0.0032040187801929973,0.550996523043539,1.0675979642164628
1999-10-15,-0.02828300153416281,0.5071296860028174,1.0095856063496305
1999-10-18,0.0100640949066347,0.5222975821993561,1.0204115224718877
1999-10-19,0.010695974853651504,0.5385800388583348,1.0319945644264914
1999-10-20,0.017614729111390115,0.5656817094590165,1.0772801286917253
1999-10-21,0.0014411974432812218,0.5679381659356812,1.0679039610463672
1999-10-22,0.01876202220777052,0.5973558566253774,1.096966580269104
1999-10-25,-0.008406244525833807,0.5839280926998116,1.0840462771041213
1999-10-26,-0.010170313117437296,0.5678190480415493,1.0651653287499356
1999-10-27,0.019495260576414666,0.5983840889197858,1.0890081061628072
1999-10-28,0.03763330857111501,0.6585365705532644,1.1626793994910534
1999-10-29,0.014334944092641506,0.6823115995677467,1.195689102501071
1999-11-01,-0.009022866421411488,0.6671323267256559,1.1814960413135043
1999-11-02,-0.004792670014573346,0.6591423116130319,1.171217812319321
1999-11-03,0.002312830366420986,0.6629796263335446,1.1828010509299856
1999-11-04,0.0053106427219662584,0.6718111169829108,1.19522184770168
1999-11-05,0.0056011254343037225,0.6811751407515956,1.2074493315660502
1999-11-08,0.004281557401887218,0.6883731886193494,1.2183720024699993
1999-11-09,-0.009702316190418288,0.6719920580959398,1.1994749283188653
1999-11-10,0.0004169392381053955,0.6726891771907606,1.2126528509229062
1999-11-11,0.003511290765800844,0.6785624752526855,1.2255409024939916
1999-11-12,0.012605149026113262,0.6997210054028871,1.2490617539360702
1999-11-15,-0.0028996734426582666,0.6947923695435918,1.2463713023744245
1999-11-16,0.02019853540851723,0.7290246932299029,1.2877418377902146
1999-11-17,-0.006993398223664643,0.7169329350115967,1.272662841050772
1999-11-18,0.0049786882538783725,0.7254810088478361,1.2955874313178701
1999-11-19,-0.0023712973866281736,0.7213893802408786,1.2908511667604055
1999-11-22,-0.002038681689764932,0.7178800152304257,1.2891434055323279
1999-11-23,-0.013687816632114097,0.6943659885859783,1.2628841184498776
1999-11-24,0.004016966146629414,0.7011721994021285,1.282924944248006
1999-11-26,-0.0016870632295873907,0.698302214337321,1.282183944212608
1999-11-29,-0.010582184642390403,0.680330466726623,1.268023134618939
1999-11-30,-0.00021936566334875202,0.6799618599191444,1.2375430185132008
1999-12-01,0.0028427645965559576,0.6847375960180866,1.2517358830447072
1999-12-02,0.002781115116981062,0.6894230452145187,1.2699725861451867
1999-12-03,0.01911240915518636,0.7217119896908595,1.3090556182669877
1999-12-06,-0.010173818040177252,0.7041956051901532,1.2929937345379168
1999-12-07,-0.007396864337804076,0.6915899014934799,1.2701820248494595
1999-12-08,-0.005337925462783263,0.6825603206857109,1.2616597378181398
1999-12-09,0.001679848564819701,0.6853867672256375,1.268474263621381
1999-12-10,0.005659819595812588,0.6949257522773045,1.2828606377162717
1999-12-13,-0.003127300975576333,0.6896252093186781,1.2799284958564559
1999-12-14,-0.008338605935964248,0.6755360905186985,1.260515986171145
1999-12-15,0.008380363603487068,0.6895776921880106,1.2768836700740596
1999-12-16,-0.0007736478979408322,0.6882705539580416,1.2856637732004979
1999-12-17,-0.002183419136245572,0.6845843517233698,1.2892885377048655
1999-12-20,-0.004528984342684736,0.6769548955704829,1.28455207649134
1999-12-21,0.011634605355051775,0.6964656039786676,1.3092650569712596
1999-12-22,0.00407653839842579,0.7033813111548952,1.3136146957140769
1999-12-23,0.015368596412896316,0.7295598910633048,1.349395085958363
1999-12-27,-0.002612150374378428,0.7250420205463537,1.3473974536973294
1999-12-28,-6.613179517600868e-05,0.7249279404207809,1.3482997117022144
1999-12-29,0.004161429111550487,0.732106105767375,1.3576434310976153
1999-12-30,0.0006506112862955369,0.7332330335488488,1.3592705633409499
1999-12-31,0.002483650982681964,0.7375377794758393,1.3669712213521277
2000-01-03,-0.01948602854719705,0.7036800687031397,1.3443687537118825
2000-01-04,-0.03712779049307281,0.6404261920451058,1.254474711997199
2000-01-05,0.008958463480075134,0.6551218901783007,1.2588082249430674
2000-01-06,0.010873491721778959,0.6731188443496896,1.2609669185175276
2000-01-07,0.03131434660229229,0.7255114677484824,1.3222174150740802
2000-01-10,0.00181837276108597,0.7286490908003775,1.3482029569205234
2000-01-11,-0.010198958960370673,0.7110186696664225,1.3175295279074613
2000-01-12,0.0012520428849794834,0.7131609384178452,1.307363982835859
2000-01-13,0.012993612570287444,0.7354210879221967,1.3354439117250276
2000-01-14,0.017208171866670202,0.7652845122642056,1.3603661342531597
2000-01-18,-0.006080941358540471,0.7545499206639874,1.3442399439923545
2000-01-19,-0.002928355225450565,0.7494119752354973,1.3454643246240927
2000-01-20,-0.009903910728832507,0.7320859552048145,1.3288225021730504
2000-01-21,-0.00711827345705533,0.7197564937245418,1.322040227963706
2000-01-24,-0.02198085719410081,0.6819547718273551,1.2578739120003468
2000-01-25,0.0044121980351377165,0.6893758893668023,1.2715674667946248
2000-01-26,0.003300465543967564,0.6949516162804668,1.2619979862419428
2000-01-27,-0.0008753325605411486,0.6934679699421946,1.253089270052036
2000-01-28,-0.02495623151453525,0.6512053912218672,1.1912265831796147
2000-01-31,0.0252729965201687,0.6929362993283013,1.2464839862970067
2000-02-01,0.008856082591451934,0.7079290830172196,1.270359211959836
2000-02-02,-0.005145706725767798,0.6991405808476034,1.2701013958647174
2000-02-03,0.0041147782626816485,0.7061321675749153,1.295635808708718
2000-02-04,-0.005149909228798315,0.6973457417795714,1.2946692441720988
2000-02-07,-0.002245907658863352,0.6935336599783697,1.2944598054678265
2000-02-08,0.009717812477448106,0.7099911025102861,1.3226201666856778
2000-02-09,-0.018329968554388655,0.6786470193729881,1.2742738474971596
2000-02-10,-0.0031668947158538553,0.673330920997552,1.2825221926364119
2000-02-11,-0.013609754287167436,0.6505572983216557,1.2346592540442334
2000-02-14,-0.0005718713908048119,0.6496133918238614,1.2392022056943741
2000-02-15,0.01074884547087638,0.6673448312592642,1.2587116668174376
2000-02-16,-0.012647501279490301,0.6462570853725611,1.2355453862521695
2000-02-17,-0.00437882717265514,0.6390484101139557,1.2364958249918403
2000-02-18,-0.02746699348228663,0.5940286781162034,1.1685596123515753
2000-02-22,0.001553201082752106,0.5965045251849914,1.1783546574054786
2000-02-23,0.0005102502908652944,0.597319142083335,1.192080267137594
2000-02-24,-0.011393196466666419,0.5791205712776126,1.18038454126041
2000-02-25,-0.01457952525282895,0.5560977430314091,1.148051531754056
2000-02-28,0.016793231763178245,0.5822296530762943,1.1717173187126129
2000-02-29,0.013055483670185497,0.6028864264745151,1.2013114992664748
2000-03-01,0.009645116301769145,0.6183464524763891,1.2218838863957293
2000-03-02,-0.00026044990157010617,0.6179249543021352,1.2260242830903345
2000-03-03,0.017856426252493608,0.6468153119307005,1.2701820248494626
2000-03-06,-0.01715407418993495,0.6185657198927204,1.241361095924896
2000-03-07,-0.023036061449563203,0.5812803405091151,1.1839125509830866
2000-03-08,0.005213472878285721,0.5895243026773258,1.201762431612858
2000-03-09,0.01931410130143997,0.6202245360803365,1.2581315314394077
2000-03-10,-0.004462384625093405,0.6129944710213324,1.247466676630577
2000-03-13,-0.0011295138945499406,0.6111725713544816,1.2290207314818855
2000-03-14,-0.017774646776237968,0.5825345480030926,1.1895994509362828
2000-03-15,0.033668568999683,0.6358162216269168,1.2427465378700608
2000-03-16,0.05241333373044342,0.7215548031727212,1.3496045246626402
2000-03-17,0.0031196970467394867,0.7269255326079795,1.3592705633409543
2000-03-20,-0.006732740549526178,0.7152985910485776,1.3466403278649874
2000-03-21,0.023918214204262146,0.7563254701735467,1.4066341921959045
2000-03-22,0.0049752645319569005,0.7650636539918738,1.4175407373029048
2000-03-23,0.024013734751166922,0.8074494243977601,1.4605706565559262
2000-03-24,0.00028053439104470555,0.8079564761213778,1.4607478436663013
2000-03-27,-0.00854069725214426,0.7925152672137716,1.454948259790525
2000-03-28,-0.0054139853788768046,0.7828106157656627,1.4289627179440818
2000-03-29,0.006635771299308093,0.7946409392818623,1.4302354759666653
2000-03-30,-0.0069489976877683685,0.7821699835444182,1.397048782502333
2000-03-31,0.004871056678418033,0.7908510345448385,1.4142219696284406
2000-04-03,0.020399544103631415,0.8273835792070696,1.4261273308659579
2000-04-04,-0.009606678148191727,0.8098284933083366,1.408019634141068
2000-04-05,-0.00989218874727026,0.7919253282523429,1.396162650294397
2000-04-06,0.00746506000661851,0.8053021583551263,1.4186683631529502
2000-04-07,0.0016402534053593639,0.8082633113680711,1.4428495856456838
2000-04-10,0.005366331460444103,0.8179670516646325,1.4236946953994312
2000-04-11,0.004506671992112546,0.8261600328589529,1.4174601083181613
2000-04-12,-0.009541228543343811,0.8087362226287254,1.363620398739831
2000-04-13,-0.01456855484664322,0.7823855497662484,1.3206709118154927
2000-04-14,-0.053550266625012416,0.6869383283476964,1.1854269993038407
2000-04-17,0.018204547934408306,0.7176482780084927,1.2577287798278114
2000-04-18,0.025426191955313607,0.7613215328368506,1.322442979575305
2000-04-19,-0.014068325179032858,0.736542688768069,1.2996633248246847
2000-04-20,0.009996541561180317,0.7539021099291028,1.3110532505280252
2000-04-24,0.008642981182777837,0.7690610528616542,1.303513653830274
2000-04-25,0.027995007257410977,0.8185859298753191,1.3801652697531224
2000-04-26,-0.011761793001348487,0.7971960986129607,1.3536642923725024
2000-04-27,-0.0035839812958663488,0.7907549814105279,1.3599956342354642
2000-04-28,-0.01183312168353704,0.769564759810097,1.339874179452592
2000-05-01,0.007280623245159001,0.7824482941341846,1.3653602149057469
2000-05-02,-0.004513450377842648,0.7744033022075396,1.329982576273057
2000-05-03,-0.017261110615431938,0.7437751305317477,1.2797351829491368
2000-05-04,-0.005687663235167056,0.7338571248314238,1.2708262701031696
2000-05-05,0.01336174185754844,0.7570244761512925,1.3079761731517316
2000-05-08,0.0032038044802852076,0.7626536390399568,1.2943471215452482
2000-05-09,-0.008134458929836299,0.7483154054056598,1.2749666667977744
2000-05-10,-0.016412617215374826,0.7196209738849939,1.2281025443361124
2000-05-11,0.019548437750023615,0.7532368774466198,1.267991079681106
2000-05-12,0.004947035188359551,0.7619102019728778,1.2891756571262292
2000-05-15,0.025015133715636042,0.8059846212701729,1.3397612988739507
2000-05-16,0.004605177798911884,0.8143015015532225,1.3617999535891734
2000-05-17,-0.013762625433040639,0.7893319495647422,1.3324152117395838
2000-05-18,-0.0008851027480921946,0.7877482069389332,1.3153545118799963
2000-05-19,-0.016342707241123716,0.7585315613720862,1.2666054410798813
2000-05-22,0.00021868970250191666,0.7589161341160828,1.2565689023838682
2000-05-23,-0.013826400617651342,0.7345966549929432,1.2132972928326766
2000-05-24,0.01394088694686801,0.7587784708586154,1.2538786474782828
2000-05-25,-0.013919736883072749,0.7342967373086504,1.2256376572756875
2000-05-26,-0.0026344680277128095,0.7297277880036441,1.2199991347133379
2000-05-30,0.023955807587324098,0.771164814071507,1.291576040998859
2000-05-31,0.0032198646842541046,0.7768677251063294,1.2885957184042578
2000-06-01,0.01712428094747056,0.8072953072375431,1.3340423439829183
2000-06-02,0.017330842116327603,0.8386172568648567,1.3798753987201664
2000-06-05,-0.011187414555303497,0.8180478834037745,1.3643613987752299
2000-06-06,-0.0044293413096671095,0.8099951288108613,1.3485895827351748
2000-06-07,0.008627721901529125,0.8256112634253638,1.370370421355279
2000-06-08,-0.0066321979118632215,0.8135034482162002,1.3547598632847109
2000-06-09,-0.0036110483038931294,0.8069547996654147,1.3471557633991647
2000-06-12,-0.0029126859321506092,0.8016917078403971,1.3295153214736657
2000-06-13,0.01803333403269296,0.8341822162318162,1.3672772181820365
2000-06-14,0.0037325702672924375,0.8410284302369195,1.3690494825979087
2000-06-15,-0.003258239249756988,0.8350299191456032,1.3822435309988985
2000-06-16,-0.018490482548828006,0.8010993304490641,1.3592544375440054
2000-06-19,0.012211327100818084,0.8230931435142423,1.3939555793290919
2000-06-20,-0.007689377230431211,0.8090746926075487,1.3777648858804916
2000-06-21,0.0008704718208340737,0.8106494411492478,1.3828879729086645
2000-06-22,-0.010234277453857877,0.7921187523968536,1.3394714278409952
2000-06-23,-0.001334976507390926,0.7897263159639492,1.3222335408710326
2000-06-26,0.009593465315229562,0.8068959932999031,1.344513885884425
2000-06-27,-0.0019408115025280738,0.8033891487722347,1.3368454794671445
2000-06-28,0.0013707447512772216,0.8058611349824245,1.3437243118021205
2000-06-29,-0.006160101566725997,0.7947368469755298,1.3236996118009405
2000-06-30,-0.004212966263618493,0.7871756811871489,1.3433699375813704
2000-07-03,0.01575644981435432,0.8153352251172086,1.3674384761515235
2000-07-05,-0.010229714311498606,0.7967648643846594,1.3298858214913647
2000-07-06,0.004978721898129829,0.8057104569607616,1.3467048310527825
2000-07-07,0.013981714681804891,0.8309573853679384,1.382517472890966
2000-07-10,-0.002342496937947779,0.8266683732992013,1.3772333245493664
2000-07-11,0.005445159844112826,0.836614874574001,1.3857072341898395
2000-07-12,0.0026621418919509487,0.8415042039709848,1.4051038147342623
2000-07-13,-0.00339004104969049,0.8352614291263454,1.4098078276978296
2000-07-14,0.005776928727529279,0.8458636035987919,1.4325874824484504
2000-07-17,-0.002088203346805827,0.8420090650440097,1.4334091114685914
2000-07-18,-0.0071826780873625404,0.8287785068957951,1.4064247534916317
2000-07-19,-0.0048676146646746245,0.8198767178171873,1.387447050355754
2000-07-20,0.01400809872964822,0.8453697305561587,1.4093728244923356
2000-07-21,-0.007304436763596188,0.8318903440538568,1.3845955374806818
2000-07-24,-0.0028681453822604107,0.8266362162227512,1.358980692307998
2000-07-25,0.005033016275950555,0.8358297060292412,1.3753806278048102
2000-07-26,-0.011071847762034057,0.8155036790070658,1.3398580536556426
2000-07-27,0.006864362170465134,0.8279659537815822,1.3353471569433384
2000-07-28,-0.015499861132445277,0.7996327353431298,1.2874519667572621
2000-07-31,0.009905468590187814,0.817458940876945,1.3050762828858127
2000-08-01,0.006081984103748568,0.8285126972645742,1.316788331216006
2000-08-02,-0.0011814109362234784,0.8263524723670024,1.3177548957526257
2000-08-03,0.009050133047913689,0.84288120523431,1.3400836181568643
2000-08-04,0.00947378999245866,0.860340274753749,1.3567897471396413
2000-08-07,0.007717635867771446,0.8746977035844485,1.383193969738569
2000-08-08,-0.0015639902348170425,0.8717656946828085,1.3888004373630816
2000-08-09,-0.005637784958484805,0.861213082203518,1.3728030568218057
2000-08-10,-0.00877282475959287,0.8448849859930849,1.352472163334661
2000-08-11,0.010014157693622482,0.8633599551694164,1.3711436729845738
2000-08-14,0.013950730792306253,0.889355188273149,1.4029128695659052
2000-08-15,-0.005960952077350246,0.8780928325387596,1.3914263857369331
2000-08-16,-0.0024468122552885633,0.8734974919795342,1.3840478503526081
2000-08-17,0.008222179699316913,0.8889017250248095,1.410178327715529
2000-08-18,-0.0033390632271482045,0.8825945627350824,1.4031704890049634
2000-08-21,0.007632398639648074,0.8969632749147105,1.415671914761401
2000-08-22,0.0004473677154462365,0.8978119150412944,1.4134970953899924
2000-08-23,0.001392697063622694,0.9004549921226805,1.4261273308659592
2000-08-24,8.705929148313972e-06,0.9004715373491914,1.429897227542865
2000-08-25,-0.003049720495503834,0.894675630350616,1.4269005824952545
2000-08-28,0.009635228498451786,0.9129312629794923,1.4392086953443681
2000-08-29,-0.006423588177057204,0.9006433803350942,1.4323619179472291
2000-08-30,-0.0008564997225920868,0.8990154798070908,1.420682121210933
2000-08-31,0.009639558924051647,0.9173211514223776,1.4449923500792563
2000-09-01,-0.00012278285969740213,0.9170857372484478,1.449970304934891
2000-09-05,-0.004463401479832058,0.9085290139318483,1.42791552442272
2000-09-06,-0.011538690976714925,0.8865070874199943,1.4040243696190022
2000-09-07,0.005222840258728882,0.8963600125845488,1.4205533114914037
2000-09-08,0.0041719380659248975,0.904271509107748,1.40764913412337
2000-09-11,0.0057476843975599635,0.9152166607493644,1.3992074760767936
2000-09-12,-0.005079473269921107,0.9054883689149804,1.3874954277466003
2000-09-13,-0.003953002831673643,0.8979559679969382,1.392199637366228
2000-09-14,-0.0033901701092496224,0.8915215744055631,1.3856911083928907
2000-09-15,-0.0109206622748362,0.8708649061059135,1.361429453571474
2000-09-18,-0.016725657299151063,0.8395734608333776,1.3271149376010354
2000-09-19,0.012525799720999393,0.8626155895758421,1.3519083504096376
2000-09-20,-0.011245049930053378,0.841670384270566,1.3381180408336673
2000-09-21,-0.010146240789176482,0.8229843530974617,1.3344289697975649
2000-09-22,0.014686770702339076,0.8497581062853559,1.333897211810379
2000-09-25,-0.0019411506535604302,0.8461674471284115,1.3182866537398108
2000-09-26,-0.00542578717117548,0.8361505354779404,1.2992444474161386
2000-09-27,-0.0009800073215055893,0.8343510945097856,1.2982133796917243
2000-09-28,0.01802731371842562,0.867419517160251,1.3493146536296834
2000-09-29,-0.005470414593170714,0.8572039581820057,1.314226886029949
2000-10-02,0.005295010513881613,0.8670378726670018,1.3137757570275066
2000-10-03,-0.0022082039467244924,0.8629150722678944,1.2980361925813488
2000-10-04,-0.0043881328540323755,0.8547403534350035,1.310698679651213
2000-10-05,0.006678624004787972,0.8671274668821036,1.31385638601225
2000-10-06,-0.019399369461093958,0.8309063713211011,1.269891957160446
2000-10-09,-0.006937110823395543,0.8182051709159857,1.2586794152235408
2000-10-10,-0.009733603844990387,0.8005074820733764,1.2344981927308072
2000-10-11,-0.008257459100971917,0.7856398651791616,1.1983632316097101
2000-10-12,-0.02399510810218468,0.7427932435826172,1.1422841994721766
2000-10-13,0.026270711120667044,0.7885776614278264,1.213796799225963
2000-10-16,-0.00047754022154846776,0.7877235436551315,1.2145216734644122
2000-10-17,-0.010908171795660117,0.768222748117795,1.1748103252297937
2000-10-18,-0.004158749171852865,0.7608691532284086,1.1621800897538268
2000-10-19,0.026145669469673408,0.8069082560880623,1.2373013282150325
2000-10-20,0.004040983669047298,0.814209942842381,1.2504633216781849
2000-10-23,-0.0005114217638301465,0.8132821163934545,1.248610624933629
2000-10-24,0.005162465619960895,0.8226431229786257,1.2523964507514234
2000-10-25,-0.01140830922715947,0.8018498466209298,1.1988627380029975
2000-10-26,-0.006673960844661131,0.7898243712966231,1.1981215413115391
2000-10-27,0.01284176894611114,0.8128088823269328,1.2225122025085455
2000-10-30,0.019219394087458055,0.8476499706416185,1.2532503313654626
2000-10-31,0.012253624025980746,0.8702903787134753,1.302772653794873
2000-11-01,-0.004201563021430791,0.8624322358189349,1.2895945345347717
2000-11-02,0.002021099148667017,0.8661963960251988,1.301032640972898
2000-11-03,-0.0024182912077673107,0.8616833896887242,1.298406692599047
2000-11-06,0.00873454421111293,0.8779443455630547,1.307267228054168
2000-11-07,-0.0014323539246400686,0.8752544646094318,1.3067517925199912
2000-11-08,-0.010805591791116469,0.8549912303603935,1.270359211959836
2000-11-09,0.001851657613612096,0.8584260389952738,1.255634589441144
2000-11-10,-0.016666578749114713,0.8274524350669539,1.200602554168913
2000-11-13,-0.011456087043077778,0.8065169809037425,1.1768885864755703
2000-11-14,0.013848516884816494,0.8315345618164958,1.2279412863666228
2000-11-15,0.0021079197650046323,0.835395289719638,1.2389929636461616
2000-11-16,-0.0033311153695468896,0.8292813762608588,1.2108162799753006
2000-11-17,-0.0048627946041484935,0.8203859566549081,1.2034056896531387
2000-11-20,-0.01399083294289983,0.7949172408437484,1.1629694671800705
2000-11-21,0.003219777749216,0.8006964754375012,1.1705894962065049
2000-11-22,-0.01571601019491111,0.772396711271585,1.1303304608438123
2000-11-24,0.008804735566532246,0.7880021956333225,1.1616001510318545
2000-11-27,0.0035713588800112333,0.7943877931521772,1.173199318783407
2000-11-28,-0.0009083456711470707,0.7927578687679082,1.1524495478877173
2000-11-29,0.009925444552032446,0.810551787589584,1.161857967126973
2000-11-30,-0.015650616050738142,0.7822155367220418,1.1183928480123972
2000-12-01,-0.00460797621602498,0.7740031299169965,1.1188439770148397
2000-12-04,0.004891144207841342,0.7826800350505825,1.1345351640701509
2000-12-05,0.03017339288771571,0.8364695401412505,1.2176148766376533
2000-12-06,-0.014170657266984736,0.8104455597066518,1.1772107091024222
2000-12-07,-0.0006417608352811124,0.8092836866520234,1.1644677897038749
2000-12-08,0.016518342604237173,0.8391700544563989,1.206901644437976
2000-12-11,0.00414722752643199,0.8467975111320301,1.2235110186390608
2000-12-12,-0.0044469613183725065,0.8385848740371593,1.2089799056837527
2000-12-13,-0.0031480681595427587,0.832796883536586,1.190952641287546
2000-12-14,-0.015326646300912197,0.8047062539612067,1.1602469606805865
2000-12-15,-0.019547277393457362,0.7694291602013195,1.113882147956153
2000-12-18,0.01742196071437227,0.8002560855172114,1.13094265115968
2000-12-19,-0.012423982504729814,0.777889735406712,1.1033299770699028
2000-12-20,-0.02454526415651381,0.7342509622099997,1.0375042772693122
2000-12-21,0.012299005955001701,0.7555805251216878,1.0538076546404924
2000-12-22,0.014921371439512065,0.781776194229002,1.1038937899949257
2000-12-26,0.012496068715945035,0.8040413919885225,1.1187794738270442
2000-12-27,0.009912845787410255,0.8219245761014098,1.14089875752701
2000-12-28,0.0024861512052780296,0.8264541560822101,1.1494369736992178
2000-12-29,-0.007059496804231041,0.8135603088042733,1.1269796382315107
2001-01-02,-0.016462392765157,0.7837047666974379,1.0673562739182927
2001-01-03,0.029651392875004196,0.8365940975078014,1.170927941286366
2001-01-04,-0.01853539634310624,0.802552097989085,1.148019280160156
2001-01-05,-0.019536870815725017,0.7673358705120583,1.0916501803336067
2001-01-08,0.0005950480677273616,0.7683875203068316,1.0876387900145912
2001-01-09,-0.002473180058710523,0.7640139795555361,1.095597264120888
2001-01-10,0.006285532967850145,0.775101747579781,1.115686467309863
2001-01-11,0.002674425063659277,0.7798491241840537,1.137515486664752
2001-01-12,-0.009798548876663826,0.7624091855476489,1.1241926285442334
2001-01-16,0.010025467273198165,0.7800781611593406,1.137241741428745
2001-01-17,-0.004961507036419966,0.771246290837371,1.1417846930788862
2001-01-18,0.009761685598550073,0.7885366402461234,1.1715883123370205
2001-01-19,-0.004749581151395088,0.7800418403310307,1.1628406574605403
2001-01-22,0.0025589342402382595,0.7845968503453107,1.1634205961825121
2001-01-23,0.010617061406276622,0.8035440246908747,1.1916132089942608
2001-01-24,0.0039382614638228015,0.8106468526216226,1.1978961734663773
2001-01-25,0.00035716529243250963,0.8112935528342313,1.1869573767654793
2001-01-26,-0.0009813219153492498,0.8095160907757042,1.182833105867823
2001-01-29,0.003889576619403391,0.8165543422548196,1.1976867347621045
2001-01-30,0.006590551433998882,0.8285264370801038,1.2130878541284003
2001-01-31,-0.003939358957658612,0.8213232150808767,1.2006509315597578
2001-02-01,0.005044211806931895,0.8305103551466266,1.2126689767198555
2001-02-02,-0.009565684607497245,0.8130002704185362,1.1740048220065997
2001-02-05,0.0066185197096096,0.8249996484418287,1.1818022347994699
2001-02-06,-0.004464998404946231,0.8168510279225085,1.178499592921955
2001-02-07,-0.006118711371755151,0.8057342408771742,1.1601824574927924
2001-02-08,-0.0037192952738623057,0.7990181820492284,1.1467144671997356
2001-02-09,-0.0070074678358988205,0.7864116200023212,1.1180868511824928
2001-02-12,0.014407832674294236,0.8121499397107297,1.143138080086214
2001-02-13,-0.00858914787182059,0.7965851159126434,1.1245953801558306
2001-02-14,-0.006625471982514886,0.784681891562961,1.1199556737239975
2001-02-15,0.0037883997487676404,0.7914429799925882,1.1371772382409513
2001-02-16,-0.00534110992126343,0.781874686118772,1.096773267361781
2001-02-20,-0.016917670199174027,0.7517295178427579,1.0603804901455653
2001-02-21,-0.021065609063805894,0.714828268634353,1.0222480934194955
2001-02-22,-0.0004677471883639558,0.7140261625331723,1.0183010096322143
2001-02-23,-0.006779407173857813,0.7024060812707149,1.0070884676953096
2001-02-26,0.01791342975939229,0.7329020130295203,1.0421923610919923
2001-02-27,-0.0005515331362010761,0.731946260147545,1.0265493547714666
2001-02-28,-0.014428468430966226,0.7069569282088761,0.9975512387365248
2001-03-01,-0.0014277948457432073,0.7045197439048738,0.9996294999823019
2001-03-02,-0.0021027302591725833,0.7009355986620078,0.9882720225289192
2001-03-05,0.003779467793317962,0.7073642299756591,0.9999195676713177
2001-03-06,0.0044032817161976,0.7148822356724007,1.019879961140763
2001-03-07,0.009829281946649103,0.7317382966721246,1.0329129482283261
2001-03-08,0.008674630204671276,0.7467604860070225,1.037504277269313
2001-03-09,-0.02132882275320346,0.7095041412086791,0.9870476418971807
2001-03-12,-0.03660750163107933,0.6469234655710456,0.9012454228301958
2001-03-13,0.011090457015231179,0.6651885994733371,0.9294380356419449
2001-03-14,-0.03246890125404067,0.6111217552676831,0.8795772681326726
2001-03-15,0.010453894073898268,0.6279642514374046,0.8906128196152627
2001-03-16,-0.01599608812445922,0.6019231918079426,0.8535112939575464
2001-03-19,0.01210006138022239,0.6213065607552206,0.886182551887702
2001-03-20,-0.021598625456610614,0.5862885675991232,0.840768177902939
2001-03-21,-0.01972765471696488,0.5549948144560588,0.8077747973459304
2001-03-22,-0.008060844371326599,0.5424602432585086,0.8004285135555027
2001-03-23,0.020277930408946716,0.5737381447298715,0.8362734069875837
2001-03-26,0.014457125677400389,0.5964898748715501,0.8569909262893758
2001-03-27,0.025337421764271374,0.6369408121735596,0.9044835615199158
2001-03-28,-0.017164582907532165,0.6088434058882835,0.8579576874820556
2001-03-29,-0.0037578893237388894,0.6027975504297283,0.8493547714659928
2001-03-30,0.013149198751821365,0.6238730539792612,0.8692990391384896
2001-04-02,-0.0032378714073415496,0.6186151618486293,0.8460039488536923
2001-04-03,-0.02994395419174474,0.5701474235881703,0.7825141297379365
2001-04-04,-0.00827043548580413,0.5571616206181829,0.777342861974978
2001-04-05,0.03195168391784653,0.6069155565291768,0.854977168231394
2001-04-06,-0.021222135868449496,0.5728133762593897,0.8179080908236356
2001-04-09,0.007244701760890846,0.5842079400959286,0.8326647682801647
2001-04-10,0.02374211253462695,0.6218203832879357,0.8822677196943185
2001-04-11,-0.0007457145928207076,0.6206109681611838,0.8782563293753032
2001-04-12,0.013981595366581497,0.6432696949646572,0.9066261292974276
2001-04-16,-0.0022532815674997544,0.6395669456505626,0.900472171200901
2001-04-17,0.01097135850896754,0.6575552224107477,0.9200136872618014
2001-04-18,0.030321633978350828,0.7078150051635901,0.9946837967205646
2001-04-19,0.006841937974315905,0.7194997695005254,1.019702577374328
2001-04-20,-0.011290088556832422,0.7000864648294114,1.002448761263477
2001-04-23,-0.010027030869685151,0.683039645365433,0.9724518290980184
2001-04-24,-0.007959240785947388,0.669643927575674,0.9484639195126088
2001-04-25,0.014460961569046617,0.6937885842463378,0.9795241709963787
2001-04-26,0.0070172155329574215,0.7056742638092575,0.9888197096569937
2001-04-27,0.014185627923700421,0.7298703242746873,1.0186717063059745
2001-04-30,-0.004441092049785888,0.7221878109303903,1.0128880515710867
2001-05-01,0.01145575781473439,0.7419167774038962,1.040242909565746
2001-05-02,-0.0019919420034787035,0.738446980208421,1.041837986871243
2001-05-03,-0.008473818073106775,0.7237156967683931,1.011470358032025
2001-05-04,0.012430197576835438,0.7451418234455169,1.040516851457813
2001-05-07,-0.001454897967715895,0.74260282015321,1.0355227708052293
2001-05-08,-0.0039036994896214814,0.7358002224135651,1.0318012515191697
2001-05-09,-0.004260758461109862,0.7284043969291201,1.0226830966249905
2001-05-10,-0.000814077722364929,0.7269973414143425,1.022103157903019
2001-05-11,-0.008320879481672056,0.7126272046712656,1.0067824708654065
2001-05-14,0.006876981363959568,0.7244049100412,1.0120182418161598
2001-05-15,0.0027700725047763,0.7291816366696064,1.0128557999771899
2001-05-16,0.023956711904919974,0.7706071429705783,1.0701271578086242
2001-05-17,-0.002247532914603341,0.7666276451379201,1.0757656803709739
2001-05-18,0.0019378988972575276,0.7700511909032977,1.0813558255424778
2001-05-21,0.0110701608594998,0.7896459423161464,1.1149775222123042
2001-05-22,-0.0015426211575535389,0.7868851966209995,1.1094196286346976
2001-05-23,-0.011752385258718651,0.7658850333772083,1.0766679383758588
2001-05-24,0.0034417001636056124,0.7719626801854913,1.0833052770687255
2001-05-25,-0.010835774050965856,0.7527620929562575,1.0586890513704983
2001-05-29,-0.0026544477198553467,0.7481094776151609,1.0426434900944366
2001-05-30,-0.011494237525245744,0.728016292059319,1.0106648548088328
2001-05-31,0.003952780952771901,0.7348467619446506,1.0231340289713726
2001-06-01,0.0026603024296978244,0.7394619790006054,1.0309475675611912
2001-06-04,0.006360682534189806,0.7505261444293216,1.041322354681006
2001-06-05,0.008441588545862166,0.7653033658793684,1.0678394578585748
2001-06-06,-0.011453470051354846,0.745084516646713,1.0460265643006341
2001-06-07,0.0027656333647909665,0.7499107806103313,1.057190728846693
2001-06-08,-0.006797236858700178,0.7380162225529301,1.037858651490065
2001-06-11,-0.005575525662404476,0.728325868502411,1.0208303998804351
2001-06-12,0.0007561784800977537,0.7296327913307687,1.0231824063622188
2001-06-13,-0.009308239523524005,0.7135329550213205,1.000225564501223
2001-06-14,-0.014639237399265072,0.6884481393012991,0.9652184258862324
2001-06-15,-0.001087031178336412,0.6866127435308744,0.9563417646341628
2001-06-18,0.0005699264646573125,0.6875739887690409,0.9467886065344895
2001-06-19,0.005642489608425992,0.6970961074641202,0.9534741259621415
2001-06-20,0.004713251309481303,0.7050949479149413,0.9704864484308828
2001-06-21,0.014132433107586415,0.7291920882084328,0.9928794773668557
2001-06-22,-0.007710410142969512,0.7158593079923681,0.9740467097474559
2001-06-25,-0.007262145982707155,0.7033984872119408,0.9631724162343527
2001-06-26,-0.00039193585401143096,0.7027308642711336,0.9602082194367001
2001-06-27,-0.005141928568149311,0.6939755437962682,0.9510414904956142
2001-06-28,0.012033195697833813,0.7143594830221134,0.9754160258956717
2001-06-29,-0.005334461775917324,0.7052142978897504,0.9724840806919164
2001-07-02,0.010352175354674725,0.7228669753188037,0.9923638451766184
2001-07-03,-0.0001554383143637518,0.7225991757802872,0.9887068290783534
2001-07-05,-0.010418893069758175,0.7046515991657789,0.9642034839587668
2001-07-06,-0.01996347172405976,0.6706208351664595,0.9180481099386055
2001-07-09,0.005219438028243899,0.679340537084304,0.9312423549956554
2001-07-10,-0.013579484187827126,0.6565359588149904,0.9034363679985542
2001-07-11,-0.002659131022391676,0.6521310126571982,0.9012776744240945
2001-07-12,0.017103251522023438,0.6803878249140096,0.9463213517350983
2001-07-13,0.005045478720702714,0.6888661859271414,0.9584684032707855
2001-07-16,-0.005762693249953016,0.6791337681574252,0.9371546227940124
2001-07-17,0.011822069081677966,0.6989846035619605,0.9564705743536916
2001-07-18,-0.0011031246792731087,0.6971104117160662,0.945628532434486
2001-07-19,0.003283842534121476,0.70268345507116,0.9574050839524741
2001-07-20,-0.004159699477509319,0.6956008035927368,0.950687116274864
2001-07-23,-0.013521964541708804,0.6726729496496628,0.9187570550361668
2001-07-24,-0.014349685768753886,0.6486706184282955,0.8875357422389702
2001-07-25,0.013150903427599604,0.6703521265151671,0.9178870486251793
2001-07-26,0.007336345993776085,0.682606407646722,0.9379280710793685
2001-07-27,0.0012105872459725804,0.6846433495038109,0.9425837066520899
2001-07-30,0.0008913821946636029,0.6861450105899172,0.9404895162654248
2001-07-31,0.005439012350985324,0.6953159741280679,0.9512993065907334
2001-08-01,0.002038398004687382,0.6987717028270453,0.9588711548823821
2001-08-02,0.0031814512297970166,0.7041762621501486,0.9666361194252944
2001-08-03,-0.004813421321388506,0.6959733437945108,0.9563256388372141
2001-08-06,-0.010125294654034852,0.6788011139632026,0.9339809872920875
2001-08-07,0.004941569250208127,0.6870970259251785,0.940296203358101
2001-08-08,-0.015291821712778606,0.6612982389925717,0.9066745066882747
2001-08-09,0.0010876624738847386,0.6631051707450546,0.9065134453748482
2001-08-10,0.005655634706288331,0.6725110860689281,0.9173554872940544
2001-08-13,-0.0015220852823384832,0.6699653815602746,0.9191759324447124
2001-08-14,-0.0034446136234125902,0.6642129960563246,0.911829648654285
2001-08-15,-0.00237155925507687,0.6602662163231081,0.8977978454362052
2001-08-16,0.0004935424380065282,0.6610856281592521,0.9036619324997761
2001-08-17,-0.016704529951236995,0.6333379735320965,0.8719411133092911
2001-08-20,0.006800205026493738,0.6444450066296725,0.887149116424323
2001-08-21,-0.009290452267170353,0.6291673687895929,0.8643533358767539
2001-08-22,0.004871210764415358,0.637103386413475,0.8773220164325826
2001-08-23,-0.002673659360419636,0.632726329620416,0.8721344262166149
2001-08-24,0.014023029777795022,0.6556220995596731,0.9089299550444265
2001-08-27,-0.004703560193468305,0.6478347813567578,0.8997148487124946
2001-08-28,-0.01239999262293373,0.6274016422241204,0.8712001132738927
2001-08-29,-0.007640870242412895,0.6149668774435963,0.8503376584556226
2001-08-30,-0.012582033950697421,0.5946473093623492,0.8188746553602562
2001-08-31,0.0019763443089176706,0.5977988814969382,0.8262046166976746
2001-09-04,7.842583026272882e-05,0.5979241902008123,0.8251735489732606
2001-09-05,-0.0033224132133634803,0.592615225757336,0.8232404199000218
2001-09-06,-0.016462256704335657,0.5663971850796854,0.7824175716123061
2001-09-07,-0.016309070532936273,0.540850702905628,0.749198626554076
2001-09-10,0.00488862409444556,0.5483833427777955,0.7600890458641278
2001-09-17,-0.04175315930564939,0.48373344640058025,0.6734651977770014
2001-09-18,-0.00472811212047494,0.4767181883090996,0.6637507817078414
2001-09-19,-0.01431875398913203,0.4555734238594249,0.6369436108412567
2001-09-20,-0.026224585859318274,0.4174016136308816,0.5861002513264466
2001-09-21,-0.01700100841836883,0.3933043568653334,0.5559100062536642
2001-09-24,0.034936500947217064,0.4419815358487209,0.6165644382912963
2001-09-25,0.009794866268504732,0.4561055521540123,0.6307735269477814
2001-09-26,8.02863612181532e-05,0.4562224575703442,0.6223478963701239
2001-09-27,0.011325723401872375,0.47271523033638085,0.6409872527541696
2001-09-28,0.019444269626012443,0.5013511023573765,0.6769609559057796
2001-10-01,0.001037104681459227,0.5029081606141452,0.6731108235562511
2001-10-02,0.011566938251005434,0.5202922065049014,0.693699336482454
2001-10-03,0.0166989748136539,0.5456795277707209,0.7274500395278698
2001-10-04,-0.002811633229715121,0.5413336438479504,0.7231808331137357
2001-10-05,-0.0018086353361456186,0.538545933354897,0.7260000943949108
2001-10-08,-0.009407776385445717,0.5240716372551573,0.7115975945030715
2001-10-09,-0.0029540864039029925,0.5195693979529676,0.7024310622180461
2001-10-10,0.02266980768704348,0.554017743971678,0.7414818427459497
2001-10-11,0.01210030595348989,0.5728218341308875,0.7679668909856814
2001-10-12,-0.0054092573790584,0.5643140360186709,0.7586552265281177
2001-10-15,0.0005398861637438563,0.5651585875224676,0.755964774966472
2001-10-16,0.010074287286494558,0.580926444782093,0.7681440780960567
2001-10-17,-0.009642021259653912,0.5656831183915549,0.7351988782738337
2001-10-18,-0.008173812178871313,0.5528855186501926,0.721537575073453
2001-10-19,0.0006503856029932446,0.5538954930346196,0.7293831686011085
2001-10-22,0.016658461308001665,0.579781000982015,0.7558359652469429
2001-10-23,-0.005669893982631876,0.5708238101906711,0.7475876201076905
2001-10-24,0.00044523843782501586,0.5715232013300189,0.7482641169552939
2001-10-25,0.012850834177370082,0.5917185853962008,0.7722520265407036
2001-10-26,0.0030064682470699947,0.5965040367814658,0.7795338071433362
2001-10-29,-0.02323365233152936,0.559411417045002,0.7371483298000809
2001-10-30,-0.01302351432558491,0.5391024001156357,0.7073285847449975
2001-10-31,-0.003444712284395351,0.533800635171015,0.7073124589480488
2001-11-01,0.020653606943676024,0.5654791506197978,0.7464920491954816
2001-11-02,0.004400995504446027,0.5723688173239794,0.7514861298480648
2001-11-05,0.009206057899954014,0.5868441356963461,0.7766822942682639
2001-11-06,0.010824328427907759,0.6040206577850227,0.8024906490043315
2001-11-07,-0.0016941314366711794,0.601303235963599,0.7975610715395427
2001-11-08,0.0015743176187714327,0.6038241958609722,0.8019752134701545
2001-11-09,-3.808120698391799e-05,0.603763120299804,0.8048267263452267
2001-11-12,-0.0013004677433639976,0.6016774780938572,0.8016367683902925
2001-11-13,0.015031160507354643,0.6257525493481009,0.8350812779497438
2001-11-14,0.00038474280536954686,0.6263780459447739,0.8384966037498389
2001-11-15,-8.637887071097876e-05,0.626237561245816,0.8401559875870708
2001-11-16,-0.0055412988032762615,0.6172260929938416,0.8343725295082431
2001-11-19,0.00863854173089133,0.6311965680864553,0.8543651745715861
2001-11-20,-0.0038831216222621604,0.624862433422759,0.8408326810907345
2001-11-21,-0.005136784973507823,0.6165158644907358,0.8317627069313409
2001-11-23,0.01107711166406362,0.63442219122843,0.8532051004715828
2001-11-26,0.0049211288988869565,0.6424653935066662,0.864611151971872
2001-11-27,-0.004366444440513747,0.6352936596204528,0.8518519101203159
2001-11-28,-0.01820522048572997,0.6055227779881462,0.8180530263401145
2001-11-29,0.009585426477612818,0.6209123985346843,0.836869471506505
2001-11-30,-0.0029893085832993598,0.6160669911889682,0.8356612166717157
2001-12-03,-0.006725733251439079,0.6051977556897754,0.8202762231023688
2001-12-04,0.010452089392492033,0.6219754261248724,0.8442802584847273
2001-12-05,0.01696082459585995,0.6494854668261716,0.8854413551962448
2001-12-06,-0.0024350949836883045,0.6454688130402364,0.8802055842454912
2001-12-07,-0.0031444863726600896,0.6402946587809943,0.8660449713078824
2001-12-10,-0.015089791981803961,0.615542953591125,0.8364346649570715
2001-12-11,-0.002163842964541016,0.6120471723370831,0.8313277037258473
2001-12-12,-0.00010737675755962485,0.6118740759386843,0.8318270134630754
2001-12-13,-0.01317091229040633,0.5906442238613161,0.8033284038214221
2001-12-14,0.0019488719281920731,0.5937441857369403,0.8093051748075735
2001-12-17,0.008730894748688316,0.6076589984789436,0.8274612489233095
2001-12-18,0.00803759139056036,0.6205807046040748,0.8412515584992797
2001-12-19,0.010534193197078198,0.6376522148378312,0.8519486649020078
2001-12-20,-0.006560239739486726,0.6269088236985936,0.8364346649570715
2001-12-21,0.0014330154418049738,0.6292402091653624,0.8444251940012049
2001-12-24,-0.0009798625522395136,0.6276437776957984,0.8440385681865572
2001-12-26,0.004223963569210919,0.6345188857164383,0.8516424714160429
2001-12-27,0.006014604260554758,0.6443498699704255,0.8641438971724804
2001-12-28,0.0028385259427987607,0.6490173997353743,0.870410735847648
2001-12-31,-0.010264753015814972,0.6320906434083093,0.8495642101702663
2002-01-02,0.004929007367876145,0.6401352302147105,0.8601808842443113
2002-01-03,0.007131592287501953,0.6518320059729699,0.8772575132447873
2002-01-04,0.0049038078469732784,0.6599322727257415,0.8889211841841345
2002-01-07,-0.007324749481640044,0.6477736846715361,0.8766453229289182
2002-01-08,-0.007196491962521544,0.6359154945937429,0.8699112294543596
2002-01-09,-0.0015681767662864914,0.6333500899235129,0.8609380100766582
2002-01-10,0.0015518674824039225,0.6358848328154469,0.8632095842297587
2002-01-11,-0.00784042178039801,0.6230588057420179,0.8455689456481994
2002-01-14,-0.0036826083347382015,0.6170817158562221,0.8339859036935955
2002-01-15,0.00869479264581056,0.6311419060669234,0.84651938438787
2002-01-16,-0.0143656314376666,0.6077095226218332,0.8165224522224115
2002-01-17,0.009416000104438249,0.622847715654747,0.8347430295259421
2002-01-18,-0.0070910240491613916,0.6113400634749124,0.8165385780193599
2002-01-22,-0.005528615044471618,0.6024315845582251,0.8032157198988412
2002-01-23,0.003853185692201313,0.6086060510125764,0.8175053392120395
2002-01-24,0.002407859650851753,0.6124793486169253,0.8239009876067362
2002-01-25,0.00121595736289858,0.6144400547533979,0.8257214327573945
2002-01-28,-0.002142892653787952,0.6109804830200858,0.8253670585366442
2002-01-29,-0.029873364326187923,0.5628550761284485,0.7731381587486394
2002-01-30,0.008419501686181562,0.5760135370771695,0.7939683619730122
2002-01-31,0.015596175620591284,0.6005933209818544,0.820759407042648
2002-02-01,-0.007297861524530834,0.5889124125682399,0.8078713554715629
2002-02-04,-0.024933147941157197,0.5492958243201349,0.7631498007874122
2002-02-05,-0.0018989168788228453,0.5463538403290438,0.7560292781542661
2002-02-06,-0.005772855903733973,0.5374269624326384,0.7455416104558106
2002-02-07,-0.0025127818053279826,0.533563743934417,0.7401609039885793
2002-02-08,0.01624187916573456,0.5584717009563513,0.7660174394594328
2002-02-11,0.01104395634519674,0.5756833943869377,0.7913424135991611
2002-02-12,-0.0033481380988266266,0.5704077887825023,0.7841896393721177
2002-02-13,0.012181478196850573,0.5895376770217207,0.8019268360793088
2002-02-14,-0.0006884652233591442,0.5884433356098722,0.7986564457956915
2002-02-15,-0.013189131783027417,0.567493147126642,0.7788411844987841
2002-02-19,-0.018368543200331055,0.5387005815374233,0.7452676685637436
2002-02-20,0.013286094021141084,0.5591439021341138,0.7688528265375572
2002-02-21,-0.015787654112860025,0.5345286774950455,0.7414173395581549
2002-02-22,0.004701557160057495,0.5417433517860359,0.7557392104652507
2002-02-25,0.0173421908345679,0.5684805592106357,0.7872989683423091
2002-02-26,0.001360243720896081,0.5706140750426496,0.7872183393575656
2002-02-27,0.003779757446814181,0.5765506152888631,0.7880399683777071
2002-02-28,-0.0004467571274259167,0.575846280064735,0.7829491329434315
2002-03-01,0.019487470076122,0.6065555372920648,0.8233049230878164
2002-03-04,0.019460272750845012,0.6378195462371488,0.8588436230339325
2002-03-05,-0.0038345466562268973,0.6315392507726221,0.8464389520591868
2002-03-06,0.013170595230538883,0.6530275938472851,0.8732299971288229
2002-03-07,-0.004308467060955013,0.6459055789083443,0.8648044648791955
2002-03-08,0.002822231495061042,0.650550705471036,0.875711009986196
2002-03-11,0.002045746588092737,0.6539273139452275,0.8820744067869954
2002-03-12,0.00042373920560535557,0.6546281477913678,0.8777568229820154
2002-03-13,-0.00859372659143892,0.6404087258787499,0.859246374645529
2002-03-14,0.0006127525973377488,0.6414138905862277,0.8575549358704602
2002-03-15,0.011718623094911363,0.6606490013127597,0.8786913325807977
2002-03-18,-0.002629625559124428,0.6562821162541732,0.8777086422472296
2002-03-19,0.0037209749444512812,0.6624451005096978,0.8853447970706128
2002-03-20,-0.014682928255382043,0.6380355383704024,0.8556377359381098
2002-03-21,0.0018476565129712584,0.6410620654013508,0.8584408714223359
2002-03-22,-0.0031893389590206675,0.6358281622219955,0.8505630263007828
2002-03-25,-0.013576880335771379,0.6136187190136226,0.823449858604294
2002-03-26,0.007325606093070296,0.6254394541335209,0.8341147134131246
2002-03-27,0.005853740955054958,0.6349543556361446,0.8439256876079164
2002-03-28,0.00030880187871159897,0.6354592326127728,0.8484527101171688
2002-04-01,-0.0026415074093449724,0.6311391549321446,0.847083393968953
2002-04-02,-0.0035431196930611293,0.6253598336701816,0.8313277037258469
2002-04-03,-0.008979250543397124,0.6107653205004828,0.813026694093633
2002-04-04,0.0010305424158929212,0.612425282485308,0.8145409457583266
2002-04-05,-0.0018550343948695806,0.6094341781271406,0.8087252360856017
2002-04-08,0.0018957583889931753,0.6124852764718574,0.812849506983258
2002-04-09,-0.004162590011968126,0.6057731613655699,0.800783084432314
2002-04-10,0.009017202633384479,0.6202527433448537,0.8211944102481419
2002-04-11,-0.02327677422492903,0.5825384860506937,0.7780516104164794
2002-04-12,0.006725955766591564,0.5931825699067994,0.7898442877314165
2002-04-15,-0.010253669525228177,0.5768466023416212,0.7762152361249333
2002-04-16,0.02084763421041805,0.6097201235131797,0.8178113360419446
2002-04-17,-0.0012204173534915682,0.6077555931401797,0.8141059425528334
2002-04-18,-0.00338289526608841,0.6023167243551186,0.8115283715698285
2002-04-19,-0.0016427240313492935,0.5996845601661878,0.8126561940759347
2002-04-22,-0.013996453830270155,0.5772946490768256,0.784721200703244
2002-04-23,-0.005875013159429005,0.5680280222572023,0.7736535942828171
2002-04-24,-0.006339383622366265,0.5580876910934935,0.7610556104007478
2002-04-25,-0.002422741839274891,0.554312846855022,0.7583812846360507
2002-04-26,-0.010490179794769586,0.5380078256341927,0.7339583718451472
2002-04-29,-0.007713783786701257,0.526143965804996,0.7164467396391776
2002-04-30,0.010026408523200886,0.5414457086713749,0.7349251330378268
2002-05-01,0.01162993172810344,0.5593726170258011,0.750294000810225
2002-05-02,0.003244336525559765,0.5644317465641755,0.7472332458869406
2002-05-03,-0.009826669685702276,0.5490585925448632,0.7293027362724258
2002-05-06,-0.018359517132468375,0.5206186247758384,0.6958582267129747
2002-05-07,-0.005315846265575235,0.5125352499379596,0.6907351396848018
2002-05-08,0.033877480263627927,0.5637761330157744,0.7541443298158139
2002-05-09,-0.012691521327380046,0.5439294348723569,0.7286260427687619
2002-05-10,-0.014011196901235541,0.5222971355587469,0.6995956751399226
2002-05-13,0.016160931633385094,0.5468988754922097,0.7311231814230836
2002-05-14,0.016063603142857666,0.5717476451302492,0.7677252006875113
2002-05-15,-0.007305120977884098,0.5602658384358683,0.7577207169293352
2002-05-16,0.009973451057729408,0.5758270734125555,0.7692555781491535
2002-05-17,0.0064714676669498875,0.5860249873668493,0.7827235684422102
2002-05-20,-0.012662750832464034,0.565941548137761,0.7590257265458167
2002-05-21,-0.009222291180672613,0.5514999792089212,0.7396936491891888
2002-05-22,0.006445846651194938,0.5615007101542342,0.7495852523687239
2002-05-23,0.009063319570104374,0.5756530900993071,0.7674028814045977
2002-05-24,-0.011491777705310645,0.5575460350472001,0.7460409201930391
2002-05-28,-0.008448327353551732,0.5443873762748948,0.7311070556261348
2002-05-29,-0.0052204818985405665,0.5363249299327171,0.7200071976118103
2002-05-30,-0.0033832225956631047,0.5311272007154881,0.7151741782726533
2002-05-31,0.0010743023044541304,0.5327720941956293,0.71916944279472
2002-06-03,-0.024450563203488963,0.4952949532299551,0.6765422751532948
2002-06-04,-0.00018868740430376786,0.4950128099065616,0.6765582042941831
2002-06-05,0.00651541201237264,0.5047534343268778,0.691395707391516
2002-06-06,-0.018258116727871792,0.4772794704762717,0.6579673236290136
2002-06-07,-0.002259065271794737,0.4739421997277835,0.6553575010521111
2002-06-10,0.0032062766189160825,0.47866806614040436,0.6605287688150698
2002-06-11,-0.017160069150781967,0.453294019874382,0.6329160947252923
2002-06-12,0.010608845979929107,0.46871179229478144,0.6436454527219178
2002-06-13,-0.01088994475037679,0.45271760202246436,0.6264076640799852
2002-06-14,0.002570261681987088,0.45645146640969103,0.6227184947158528
2002-06-17,0.03231498783191688,0.5035166778244977,0.6692766203476104
2002-06-18,0.0018805991088478187,0.5063441899489523,0.6708392494031499
2002-06-19,-0.015631779003213893,0.48279735046889494,0.6432104495164237
2002-06-20,-0.012862503643076464,0.46372486414654457,0.6211396415353341
2002-06-21,-0.015258418555041054,0.44139073751997593,0.5935109399766381
2002-06-24,0.002372910621013681,0.44481102891006796,0.599278272258517
2002-06-25,-0.01408925982070899,0.4244547109319281,0.5725678561736245
2002-06-26,-0.007270330578160644,0.4140984542898347,0.5683631529472852
2002-06-27,0.01763072003667728,0.4390300282417168,0.5959274496462166
2002-06-28,-0.0006735516467922475,0.43806076719641096,0.5946064125608168
2002-07-01,-0.016545477887225067,0.41426736457227675,0.5605014336226808
2002-07-02,-0.018128412603326868,0.38862894225589084,0.5273791450181129
2002-07-03,0.0008931446580209723,0.38986918877764,0.5368840240549702
2002-07-05,0.034932007575861845,0.43842010980947754,0.5933337528662628
2002-07-08,-0.009479076745008704,0.4247852151970297,0.5739210465248916
2002-07-09,-0.022463792897526192,0.39277913519938634,0.5350152998414961
2002-07-10,-0.030725319958850368,0.3499855506383742,0.48288305650715335
2002-07-11,0.008061350704893853,0.3608682576086095,0.4939990403184267
2002-07-12,-0.009606492882835254,0.34779508637741596,0.4843652532340099
2002-07-15,-0.0024905725052780407,0.34443830499253547,0.4787911355314247
2002-07-16,-0.017868084067547703,0.3204157683352975,0.4514201517398171
2002-07-17,0.003384561034628859,0.32488479609431464,0.45963624528517166
2002-07-18,-0.02671927668424739,0.28948483265271796,0.42019883894262033
2002-07-19,-0.030398433433994995,0.25028651380317823,0.36573071492344256
2002-07-22,-0.03637043855318915,0.20481304497901864,0.32078359573807047
2002-07-23,-0.04244627013447198,0.15367322501030345,0.2850998619474463
2002-07-24,0.05511659676759938,0.21725976695477223,0.3587711552756927
2002-07-25,-0.0009360577349638573,0.21612034153445392,0.35111887465536085
2002-07-26,0.021404552591389743,0.24215085334228692,0.37393078099987864
2002-07-29,0.05250500915257736,0.30736999526590547,0.4482303904409428
2002-07-30,0.0050770243399895455,0.3140075445532424,0.4543844468654996
2002-07-31,0.012224776688089134,0.3300709933518702,0.46862568878785194
2002-08-01,-0.027637927739354473,0.29331058734939974,0.4251929195952038
2002-08-02,-0.022891907087982,0.26370424154789385,0.3922961954918571
2002-08-05,-0.033120365739494194,0.2218498948812775,0.34454594082225887
2002-08-06,0.02973413561064803,0.25818054535153334,0.38477282291908455
2002-08-07,0.018980590441138097,0.28206155498385876,0.4124821534625238
2002-08-08,0.03562317203276592,0.3277326543136443,0.4587019323424495
2002-08-09,0.007293693885271432,0.33741672985568694,0.46382492104259243
2002-08-12,-0.005606319058360525,0.32991874495412676,0.45602760657775243
2002-08-13,-0.0225713450545846,0.2999006900672072,0.4244680453567542
2002-08-14,0.0358607959379254,0.3465161634532756,0.4815137403589369
2002-08-15,0.009169304177775697,0.35886277973627023,0.4986387467502589
2002-08-16,-0.003318469171710982,0.3543534354931299,0.49625448867457767
2002-08-19,0.025135981934052795,0.38839643898000764,0.5315838482444515
2002-08-20,-0.014244817136898055,0.36861898559321693,0.5102057612359441
2002-08-21,0.00395973482982416,0.3740383538592289,0.5294250563419611
2002-08-22,0.013054401181758943,0.391975601769631,0.5509159256010792
2002-08-23,-0.020729423610718903,0.36312074986476284,0.5157315015476831
2002-08-26,0.009279026745696025,0.37576918376037094,0.5271535805168908
2002-08-27,-0.012602215704044297,0.3584314437476457,0.5060010580096046
2002-08-28,-0.019020634567532866,0.3325932156710756,0.47869447907776164
2002-08-29,-0.0017868322288516901,0.3302120951653653,0.478581696827151
2002-08-30,-0.00019057595378010688,0.3299585887265992,0.4757946871398735
2002-09-03,-0.043544017776764504,0.27204684829672754,0.41449591152050513
2002-09-04,0.014959108083918675,0.29107553458820634,0.43927319853215896
2002-09-05,-0.01607349674375418,0.2703234361870621,0.4163163566711634
2002-09-06,0.014683498464917592,0.28897622841226367,0.44011085502121916
2002-09-09,0.011580548553789313,0.30390328021007207,0.45467441622648486
2002-09-10,0.0034321942871913015,0.3083785295994592,0.4653392710353157
2002-09-11,-0.0006987119818407446,0.3074643498440448,0.4651298323310431
2002-09-12,-0.02386085282233124,0.276267135421971,0.4288176840995712
2002-09-13,0.0019335126601198347,0.2787348140860044,0.43348964212530183
2002-09-16,0.0036193672750980026,0.2833630250256358,0.4355678050430485
2002-09-17,-0.017569502448846343,0.2608149752146891,0.40724638251177026
2002-09-18,-0.004084556031707263,0.2556651058028092,0.4007057002725658
2002-09-19,-0.026724958482232768,0.22210750798264067,0.3585939681653174
2002-09-20,-0.0024645911181890635,0.21909551267299454,0.36192876330869916
2002-09-23,-0.008893661661400884,0.20825328965034884,0.34309609401732954
2002-09-24,-0.01659710283571323,0.18819978555043315,0.3198814360612152
2002-09-25,0.02293260068276628,0.21544829676380983,0.3526976295078488
2002-09-26,0.022180419531420845,0.2424074499047819,0.37732998100302484
2002-09-27,-0.03000536717267207,0.20512855819232567,0.3328983956798599
2002-09-30,-0.007830164755025987,0.1956922030306929,0.31342138280675425
2002-10-01,0.03974606309816634,0.24321626077833636,0.3659884326905305
2002-10-02,-0.022564985737052602,0.21516310358580126,0.3337683037628174
2002-10-03,-0.014543184217870491,0.19749076271559374,0.31933374893314115
2002-10-04,-0.02176159967996427,0.1714314481169219,0.28973956837927894
2002-10-07,-0.01822331437285872,0.15008408457163402,0.2650911894151844
2002-10-08,0.019352179749262594,0.17234071850303034,0.28646917809566164
2002-10-09,-0.028587770711256247,0.13882611084699636,0.25136538302700906
2002-10-10,0.035383267287195035,0.17912149952073242,0.29512027484651027
2002-10-11,0.03976194261839254,0.2260056609247889,0.345705916594232
2002-10-14,0.0037071155622825295,0.23055060558984963,0.35556526817987
2002-10-15,0.05258919032440591,0.29526426559102736,0.41973168247125914
2002-10-16,-0.021365221704064616,0.2675906573913227,0.38549779548556384
2002-10-17,0.025041899256533877,0.2993335349322397,0.41639688732787716
2002-10-18,0.0017596985530014939,0.30161997027352627,0.4247580147177399
2002-10-21,0.015253263698631416,0.321473922915513,0.44945467274465023
2002-10-22,-0.007429329584937184,0.31165625760427385,0.43405345505032455
2002-10-23,0.003640440164479272,0.3164312637264468,0.44368734046277125
2002-10-24,-0.012100416321317177,0.3005018973769591,0.4217131889353436
2002-10-25,0.015321325354295487,0.3204273100705499,0.4461199759292982
2002-10-28,-0.0046350102725107815,0.3143071159242692,0.43416623730093495
2002-10-29,-0.006756251189272372,0.3054273269092367,0.42114937601032065
2002-10-30,0.009262497891993154,0.3175188447728836,0.4349395872582609
2002-10-31,-0.006537953564856591,0.3089049677449349,0.4269650856830458
2002-11-01,0.013670458298686263,0.3267982985234352,0.4514524033337137
2002-11-04,0.008904967341461265,0.33861339404049273,0.46335766624320085
2002-11-05,0.009912801350274086,0.3518828027004324,0.4746992145556952
2002-11-06,0.00592125862902166,0.3598876504113482,0.48818333064570085
2002-11-07,-0.023710205267107,0.32764443507989127,0.4541750081612268
2002-11-08,-0.004817822396135648,0.32124807998645855,0.4414318921066194
2002-11-11,-0.017652852123855332,0.29792428301152984,0.4115477421917715
2002-11-12,0.004529652318558871,0.30380342874938693,0.42243816150182334
2002-11-13,-0.005345572330368273,0.29683385321642497,0.4217615663261898
2002-11-14,0.023833682379534604,0.3277421793730133,0.45678483073812925
2002-11-15,0.009570249237179966,0.3404490029523295,0.46574202264691245
2002-11-18,-0.0118049660133752,0.3246250480298145,0.45048574046906453
2002-11-19,-0.0004463199179677806,0.32403384148703984,0.44465390499939095
2002-11-20,0.018418137204654537,0.3484200784431539,0.4727015822946623
2002-11-21,0.018355432024008182,0.373170911532825,0.5042933951095578
2002-11-22,-0.005356083140327533,0.3658160939647759,0.49912202901856895
2002-11-25,0.002588375737136346,0.3693513392037846,0.5028595757735472
2002-11-26,-0.0230302069365513,0.33781489449307767,0.471348293615365
2002-11-27,0.027391268607348185,0.37445934161504857,0.5125256144518613
2002-11-29,-0.00198672789009171,0.37172866490726486,0.5084014418822351
2002-12-02,-0.003851278431383252,0.3664457558863974,0.5055339015382443
2002-12-03,-0.01241307302570327,0.34948396493291733,0.4833341855095954
2002-12-04,-0.0036552083519064867,0.3445513198735306,0.47822732260640133
2002-12-05,-0.01239483060614272,0.32788583402243243,0.46045787430531293
2002-12-06,0.004358444754856724,0.3336733510707761,0.46960837912141984
2002-12-09,-0.01890379641024512,0.30846186156436484,0.4370177501760075
2002-12-10,0.013585167816984618,0.3262375355358409,0.45707480009911516
2002-12-11,0.0006335726257950351,0.3270778033336583,0.4578964291192569
2002-12-12,-0.003979945691268298,0.32179610574830275,0.45245121946423095
2002-12-13,-0.012208429943983141,0.3056590505910448,0.43295798246614625
2002-12-16,0.025173586776667506,0.3385271720018399,0.4666603081207161
2002-12-17,-0.008503771449780182,0.32714464285181566,0.45472269528930154
2002-12-18,-0.012107347472256325,0.31107644151486524,0.43560005663694623
2002-12-19,-0.007322754942546335,0.3014757500227063,0.4245324502165191
2002-12-20,0.01451327401796717,0.32036442421052524,0.4430751501469028
2002-12-23,0.0005451116722703389,0.32108417026981284,0.44568497272380525
2002-12-24,-0.0066519136483635085,0.31229643244695815,0.43777487600835463
2002-12-26,-0.004411617418171991,0.30650708264777027,0.43324795182713216
2002-12-27,-0.01651991567450934,0.2849236958142798,0.4102750824972179
2002-12-30,0.005305580258145712,0.29174096160801555,0.41670298248581195
2002-12-31,-9.805570539923533e-05,0.291614299036832,0.41739570345839416
2003-01-02,0.03120869512449232,0.33192389591390725,0.46445323715541
2003-01-03,-0.0007107195615953466,0.3309772715465251,0.4637443903858791
2003-01-06,0.023969344935816435,0.3628799248699557,0.49664111448922577
2003-01-07,-0.00956492788614409,0.34984407667110107,0.48684616776335243
2003-01-08,-0.012401171813210068,0.3331044283552589,0.46590308396033886
2003-01-09,0.017086535969654593,0.35588256512165684,0.4943212612733092
2003-01-10,0.0001579786086812145,0.35609676556282976,0.4943212612733092
2003-01-13,-0.0006775183672112104,0.35517798509644516,0.49221084676166527
2003-01-14,0.007317503883641734,0.3650945052654142,0.5009102225753297
2003-01-15,-0.012452523507733407,0.348095633848319,0.47925829200278525
2003-01-16,-0.004356083421209179,0.3422232168075079,0.47342645653311166
2003-01-17,-0.012399023127723872,0.3255809600997437,0.45277344041911394
2003-01-21,-0.014104057001985726,0.30688489067774993,0.42996153407459614
2003-01-22,-0.008600746028460178,0.29564470564459877,0.4150435986485801
2003-01-23,0.009754398789681411,0.3082829407931955,0.42951050340018404
2003-01-24,-0.03178132606898185,0.26670397406136037,0.38772099224781886
2003-01-27,-0.015069369216979656,0.24761554418761422,0.3652957117179487
2003-01-28,0.010860165943573953,0.2611648560312738,0.3831134390818529
2003-01-29,0.004550470441797062,0.26690374943087747,0.39248950839918106
2003-01-30,-0.021589043432878118,0.23955250935913797,0.3606721310830643
2003-01-31,0.01274267020355397,0.2553477181858892,0.37853823583781443
2003-02-03,0.007493071033834377,0.26475412781041796,0.3859810777538739
2003-02-04,-0.017050378470849246,0.24318959125868145,0.3664556874899221
2003-02-05,-0.005805003100110321,0.2359728718273999,0.35902897137081147
2003-02-06,-0.01005288427025318,0.22354777958574656,0.35026509236935244
2003-02-07,-0.010911259127100788,0.21019733270829777,0.33663594243483885
2003-02-10,0.0063743171320567674,0.21791151429934952,0.34675301178756524
2003-02-11,-0.00865866805812033,0.20736602277286886,0.3358465650085949
2003-02-12,-0.01295640356896104,0.19172290132637215,0.3188987457276482
2003-02-13,0.0027401197946348987,0.19498836483801618,0.31678833121600425
2003-02-14,0.01969836972614383,0.21852768746703566,0.34501319562165067
2003-02-18,0.017394661787343255,0.2397235644690383,0.3712403294382336
2003-02-19,-0.005891447199763595,0.23241979854666628,0.3615098859001551
2003-02-20,-0.009351601598520326,0.22089469958852925,0.3485734569382237
2003-02-21,0.012215080707189971,0.2358080268789835,0.36640731009907657
2003-02-24,-0.016708003032106775,0.2151601426187877,0.34129177466362104
2003-02-25,0.007727602425626261,0.22455041708441303,0.35094168754498645
2003-02-26,-0.012281012453152884,0.20951169816268567,0.3331883650408469
2003-02-27,0.011135528734552055,0.22298025043235303,0.34886352462724
2003-02-28,0.0018513435381289172,0.22524440701625026,0.35509811170851013
2003-03-03,-0.006742633500210156,0.2169830330315572,0.34488428757409184
2003-03-04,-0.013541909901085513,0.20050275844709398,0.3242311731320642
2003-03-05,0.01134669818177857,0.2141245009135857,0.33689366020192835
2003-03-06,-0.010142887289269193,0.20180977294567914,0.32440836024243946
2003-03-07,0.00669445595412522,0.20985523553590135,0.3353471569433373
2003-03-10,-0.02638994542029407,0.17792722190365184,0.30085545386252344
2003-03-11,-0.00949951472889506,0.1667374849096117,0.28998116034942023
2003-03-12,0.003946678661546724,0.17134222284493128,0.29555527805200543
2003-03-13,0.03352627240769034,0.21061296129065998,0.34019630207944296
2003-03-14,0.003158245582408556,0.21443637432766294,0.3424033730447489
2003-03-17,0.03030293348738211,0.2512373590035717,0.38996021647899304
2003-03-18,0.004673901917561387,0.25708551969514293,0.39585655513646145
2003-03-19,0.010700635211736857,0.2705371332713573,0.4080518857349644
2003-03-20,0.0025351842444479473,0.27375817899361277,0.4107099873746827
2003-03-21,0.023306658531112807,0.303445225922629,0.4431234292097197
2003-03-24,-0.03325512383188017,0.260098993526499,0.39228006969490936
2003-03-25,0.008929109305510479,0.2713505551754607,0.4092117631789076
2003-03-26,-0.005553727156042508,0.264289821072333,0.4014950776988111
2003-03-27,-0.0025423826907847746,0.2610755125151034,0.3991913502798432
2003-03-28,-0.0053251434631993175,0.2543601044930328,0.3911040664540175
2003-03-31,-0.016569315403707374,0.23357621629186043,0.36642343589602544
2003-04-01,0.015227368957332225,0.2523603364743263,0.38301678262819183
2003-04-02,0.025734958871835523,0.28458977822621123,0.41913561795234
2003-04-03,-0.006934530947136433,0.27568175065472644,0.4119666196003178
2003-04-04,0.006265490887316774,0.28367452303857,0.4158329760748254
2003-04-07,0.00014755214944385574,0.2838639319736307,0.4175728905687701
2003-04-08,-0.0004731197259748355,0.28325651062194623,0.41493081639797036
2003-04-09,-0.011928668203238523,0.26794896948709135,0.39511545677303284
2003-04-10,0.0052089805820993065,0.27455369104824245,0.40412102607266176
2003-04-11,-0.00203718717293589,0.2719571866176209,0.39883687773106247
2003-04-14,0.0170333005872914,0.2936228157114442,0.4261112050690081
2003-04-15,0.00854004300680817,0.3046704101922082,0.4351006485716886
2003-04-16,-0.012891041006558059,0.28785185043437767,0.4175406389748728
2003-04-17,0.014028516912315506,0.30591850189875314,0.43956316789314664
2003-04-21,-0.0003422376793430506,0.30547156738125225,0.4370338759729575
2003-04-22,0.02266562408913816,0.33506089518657367,0.4682229371762565
2003-04-23,0.008482019393730215,0.3463849075913572,0.48054717582231876
2003-04-24,-0.011873987373007086,0.3303979501994101,0.46831959362991826
2003-04-25,-0.013518222321115925,0.31241333493305756,0.4479887001427736
2003-04-28,0.017685804788437464,0.33562442097642564,0.47381318067579015
2003-04-29,0.0002285971030516271,0.33592974084982585,0.47864620001494695
2003-04-30,0.0019434467278410666,0.338526049133306,0.4771640032880904
2003-05-01,-0.002266964906894724,0.3354916575529563,0.47616518715757383
2003-05-02,0.013533919392187711,0.3535660939952172,0.4983649031862225
2003-05-05,-0.0037478301747350274,0.34849315814464377,0.4926780032330267
2003-05-06,0.006761223813573176,0.3576106221979318,0.5053083370370235
2003-05-07,-0.004732302747505326,0.3511859977204621,0.4976238048227941
2003-05-08,-0.010585890013835841,0.3368824913603583,0.4825609338803003
2003-05-09,0.011142856165451326,0.3517791806716972,0.503729483856505
2003-05-12,0.00978017357814827,0.36499981569799345,0.522578278944823
2003-05-13,-0.0034860758440100835,0.3602413228134105,0.5180513547636005
2003-05-14,-0.0018363656248376388,0.3577434224067122,0.5131861821585764
2003-05-15,0.008448742664209613,0.36921464718665,0.5250914450680635
2003-05-16,-0.0011819960217474925,0.36759624092075693,0.5212733676563719
2003-05-19,-0.022739499771757033,0.33649778651248363,0.48336643710349314
2003-05-20,-0.0015509236940255788,0.33442498042836877,0.48169092746931264
2003-05-21,0.004098982891167063,0.3398947655926905,0.48763554518959706
2003-05-22,0.0057612861964083375,0.34761428281033924,0.5012485693271618
2003-05-23,0.0026381024488592525,0.35116942734993906,0.5034233886985702
2003-05-27,0.019315350470065107,0.37726773838364047,0.5328403821420571
2003-05-28,0.003036467525723359,0.38144976714546885,0.5356435176262833
2003-05-29,-0.004896333671934943,0.37468572813450773,0.5298761853444045
2003-05-30,0.014237974206477494,0.3942584680736996,0.5523497449370904
2003-06-02,0.0050665964743517155,0.4013226131123768,0.5578432336549322
2003-06-03,0.005305356370640498,0.408757128965175,0.5651894191173297
2003-06-04,0.013563840314624808,0.42786528570454796,0.5888389819509074
2003-06-05,0.003532264425663478,0.43290888345788203,0.5951219464230237
2003-06-06,-0.0024323579441297683,0.42942353615198914,0.5912877432143833
2003-06-09,-0.01169634977844874,0.4127044984916084,0.5722295094217924
2003-06-10,0.008138121233899481,0.4242012589680084,0.5865836319227855
2003-06-11,0.013908234809325248,0.44400938449347227,0.6069466786757975
2003-06-12,-0.0006782423353266918,0.4430299961962998,0.6086060625130292
2003-06-13,-0.007185804646310035,0.4326606645448676,0.592657059362599
2003-06-16,0.02180187718635253,0.46389535640299306,0.6283086398873561
2003-06-17,0.001278831533885546,0.46576743194706993,0.6297907382861825
2003-06-18,-0.0035883334440288215,0.46050776964984586,0.6272615446940235
2003-06-19,-0.014427747785163552,0.4394359319110661,0.6024681318854208
2003-06-20,0.00241402579948839,0.4429107673874102,0.6040630125348578
2003-06-23,-0.013001306435041002,0.42415104234218615,0.5814283916287455
2003-06-24,0.0017240072769503412,0.4266062891026605,0.5843443093635823
2003-06-25,-0.007992700986619288,0.41520385160823237,0.5712468190882245
2003-06-26,0.009461762270105433,0.42859417401588695,0.5881623867752739
2003-06-27,-0.010027608733924113,0.4142687905992921,0.5726966658931534
2003-06-30,-0.0023503575226055252,0.4109447533083208,0.5699257820028245
2003-07-01,0.009001519248899834,0.4236453996643601,0.5825238642129238
2003-07-02,0.011427149061750276,0.43991360785739997,0.6009376560957482
2003-07-03,-0.007533159091294037,0.429066509571691,0.5879690738679497
2003-07-07,0.01627545484641104,0.45232521702074324,0.6181270673468346
2003-07-08,0.002305284618970216,0.45567324000528364,0.6236367801896554
2003-07-09,-0.004430857855543915,0.4492233587947012,0.6145668060302616
2003-07-10,-0.012925960422819297,0.4304907550150956,0.5928020932071065
2003-07-11,0.01085427507379864,0.4460176951605552,0.6080099979941085
2003-07-14,0.007649439082176408,0.4570789194314351,0.6172249076699798
2003-07-15,-0.0035426138473532206,0.4519170514747708,0.6116830415612919
2003-07-16,-0.007463253909254321,0.44108102586443865,0.6014854415518525
2003-07-17,-0.010567171266270693,0.425852875855556,0.5815733271452228
2003-07-18,0.011923273940215563,0.44285371029282583,0.600244935123166
2003-07-21,-0.013129046602957484,0.4239104166891412,0.5768530900566766
2003-07-22,0.008725762569333299,0.4363351209051711,0.591851556139406
2003-07-23,0.0011214026082631114,0.4379458308560942,0.5926570593625988
2003-07-24,-0.005325624815238067,0.4302878708563189,0.5813638884409504
2003-07-25,0.01821998101493074,0.45634768870920683,0.608879906077066
2003-07-28,-0.002121831979058808,0.45325756361067526,0.6054001754172063
2003-07-29,-0.007862952481565447,0.441830668444529,0.5937365044778589
2003-07-30,-0.00042098712752127815,0.4412236762930486,0.5908527400088892
2003-07-31,0.0016167615216431063,0.44355379127696026,0.5953957899870606
2003-08-01,-0.012798046996310541,0.4250791220144956,0.5790280077561156
2003-08-04,0.003407348009739328,0.4299348625246129,0.5833293674361169
2003-08-05,-0.01581676908916408,0.40731791299151543,0.555362319125589
2003-08-06,0.00496211287330781,0.41430118332440724,0.5579721417024914
2003-08-07,0.006813611847894631,0.42393768262359766,0.5693135916869558
2003-08-08,0.003353125718848698,0.4287123246892406,0.5749038351864899
2003-08-11,0.002552246387186944,0.43235875055825823,0.5797368545256469
2003-08-12,0.008966262684451224,0.44520165537413603,0.5954601948468257
2003-08-13,-0.007371448660282362,0.4345484255677905,0.5852787206343348
2003-08-14,0.005662591972152515,0.4426716879660746,0.5957180109419444
2003-08-15,-0.0010957002275911332,0.441090952269231,0.5959757287090328
2003-08-18,0.004928207039558205,0.4481929468448478,0.6105875689771145
2003-08-19,0.0017926272736491855,0.4507890170188684,0.6147922722034538
2003-08-20,-0.0031722438571539615,0.4461867604716039,0.6114897286539691
2003-08-21,-0.0006169368291588826,0.4452945545972271,0.6162744689303101
2003-08-22,-0.011664009924855594,0.4284366245680653,0.5998260577146217
2003-08-25,0.00047093506177304156,0.4291093254580953,0.6008732512359845
2003-08-26,0.004287545457516039,0.43523669665475695,0.6057384238410088
2003-08-27,-0.002158574232765521,0.43213863170343836,0.6058350802946708
2003-08-28,0.004558662884642868,0.43866726892944796,0.6155817479577284
2003-08-29,0.0038297323693728164,0.44417697953802415,0.6239106237536935
2003-09-02,0.011124824929958624,0.4602431956032613,0.6464324624091953
2003-09-03,0.004551203529350455,0.4668890595888009,0.6533276171971805
2003-09-04,9.212109898363186e-05,0.4670241910210573,0.656066249493612
2003-09-05,-0.005764171713372038,0.4585680116763411,0.6454658978725762
2003-09-08,0.009302678840637315,0.4721366014561932,0.6619787139480293
2003-09-09,-0.005350977388470433,0.46425923178906126,0.6483334382165671
2003-09-10,-0.008345320873006183,0.45203951865852,0.6285986092483427
2003-09-11,0.0032513054237154307,0.4567605426209833,0.6374591447034639
2003-09-12,0.002307762513329575,0.4601223999921418,0.6410195043480669
2003-09-15,-0.00392909799354,0.4543854360000099,0.6348654479235101
2003-09-16,0.013165682968929322,0.473533413565014,0.6582410688650207
2003-09-17,-0.002626909089561156,0.46966257524714794,0.6528442366008407
2003-09-18,0.015587717994471123,0.4925712610171289,0.6747700107374222
2003-09-19,-0.0019860824018653528,0.4896068915020928,0.669486059051883
2003-09-22,-0.011537331837593423,0.47242080248726714,0.6477696252915437
2003-09-23,0.0053969188949141746,0.48036733813747534,0.6577740107216896
2003-09-24,-0.01695271696359935,0.4552710896518737,0.6261176947189995
2003-09-25,-0.005080025377535419,0.4478782755852486,0.6162744689303103
2003-09-26,-0.006132598185578215,0.43899901989945644,0.6059317367483328
2003-09-29,0.009856788942768868,0.45318292952745676,0.6216068963347257
2003-09-30,-0.00895953656185679,0.4401630839392894,0.6045140432092708
2003-10-01,0.022438498368428837,0.4724781809485328,0.6403589366413516
2003-10-02,0.002985094229011125,0.47687366706882695,0.64361320112802
2003-10-03,0.005144724323628242,0.484471774946722,0.659094949479059
2003-10-06,0.0038811296938544054,0.4902332024321563,0.6663444784877945
2003-10-07,0.004630060855136405,0.49713307284776187,0.6742384494062963
2003-10-08,-0.004180709634280177,0.49087399418630784,0.6654262913420212
2003-10-09,0.0029286182687694295,0.495240195002115,0.6734006945892059
2003-10-10,-0.001401301983531684,0.4931449119510023,0.6723214461300062
2003-10-13,0.008350866609030366,0.5056139659386576,0.6840655493980368
2003-10-14,0.004937534347381074,0.5130479866093762,0.6907190138878521
2003-10-15,-0.00232930019365512,0.5095236436411577,0.6863371235511377
2003-10-16,0.002436673220706483,0.5132018594796413,0.6916694526275231
2003-10-17,-0.009198928001474203,0.4992820245225913,0.6743511333288774
2003-10-20,0.004374535393903364,0.5058406868043084,0.6829863009388377
2003-10-21,-0.0004808582109092084,0.5051165909457374,0.6851611203102461
2003-10-22,-0.013503481086437324,0.4847922775270186,0.6599165784992012
2003-10-23,0.005185989368584316,0.4924923944928299,0.6654101655450733
2003-10-24,-0.004085239018695678,0.48639520632774125,0.6575806978143661
2003-10-27,-0.0037965146572672996,0.4807520851404261,0.6611570849278878
2003-10-28,0.012719014439254548,0.4995857922922835,0.6863855009419841
2003-10-29,0.0018405321944860976,0.5023458282213913,0.6885119429225468
2003-10-30,-0.0018231687585835948,0.49960679824278964,0.6866269945840939
2003-10-31,0.003569314025867777,0.5049593658210441,0.6927005203519376
2003-11-03,0.0077774703645368095,0.5166641426885494,0.7060880783163113
2003-11-04,-0.00441124696356275,0.5099737625943701,0.6967925396556964
2003-11-05,-0.002338346478028961,0.5064429207646914,0.69447278476781
2003-11-06,0.004140318052364245,0.5126800735843897,0.7045254492607715
2003-11-07,-0.007359771702555721,0.5015470935838033,0.6967280364679016
2003-11-10,-0.001747111272911524,0.49892372372979565,0.6869009364761611
2003-11-11,-0.0010254484441646024,0.4973866547293755,0.6860309300651735
2003-11-12,0.008204288350159676,0.5096716466164561,0.7052987008900671
2003-11-13,-0.0008671821074589046,0.5083624863763723,0.7051053879827431
2003-11-14,-0.007122455506245481,0.4976192416798668,0.6921205816299656
2003-11-17,-0.005250169826044928,0.48975648632629487,0.6812946655077086
2003-11-18,-0.00815931521521777,0.47760109356044333,0.6660223558609422
2003-11-19,0.0068966049129281105,0.48779152452164043,0.6793774655753584
2003-11-20,-0.008487587798175138,0.47516376333188215,0.6652168526377495
2003-11-21,0.0005653071563659876,0.4759976839641056,0.6678428010116007
2003-11-24,0.012857081761807759,0.4949747068670709,0.6949075913172436
2003-11-25,0.0022510264228142573,0.49833993443366764,0.6978236073801105
2003-11-26,0.004116350164676469,0.504507626269515,0.7051696945144779
2003-11-28,-0.00018047762925298236,0.5042360962999328,0.7047669429028813
2003-12-01,0.011074387552156426,0.5208945898003012,0.7239702105399801
2003-12-02,-0.004012230200154499,0.5147924105958528,0.7183316879776305
2003-12-03,-0.0022249108561411,0.5114221325167179,0.7152868621952342
2003-12-04,0.005729093602962982,0.5200812113874962,0.7233257686302137
2003-12-05,-0.0061137777401324735,0.5107877727141217,0.7100833428383782
2003-12-08,0.007628340112063009,0.522312575681531,0.7226492717826105
2003-12-09,-0.0053014871862715396,0.5142420550680553,0.7079569008578157
2003-12-10,-2.749031282167283e-05,0.5142004280802737,0.7061364557071574
2003-12-11,0.009564717422123326,0.5286833272953197,0.7257261525028438
2003-12-12,0.003593238703492533,0.5341762513923409,0.7304464879194206
2003-12-15,-0.0017168853910918729,0.5315422465989654,0.7206193879276801
2003-12-16,0.007853156900574712,0.5435696881613656,0.7320413685688576
2003-12-17,0.00024073182029157685,0.5439412745021435,0.7342161879402662
2003-12-18,0.01003025795245221,0.5594274037488378,0.7546760878030001
2003-12-19,-0.0005259365522402611,0.5586072438766412,0.75383833298591
2003-12-22,0.004117588632125226,0.5650249473459756,0.7607332911178346
2003-12-23,0.0008314651117584371,0.5663262109887255,0.7656953168325811
2003-12-24,-0.001720106410588995,0.5636319632321303,0.762505555533707
2003-12-26,0.0017899475951654138,0.5664307825044415,0.7654858781283085
2003-12-29,0.01187938286739373,0.5850390135050829,0.7873794006709927
2003-12-30,0.00082947041166752,0.5863537564681243,0.7876372167661112
2003-12-31,0.0015210551876297233,0.588766688078816,0.7913103586613253
2004-01-02,-0.0011102118128483356,0.5870028205338511,0.7857683942246072
2004-01-05,0.012181619394733613,0.6063350848719633,0.8079036070654613
2004-01-06,0.0006374788029470566,0.6073590894389993,0.8102396844063566
2004-01-07,0.0024059134445954433,0.6112262562825734,0.814524819961379
2004-01-08,0.004650053681758706,0.6187185448677464,0.8235304875890381
2004-01-09,-0.006793281683774078,0.6077221338257108,0.8073236683434892
2004-01-12,0.004579822876135661,0.6150852164326752,0.8159747650943379
2004-01-13,-0.00605563490634637,0.6053048500193214,0.8062926006190752
2004-01-14,0.006239415173375614,0.6153210134584253,0.8212750392328858
2004-01-15,-0.0011482366435417073,0.6134662426796893,0.8237399262933103
2004-01-16,0.005348938205893302,0.6220965739090778,0.8362734069875848
2004-01-20,-0.00025540676018920674,0.6216822794784216,0.8345658424155673
2004-01-21,0.009447410568792364,0.6370029777847892,0.8488232101348685
2004-01-22,-0.001765065604846259,0.6341135601336705,0.8428946198835026
2004-01-23,-0.0032582489611057315,0.6287892113240361,0.839044487533974
2004-01-26,0.010967493641675506,0.6466529466428621,0.8613085100943574
2004-01-27,-0.009857430094252856,0.6304211803318345,0.8430720036499382
2004-01-28,-0.011619333511644596,0.6114767728731096,0.8179885231523196
2004-01-29,0.0058212282984157725,0.6208575470655984,0.8270584973117132
2004-01-30,-0.0016530552136854925,0.61817818004678,0.8222577295664537
2004-02-02,0.003966567858626509,0.6245967936052843,0.828911194056269
2004-02-03,4.900202650850137e-05,0.6246764021404301,0.8301517004849557
2004-02-04,-0.00682844302903935,0.6135823918877894,0.8148310134473431
2004-02-05,0.0011429005159432823,0.615426556035995,0.8181657102626949
2004-02-06,0.012318125000205009,0.6353255822818971,0.8409937424041616
2004-02-09,-0.0030007214144228355,0.6304184257875902,0.836241352049748
2004-02-10,0.005424659944026256,0.6392628913139624,0.8454723875225683
2004-02-11,0.010820638184668635,0.6570007619504248,0.8651588390999467
2004-02-12,-0.0035817736444647124,0.6510657602924128,0.8560566133466558
2004-02-13,-0.004403592148335848,0.643795140074003,0.8459073907280625
2004-02-17,0.008588825618713047,0.6579134098849864,0.8639183326712605
2004-02-18,-0.005550096764458751,0.648711830033031,0.8555893585472649
2004-02-19,-0.0045796300122259844,0.6411613398546998,0.8479211487860445
2004-02-20,-0.0026126942552414122,0.6368734870501371,0.8431685617755706
2004-02-23,-0.000194730396145071,0.6365547380275645,0.8381422295290899
2004-02-24,-0.0009750044112591184,0.6349590899387205,0.835081277949745
2004-02-25,0.004302870833650851,0.64199410772103,0.8424598133340699
2004-02-26,0.0011151533788039457,0.6438251829982311,0.844457445595103
2004-02-27,8.605621398667269e-05,0.6439666443699357,0.8445056263298887
2004-03-01,0.007929861431740612,0.657003072058193,0.8622750746309771
2004-03-02,-0.004722208546940506,0.6491783579890131,0.8512074682105499
2004-03-03,0.0018952036651674856,0.6523038868575886,0.854316797180741
2004-03-04,0.0019376486771923874,0.6555054712982782,0.860503006871165
2004-03-05,0.0026354460696897137,0.6598684666859611,0.8637088939669877
2004-03-08,-0.006259627484234078,0.6494783084116802,0.8481465166312052
2004-03-09,-0.005221584030498504,0.640865418817824,0.8374816618223746
2004-03-10,-0.01413169312044349,0.6176772122671426,0.810594058627107
2004-03-11,-0.014385955948622957,0.5944053791523762,0.7830297619281756
2004-03-12,0.01109077229026136,0.612088566150923,0.8052454070977129
2004-03-15,-0.012324388651568754,0.5922205601209289,0.7793404942360131
2004-03-16,0.006491016760671646,0.6025556904633598,0.7893447813381289
2004-03-17,0.013232573843220624,0.6237616269752897,0.8103684941258857
2004-03-18,0.0001094780884172092,0.6239393932942561,0.8080646683788877
2004-03-19,-0.011447516534323424,0.605349320238781,0.7878627812673324
2004-03-22,-0.012582124917552708,0.5851506145552283,0.7646965007020643
2004-03-23,-0.0011962531551518267,0.5832543731311759,0.7623604233611689
2004-03-24,-0.0035208169200124572,0.577680024345572,0.7581395943378808
2004-03-25,0.0135225249785882,0.5990142418830047,0.7869121458716013
2004-03-26,-0.0010266844294070927,0.5973725588584631,0.7850918973770036
2004-03-29,0.01319136952106437,0.6184440905451731,0.8083063586770576
2004-03-30,0.00477872327518427,0.6261781869902459,0.8156042650766389
2004-03-31,-0.0014134268383590547,0.6238797030967997,0.8143315070540549
2004-04-01,0.0073863749911456215,0.6358742875243828,0.8239332392006342
2004-04-02,0.005414498341036313,0.6447317261403274,0.8394633649425192
2004-04-05,0.008119907004937102,0.6580867948046565,0.8535756004892818
2004-04-06,-0.001792312546819704,0.6551149850386122,0.849693216545856
2004-04-07,-0.005418915638602835,0.6461460565625006,0.837401229493691
2004-04-08,-0.001859654794406635,0.6430847931561205,0.8354517779674433
2004-04-12,0.005418925302328802,0.6519885469156261,0.8449245037384334
2004-04-13,-0.014059248383185997,0.6287628296083609,0.8195350264109105
2004-04-14,-0.0015041911572242538,0.6263128589628486,0.8174892134150915
2004-04-15,-0.0008935660401201023,0.6248596410214686,0.8185684618742912
2004-04-16,0.0055291946936688804,0.6338438063265612,0.8278640005349063
2004-04-19,0.000159563364475955,0.634104507941327,0.8298132554050937
2004-04-20,-0.015603342418995046,0.608607015755495,0.8013468973573377
2004-04-21,0.003462117032116474,0.6141762015027243,0.8109161812539594
2004-04-22,0.011738209785914503,0.6331237403873937,0.8364346649570715
2004-04-23,-0.0005506770692798537,0.6322244165922659,0.8375139134162715
2004-04-26,-0.004381279132979439,0.6250731858155105,0.8293461972617626
2004-04-27,0.001550962796749604,0.6275936138687057,0.8335025230972559
2004-04-28,-0.0123101748568928,0.60755765188602,0.8082098005514251
2004-04-29,-0.005381174421801863,0.5989071037681191,0.7944839941632496
2004-04-30,-0.0035536877574078307,0.5932250871682259,0.7838675167452649
2004-05-03,0.008258797685098056,0.6063832108299709,0.8002835780390256
2004-05-04,0.0022890526588744044,0.6100603065898924,0.8036023457134891
2004-05-05,-0.0003127900839331479,0.6095566956914567,0.8067921070123631
2004-05-06,-0.007257462718854602,0.5978753979785931,0.794645055476676
2004-05-07,-0.013701705717313693,0.575981779502555,0.7700127039814999
2004-05-10,-0.010931849044003693,0.5587533845929329,0.7513573201285357
2004-05-11,0.006316731660697678,0.5685996114486105,0.7647769330307463
2004-05-12,0.003951334962304898,0.5747976739351852,0.7677252006875108
2004-05-13,-0.0017311482451723786,0.5720714657054506,0.7663718136801834
2004-05-14,0.00010210773086334266,0.5722319863555689,0.7651796846423429
2004-05-17,-0.010603433263644307,0.5555609294132806,0.7464920491954814
2004-05-18,0.005326401078570358,0.5638464708254893,0.7583974104329985
2004-05-19,-0.0024958294687778848,0.5599433767189588,0.7538705845798062
2004-05-20,0.001781161250553551,0.5627218874146283,0.7546920169438873
2004-05-21,0.002771045952893375,0.5670522615762463,0.7617323039044104
2004-05-24,0.0008369766704679026,0.5683638477605897,0.7647126264990118
2004-05-25,0.01723376395141994,0.5953926601028365,0.793130803811982
2004-05-26,0.0019084957822858857,0.5984374602657327,0.7961754329383177
2004-05-27,0.005143034396929995,0.6066582791052211,0.8063893554007662
2004-05-28,-0.00029851852941043655,0.6061786618384775,0.8054227908641467
2004-06-01,0.0006881159384629514,0.6072838989757074,0.8062603490251767
2004-06-02,0.0037305108600245883,0.613279889015979,0.8123661263869175
2004-06-03,-0.0073897770718728125,0.6013581102816152,0.7989142618908094
2004-06-04,0.004982318845083275,0.6093365869721983,0.8083547360679022
2004-06-07,0.014858414219376993,0.6332487765998298,0.8372240423833148
2004-06-08,-0.00023854052953194138,0.6328591805718022,0.8400594294614383
2004-06-09,-0.008935698668924394,0.6182684429654257,0.8225798521933056
2004-06-10,0.0042755038281786645,0.6251873558883452,0.8308604489264553
2004-06-14,-0.009457984792712225,0.609816358591045,0.8128495069832573
2004-06-15,0.005014153774077322,0.6178882253610456,0.8236754231055143
2004-06-16,0.0011711950858088586,0.6197830880999764,0.8261725617598363
2004-06-17,5.002871877397188e-05,0.6198641237725657,0.8237399262933092
2004-06-18,0.0028923363811843472,0.6245493157103283,0.8285245682416202
2004-06-21,-0.004044137851893454,0.6179794143303965,0.8209206650121346
2004-06-22,0.0028543856610877875,0.6225977515705965,0.8275418779080526
2004-06-23,0.006680907549052539,0.6334381771381403,0.8430881294468862
2004-06-24,-0.0023156008416149497,0.6296557863204333,0.837594542401014
2004-06-25,-0.005689832837731722,0.6203833173132278,0.8275741295019499
2004-06-28,-0.0015348700054165615,0.6178962395622065,0.8258341166799745
2004-06-29,0.001177280791462162,0.6198009577276218,0.8304254457209614
2004-06-30,0.0031880048445219232,0.6249648910280186,0.8379005392309182
2004-07-01,-0.00748653915803881,0.6127995277408991,0.8187295231877167
2004-07-02,-0.0012516794195746124,0.6107808197641262,0.8129944424997353
2004-07-06,-0.005932227228097095,0.6012253019266249,0.798221442590197
2004-07-07,0.0013871090899474233,0.6034463760979809,0.8016367683902923
2004-07-08,-0.0071043390629135185,0.592054949372981,0.7867833361520711
2004-07-09,0.0015765911808842067,0.5945649691656456,0.7927441779973341
2004-07-12,0.0011562472160398323,0.5964086804720379,0.7952249941986471
2004-07-13,0.0009107517718411528,0.5978626125063604,0.7964977522212309
2004-07-14,-0.0028491676366441078,0.5933100340630038,0.7905852877668138
2004-07-15,-0.006036846697347618,0.5836914656460197,0.7828846297556358
2004-07-16,-0.003940170009481483,0.5774514520288097,0.7743464135834279
2004-07-19,0.0006425510814254925,0.5784650451652069,0.7735570361571837
2004-07-20,0.003940928001478633,0.5846856622610537,0.7860745877105697
2004-07-21,-0.012815339165735804,0.5643773780280996,0.7622477394385865
2004-07-22,0.00305316800690778,0.5691536849894252,0.7670162555899487
2004-07-23,-0.006389148810577568,0.5591281285893615,0.7498751234016781
2004-07-26,-0.0002509560706529961,0.5587368559205661,0.7464436718046341
2004-07-27,0.009976190355645308,0.5742871115095896,0.7637781169002285
2004-07-28,0.0018319003646283037,0.5771710486431936,0.7647287522959594
2004-07-29,0.003317928207228092,0.5824039889531101,0.7727999103248362
2004-07-30,0.0011673967151154536,0.5842512821717993,0.7748779749145527
2004-08-02,0.0046693421928648855,0.5916486935277445,0.7827719458330546
2004-08-03,-0.0036092433201406213,0.5859040461126188,0.7716075846309354
2004-08-04,-0.000670750953349101,0.5848402994617685,0.7699000200589179
2004-08-05,-0.015805947530153425,0.5597903968448033,0.7410145879465566
2004-08-06,-0.013058714429361974,0.5394215394827457,0.7140624815634942
2004-08-09,0.0014202828905303918,0.541607953556587,0.7160762396214764
2004-08-10,0.011053018588748256,0.5586473749238101,0.7383404588379201
2004-08-11,-0.0009629842143222302,0.5571464221060636,0.7331046878871668
2004-08-12,-0.010412375956791453,0.5409328281393226,0.7128703525256539
2004-08-13,0.0004255835051921329,0.5415886237335876,0.715399742773873
2004-08-16,0.012976313872508433,0.5615927615774432,0.7388236427781993
2004-08-17,0.0020875752097310276,0.5648527039142079,0.7426417201898909
2004-08-18,0.012426978239916741,0.5842990944144246,0.7643260006843628
2004-08-19,-0.0030143294121708153,0.5795234950564556,0.757978533024452
2004-08-20,0.007035029058737765,0.5906354887431369,0.7694488910564754
2004-08-23,-0.0026265101758658734,0.5864576684458596,0.7651476297045043
2004-08-24,0.000720930158709658,0.5876013936245583,0.7659690620685855
2004-08-25,0.0073427258519530225,0.5992587154201219,0.7800976200683574
2004-08-26,-0.0001115045723269013,0.5990803907610189,0.7803070587726297
2004-08-27,0.0025912425485653365,0.6032239959081351,0.7846246425776098
2004-08-30,-0.005773214390101759,0.5939682400644017,0.7707377748760078
2004-08-31,0.005195468316996772,0.6022496515539555,0.778937742624414
2004-09-01,-0.0007659352390052981,0.6010224320841464,0.7816281941860599
2004-09-02,0.011116499473864496,0.6188201971080549,0.8016047134524542
2004-09-03,-0.003341789761565743,0.6134104403475433,0.7940651167547028
2004-09-07,0.007466436722369874,0.6254568673076091,0.8064216069946624
2004-09-08,-0.004735067001074277,0.6177602201335513,0.798318197371888
2004-09-09,0.0006852653506914624,0.6188688151581359,0.8017173973750347
2004-09-10,0.0034975128495107694,0.6245308296408236,0.8106424360179507
2004-09-13,-0.00038131684905802184,0.6239113686636673,0.8137031909412353
2004-09-14,0.00198376658621952,0.6271328297758041,0.8177468328541484
2004-09-15,-0.006218446142982312,0.617014591906365,0.8049232844708578
2004-09-16,0.003127371238962127,0.6220715968340751,0.8099657425142872
2004-09-17,0.003123640389449956,0.6271383651885254,0.8181014037309591
2004-09-20,-0.008022435882448649,0.6140847519819281,0.8078713554715617
2004-09-21,0.005389776309881895,0.6227843077403017,0.819309658565748
2004-09-22,-0.014089832523551947,0.5999195486223927,0.7939524328321226
2004-09-23,-0.0063901126757671435,0.5896958824345331,0.785575081317281
2004-09-24,0.002066301843266884,0.5929806739666414,0.7883943425984559
2004-09-27,-0.004805136200918958,0.5853261848628002,0.7777778651804712
2004-09-28,0.005354547742678316,0.5938148896073663,0.7883139102697727
2004-09-29,0.003279272448910765,0.5990414428635196,0.7959500650931557
2004-09-30,-0.004032420382818661,0.5925934355563449,0.795595494216345
2004-10-01,0.013689866013893815,0.6143958263037181,0.822853794085372
2004-10-04,0.0023078779292542923,0.6181216548003245,0.8287662585397892
2004-10-05,-0.0025659190679336785,0.613969685592036,0.8276545618306319
2004-10-06,0.005852854688309247,0.6234160156331423,0.8398499907571653
2004-10-07,-0.00715647001282993,0.611798087598916,0.8214844779371566
2004-10-08,-0.005078933125415848,0.6036118729003279,0.8077747973459297
2004-10-11,0.0025342513741862275,0.6076758284928869,0.8113995618502972
2004-10-12,-0.0021358597266364675,0.604242058437322,0.8072914167495895
2004-10-13,-0.00817662384584264,0.5911247745677999,0.7940973683485999
2004-10-14,-0.015149244297530659,0.5670204366500189,0.7774073651627718
2004-10-15,0.00243438590072064,0.5708351691071407,0.785317265222162
2004-10-18,0.005664151197514049,0.5797326170113359,0.7946934328675204
2004-10-19,-0.010696715609725772,0.5628346664677579,0.7773106103810798
2004-10-20,0.0012549706942428707,0.5647959781741219,0.7780034296816922
2004-10-21,-0.0009219128848615055,0.5633533725996636,0.7825625071287818
2004-10-22,-0.010292807876845146,0.5472620766918772,0.7652441878301361
2004-10-25,0.0009468800939537503,0.5487271483524263,0.7637299361654426
2004-10-26,0.01779771104174515,0.5762909466213086,0.789973097450944
2004-10-27,0.009501553944588528,0.5912681600829977,0.8130266940936317
2004-10-28,0.0022762702907958674,0.594890316520484,0.8163130135181376
2004-10-29,0.0016720277321824136,0.5975570173594955,0.8207594070426469
2004-11-01,0.0005798734977163859,0.5984833983349533,0.8212589134359354
2004-11-02,0.0006706688881959863,0.5995554514185142,0.8213395424206786
2004-11-03,0.010671438701811278,0.6166250093684749,0.8417024908456605
2004-11-04,0.013630709688124043,0.6386607555457373,0.8714579293690092
2004-11-05,0.0019460991872102072,0.6418497519102182,0.8787074583777446
2004-11-08,-0.0017946893469473482,0.6389031416511768,0.8766453229289164
2004-11-09,-0.000643404102698043,0.6378486646459138,0.8753403133124349
2004-11-10,-0.0006290125166471171,0.6368184373354777,0.8734555616300423
2004-11-11,0.007962701808254409,0.649851934466233,0.890483813239672
2004-11-12,0.009090119577868871,0.6648492858363095,0.9077055744126858
2004-11-15,-0.0026075132656083627,0.6605081692382526,0.9071256356907142
2004-11-16,-0.006684790883247837,0.6494080193669702,0.8936253938037599
2004-11-17,0.004517460545733156,0.6568591550182765,0.9041128648461552
2004-11-18,1.9751731680540735e-05,0.6568918808557387,0.9067067582821693
2004-11-19,-0.01058795646413481,0.6393487817554597,0.8854252293992937
2004-11-22,0.0054586358383259485,0.6482973897670661,0.8965412132105668
2004-11-23,0.0014907748249948331,0.6507546300198355,0.896057832614227
2004-11-24,0.0035269538444363366,0.6565767654084049,0.9038229938131999
2004-11-26,0.00010671858361118933,0.6567535529344526,0.9052568131492105
2004-11-29,-0.003847070867476526,0.6503799046063703,0.8986837809880783
2004-11-30,-0.003919642645098673,0.6439110051516612,0.8910315003677465
2004-12-01,0.013358333532042549,0.6658709166554726,0.9193047421642391
2004-12-02,-0.0014673155633867434,0.6634265583328707,0.9176292325300586
2004-12-03,0.0011028172563500801,0.6652610138460713,0.9189826195373858
2004-12-06,8.990344012441511e-05,0.6654107265399212,0.9175004228105295
2004-12-07,-0.009866205901058613,0.6489794414020467,0.8962672713185
2004-12-08,0.0035984565972646547,0.6549132223517136,0.9055146292443295
2004-12-09,0.004253096877888525,0.661951728610874,0.9158732905671954
2004-12-10,-0.002677368917799603,0.657502070709808,0.913875658306162
2004-12-13,0.009531022004788892,0.6732997594187262,0.9310812936822275
2004-12-14,0.0032055623122196134,0.6786636260645649,0.9386529453178161
2004-12-15,0.002181669380921926,0.6823259150984176,0.9424226453386615
2004-12-16,-0.0017669136949019096,0.6793533903997417,0.9383790034257486
2004-12-17,-0.005504226016321763,0.6701098497777054,0.9238638196113289
2004-12-20,0.000911566696916469,0.6716322662969547,0.9245888905058384
2004-12-21,0.009606248556619536,0.6876903813422683,0.9419876421331672
2004-12-22,0.004511674703418626,0.6953046913429732,0.9486249808260339
2004-12-23,0.0013626033336168468,0.6976147191668935,0.9495272388309186
2004-12-27,-0.005136773128209185,0.6888944574954248,0.9411339581751885
2004-12-28,0.006013537387475057,0.6990506874590727,0.9550208258767905
2004-12-29,-0.0007821087935085658,0.6977218449757943,0.9548756937042522
2004-12-30,-0.00043376389452358665,0.6969854345364999,0.9550369516737389
2004-12-31,-0.0007853025297501499,0.695652787581809,0.9524110032998878
2005-01-03,-0.007229224936569829,0.6833945321660584,0.9365585582750895
2005-01-04,-0.008586195895402656,0.668940576943631,0.9139562872909044
2005-01-05,-0.0007230445363367059,0.667733858578001,0.9070127551120732
2005-01-06,0.004301582925955518,0.6749077540690982,0.9136984711957858
2005-01-07,-0.0023315968594947484,0.6710025444097671,0.910959642243294
2005-01-10,0.002417769197089524,0.6750426428898992,0.9175004228105286
2005-01-11,-0.006026456978206811,0.6649480704658615,0.9058045002772839
2005-01-12,0.0019182633267505996,0.6681418792903802,0.9133922777098211
2005-01-13,-0.008212039437249529,0.65444303239072,0.896879461634368
2005-01-14,0.004444852039126581,0.6617967868768604,0.9082693873377086
2005-01-18,0.010671556605268312,0.6795307453544699,0.926731458283349
2005-01-19,-0.008019478248296751,0.6660617850747541,0.9084465744480839
2005-01-20,-0.006548770327150438,0.6551511290934573,0.8935931422098626
2005-01-21,-0.005363063317407225,0.646274448788251,0.8814460906741755
2005-01-24,-0.0008858335692636453,0.6448161236172933,0.874808751981309
2005-01-25,0.00438688933123248,0.6520317499218291,0.8823160970851629
2005-01-26,0.004344634234092013,0.6592092236183464,0.8914342519793423
2005-01-27,-0.0011280667241795879,0.6573375249047309,0.8922077002646982
2005-01-28,-0.004837747253067907,0.6493197448462165,0.8870684874395764
2005-01-31,0.008625442379366072,0.6635458572705384,0.903033616386955
2005-02-01,0.007067276342208537,0.6753025955518055,0.9161472324592612
2005-02-02,0.0035439356229876665,0.6812397600994651,0.922236687367993
2005-02-03,-0.003621053893638204,0.6751519003200175,0.9169204840885565
2005-02-04,0.011255781672871844,0.6940070443789159,0.9380891323927913
2005-02-07,-0.00095367269968119,0.6923915161076242,0.9359786195531172
2005-02-08,0.00039999513651870194,0.6930684644831528,0.9369131291518995
2005-02-09,-0.005156519504087229,0.6843381239242905,0.9203035582947545
2005-02-10,0.006976723366881762,0.696089285071203,0.9283908421205802
2005-02-11,0.006842221057935147,0.7076943028936553,0.9417461484910565
2005-02-14,-0.0008541860414959407,0.7062356142569814,0.9430993388423234
2005-02-15,0.0023278924517907106,0.7102075472643867,0.9495111130339688
2005-02-16,-0.001377478337281213,0.7078517734157752,0.9498654872547194
2005-02-17,-0.007701888050953446,0.6946980902493047,0.934415990497578
2005-02-18,-0.0004572626461646608,0.6939231681161071,0.9357691808488449
2005-02-22,-0.013241959348080513,0.6714923063851419,0.9076894486157365
2005-02-23,0.005872763916788409,0.68130858608927,0.9183865550184644
2005-02-24,0.006263278318234462,0.6918390897027842,0.9335298582896412
2005-02-25,0.008358330715932191,0.7059800403326619,0.9515248710919506
2005-02-28,-0.00802875497245644,0.6922831446009297,0.9390073195385644
2005-03-01,0.003660583411040518,0.6984778882068394,0.9499783678333595
2005-03-02,-0.0012370015464024534,0.696376868432597,0.9494466098461738
2005-03-03,-9.006830244669833e-05,0.6962240786477474,0.9500749259589913
2005-03-04,0.009143669662423198,0.7117337912963506,0.9688431903905963
2005-03-07,0.0025006746537758837,0.7160142806022571,0.973982403215718
2005-03-08,-0.0022971409095498218,0.712072353996914,0.9645096774447282
2005-03-09,-0.010760482831298705,0.6936496288257892,0.9445009065844368
2005-03-10,0.002131209377867785,0.697259150797565,0.948109545291856
2005-03-11,-0.007886672173600371,0.6838734242815812,0.9333365453823177
2005-03-14,0.004480477535364681,0.6914179813314723,0.9442108388954211
2005-03-15,-0.008855347452980899,0.6764398874185624,0.9295829711584211
2005-03-16,-0.005824828101934202,0.6666749132511234,0.9139883422287414
2005-03-17,-0.0013702350587706733,0.6643911768534132,0.9174359196227337
2005-03-18,-0.0021539612395249734,0.6608061427710636,0.9165338582739091
2005-03-21,-0.008898651671130587,0.64602720741327,0.9070772582998679
2005-03-22,-0.012885391970717796,0.624817501651284,0.8876323003645992
2005-03-23,0.0004865901077839136,0.6256081217745417,0.8889534357780293
2005-03-24,-0.0017614662034201793,0.6227446680080304,0.8871652422212686
2005-03-28,0.004667473728693868,0.6303187861143358,0.8917726970592044
2005-03-29,-0.006096357870396836,0.6203797793513517,0.8774024487612626
2005-03-30,0.010839389502611598,0.6379437069218967,0.9032591808881767
2005-03-31,-0.0016774860236658674,0.6351960792459836,0.9019380454747468
2005-04-01,-0.009162014359355273,0.6202143892875704,0.8895817518908473
2005-04-04,0.0041281796628380935,0.6269029253788649,0.8947368938568574
2005-04-05,0.0036424891265412545,0.6328289015944955,0.9032269292942796
2005-04-06,0.003239570993431768,0.6381185667413383,0.9075443164431993
2005-04-07,0.0040630122415142465,0.64477426253106,0.9189342421465398
2005-04-08,-0.00793595108861221,0.6317214144318053,0.9029207358083151
2005-04-11,0.0009426822134705789,0.6332596091865292,0.902936861605264
2005-04-12,0.007087474291076613,0.6448352946772928,0.9134890324915139
2005-04-13,-0.011904384233281107,0.6252545433289922,0.8909833196329606
2005-04-14,-0.008737244284132542,0.6110542973600304,0.8720701196848779
2005-04-15,-0.012465186014364783,0.590972205864196,0.8407681779029381
2005-04-18,0.0039848049516007355,0.5973119197879826,0.8461811359640665
2005-04-19,0.005286234107744156,0.6057556845390721,0.857136058461913
2005-04-20,-0.012106328618964119,0.5863158785402725,0.8325198327636856
2005-04-21,0.016205305600215464,0.6120226121304917,0.8686868488226194
2005-04-22,-0.00546391926337865,0.6032146507270699,0.8560727391436014
2005-04-25,0.00903318997935721,0.6176967932447763,0.8721505520135606
2005-04-26,-0.007971132852935391,0.6048019171900547,0.8556054843442102
2005-04-27,0.004098087078275538,0.6113785351900833,0.862935642337689
2005-04-28,-0.011310502869053317,0.5931530336446849,0.8417347424395569
2005-04-29,0.011846300934471666,0.6120260039159062,0.8636927681700359
2005-05-02,0.005733027814949335,0.6212677938347779,0.8722473067952525
2005-05-03,-0.0009229767518879703,0.6197714013524838,0.8706524261458155
2005-05-04,0.010234661307262836,0.6363492130405168,0.8939797680245101
2005-05-05,-0.0022087186184158425,0.632734978067444,0.8891144970914557
2005-05-06,-0.001582230341471103,0.6301516152455646,0.8870523616426276
2005-05-09,0.005520763452611884,0.6391512967052286,0.8991187841935715
2005-05-10,-0.010453547726883321,0.6220163503935379,0.8787878907064268
2005-05-11,0.00400924072764371,0.6285194044064397,0.8866657358279801
2005-05-12,-0.010355571338321937,0.6116551555382672,0.8677364100829488
2005-05-13,-0.00644725790357019,0.6012643990988935,0.8591820681137925
2005-05-16,0.010649737276087423,0.6183174442588488,0.8779340100923883
2005-05-17,0.00703525568157165,0.6297027212531574,0.8909994454299088
2005-05-18,0.007974457039505478,0.6426987155909558,0.9099448969718891
2005-05-19,0.0037062742311824324,0.648787007510147,0.9188374873648473
2005-05-20,-0.0007547774477870983,0.647542540260674,0.9159377937549893
2005-05-23,0.002455611946331604,0.6515882654046279,0.923316132483254
2005-05-24,0.0009856241650402172,0.6532161107097074,0.9236543809070556
2005-05-25,-0.0023118191247669426,0.6493941740875959,0.9171137969958811
2005-05-26,0.00618319348853961,0.6595926974048496,0.9293735324541488
2005-05-27,0.0021192159139096175,0.6631097326597981,0.931242354995653
2005-05-31,-0.006071372218841519,0.6530123744320426,0.919514180868511
2005-06-01,0.008467226801574305,0.6670088051121679,0.9367841227763105
2005-06-02,0.001372396405609959,0.6692966020044242,0.9401190162477229
2005-06-03,-0.006377962657764735,0.6586498906121065,0.9267959614711438
2005-06-06,0.001246639012110889,0.660717628273177,0.9291963453437735
2005-06-07,-9.642574890660551e-05,0.6605574923321484,0.9287935937321772
2005-06-08,-0.001171736218711012,0.6586117569751309,0.9246211420997352
2005-06-09,0.004699351635969735,0.6664061568487105,0.934706058186594
2005-06-10,-0.0018477175833868187,0.663327108891637,0.9301629098803925
2005-06-13,0.00188235265410459,0.6664580770897033,0.9345286744201582
2005-06-14,0.0019690600078442516,0.6697394330440498,0.9395068259318531
2005-06-15,0.002192345273609004,0.6734000783982426,0.9438080872838239
2005-06-16,0.003533603700105189,0.679313211107027,0.9508643033852355
2005-06-17,0.004778965068029667,0.6873385902811882,0.9605303420635494
2005-06-20,-0.0008439828447358772,0.68591450545773,0.9591449001183849
2005-06-21,-0.001629215491515402,0.6831677874280677,0.9551335097993696
2005-06-22,6.543511000165077e-05,0.6832779256973891,0.9555685130048632
2005-06-23,-0.008896191476705131,0.6683031629618741,0.9343837389036798
2005-06-24,-0.006278224162166616,0.6578291817343478,0.9196268647910901
2005-06-27,-0.0002641676169120986,0.6573912369501618,0.9182091712520284
2005-06-28,0.0068109018036039155,0.6686795659151832,0.9357369292549469
2005-06-29,0.002144014235236019,0.6722572386585528,0.932966045364618
2005-06-30,-0.007775859110788167,0.6592540019737483,0.9192402389764425
2005-07-01,0.0031348275888986605,0.6644554771961262,0.9242504454259746
2005-07-05,0.009189609092559798,0.6797511723835288,0.9412466420977672
2005-07-06,-0.008182359051486421,0.6660068451739314,0.9250559486491674
2005-07-07,0.002143812593711897,0.6695784516298255,0.929776284065744
2005-07-08,0.009588068142864184,0.6855864835939101,0.9523142485181946
2005-07-11,0.005056723126195722,0.6941100277467023,0.964525606585616
2005-07-12,0.0019020876801900278,0.6973323735593657,0.9689881259070741
2005-07-13,0.0002833668335695919,0.6978133412595764,0.9707281387290494
2005-07-14,0.0020623583887323825,0.7013148408464249,0.9758994064920079
2005-07-15,0.0008962623570903383,0.7028396652958346,0.9781871064420573
2005-07-18,-0.00821444959635708,0.6888517746945844,0.9672483097411595
2005-07-19,0.005935691967818003,0.6988762786084741,0.9804907355329953
2005-07-20,0.0033703582617582886,0.7046021003097875,0.9899150839131394
2005-07-21,-0.006149439925545709,0.6941197520969735,0.976769412902996
2005-07-22,0.005633086278760841,0.7036628748270886,0.9874665193057242
2005-07-25,-0.0029415474701141925,0.6986514696077135,0.9799752999988187
2005-07-26,0.0008381061650082804,0.700075119876592,0.9834067515958624
2005-07-27,0.0031801543764739607,0.7054816212094022,0.992476725755256
2005-07-28,0.0032472692865563846,0.7110197792967419,1.0036408903013152
2005-07-29,-0.007541179029625092,0.6981166728178354,0.988272022528917
2005-08-01,0.0005980543963388077,0.6991322389595105,0.9901567742113095
2005-08-02,0.008343746451639638,0.7133093675491953,1.0042853322110812
2005-08-03,0.0007893770343672169,0.7146618146167047,1.005767528937938
2005-08-04,-0.006098246215163479,0.704205384695433,0.990978403231451
2005-08-05,-0.007344959312495252,0.6916880654847097,0.9757705967724795
2005-08-08,-0.003256159951144844,0.6861796585560487,0.9704703226339313
2005-08-09,0.005648803952361031,0.6957045568756908,0.9837611258166128
2005-08-10,-0.0005650214902119023,0.6947464473600058,0.9801363613122451
2005-08-11,0.006129628680294624,0.7051346137895709,0.9941199837955395
2005-08-12,-0.0045870428428492205,0.697313088263293,0.9821662451671762
2005-08-15,0.002090829595264198,0.700861880700663,0.9877725161356288
2005-08-16,-0.009262655039196169,0.6851073838304143,0.9643645452721907
2005-08-17,-0.0012698982464055346,0.6829674689186829,0.9658144904051498
2005-08-18,-0.00014791585762061058,0.6827185313421702,0.9638491097380137
2005-08-19,0.000654244695451697,0.683819441015239,0.9649606097911108
2005-08-22,0.001532767588388232,0.6864003448791252,0.9682148742777794
2005-08-23,-0.004055393302684653,0.6795613282148572,0.9615452839910155
2005-08-24,-0.006495638149403166,0.6686515055770426,0.9486572324199303
2005-08-25,0.0020526773753016996,0.6720767087698039,0.9531358775383367
2005-08-26,-0.006228869561326037,0.6616615610543453,0.9414238292081434
2005-08-29,0.005960404011590346,0.6715657352887592,0.952990942021859
2005-08-30,-0.003001069697841925,0.6665492500126331,0.9467563549405889
2005-08-31,0.009272640792479752,0.6820025625709767,0.9659594259216273
2005-09-01,0.0017459072148178786,0.6849391829803113,0.9679893097765582
2005-09-02,-0.00271622644069687,0.6803625066205339,0.9622381032916281
2005-09-06,0.011404688595322088,0.6995265177357959,0.9869992645063332
2005-09-07,0.0015369269579408888,0.7021385658566393,0.9917839064546441
2005-09-08,-0.0029862878172426124,0.6970554901941628,0.9842283806160042
2005-09-09,0.008834517660218606,0.7120481568926542,1.000032251593896
2005-09-12,-0.0008959926480875435,0.7105141743309065,0.9985502515230997
2005-09-13,-0.006156746075873628,0.6999829729003686,0.9834710581275967
2005-09-14,-0.001975787384634472,0.6966241679884186,0.9769627258103197
2005-09-15,0.0009100554994935869,0.6981681901430703,0.977880912956093
2005-09-16,0.00840947176566025,0.7124488875914208,0.9942810451089659
2005-09-19,-0.0039043894397110027,0.7057628202386639,0.9831811870946414
2005-09-20,-0.0060979240700271085,0.6953612080793732,0.9675865581649616
2005-09-21,-0.008490278497103512,0.6809671192695934,0.9496399227534982
2005-09-22,0.0021507183522459974,0.6845824061025285,0.9567606420427044
2005-09-23,0.0006161202843795312,0.6856203114936372,0.9578400871579644
2005-09-26,0.0021290954259321716,0.6892091579886965,0.9583877742860387
2005-09-27,-9.126193129322811e-05,0.6890549974985802,0.9584361516768847
2005-09-28,0.0013753910561963114,0.6913781086355633,0.9604176581409694
2005-09-29,0.009984150994872315,0.7082650830616024,0.9778004806274101
2005-09-30,-0.0009441828337641919,0.706652168494657,0.9796209257780684
2005-10-03,-0.0015788273156329409,0.7039576594327535,0.9762215291188614
2005-10-04,-0.009614376462042492,0.6875751690195864,0.9565189517445345
2005-10-05,-0.01316287122399917,0.6653618343889629,0.9273920259900634
2005-10-06,-0.0024563153121404512,0.661271180614899,0.9194980550715617
2005-10-07,0.002790261191878269,0.6659065611193544,0.9266026485638192
2005-10-10,-0.0066589623342569754,0.654813352076469,0.9127962131909002
2005-10-11,-0.0015475418861124988,0.6522524591004324,0.9088332002627308
2005-10-12,-0.006212960528123059,0.6419870797895473,0.8972501583081269
2005-10-13,-0.0006774940083652779,0.6408746433811767,0.8958967713007995
2005-10-14,0.00709972284536556,0.652524398573171,0.9115718325591624
2005-10-17,0.003153026120266085,0.6577348511662493,0.9172587325123585
2005-10-18,-0.00971710192849587,0.6416264726470469,0.8979911583435254
2005-10-19,0.013070335971257882,0.6630830821838547,0.9263770840625984
2005-10-20,-0.014350266947728799,0.6392173959982648,0.8974434712154513
2005-10-21,0.0021209942171076896,0.6426941666157593,0.9003270390283606
2005-10-24,0.01694101378666847,0.6705230711396768,0.9322089195322723
2005-10-25,-4.6888870499509595e-05,0.6704447421997277,0.9276337162882338
2005-10-26,-0.0027438001940815982,0.6658613755918774,0.9193208679611868
2005-10-27,-0.00901917645410304,0.6508366778973396,0.8992155389752634
2005-10-28,0.016094390518233234,0.6774058880732421,0.9306462904767323
2005-10-31,0.004982408711019562,0.6857634097818937,0.944500906584437
2005-11-01,-0.0027711315707231116,0.6810919375762774,0.937654129187298
2005-11-02,0.009567865531703067,0.6971763991814375,0.9569862065439256
2005-11-03,0.0026901888399499248,0.701742124189942,0.9653311098088093
2005-11-04,-0.0006551516668346905,0.7006272250007561,0.9656534290917227
2005-11-07,0.00298826105239696,0.7057091431018718,0.9699548870997539
2005-11-08,-0.002476410732895792,0.7014851066726957,0.9631562904374007
2005-11-09,0.003250668090767416,0.7070160700158725,0.966475058111864
2005-11-10,0.0076307602645619334,0.7200419004139185,0.9830844323129486
2005-11-11,0.0030234344329594905,0.7252423343217629,0.9891418322838437
2005-11-14,-5.151725118058241e-06,0.7252334463474943,0.9875953290252528
2005-11-15,-0.0044044508972032985,0.7176347403468439,0.979943048404921
2005-11-16,0.0018525331978375835,0.7208167157250958,0.9834871839245454
2005-11-17,0.00816241270369923,0.7348627319462682,1.0021588902305187
2005-11-18,0.004249074506850484,0.742234292953466,1.010971048294794
2005-11-21,0.0055696005923752375,0.7519378421035563,1.0215713999158296
2005-11-22,0.006077098081410319,0.7625845402025537,1.0318496289100128
2005-11-23,0.004382188062678899,0.7703085171340918,1.0389058450114246
2005-11-25,0.002158638922784231,0.774129974004514,1.0431589256286102
2005-11-28,-0.007807101948814627,0.7602791604270129,1.0257761031421695
2005-11-29,-0.0001791629372252717,0.7599637836422943,1.0258083547360668
2005-11-30,-0.00716785023375909,0.7473486268243064,1.0129203031649814
2005-12-01,0.0110044795239287,0.7665772890093596,1.0373915933467308
2005-12-02,-0.00029282219460020545,0.7660599959706609,1.0380519643973858
2005-12-05,-0.0029250903314002544,0.7608941109517744,1.0332350708551776
2005-12-06,0.0009693131456568903,0.76260096876163,1.0358287676351314
2005-12-07,-0.005289252952707536,0.7532781263831623,1.0256311676256917
2005-12-08,-0.000627539972917612,0.7521778742752148,1.0231662805652673
2005-12-09,0.002504527781325107,0.7565662524391603,1.028853180518463
2005-12-12,1.2942283522040967e-05,0.7565889864176245,1.0305609417465407
2005-12-13,0.006127337482539319,0.7673521999555168,1.0418379868712404
2005-12-14,0.004099145690028324,0.7745968341087266,1.0503923288403971
2005-12-15,-0.002826000445878012,0.7695818226642817,1.047492438574479
2005-12-16,-0.0019870128945058928,0.7660656407647646,1.0416606031048055
2005-12-19,-0.003685508866417268,0.759556790187051,1.0297393127263996
2005-12-20,0.0004972802996230583,0.760431783114879,1.0292559321300598
2005-12-21,0.0029051467852343493,0.7655460958502196,1.0343628933612838
2005-12-22,0.004784333453917547,0.7739930571010292,1.0429494869243379
2005-12-23,0.0005314358453959054,0.7749358206010559,1.0438194933353255
2005-12-27,-0.008832741170889367,0.7592582719027465,1.024294103071374
2005-12-28,0.001106828661737521,0.7612054693814874,1.026920051445225
2005-12-29,-0.0016988942856218485,0.7582133674737492,1.020878777271279
2005-12-30,-0.0049290843201039115,0.7495469855327375,1.0110032998886926
2006-01-03,0.017923984866859588,0.7809058392252859,1.0440450578365472
2006-01-04,0.002281614246802146,0.7849691793602753,1.0515522062843408
2006-01-05,0.00036234629018052256,0.785615956320503,1.0515844578782385
2006-01-06,0.007766270881668607,0.7994835335279178,1.07086815784402
2006-01-09,0.0019003718152461283,0.8029032213170337,1.078440006135669
2006-01-10,0.0014054194876689581,0.8054370566386537,1.0776988094442106
2006-01-11,0.0039576490945515104,0.8125823429711292,1.0849324093120578
2006-01-12,-0.0060273880798996215,0.8016572057632685,1.071851044833649
2006-01-13,0.0007182335873021956,0.8029512164812527,1.0743479868319104
2006-01-17,-0.0045377557076594355,0.7947698643080332,1.066808586790219
2006-01-18,-0.004717927758360035,0.7863022697453463,1.0587535545582907
2006-01-19,0.004289453904372402,0.7939645309906946,1.0702077867933655
2006-01-20,-0.017953792130351066,0.7617560647120649,1.0322685063185593
2006-01-23,0.002211959441563143,0.7656529976731357,1.0360220805424563
2006-01-24,0.0015420208965295135,0.7683756714915677,1.040919603069408
2006-01-25,-0.0020340988232631987,0.7647786206190994,1.037407719143681
2006-01-26,0.00765533596581024,0.7782885938652178,1.0521482708032615
2006-01-27,0.006704586405361925,0.7902112833964565,1.0680811481567432
2006-01-30,0.0012504549630847038,0.7924498619807498,1.0704492804354757
2006-01-31,-0.004040350137657165,0.7852077369341524,1.0622170610931723
2006-02-01,0.0008805948119823989,0.7867797816056072,1.0660512643018123
2006-02-02,-0.010156105973562153,0.7686330567922024,1.0473313772610533
2006-02-03,-0.005050371540922533,0.7597008027358441,1.0363605256223183
2006-02-06,0.002727183974396469,0.7644998305647979,1.037955406271755
2006-02-07,-0.00829448945971839,0.7498642053185034,1.0214587159932509
2006-02-08,0.007129880414101547,0.7623405278433413,1.038970348199221
2006-02-09,8.621426517924796e-05,0.7624924667369448,1.035957774010722
2006-02-10,0.002884810346209663,0.767576923240104,1.0411290417736807
2006-02-13,-0.0037188097732008853,0.7610036409030743,1.0344755772838656
2006-02-14,0.00756904046795594,0.7743327487252876,1.0548870997557538
2006-02-15,0.0026774166339918943,0.7790833767409611,1.062088251373643
2006-02-16,0.00673747531832056,0.7910699070809875,1.0771994997069831
2006-02-17,-0.0021669396708113037,0.7871887666461375,1.0737519223129905
2006-02-21,-0.0017624005051529764,0.7840390242609967,1.0669696481036461
2006-02-22,0.007787371845349521,0.7979319995295318,1.082499773845531
2006-02-23,-0.003990222359328659,0.7907578510644566,1.0746380545209266
2006-02-24,0.0013700280716095205,0.79321123958987,1.0772801286917262
2006-02-27,0.002006719177244665,0.7968097109732055,1.084835654530366
2006-02-28,-0.009615364764313687,0.7795327301901371,1.0631515706919545
2006-03-01,0.006727345519067089,0.791504261728615,1.0801959480985328
2006-03-02,-0.0018348081089822213,0.7882171951819192,1.0768128738923348
2006-03-03,-0.0019428709214849918,0.7847429199921008,1.0737357965160412
2006-03-06,-0.006459252587632307,0.7732148146678832,1.0592851158894163
2006-03-07,-0.0009481179212031527,0.7715335979239537,1.0554509126807758
2006-03-08,0.002401843474059053,0.775788544335204,1.059623364313218
2006-03-09,-0.004544054403837768,0.7677192645800328,1.0495706998202565
2006-03-10,0.00831445131203732,0.7824168803387337,1.0643759513236923
2006-03-13,0.0014956728072004115,0.7850827927977513,1.068741715863458
2006-03-14,0.009696234637799993,0.8023913744046176,1.0902486125914947
2006-03-15,0.0028075615597119375,0.8074516991429521,1.0991736512344108
2006-03-16,0.003081967059745068,0.8130222057417908,1.1028949738644105
2006-03-17,0.000789578653057305,0.8144537293729637,1.1059881770376525
2006-03-20,-0.0022984877222802357,0.8102832297533542,1.1024922222528137
2006-03-21,-0.005820626087425499,0.799746247960623,1.0898458609798984
2006-03-22,0.0063803227084467985,0.8112292098159282,1.1024279157210795
2006-03-23,-0.0020469138931768784,0.8075217795826282,1.0969988318630022
2006-03-24,0.0018453116319235344,0.8108572205474469,1.09906077065577
2006-03-27,-0.0014992797069038766,0.8081422390645798,1.0969020770813103
2006-03-28,-0.006244597766409085,0.7968511180771674,1.0834018351943562
2006-03-29,0.006153007148437334,0.8079071558513737,1.0989642125301389
2006-03-30,-0.0028066357371440654,0.8028330190183228,1.0947111319129537
2006-03-31,-0.00475619028848304,0.7942584021215113,1.0860439093651562
2006-04-03,0.001740984833756425,0.7973821787874449,1.0907803705786812
2006-04-04,0.007325776683158081,0.8105493992435298,1.10386173505709
2006-04-05,0.004388929975331785,0.8184957737736884,1.1129317092164834
2006-04-06,-0.0033890477360684935,0.8123328047885305,1.1088719415066222
2006-04-07,-0.01071278315787676,0.7929176764409245,1.0870588512926211
2006-04-10,0.0015484102385445756,0.7956938485279932,1.0888631706463308
2006-04-11,-0.008310288797866116,0.780771114054174,1.0726724771977305
2006-04-12,0.0015854234085922658,0.7835943902637406,1.0751696158520523
2006-04-13,0.00047524164635763506,0.7844420285982037,1.076780622298438
2006-04-17,-0.001132441839591414,0.7824212517846938,1.070674844936697
2006-04-18,0.015735855819653612,0.8104691756126643,1.1060365544284982
2006-04-19,0.001438260347205344,0.8130731016377857,1.1103057608426323
2006-04-20,-0.00023344364505344995,0.8126498512441911,1.1127704512469965
2006-04-21,0.000994847136423475,0.8144531607580396,1.112480580214041
2006-04-24,-0.0011498274011266254,0.8123668527957391,1.1073736189828165
2006-04-25,-0.005636216941361965,0.8021519600360489,1.0971115157855822
2006-04-26,0.002754422692032952,0.8071158482892637,1.1030239802399993
2006-04-27,0.00512769749506522,0.8163821916978291,1.1099673157627703
2006-04-28,0.003643558097966579,0.8230002857413921,1.111401135098781
2006-05-01,-0.005215715555204637,0.8134920347939083,1.1026694093631888
2006-05-02,0.006284810599521056,0.8248894887563281,1.1155897125281715
2006-05-03,-0.003929813896482566,0.8177180126838683,1.1073897447797654
2006-05-04,0.00230531173265876,0.8219084193451738,1.114043209269581
2006-05-05,0.010681752823708073,0.8413695947480515,1.1358079220927362
2006-05-08,-0.0015936865823682265,0.8384350287317206,1.1340358543329239
2006-05-09,0.0025415337974906186,0.8431074734917328,1.1348091059622196
2006-05-10,-0.0005790632412232145,0.8420401977042098,1.1311198382700574
2006-05-11,-0.015368522504589314,0.8137307614714344,1.103845609260142
2006-05-12,-0.010969125259604872,0.7938357215616556,1.0801959480985341
2006-05-15,0.002978066130018288,0.7991778829668552,1.0854478448462364
2006-05-16,-0.001956433828717448,0.7956579104927386,1.0815491384498013
2006-05-17,-0.018024610792801044,0.7632918755390925,1.0464936224439643
2006-05-18,-0.007012059338941426,0.7509275682759391,1.0327841385087977
2006-05-19,0.0038356351745367444,0.7576434876448845,1.0411935449614766
2006-05-22,-0.0023477915066340204,0.7535169071929013,1.033202819261283
2006-05-23,-0.0038668192626131314,0.74673637423885,1.0243584096031104
2006-05-24,0.0005870512955358002,0.7477617980903062,1.027564296698933
2006-05-25,0.011296050017718717,0.7675046027805921,1.0506178933416206
2006-05-26,0.006548938385056649,0.7790798815195059,1.0623460674687624
2006-05-30,-0.015453314455752699,0.7515872006684816,1.029658683741658
2006-05-31,0.007173845832676794,0.7641528172085674,1.0461231224262648
2006-06-01,0.010519554769367293,0.7827109193907265,1.0712870352525665
2006-06-02,0.0030882309907170062,0.7882163424994784,1.0753306771654794
2006-06-05,-0.0165191055093579,0.7586766080641714,1.03839040947725
2006-06-06,-0.0005988494202770197,0.7576234255969774,1.0360704579333033
2006-06-07,-0.005491696675697661,0.747971090873498,1.0236657869585581
2006-06-08,0.0018458534803838576,0.7511975893951972,1.0265334256305794
2006-06-09,-0.004084906256447271,0.7440441114060012,1.017463451471186
2006-06-12,-0.011265010175339832,0.724397436744771,0.993523722620562
2006-06-13,-0.011856321245977113,0.7039524267789854,0.9713723839827593
2006-06-14,0.003751965574332228,0.7103455976245601,0.9816024322421564
2006-06-15,0.019825826422461168,0.7442546125654852,1.023681912755507
2006-06-16,-0.003091178923165184,0.738862809470489,1.0162390708394478
2006-06-19,-0.008976892576188661,0.7232532248251429,0.9978574322224905
2006-06-20,0.0006679707625775299,0.7244043075958437,0.9978413064255418
2006-06-21,0.008404470077847247,0.7388970120011438,1.017302193501699
2006-06-22,-0.003993132990384236,0.7319533649756413,1.0066695902867657
2006-06-23,-0.0013979883701753665,0.7295321143137192,1.0048975225269534
2006-06-26,0.005529131058066435,0.7390949240428946,1.0146603159869594
2006-06-27,-0.008166755469114727,0.7248921610606576,0.9963591096986852
2006-06-28,0.0047028730658332735,0.7330041099463764,1.0073140321965317
2006-06-29,0.019898771494206047,0.7674887627287192,1.0506017675446717
2006-06-30,-0.002223779538126765,0.7635582573842941,1.0463003095366403
2006-07-03,0.008870964843900507,0.7792027206857206,1.0623942482035482
2006-07-05,-0.005485106402682372,0.7694436044508175,1.047444257839695
2006-07-06,0.002186466531775736,0.7733124336718138,1.0525510224148587
2006-07-07,-0.005887976633066939,0.7628712114992271,1.038696406307154
2006-07-10,0.0032388757607737916,0.7685809323355177,1.041692854698704
2006-07-11,0.0035087131890943523,0.774786375578784,1.0498930191031706
2006-07-12,-0.010090566332422835,0.756877775930126,1.0276126740897782
2006-07-13,-0.012359098329423347,0.7351643507446268,1.001321135413431
2006-07-14,-0.0038413502347011794,0.7284989767586487,0.9915260903595275
2006-07-17,-0.004114699575692589,0.7213867227523949,0.9887713322661476
2006-07-18,0.002676882188186299,0.7259946722095114,0.9925894096778389
2006-07-19,0.018151576917938485,0.7573241972620746,1.0295621256160263
2006-07-20,-0.007293529100376441,0.744507102090548,1.012356490239961
2006-07-21,-0.005864279684877733,0.7342768245316336,0.9981152483176086
2006-07-24,0.014983413078914471,0.7602622105867789,1.0313341933758386
2006-07-25,0.00594919554574431,0.7707343546893437,1.0441738675560779
2006-07-26,0.0017654513215265054,0.7738604999959027,1.0434006159267826
2006-07-27,-0.003635075174124919,0.7674123837300069,1.035023264411941
2006-07-28,0.012292032636274885,0.7891374744325728,1.059752370688809
2006-07-31,-0.0011655818385796685,0.787052088285652,1.0567075449064127
2006-08-01,-0.002421406639423407,0.7827249084940817,1.0474603836366438
2006-08-02,0.004838685602896652,0.7913509538427372,1.057915799741202
2006-08-03,-0.0011541095949784135,0.7892835385189336,1.0625232545791379
2006-08-04,-0.00032271566211804117,0.7887061086970835,1.06105718364923
2006-08-07,-0.0030247834834953307,0.7832956600026693,1.0552737255704026
2006-08-08,-0.0028425335869137194,0.7782265821937142,1.048362444985469
2006-08-09,-0.004996594980402892,0.7693415041791061,1.0394535321395018
2006-08-10,0.004803954922459804,0.7778413410076199,1.048894202972655
2006-08-11,-0.002328457091660147,0.7737017137293041,1.0407262901620857
2006-08-14,0.00044514122228741365,0.774491261478127,1.0430944224408178
2006-08-15,0.012469515714588611,0.7966183081485287,1.0710775965482946
2006-08-16,0.005518966088919065,0.8065337836659314,1.0869461673700416
2006-08-17,0.0011717685662550375,0.808650623167509,1.0902486125914956
2006-08-18,0.004560940743669078,0.8168997714857762,1.098013773790468
2006-08-21,-0.0018393024822112207,0.8135579432261535,1.0903131157792902
2006-08-22,0.000594847848227164,0.8146367342663168,1.0924073061659554
2006-08-23,-0.003665850638069788,0.8079845470361418,1.0830152093797087
2006-08-24,0.0025611335858562274,0.8126150369822651,1.0879611092975066
2006-08-25,-0.00012962232496225925,0.81238008160691,1.0863982835859067
2006-08-28,0.0043692993492422325,0.8202989127180544,1.0971760189733781
2006-08-29,0.0016915890556068534,0.8233781104367413,1.101203535089342
2006-08-30,-0.000664708214419542,0.8221660960287411,1.1029594770522055
2006-08-31,0.0002025554275023201,0.8225351856613023,1.1004623383978838
2006-09-01,0.00544250208960036,0.8324543372176341,1.1120455770085482
2006-09-05,0.0026896070495419687,0.8373829193209783,1.1156542157159675
2006-09-06,-0.008859247913450014,0.8211050885267752,1.0947272577099025
2006-09-07,-0.004503966117309728,0.8129028929119904,1.084674593216941
2006-09-08,0.003270058250550206,0.8188311909744037,1.0925685641354428
2006-09-11,-0.00042861316766290396,0.8180516159761961,1.0935673802659598
2006-09-12,0.007765289462430257,0.8321693130318903,1.1152514641043711
2006-09-13,0.0041838917984023775,0.8398349111939689,1.12341918025888
2006-09-14,-0.0021089360864074503,0.8359548169567197,1.1205356124459707
2006-09-15,0.002441851676409114,0.8404379463043168,1.1259808221009968
2006-09-18,0.0020496686802650987,0.8442102343208282,1.1284295833644729
2006-09-19,-0.001532685841666381,0.8413836394056284,1.1227265576143282
2006-09-20,0.0038668802010030675,0.8485040493432972,1.1348736091500151
2006-09-21,-0.003375026307184743,0.8422652995478259,1.1233548737271457
2006-09-22,-0.0026556702248716735,0.8373728504455025,1.1181191027763924
2006-09-25,0.0086076563423632,0.8531883245149257,1.1367906124263052
2006-09-26,0.006797274067926083,0.8657849534561344,1.1528684252962647
2006-09-27,0.000590730659669375,0.8668871298324905,1.1532550511109125
2006-09-28,0.0007501965899418523,0.8682876621910973,1.1569443188030752
2006-09-29,-0.002470618654154766,0.8636718358415607,1.1520629220730725
2006-10-02,-0.0034271323721427526,0.8572847857618973,1.144765015673491
2006-10-03,0.0020699257248071243,0.8611292273182387,1.1492597865888463
2006-10-04,0.011293888811460082,0.8821486138753294,1.1751808252474945
2006-10-05,0.0012469121757172868,0.8844954878984799,1.1800460961805488
2006-10-06,-0.0028463517722816635,0.8791315508266433,1.1741981349139263
2006-10-09,0.0002959654654301881,0.8796877088706883,1.1759220219389528
2006-10-10,0.00171074440952244,0.8829033741102867,1.1803684154634624
2006-10-11,-0.002488190905272337,0.8782183510593189,1.1747780736358981
2006-10-12,0.007864438514898733,0.8929894837987793,1.1955278445315876
2006-10-13,0.00244765540747184,0.897622869745087,1.2000226154469424
2006-10-16,0.0019454764118250428,0.9013146502767158,1.2055645798836605
2006-10-17,-0.0033024803671969608,0.8950355959723131,1.1974934218547837
2006-10-18,0.0018314970137328253,0.8985063480072537,1.2003126831359587
2006-10-19,0.0005462557223182129,0.8995434179637101,1.2021813090214026
2006-10-20,0.0007573800965575269,0.9009820943410225,1.2048233831922022
2006-10-23,0.006454588907781325,0.9132521522810471,1.2183881282669513
2006-10-24,0.0004355195412624575,0.9140854109807279,1.2189680669889231
2006-10-25,0.004701041049443238,0.9230836050698887,1.2267652831257325
2006-10-26,0.004215090178188742,0.9311895758854547,1.2378167637492106
2006-10-27,-0.008122453508028288,0.9155035783401362,1.2189035638011276
2006-10-30,-0.0010037573649821399,0.9135808775157277,1.2198541991968583
2006-10-31,0.0002897682810723006,0.9141353725572983,1.2198701283377469
2006-11-01,-0.005919529367746479,0.9028045920056029,1.203550821825678
2006-11-02,-0.001437103194171696,0.9000700654485472,1.2027934993372709
2006-11-03,-0.0010704420981146132,0.8980361504611238,1.1978961734663796
2006-11-06,0.01092908355712801,0.9187799461439632,1.22283452179146
2006-11-07,0.0018586796899235187,0.9223463434592936,1.2277640992562486
2006-11-08,0.0027476504579599364,0.9276282792702573,1.2324038056880822
2006-11-09,-0.0045723969931046205,0.9188143975222984,1.2204984444505649
2006-11-10,0.0021571701313786453,0.9229536066282931,1.22463884114517
2006-11-13,0.002516688554701506,0.9277930819613163,1.2303096153014175
2006-11-14,0.005919043970005502,0.9392037739785175,1.244486354035975
2006-11-15,0.0023810314626012863,0.9438210791767556,1.249883186300155
2006-11-16,0.0018175309569540314,0.9473540341629394,1.2550223991252762
2006-11-17,0.0011038083974528549,0.9495035398986622,1.2573421540131626
2006-11-20,-0.0005874111530427756,0.9483583797764294,1.2562145281631167
2006-11-21,0.0021576464680849597,0.952562248353118,1.2599360474491763
2006-11-22,0.0010107228031262694,0.9545357475420517,1.2652199991347155
2006-11-24,-0.0035894768858773613,0.9475199866536284,1.2569394024015659
2006-11-27,-0.012577927711340477,0.9230242210451083,1.226346405717187
2006-11-28,0.0028198761461290696,0.928446911174462,1.2340148121344674
2006-11-29,0.008691352179609617,0.9452077224391597,1.2545712701228333
2006-11-30,0.0008274625730346932,0.9468173090262562,1.256423966867389
2006-12-01,-0.0031129200402283215,0.940757022410325,1.2501087508013757
2006-12-04,0.007109677862352814,0.9545551796487612,1.2701013958647187
2006-12-05,0.0039551986819620875,0.9622858337191302,1.2791874958210614
2006-12-06,-0.0006571791238979711,0.9609962604340894,1.2761910474295113
2006-12-07,-0.003612881452795375,0.953911413415766,1.2671533248640152
2006-12-08,0.002617969960671163,0.9590266948019011,1.2712612733086623
2006-12-11,0.003637973208619396,0.9661535814325606,1.2764166119307325
2006-12-12,-0.0007276091513828729,0.964722990093686,1.2740323538550515
2006-12-13,0.0016298140706880071,0.9679251232679451,1.2766903571667396
2006-12-14,0.009392168387595655,0.9864082073998577,1.2964735635258098
2006-12-15,0.0017844536811122396,0.9899528608377439,1.2990511345088147
2006-12-18,-0.0012474042234152044,0.9874705852347379,1.2916244183897043
2006-12-19,0.0015245625036662772,0.9905006083661263,1.2965703183075021
2006-12-20,-0.0022730080442007316,0.9859761844713237,1.2933160538208335
2006-12-21,-0.0037477438885382868,0.9785332543631888,1.284890521571206
2006-12-22,-0.005211249540844016,0.9682226238498439,1.2727434700355191
2006-12-26,0.004818366471453559,0.9777062417489584,1.2826350732150544
2006-12-27,0.008459212416270262,0.9944360789448965,1.2986483828972188
2006-12-28,-0.0021642085387608605,0.9901197033528313,1.2952491828940724
2006-12-29,-0.004447324209619292,0.9812689958160701,1.2848905215712065
2007-01-03,-0.001733689589151754,0.9778340903847147,1.2821516926187146
2007-01-04,0.0012430834781469715,0.9802927032649877,1.2849548281029408
2007-01-05,-0.008071148118398971,0.9643094675391515,1.2710518346043904
2007-01-08,0.002404931603263017,0.9690334974562251,1.2760942926478198
2007-01-09,-0.001975664314855992,0.9651433482405449,1.2749182894069278
2007-01-10,0.0006826566915182785,0.966484866497014,1.2793324313375396
2007-01-11,0.0046966606641134,0.9757207786160649,1.293783111964164
2007-01-12,0.003987976169200157,0.9835999059981793,1.3049152215723856
2007-01-16,0.0014511436535928365,0.986478394413036,1.3068001699108382
2007-01-17,-0.0014450445675624217,0.9836078446006093,1.30473803446201
2007-01-18,-0.0027684334827609257,0.9781163582269499,1.297891257064871
2007-01-19,0.0044981814425887065,0.9870142845208074,1.3045447215546861
2007-01-22,-0.005039648449121636,0.9770004310634397,1.2923815442220503
2007-01-23,0.002335596443579573,0.9816179062391868,1.3005010796417733
2007-01-24,0.00755435374496845,0.9965877488902815,1.3200587214996227
2007-01-25,-0.011334264829325683,0.9739578945893719,1.2939121183397528
2007-01-26,0.00018943903983400525,0.9743318392775957,1.291141234449424
2007-01-29,-0.0022144669795377573,0.9699597466128653,1.2886279699981533
2007-01-30,0.005524837068726177,0.9808434532448504,1.3018381441960916
2007-01-31,0.007116981163086237,0.9949410787886168,1.3170138957172264
2007-02-01,0.004044610527019786,1.0030098384766695,1.329418566691972
2007-02-02,0.0016727938732842894,1.0063604610626014,1.3333656504792533
2007-02-05,-0.0001111006019594178,1.0061375532076298,1.3311102021231012
2007-02-06,0.0012055453901996312,1.0085560430870055,1.3327373343664357
2007-02-07,0.0013048015656432273,1.0111768101567074,1.3359915988531044
2007-02-08,-0.0018211855595929277,1.007514083992262,1.3332368407597244
2007-02-09,-0.0077944428991559905,0.9918666300953329,1.3167240246842713
2007-02-12,-0.0033777584609205255,0.9851385857325032,1.3091683021895713
2007-02-13,0.0075033454665406635,1.0000337663402141,1.3267121859894382
2007-02-14,0.006047215081022029,1.0121284006945799,1.3444977600874752
2007-02-15,0.0004717160282659223,1.0130775539121166,1.3469303955540024
2007-02-16,-0.0006559209479523074,1.011757134174653,1.3448843859021227
2007-02-20,0.002461057444937698,1.0167081840471202,1.3515539761888866
2007-02-21,-0.0015934385946130944,1.013494683392587,1.3482513343113718
2007-02-22,-0.0014031576370234498,1.0106694329504786,1.3462375762533898
2007-02-23,-0.0039779390978150015,1.0026711124003636,1.3378763505354971
2007-02-26,-0.0013432208144346213,0.9999810828777205,1.3349444053317416
2007-02-27,-0.034063025539497374,0.9318556761731451,1.253862521681333
2007-02-28,0.004662749979784394,0.9408634361881678,1.2663960023756076
2007-03-01,-0.0009174764538885583,0.9390827396852521,1.2605159861711481
2007-03-02,-0.009908415188638194,0.9198695028153288,1.2347398830289777
2007-03-05,-0.009461789382128237,0.9017041019385188,1.213716170241221
2007-03-06,0.016004721492896126,0.9321403464519431,1.2480145604147106
2007-03-07,-0.003046026407168602,0.9262549959342947,1.2424725959779925
2007-03-08,0.0064363024969161815,0.9386529557743242,1.25845385072232
2007-03-09,7.511938124250936e-05,0.9387985861848058,1.2599842281839622
2007-03-12,0.0017895737845865511,0.9422682093082355,1.266041628154857
2007-03-13,-0.020763165391790947,0.9019405732431511,1.2198862541346958
2007-03-14,0.005696055855447202,0.9127741329820855,1.2347398830289773
2007-03-15,0.004918101163345765,0.9221813496707223,1.2429721023712808
2007-03-16,-0.004489916540253976,0.913550915835468,1.2343853121521668
2007-03-19,0.011099793657967254,0.934790936155256,1.2587277926143874
2007-03-20,0.006679006356236883,0.9477134171158266,1.2730333410684742
2007-03-21,0.017076477236938482,0.9809735009472846,1.311858753751217
2007-03-22,-0.000554939394517587,0.9798741807121136,1.3110532505280243
2007-03-23,0.00037650066014740125,0.9806196046481608,1.313582444120183
2007-03-26,0.00013332252242562122,0.9808836658498181,1.3158217666793863
2007-03-27,-0.0057962155665518406,0.9694020371102912,1.3014998957722907
2007-03-28,-0.0075477696882896884,0.9545374441105341,1.2831666345461792
2007-03-29,0.004488587224850394,0.9633105559126602,1.2917050473744474
2007-03-30,-0.001368328934211527,0.9606241012721619,1.2890145958128016
2007-04-02,-0.0007940991012849539,0.9590671714353842,1.294959311861116
2007-04-03,0.008031455045428591,0.9748013313537425,1.31625676988488
2007-04-04,0.00025706269248045515,0.9753089791010943,1.3188343408678849
2007-04-05,0.0022861701740194158,0.9798248715735878,1.3259066827662451
2007-04-09,0.00046363932823693585,0.980742796247071,1.3272759989144607
2007-04-10,0.003927626380582903,0.9885224139067605,1.3333656504792533
2007-04-11,-0.007627118935239312,0.9733557169505047,1.3180288376446923
2007-04-12,0.004340515677351815,0.98192109837692,1.3324152117395829
2007-04-13,0.003213557087157354,0.9882901149687959,1.340550676300194
2007-04-16,0.011540221667436278,1.0112354236347083,1.3654890246252744
2007-04-17,0.0016450623547365343,1.0145440313166425,1.3705637342626011
2007-04-18,0.0016436505508535249,1.0178552377234347,1.3722069923028841
2007-04-19,-0.0012440706046644174,1.0153448833377148,1.3693554794278118
2007-04-20,0.009434266268812476,1.0343581835906117,1.3912973793613421
2007-04-23,-0.0025824744296468953,1.029104505600746,1.3857878631745817
2007-04-24,-0.0008015285292167971,1.0274781204507448,1.3849501083574918
2007-04-25,0.011020493502603812,1.0498219299038438,1.4091313308502258
2007-04-26,-0.001060452497653973,1.0476481911185314,1.4072463825117727
2007-04-27,0.00021396779947105538,1.0480863218960756,1.4069563148227568
2007-04-30,-0.006780178557264683,1.034199930932929,1.388107618062469
2007-05-01,0.0032412508655451245,1.0407932832197573,1.3944389599254312
2007-05-02,0.005777682319969469,1.0525843384909286,1.4099368340734189
2007-05-03,0.0036667040157283477,1.0601105577274943,1.4203599985840794
2007-05-04,0.0015659039685686632,1.0633364930255302,1.4255635179409354
2007-05-07,0.0022846091690896858,1.0680504104964141,1.4317819792252569
2007-05-08,-0.0013921549501387629,1.0651713638803049,1.4289465921471334
2007-05-09,0.003294581671476201,1.0719752396042024,1.43677605987784
2007-05-10,-0.012718144675525175,1.0456235587428102,1.4027677373933662
2007-05-11,0.009199465532546691,1.06444220216403,1.4259340179586344
2007-05-14,-0.0012753921713577268,1.0618092287411693,1.4215843792158172
2007-05-15,-0.0013430391351452508,1.0590401382577666,1.41842667285478
2007-05-16,0.009520554844604488,1.0786433428212914,1.4392893243291107
2007-05-17,-0.0011893072978162748,1.0761711971241166,1.4370500017699075
2007-05-18,0.005845443565715543,1.0883073386896696,1.4531600662337638
2007-05-21,0.0011683593078015953,1.090747232006378,1.4569458920515581
2007-05-22,-0.0007858345383065302,1.0891042506205988,1.4553671371990697
2007-05-23,-0.001354760607439613,1.086274014477023,1.452402940401417
2007-05-24,-0.009359187207650485,1.0667481854090761,1.4286083437233312
2007-05-25,0.005360762934688627,1.0778275324767521,1.4418507695151668
2007-05-29,0.0014217426641152694,1.0807816685283473,1.4456849727238072
2007-05-30,0.007643641770347669,1.096686418204884,1.4652103629877589
2007-05-31,-0.0008184246753600949,1.0949704383037329,1.4658386791005764
2007-06-01,0.0029849271765176695,1.1012237724990266,1.4750535887764475
2007-06-04,0.001364082526404908,1.1040900151311592,1.4796289886765464
2007-06-05,-0.005361461562853855,1.0928090173902487,1.4663702404317016
2007-06-06,-0.008337111312405533,1.0753610356566603,1.4445089694829147
2007-06-07,-0.01711833017054811,1.0398343202251992,1.401559482558576
2007-06-08,0.010519344949018758,1.0612920410784956,1.4288661598184489
2007-06-11,0.0015041819288451734,1.0643925993167587,1.4312020405032837
2007-06-12,-0.010032452258724213,1.0436816791208496,1.4052326244537894
2007-06-13,0.015886562516014592,1.0761487558790366,1.4417542113895339
2007-06-14,0.0035640252977122405,1.0835482025668033,1.4535144404545126
2007-06-15,0.006404422234988069,1.096892125002992,1.4695279467927373
2007-06-18,-0.0016885156640866691,1.0933514898040242,1.4665314984011872
2007-06-19,0.002059070272439137,1.097661847626446,1.470800508159261
2007-06-20,-0.014187675266515475,1.067900902513363,1.4371949372863835
2007-06-21,0.005968468585131249,1.0802431040871787,1.4522578082288775
2007-06-22,-0.013016218992516222,1.053166204286708,1.420633940476145
2007-06-25,-0.003935149167929352,1.0450866890062884,1.4128687792771726
2007-06-26,-0.004213452345896661,1.036469813698933,1.4050554373434143
2007-06-27,0.009432865966520473,1.0556795604964195,1.4267233953848777
2007-06-28,-0.0008653233489559664,1.0539007329747503,1.4257084534574123
2007-06-29,-0.0021126406982784414,1.0495615786960437,1.4219065018426695
2007-07-02,0.00810217941602659,1.0661674943308337,1.4478116113604291
2007-07-03,0.0034925310620903165,1.0733836484842656,1.4565753920338582
2007-07-05,-0.0008446490407678647,1.0716323669744297,1.457429272647897
2007-07-06,0.0025647791523534715,1.0769456464805867,1.4655486114115592
2007-07-09,0.0011921076598800278,1.0794215892949106,1.4678201855646602
2007-07-10,-0.014535909827967961,1.04919530457859,1.4328130469496694
2007-07-11,0.00508534489314987,1.0596161694557953,1.446732166245169
2007-07-12,0.01910946904937157,1.0989743408995962,1.4933545984086614
2007-07-13,0.0032025065776472347,1.10569632003264,1.501087508013737
2007-07-16,-0.002110078260592194,1.1012531360043303,1.4962867402684772
2007-07-17,-0.00031699344959118525,1.100587052524284,1.496045049970307
2007-07-18,-0.0020817262372725925,1.0962142053433692,1.4908899080042972
2007-07-19,0.003975380668354582,1.1045474547720215,1.5020218209564584
2007-07-20,-0.01139675846089969,1.0805624357604837,1.4714449500690283
2007-07-23,0.0053485265578997795,1.0916903792035173,1.4834791210260745
2007-07-24,-0.019689312143722063,1.050506434419359,1.4342952436765262
2007-07-25,0.006350163163169512,1.0635274848450509,1.4456527211299086
2007-07-26,-0.02337484580421372,1.0152928480740409,1.3885748728618585
2007-07-27,-0.01611680291681322,0.9828127704219685,1.3503777762919333
2007-07-30,0.008601445133113391,0.9998678256759894,1.3744785664559838
2007-07-31,-0.012108582914604099,0.9756522602905426,1.3444493826966277
2007-08-01,0.008184622290200123,0.991822227817801,1.3614294535714717
2007-08-02,0.0033085667203780504,0.9984123045536684,1.371723611706543
2007-08-03,-0.027207551530255027,0.9440403987988288,1.3086689924523416
2007-08-06,0.02775005331009208,0.997987623502469,1.3644259019630218
2007-08-07,0.008113477149730808,1.0141982504312015,1.3789892665122272
2007-08-08,0.015429274448239601,1.0452758680302687,1.4124660276655758
2007-08-09,-0.030071000925059474,0.9837723755107288,1.3409373021148405
2007-08-10,0.0001497397802099295,0.9840694251502244,1.3418234343227766
2007-08-13,-0.0028964766036804696,0.9783226144801991,1.3406635568788334
2007-08-14,-0.017888450352490218,0.9429334886098615,1.2981651989569376
2007-08-15,-0.012097705532155037,0.9194284513960966,1.2662026894682827
2007-08-16,0.006842994526576751,0.9325630897831556,1.2735650990556588
2007-08-17,0.025413194761325933,0.9816756919723646,1.3294185666919707
2007-08-20,-0.0007971708149817013,0.9800959579459656,1.3287904472352134
2007-08-21,-0.00021957547081039768,0.9796611774437498,1.3313196408273722
2007-08-22,0.010522825042948984,1.000492805658309,1.3586261214311852
2007-08-23,-0.00011899520169411453,1.000254756613412,1.3560969278390265
2007-08-24,0.009768478118614775,1.0197942014350452,1.3832745987233102
2007-08-27,-0.0097004024813195,1.0002013847516897,1.3630082084239605
2007-08-28,-0.023795200232079584,0.9526061922970404,1.3075411699462358
2007-08-29,0.021133402509565496,0.9938714049015238,1.3581268116939578
2007-08-30,-0.0057453229860014825,0.9824159696878121,1.3482674601083198
2007-08-31,0.011015470402102009,1.0042532141265625,1.3746073761755135
2007-09-04,0.010837549333712917,1.025974407211912,1.3994652921719108
2007-09-05,-0.012951508930310534,0.9997349815843264,1.371868743879082
2007-09-06,0.0025274357883086794,1.0047891833439153,1.3819536599659412
2007-09-07,-0.014854083094178138,0.9750098782282153,1.3416784988062997
2007-09-10,-0.0002137198521649705,0.9745877794090159,1.3386979795556377
2007-09-11,0.013034772198883424,1.0003260813003116,1.3705798600595491
2007-09-12,7.114237911974325e-05,1.0004683892567505,1.37069274063819
2007-09-13,0.008628170817625496,1.0177287722345176,1.3906529374515748
2007-09-14,0.00048621747471971747,1.018709827222823,1.391136318047915
2007-09-17,-0.005244368390661334,1.0081229692150182,1.378892708386596
2007-09-18,0.030360728005032086,1.0690910444840127,1.4483754242854516
2007-09-19,0.006857665333650502,1.0832801784119375,1.4632772339145186
2007-09-20,-0.006785669256672467,1.0691437281522527,1.4467160404482198
2007-09-21,0.004913586469143947,1.0793106447776153,1.4579930855729195
2007-09-24,-0.005911180009075477,1.0670194652615481,1.4450727824079368
2007-09-25,-0.0010366346215193937,1.0648767213205037,1.4442350275908464
2007-09-26,0.00471813913934159,1.0746190969972815,1.4574615242417934
2007-09-27,0.0042393204685936105,1.0834140721997172,1.4670630597323129
2007-09-28,-0.004079940994023275,1.0749138657190245,1.4596040920193047
2007-10-01,0.014876667079538993,1.1057816685180457,1.4922914757464087
2007-10-02,0.0007684333770623743,1.1073998214369412,1.491630908039694
2007-10-03,-0.0035131244075772327,1.0999962636877272,1.4802893597271995
2007-10-04,0.00241425691241848,1.1050661941833884,1.4855251306779529
2007-10-05,0.008821435854446825,1.1236359005847416,1.5092874757621413
2007-10-08,-0.00441053511662606,1.1142695298702847,1.5012163177332645
2007-10-09,0.00807506538565797,1.1313423945668917,1.521466778891726
2007-10-10,-0.003216064800797203,1.1244878593132785,1.5171491950867457
2007-10-11,-0.0026769874764244702,1.1188006319200814,1.5041645853900287
2007-10-12,0.0030634511080386137,1.1252914740636495,1.5160699466275456
2007-10-15,-0.011051962151757036,1.1018028331308458,1.4949817306519941
2007-10-16,-0.008154554277796964,1.084663567846853,1.4785817951551818
2007-10-17,0.0004885538308505161,1.0856820382189594,1.4829475596949475
2007-10-18,-0.0023242449780111083,1.0808344022159009,1.4810787371534433
2007-10-19,-0.026444035546720188,1.0258087433168654,1.4175246115059532
2007-10-22,0.0037825501107074753,1.0334714664031708,1.426707269587927
2007-10-23,0.00851986146786795,1.050796361595788,1.448069230799486
2007-10-24,-0.002689495651137234,1.0452807536999082,1.4420924598133347
2007-10-25,-0.002200232057403076,1.040780661419228,1.4397082017376537
2007-10-26,0.014712831755902047,1.0708063239413876,1.4733460242044285
2007-10-29,0.0049486892734619675,1.081054100984094,1.4825286822864028
2007-10-30,-0.006876624109585927,1.0667434741799142,1.466483121010341
2007-10-31,0.011717739363623577,1.0909610355418247,1.4960611757672546
2007-11-01,-0.03126725768505144,1.0255824180341362,1.4301064695910743
2007-11-02,-0.0007146294526598049,1.0241348771794194,1.432055921117322
2007-11-05,-0.006311995536537452,1.011358546869313,1.420005624363327
2007-11-06,0.012102872169941294,1.035701762249991,1.4491648017116954
2007-11-07,-0.03215075647683749,0.9702524106324226,1.3772333245493633
2007-11-08,-0.0008559154052847949,0.9685660412418626,1.3758640084011478
2007-11-09,-0.009837937230032973,0.9491994120949505,1.3419199924484082
2007-11-12,-0.008829046350690876,0.9319898401388247,1.3185283440379791
2007-11-13,0.03055082730669904,0.991013728103203,1.3859811760819043
2007-11-14,-0.0052432443557528675,0.9805743566110994,1.3691137891296403
2007-11-15,-0.016479192078754375,0.9479360913622497,1.3378120440037606
2007-11-16,0.002838402189030338,0.9534651174280637,1.3500395278681312
2007-11-19,-0.018311576097653243,0.9176940922761687,1.3090072408761428
2007-11-20,0.0025579000683865214,0.9225993621259465,1.3193659021990087
2007-11-21,-0.016834581946917445,0.8902332056131461,1.2824256345107794
2007-11-23,0.0177121765393423,0.9237133498514929,1.3209769086453944
2007-11-26,-0.021780369100241094,0.8818141630486662,1.2670404442853722
2007-11-27,0.008017985313132324,0.8969025213700348,1.3008877054564194
2007-11-28,0.03003080728459138,0.9538680354269538,1.36660072133443
2007-11-29,-3.84432986051664e-05,0.9537929222946329,1.367728347184476
2007-11-30,0.010659245200410151,0.9746188801241973,1.3861261115983816
2007-12-03,-0.006233976993454968,0.9623091514546613,1.372078182583353
2007-12-04,-0.0081411989937476,0.9463336021654167,1.356564182638417
2007-12-05,0.017793926594404846,0.9809665194105719,1.3923606986796515
2007-12-06,0.017373829083824267,1.0153834931395895,1.4283344018312611
2007-12-07,-0.0015045280476063644,1.012351292147478,1.4240170146823412
2007-12-10,0.008392517698805033,1.0292399859830392,1.4422212695328631
2007-12-11,-0.026392212458031312,0.9756838531446423,1.38050371483298
2007-12-12,0.0020941661143241194,0.9798212633225152,1.3949060180687587
2007-12-13,-0.00012998851661685188,0.9795639092933295,1.3978381599285745
2007-12-14,-0.014450601684644761,0.9509580197308334,1.364876834309403
2007-12-17,-0.014958047350040502,0.9217754972937584,1.3293542601602355
2007-12-18,0.0070204156740046025,0.9352671601168774,1.343982127897236
2007-12-19,-0.00045802355931211117,0.9343807621639808,1.3407923665983619
2007-12-20,0.0031665598310772636,0.940506094583458,1.3522627246303855
2007-12-21,0.01722821184134679,0.9739375446603662,1.3914745664717159
2007-12-24,0.009757642238174115,0.9931985210216621,1.410790518031395
2007-12-26,-5.758688036853067e-05,0.9930837389368814,1.4127399695576428
2007-12-27,-0.015078106323475133,0.9630318104096016,1.378280518070726
2007-12-28,0.0011994953319555068,0.9653864579026679,1.3818569051842475
2007-12-31,-0.005724283101335605,0.9541360294141017,1.3655374020161184
2008-01-02,-0.013549941992222389,0.9276575995706289,1.3313841440151668
2008-01-03,-0.0002553455513538878,0.9271653807780451,1.3313841440151668
2008-01-04,-0.022161757746560956,0.8844560084716833,1.2741450377776298
2008-01-07,0.004604270848748926,0.893132554337239,1.2814751957711086
2008-01-08,-0.017751004809026735,0.8595275492610737,1.2396049573059695
2008-01-09,0.01284366780560972,0.8834107033791623,1.2701175216616654
2008-01-10,0.007684598304116812,0.8978839580763052,1.2881607151987606
2008-01-11,-0.011308393488358017,0.8764219394831361,1.2570522829802049
2008-01-14,0.012291217403046579,0.8994854494811695,1.2815878796936886
2008-01-15,-0.02610182206283125,0.8499054182678749,1.2247192734738506
2008-01-16,-0.006760431628509205,0.837399259168466,1.212233973514362
2008-01-17,-0.03088642993181438,0.7806485556933915,1.1478743446436788
2008-01-18,-0.009552664016939189,0.7636386183086046,1.1348895382909014
2008-01-22,-0.00977361736466709,0.7464014892837061,1.111223947988405
2008-01-23,0.02596818937592417,0.7917523738838215,1.1564931898006297
2008-01-24,0.008206635191014992,0.8064566319689213,1.1781933994359903
2008-01-25,-0.0169399672564868,0.7758553157731043,1.1436212640264936
2008-01-28,0.018497548470771757,0.8087042855536948,1.1812382252183866
2008-01-29,0.0070977562139570875,0.8215420276356944,1.1946741605736064
2008-01-30,-0.006732576343611977,0.8092783568715392,1.1842187444690486
2008-01-31,0.015001075454044343,0.8364194780203387,1.2208530153273736
2008-02-01,0.012707792572336004,0.8597563158228188,1.2480306862116572
2008-02-04,-0.00910129180277926,0.8428301309104536,1.2245098347695782
2008-02-05,-0.034004793758044716,0.7801650723777329,1.1533356800956538
2008-02-06,-0.007448570838898258,0.7669053867311948,1.1369194221458327
2008-02-07,0.007026460977382782,0.7793204784817889,1.1537706833011478
2008-02-08,-0.007064332366610438,0.7667507672350773,1.144716834938703
2008-02-11,-0.0003088461263088464,0.7662051131044636,1.1573470704146698
2008-02-12,0.00923170684599153,0.7825102009385352,1.173022131673033
2008-02-13,0.011950987788933585,0.8038129585836014,1.202584060632998
2008-02-14,-0.013131946503300055,0.7801253833095221,1.173022131673033
2008-02-15,0.0011288740644373953,0.7821349206861867,1.174842576823691
2008-02-19,-0.0005855696186245089,0.781091356620343,1.1728933219535036
2008-02-20,0.008877006275743607,0.7969021157707343,1.1910171444753423
2008-02-21,-0.01168970492979129,0.7758968602496568,1.1628245316635932
2008-02-22,0.007806413469568347,0.7897602454200738,1.1798689090701715
2008-02-25,0.012600535204699066,0.8123121824004604,1.209978721814271
2008-02-26,0.007698491677691984,0.82626425265405,1.2252671572579863
2008-02-27,0.0008735989812303333,0.8278596752446259,1.223221147606107
2008-02-28,-0.008814523584049497,0.8117479630288489,1.2033413831214048
2008-02-29,-0.028750819774182177,0.7596587238675647,1.1436535156203917
2008-03-03,-0.0007281284440955975,0.7583774662988156,1.1447972672673865
2008-03-04,-0.005735723593747031,0.7482918991786522,1.1374028027421734
2008-03-05,0.0035931304010511055,0.7545737399515022,1.1485992188821297
2008-03-06,-0.022188994086560894,0.7156415136112833,1.1013000932149741
2008-03-07,-0.006519241998997708,0.7044568314005246,1.0836273996955779
2008-03-10,-0.016688580821505677,0.6760118658129295,1.0514072707678648
2008-03-11,0.04095222350941206,0.7446482783461272,1.1275757027504336
2008-03-12,-0.00980588936371618,0.7275404503500671,1.1084369383011294
2008-03-13,0.0038442213416980545,0.7341814982179495,1.1192467286264378
2008-03-14,-0.02095716689025636,0.6978379671418011,1.075201867445951
2008-03-17,-0.009812247993528941,0.6811783599553767,1.0566107901247213
2008-03-18,0.04374835015987277,0.7547271395279052,1.1438307027307681
2008-03-19,-0.022649906298076013,0.714982734238907,1.0917630609122502
2008-03-20,0.02829609844406971,0.763510054516811,1.1418491962666835
2008-03-24,0.01431036990509785,0.7887465357283059,1.1746653897133172
2008-03-25,0.0016902744329889941,0.791770008264745,1.1796755961628493
2008-03-26,-0.010044628181886282,0.7737723447442704,1.1605690833074425
2008-03-27,-0.010564555926628517,0.7550332276071126,1.1358079220927375
2008-03-28,-0.008881879656900708,0.7394452336856443,1.1188278512178935
2008-03-31,-0.002995766677410085,0.7342342616173891,1.130878147971889
2008-04-01,0.04067380288833206,0.8047721641366068,1.207368899237371
2008-04-02,-0.0010115340596981673,0.8029465756225875,1.203099692823237
2008-04-03,0.001964142605242164,0.8064878198067433,1.2059673314952577
2008-04-04,0.00013105280154725028,0.80672456509649,1.2077232734581211
2008-04-07,0.003345469540728679,0.8127689070975066,1.2111708508521137
2008-04-08,-0.00727560517888722,0.7995799162489021,1.199893805727414
2008-04-09,-0.007675549691883632,0.7857671511772177,1.1820921058324285
2008-04-10,0.0026361226769956742,0.7904746524602702,1.1918548992924345
2008-04-11,-0.019189660804179044,0.7561160512010772,1.1471976511400181
2008-04-14,-0.005224951031473236,0.7469404308279675,1.139931996334334
2008-04-15,0.006200420868999917,0.7577721967321729,1.1497754187790834
2008-04-16,0.024146085185930366,0.8002155139319278,1.1985565445170354
2008-04-17,0.0025955280515804315,0.8048880237972282,1.1999260573213113
2008-04-18,0.01878057901580788,0.8387848659428376,1.2398305218071934
2008-04-21,-0.0033862969304857713,0.8325581943954719,1.2363508894753639
2008-04-22,-0.007773528398140204,0.8183127512300943,1.2166481154449764
2008-04-23,0.00037639326564276867,0.8189971519044899,1.2230762120896306
2008-04-24,0.009865545864246837,0.836942551733538,1.2373978863406663
2008-04-25,0.007497539776438605,0.8507151015821928,1.2519291959520342
2008-04-28,-0.0018111099208203162,0.8473632531011053,1.2495610636733017
2008-04-29,-0.006289216718083551,0.8357447852453286,1.2408132121407611
2008-04-30,-0.004415704923176077,0.8276386779594258,1.2321943669838098
2008-05-01,0.016775704557971893,0.8582986044595955,1.2704557700854693
2008-05-02,0.005248055117404995,0.8680510579603962,1.277802053875897
2008-05-05,-0.006524462029763629,0.8558630297630738,1.267475447490868
2008-05-06,0.007858463155034058,0.8704472610032568,1.2848260183834115
2008-05-07,-0.022159025643491048,0.8289999721818879,1.2434391605146127
2008-05-08,0.0012205110191728554,0.8312322868020026,1.2516715765129764
2008-05-09,-0.0117661245855431,0.8096857795704213,1.236528076585739
2008-05-12,0.007481422020589802,0.8232248026120479,1.2611763572218035
2008-05-13,-0.0014067051477037902,0.8206600628967922,1.2603065474668762
2008-05-14,0.003986618967084329,0.8279183408361495,1.2693603958293211
2008-05-15,0.010629681731158991,0.8473485310297861,1.2933803603525678
2008-05-16,0.00041161532452811027,0.8481089279949026,1.2962479990245885
2008-05-19,0.001582356332921907,0.8510332948610446,1.2983101344734167
2008-05-20,-0.010535972530872973,0.8315308589126573,1.276996550652704
2008-05-21,-0.01733033788719364,0.799789810276879,1.2404427121230617
2008-05-22,0.003908871090374477,0.806824956635021,1.2463067991866326
2008-05-23,-0.014527468330501954,0.7805763642987451,1.2166321863040874
2008-05-27,0.006415398568919894,0.79199947135812,1.231807741169162
2008-05-28,0.0015993171362435258,0.7948654468208025,1.240652150827334
2008-05-29,0.005056907672059434,0.803941915669145,1.2526058894556975
2008-05-30,0.00011494460002698585,0.8041492690511136,1.2560212152557928
2008-06-02,-0.010865640242573166,0.7845460321497029,1.232323373359399
2008-06-03,-0.006220862086189362,0.7734446173972431,1.2194030701944163
2008-06-04,-0.0018401076813081777,0.7701812883343959,1.2186779992999068
2008-06-05,0.01986945257496746,0.8053538214920508,1.2619336797102099
2008-06-06,-0.03315127606501636,0.7455040385607357,1.1920643379967064
2008-06-09,-0.00030806797180927723,0.7449663046717914,1.1938041541626214
2008-06-10,-0.00038659187399881563,0.7442917148780035,1.1884555026332273
2008-06-11,-0.01783901803110023,0.7131752635247961,1.1514829833511007
2008-06-12,0.004732007510737631,0.7212820217390052,1.1585391994525125
2008-06-13,0.015002559064009581,0.7471056569359624,1.1910171444753441
2008-06-16,0.0012019796507940872,0.7492056423833866,1.1911943315857192
2008-06-17,-0.008963841788236256,0.7335260397499717,1.1763570251444464
2008-06-18,-0.009164479318523416,0.7176391762105614,1.155220628434109
2008-06-19,0.004306030111078307,0.7250353822232916,1.1633077156038745
2008-06-20,-0.019267782171157127,0.6917977762410745,1.12319381241372
2008-06-23,-0.002841305884774041,0.6869908612635931,1.1233064963363004
2008-06-24,-0.0020832044299702495,0.6834765144280894,1.1173297253501486
2008-06-25,0.0051419440745046115,0.6921328565160207,1.1297021447309965
2008-06-26,-0.029929260922847655,0.6414885707372293,1.0671629610109719
2008-06-27,-0.005064323328919938,0.6331755418742893,1.0594784287967425
2008-06-30,5.681533555021044e-05,0.6332683312907132,1.0620882513736447
2008-07-01,0.005406997156885125,0.6420994085144325,1.0699983480890953
2008-07-02,-0.017522295436567283,0.6133260575422304,1.0323168837094072
2008-07-03,-0.0012981789564491981,0.6112316716044379,1.034540080471662
2008-07-07,-0.010616451997882515,0.5941261079053815,1.0174795772681349
2008-07-08,0.01961156051306439,0.6253894085360236,1.0519388320989909
2008-07-09,-0.023245707996460623,0.5876060809646553,1.0052035193568578
2008-07-10,0.004978461322835918,0.5955099164346369,1.0192193934340494
2008-07-11,-0.0105531778925014,0.5786722164572522,0.9968263644980766
2008-07-14,-0.010625147194542606,0.5618985917854591,0.9787992967579302
2008-07-15,-0.014198909517970983,0.539721335004451,0.9572278968420991
2008-07-16,0.029985092014267023,0.5858900209108895,1.0062829644721183
2008-07-17,0.016270460332031455,0.6116931815870845,1.0303835579801084
2008-07-18,0.003470771852547461,0.6172870009166798,1.03096369335814
2008-07-21,0.002731434646169135,0.6217045146637825,1.0298681224459312
2008-07-22,0.016236775442383052,0.6480357667022771,1.0572552320344872
2008-07-23,0.0031302789109168417,0.6531945783072219,1.0656162610963196
2008-07-24,-0.027289427967702645,0.6080798439459105,1.017850077285833
2008-07-25,0.002408939539070048,0.6119536110639734,1.0262594837385115
2008-07-28,-0.02273985540445113,0.5752980190296959,0.9885780193588238
2008-07-29,0.025795892582116828,0.6159342375134076,1.0350232644119406
2008-07-30,0.018031934920843224,0.6450726585206119,1.0689511545677313
2008-07-31,-0.014717676616290818,0.6208610111222037,1.0417573578864991
2008-08-01,-0.003509541796607193,0.6151725316571792,1.030367628839219
2008-08-04,-0.009801229794645238,0.5993418545164082,1.0121631773326367
2008-08-05,0.030379210096798007,0.6479285967313648,1.0699499706982478
2008-08-06,0.002529359306705945,0.6520968002642942,1.0768933062210184
2008-08-07,-0.023703373786338966,0.6129365322764149,1.0396468450468244
2008-08-08,0.023298869145994,0.6505161294827166,1.0883797900499905
2008-08-11,0.007693990425052838,0.6632151847793519,1.1028788480674616
2008-08-12,-0.0154654135073779,0.6374928741949895,1.0775377481307848
2008-08-13,-0.005131731147237909,0.629089701009103,1.07148034815989
2008-08-14,0.005482956708435879,0.6380219293138945,1.0829186512540763
2008-08-15,0.0038701730908080444,0.6443613577068783,1.091408490035438
2008-08-18,-0.01641260402771744,0.6173731058643555,1.0598328030174913
2008-08-19,-0.009487994316995773,0.6020274790274527,1.0406456611773414
2008-08-20,0.008458500519503575,0.6155782292910652,1.053292219106317
2008-08-21,0.0011487350250719416,0.6174341005887953,1.0584151094784295
2008-08-22,0.012021511264893106,0.6368781028492458,1.0817424513571243
2008-08-25,-0.02019176056858228,0.6038266521165587,1.040887351475511
2008-08-26,0.005321577620377745,0.6123615401354274,1.0484108223763138
2008-08-27,0.008416425799596967,0.625931861400101,1.0647625771383402
2008-08-28,0.016364054993627815,0.6525386997959441,1.095403951213565
2008-08-29,-0.01292017542405881,0.6311876098995346,1.0666473288207325
2008-09-02,-0.0021720786197230303,0.6276445421673147,1.0581895449772079
2008-09-03,-0.0004862428532249149,0.6268531116410951,1.0540009675478172
2008-09-04,-0.029979364862538282,0.578081088629451,0.9925410322869923
2008-09-05,0.0072709297544555325,0.5895552053717104,1.0013695128042768
2008-09-08,0.02429189457942476,0.628168512848776,1.0424179255932136
2008-09-09,-0.03815200086835835,0.5660506263327356,0.9726935193961879
2008-09-10,0.00481056232735256,0.573584210478499,0.9848244451349262
2008-09-11,0.013687337733687632,0.5951223890197164,1.0122276805204313
2008-09-12,-0.0031318357186430716,0.5901267277461772,1.016496690278505
2008-09-15,-0.05746048001511865,0.4987572826850122,0.9214473099417511
2008-09-16,0.01861727745376705,0.5266600628526128,0.9551173840024232
2008-09-17,-0.04898021580205376,0.4518839235177148,0.862951768134639
2008-09-18,0.046657687489913974,0.5196254698928346,0.9436954033612459
2008-09-19,0.04916618010351191,0.5943396494354698,1.0219418999335308
2008-09-22,-0.03618316792924455,0.5366513901636933,0.9446297163039679
2008-09-23,-0.01490903177516733,0.5137414057603877,0.9142300325269128
2008-09-24,-0.005141136692010977,0.5059590542770167,0.9104442067091185
2008-09-25,0.02067591325082062,0.5370961330425361,0.9479968613692771
2008-09-26,0.006584197709617726,0.5472166778811771,0.9545858226712975
2008-09-29,-0.08647595130836919,0.41341964378122786,0.782449823206202
2008-09-30,0.057904787135909006,0.4952634073880924,0.8790134552076494
2008-10-01,0.006290772977492841,0.5046697700255232,0.8704752390354416
2008-10-02,-0.0356034418440528,0.4510983473739152,0.795112310276066
2008-10-03,-0.021761772713202735,0.4195198749538598,0.7708665845955376
2008-10-06,-0.03694016558810285,0.36708257571746117,0.7026566267192658
2008-10-07,-0.06313075826082344,0.28077761610725815,0.6049329206178149
2008-10-08,-0.014016778384765798,0.26282524010211405,0.5867446932362117
2008-10-09,-0.07847212233813411,0.16372866336913727,0.46588695816339
2008-10-10,-0.0060797094245896716,0.15665353124678671,0.4486491695214574
2008-10-13,0.11162545884590201,0.2857655123979421,0.6164032786498386
2008-10-14,0.005305779444506397,0.29258750062407834,0.6078005592898359
2008-10-15,-0.09032189108202818,0.17583855317871944,0.4625361355510895
2008-10-16,0.0393185841118044,0.2220708602337793,0.5247048192534152
2008-10-17,-0.011151288199131727,0.20844319587155158,0.515232093482425
2008-10-20,0.04682647439159115,0.2650303302367234,0.5874857915996401
2008-10-21,-0.030930946229073858,0.22590174511402372,0.5385916869550171
2008-10-22,-0.05809368982305566,0.154684589379827,0.44471840818718533
2008-10-23,0.012761631443505398,0.16942024854298787,0.4629710404285532
2008-10-24,-0.03640069791726781,0.12685253533743834,0.4124821534625236
2008-10-27,-0.02980103924882716,0.09327115870420699,0.3676155649338648
2008-10-28,0.10897062785361197,0.2124056032824504,0.5151676886226604
2008-10-29,-0.01466802145000688,0.19462201188739492,0.49838102898317027
2008-10-30,0.02541568747074069,0.22498415158719243,0.5370451836964261
2008-10-31,0.014272750411769652,0.24246804464116978,0.5606624949361065
2008-11-03,-0.0010534937897896763,0.24115911227212816,0.5567155094768557
2008-11-04,0.04058607049795414,0.29153288350198303,0.6202697334523761
2008-11-05,-0.056882942319240626,0.2180666929863373,0.5349186433878335
2008-11-06,-0.05041250705692406,0.15666089723035936,0.45776752107169694
2008-11-07,0.030054332705617075,0.19142356866329813,0.49983087578809937
2008-11-10,-0.014974479961314537,0.1735826203089117,0.480853270980252
2008-11-11,-0.019207311759935175,0.1510412530445968,0.4482142646439937
2008-11-12,-0.052156445725344454,0.09100703240254382,0.37306077458889075
2008-11-13,0.06543857006640069,0.16240097253535346,0.4680940291286957
2008-11-14,-0.04011221913945121,0.11577448999710427,0.40687578416604064
2008-11-17,-0.02614132512923103,0.08660666628318792,0.3705637342625989
2008-11-18,0.006557343644844848,0.0937319196007862,0.3840478503526046
2008-11-19,-0.0629856986474553,0.024842450511708192,0.299405607057593
2008-11-20,-0.06526989896915977,-0.04204891269249711,0.21218569445154611
2008-11-21,0.061108845643917394,0.016490372436199996,0.2888535344993728
2008-11-24,0.06778996212866834,0.08539821628780597,0.37227139716264634
2008-11-25,0.0071795038041678125,0.09319083691068109,0.38126084066532684
2008-11-26,0.03477944528488067,0.13121140780894902,0.43005819052825744
2008-11-28,0.011514951580898783,0.1442372523976294,0.44384840177619767
2008-12-01,-0.09124951183682734,0.039826161690833306,0.3149196070025291
2008-12-02,0.03944948885054819,0.080846772262964,0.36743837782348954
2008-12-03,0.02696696708895377,0.10999393159878124,0.40276773739336336
2008-12-04,-0.029767067589781714,0.07695266721263283,0.3616548214166315
2008-12-05,0.03555102198565716,0.11523943516222124,0.4113544292844473
2008-12-08,0.03901079436652413,0.15874581143677324,0.4655325839426394
2008-12-09,-0.023964813142961096,0.13097668458550227,0.43165307117769447
2008-12-10,0.010975317051076166,0.14338951227620322,0.4486814211153545
2008-12-11,-0.030476191249866787,0.10854335482698185,0.40735916476238043
2008-12-12,0.0073657455871753465,0.11670860315099141,0.41725066961388535
2008-12-15,-0.013461783556000681,0.10167571364024885,0.39927188093655475
2008-12-16,0.050794858803494686,0.15763517596184462,0.47113885491109175
2008-12-17,-0.011603141687183564,0.14420297099309165,0.45702642270826854
2008-12-18,-0.0201977315577926,0.1210926665373444,0.42619183405375005
2008-12-19,0.00023301595909924592,0.12135389902027671,0.43038041148314066
2008-12-22,-0.015627787767850187,0.10382961827373638,0.40420155672937375
2008-12-23,-0.010819995577646891,0.09188618668553894,0.3905562809979115
2008-12-24,0.007126188681842703,0.09966717367095801,0.3985952857609214
2008-12-26,0.004818832373436632,0.10496628544744913,0.40608640673979646
2008-12-29,-0.003988657611464532,0.10055895326258746,0.40064119708477053
2008-12-30,0.021787942725142985,0.12453786870191608,0.43482680500765003
2008-12-31,0.014869578901142119,0.14125927326790144,0.45514157269784605
2009-01-02,0.028983968958011554,0.17433749661734121,0.5011357870765505
2009-01-05,-0.006202721093502337,0.16705340865618212,0.49412794836598484
2009-01-06,0.006406977893054205,0.17453069404545585,0.5058077451022809
2009-01-07,-0.030645989684057733,0.1385360385121297,0.4606190339467693
2009-01-08,0.002036153769306991,0.1408542729584381,0.4655808630054554
2009-01-09,-0.02119479497727371,0.1166741005441374,0.4343595502082589
2009-01-12,-0.02440183220879913,0.0894252065107477,0.4019944857640678
2009-01-13,0.0034366920559479714,0.09316922546351258,0.40445927449646213
2009-01-14,-0.036243946912329336,0.05354845808962083,0.3574662439872409
2009-01-15,-0.0032767470780147748,0.050096246258028776,0.3592705633409503
2009-01-16,0.007058222038195276,0.05750805872559317,0.36954879233513327
2009-01-20,-0.05229587063684144,0.0022047540890621775,0.2972145635612051
2009-01-21,0.04440119973589647,0.04670384755163548,0.35363204077860066
2009-01-22,-0.018514948619328522,0.027324179594563347,0.3331078343841323
2009-01-23,0.007940078899547221,0.03548121463595666,0.3402768327361545
2009-01-26,0.005415572588479309,0.04108893831782434,0.34771967465221376
2009-01-27,0.009856524780680474,0.051350457237246294,0.36244429717090587
2009-01-28,0.033638119563707894,0.08671590962115183,0.40816466798557327
2009-01-29,-0.0336789520336957,0.050116456626767114,0.3615260116971024
2009-01-30,-0.02115798716660578,0.02789810611401644,0.3304980118072298
2009-02-02,-3.343032160649066e-05,0.027863743149750375,0.32978916503769895
2009-02-03,0.01327809639250492,0.041511817009653784,0.35084503109132315
2009-02-04,-0.00785151003014558,0.0333343765318872,0.3407278634105666
2009-02-05,0.016653208559238852,0.0505427094157036,0.36266976334409695
2009-02-06,0.027345324293683443,0.0792701404890408,0.39932015999937054
2009-02-09,0.0003716511520258734,0.07967125248010087,0.4013984212451476
2009-02-10,-0.050406827058043134,0.025248450376795573,0.3325600489280278
2009-02-11,0.008400398804271729,0.033860946233422284,0.34316049887709377
2009-02-12,0.0005369444684060107,0.034416072149603405,0.34549647788995896
2009-02-13,-0.011156358244217308,0.022875755875126247,0.33204461339385083
2009-02-17,-0.04469433253111777,-0.02284099329597511,0.2713579297623214
2009-02-18,-0.0009102048034108695,-0.02373040811757332,0.27014967492753206
2009-02-19,-0.011720277974024952,-0.03517255911202333,0.25487736528076566
2009-02-20,-0.01181061104983026,-0.04656776074655433,0.24055549437366985
2009-02-23,-0.0321772460144944,-0.07724658446716282,0.19750944932369952
2009-02-24,0.041477345129339,-0.03897322258183089,0.24553354755733459
2009-02-25,-0.009360233253771551,-0.0479686573815854,0.23225887017160152
2009-02-26,-0.013211860876500154,-0.06054676303032758,0.212814010564363
2009-02-27,-0.02623609613685037,-0.08519434847153917,0.18423477193796622
2009-03-02,-0.04522031861106266,-0.12656215150085692,0.12902554955536005
2009-03-03,-0.006205730977050948,-0.13198247181381673,0.12179214634357338
2009-03-04,0.0221793894404843,-0.11273037301500888,0.14843815756870127
2009-03-05,-0.040404527374222364,-0.14858008294684,0.09959243031492448
2009-03-06,2.4641629924350146e-05,-0.14855910257233373,0.10092959319727313
2009-03-09,-0.01032621779072309,-0.15735126671510047,0.0898942383707435
2009-03-10,0.06130193489592965,-0.10569526892713199,0.15928019948790717
2009-03-11,0.003775453230442044,-0.1023188632412032,0.16211558656603087
2009-03-12,0.03904775008251282,-0.06726643455925974,0.20944696382708394
2009-03-13,0.008053800816805977,-0.05975438420805068,0.21880690734746344
2009-03-16,-0.0005256703704178563,-0.06024864346918779,0.21452167346441087
2009-03-17,0.031691327433502406,-0.030466675523291742,0.25355632819536567
2009-03-18,0.024447763510729553,-0.006763754090713725,0.2797029313552353
2009-03-19,-0.013876341755015675,-0.020546239682419754,0.26309345882612045
2009-03-20,-0.01915180395282243,-0.039304546080876857,0.2381228589071427
2009-03-23,0.07113880650211515,0.0290381819229375,0.325729397327837
2009-03-24,-0.02027407250652166,0.008175387210652696,0.29866450869416394
2009-03-25,0.006901428960191374,0.01513323802490052,0.3111659344506015
2009-03-26,0.019798792434494946,0.0352316502979122,0.3417428053380316
2009-03-27,-0.02086214897447255,0.013634493386307955,0.3144846037970348
2009-03-30,-0.034887609827527595,-0.021728791326677155,0.2687159539195516
2009-03-31,0.014739591322856852,-0.00730947350791511,0.2853737055114822
2009-04-01,0.017334769409228776,0.009898587863551134,0.30665513606632766
2009-04-02,0.026155624047680612,0.036313115653993755,0.3441915666015074
2009-04-03,0.010431004523938536,0.04712290245159756,0.35727293107991653
2009-04-06,-0.00897311817267969,0.03772694490658002,0.3459636343613195
2009-04-07,-0.023173210643127357,0.01367947982221085,0.31385628768421703
2009-04-08,0.009771188652955324,0.0235843332531831,0.329338036035256
2009-04-09,0.03800908252905283,0.0624898346512488,0.37992367778297775
2009-04-13,0.004733125915475723,0.06751873282256615,0.38341953423978636
2009-04-14,-0.020639830661762244,0.045485326948849325,0.3556619246335311
2009-04-15,0.013709507786092819,0.05981841617890038,0.37267414877424265
2009-04-16,0.012553364498552853,0.07312270305947322,0.3940038583919039
2009-04-17,0.003162083700023097,0.07651600686694215,0.400931166445756
2009-04-20,-0.04464478077215858,0.028455185742647826,0.3409856795056849
2009-04-21,0.021913458240359854,0.050992195507501004,0.3694843874753686
2009-04-22,-0.00940780928220423,0.0411046613750814,0.35896446818301575
2009-04-23,0.010666005070927607,0.05220908897267429,0.3724485842730214
2009-04-24,0.015571296495741946,0.06859334867258227,0.39550208258767894
2009-04-27,-0.010561426615803102,0.05730747843844153,0.38145415357265056
2009-04-28,-0.0037308850159390675,0.053362785809895286,0.3776682294268261
2009-04-29,0.021719516102428844,0.07624131579799265,0.40743969541909353
2009-04-30,-0.0010754404363355168,0.07508388236772845,0.4061025325367449
2009-05-01,0.004168639217890333,0.07956551920228838,0.4136904082973123
2009-05-04,0.03392372587144754,0.11618840393597374,0.46156947268643944
2009-05-05,-0.0031895907158943256,0.11262821976559056,0.45602760657775154
2009-05-06,0.020406077402343223,0.1353325973381585,0.4813688048424585
2009-05-07,-0.01301138661275949,0.12056034598012344,0.46181116298460934
2009-05-08,0.024927511371340548,0.14849312674681614,0.49699548870997523
2009-05-11,-0.021450918519991473,0.12385689426419999,0.4647914855792108
2009-05-12,0.00030955974569424425,0.12420479511858518,0.4633576662432004
2009-05-13,-0.02725496913191015,0.09356462812968269,0.4240007905573624
2009-05-14,0.010357554177161547,0.1048912830117632,0.43874153887300316
2009-05-15,-0.013467111107873738,0.0900115893413227,0.42232537925121205
2009-05-18,0.029788110832840428,0.12248097537370262,0.4655487097395876
2009-05-19,-0.0016874197506302204,0.12058687880615038,0.46300329202244983
2009-05-20,-0.005544716990037007,0.11437354170042147,0.45549594691859574
2009-05-21,-0.015019359790273412,0.09763636453686142,0.43110538404961973
2009-05-22,-0.0011455374395671542,0.09637898098625408,0.42896271794407825
2009-05-26,0.02579133138655692,0.1246560546101263,0.46654752587010395
2009-05-27,-0.01936918796024969,0.10287238009775002,0.43872541307605406
2009-05-28,0.01609331824524228,0.120621256294551,0.4609090033077541
2009-05-29,0.013201625033055641,0.13541527792422325,0.48074048872964026
2009-06-01,0.02395341293207741,0.1626123489257314,0.5189696402374022
2009-06-02,0.0008638413340370715,0.16361666152819554,0.5219822144259008
2009-06-03,-0.013123830257928995,0.14834555397700155,0.5010713822167847
2009-06-04,0.01236155314623815,0.16254088857273463,0.5183091708587171
2009-06-05,-0.0037181394580855457,0.15821839942329463,0.5144910934470255
2009-06-08,-0.0011411517124028808,0.15689669651345617,0.5129606176573531
2009-06-09,0.0025641032613049107,0.15986309910597907,0.5182607934678709
2009-06-10,-0.003556726436982886,0.15573778335810795,0.5129767434543016
2009-06-11,0.0069425253593586094,0.16376152222784057,0.5222239047240704
2009-06-12,0.001965680767128425,0.16604910586960786,0.5243504450326633
2009-06-15,-0.02316243824241728,0.13904056546727728,0.48811882745790447
2009-06-16,-0.013000736143296497,0.12423219961912602,0.4691895017128731
2009-06-17,-0.0026567531171252977,0.12124539221841535,0.46715971618597263
2009-06-18,0.009398021721275006,0.1317828807693635,0.47949998230095336
2009-06-19,0.0025294948801965244,0.13464571977176387,0.48410743713888893
2009-06-22,-0.029371737288156594,0.10131920377549641,0.4386931614821561
2009-06-23,0.002946535639502821,0.10456428005988982,0.4420118308285892
2009-06-24,0.007078785422044981,0.11238325358328916,0.45142015173981487
2009-06-25,0.01979608234341378,0.13440408406865845,0.4825448080833492
2009-06-26,-0.0021724666288950563,0.13193962905233714,0.48035386291499194
2009-06-29,0.00853766372163963,0.14160374895838346,0.49377347581720277
2009-06-30,-0.00855427454375204,0.131838157069617,0.4810304580906255
2009-07-01,0.005148091146277461,0.13766496306504616,0.48749060967311686
2009-07-02,-0.027712828867051845,0.10613704863558371,0.444138371137182
2009-07-06,0.0016342707068611525,0.10794477601194252,0.447843666298263
2009-07-07,-0.019762785309362613,0.08604870126898878,0.4193450566566097
2009-07-08,-0.003246282015230132,0.08252308090239513,0.416976826049847
2009-07-09,0.0026566269477067135,0.08539894089063482,0.42200315829632773
2009-07-10,-0.004091025892895478,0.08095854571933003,0.41628410507726454
2009-07-13,0.025306679324091873,0.10831401699848597,0.4515973388501897
2009-07-14,0.005368436897749469,0.11426393086163378,0.4593141226583164
2009-07-15,0.02911570716894299,0.1467065131815164,0.5025534806156104
2009-07-16,0.007345023272009887,0.1551290992069998,0.5155381886403576
2009-07-17,-0.0007248597868916325,0.15429179257431636,0.514958249918386
2009-07-20,0.010126785349282777,0.1659810577881553,0.5322765692170317
2009-07-21,0.003832280331975247,0.1704494240633725,0.5378345611226683
2009-07-22,-0.00080778808651724,0.169503948962743,0.5370129321025268
2009-07-23,0.022542045179786252,0.19586695981819946,0.5728094481437616
2009-07-24,0.002275177993682886,0.19858777000855032,0.5775941884201028
2009-07-27,0.002817711261087443,0.201965044265505,0.5822982997117006
2009-07-28,-0.003551494984577583,0.19769627143915836,0.5781741271420746
2009-07-29,-0.0031939740520137774,0.19387086062598802,0.5709729755241852
2009-07-30,0.011374447861146485,0.20745048248312026,0.5896606109710467
2009-07-31,0.0012332479444986365,0.2089395683087263,0.5908366142119386
2009-08-03,0.01422271011856437,0.2261339653396437,0.6152434012058934
2009-08-04,0.0030521910850590302,0.2298763604977414,0.6201086721389479
2009-08-05,-0.0009385090948724335,0.22872211034784562,0.6153883367223714
2009-08-06,-0.006247227528025872,0.22104600375578642,0.6063023350940593
2009-08-07,0.012037017832240066,0.2357437562769802,0.6278897624788091
2009-08-10,-0.0027052741619243512,0.23240073062236477,0.6224445528237832
2009-08-11,-0.013128580638412038,0.21622105825155113,0.6019042206323661
2009-08-12,0.01125131565748358,0.22990514528721806,0.6203663899060368
2009-08-13,0.0062907262785886296,0.23764214190484778,0.631514526983177
2009-08-14,-0.007325602813225402,0.22857566714834343,0.6175955060157079
2009-08-17,-0.02355840954524707,0.19963237842433768,0.5783513142524503
2009-08-18,0.009239288755321939,0.2107161283688337,0.5943647222626449
2009-08-19,0.0073794354362453135,0.21965052986975242,0.6053035189635427
2009-08-20,0.01161971825284475,0.2338225253937718,0.622879556029277
2009-08-21,0.018424958869171015,0.2565556546760086,0.653102052695957
2009-08-24,-9.396279727152702e-05,0.25643758519176796,0.652199794691072
2009-08-25,0.0018618517292655957,0.2587768856824717,0.6561146268844555
2009-08-26,-0.0002045933269757725,0.2585193483315098,0.6563079397917793
2009-08-27,0.003422003603840833,0.26282600607700357,0.660915394629715
2009-08-28,-0.0011156396148480302,0.2614171473579636,0.6576129494082608
2009-08-31,-0.0083139020050172,0.250929848807381,0.6442253914438869
2009-09-01,-0.023273310334568,0.22181657022931267,0.6078488383526504
2009-09-02,-0.002968154332777675,0.21819003008252702,0.6025486625421324
2009-09-03,0.008937828430478443,0.22907800356712404,0.616226091539462
2009-09-04,0.0118427058117359,0.24363361278304518,0.6374269914375941
2009-09-08,0.009028357897295756,0.25486158213235743,0.6519099236581163
2009-09-09,0.006324111484614928,0.2627974666755226,0.6647657236353044
2009-09-10,0.00915492358929458,0.27435828099169157,0.6821162945278476
2009-09-11,-0.0010890770204532887,0.2729704066720393,0.6798447203747469
2009-09-14,0.005775809878797798,0.28032284172231314,0.6904934493866286
2009-09-15,0.002324877536272773,0.2832994355362102,0.6957937235251768
2009-09-16,0.014832893965027757,0.30233447998889873,0.72177926537162
2009-09-17,-0.0036602860181348504,0.29756756330086054,0.7165112428269693
2009-09-18,0.002073695142300453,0.30025832285368415,0.721038265336222
2009-09-21,-0.003317014686008507,0.2959453469011737,0.7151741782726511
2009-09-22,0.007178276686924879,0.30524800117236306,0.7264512233973508
2009-09-23,-0.009391911252591062,0.2929892277827304,0.7090684009109103
2009-09-24,-0.009196077737040866,0.2810987983308839,0.6928134009305758
2009-09-25,-0.0056569408442575676,0.27385169821307653,0.6825029203424955
2009-09-28,0.016756966479267683,0.29519758841959143,0.7124676009140567
2009-09-29,-0.002744815571987769,0.2916425099100963,0.7086495235023651
2009-09-30,-0.003480482031851815,0.28714697136277834,0.7029626235491693
2009-10-01,-0.025179326016922573,0.2547374781391405,0.6590949494790574
2009-10-02,-0.0033711457455329616,0.25050757522795086,0.6516198559691007
2009-10-05,0.013402681219139631,0.2672677296208503,0.6761877042764821
2009-10-06,0.013005037157209822,0.28374859353270243,0.6991606719344263
2009-10-07,0.003124054026794976,0.2877590934957206,0.7037681267723619
2009-10-08,0.007569466004149792,0.29750674217547135,0.7164951170300207
2009-10-09,0.004998870462627803,0.30399281030399283,0.7261772815052832
2009-10-12,0.00503573724587174,0.3105593754671896,0.7337489331408715
2009-10-13,-0.0025585848517220545,0.307206198101837,0.7289159138017145
2009-10-14,0.016146283049282617,0.32831271938016604,0.759251291047035
2009-10-15,0.004515288615662403,0.33431043468002275,0.7665653232435654
2009-10-16,-0.00746770941842044,0.32434619207986604,0.7522595781334183
2009-10-19,0.009173645867221476,0.33649527505161014,0.7687401426149738
2009-10-20,-0.006074424816470978,0.32837683498574033,0.7577047877884442
2009-10-21,-0.008004323079373238,0.31774407762735923,0.7421424104526617
2009-10-22,0.010146162889810392,0.3311141236860493,0.7606851103830454
2009-10-23,-0.010137350966292017,0.31762015263805554,0.7392425201867434
2009-10-26,-0.011182266532958566,0.3028861729020591,0.7188632493087528
2009-10-27,-0.0022147390696544843,0.3000006199916203,0.7131604202146686
2009-10-28,-0.01747354826376997,0.2772849964152657,0.6796836590613202
2009-10-29,0.020416502068670236,0.3033626881868594,0.7175100589574859
2009-10-30,-0.026902694747737127,0.2682987196409783,0.6693086752854454
2009-11-02,0.005805534070472535,0.2756618710693908,0.680086410672917
2009-11-03,0.0018471450466005053,0.27801820357567375,0.6841623041797273
2009-11-04,0.0010415564412777243,0.2793493316676783,0.6859182461425906
2009-11-05,0.01741050514359286,0.3016234497871304,0.7183478137745762
2009-11-06,0.0019523457277284082,0.3041646687684334,0.7226492717826076
2009-11-09,0.021620895668896634,0.33236187700693676,0.760958855619053
2009-11-10,0.0006107313224988818,0.3331755921381281,0.7608461716964725
2009-11-11,0.0045717286870471255,0.33927050923757696,0.7697067071515937
2009-11-12,-0.009843326577908817,0.3260876322389894,0.7515506330358577
2009-11-13,0.006273215044893865,0.33440646512439876,0.7616032975288194
2009-11-16,0.014187510050087577,0.3533383702592532,0.787089529638034
2009-11-17,0.0009492604313718301,0.35462304082439755,0.7887325910222569
2009-11-18,0.0004955975729330246,0.3552943887156692,0.7878950328612271
2009-11-19,-0.012855614892205236,0.3378712459887738,0.7638909974788686
2009-11-20,-0.002662929348668008,0.33430858938309127,0.7582202233226214
2009-11-23,0.013514929473803687,0.3523416758648943,0.7821597555171849
2009-11-24,0.00012629083994728516,0.3525124642310351,0.7812093167775143
2009-11-25,0.004520267997928147,0.3586261830398976,0.7892320974155451
2009-11-27,-0.017363847746284286,0.3350352048534775,0.7583974104329965
2009-11-30,0.004465606094872146,0.3409969462011402,0.7650670007197604
2009-12-01,0.012418334612591597,0.3576498949935296,0.786380584540473
2009-12-02,0.001514468722411586,0.3597060132954826,0.7869927748563419
2009-12-03,-0.007488625193234088,0.349523684588926,0.771978281304694
2009-12-04,0.003851673527683409,0.3547216092398391,0.7817408781086397
2009-12-07,-0.0023044344580481,0.3515997420824444,0.7773428619749765
2009-12-08,-0.009876406259850071,0.33825079392892965,0.7591222846714456
2009-12-09,0.003410628938952001,0.342815070814279,0.765582436253937
2009-12-10,0.005685603527626001,0.35044978491785006,0.7758929168420172
2009-12-11,0.003592571729522212,0.35530137263728534,0.7824336974092521
2009-12-14,0.005739790435512442,0.3630805184931858,0.7948383683839975
2009-12-15,-0.005534678065954933,0.35553630664535096,0.7848824586727279
2009-12-16,0.0008355550570903214,0.3566689318614382,0.7868962167307099
2009-12-17,-0.0115372943879474,0.34101664300757073,0.7657918749582093
2009-12-18,0.0060527260813545754,0.3491334494182332,0.7760862297493409
2009-12-21,0.009473020868244695,0.36191381873861905,0.7947418102583654
2009-12-22,0.003449395535787645,0.3666115981851037,0.801137458653062
2009-12-23,0.0025103056782354635,0.37004221103997015,0.8052776586916064
2009-12-24,0.005217267902913093,0.37719008829326484,0.8147665102595452
2009-12-28,0.0016392315628666846,0.3794476217540621,0.8168608973022706
2009-12-29,-0.0013413419942183917,0.37759731073017866,0.8143153812571027
2009-12-30,-0.00026116372342762647,0.3772375322871244,0.8146699521339136
2009-12-31,-0.010056189048844248,0.3633877712972815,0.7964332490334343
2010-01-04,0.01509134574110354,0.38396312753312123,0.8252541779580009
2010-01-05,0.0031583884180141865,0.3883342206460805,0.8309410779111968
2010-01-06,0.0005325753912678589,0.38907361328685175,0.8319398940417135
2010-01-07,0.002588314603751308,0.3926689728058077,0.8392698553791322
2010-01-08,0.00230950682034694,0.3958853512969882,0.8445701295176806
2010-01-11,0.0023067397624420803,0.39910529554063534,0.847792142410452
2010-01-12,-0.00946165078167674,0.38586744982743526,0.8304576973148576
2010-01-13,0.00795177356841426,0.39688755398429865,0.8456979520237871
2010-01-14,0.0018221124176320698,0.3994328401424492,0.8501764004861334
2010-01-15,-0.01061026566335209,0.3845844859305185,0.8301517004849535
2010-01-19,0.012235066708168135,0.4015249694789731,0.8530279133612055
2010-01-20,-0.01116750283040897,0.38587343541542785,0.8333898391746735
2010-01-21,-0.019365782757634085,0.35903491153559663,0.7986564457956895
2010-01-22,-0.02188041247716653,0.3292986671003282,0.7588324136384905
2010-01-25,0.004419238962157315,0.33517315556232186,0.766919697464316
2010-01-26,-0.004758046484336519,0.3288203396235181,0.7594929813452054
2010-01-27,0.004794576309324047,0.3351914701432248,0.7680795749082594
2010-01-28,-0.010753700708296688,0.32083322068503395,0.7471848684960918
2010-01-29,-0.00958151038495951,0.3081776434642409,0.7300114847139239
2010-02-01,0.013954629345413572,0.32643277759674105,0.7546920169438855
2010-02-02,0.012125892711122408,0.342516959146395,0.7774555458975572
2010-02-03,-0.005736718004933717,0.33481531793493113,0.7677252006875088
2010-02-04,-0.031329587775744,0.29299610426728107,0.7126770396183293
2010-02-05,0.003417024220815786,0.2974143032729828,0.7176388686770154
2010-02-08,-0.008873490297286128,0.2859017100413297,0.7024149364210952
2010-02-09,0.012616051062948427,0.30212471167714394,0.7246146524497441
2010-02-10,-0.0020769408249146333,0.2994202757043316,0.7207643234441552
2010-02-11,0.009415932931198991,0.3116555298698036,0.7374220750360863
2010-02-12,-0.0027135375367540113,0.308096303354211,0.732653558884724
2010-02-16,0.01822085166268038,0.3319309320581285,0.7638426200880231
2010-02-17,0.0033256044685036445,0.3363604075175193,0.7713177135979796
2010-02-18,0.006431693682993604,0.34495546830875234,0.782981384537327
2010-02-19,0.0019219123158851796,0.3475403547876119,0.7868800909337621
2010-02-22,-0.0018373296137548702,0.34506447898803105,0.7850112683922579
2010-02-23,-0.011826511560131724,0.3291570583781567,0.7634076168825292
2010-02-24,0.009445849412355399,0.34171207579696605,0.7805487490707999
2010-02-25,-0.0017552861412608177,0.33935698718475726,0.7768433555816887
2010-02-26,0.0006375589086616244,0.340210906163815,0.7793404942360105
2010-03-01,0.009637714160618278,0.35312747579236503,0.7974159393670033
2010-03-02,0.0032415203545296902,0.3575136660474194,0.8016047134524542
2010-03-03,-0.00014260927042337773,0.35732007201391447,0.8023779650817495
2010-03-04,0.0036522572074265515,0.36227735402971195,0.8091118619002478
2010-03-05,0.013267203852874436,0.38035096538977853,0.8344529618369247
2010-03-08,0.000523947825966193,0.38107419727716496,0.8341308392100719
2010-03-09,0.0017194992308204285,0.38344895329708906,0.8372722231180998
2010-03-10,0.00452132321393193,0.3897039731649208,0.8455850714451467
2010-03-11,0.004273685761323626,0.3956431312474906,0.8530440391581546
2010-03-12,-0.0006020509045362932,0.39480288303791333,0.8526412875465581
2010-03-15,0.00041190327030065765,0.39537740690686163,0.8534790423636482
2010-03-16,0.008243290193495213,0.4068799078014418,0.8678974713963759
2010-03-17,0.005829639192107964,0.4150815100505503,0.8787717649094791
2010-03-18,-0.0011271983949318022,0.4134864324437235,0.8781595745936099
2010-03-19,-0.005422355854256011,0.4058220060118509,0.8686064164939367
2010-03-22,0.004765649429451867,0.41252166085271225,0.8781275196557727
2010-03-23,0.007297937266407406,0.42283015532105694,0.8915955099488297
2010-03-24,-0.00568177637526488,0.4147459525585393,0.8812044003760062
2010-03-25,-0.0018630822087321668,0.4121101645444516,0.8779985132801835
2010-03-26,0.0008473054490172949,0.41330665318148263,0.8793839552253477
2010-03-29,0.006198937059292064,0.4220676521700333,0.8900649358311272
2010-03-30,-0.00015707167600937616,0.42184428562050824,0.8901455648158705
2010-03-31,-0.0036107084272896006,0.4167104204761247,0.8839593551254465
2010-04-01,0.007454099951259922,0.42727072155234525,0.8979266551557317
2010-04-05,0.007676485459140491,0.4382271444925987,0.9129734003012768
2010-04-06,0.002233430272393218,0.441439324535686,0.9161954131940482
2010-04-07,-0.005736631949882533,0.4331703176527375,0.9049344938662973
2010-04-08,0.0034592922182564738,0.43812807258002984,0.9113623938548912
2010-04-09,0.006874612100010353,0.4480146452291529,0.9241377615033957
2010-04-12,0.0016257551873059678,0.4503687625499293,0.9275369615065423
2010-04-13,0.0003928931974177456,0.45093860257048246,0.9288580969199722
2010-04-14,0.0103350431145695,0.4659341155846415,0.9503649936480087
2010-04-15,8.192817707922389e-06,0.46594612571562255,0.9520082516882915
2010-04-16,-0.015811307834320814,0.4427676002534029,0.9205291227959764
2010-04-19,0.004413004951922475,0.44913454081779447,0.9292124711407221
2010-04-20,0.00874343827202495,0.461804959223294,0.9447587226795557
2010-04-21,-0.0007782990594723759,0.46066723779839847,0.9427770195594107
2010-04-22,0.002993281885287362,0.46503942658173303,0.9471752323491345
2010-04-23,0.007574617095070915,0.47613653926727206,0.9610459742537876
2010-04-26,-0.003898381582916067,0.47038199576872297,0.9526204420041602
2010-04-27,-0.022589266212326972,0.4371671454324908,0.9069643777212271
2010-04-28,0.006452761157631692,0.4464408417655621,0.9192886163672893
2010-04-29,0.012708909684252832,0.46482352778717506,0.9441304065667377
2010-04-30,-0.014881045782344603,0.44302542180711857,0.9117651454664863
2010-05-03,0.012358968987453317,0.4608597282433393,0.9368486259641049
2010-05-04,-0.022647928114104425,0.42777428213329394,0.890677126146995
2010-05-05,-0.006367870787490885,0.41868239999096657,0.8782240777814034
2010-05-06,-0.030663540334960875,0.3751805749963444,0.8174569618211911
2010-05-07,-0.013584703463805102,0.35649915467583404,0.7896348490271412
2010-05-10,0.0423992427975467,0.41401369168960134,0.8683324746018684
2010-05-11,-0.002997368656924293,0.40977537136966924,0.8619852035980178
2010-05-12,0.013164179501111439,0.42833390741462574,0.8875679938328644
2010-05-13,-0.011804075821525786,0.4114737456730473,0.8646432069097059
2010-05-14,-0.01828686401236626,0.3856623172288991,0.8295878875599294
2010-05-17,0.000502330363620511,0.3863583774845678,0.8316175747587999
2010-05-18,-0.014053910797091434,0.3668746205145994,0.8056161037714686
2010-05-19,-0.0054703602245341695,0.359397323958611,0.7963528167047511
2010-05-20,-0.037728153081934834,0.308109773621128,0.7263383428187096
2010-05-21,0.014751931949760483,0.3274069199844034,0.7522755072743066
2010-05-24,-0.013039496653864342,0.31009820189295034,0.7296571104931728
2010-05-25,9.634172641691913e-05,0.31022441901549636,0.7302693008090417
2010-05-26,-0.005643883836328423,0.3028296645950521,0.7204742557551382
2010-05-27,0.03220877531263415,0.3447922125326286,0.7770368651450716
2010-05-28,-0.011324869423685277,0.32956261632370776,0.7550465878206953
2010-06-01,-0.01637038890816786,0.30779715921672746,0.7249206492796474
2010-06-02,0.025127059009635015,0.3406582556089992,0.76949726844732
2010-06-03,0.0034072705516696054,0.34522624100318855,0.7766661684713119
2010-06-04,-0.0338384664934759,0.29970584792085764,0.7155285524934003
2010-06-07,-0.01238911241499607,0.28360364606453836,0.692313894537286
2010-06-08,0.012179695968050862,0.29923754821708615,0.7108888460615672
2010-06-09,-0.005756491869452756,0.29175849783428687,0.7007233009899647
2010-06-10,0.02881434339460689,0.32897967077378554,0.7509061911260899
2010-06-11,0.004119935259371096,0.3344549809783939,0.7585745975433706
2010-06-14,-0.0013818922143005194,0.3326109080298454,0.7554009620414452
2010-06-15,0.022162929103609657,0.3621454691072077,0.796642687737706
2010-06-16,-0.00046047487234144815,0.3615182353462101,0.7956438716071892
2010-06-17,0.0015807730401300969,0.36367048666629076,0.7979476973541872
2010-06-18,0.0011459617583893995,0.3652332008950545,0.8003158296329198
2010-06-21,-0.003776901280561182,0.3600768498703293,0.7933722974540887
2010-06-22,-0.016041865123253528,0.3382586804874499,0.7645515651855825
2010-06-23,-0.003550920238265477,0.3335066306548724,0.7592835426409319
2010-06-24,-0.0157650927493323,0.31248377494074875,0.7297214170249069
2010-06-25,0.0029282987645248204,0.3163271195573665,0.7346673169427045
2010-06-28,-0.002274262524324449,0.3133334461196051,0.7311391105639684
2010-06-29,-0.029593098516942123,0.2744678400629925,0.6774443365021161
2010-06-30,-0.009313701621788212,0.26259782687408095,0.6604803914242208
2010-07-01,-0.0024037529231649463,0.25956285365695053,0.6550996849569894
2010-07-02,-0.004687166106791978,0.25365907333991555,0.6473829994768929
2010-07-06,0.005600216993589703,0.26067983618660184,0.656211381666147
2010-07-07,0.029791703713377842,0.2982376363437029,0.7081018363742897
2010-07-08,0.008997992869399016,0.309919169338309,0.7241796492442489
2010-07-09,0.006982924616590815,0.31906623615162566,0.736600446015943
2010-07-12,0.0009436468423878328,0.32031096884027055,0.7378732040385272
2010-07-13,0.014378032004981799,0.3392944422067845,0.7645997459203682
2010-07-14,-0.0003237239424773592,0.3388608805298152,0.7643260006843613
2010-07-15,0.0004780489731552023,0.3395009215989502,0.7664363168679751
2010-07-16,-0.027154497799220093,0.3031274467713383,0.7155285524934005
2010-07-19,0.006338345984196858,0.31138711939047803,0.7257906556906346
2010-07-20,0.009262767210910839,0.3235341930007791,0.7454932330649615
2010-07-21,-0.011983457933714326,0.3076736766751218,0.7231163299259376
2010-07-22,0.022152215869230853,0.33664154624734,0.7619094910147828
2010-07-23,0.007514231316122774,0.3466853800125824,0.776392423235305
2010-07-26,0.010258629361286244,0.3605005261923946,0.7962883135169556
2010-07-27,-0.0003772328493892474,0.35998730070230334,0.7944033651785027
2010-07-28,-0.006200156692828143,0.35155516633769257,0.7819825684068087
2010-07-29,-0.004666832840127135,0.34524768430218433,0.7745719780846467
2010-07-30,-0.00035253712421739493,0.34477343455220044,0.7746846620072272
2010-08-02,0.02138616935846415,0.3735329869722972,0.8137676941290282
2010-08-03,-0.003676355275134285,0.3684833917300705,0.8050682199873336
2010-08-04,0.0056779198725526794,0.37625353077523305,0.815990890891283
2010-08-05,-0.001808169652722104,0.37376503090643354,0.8136872618003452
2010-08-06,-0.003286784242934628,0.36924976164935575,0.8069692941227353
2010-08-09,0.006191334058594865,0.37772724433337834,0.8168770230992191
2010-08-10,-0.005272963158141994,0.37046253933204,0.8060349811800132
2010-08-11,-0.02656361765750006,0.3340580964232971,0.7551431459463269
2010-08-12,-0.004604224858174071,0.3279157929734966,0.7457026717692343
2010-08-13,-0.003843498952705098,0.3228119500139224,0.73867870726172
2010-08-16,0.0006120789350212053,0.3236216153435203,0.7388881459659926
2010-08-17,0.012027676713679315,0.3395417082241101,0.7600890458641247
2010-08-18,0.00035177546699578994,0.34001292613408096,0.762698868441027
2010-08-19,-0.01651563018247232,0.31788176820631797,0.7328468717920462
2010-08-20,-0.002964089238537579,0.3139754490395128,0.7264994041321353
2010-08-23,-0.002742982017105002,0.31037123801187994,0.7195238170154672
2010-08-24,-0.013063274010459952,0.29325349947430523,0.6945693428934381
2010-08-25,0.0032321937897577184,0.29743354540388856,0.7001433622679933
2010-08-26,-0.0076763735039892984,0.2874739609127632,0.6870781235865329
2010-08-27,0.01639084950205716,0.3085767528439016,0.7150612976940092
2010-08-30,-0.014855896743741749,0.28913667172239177,0.6898169525390245
2010-08-31,0.0008227593129729186,0.29019732092474615,0.6904773235896793
2010-09-01,0.028879716124125585,0.32745785329716015,0.7403542168959001
2010-09-02,0.008162907188428766,0.3382937685501759,0.7561580878737919
2010-09-03,0.012317624243605305,0.35477836831873555,0.779372745829906
2010-09-07,-0.0106175721762518,0.3403939112102867,0.7589612233580181
2010-09-08,0.005489633698630526,0.3477521827947059,0.7702866458735638
2010-09-09,0.004219961192073785,0.3534396447026322,0.7788411844987804
2010-09-10,0.0029780615282751716,0.35747027123936337,0.7874922812496288
2010-09-13,0.01054531129253684,0.371785217819947,0.8073881715312796
2010-09-14,-0.0009248269623465189,0.37051655386395876,0.8060992877117468
2010-09-15,0.0030003390197316654,0.37462856815770507,0.8124949361064433
2010-09-16,-0.00018445797919969622,0.37437500694987236,0.8118345650557885
2010-09-17,0.0005595235407073271,0.37514400212002075,0.8133326909235334
2010-09-20,0.014536170568366794,0.3951333298909041,0.8409131134194137
2010-09-21,-0.002905080328867315,0.39108035549809084,0.8361929746588974
2010-09-22,-0.003784572507611459,0.3858157110287943,0.8273324392037764
2010-09-23,-0.008869074667569546,0.3735248080121889,0.8121083102917959
2010-09-24,0.020098113890351453,0.40113006603484114,0.8505148455659934
2010-09-27,-0.005122718397351819,0.39395247126848165,0.8400271778675381
2010-09-28,0.0043417958342056445,0.4000047283013157,0.8489520198543936
2010-09-29,-0.0025076300256169554,0.39649403440862163,0.8441673779060825
2010-09-30,-0.0026980685804404367,0.3927261977316112,0.8384804779528867
2010-10-01,0.005286937554183574,0.4000894541690938,0.8466000133726095
2010-10-04,-0.006917890637080902,0.3904037884430216,0.8317627069313369
2010-10-05,0.01977654357753466,0.41790116955553414,0.86997573264215
2010-10-06,-0.00019499354134572367,0.41762468798520413,0.8687191004165147
2010-10-07,-0.0023770817813163645,0.4142548781666502,0.8656422196962816
2010-10-08,0.005329385512058325,0.4217919876247094,0.8770642003374591
2010-10-11,0.00013184563541036745,0.4219794446927392,0.877337945573466
2010-10-12,0.002854243602492576,0.4260381204256294,0.8845070422535184
2010-10-13,0.006625594105460879,0.4354864701904839,0.8979266551557292
2010-10-14,-0.003371921447722878,0.4306461225737326,0.8910155712268559
2010-10-15,0.0013453383306891592,0.43257082564008287,0.8948495777794359
2010-10-18,0.007376188099878691,0.4431377375164025,0.9085753841676114
2010-10-19,-0.015904497861536096,0.42018535645617083,0.8782724551722485
2010-10-20,0.010799463618449242,0.4355225965446736,0.8980395357343702
2010-10-21,0.001479233048417042,0.4376460690112318,0.9014064841436193
2010-10-22,0.001679285376194891,0.44006028703106637,0.9059494357937603
2010-10-25,0.0020883355780789772,0.443067616163052,0.9100414550975193
2010-10-26,0.0008831853132423697,0.44434211228766274,0.9100737066914166
2010-10-27,-0.002572132761696373,0.44062707262155,0.9049344938662949
2010-10-28,0.0013676087082993677,0.44259728675147914,0.9070772582998663
2010-10-29,-2.110509269718868e-05,0.44256684060201756,0.9062395034827762
2010-11-01,0.0006883205890115356,0.4435597890594294,0.9080438228364858
2010-11-02,0.007508963367654799,0.4543994266344962,0.9228488776838608
2010-11-03,0.0035678138091812675,0.45958845299290796,0.9299212195822208
2010-11-04,0.019543054165413687,0.4881132691889605,0.9671356258185777
2010-11-05,0.003868739779076472,0.49387039218924333,0.9748522129706438
2010-11-08,-0.002204436784152052,0.4905772493459457,0.9706636355412532
2010-11-09,-0.008671084208002331,0.4776523284983345,0.9547952613755668
2010-11-10,0.004290510484774579,0.4839922113066082,0.9633496033447233
2010-11-11,-0.003036051478255646,0.4794867345597509,0.955020825876788
2010-11-12,-0.011082418460391007,0.46309044346076234,0.9319349776402028
2010-11-15,-0.0014583677228219801,0.46095671958245,0.9295829711584189
2010-11-16,-0.01627957522682566,0.43717296476287104,0.8983132809703764
2010-11-17,0.00035942381236199044,0.43768951894888986,0.8987160325819727
2010-11-18,0.014332014617059349,0.45829450614925826,0.9278752099303411
2010-11-19,0.002847658521921553,0.46244723092716544,0.9327727324572928
2010-11-22,-0.001281568309105486,0.46057300490227004,0.9297279066748965
2010-11-23,-0.014101242699146681,0.4399771104803212,0.9021636099759651
2010-11-24,0.014120226087712216,0.46030991284143385,0.930549535695038
2010-11-26,-0.008180108862076332,0.4483644187820217,0.9161311066623106
2010-11-29,-0.0004904072795659662,0.4476541303275867,0.9134890324915108
2010-11-30,-0.005148140235402784,0.44020140385230033,0.9018737389430096
2010-12-01,0.020336502567002007,0.46949006339874244,0.9429864582636809
2010-12-02,0.012100030732683172,0.48727093832723956,0.9678927516509239
2010-12-03,0.0030249689075450828,0.49176988667277466,0.9730156420230367
2010-12-06,-0.0007699271671211771,0.490621332509932,0.9704541968369804
2010-12-07,0.0004648115112002086,0.4913141904641234,0.9714691387644458
2010-12-08,0.0026794350367480638,0.49531006995685245,0.9787670451640273
2010-12-09,0.004267164910238158,0.5016908046172981,0.986370948393513
2010-12-10,0.006105844593240385,0.5108598952973895,0.998292435427979
2010-12-13,0.0009196380172965739,0.5122493394959138,0.998388993553611
2010-12-14,0.0005130420932726277,0.5130251870625988,1.0002094387042693
2010-12-15,-0.005152718733714845,0.505228993836639,0.9899634613039836
2010-12-16,0.005358027892751176,0.5132940527705936,1.0022715741530974
2010-12-17,0.0011653398592781643,0.5150575546490956,1.0039470837872777
2010-12-20,0.003040062373255239,0.5196634241143003,1.0090538483624418
2010-12-21,0.005700102179941085,0.5283256609108709,1.0211686483042315
2010-12-22,0.003206733596902568,0.5332265941547221,1.027999299904422
2010-12-23,-0.0012420188216872253,0.5313222978668706,1.0246646030890703
2010-12-27,0.0008584131394293311,0.5326368050480605,1.025905109517757
2010-12-28,0.0011694289779136903,0.5344291149405007,1.0274677385732964
2010-12-29,0.000767629588654242,0.5356069881308216,1.0295137482251762
2010-12-30,-0.0015649625124112272,0.5332038207606002,1.0264527966458314
2010-12-31,-0.0001796039655059061,0.532928451274463,1.0260661708311836
2011-01-03,0.010942917877909662,0.5497031614294707,1.0489907610982816
2011-01-04,-0.0007830291074432654,0.5484896987461747,1.0463003095366359
2011-01-05,0.004613545786042621,0.5556337268705553,1.0565464835929816
2011-01-06,-0.003218648359080692,0.5506266889282327,1.0521805223971556
2011-01-07,-0.0018869830142786413,0.5477006827047382,1.0483946965793614
2011-01-10,-0.001798847809134534,0.5449166047224587,1.0455754352981868
2011-01-11,0.0037075316315979007,0.5506444319026482,1.053195464324621
2011-01-12,0.00896741069250558,0.5645496973615662,1.0716897868641588
2011-01-13,-0.001980618235815793,0.561450921700132,1.0681456513445347
2011-01-14,0.006864445084735025,0.5721694158046515,1.083417960991301
2011-01-18,0.0015559128558292152,0.5746155744102432,1.0862855996633223
2011-01-19,-0.009373317622324268,0.5598562024982374,1.0651814545468823
2011-01-20,-0.001695514250808509,0.5572114440776896,1.0625071287821855
2011-01-21,0.0020031043287903876,0.5603307010621636,1.0674850836378202
2011-01-24,0.004806779762825756,0.567830867099345,1.0795515061887642
2011-01-25,0.00015336738718099837,0.5680713212229738,1.080099389972899
2011-01-26,0.0048830902607679885,0.5757283550198271,1.0888792964432765
2011-01-27,0.002245731254834196,0.5792670174358239,1.0935673802659558
2011-01-28,-0.017471551228957816,0.5516747728364904,1.0561919127161725
2011-01-31,0.007268688440060691,0.5629534133205409,1.0719476029592787
2011-02-01,0.015617649688670177,0.5873630722094925,1.1065358641657244
2011-02-02,-0.002878542531672218,0.5827937800929317,1.1008007834777427
2011-02-03,0.0019122537853889978,0.5858204834904046,1.1057464867394802
2011-02-04,0.0016145162848856085,0.5883808164859048,1.1118200125073234
2011-02-07,0.005399733614432061,0.5969576497732028,1.1249981317674247
2011-02-08,0.0038682011666539983,0.6031350032171525,1.1338907221603827
2011-02-09,-0.0032666964317964705,0.5978980478224551,1.1279462027681286
2011-02-10,5.092035712614645e-05,0.5979794133617016,1.1295410834175659
2011-02-11,0.004586901964850433,0.6053091882726407,1.141269257544708
2011-02-14,0.0022633038146402237,0.6089424906821352,1.1463760221198722
2011-02-15,-0.002706660364648034,0.6045876298136077,1.1394326865971016
2011-02-16,0.004925416774323715,0.6124908926413641,1.152820047905415
2011-02-17,0.0037586459106690407,0.6185516749409818,1.159441457457393
2011-02-18,0.0021581674737079907,0.6220447805203548,1.1635977832928863
2011-02-22,-0.01905010242976359,0.5911446613057787,1.11918222543864
2011-02-23,-0.004542710367453334,0.5839165519567469,1.1062298673358204
2011-02-24,-0.0016997042399937543,0.5812243622775897,1.104135480293095
2011-02-25,0.009375388495330768,0.5960489549722237,1.1263351963217438
2011-02-28,0.004991461429103606,0.6040155717699285,1.1381599285745176
2011-03-01,-0.014939259441320019,0.5800527669953401,1.104505980310794
2011-03-02,0.0011021675783341289,0.5817942499271793,1.1079051803139404
2011-03-03,0.01587638531871044,0.6069074249339439,1.144201202748464
2011-03-04,-0.006994319162546988,0.5956682015392893,1.1283812059736236
2011-03-07,-0.007566762531359664,0.5835941591793998,1.1106278834694843
2011-03-08,0.008675365578715491,0.5973324174385997,1.1294604544328237
2011-03-09,-0.001080445923286371,0.595606586140045,1.1265607608229655
2011-03-10,-0.01844382908440799,0.5661774909793222,1.0864305351798018
2011-03-11,0.006473643948082608,0.5763163664154236,1.1012035350893399
2011-03-14,-0.006146189092951121,0.5666280279571208,1.08849267062863
2011-03-15,-0.010713261998667133,0.5498443314391608,1.0651008255621406
2011-03-16,-0.019120766336425274,0.5202101201198794,1.0248417901994475
2011-03-17,0.013419070171258287,0.5406099263968249,1.051971083692885
2011-03-18,0.004255684697582708,0.5471662764855361,1.0608154933510576
2011-03-21,0.01501969485962139,0.5704042418554454,1.091698557724452
2011-03-22,-0.002957493171404111,0.5657597820338138,1.0842718416053412
2011-03-23,0.002860012962161206,0.5702378753060613,1.0903453673731849
2011-03-24,0.008289816857046044,0.5832548597143457,1.1098707576371365
2011-03-25,0.0027831794522192328,0.587661342107529,1.1165403479239004
2011-03-28,-0.001766708832424666,0.5848564067915283,1.110724441595115
2011-03-29,0.007237537879232626,0.5963268650688265,1.1256262512241824
2011-03-30,0.0071776841353843575,0.6077847950831188,1.1398354382086975
2011-03-31,-0.0013207180929093137,0.605661364614748,1.135920606015314
2011-04-01,0.004543373292487652,0.6129564835755177,1.1465211542924103
2011-04-04,0.0007782109157699528,0.614211703917698,1.1472621543278083
2011-04-05,-8.03414313169451e-07,0.6142104070369105,1.1468755285131604
2011-04-06,0.0022169141605703673,0.6177889729464108,1.1515636123358397
2011-04-07,-0.0012908599122708605,0.6157006340147204,1.1482932220522226
2011-04-08,-0.0033171334660135146,0.6103411393705709,1.1396905026922202
2011-04-11,-0.0036297294782581483,0.6044960366669458,1.1337135350500085
2011-04-12,-0.007702066615975574,0.5921381013074682,1.1171202866458723
2011-04-13,-0.0002212673183046669,0.5917858131794214,1.1175230382574686
2011-04-14,0.0008614769140233723,0.5931570999095455,1.1177002253678436
2011-04-15,0.00412445485420931,0.5997280044437852,1.1260130736948906
2011-04-18,-0.010725732677170316,0.582569749511938,1.1025889770345039
2011-04-19,0.005378360205171526,0.5910813796746213,1.114639273788499
2011-04-20,0.01307771929056769,0.6118890953264553,1.1432185124148955
2011-04-21,0.004578396863757274,0.6192689633052226,1.1545278091334925
2011-04-25,-0.0015804541840521882,0.6167097828970611,1.1510963575364488
2011-04-26,0.00919842509290794,0.6315809667320114,1.170412309096128
2011-04-27,0.006747950136656758,0.6425907937394373,1.1839770541708772
2011-04-28,0.0027971998880452504,0.6471854485237893,1.1917420187137897
2011-04-29,0.001878267608285254,0.6502793035965906,1.196784476757219
2011-05-02,-0.0017306841559013362,0.6474231913530439,1.1929341477516302
2011-05-03,-0.0027591684534816236,0.6428776732539285,1.1855235574294682
2011-05-04,-0.006859431307963243,0.6316084667068567,1.1705411188156574
2011-05-05,-0.00884485069834964,0.6171771334206715,1.1508546672382791
2011-05-06,0.002871190993074537,0.6218203578403549,1.1590707607836341
2011-05-09,0.0043232861630799375,0.6288319513524077,1.1688819316344863
2011-05-10,0.007451494298484478,0.6409691833510995,1.186393563840456
2011-05-11,-0.010765606880110171,0.6233031542207661,1.1620994607690815
2011-05-12,0.00523439672963405,0.6318001669424238,1.1726838832492295
2011-05-13,-0.007807501259073069,0.6190598850844653,1.155156125246311
2011-05-16,-0.005667682567282395,0.609883567598386,1.1417846930788857
2011-05-17,0.0007010108831011368,0.6110121134997981,1.1409953156526416
2011-05-18,0.008012643592804954,0.6239205793889635,1.1598442090689898
2011-05-19,0.0019923352111546272,0.6271559735393988,1.1645482220325571
2011-05-20,-0.007136497970566358,0.6155437782364399,1.1479065962375752
2011-05-23,-0.011688825133991096,0.596659969516327,1.122291554408831
2011-05-24,0.00016081634945902534,0.5969167385439522,1.1205356124459676
2011-05-25,0.0024186865049212543,0.6007791795089512,1.1272856350614147
2011-05-26,0.003630955326762577,0.6065915371977599,1.1356950415140936
2011-05-27,0.0041531009456930714,0.6132638740302383,1.1444106414527373
2011-05-31,0.010382774017295576,0.630014028264561,1.167125793015563
2011-06-01,-0.021738150595304394,0.5945805378456872,1.1177486027586907
2011-06-02,-0.0018851219668347212,0.5915745590459072,1.1151547093226766
2011-06-03,-0.0090923066750906,0.5771034750587896,1.0945661963964737
2011-06-06,-0.010067506921355683,0.5612259749079411,1.072028231944023
2011-06-07,-0.0008102692053339898,0.5599609615779058,1.070046528823878
2011-06-08,-0.0033988342667823314,0.554658912806852,1.061379502932141
2011-06-09,0.006494873232497415,0.5647562253653047,1.0765873093911122
2011-06-10,-0.013161669713246563,0.5441614207453,1.0475569417622728
2011-06-13,0.000688267272402535,0.5452242165145056,1.0489262579104888
2011-06-14,0.011702363807609783,0.563306992460487,1.0747668642404538
2011-06-15,-0.017132580035381203,0.5365235102922865,1.0385998481815197
2011-06-16,0.002013451259636531,0.5396172254895457,1.0421762352950412
2011-06-17,0.003036774278564673,0.5442926954787475,1.0483946965793627
2011-06-20,0.005323213794308643,0.5525132956577701,1.0594461772028407
2011-06-21,0.012370376164182349,0.5717184691249511,1.0870911028865153
2011-06-22,-0.006300929399467348,0.5618151820151558,1.0735908609995612
2011-06-23,-0.0029584453504501304,0.5571946371516607,1.0677267739359904
2011-06-24,-0.011035027112018866,0.5400109521120018,1.0434810482554622
2011-06-27,0.009015311395262869,0.5538946303974068,1.0622493126870673
2011-06-28,0.012163013413803669,0.5727946716305681,1.0889437996310716
2011-06-29,0.007941364227560161,0.5852848069731522,1.1062459931327688
2011-06-30,0.009622106971486265,0.60053858696612,1.1275595769534812
2011-07-01,0.013721656476428909,0.6225006276337379,1.1582170768256548
2011-07-05,-0.0005550255633766197,0.6216000983088066,1.1553333123566851
2011-07-06,0.0013562157136991196,0.623799337843469,1.1574920059311449
2011-07-07,0.009970552245536418,0.6399895139777048,1.180046096180544
2011-07-08,-0.006002968144981213,0.6301447091671932,1.1648705413154694
2011-07-11,-0.016864905783867255,0.6026524722330189,1.1257068802089254
2011-07-12,-0.003826737622264543,0.5965195417221094,1.1162825318287815
2011-07-13,0.0028838519167928177,0.6011236676627019,1.122855367333853
2011-07-14,-0.006481161470268294,0.5907465266387117,1.108597999614552
2011-07-15,0.005941344742422914,0.6001977001512839,1.1203100479447454
2011-07-18,-0.007710171174586111,0.5878599019699384,1.103072160974783
2011-07-19,0.01597416751295576,0.6132246420311116,1.1373705511482726
2011-07-20,-0.0005460968878938482,0.6123436650746248,1.1359367318122624
2011-07-21,0.012968005415197915,0.6332525464544727,1.1648705413154699
2011-07-22,0.0011032294206569388,0.6350543987150843,1.1668359219826057
2011-07-25,-0.005625228613328892,0.6258568439270829,1.1546084381182355
2011-07-26,-0.004443559850338037,0.6186322517330112,1.1457638318040027
2011-07-27,-0.018172373213687046,0.5892178623588082,1.1021862254229071
2011-07-28,-0.003623061819029703,0.5834600277995761,1.0953878254166143
2011-07-29,-0.006608013161629943,0.5729965030949615,1.0818714577327113
2011-08-01,-0.003778384936497394,0.5670531168025044,1.0732685417166485
2011-08-02,-0.025215132552158424,0.5275396647460562,1.0202827127523575
2011-08-03,0.004938367762103928,0.5350832173817732,1.0304158095740021
2011-08-04,-0.04518705342085798,0.4657173300324806,0.9333204195853688
2011-08-05,0.0008028853519275465,0.4668941330068299,0.9322089195322718
2011-08-08,-0.06357290320262753,0.3736394142806845,0.8034572135409483
2011-08-09,0.04459376833918606,0.4348951721026926,0.8889534357780289
2011-08-10,-0.041706679846811756,0.37505045854606966,0.8055516005836736
2011-08-11,0.04368190936629253,0.43511528805035815,0.8891306228884037
2011-08-12,0.004367843901425724,0.44138364760911153,0.899070603458785
2011-08-15,0.02163785352792392,0.47257209585362236,0.9404411388745746
2011-08-16,-0.008862399269959626,0.4595215739863663,0.9215440647234405
2011-08-17,0.0018423890983984084,0.46221058062315623,0.9233645098740986
2011-08-18,-0.04117831372268354,0.4019992146056286,0.8375945424010112
2011-08-19,-0.013379898430393198,0.3832406075147141,0.8100141199051312
2011-08-22,0.0007179185273689895,0.384233661574658,0.810481178048462
2011-08-23,0.03309989928124825,0.4300516563544927,0.872553303625156
2011-08-24,0.012320249433934253,0.4476702494641909,0.8971211519325373
2011-08-25,-0.015162374441902784,0.425720131073412,0.8675914745664699
2011-08-26,0.013718189523482612,0.4452784300389214,0.8958324647690652
2011-08-29,0.02671540700394298,0.48388963153143094,0.9494466098461738
2011-08-30,0.002527219465899253,0.48763974629348317,0.9540220097462724
2011-08-31,0.004743862961163518,0.4946969053854795,0.9636396710337403
2011-09-01,-0.011055485618406686,0.47817230524411336,0.9403284549519944
2011-09-02,-0.023282598852000336,0.44375661242697806,0.891273190665915
2011-09-06,-0.0070111380948296165,0.43363423544192914,0.877209135853938
2011-09-07,0.02694577373745538,0.47226461917241735,0.9309845389005336
2011-09-08,-0.009250754595329043,0.4586450604810677,0.9104925840999625
2011-09-09,-0.02574569720905474,0.42109122641843877,0.8594719391467469
2011-09-12,0.006383814223991161,0.4301632088032379,0.8724244939056269
2011-09-13,0.008274610773116597,0.4419972526981162,0.889501122906103
2011-09-14,0.012682678154603996,0.46028563975390946,0.9149712292183692
2011-09-15,0.016228903072626213,0.48398447385982357,0.9478839807906343
2011-09-16,0.00592965307231135,0.492783986954509,0.9589999646019072
2011-09-19,-0.009910777631262881,0.4779893368082928,0.9397966969648084
2011-09-20,-0.0012405192795281576,0.47615586254104514,0.9365746840720373
2011-09-21,-0.028957467387759422,0.433410127292263,0.8796578971174138
2011-09-22,-0.030606436498730023,0.38953855125465586,0.8197285359742916
2011-09-23,0.005320152091197296,0.3969311076839128,0.8307961423947186
2011-09-26,0.02149750759130365,0.42696164477587617,0.8735198681617755
2011-09-27,0.010067342873442405,0.44132735692108627,0.8935447648190158
2011-09-28,-0.01929167566800973,0.4135217370199349,0.8543651745715832
2011-09-29,0.008653234191591596,0.4257532716452739,0.8694119197171282
2011-09-30,-0.02284418854759334,0.39318309508546134,0.8227249843658415
2011-10-03,-0.026667825804266028,0.3560299309922741,0.7708665845955358
2011-10-04,0.020059248421752038,0.38323087224537944,0.8106906167527346
2011-10-05,0.01557224834372254,0.40477088690468843,0.8430397520560371
2011-10-06,0.017275630186709075,0.42903918924390894,0.8767741326484437
2011-10-07,-0.00684472096885428,0.4192578147399766,0.8614534456108311
2011-10-10,0.032570456629632,0.46548368984123134,0.9249755163204842
2011-10-11,-0.001285639806082681,0.4635996056744065,0.926022709841847
2011-10-12,0.009325140543746818,0.47724787769709276,0.9448875323990837
2011-10-13,-0.0024780079075922704,0.4735872457746855,0.9391040743202561
2011-10-14,0.016787751811419664,0.4983254627292244,0.9728062033187657
2011-10-17,-0.018498241879485185,0.4706090759054675,0.9345931776079524
2011-10-18,0.018713488255047487,0.49812930157519064,0.9740950871382983
2011-10-19,-0.011943564704209118,0.4802362973265557,0.9491244872193207
2011-10-20,0.0046427977548533705,0.48710873508443586,0.9580011484713906
2011-10-21,0.017946625269719733,0.5137973182883233,0.9948287322370397
2011-10-24,0.011294164837590378,0.5308943947317739,1.020508080597518
2011-10-25,-0.018946332000532258,0.5018895612714318,0.9800075515927156
2011-10-26,0.008845457604935256,0.515174461712953,1.0008700064109854
2011-10-27,0.032605485599261526,0.5645774608047034,1.0694827158988534
2011-10-28,0.00128067748427891,0.5665811799311662,1.070288219122046
2011-10-31,-0.02354855390148273,0.5296904585745088,1.0190744579175668
2011-11-01,-0.026655194168000163,0.488916262384268,0.9626569807001715
2011-11-02,0.015935757151560512,0.512643270360633,0.9942649193120157
2011-11-03,0.017975312536777123,0.5398335059020181,1.031720819190482
2011-11-04,-0.006094211281935264,0.5304494351780482,1.018961577338926
2011-11-07,0.006319682352013174,0.5401213894641914,1.031672441799636
2011-11-08,0.011080226468777543,0.557186283248863,1.0555154158685678
2011-11-09,-0.03483739202005329,0.5029379742510727,0.9800879839213976
2011-11-10,0.00826915569149179,0.5153660023548101,0.9971646129218736
2011-11-11,0.01878864472561649,0.5438376758023324,1.0360704579332993
2011-11-14,-0.009427707215991326,0.5292828262058515,1.0166256966540912
2011-11-15,0.004236178747895692,0.5357611416137467,1.026340112723251
2011-11-16,-0.016499461342291938,0.5104219100266965,0.9926700386625786
2011-11-17,-0.015743657443748383,0.4866423448797039,0.95919327750923
2011-11-18,-0.0002519410719432696,0.4862677986137387,0.9584200258799345
2011-11-21,-0.01838904552020904,0.4589367524098098,0.9218984389441898
2011-11-22,-0.004191721770879833,0.4528212954623969,0.9139401614939537
2011-11-23,-0.021372966694843062,0.42177019430092044,0.8716512422763303
2011-11-25,-0.002525030499645101,0.4181801811968242,0.8666249100298495
2011-11-28,0.028055320977456534,0.45796768138416866,0.9212058162996379
2011-11-29,0.0035357875095872572,0.46312274530138864,0.9254587002607628
2011-11-30,0.04171241786234548,0.5241531326373023,1.008860535455118
2011-12-01,-0.002085543818546834,0.5209744444930118,1.0050263322464779
2011-12-02,-0.0005720835576217798,0.5201043200217546,1.0045431483061984
2011-12-05,0.010190916702640471,0.53559557652642,1.0251639128262982
2011-12-06,0.0014406125268069637,0.5378077747500734,1.0274032353855014
2011-12-07,0.0020489134597465298,0.5409586097982617,1.03149525468926
2011-12-08,-0.020026176834087944,0.5100991001844315,0.9885457677649214
2011-12-09,0.016605059053305348,0.5351743849193373,1.0221190870439019
2011-12-12,-0.014214963254385624,0.5133519374486348,0.9919610935650169
2011-12-13,-0.007531264209020969,0.5019544841664754,0.9746589000633197
2011-12-14,-0.011127015389642548,0.48524221350661234,0.9522497453303982
2011-12-15,0.004123791442022657,0.4913670426360017,0.9585810871933602
2011-12-16,0.0036872136544094285,0.4968660315593454,0.9648801774624252
2011-12-19,-0.011223514734131738,0.48006593359911776,0.9418265808197375
2011-12-20,0.028473253070635172,0.5222082254877112,0.999742380560938
2011-12-21,0.002089990214958773,0.5253896257841102,1.0036408903013125
2011-12-22,0.007446321903471812,0.536748167965915,1.0202020837676118
2011-12-23,0.008689275294086982,0.5501013958550547,1.0384547160089794
2011-12-27,0.000603068961789111,0.5510362138945208,1.038615973978466
2011-12-28,-0.01234165385931108,0.5318938618193783,1.0131781192600973
2011-12-29,0.01058515651813979,0.5481091981159141,1.0347333933789797
2011-12-30,-0.004151848011122957,0.5416816840207153,1.0260016676433876
2012-01-03,0.01418990047496056,0.5635579936810389,1.0573519868161738
2012-01-04,-0.0005831575187635747,0.562646193081001,1.0577386126308213
2012-01-05,0.0022748798279004566,0.5662010253837864,1.063796012601716
2012-01-06,-0.003016703406833797,0.5614762614147244,1.0585602416509627
2012-01-09,0.002132593755882228,0.5648062559397757,1.063215877223684
2012-01-10,0.008599931328952872,0.5782634822839736,1.081549138449795
2012-01-11,-0.00022763870900383248,0.5779042084223984,1.0821935803595615
2012-01-12,0.0015807702879741274,0.5803985125123421,1.0870588512926158
2012-01-13,-0.004191238104959864,0.5737746860456785,1.076732244907587
2012-01-17,0.0024438953759108165,0.5776208267236309,1.0841107802919119
2012-01-18,0.010290214789907888,0.5938548838876494,1.1072609350602312
2012-01-19,0.0042854436415640535,0.6006852591653815,1.1176679737739432
2012-01-20,0.0012475146372424783,0.6026821374558085,1.119085667313005
2012-01-23,0.0006010035546393099,0.6036453551173764,1.1200844834435215
2012-01-24,-0.001668693050804612,0.600969363257337,1.117909664072113
2012-01-25,0.009372323310497269,0.6159741657399855,1.1362913026890702
2012-01-26,-0.0050288616556809634,0.6078476552213248,1.123999315636905
2012-01-27,-0.002372975818895563,0.6040322716150166,1.1206160447746467
2012-01-30,-0.0026041665912488843,0.5998551043619917,1.115267589901313
2012-01-31,-4.5165197287699746e-05,0.5997828465905715,1.1143010253646937
2012-02-01,0.007616191700935928,0.6119670994300741,1.1331174705310842
2012-02-02,0.001005625290388044,0.6135881343125345,1.1354535478719798
2012-02-03,0.013587231971010048,0.6355123305991079,1.1666426090752786
2012-02-06,-5.914660984328871e-05,0.6354155955893961,1.1657242252734452
2012-02-07,0.0017387965925802018,0.6382592506544593,1.17010631226622
2012-02-08,0.0018885976995092718,0.6413532633064452,1.174794199432839
2012-02-09,0.0006955731815517821,0.6424949446178538,1.1780000865286615
2012-02-10,-0.006989995079549335,0.6310139130367904,1.1630017187739625
2012-02-13,0.0064490227957871744,0.6415323589422108,1.177710215495706
2012-02-14,-0.0012063073806331242,0.6395521663420707,1.1756642058438267
2012-02-15,-0.004986954012314387,0.6313757950877323,1.1639521575136333
2012-02-16,0.010815685808959235,0.6490202431237422,1.187811257379514
2012-02-17,0.0017968539671899416,0.6519832916895756,1.192950273548575
2012-02-21,0.0004131430652418491,0.6526657971304326,1.194529028401063
2012-02-22,-0.0031359327318751773,0.6474831483623606,1.1871990670636445
2012-02-23,0.004536051055057348,0.654956216035679,1.196542786459045
2012-02-24,0.0017471065660357072,0.6578476009072165,1.2002159283542588
2012-02-27,0.000876599986894038,0.6593008700924441,1.2031962509488605
2012-02-28,0.003120661589765664,0.6644789865836063,1.2105909121301344
2012-02-29,-0.004358995187281109,0.6572235306917578,1.2001193702286277
2012-03-01,0.0058300390887174956,0.6668852086544332,1.2136677928503676
2012-03-02,-0.002979395264393135,0.6619188987574811,1.206482767029427
2012-03-05,-0.0031718716995629854,0.6566475052355434,1.1979443542011587
2012-03-06,-0.01430670607356235,0.6329463363106382,1.1641615962179062
2012-03-07,0.00606334625863925,0.6428474553694661,1.1790956574408709
2012-03-08,0.008414441685126372,0.6566710994802307,1.2004898702463267
2012-03-09,0.0030503184484404794,0.6617244738979735,1.2084803992904605
2012-03-12,0.0007145432634317443,0.6629118479264768,1.208834773511211
2012-03-13,0.016674567618787745,0.6906401839788103,1.2488843701696313
2012-03-14,-0.0017740514863044822,0.6876409012476166,1.2461941152640459
2012-03-15,0.005877726269056934,0.6975603925056149,1.259597602369308
2012-03-16,0.001130247134004636,0.6994790552740442,1.2621269926175271
2012-03-19,0.003753672189511231,0.7058583425404832,1.2711163377921775
2012-03-20,-0.002475311406149306,0.7016358119279178,1.2643018119889358
2012-03-21,-0.002210317768042368,0.6978746560580764,1.260064857168699
2012-03-22,-0.007112067679906984,0.6857992565921924,1.2437776055944672
2012-03-23,0.0033365046590080414,0.6914239336659647,1.250753192711135
2012-03-26,0.013129874105019337,0.7136321169732156,1.2820067571022284
2012-03-27,-0.0031384981235524642,0.7082538857896359,1.2755788571136346
2012-03-28,-0.005446456808448257,0.6989499547828188,1.2643340635828322
2012-03-29,-0.0013673439975023752,0.6966269057600896,1.2606931732815156
2012-03-30,0.003975555186262613,0.7033719396544367,1.2690542023433484
2012-04-02,0.007132680012635529,0.715521546642494,1.2860826506090386
2012-04-03,-0.004288953025798847,0.7081637553141986,1.2769642990587986
2012-04-04,-0.009841352451532379,0.6913531137532185,1.2537335153057358
2012-04-05,-0.0007903067462070852,0.690016425977201,1.252315821766674
2012-04-09,-0.010760577373742503,0.6718308734625775,1.2267330315318272
2012-04-10,-0.016757327233156906,0.6438154564374705,1.188697192931389
2012-04-11,0.00654776376179863,0.6545787717142162,1.2050005703025692
2012-04-12,0.012944410956798694,0.6759963192956802,1.2353841282826754
2012-04-13,-0.011613316943164736,0.6565324428441219,1.207497708956891
2012-04-16,0.0004627783030438132,0.6572990501169582,1.2063860122477337
2012-04-17,0.014281055059751966,0.680967029102153,1.2405555927016945
2012-04-18,-0.0035026446248748724,0.6750791989730767,1.2314694927453522
2012-04-19,-0.005611738610041004,0.6656790923573228,1.2182270669535167
2012-04-20,0.0023312628101367365,0.6695622280789579,1.22082076373347
2012-04-23,-0.008662115880430567,0.6551002865897482,1.202149057427497
2012-04-24,0.004158290747335891,0.6619826747973874,1.2102524670502715
2012-04-25,0.012652473790163508,0.683010867029967,1.2404104605291564
2012-04-26,0.0064182517373116855,0.6938128544511966,1.2553767733460184
2012-04-27,0.003108327208274403,0.6990777790324121,1.2608219830010445
2012-04-30,-0.0024624511538264733,0.6948938829949929,1.252042076530667
2012-05-01,0.005674109865061099,0.7045108970967264,1.264784995929214
2012-05-02,-0.0026670032868462666,0.6999649609317042,1.2591305442259757
2012-05-03,-0.007897775509677995,0.6865390192959471,1.2418281540682186
2012-05-04,-0.014870304858056762,0.6614596699240083,1.2056288864153877
2012-05-07,0.00027736027265312766,0.6619204928310607,1.2064021380446834
2012-05-08,-0.00443706271851087,0.6545464473711908,1.1969616638675906
2012-05-09,-0.006201858301012493,0.6442851847521511,1.1822370413488987
2012-05-10,0.0027489359158766376,0.64880521935246,1.1877306283947706
2012-05-11,-0.002537026307280323,0.6446221571353816,1.1803200380726087
2012-05-14,-0.01085420387638173,0.6267710929422194,1.156090438189029
2012-05-15,-0.005627406229447356,0.6176165911599116,1.1437018930112322
2012-05-16,-0.0037497553024834493,0.6115509247698245,1.1342614188341393
2012-05-17,-0.01297691196812923,0.5906379702869293,1.1021378480320578
2012-05-18,-0.0065848183192394015,0.5801639082409062,1.0866077222901729
2012-05-21,0.014479870907644927,0.6030444776451545,1.1200683576465726
2012-05-22,0.0007537345647267209,0.6042527476767501,1.1210994253709865
2012-05-23,0.0015534410960207441,0.6067448598233953,1.1246919382814569
2012-05-24,0.0013864966875749972,0.6089726062493186,1.1276240801412727
2012-05-25,-0.002295438361802275,0.605279308805845,1.1230164286472766
2012-05-29,0.010568544793729017,0.6222447750874058,1.1465372800893556
2012-05-30,-0.013986479125659187,0.5995552824039361,1.1157668996385413
2012-05-31,-0.0014776456840038944,0.5971917064445662,1.110950006096333
2012-06-01,-0.022840926411726047,0.5607103682122467,1.0589307416686613
2012-06-04,0.0010093379198266553,0.5622856523687498,1.0591563061698825
2012-06-05,0.005017408251275046,0.5701242772917934,1.070948786828759
2012-06-06,0.021558384285346937,0.6039736198374024,1.1186829157014082
2012-06-07,0.00015952114630654563,0.6042294875478844,1.118457351200187
2012-06-08,0.008154789393722568,0.617311641158037,1.1356468607793038
2012-06-11,-0.011618019674195419,0.5985216826917577,1.1086947543962413
2012-06-12,0.011139397606780985,0.6163282512983219,1.1332626027036223
2012-06-13,-0.0060693679850363,0.6065181603565821,1.1182801640898115
2012-06-14,0.010626318230578045,0.6235895335717341,1.141188628559961
2012-06-15,0.00990768057511016,0.639675540055455,1.1633238414008154
2012-06-18,0.0012713681510734727,0.6417601713151757,1.1664492961679547
2012-06-19,0.008643020235453418,0.6559499376976143,1.1877145025978213
2012-06-20,-0.0020351966819306027,0.6525797538789688,1.1840252349056586
2012-06-21,-0.021209208716785638,0.6175298449578155,1.1354051704811332
2012-06-22,0.005830107926519344,0.6269602185282857,1.1507258575187458
2012-06-25,-0.014326107010164981,0.6036522123363679,1.1164113415483072
2012-06-26,0.004701358616929044,0.611191556483393,1.126512383432115
2012-06-27,0.00834215401917939,0.6246323646019789,1.1456188962875213
2012-06-28,-0.001378805781657156,0.6223923121045984,1.141092070434329
2012-06-29,0.023602653107162055,0.6606850750509299,1.1944485960723794
2012-07-02,0.0028956037863941526,0.6654937610422555,1.1998454283365594
2012-07-03,0.006120797835050449,0.675687911649133,1.2135551089277863
2012-07-05,-0.004623427600144356,0.6679404899091861,1.2031801251519112
2012-07-06,-0.008735528539564613,0.6533701481572891,1.1823982993183844
2012-07-09,-0.0013639536747435286,0.6511150278679987,1.178821715548802
2012-07-10,-0.00784871068689426,0.6381559037034794,1.1611167704355085
2012-07-11,0.000390863756195955,0.6387961994732356,1.1610845188416112
2012-07-12,-0.004239628813240278,0.6318483118869203,1.1503069801102002
2012-07-13,0.01612198334315415,0.6581569431897152,1.185781373524582
2012-07-16,-0.0020714344676026055,0.6547221797448974,1.1807227896842036
2012-07-17,0.007509185726923008,0.6671477959190606,1.1968812315389061
2012-07-18,0.005960949220532346,0.6770855792736565,1.2115574766667523
2012-07-19,0.0013494238922569244,0.679348678623688,1.2175664992468014
2012-07-20,-0.008940202329879679,0.6643349616543761,1.195254099295572
2012-07-23,-0.008870289840308025,0.649571828153144,1.175696457437723
2012-07-24,-0.00872792992886447,0.6351744808243944,1.1560261316572937
2012-07-25,-0.00025967532422517135,0.6347498663609215,1.15534943815363
2012-07-26,0.0169877626647632,0.6625206091069142,1.1910010186783868
2012-07-27,0.018332822493978065,0.6929993043262517,1.2328065572996705
2012-07-30,0.00026055078561037023,0.6934404166250316,1.2317273088404708
2012-07-31,-0.004503911835526318,0.6858133102898356,1.2220933250999941
2012-08-01,-0.0032583332990521715,0.6803203686449331,1.2156492993144514
2012-08-02,-0.007957419269839078,0.6669493549639749,1.199023799316418
2012-08-03,0.017716044252169893,0.6964811035026428,1.2408938411254962
2012-08-06,0.0021713238682209033,0.7001647134146638,1.246113486279301
2012-08-07,0.003729867580904859,0.7065061026614274,1.2575838443113243
2012-08-08,0.0003639216713689214,0.7071271372145091,1.2589854120534376
2012-08-09,-6.75823273723758e-05,0.7070117655894557,1.2599199216522199
2012-08-10,0.0018715309385433866,0.7102064909212138,1.2648656249139574
2012-08-13,-0.0015917965888017096,0.7074841900628188,1.262030237835834
2012-08-14,0.00031140971810744765,0.7080159172331191,1.2617403668028784
2012-08-15,0.0009528415398344892,0.7096433857497575,1.2643179377858837
2012-08-16,0.006171075770905859,0.7201937246244474,1.2803957506558432
2012-08-17,0.0010602618492841856,0.7220175804040447,1.2846649570699773
2012-08-20,-0.00016340541802819424,0.721736193401467,1.2846165796791316
2012-08-21,-0.003594839284391419,0.7155468284960689,1.2766260506349978
2012-08-22,-0.0002518543053700636,0.715114760641248,1.277141486169175
2012-08-23,-0.007962594499532863,0.7014579972820985,1.2587598475522177
2012-08-24,0.006562921644634353,0.7126245327998972,1.2733395345544318
2012-08-27,-0.0005332678921319137,0.7117112451252776,1.2722278378452745
2012-08-28,-0.0006396763938101438,0.7106163038487516,1.270391463553728
2012-08-29,0.00015661109523257846,0.7108842053416202,1.2723084668300175
2012-08-30,-0.007407576753514553,0.6982106992741763,1.2545712701228267
2012-08-31,0.004969661214915325,0.7066502311211134,1.2660093765609526
2012-09-04,-0.0008959424462293892,0.7051211707381848,1.263367302390153
2012-09-05,-0.0014681237056866179,0.702617841926356,1.2609507927205743
2012-09-06,0.01937501072749838,0.7356060808785092,1.3071545441315813
2012-09-07,0.0036158253061906536,0.7418817292673281,1.3164984601830425
2012-09-10,-0.005612784706172763,0.7321049221373346,1.30225702160463
2012-09-11,0.003291019219650535,0.7378053127265398,1.3094744956755284
2012-09-12,0.001782314537745312,0.7409026283991835,1.3143075150146855
2012-09-13,0.016260052286310007,0.769209796162329,1.3520532859261074
2012-09-14,0.00272300714505151,0.7740273670783742,1.361364950383671
2012-09-17,-0.0033925226328392092,0.7680089390842846,1.353986414999346
2012-09-18,-0.0014087851056504576,0.7655181944242457,1.3509738408108474
2012-09-19,0.0005463972381082227,0.7664828686895089,1.3537610471541854
2012-09-20,0.00018596530499237246,0.7668113732149484,1.3524882891316015
2012-09-21,-0.0005450714440660915,0.7658483347883578,1.3523111020212264
2012-09-24,-0.001113414590594513,0.7638822134876273,1.3470592052735242
2012-09-25,-0.009751684750190705,0.7466813902052274,1.3224107279813992
2012-09-26,-0.004814232768285572,0.7382724594207468,1.3090876732048202
2012-09-27,0.008613656429767316,0.753245341167524,1.3313680182182126
2012-09-28,-0.003959648645237125,0.7463031056276017,1.3209287279106032
2012-10-01,0.002541866902958885,0.7507419756943308,1.3270826860071296
2012-10-02,-0.0007066756719595225,0.7495047689322294,1.3291125698620605
2012-10-03,0.0034712043928330936,0.7555776575714295,1.3375542279086368
2012-10-04,0.006944426148761596,0.7677691369628503,1.3543248600792084
2012-10-05,-0.0003712816016285727,0.7671127968063691,1.3535677342468615
2012-10-08,-0.0026488856558082438,0.7624319170667135,1.3454320730301896
2012-10-09,-0.009186947332815843,0.7462405478669478,1.3222335408710242
2012-10-10,-0.006171308453796888,0.7354639588115337,1.3078634892291428
2012-10-11,0.00010404117853240037,0.735644518527109,1.3083144215755245
2012-10-12,-0.00314409654741807,0.7301874845888627,1.3014676441783855
2012-10-15,0.00781086335574741,0.7437017426108108,1.3200587214996151
2012-10-16,0.009174058553460122,0.7596985644972927,1.3438855697715986
2012-10-17,0.0045185747710843206,0.7676498940355434,1.3535354826529638
2012-10-18,-0.0019588609909390094,0.7641873136124797,1.3477840795119729
2012-10-19,-0.015362874082217655,0.7370843260560054,1.308878234500547
2012-10-22,-0.0007128674516612239,0.7358460151791693,1.3098931764280124
2012-10-23,-0.013396150623262396,0.7125923605010394,1.2765292958533045
2012-10-24,-0.0031160162958653558,0.7072558947975436,1.2695053313457905
2012-10-25,0.0029758215636218697,0.7123363837039027,1.2763037313520833
2012-10-26,-0.00023395086605026017,0.7119357811239657,1.2746443475148515
2012-10-31,0.001197349879073504,0.7139855672244764,1.274998918391662
2012-11-01,0.00900373920045654,0.729417846265112,1.2998566377319989
2012-11-02,-0.009062679264592949,0.7137446870099482,1.278285237816168
2012-11-05,0.0008568419236507371,0.7152130953042122,1.283215011937017
2012-11-06,0.00828284758502649,0.7294199439484585,1.3011455215515313
2012-11-07,-0.02291560854424442,0.6897892335043265,1.24659686687564
2012-11-08,-0.011724197840082131,0.669977810222681,1.2191775056931862
2012-11-09,0.0009042158362593146,0.6714878306048859,1.2229472057140316
2012-11-12,-7.828726515200166e-05,0.671356974393893,1.2232372734030474
2012-11-13,-0.004061592006450048,0.6645686042667702,1.2143767379479264
2012-11-14,-0.013383476332828324,0.6422908897471968,1.1837031122788044
2012-11-15,-0.002485005269295193,0.6382097882324596,1.1802232832909145
2012-11-16,0.0049858484669814945,0.6463776539937125,1.1907754541771647
2012-11-19,0.018122531417416918,0.6762141847531467,1.234288754026526
2012-11-20,0.0003853983727815191,0.6768601949723838,1.2357709507533827
2012-11-21,0.0027033225477800966,0.6813932889469276,1.2409583443132899
2012-11-23,0.012121138666991894,0.701773690156003,1.2701497732555556
2012-11-26,-0.002381397260042986,0.6977210909530522,1.2655423184176198
2012-11-27,-0.005408458269500564,0.6885390372793818,1.2537012637118368
2012-11-28,0.007874196343807526,0.7018349251931035,1.2714064054811907
2012-11-29,0.0037434901305324515,0.7082057274393594,1.2811044990973413
2012-11-30,0.0006458117509914597,0.7093089067712508,1.2814751957711006
2012-12-03,-0.0046596641117223675,0.7013441014025215,1.2706490829927835
2012-12-04,-0.0019311019084148353,0.6980586325614326,1.2667666990493576
2012-12-05,0.0016872747849705036,0.700923724075555,1.270359211959828
2012-12-06,0.0026254566948242003,0.7053894256543147,1.277866360407622
2012-12-07,0.003024145939557839,0.7105467721612722,1.284519824897437
2012-12-10,0.0003711736143023551,0.7111816819891286,1.2852932731827926
2012-12-11,0.006016961319484945,0.7214777959802683,1.3002593893435943
2012-12-12,0.00023899010639439754,0.7218892121418852,1.3012904570680082
2012-12-13,-0.006188336779362048,0.7112335818004007,1.2867430216596913
2012-12-14,-0.0037665450123499315,0.7047881434879046,1.27728642168565
2012-12-17,0.01078308988813298,0.7231710272793579,1.304319157053456
2012-12-18,0.010960051105083246,0.7420570698011382,1.3307880794962386
2012-12-19,-0.007120912853065397,0.7296520332220178,1.3130992601798939
2012-12-20,0.00508271597224297,0.7384433632376981,1.3257938021875946
2012-12-21,-0.008741820791750472,0.7232462028996662,1.3039809086296539
2012-12-24,-0.0026925637048580506,0.7186062527192041,1.2983585118642527
2012-12-26,-0.004950075760220165,0.7100990215662559,1.28735521197556
2012-12-27,-0.0009736764374058791,0.708433938443326,1.2845682022882827
2012-12-28,-0.011127441179640974,0.6894234402839956,1.2593238571332983
2012-12-31,0.015652112259918895,0.7158664856258592,1.297601189375846
2013-01-02,0.024500330820614768,0.7579057821676987,1.3559681181194887
2013-01-03,-0.0017158924576815564,0.7548894048947623,1.3510544697955882
2013-01-04,0.0050323607373389066,0.7637206414343265,1.3624925762337141
2013-01-07,-0.0029527378604305796,0.7585128367211404,1.3551142375054495
2013-01-08,-0.0036313334142003897,0.7521270902978545,1.3474780826820663
2013-01-09,0.0022828933847981346,0.7561270096416208,1.3537126697633362
2013-01-10,0.007028109862815941,0.7684692631984407,1.3715948019870048
2013-01-11,0.00025758164512493215,0.7689247884206081,1.3714821180644243
2013-01-14,-0.000916219937156175,0.7673040642621274,1.3692750470991184
2013-01-15,0.0012254826778768605,0.7694698647794218,1.371949176207755
2013-01-16,-0.0005911155353539925,0.76842390365301,1.3724164310071458
2013-01-17,0.005866063463222551,0.7787975905017184,1.3858037923154591
2013-01-18,0.0036464639450913324,0.7852839117810981,1.3939233277351821
2013-01-22,0.004219115121366652,0.7928162301292263,1.4045238760122785
2013-01-23,0.0009853137740633592,0.7945827166551371,1.4081486405166466
2013-01-24,0.0008898538085902884,0.7961796329203827,1.4081645696575347
2013-01-25,0.005490102264558777,0.8060408427906334,1.4212781857298409
2013-01-28,-0.0020099711817878757,0.8024107527434923,1.4167997372674948
2013-01-29,0.005055900914669314,0.811523562916898,1.4291399050544453
2013-01-30,-0.00291172952196749,0.8062488962790131,1.4196671792834552
2013-01-31,-0.0027638263257689765,0.801256738028586,1.4134648437960826
2013-02-01,0.009294613321838481,0.8179987229019179,1.4377266952735597
2013-02-04,-0.010648148216752024,0.7986404030425924,1.4095983889935453
2013-02-05,0.00964085153495185,0.8159808281330918,1.4346979952881127
2013-02-06,0.0003022997261141264,0.816529798640065,1.436035059842431
2013-02-07,-0.0017131165471034107,0.8134178713837084,1.431637043708768
2013-02-08,0.0047271064707043705,0.8219900907376172,1.4453951016908406
2013-02-11,-0.0008390567162384334,0.820461337715064,1.4439129049639843
2013-02-12,0.0017498801112965584,0.8236469268033157,1.447811611360419
2013-02-13,3.968000768157754e-06,0.8236541630357221,1.449261359837318
2013-02-14,0.0005864639810626836,0.8247236705162575,1.4509529952684472
2013-02-15,-0.001222938384869521,0.8224921458978032,1.4483915500823912
2013-02-19,0.006772454045707094,0.8348348902045581,1.466354114634743
2013-02-20,-0.011575935036369413,0.8135949607130861,1.4357611179503644
2013-02-21,-0.006078392151941701,0.8025712193370866,1.4204083759749149
2013-02-22,0.008015274875006695,0.8170193231418492,1.4416413308108837
2013-02-25,-0.01690838397518688,0.7862964627358326,1.396935901923682
2013-02-26,0.005761560180849514,0.7965883173067239,1.4115798954576309
2013-02-27,0.012201758271393779,0.8185098536677107,1.4422696469237017
2013-02-28,-0.0010349510882410311,0.8166277849156802,1.4401593307400877
2013-03-01,0.0024751835503120257,0.8211242721259433,1.4458299082402748
2013-03-04,0.005216529386842983,0.8306242204085812,1.457106953364974
2013-03-05,0.008633996505721164,0.8464298235308774,1.4806116790101043
2013-03-06,0.00098376389553446,0.8482462745269053,1.4833019339156897
2013-03-07,0.001293615492165669,0.8506371945409708,1.4878128306279939
2013-03-08,0.003420109345735671,0.8569665761055865,1.4989610660331643
2013-03-11,0.0026473933393154846,0.8618826970504998,1.5070804047968265
2013-03-12,-0.0019955809272152927,0.8581671594515536,1.501055256419829
2013-03-13,0.0007533521752353198,0.8595670137230775,1.504341772500395
2013-03-14,0.0049645748211449275,0.8687989732976387,1.5183735757184746
2013-03-15,-0.0019359103348415166,0.8651811460514904,1.5142976822116645
2013-03-18,-0.005619083236869277,0.8547005379399877,1.5004430661039598
2013-03-19,-0.0018751853657123802,0.8512226306334636,1.494385666133065
2013-03-20,0.006476264510943164,0.8632116380580899,1.511091795115842
2013-03-21,-0.007561980294896416,0.8491220683658729,1.4902938434853668
2013-03-22,0.007215590676847392,0.8624645763227266,1.508159849912087
2013-03-25,-0.002889429328362523,0.8570831165528634,1.4997824983972454
2013-03-26,0.00807887043169355,0.8720862504323799,1.5192435821294628
2013-03-27,-0.00027865913049818236,0.8715645765056168,1.5177613854026064
2013-03-28,0.0044082114416727465,0.8798148288855985,1.5279751112089945
2013-04-01,-0.0034470257356998325,0.8733350587920796,1.5166660111464578
2013-04-02,0.005148760109042355,0.8829804116136588,1.5296828724370721
2013-04-03,-0.01016189160764993,0.8638457687715129,1.5030045112900168
2013-04-04,0.0044058266485323665,0.8720575501283205,1.5131378047677218
2013-04-05,-0.003827744982896037,0.8648917912331242,1.5023441402393622
2013-04-08,0.006216350081814288,0.876484611472131,1.5181157596233565
2013-04-09,0.004186685235258739,0.8843408618891717,1.5270407982662726
2013-04-10,0.011587150195008784,0.9061750024744741,1.557843233654924
2013-04-11,0.003981940770288036,0.9137652784321313,1.5669293336112662
2013-04-12,-0.002337485017551201,0.9092918807666865,1.5596475530086331
2013-04-15,-0.02211696765125849,0.8670641340029592,1.5008619435125055
2013-04-16,0.013497204595551971,0.8922642806126142,1.5366423337567916
2013-04-17,-0.012867218987443644,0.8679161017318542,1.5002981305874825
2013-04-18,-0.005049030429929129,0.8584849364936555,1.4835436242138598
2013-04-19,0.009733301087011328,0.8765741299462233,1.5055177757412874
2013-04-22,0.004490207976008803,0.8850003380720795,1.5171975724775835
2013-04-23,0.010213135078332313,0.9042521011475118,1.5434248046221968
2013-04-24,-0.0007644040633611245,0.9027964831037307,1.5434409304191457
2013-04-25,0.004219444911702123,0.9108252280423674,1.55370303361638
2013-04-26,-0.0017391896994114523,0.9075019404883806,1.5489988239967523
2013-04-29,0.006807451537521882,0.920487167505984,1.5673159594259145
2013-04-30,0.0028899043434553206,0.9260371917129098,1.5736954820236622
2013-05-01,-0.009127266164025247,0.9084577376223344,1.5497398240321498
2013-05-02,0.008156722704463264,0.924024498181307,1.57372773361756
2013-05-03,0.009800324757327346,0.9428805631045376,1.6008410979701093
2013-05-06,0.00037669057050911754,0.9436124278922846,1.6058029270287952
2013-05-07,0.005263114233039127,0.9538418821250361,1.6194319786352787
2013-05-08,0.0030254100535546725,0.9597530549982733,1.6302740205544843
2013-05-09,-0.0041888841015769365,0.9515438765831743,1.6205759269383333
2013-05-10,0.0039828512997646765,0.9593165856485713,1.6319011527978184
2013-05-13,9.024469127078168e-06,0.9593342674406087,1.6320140333764592
2013-05-14,0.010092963486086752,0.9791097566589251,1.6587083236644027
2013-05-15,0.005559787534088892,0.9901131864125912,1.6723053203330491
2013-05-16,-0.005154695924768624,0.979854758080762,1.658917762368675
2013-05-17,0.009620183689930681,0.9989013245328824,1.686304871957231
2013-05-20,-0.0005057568368399183,0.9978903665218315,1.68440399447789
2013-05-21,0.0013733458273332542,1.0006341609201637,1.6890275751127746
2013-05-22,-0.008701689965544549,0.983225262717359,1.6667794816932795
2013-05-23,-0.004046732249250148,0.9751996810891932,1.6589822655564697
2013-05-24,-0.00020426918231740985,0.9747962086654234,1.6575161946265617
2013-05-28,0.005323503295107776,0.9853090427894202,1.6743674557818768
2013-05-29,-0.008384363482478752,0.9686634901496218,1.6555185623655286
2013-05-30,0.0025281336628174473,0.9736405345898285,1.6652652300285857
2013-05-31,-0.014145475153425275,0.9457224514459952,1.6271326366464556
2013-06-03,0.006615367156599548,0.9585941198471495,1.6427272655761351
2013-06-04,-0.005202527094946539,0.9484044808706418,1.6281637043708694
2013-06-05,-0.013063503219551333,0.9229514926617999,1.5919483109210897
2013-06-06,0.008766743518410159,0.93980951519631,1.6139547140424146
2013-06-07,0.011977783627167397,0.963044133847252,1.6474957817274976
2013-06-10,-0.0006830937418698858,0.9617031906844065,1.6465775945817245
2013-06-11,-0.01003361960913831,0.9420202070830463,1.6197059205273452
2013-06-12,-0.008464211269987091,0.9255825377597113,1.5977801463907637
2013-06-13,0.014134114963494397,0.9527989427201042,1.636186485008901
2013-06-14,-0.005545050999847238,0.9419705729902734,1.6206724850639649
2013-06-17,0.00764904965777637,0.9568248023370165,1.6405040688138808
2013-06-18,0.00730528140419383,0.9711199581767944,1.6610766525991951
2013-06-19,-0.014733270179562809,0.9420789152766471,1.624216817239649
2013-06-20,-0.02569978420664234,0.8921679062417673,1.558584233690322
2013-06-21,0.0039999016790522954,0.8997363918269929,1.5654150819465729
2013-06-24,-0.010623716103456521,0.8795541317288182,1.534258075681111
2013-06-25,0.009555726308902529,0.8975146365943858,1.5583266142512642
2013-06-26,0.009575062799410254,0.915683458402577,1.5828622109647483
2013-06-27,0.005994180903512603,0.9271664116061089,1.5988755206469127
2013-06-28,-0.004631768118462465,0.9182402236618601,1.5877274818978027
2013-07-01,0.00475103896171209,0.9273538577024008,1.6017109077250362
2013-07-02,-0.0003793734996522781,0.9266226707243359,1.6002932141859745
2013-07-03,0.0003106836741236592,0.9272212409343263,1.6024359786195461
2013-07-05,0.008886813852873885,0.9443480973558145,1.6289853333910118
2013-07-08,0.005550278763705112,0.9551397713098191,1.6427915721078703
2013-07-09,0.006682979309151646,0.9682059299479822,1.6618980849632772
2013-07-10,-1.588219894326588e-05,0.9681746705098415,1.662381465559617
2013-07-11,0.013630578267289164,0.995002029399922,1.6984680492898674
2013-07-12,0.0021950644409775098,0.9993811874143359,1.7067968267578024
2013-07-15,0.0018035187285409533,1.0029871088313302,1.7105183460438624
2013-07-16,-0.003377582801255737,0.9962218540214045,1.700465681550901
2013-07-17,0.0018409642889069544,0.9998968271673936,1.7079569008578064
2013-07-18,0.0044171223286210825,1.0087306160976133,1.7215859524642894
2013-07-19,0.0012593817202191302,1.0112603747163709,1.7259678428010035
2013-07-22,0.002074943399404976,1.0154336261553731,1.7315098072377215
2013-07-23,-0.00103611935158689,1.0133453963734746,1.7264512233973432
2013-07-24,-0.004781061797307314,1.003719467614089,1.7160601138245197
2013-07-25,0.0028858199775668373,1.009501841283169,1.7230036460033507
2013-07-26,0.001204557021123757,1.0119224008350476,1.7252590943595028
2013-07-29,-0.0036234673654374043,1.0046322656738291,1.7150774234909516
2013-07-30,-0.0002234986732319288,1.004184233022133,1.716092365418417
2013-07-31,-0.0010482521489093332,1.0020833425930573,1.715721865400718
2013-08-01,0.011352877315337845,1.0248127491565975,1.749778565276038
2013-08-02,0.0005716009781740157,1.0259701341046346,1.7542894619883418
2013-08-05,-0.002053203040076402,1.0218104060661868,1.7502135684815316
2013-08-06,-0.004919051428728525,1.0118650166996086,1.7344740040353743
2013-08-07,-0.0038903848667261797,1.0040380874847448,1.7240669653216623
2013-08-08,0.003225037043147837,1.0105011845527625,1.7346511911457494
2013-08-09,-0.0033524108838922082,1.0037611584995898,1.7248885943418037
2013-08-12,-0.0015479506106733155,1.0006594351906468,1.7217470137777156
2013-08-13,0.001380676704081497,1.0034216990656155,1.7293027362724156
2013-08-14,-0.005048406889901177,0.9933076111566752,1.7151741782726435
2013-08-15,-0.013861760470568621,0.96567685850666,1.676397142980747
2013-08-16,-0.004221487846037972,0.9573787775392362,1.6675527333225744
2013-08-19,-0.00577015599598839,0.9460843966495978,1.6518133655324774
2013-08-20,0.003740378724778389,0.9533634893234488,1.661946462354122
2013-08-21,-0.005679009815394674,0.9422703188945474,1.6465614687847752
2013-08-22,0.008467058401286212,0.9587156351157125,1.6693731784732329
2013-08-23,0.004932129069724414,0.9683762734389902,1.6799092235625341
2013-08-26,-0.004601557686475249,0.9593186764680715,1.6690833074402769
2013-08-27,-0.014187698175213233,0.9315204544572842,1.62671375923791
2013-08-28,0.002485880470658893,0.9363219834336978,1.633931036652748
2013-08-29,0.0018322014736732906,0.9398697154252511,1.639102501071767
2013-08-30,-0.002338069244203998,0.9353341657058525,1.6307251495569255
2013-09-03,0.0020755642758017345,0.9393510761619299,1.6416800720547724
2013-09-04,0.007419416556573105,0.9537399296454137,1.663122465595014
2013-09-05,0.0007484799586781423,0.9552022648272225,1.6663444784877854
2013-09-06,0.00040575488904546814,0.955995597705249,1.6664896106603235
2013-09-09,0.010101120319129294,0.9757533445813569,1.6931355235574213
2013-09-10,0.007254596951762437,0.990086638772391,1.7129187299164914
2013-09-11,0.0026876533385845787,0.9954353017711604,1.721199326649641
2013-09-12,-0.003321827478671144,0.9888068099538265,1.7120005427707183
2013-09-13,0.0031844700367332814,0.9951401056489757,1.7193627557020341
2013-09-16,0.0056289311646827885,1.0063706119675717,1.7348445040530729
2013-09-17,0.00446671169691394,1.0153324910483916,1.7463793652728907
2013-09-18,0.013617231651150368,1.0427757404330875,1.7798238748323416
2013-09-19,-0.0017249775370259503,1.039251998167659,1.7747007878041687
2013-09-20,-0.0076198835844244845,1.0237131353423163,1.7546760878029888
2013-09-23,-0.004266125338073116,1.015079721458641,1.741675155653263
2013-09-24,-0.0028136885513187033,1.0094099147163784,1.7345546330201174
2013-09-25,-0.003294880651641759,1.0027891488671625,1.727063413713212
2013-09-26,0.0031419880041820025,1.0090818883478092,1.7365683910780993
2013-09-27,-0.004683890961929123,0.9996715678492014,1.725420155672929
2013-09-30,-0.0058018333881474805,0.9880698065815248,1.7089879685822194
2013-10-01,0.007353702342506972,1.0026894801752508,1.7306559266236827
2013-10-02,-0.00047965653047747354,1.0017288770875665,1.7288354814730242
2013-10-03,-0.008797306295284045,0.9841190550357122,1.7043321363534378
2013-10-04,0.006221822318598118,0.9964638912550892,1.723406397614947
2013-10-07,-0.008215537184739843,0.9800618679184925,1.7002401170496788
2013-10-08,-0.01109551802022966,0.9580920557818333,1.6669405430067057
2013-10-09,0.0007882968539265432,0.9596356135891047,1.6684711171244087
2013-10-10,0.021056865054045255,1.0008993962595514,1.7267251652894111
2013-10-11,0.006067495786804761,1.0130398449161766,1.743866100821621
2013-10-14,0.003831260552913048,1.020752325065446,1.7550465878206891
2013-10-15,-0.007109456189800731,1.006385874939955,1.7355857007445321
2013-10-16,0.013983139112813913,1.0344414477432253,1.7734121006406975
2013-10-17,0.007287013179327225,1.0492664493854997,1.7921158618845077
2013-10-18,0.006024880092448516,1.061613034020525,1.810400745719773
2013-10-21,-3.615364351857711e-05,1.0615384991978196,1.8106585618148916
2013-10-22,0.007082212914011454,1.0761387537795701,1.8267847520756968
2013-10-23,-0.004668344866238509,1.0664466220867648,1.8134294457052205
2013-10-24,0.0031728051887482773,1.073003054651593,1.8225959779902459
2013-10-25,0.005963577990015623,1.085365570041548,1.8350008456210514
2013-10-28,0.0012628275756905783,1.087999027188792,1.8387705456418968
2013-10-29,0.005698818879616243,1.099898155465556,1.854622794010635
2013-10-30,-0.005073012136787599,1.0892453466368615,1.840703871371196
2013-10-31,-0.003538344235787373,1.0818528774074432,1.8297973262641953
2013-11-01,0.00289366613058774,1.0878770645676639,1.83801341980955
2013-11-04,0.004177234381952074,1.0965986164270651,1.8481467132872549
2013-11-05,-0.002884716121785932,1.0905505245973437,1.8401559875870608
2013-11-06,0.005282285286203355,1.101593408873489,1.8522707875288504
2013-11-07,-0.012476099317202885,1.0753737207800045,1.8146699521339062
2013-11-08,0.011861757810645936,1.099991301222476,1.8524641004361744
2013-11-11,0.0009724999995796184,1.1020335427620322,1.8545262358850025
2013-11-12,-0.0028837465224435125,1.0959718108430327,1.8477598908165467
2013-11-13,0.007511401247541267,1.1117154961178102,1.8708134874592344
2013-11-14,0.005374088420246982,1.123064041912353,1.8847003551608363
2013-11-15,0.004064168749113124,1.131692532443859,1.8968796582904206
2013-11-18,-0.0032625741784828386,1.124737727431043,1.8861664260907438
2013-11-19,-0.001852686836476075,1.1208012538124672,1.8802700874332752
2013-11-20,-0.0039412078238171225,1.1124427353181803,1.8697985455317685
2013-11-21,0.007110853441366625,1.1274640060123073,1.8931258874104633
2013-11-22,0.004249797954599916,1.1365052981935433,1.9074800099114562
2013-11-25,-0.001519943262450032,1.1332579313603652,1.9038068680162423
2013-11-26,-0.0008481865342435332,1.131448530708917,1.904241871221736
2013-11-27,0.001888346974593431,1.1354734450933828,1.911459148636574
2013-11-29,-0.0009162294605319246,1.1335168614108047,1.9091716453425849
2013-12-02,-0.002987537871308161,1.1271428989882653,1.9012615486271343
2013-12-03,-0.002554506000322901,1.1217090996892556,1.8919982615604165
2013-12-04,-0.0013594588580947754,1.1188247234593827,1.888228561539571
2013-12-05,-0.00480506875096785,1.10864362499191,1.8756948841892362
2013-12-06,0.011254906718825963,1.132376212294441,1.9080115712425814
2013-12-09,0.0015757030705828633,1.1357362040397914,1.9132957195841809
2013-12-10,-0.003831510681610666,1.1275531079609102,1.9040324325174636
2013-12-11,-0.010977781195400426,1.1041972954601214,1.871167861679984
2013-12-12,-0.003987359715090287,1.0958071039316017,1.8603419455577268
2013-12-13,5.6014995117675446e-05,1.095924500556296,1.860051877868711
2013-12-16,0.006171139302651346,1.1088587426170688,1.8781275196557634
2013-12-17,-0.0032495204696023792,1.1020059629654346,1.8692024810128474
2013-12-18,0.01665830412230979,1.1370218175634217,1.9169688614793938
2013-12-19,-0.0010724798209087527,1.134729904787243,1.9152772260482647
2013-12-20,0.00469970668379481,1.1447625091888685,1.9293251550632933
2013-12-23,0.004147646010571599,1.153658224853729,1.944903658196024
2013-12-24,0.0029127747018906315,1.159931346047602,1.9534902517590775
2013-12-26,0.005039348187278369,1.1708159921609527,1.9675061258362687
2013-12-27,-1.9370730143538945e-05,1.170773941870177,1.9665073097057517
2013-12-30,0.00011112180223563729,1.1710151621828437,1.9659755517185658
2013-12-31,0.0033595425929414426,1.1783087800901186,1.977719851642656
2014-01-02,-0.008633615987656863,1.1595020985802793,1.9513315581846165
2014-01-03,-0.00022464641098387262,1.159016974184321,1.9503488678510483
2014-01-06,-0.002206324739050204,1.1542534816221486,1.9429382775288864
2014-01-07,0.006325057766801341,1.1678792593377416,1.9608365355495034
2014-01-08,-0.0013093734514974728,1.1650406957895125,1.9602082194366859
2014-01-09,0.0003907239618568287,1.1658866290677525,1.9612392871610997
2014-01-10,0.003066985842107922,1.1725293726947141,1.9680699387612899
2014-01-13,-0.012582231021293704,1.1451941062269229,1.9307428486023528
2014-01-14,0.010145740765541575,1.1669586895204689,1.9624475419958887
2014-01-15,0.0047975034410799415,1.1773546812901214,1.977752103236552
2014-01-16,-0.0005351094323704094,1.1761895582625472,1.9737407129175364
2014-01-17,-0.0033392752289248184,1.168922662377196,1.962157474306872
2014-01-21,0.0021892274856869596,1.1736709274840016,1.9703737645082873
2014-01-22,-1.8485991225696084e-05,1.1736307450223085,1.9720813290803045
2014-01-23,-0.008156126973171862,1.1559023366731167,1.9456607840283677
2014-01-24,-0.019920123458606075,1.1129564959618907,1.8841687938297063
2014-01-27,-0.004571226676323267,1.1032976928616391,1.8701047390177292
2014-01-28,0.006619840421303981,1.11722118794688,1.8877290551462793
2014-01-29,-0.010347151853804745,1.0953139788071007,1.8582475585149978
2014-01-30,0.01006965771526372,1.1164130733796953,1.890451561645762
2014-01-31,-0.007236547021772586,1.101097550656689,1.8717639261989003
2014-02-03,-0.022493509883950782,1.053836492133848,1.8061960424934282
2014-02-04,0.006870824582432803,1.0679480423922985,1.82763843603367
2014-02-05,-0.0026746540030747204,1.0624169968825634,1.8219033553456883
2014-02-06,0.012257707697975502,1.0876975015816863,1.857007248742371
2014-02-07,0.012263541930854636,1.1133000674312736,1.8950108357489115
2014-02-10,0.00183687504363414,1.1171819355848487,1.8995537873990527
2014-02-11,0.010910854839805693,1.1402822003534734,1.9316289808102876
2014-02-12,-0.0005948514111787024,1.1390090504662727,1.9308396033840434
2014-02-13,0.005660276124330451,1.1511164323243537,1.9478678549936732
2014-02-14,0.005087744474858947,1.1620607630676902,1.962044790384291
2014-02-18,-5.027075780944805e-05,1.1619520746347005,1.9654762419813352
2014-02-19,-0.006442894076791302,1.1480228464187299,1.9461280388277586
2014-02-20,0.006052463516844317,1.1610236763300277,1.9638974871288468
2014-02-21,-0.0018269888633494387,1.1570755101399381,1.958210587175651
2014-02-24,0.005490908609005284,1.1689198146288402,1.9765115968078648
2014-02-25,-0.0012578360733774617,1.166191669045737,1.9725002064888493
2014-02-26,-7.959634330574893e-05,1.1660192481099814,1.9725647096766443
2014-02-27,0.004478418572296791,1.1757195889386693,1.9872732063983878
2014-02-28,0.0026225911620126378,1.1814256119036375,1.9955858580693744
2014-03-03,-0.007628091949080946,1.164785496755956,1.9734828968224178
2014-03-04,0.014890500196118858,1.1970202356199557,2.0188811450102317
2014-03-05,-0.0009939095165503765,1.1948365962997194,2.018720083696805
2014-03-06,0.001298749661132084,1.1976871395854038,2.0239074772567123
2014-03-07,0.0002670584638079918,1.1982740505368321,2.0255346095000464
2014-03-10,-0.0009362159576839148,1.196215991291357,2.024133041757933
2014-03-11,-0.004266213382104374,1.1868464652393182,2.0087639773294743
2014-03-12,0.0005673366760203565,1.188087143443874,2.009682164475248
2014-03-13,-0.01080463742737244,1.1644456551994677,1.9744655871559846
2014-03-14,-0.0020243479341504446,1.1600640641087838,1.9660723065002546
2014-03-17,0.0093582611741823,1.1802785077736795,1.994587041938856
2014-03-18,0.00676657750896564,1.195031531287662,2.0162068192455336
2014-03-19,-0.006534671609970114,1.1806877210571671,1.9977124967059958
2014-03-20,0.006412982631465652,1.1946724335369572,2.015820193430886
2014-03-21,-0.002250140010621209,1.1897341132840484,2.0069757837727136
2014-03-24,-0.00354500678364968,1.1819714909980674,1.9923477193796533
2014-03-25,0.004332210554716338,1.1914242509214592,2.0055258386397545
2014-03-26,-0.005871513946806288,1.1785572728688045,1.9844861967111092
2014-03-27,-0.0010959253637692885,1.1761697366970436,1.9788154225548618
2014-03-28,0.004314718899339019,1.18555929738814,1.9926377870686691
2014-03-31,0.007979736479421995,1.202999484641448,2.0163517547620113
2014-04-01,0.0059371826018787596,1.216079094853609,2.0375849062540405
2014-04-02,0.002473702256261953,1.2215610147106033,2.0462521288018376
2014-04-03,-0.001015595199859831,1.2193048080078674,2.042820677204794
2014-04-04,-0.011474578201439805,1.19383922143555,2.0046719580257153
2014-04-07,-0.009239462558866804,1.1735693260889226,1.9723713967693195
2014-04-08,0.004308151564399176,1.1829333921814427,1.9835194355184296
2014-04-09,0.00915284226639977,1.2029134371981365,2.016094135322953
2014-04-10,-0.019616626652827623,1.1596997067521233,1.953103625944426
2014-04-11,-0.008927696916051957,1.140418562340554,1.9250882002430525
2014-04-14,0.007888568833672338,1.1573034015024475,1.9491244872193079
2014-04-15,0.006913383901980323,1.1722176681100822,1.9690526290948558
2014-04-16,0.010242446935037727,1.194466492307051,2.0001935095633687
2014-04-17,0.0009630820085068945,1.1965799435040632,2.004285332211067
2014-04-21,0.003595051379998975,1.2044767612612355,2.0156268805235613
2014-04-22,0.0032893585161062515,1.2117280756694484,2.027967244966572
2014-04-23,-0.0017751762473484345,1.2078018685239265,2.021265403085911
2014-04-24,0.0014216818269734322,1.210940660317965,2.0264527966458186
2014-04-25,-0.00794435563240641,1.193376161430252,2.001949451526232
2014-04-28,0.003901593141083959,1.2019338228175052,2.0116638675953924
2014-04-29,0.0038287684026765433,1.2103645174630935,2.0260016676433765
2014-04-30,0.0027708477744487737,1.216489101067027,2.0350555160058215
2014-05-01,-0.0003464707565853871,1.2157211524112173,2.034620709456388
2014-05-02,-0.0014615104038719646,1.212482852894889,2.0305286901526296
2014-05-05,0.001768063844331747,1.2163946638332965,2.0361994643088765
2014-05-06,-0.008024908936475844,1.1986082984887432,2.0089089128459525
2014-05-07,0.006181126259738434,1.2121981739774106,2.025808354736053
2014-05-08,-0.0019032243987793102,1.2079878644377615,2.0216520289005597
2014-05-09,0.0012044481337597538,1.2106472713004481,2.0262433579415466
2014-05-12,0.00848675567453872,1.2294084945745607,2.0555154158685554
2014-05-13,0.0004766928232222999,1.2304712376039553,2.0568041030320274
2014-05-14,-0.003978799669430877,1.2215966393811013,2.042434051390146
2014-05-15,-0.009342235676567246,1.2008419599977334,2.013951370889381
2014-05-16,0.003706614704582043,1.2089996331691224,2.025244541811029
2014-05-19,0.0029036671394107962,1.2154138328149258,2.0368759611564795
2014-05-20,-0.005806457680546041,1.2025501261497897,2.0171411321882555
2014-05-21,0.007602847272704312,1.219295778369382,2.0416285481669534
2014-05-22,0.0021963128373354494,1.2241700461772593,2.0488135739878937
2014-05-23,0.003736596583791058,1.2324808723735754,2.0617661287467737
2014-05-27,0.0056109824302976626,1.2450072833244392,2.0800993899728843
2014-05-28,-0.0010897860101450611,1.2425607057943986,2.0766679383758406
2014-05-29,0.005276120928974624,1.2543927272687365,2.0931807544512937
2014-05-30,0.002193630699813016,1.2593380323647083,2.098883583545378
2014-06-02,-0.00019668304277713572,1.258893658885841,2.10113903190153
2014-06-03,-0.0005464807882856607,1.2576592168984795,2.0999630286606386
2014-06-04,0.001717668644118721,1.2615371273444516,2.10582711572421
2014-06-05,0.00702980807410632,1.2774352993021485,2.12609350602356
2014-06-06,0.004490519814266385,1.2876621676393745,2.1405603124471337
2014-06-09,0.0002679964027635126,1.2882752528710397,2.143508580103898
2014-06-10,-0.00041379683034473846,1.2873283718244455,2.1427353284746022
2014-06-11,-0.003769746330856476,1.2787057240872963,2.131619344663329
2014-06-12,-0.006439852983030297,1.2640311942325844,2.1094196286346802
2014-06-13,0.003741816339323997,1.2725027831479028,2.1191662962977373
2014-06-16,0.0013215247830617868,1.2755059518954095,2.12177611887464
2014-06-17,0.0020867006031028987,1.280254251537594,2.1285583930839844
2014-06-18,0.008134983328843236,1.2988040818593767,2.1527073639828203
2014-06-19,0.0018037711365608469,1.3029505983108427,2.1567348800987847
2014-06-20,0.0016479315621532958,1.3067457032878793,2.1621962155507592
2014-06-23,0.00026211782651406224,1.307350342457946,2.161777338142214
2014-06-24,-0.0061062987846609365,1.2932609718660082,2.141430318858121
2014-06-25,0.004583332513569815,1.3037717494404624,2.156815509083528
2014-06-26,-0.0011555812235694862,1.301109554063419,2.153093989797468
2014-06-27,0.0019877891025498317,1.3056836745587597,2.159119138174466
2014-06-30,8.003222179690729e-05,1.3058682035459954,2.157943134933574
2014-07-01,0.0062529189318744635,1.3202866104903555,2.1790311542530656
2014-07-02,0.00034240001357029916,1.3210810766572743,2.181125541295791
2014-07-03,0.004680766038533858,1.3319455141335754,2.1985565445170177
2014-07-07,-0.0032677970066006317,1.3243251895629338,2.1860069380257947
2014-07-08,-0.006226568165189863,1.3098526203320522,2.1635494059020273
2014-07-09,0.0041190590061826494,1.3193670395707855,2.178241776826822
2014-07-10,-0.0037891819577956466,1.3105785358309379,2.165112231613627
2014-07-11,0.0013407829303700841,1.3136765200910592,2.1697678671863487
2014-07-14,0.004879374656894756,1.324965814667444,2.185120805817858
2014-07-15,-0.0015743205430236511,1.3213055732235852,2.1789668477213313
2014-07-16,0.004704834162702155,1.3322269309865584,2.1923219574357473
2014-07-17,-0.011508498999015614,1.3053864996858224,2.154543934930428
2014-07-18,0.010184069230941457,1.3288647154027005,2.1869251251715673
2014-07-21,-0.002367556039504824,1.323350997680559,2.1795306606463543
2014-07-22,0.005083167281838244,1.3351609794561954,2.195479663796784
2014-07-23,0.0014869843548088158,1.338633327298607,2.2010859347652363
2014-07-24,0.0006192952840580095,1.340081631889344,2.2026485638207762
2014-07-25,-0.00571757060853075,1.326702049929291,2.1871184380788913
2014-07-28,0.0005010270065928098,1.3278677904926006,2.188036821880725
2014-07-29,-0.004841251542313069,1.3165979969615775,2.1736020703949888
2014-07-30,-0.0011101097971644566,1.3140263188290588,2.1737953833023123
2014-07-31,-0.02003139190187764,1.2676731507653347,2.1103218866395657
2014-08-01,-0.0033287361839651865,1.2601246650949758,2.101429099590547
2014-08-04,0.006788259023723339,1.2754669767475466,2.1237253737448274
2014-08-05,-0.010044987752222824,1.2526099388355298,2.0934706254842506
2014-08-06,0.0010299690722993548,1.254930057404485,2.0935190028750967
2014-08-07,-0.0052943290942413564,1.242991715596089,2.0763294932959804
2014-08-08,0.011495313241042054,1.2687756079639283,2.111803886710362
2014-08-11,0.0028484754994690968,1.2752381596970066,2.120390676929476
2014-08-12,-0.0015830716813700525,1.2716362945980175,2.1152837156982516
2014-08-13,0.006639845533246503,1.286719608701865,2.136178422110419
2014-08-14,0.004193053565598686,1.296307946510657,2.1498076703729625
2014-08-15,0.0005022826876813383,1.2974613422377743,2.149614357465639
2014-08-18,0.00791741013976826,1.3156512859645333,2.1764858348639575
2014-08-19,0.004991531164588843,1.3272099315247456,2.1923703348265926
2014-08-20,0.0022138808518873893,1.3323620970304706,2.2002804315420432
2014-08-21,0.00264753061548452,1.3385370970887545,2.209720905719136
2014-08-22,-0.00225364003719976,1.3332668762582784,2.2033252573244395
2014-08-25,0.004643642270501541,1.3441017329532325,2.2186620701590005
2014-08-26,0.000928871870921054,1.3462791031155499,2.222045144365198
2014-08-27,0.0004084012524374965,1.34723732643983,2.2222062056786243
2014-08-28,-0.0015020820882939213,1.3437115832948097,2.216760996023598
2014-08-29,0.003471209605605259,1.351847097455511,2.227441976629377
2014-09-02,-0.0011684692833611452,1.3490990363629725,2.2256860346665137
2014-09-03,-0.0003176466838214828,1.3483528528441036,2.2231727702152435
2014-09-04,-0.0015000528790326286,1.3448301993862102,2.218227066953506
2014-09-05,0.005291858632084256,1.357238709317604,2.2344336895429944
2014-09-08,-0.0036428176660830277,1.3486517185041271,2.2244939056286737
2014-09-09,-0.006463599713924515,1.3334709739282955,2.2033895638561733
2014-09-10,0.00308902078936093,1.3406791142781307,2.2150693605924694
2014-09-11,0.000995282232030151,1.3430087506114554,2.2179047476705933
2014-09-12,-0.007174148513083853,1.326199657867114,2.1987178024865037
2014-09-15,-0.00023710037546856972,1.3256481150548192,2.196446228333403
2014-09-16,0.007712294377817681,1.3435841979373384,2.2203696347310182
2014-09-17,0.0007898642515928734,1.345435311315887,2.22454208636346
2014-09-18,0.004370243811165531,1.3556854354696544,2.2403139024035146
2014-09-19,0.00043203307047159266,1.3567031694814058,2.2387673991449235
2014-09-22,-0.007536086061651041,1.3389428515744282,2.212814108892378
2014-09-23,-0.006268226078663399,1.324281828995686,2.1942552831650457
2014-09-24,0.007545340108816693,1.341819325904201,2.219274260474869
2014-09-25,-0.015551172392503951,1.3054012898549674,2.1672225477972398
2014-09-26,0.008172430454120156,1.324242021565146,2.194384092884574
2014-09-29,-0.002445959031073701,1.3185570208020976,2.186248628323963
2014-09-30,-0.002732320739047959,1.312221979369495,2.177371967071893
2014-10-01,-0.01215657509701383,1.2841132792363235,2.1352763607615937
2014-10-02,5.59056865186441e-05,1.2842409741572856,2.1352924865585425
2014-10-03,0.010512083739787964,1.3082531065594818,2.170299625173533
2014-10-06,-0.000982979585436159,1.3059841408777144,2.1653375994587867
2014-10-07,-0.014656474156479117,1.2721865439116895,2.1174585350696598
2014-10-08,0.017049020650793605,1.3109250992212953,2.17189450582297
2014-10-09,-0.02032064118738445,1.2639656194690985,2.1063586770553355
2014-10-10,-0.0104297300192447,1.2403530692851836,2.070787725515322
2014-10-13,-0.01599243127038825,1.2045243768032368,2.0202182095645496
2014-10-14,0.0013603140897995218,1.2075232223743089,2.0249867257159115
2014-10-15,-0.008279262382102179,1.1892465584016882,2.000483380596325
2014-10-16,-0.0003551979829353145,1.1884689424399961,2.0009183838018187
2014-10-17,0.012023640229131842,1.2147823056565232,2.0395825385150745
2014-10-20,0.009208004359673103,1.2351760307827355,2.067372399715227
2014-10-21,0.018550244100591827,1.276639091761547,2.1274146414369897
2014-10-22,-0.006588732132870794,1.261638926622708,2.104586609295523
2014-10-23,0.011400431855707532,1.2874225870878857,2.142783509209387
2014-10-24,0.0065297797993407285,1.3023589528896076,2.1649509736441384
2014-10-27,-0.0017215908985851011,1.2983952326710368,2.160198583289725
2014-10-28,0.011717597025097379,1.3253269018118807,2.197928425060258
2014-10-29,-0.0007560074166178647,1.3235689374280502,2.1934981573326975
2014-10-30,0.006921375616412641,1.3396512308146185,2.2133940476143477
2014-10-31,0.011722760716328592,1.3670784023531217,2.251091637790984
2014-11-03,-0.0004523914625268409,1.3660075562927654,2.2507050119763368
2014-11-04,-0.0028393119396653305,1.3592897227888447,2.2415060314413537
2014-11-05,0.00537108931331547,1.3719616786059308,2.259984228183942
2014-11-06,0.003093529539931453,1.3792994121262838,2.2722923410330558
2014-11-07,0.0011477453302150466,1.3820302419157353,2.273436289336111
2014-11-10,0.0033469483656303088,1.3900027741407972,2.283650015142499
2014-11-11,0.0009538467847174949,1.3922824706023773,2.2859377150925484
2014-11-12,-0.0016549138908189733,1.3883234491110148,2.2836338893455506
2014-11-13,0.00041433742796497235,1.389313020906068,2.285373705511465
2014-11-14,3.5731663283767104e-05,1.3893983950344104,2.2861630829377093
2014-11-17,0.0007848603257317639,1.39127373903704,2.288579592607288
2014-11-18,0.004303548897335216,1.4015647024998996,2.3054631053565005
2014-11-19,-0.0010095085967058368,1.3991403022871807,2.3005010796417538
2014-11-20,0.0017373582631793369,1.403308468515886,2.306993482818142
2014-11-21,0.00507614418744257,1.4155080088289744,2.3243118021167875
2014-11-24,0.0018359237446293358,1.4199426973377256,2.3338327086225634
2014-11-25,-0.0016976228606991302,1.4158345472931435,2.3299987020699837
2014-11-26,0.0025124827739148826,1.4219042899778462,2.3393426181214445
2014-11-28,-0.002078197722979209,1.4168710939971407,2.3308525826840225
2014-12-01,-0.005927665681777807,1.402544690155973,2.308104982871239
2014-12-02,0.006323286498188102,1.4177366685565298,2.329225450440688
2014-12-03,0.0026411210832642702,1.4241222038456356,2.341759127791023
2014-12-04,-0.0010729091834960067,1.4215213408712128,2.3378763505354763
2014-12-05,0.000716323006355123,1.423255932318059,2.343434637425203
2014-12-08,-0.007452717500609252,1.405196090422817,2.319172785947726
2014-12-09,-0.0005828386132194454,1.4037942492689544,2.318383408521482
2014-12-10,-0.016105052342157773,1.3650810170646999,2.2641246248785465
2014-12-11,0.003993043556833054,1.3745248885812784,2.278929679725922
2014-12-12,-0.016028775619786072,1.3364641619386113,2.2257664669951955
2014-12-15,-0.006389462559331501,1.321535411654685,2.205306763788522
2014-12-16,-0.007990663701328875,1.3029848029094264,2.178096841310341
2014-12-17,0.020921995919985614,1.3511678415596862,2.242778789463937
2014-12-18,0.023362873059451558,1.4060978773835098,2.3206547860185225
2014-12-19,0.004256266640239703,1.4163388715121688,2.335830340883597
2014-12-22,0.0038941263225292797,1.4257484003158751,2.348541402000367
2014-12-23,0.002182175966614368,1.4310418101760973,2.3543891666109293
2014-12-24,-4.113236935598347e-05,1.4309418156664413,2.353921911811538
2014-12-26,0.0032744555761745125,1.4389018266501061,2.365021966481923
2014-12-29,0.0006049031235598625,1.4403771259831024,2.367921856747841
2014-12-30,-0.005101837350395825,1.42792671881271,2.351457418063234
2014-12-31,-0.010292502260822458,1.402937277570219,2.316901015138565
2015-01-02,0.0003546875780132833,1.4037895695733185,2.3157733892885193
2015-01-05,-0.0167837922392102,1.3634448648508193,2.2551673346417336
2015-01-06,-0.007842418052119864,1.3449097421775233,2.226217595997638
2015-01-07,0.011406292407391544,1.371656468365741,2.2637379990638995
2015-01-08,0.017494786733407812,1.413148092484707,2.32212066029237
2015-01-09,-0.00791373378740112,1.394051080891208,2.294202186028749
2015-01-12,-0.007897321612779734,1.3751444895479872,2.2675399506786427
2015-01-13,-0.002542813686497762,1.369104939632555,2.2591144184290153
2015-01-14,-0.0046931174120512145,1.357986451989389,2.240168966887035
2015-01-15,-0.007955931402462603,1.339226473529425,2.210204286315474
2015-01-16,0.013436646042259349,1.3706578316669225,2.25329870875629
2015-01-20,0.001659782322699647,1.3745926076290926,2.2583411667997195
2015-01-21,0.004972263981823599,1.386399708923511,2.273758411962964
2015-01-22,0.01441570491860358,1.4208013429451936,2.3237477925357046
2015-01-23,-0.005463732644889443,1.4075747316209517,2.3054953569503973
2015-01-26,0.002673276856397953,1.4140108454310427,2.3139853923878198
2015-01-27,-0.01323449672401034,1.3820626268054603,2.2696182119244197
2015-01-28,-0.013883751421182778,1.3489906614252036,2.2254927217591893
2015-01-29,0.009708666303095014,1.3717962279060671,2.2562467797569945
2015-01-30,-0.012276664549899927,1.3426784812353465,2.2139417347424226
2015-02-02,0.012773494245652169,1.3726026713348194,2.2556023378472285
2015-02-03,0.013628869926901786,1.4049385645306613,2.3026115924814285
2015-02-04,-0.004162306934191241,1.3949284720672113,2.288885786093253
2015-02-05,0.010150724563108886,1.419238731335513,2.3227330472643004
2015-02-06,-0.00505079555742243,1.4070196510989397,2.311375373154857
2015-02-09,-0.004786322855249584,1.39549887792985,2.29731131834288
2015-02-10,0.01099598366594734,1.4218397444633615,2.3325119665212553
2015-02-11,-0.0011130370525827638,1.4191441470923563,2.3324152117395633
2015-02-12,0.009803737366453982,1.4428608009620438,2.3645547116825334
2015-02-13,0.00330287925840267,1.4509292752327063,2.3782643922737603
2015-02-17,0.001402790048936353,1.4543674144306498,2.3836614211940006
2015-02-18,-1.567554484923432e-05,1.4543289408841682,2.3825979052196287
2015-02-19,-0.0024564425761295717,1.4483000227779534,2.3790053923091583
2015-02-20,0.0058019505977425275,1.462504938558563,2.399706982470062
2015-02-23,-0.00015849420465855206,1.4621146457968583,2.3986757180895872
2015-02-24,0.0023268177197680122,1.4678435377827985,2.4080518857349458
2015-02-25,-0.0005633065962509708,1.4664533852394501,2.405442259814104
2015-02-26,-0.0012514846835293613,1.4633666566051837,2.4004157309115626
2015-02-27,-0.00273608233935995,1.4566266826006782,2.390363066418601
2015-03-02,0.005805874724437792,1.470889549364569,2.411128766455179
2015-03-03,-0.004201847441819297,1.4605072484325534,2.3956472147602006
2015-03-04,-0.004547859435589465,1.449317207326433,2.380745405131133
2015-03-05,0.0015661125233839106,1.453153113678567,2.384789047044046
2015-03-06,-0.015432667269625897,1.415294417913719,2.3368132278732268
2015-03-09,0.0037742544397038813,1.4244103535937218,2.3499750246803184
2015-03-10,-0.016326760480446803,1.3848275864442816,2.2931549925073873
2015-03-11,-0.0024601527184207553,1.3789605463745258,2.2868397764413735
2015-03-12,0.012249319244856031,1.4081011935779846,2.3282586892480093
2015-03-13,-0.005805097291632321,1.3941219318611684,2.308040479683445
2015-03-16,0.01387950262279911,1.4273511534937362,2.3528104117584414
2015-03-17,-0.0037715618094910685,1.4181962485849948,2.34167849880628
2015-03-18,0.01265223332911223,1.448791831757676,2.382308034186672
2015-03-19,-0.005099794641882302,1.4363034962949932,2.365827469705116
2015-03-20,0.009207248628786602,1.4587351483205633,2.396162846950437
2015-03-23,-0.0011395068518996795,1.4559334027720454,2.390234060043011
2015-03-24,-0.006407147360021837,1.4401978755540852,2.3694199826155873
2015-03-25,-0.014579431246706643,1.4046211783990845,2.3203649149855683
2015-03-26,-0.0021284766445694345,1.3995029983818252,2.3124707474110062
2015-03-27,0.0020731213369542326,1.4044774592458564,2.320316537594722
2015-03-30,0.012534781149803362,1.4346170579771385,2.3609460729751137
2015-03-31,-0.008310958751197538,1.4143830560333286,2.3313839473590887
2015-04-01,-0.004001059186105913,1.4047229665282077,2.3181737731611505
2015-04-02,0.002965262813554347,1.4118536021177541,2.329885821491344
2015-04-06,0.006958790259719339,1.42863718547204,2.351892421268729
2015-04-07,-0.002026527405200252,1.4237154856583927,2.3449811406837955
2015-04-08,0.002104042280100044,1.4288150855151511,2.3539541634054366
2015-04-09,0.0035202970349605765,1.4373652360591578,2.3689043504253497
2015-04-10,0.004644655623618862,1.4486859582096328,2.386432305084328
2015-04-13,-0.0047535288312625275,1.4370460589085754,2.3709181084833317
2015-04-14,0.0019843132240499714,1.4418819216308867,2.3764118921852644
2015-04-15,0.005509669432503859,1.45533588381228,2.393794321359584
2015-04-16,-1.1017832385900705e-05,1.455308831333061,2.3911524438448444
2015-04-17,-0.010810222850074179,1.4287663957005954,2.3527942859614934
2015-04-20,0.009285938896885268,1.4513197720458795,2.3837577826635714
2015-04-21,-0.001535173953111057,1.4475565697810886,2.3787477728700996
2015-04-22,0.004913971345477208,1.459583792631427,2.395937085793156
2015-04-23,0.0024632778157848085,1.4656424308238796,2.403943740634238
2015-04-24,0.003692591326038658,1.4747470406770526,2.411612147051518
2015-04-27,-0.004062926991038311,1.4646923241294938,2.397483589051746
2015-04-28,0.002875561026571903,1.4717796973192514,2.4068920082910013
2015-04-29,-0.0036695916335755478,1.4627092752219268,2.394149088892454
2015-04-30,-0.009630583408697557,1.4389919481355289,2.3597700697342208
2015-05-01,0.009983293275105286,1.4633411200493867,2.3964688437803408
2015-05-04,0.0026283691185332346,1.4698156897777372,2.406457005085507
2015-05-05,-0.01154368745767222,1.4413049093768882,2.36613346653502
2015-05-06,-0.0043075841625906915,1.4307887830132016,2.3511349021242607
2015-05-07,0.003850804626729332,1.4401492757054308,2.3637814600532363
2015-05-08,0.013637790074299577,1.4734275192774557,2.4090508985215213
2015-05-11,-0.005151373288222152,1.4606859708242963,2.3917003276289783
2015-05-12,-0.002553627790425083,1.45440229474569,2.3816960405268626
2015-05-13,-0.00021148811266979953,1.4538832178366419,2.3806647761463884
2015-05-14,0.01074621934007895,1.480253185130453,2.4171059307534493
2015-05-15,0.0011058733686217827,1.482996031075328,2.41973168247124
2015-05-18,0.0026499475599431263,1.4895758403492243,2.4301548469819005
2015-05-19,-0.0013340640740865817,1.4862545866609005,2.427947972672655
2015-05-20,-0.0009033500619952227,1.4840086284259044,2.4247582113737813
2015-05-21,0.0020320734617204766,1.4890563164384134,2.432764866214864
2015-05-22,-0.002649618014831322,1.4824612679824485,2.4250964597975835
2015-05-26,-0.0102350654315354,1.4570531144733958,2.38987968582226
2015-05-27,0.008922014216035229,1.4789749772902812,2.42093993730603
2015-05-28,-0.001286526663373101,1.4757857098841622,2.416606424360161
2015-05-29,-0.005982462204568364,1.4609744154481699,2.395018701991321
2015-06-01,0.002057450307594625,1.4660377480162161,2.4020106115609985
2015-06-02,-0.001392106924005214,1.4626047597923444,2.398579356620015
2015-06-03,0.0008419738212899679,1.4646782085322734,2.4057805082379047
2015-06-04,-0.008510642434341983,1.4437022135837405,2.376411892185264
2015-06-05,-0.0021605722371627906,1.4384224184251782,2.371562747049158
2015-06-08,-0.006235841452110229,1.4232168028306078,2.349733531038208
2015-06-09,0.00022952588256811924,1.4237729938059314,2.3511349021242607
2015-06-10,0.011792779839130452,1.4523560151019148,2.391490692268645
2015-06-11,0.0016205856568068753,1.456330268085373,2.397387227582174
2015-06-12,-0.007281011719476718,1.4384456986165381,2.3736248824979858
2015-06-15,-0.004700796981941106,1.426983060435854,2.358030056912246
2015-06-16,0.006144749316762881,1.4418962629382621,2.3771367664237126
2015-06-17,0.0023667231617364244,1.4476755553823155,2.3838222858513647
2015-06-18,0.009905636229707394,1.4719213390422796,2.4173312985986106
2015-06-19,-0.005561506866720691,1.4581737315412022,2.399207476076772
2015-06-22,0.005772585191267613,1.47236374882146,2.4199251920346243
2015-06-23,-0.00012676181187451242,1.4720503475130466,2.422099814749972
2015-06-24,-0.00689384532599319,1.4550084147792237,2.396936098579731
2015-06-25,-0.0032002407504056105,1.4471517968076588,2.386835056695923
2015-06-26,0.0002753229380515309,1.4478255538302136,2.385513921282493
2015-06-29,-0.020015559682451223,1.398830955365296,2.3148711312836343
2015-06-30,0.002214337668668271,1.404142777110529,2.32368368266003
2015-07-01,0.0061146176397788195,1.418843190943996,2.3467368859905964
2015-07-02,0.0001812037481952647,1.4192814943964915,2.345706014922243
2015-07-06,-0.0033282684635663018,1.4112294760942024,2.33278571175726
2015-07-07,0.007035701712487347,1.4281941674483583,2.35305229871267
2015-07-08,-0.015530935603785469,1.3904820402002303,2.2972147602172464
2015-07-09,0.00138814433675438,1.3938003743064469,2.3046737279302545
2015-07-10,0.012048678353471547,1.4226425050588847,2.345448395483184
2015-07-13,0.01072442331063302,1.4486239488134682,2.3824692921561565
2015-07-14,0.0047969933334017206,1.4603699815719344,2.39753196644259
2015-07-15,-0.0015111044849078384,1.4566521054582484,2.3950348277882676
2015-07-16,0.00857609845626176,1.4777205957874409,2.422244946922509
2015-07-17,0.0010824000603660516,1.4804024807098912,2.426030576084243
2015-07-20,0.0002546816813928152,1.4810341937842093,2.428672846911103
2015-07-21,-0.004154051417686814,1.4707278501741907,2.4140609083149913
2015-07-22,-0.0021541771594791584,1.4654054646720565,2.405909121301371
2015-07-23,-0.005790467672362376,1.4511296140296075,2.386577043944743
2015-07-24,-0.009415790051781437,1.4280502921942007,2.350329398901066
2015-07-27,-0.004730462152312015,1.416564492183066,2.3309811957474893
2015-07-28,0.01192266614789244,1.4453763838482159,2.372239243896759
2015-07-29,0.007412088285448996,1.4635017294964507,2.3969199727827815
2015-07-30,0.0006753198631435987,1.4651653811472682,2.3970163342523527
2015-07-31,-0.001986962518501831,1.4602671899330204,2.3892999437563467
2015-08-03,-0.0019618995282077033,1.4554403928938258,2.379956027704886
2015-08-04,-0.002304225719402954,1.4497825039880592,2.3723521244754
2015-08-05,0.0031293001231293277,1.4574486086794294,2.3828559179708035
2015-08-06,-0.006480448165764395,1.4415232403508522,2.3566286858261907
2015-08-07,-0.0030989862468665083,1.4339569934076,2.3469787729448255
2015-08-10,0.011649288467174976,1.4623108605405033,2.38984743422836
2015-08-11,-0.00788310344586895,1.442900209310976,2.357450314846332
2015-08-12,0.0017879551999284054,1.44726800544312,2.360640076145206
2015-08-13,-0.0010386651244569398,1.4447261135156668,2.3563545472780634
2015-08-14,0.004063192606819153,1.4546595065858012,2.3694844858033783
2015-08-17,0.005037424867052973,1.4670246694244247,2.387044298744134
2015-08-18,-0.003411437864998198,1.4586085680532657,2.3781515116951155
2015-08-19,-0.008048723762498933,1.438819906848892,2.350265289025392
2015-08-20,-0.01987202862067369,1.390355607859322,2.279574121635687
2015-08-21,-0.031074670225515685,1.3160760956233815,2.175116518715739
2015-08-24,-0.03994601450769609,1.223558086306682,2.049973451431835
2015-08-25,-0.01427663137650526,1.1918131671642338,2.0087317257355743
2015-08-26,0.038029879536255334,1.2751675578774675,2.1261741350083
2015-08-27,0.02406819856581409,1.3299267424309607,2.2021331282865955
2015-08-28,0.0006191048185260395,1.331369211304012,2.204082383156783
2015-08-31,-0.008262347719800143,1.312106628216982,2.1771947799615154
2015-09-01,-0.029644500500149697,1.2435653821204045,2.083224648083962
2015-09-02,0.017615051836938168,1.2830859026260155,2.1396259995044087
2015-09-03,0.0014230790313429593,1.2863349143007974,2.1432830156026736
2015-09-04,-0.015805685433436523,1.2501978238498759,2.095097757727582
2015-09-08,0.02527334877358505,1.307067858261596,2.172732260640058
2015-09-09,-0.014164436120473729,1.2743895429576515,2.1286390220687252
2015-09-10,0.004890484439049671,1.2855124096258232,2.145151838144178
2015-09-11,0.004902454133641746,1.2967170293858827,2.159264270347001
2015-09-14,-0.0038606616730434825,1.2878501819767063,2.1463439671820184
2015-09-15,0.012647230137454769,1.3167851497481835,2.186715686467291
2015-09-16,0.009254880631826605,1.3382267197586915,2.214457366932658
2015-09-17,-0.0011599595454107959,1.335514471355773,2.206224950934294
2015-09-18,-0.015223255598432212,1.2999603376044866,2.1543989994139463
2015-09-21,0.004824989038200341,1.3110576210217237,2.168801302649725
2015-09-22,-0.012207721702625612,1.2828448727455584,2.1297666479187702
2015-09-23,-0.0019169394782039303,1.278468797286377,2.123354873727125
2015-09-24,-0.002905321804785059,1.2718491122080984,2.112851080231721
2015-09-25,0.0005867058742528495,1.2731820194276469,2.111401135098762
2015-09-28,-0.024921293825811965,1.216531382401938,2.0315436320800915
2015-09-29,0.0016954166566073123,1.220289326627555,2.03528108050704
2015-09-30,0.01823430160296361,1.2607747518551227,2.0931807544512915
2015-10-01,0.0014014672163142625,1.2639431535533188,2.0992863351569717
2015-10-02,0.014246361316706445,1.2961961057193232,2.1436535156203718
2015-10-05,0.01863790378292651,1.3389923878044505,2.201150437953027
2015-10-06,-0.003876087588541342,1.329926248440389,2.189663954124055
2015-10-07,0.008394470583598662,1.3494847457948764,2.2152949250936866
2015-10-08,0.008268253980939088,1.3689108823974507,2.243648795874922
2015-10-09,0.0009770459701043516,1.3712254172286338,2.2460008023567055
2015-10-12,0.0016095540254396881,1.375042032644159,2.25014100239525
2015-10-13,-0.006350252932759119,1.359959915010934,2.22795741216355
2015-10-14,-0.004944333563910483,1.3482914859936623,2.2127334799076297
2015-10-15,0.01412898286652829,1.3814704561648812,2.26045148298333
2015-10-16,0.004877516618958789,1.3930861178923846,2.2753532926123974
2015-10-19,0.0004735468240061264,1.3942193562230853,2.2762394248203335
2015-10-20,-0.0017049313303385892,1.3901373766309577,2.271583592591552
2015-10-21,-0.005256533951234434,1.3775735383625825,2.252525260470931
2015-10-22,0.016917707346857054,1.4177966316802322,2.306606857003491
2015-10-23,0.010290226608022802,1.4426763069123356,2.3430798698923287
2015-10-26,-0.00216754251748288,1.4373817021606552,2.336684221497632
2015-10-27,-0.002901845815154267,1.4303087962683065,2.328161934466313
2015-10-28,0.010779453731676563,1.4565061974913673,2.367567482527087
2015-10-29,-0.0013015305991580018,1.4533089795083107,2.3660528375502725
2015-10-30,-0.004067543136094956,1.4433300394079915,2.3498625374137934
2015-11-02,0.011316206660267506,1.4709792670731718,2.3896381921801457
2015-11-03,0.0026235035391994318,1.4774618899256269,2.3988853534499146
2015-11-04,-0.0026754400183314894,1.4708335892414284,2.3868350566959196
2015-11-05,-0.0013323634754630058,1.4675415408131758,2.3830006568312188
2015-11-06,-0.0010848946675192598,1.4648645181536653,2.381824653590327
2015-11-09,-0.009747754992275025,1.4408376227415514,2.348605905188158
2015-11-10,0.0017954728565959198,1.4452200804405417,2.3536642923724758
2015-11-11,-0.0027286025405261084,1.4385480467169063,2.3428383762502185
2015-11-12,-0.014098405014193845,1.40416840870772,2.2960708119141886
2015-11-13,-0.011163925049316622,1.3773284527869722,2.2591305442259597
2015-11-16,0.01528078771956617,1.413655904213695,2.307702231259639
2015-11-17,-0.0017355315036775617,1.4094669283528947,2.3032719635320786
2015-11-18,0.01590244924141495,1.447783353879895,2.3566609374200866
2015-11-19,-8.363846492988412e-05,1.4475786250376954,2.352891040743181
2015-11-20,0.0032874488924260216,1.455624914677701,2.3656662117356255
2015-11-23,-0.0008382527977336812,1.4535664802227881,2.3615100825561925
2015-11-24,0.0010922513820109006,1.4562463916016668,2.36561783434478
2015-11-25,-0.00011871732685594647,1.4559547925959562,2.3651832244514064
2015-11-27,0.0006864659004735307,1.4576407218141778,2.36718085671244
2015-11-30,-0.004503889237354787,1.4465717802179139,2.3515537795328028
2015-12-01,0.010646497527990646,1.4726192006280558,2.387350295574037
2015-12-02,-0.0115097141955229,1.4441600603144646,2.350104031055903
2015-12-03,-0.014143918293278237,1.4095900601256828,2.301951221430769
2015-12-04,0.02021832786206423,1.4583079419744749,2.369725979445487
2015-12-07,-0.007324970854549713,1.4403009079480036,2.3461732697216315
2015-12-08,-0.00612628795374048,1.4253509218921399,2.3244569342893224
2015-12-09,-0.00815895153895412,1.4055626012554643,2.298729011881938
2015-12-10,0.0015977136127181758,1.4094060013697356,2.3061557280010487
2015-12-11,-0.018821870675044677,1.364056473208278,2.2419410346468442
2015-12-14,0.00611923677044429,1.378522694506541,2.257358279810088
2015-12-15,0.011347145650810957,1.405512137954866,2.291946737672594
2015-12-16,0.014809564012212856,1.4411367239440636,2.3397292439360893
2015-12-17,-0.015139999785396607,1.404177914467427,2.2894979764091183
2015-12-18,-0.017581015115875412,1.3619100262119215,2.230954057211161
2015-12-21,0.007483448291915451,1.3795852577632353,2.2560857184435648
2015-12-22,0.008666741014230091,1.400208506913549,2.28479376678949
2015-12-23,0.0122051122665178,1.4295033212034802,2.3255845601393688
2015-12-24,-0.001911827264323077,1.4248585305152401,2.320268160203872
2015-12-28,-0.0012515941977970031,1.4218235916479687,2.3130347569920855
2015-12-29,0.010531247750893168,1.4473284159005715,2.3482515309674086
2015-12-30,-0.007052915014392485,1.4300676165709167,2.324086434271624
2015-12-31,-0.009753110187244972,1.4063668993440448,2.292800421630573
2016-01-04,-0.015232805907153053,1.3697111794249395,2.2424082894462356
2016-01-05,0.0026984119450007473,1.3761056363777011,2.2489327475604615
2016-01-06,-0.012380191621698325,1.3466889932859476,2.206321705715985
2016-01-07,-0.023108000324170853,1.2924617032683678,2.1303304608437923
2016-01-08,-0.010632609491681825,1.2680868532028793,2.096402767344062
2016-01-11,0.002047032413638157,1.2727297005083322,2.099044841514862
2016-01-12,0.007087019348174591,1.288836579869006,2.1232260640075955
2016-01-13,-0.02400019293080396,1.2339040603650684,2.0452533126713184
2016-01-14,0.01623409725287809,1.270169476134634,2.0960965738580986
2016-01-15,-0.02125762594197214,1.2219110625860812,2.0292236805361457
2016-01-19,0.0014364884854635432,1.2251028122432102,2.0308346869825313
2016-01-20,-0.012529287296123882,1.1972238598452019,1.995392545162047
2016-01-21,0.005598005406874695,1.2095239308927295,2.010954922497829
2016-01-22,0.020684714470442768,1.2552273025188558,2.0720282319440058
2016-01-25,-0.014210662706386995,1.2231790279965251,2.023987909585392
2016-01-26,0.014191103351630091,1.2547283913520002,2.066760209399355
2016-01-27,-0.010194290265598871,1.2317430356604708,2.033444509559433
2016-01-28,0.006123165096788901,1.245408366721429,2.0502151417300047
2016-01-29,0.023266235789216872,1.2976505672246499,2.125739131802806
2016-02-01,-0.0006083945156492713,1.296252689220672,2.1243536898576414
2016-02-02,-0.01823925802224139,1.2543707439377108,2.065793644862735
2016-02-03,0.004885543918475007,1.2653845712157437,2.0810982061033987
2016-02-04,0.000828650960627519,1.2672617843168723,2.085802219066966
2016-02-05,-0.01779057171704808,1.2269259009416604,2.028772748189762
2016-02-08,-0.012546811236199888,1.198985082025541,1.985903693594107
2016-02-09,-0.0008070877176264173,1.1972103081745944,1.9839221871300223
2016-02-10,-0.0003558650683897638,1.1964283977780092,1.9833583742049994
2016-02-11,-0.011575041008573882,1.1710046490013326,1.9466596001588798
2016-02-12,0.018421946548945495,1.2109987806027473,2.004172648288484
2016-02-16,0.01593986264895532,1.2462417974825626,2.0537915288435253
2016-02-17,0.01528912869359576,1.280584877401207,2.1041193544961283
2016-02-18,-0.003663475638849433,1.2722300102605195,2.089636422275606
2016-02-19,-0.00014684779062850838,1.271896338303713,2.089555989946923
2016-02-22,0.01366994331835263,1.3029530324734977,2.1342130414432785
2016-02-23,-0.011654926492713085,1.2761122841638484,2.095178386712324
2016-02-24,0.004157633339017734,1.2855755244798357,2.108920318897448
2016-02-25,0.011287298684694202,1.3113734980910658,2.1442012027484454
2016-02-26,-0.0036658188886376417,1.3029004214630673,2.138321186543986
2016-02-29,-0.00762417939136506,1.2853426955293825,2.1128349544347715
2016-03-01,0.022485784400433508,1.336730418662162,2.1871345638758357
2016-03-02,0.004503515197391544,1.3472539196148143,2.2001836767603473
2016-03-03,0.0034132095900701914,1.3552655892035737,2.211380289556364
2016-03-04,0.003230022725644136,1.362873150581629,2.2219967669743483
2016-03-07,0.0007424835660590117,1.364627545064618,2.2248482798494207
2016-03-08,-0.01010070776214822,1.3407431332655944,2.1886006348057436
2016-03-09,0.00499139057952596,1.3524266964900664,2.2047106992696004
2016-03-10,0.00047316396346255303,1.3535397800295326,2.2052100090068287
2016-03-11,0.015097989037446,1.3890734978276118,2.2577610314216865
2016-03-14,-0.0006480420698221836,1.3875252776931224,2.2536530829770394
2016-03-15,-0.001226489945815985,1.38459700194465,2.247676311990888
2016-03-16,0.00582321593177155,1.398483025197229,2.2658644410444606
2016-03-17,0.006953103239675477,1.4151599252900344,2.2874035893663947
2016-03-18,0.003246891449374009,1.4230016874003293,2.301886718242977
2016-03-21,0.0007430009476283807,1.424801979950173,2.3051409827296454
2016-03-22,-0.0011083433740264,1.4221144667423689,2.3022410924637273
2016-03-23,-0.006017380158681168,1.4075396832081388,2.2811528764881754
2016-03-24,0.00015562833669969872,1.4079143646045749,2.2799123700594888
2016-03-28,0.0005141358271572156,1.4091523596481443,2.28170076027231
2016-03-29,0.009544031903600262,1.43214538662926,2.310634373119457
2016-03-30,0.004264094741409395,1.4425162849827289,2.325036676355236
2016-03-31,-0.0017073470072415536,1.4383460621134248,2.318254402145892
2016-04-01,0.006088691629561093,1.4531923993717881,2.3392619891367
2016-04-04,-0.0028707802077518243,1.4461498231858645,2.328548560280963
2016-04-05,-0.008870101565996774,1.4244522258085608,2.2947821247507196
2016-04-06,0.009934089895339938,1.4485369521667,2.3294024408950023
2016-04-07,-0.011694296557169456,1.4199030349168749,2.289530228003018
2016-04-08,0.003893574094552145,1.429325106684955,2.2986967602880433
2016-04-11,-0.0024581891398674843,1.4233533660904945,2.289659037722547
2016-04-12,0.009716253299625291,1.4468992812299293,2.3214441634447662
2016-04-13,0.008759641823332973,1.468333242511274,2.354791918222525
2016-04-14,-0.00010237564692181737,1.4680805452987533,2.3553720536005573
2016-04-15,-9.951405840532304e-05,1.4678349365872192,2.3520694117230425
2016-04-18,0.0067228681811399085,1.4844258655587068,2.3739953825156843
2016-04-19,0.002317221496227725,1.4901828305801637,2.3844024212293964
2016-04-20,-0.0009367328462883661,1.487850194529496,2.386979795556341
2016-04-21,-0.006667830194967273,1.4712616318818568,2.369387731021688
2016-04-22,-0.0006212085615379849,1.4697264629983313,2.3695489889911747
2016-04-25,-0.0008142285857397488,1.4677155411132001,2.3634432116294337
2016-04-26,0.0013898194440150734,1.4711452201545376,2.3697421052424383
2016-04-27,0.0025314286597782187,1.4774007479873106,2.375299998820045
2016-04-28,-0.010010372490356866,1.452601043692069,2.344143385866704
2016-04-29,-0.00329821102300582,1.444511847894728,2.327211692382706
2016-05-02,0.00839609581860809,1.4650362035993747,2.353197037573089
2016-05-03,-0.007781229454810295,1.4458551912847533,2.324102560068576
2016-05-04,-0.004619231075179061,1.4345572209797828,2.3043677311003514
2016-05-05,0.0005454391694656007,1.4358851238484105,2.3035779603619866
2016-05-06,0.004073833852402595,1.445808515126508,2.314065628060442
2016-05-09,0.0010002604832391436,1.4482549607337587,2.3165627667147644
2016-05-10,0.012202674351571217,1.4781302187492118,2.3579655537244517
2016-05-11,-0.009131656527879084,1.4555007847602361,2.3258583053753794
2016-05-12,0.0007653802126167924,1.4573801764729568,2.325294689106417
2016-05-13,-0.008652358997116557,1.436118040993715,2.297101879638608
2016-05-16,0.009999230262021689,1.4604773462310767,2.3294024408950036
2016-05-17,-0.01053158670652269,1.4345646157198093,2.2980684441752266
2016-05-18,-0.0013820937027829844,1.4311998192954047,2.29874513767889
2016-05-19,-0.0025460185036188126,1.4250099395694842,2.2865176538145198
2016-05-20,0.005297146892504014,1.437855573435166,2.3063008601735904
2016-05-23,-0.0020654480182600997,1.4328203094722096,2.299405705385605
2016-05-24,0.013275393875604391,1.4651169573090228,2.3445461374783005
2016-05-25,0.006341693221930098,1.480749972808454,2.3678734793569953
2016-05-26,0.00011651900379802379,1.4810390273239573,2.3671647309154946
2016-05-27,0.004043303053193772,1.4910706199982289,2.38159928574517
2016-05-31,-0.0006831144204257059,1.4893689337354092,2.3781998890859635
2016-06-01,0.0008011320969839701,1.4913632470894598,2.382034288950664
2016-06-02,0.002391117822612583,1.4973203901521774,2.3915874470503367
2016-06-03,-0.0016536651335329437,1.4931906584957217,2.38171177301169
2016-06-06,0.004502253572177305,1.5044156350440532,2.398272966477989
2016-06-07,0.0017791455185252637,1.5088713548976664,2.402654856814704
2016-06-08,0.0032430874245367317,1.5170078440385155,2.413916169454575
2016-06-09,-0.0009423259412079158,1.5146360022528542,2.4080518857349436
2016-06-10,-0.00836953040075504,1.493589679785166,2.3767823922029616
2016-06-13,-0.0075028021198554,1.4748807698496242,2.3493791568174567
2016-06-14,-0.0014038293847701865,1.4714064595011065,2.343354008440459
2016-06-15,-0.0018247338072821786,1.4668968005829193,2.337199853687872
2016-06-16,0.0033654385745979765,1.4751989902351537,2.34765526979243
2016-06-17,-0.0032480679533321948,1.4671593757168506,2.3367487246854295
2016-06-20,0.00551046850210837,1.4807545797464194,2.3561291794329033
2016-06-21,0.0028595668417945993,1.4878484632852924,2.365231208530134
2016-06-22,-0.0018010397695562446,1.4833677492622863,2.3596733149525275
2016-06-23,0.012748924331725729,1.5150280167854793,2.4045722534031135
2016-06-24,-0.03329745059417659,1.4312839956535948,2.282280698994282
2016-06-27,-0.01531578009253001,1.3940469846336767,2.2228828991822853
2016-06-28,0.01644490060234865,1.4334168493333297,2.2801540603576593
2016-06-29,0.016110973072557953,1.4726215626672476,2.33602385044698
2016-06-30,0.013902484461094782,1.5069971455203972,2.3812771631183165
2016-07-01,0.0021145611077719524,1.5122983441816098,2.3878659277642766
2016-07-05,-0.005025797189363156,1.4996720422245802,2.3646675922611715
2016-07-06,0.004828339703789004,1.5117413079925042,2.382678534204369
2016-07-07,-0.0015865898634236635,1.5077562046937008,2.3797302665476048
2016-07-08,0.01448168547330817,1.5440727412938116,2.431282472831946
2016-07-11,0.0035107657773341713,1.5530043848089945,2.4429783953651905
2016-07-12,0.006112697903254809,1.568610129359017,2.4671112404670783
2016-07-13,0.0005216075034646448,1.5699499356759659,2.4675784952664697
2016-07-14,0.004114191140482275,1.5805232009328067,2.4858151983669488
2016-07-15,-0.0008392363674314074,1.5783575320155832,2.482577059677229
2016-07-18,0.00179868110146325,1.5829951749812348,2.490873585551267
2016-07-19,-0.0013802729136769935,1.5794299367050497,2.4858635757577954
2016-07-20,0.003901898169702719,1.5894946096539555,2.500749259589914
2016-07-21,-0.0035983503954163474,1.5801767007013785,2.4881027016609383
2016-07-22,0.004921040660998018,1.5928738551580897,2.5039873982796337
2016-07-25,-0.0031507005316035886,1.584704486124262,2.4934352273933835
2016-07-26,-0.000452096323481553,1.5835359507287992,2.4945628532434294
2016-07-27,-0.002064654800170874,1.5782018408267127,2.490374472470099
2016-07-28,0.0016071053591318306,1.5823452828220286,2.495980743438552
2016-07-29,0.0026075071976979242,1.5890787667339281,2.5016837691886966
2016-08-01,-0.0010584995384872503,1.5863382280542333,2.4972373756641875
2016-08-02,-0.006247052686992191,1.5701812368771964,2.474989282244693
2016-08-03,0.0017239058670833946,1.574611987390917,2.4858797015547442
2016-08-04,0.000523377646161723,1.5759594817526574,2.4866207015901423
2016-08-05,0.0069354684019002095,1.5938249673429286,2.516617830411661
2016-08-08,-0.0010221994006163492,1.591173561016007,2.513427675800666
2016-08-09,0.0006411628131543775,1.5928349251457594,2.514797188604942
2016-08-10,-0.0026198089370335284,1.5860421930366098,2.5047283983150317
2016-08-11,0.004243284068281879,1.5970155046742267,2.521321843375228
2016-08-12,-0.0005135641729978005,1.5956817705543065,2.5185187078910016
2016-08-15,0.0019343267982387914,1.6007026673627895,2.528345611226682
2016-08-16,-0.005890732244494415,1.585382624301813,2.509013533870054
2016-08-17,0.0021615185764025805,1.5909709768713496,2.5155704402342374
2016-08-18,0.002684115576713799,1.5979254424291836,2.5233033498393125
2016-08-19,-0.0021592727731746487,1.5923158127546087,2.518228836858046
2016-08-22,-0.00045029490740896433,1.5911485061457293,2.5162469370818408
2016-08-23,0.0015812999187062842,1.5952458890678538,2.5231098402759287
2016-08-24,-0.005034247894966929,1.5821807779138921,2.504647769330288
2016-08-25,-0.0008958479552902168,1.5798675365438082,2.4998631273819774
2016-08-26,-0.002078806236411812,1.5745044918197246,2.494337485398268
2016-08-29,0.005149945219541734,1.5877630489200607,2.5126060467805242
2016-08-30,-0.0026076284575006995,1.5810151243524277,2.505743536898557
2016-08-31,-0.002050891658608848,1.5757217419631502,2.497414366118501
2016-09-01,0.00014705506301151326,1.5761005148862148,2.4972696272580834
2016-09-02,0.004186306469638139,1.5868848611381212,2.5119618015268177
2016-09-06,0.0035723248755951927,1.5961260542778657,2.5224333434283244
2016-09-07,-0.0006312595286639079,1.59448722496849,2.5219177112380873
2016-09-08,-0.0025644486209306454,1.5878337957823976,2.5140884401634405
2016-09-09,-0.02514526139665472,1.522762038536352,2.4279157210787568
2016-09-12,0.014808978596550221,1.5601215675692264,2.4782274209344113
2016-09-13,-0.0148872972416462,1.5220082768180743,2.426642963056173
2016-09-14,-0.0007915764284970504,1.5200119145136708,2.4246292049981912
2016-09-15,0.010207711617837617,1.5457354694105412,2.4592497177985337
2016-09-16,-0.0032011845947582922,1.5375861002435345,2.446200408257962
2016-09-19,0.00016954242997344775,1.5380163287572368,2.4461362983822874
2016-09-20,0.0007399020564415083,1.5398942122581665,2.4471671694506414
2016-09-21,0.011204140348420866,1.5683515434824487,2.4848004530955436
2016-09-22,0.006817357056250049,1.5858609130003392,2.5074509048145144
2016-09-23,-0.005156465892116555,1.5725270094006953,2.4873294500316425
2016-09-26,-0.00811658124742336,1.5516468849177039,2.4573810919130907
2016-09-27,0.006127192281966484,1.5672813160172758,2.4796610436143625
2016-09-28,0.005506392823632768,1.58141777543204,2.498091256278226
2016-09-29,-0.008829772449017378,1.5586244438791264,2.4654841082237446
2016-09-30,0.007574141761208205,1.5780038281307598,2.4930969789695827
2016-10-03,-0.00405459968362446,1.5675510546248383,2.481707053266242
2016-10-04,-0.006303842108787839,1.5513656181702316,2.464453237155391
2016-10-05,0.0034007256250459996,1.560042112606804,2.4793389209875096
2016-10-06,0.0003264336714903174,1.5608777965527922,2.48101443062169
2016-10-07,-0.0034311161056945995,1.5520911275003244,2.4696890081061444
2016-10-10,0.004269327219862889,1.562986839618532,2.485670066194412
2016-10-11,-0.012526812995986108,1.5308807827674573,2.4422857727206404
2016-10-12,0.0015814163944129031,1.5348831591296306,2.446232659851861
2016-10-13,-0.0022499385052148608,1.5291798279036843,2.435551875902142
2016-10-14,-2.9223409607481872e-05,1.5291059166456025,2.4362444985466944
2016-10-17,-0.002665521248925863,1.5223645310839995,2.425805208239085
2016-10-18,0.006214270280342157,1.5380391860257037,2.446909550011585
2016-10-19,0.001695447814019487,1.5423422990155466,2.454465075850225
2016-10-20,-0.0018411101211016322,1.5376615668775244,2.4497126854958116
2016-10-21,-0.0006727146691118804,1.5359544447162445,2.449422421150735
2016-10-24,0.005261412192514694,1.5492971463513365,2.465806624162719
2016-10-25,-0.0032261546601457317,1.541072719482539,2.4526444340435063
2016-10-26,-0.0019585347868868227,1.5360959401654237,2.4466354114634576
2016-10-27,-0.0038355223376911837,1.5263686875363915,2.4363412533283864
2016-10-28,-0.0031066621179670906,1.5185201136388042,2.4256600760665465
2016-10-31,0.0005668844553258891,1.519947823541652,2.4252411986580014
2016-11-01,-0.007088865879762798,1.5020842513965649,2.40199448576405
2016-11-02,-0.006487521268111883,1.485851926601022,2.3797947697354016
2016-11-03,-0.0030570306094467523,1.4782526011708503,2.3648445827154885
2016-11-04,-0.001938459968267142,1.4734486077122266,2.359238311747036
2016-11-07,0.022459606797283323,1.529001290874731,2.4338924920649103
2016-11-08,0.0037252979072507457,1.5384225740910615,2.446845046823791
2016-11-09,0.006948849773456782,1.556061691219972,2.4850258209407063
2016-11-10,-0.0015209495527194938,1.5521740503339876,2.4918242209469996
2016-11-11,-0.001305264491674821,1.5488427881695128,2.4869428242169964
2016-11-14,-0.0009111572791253182,1.546520391509726,2.4865400726054
2016-11-15,0.008380054287489076,1.5678603706347753,2.512622172577475
2016-11-16,-0.0011720510656770251,1.564850707150863,2.5070642789998687
2016-11-17,0.003480546683730979,1.5737777897739016,2.5234646078088017
2016-11-18,-0.0016664077788875243,1.5694888264438944,2.5150548080440025
2016-11-21,0.007194906157093007,1.5879760574218573,2.541282040188616
2016-11-22,0.0027227276388898988,1.5950224113621854,2.548950446605896
2016-11-23,0.00017658448849275984,1.5954806520673226,2.5518180852779166
2016-11-25,0.004421968471294486,1.606957785678619,2.5657212754325274
2016-11-28,-0.004337723991411031,1.595649522347085,2.5469850659387596
2016-11-29,0.0012043480072528407,1.5987755876768501,2.5517213304962243
2016-11-30,-0.00423904130804954,1.5877592706103374,2.5422971787721407
2016-12-01,-0.00508256345650329,1.5746068199073058,2.5298441304065493
2016-12-02,0.001201886666162691,1.5777012055147641,2.531245501492602
2016-12-05,0.005913668883584676,1.5929448769249954,2.5518019594809673
2016-12-06,0.0034544425002914444,1.601902055908758,2.5639167594227574
2016-12-07,0.013413192774412353,1.6368018697648021,2.610829455931325
2016-12-08,0.001983234701374236,1.642031266733568,2.6186264754120745
2016-12-09,0.006305304592408056,1.6586900786129886,2.6401174429992222
2016-12-12,0.0002944231223318064,1.6594728584472467,2.635977046304617
2016-12-13,0.00650782116659764,1.6767802322074417,2.6597555171857543
2016-12-14,-0.008515111124683837,1.6539871510738382,2.630048652709312
2016-12-15,0.003803806052836035,1.664082403463242,2.644144959115186
2016-12-16,-0.001043308116537666,1.6613029446685839,2.6377654365174386
2016-12-19,0.002451213922034137,1.6678263674973057,2.6449504623383797
2016-12-20,0.0035586282188070422,1.6773201696915594,2.6582090139271637
2016-12-21,-0.0024985959093780812,1.6706306284674728,2.649219472096453
2016-12-22,-0.0013886738647791946,1.6669219935112412,2.64242107209016
2016-12-23,0.001142170308177161,1.669968072626454,2.6469803461933106
2016-12-27,0.0022970234744056003,1.6761010519651904,2.6551801172856564
2016-12-28,-0.008328863967766418,1.6538121703393758,2.6246354979921236
2016-12-29,0.00039969603265451516,1.6548728885352704,2.6235723753298728
2016-12-30,-0.004764153039330674,1.6422246677943186,2.606769688221464
2017-01-03,0.007999051296634318,1.663359958449238,2.6373788107027916
2017-01-04,0.005613284344516766,1.678310155207814,2.6581928881302157
2017-01-05,-0.0002474030705024999,1.6776475330516574,2.655373626849041
2017-01-06,0.003306614651960619,1.6865014816172326,2.668229426826229
2017-01-09,-0.003789758351279498,1.676320290191549,2.6552123688795546
2017-01-10,-0.0004942661627871058,1.6749974756313266,2.6552123688795546
2017-01-11,0.0027899489052008565,1.6824605819098792,2.6655552977175923
2017-01-12,-0.001999579061634287,1.6770967898966331,2.6576933817369275
2017-01-13,0.0014416049177572278,1.6809561057942601,2.6644595301493226
2017-01-17,-0.001901465204758542,1.6758583610436073,2.653585236636219
2017-01-18,0.0014450450267026993,1.6797250968603943,2.6600292624217614
2017-01-19,-0.003640713841552944,1.669968984608698,2.646819088223823
2017-01-20,0.0036342243354676213,1.6796722508675068,2.6590951461351002
2017-01-23,-0.0022137097424986783,1.673740234299058,2.649251723690351
2017-01-24,0.0062090296015549756,1.6903415665606891,2.6732075783379234
2017-01-25,0.00720352316504332,1.709721504357288,2.7026890749692045
2017-01-26,-0.0008626770487768204,1.707383889806902,2.699966175157601
2017-01-27,-0.0008834902626872672,1.7049919425029012,2.6967602880617783
2017-01-30,-0.005901142143636101,1.6890294005528013,2.674544446236181
2017-01-31,-0.0009214282125120841,1.6865516529988573,2.671274449264684
2017-02-01,-0.0011864714973705323,1.6833641360363605,2.672369823520832
2017-02-02,0.00155514927591472,1.6875371678295328,2.6744642105635577
2017-02-03,0.006494460787595023,1.7049912725812058,2.701158304195441
2017-02-06,-0.0023194716344981693,1.6987171220528885,2.693329033120794
2017-02-07,0.0008504247728726622,1.7010121779484577,2.694166787937884
2017-02-08,0.0008645981986453181,1.7033474682120309,2.69672803646788
2017-02-09,0.005011195602387287,1.71689447115646,2.7179936362098673
2017-02-10,0.0032350408253615077,1.72568373568885,2.7312521877986513
2017-02-13,0.005209096073479014,1.7398820841339724,2.7508257587973883
2017-02-14,0.003078835228547395,1.7483177296166699,2.765856574802045
2017-02-15,0.004689428388247589,1.7612057687978582,2.7846568941714867
2017-02-16,-0.0007206766719607732,1.759215832213802,2.7813865038878696
2017-02-17,0.0021503279225246557,1.765149051062083,2.7877337748917195
2017-02-21,0.00654418123237706,1.7832446875867687,2.810642239361869
2017-02-22,-0.0017129528398644612,1.778477120695129,2.8065183617763334
2017-02-23,0.001199242196998915,1.7818091877016626,2.8081132424257707
2017-02-24,0.0020269131978406275,1.787447673458089,2.8138001423789665
2017-02-27,0.0005944528863254711,1.7891046797730574,2.8176825263223924
2017-02-28,-0.002245223416087386,1.7828425166361122,2.807839103877643
2017-03-01,0.012236130200886396,1.8168937399982341,2.859906942352221
2017-03-02,-0.005217903469685434,1.8021954603785622,2.837288348915027
2017-03-03,0.00016373339414832232,1.8026542733523567,2.8392218713003863
2017-03-06,-0.0032733510960983978,1.793480201914694,2.8266398165592053
2017-03-07,-0.0025574504281943703,1.786336014776155,2.815491384497974
2017-03-08,-0.0028314986830504036,1.7784465080197802,2.806775981215391
2017-03-09,0.0005033437616313284,1.7798450217366182,2.809821003653848
2017-03-10,0.0035369019311717372,1.7896770609623567,2.822274052019439
2017-03-13,0.00016550598060771445,1.7901387691999098,2.8236754231054917
2017-03-14,-0.00325991749131468,1.7810431470229995,2.810755119940509
2017-03-15,0.008968123501474398,1.805983885428431,2.8426692520383177
2017-03-16,-0.0017743569595528065,1.8010050683929277,2.8364183425040386
2017-03-17,-0.0011917927713899956,1.7976668507997902,2.8313760811166695
2017-03-20,-0.0016544044984276613,1.7930383781767252,2.8236754231054917
2017-03-21,-0.010882335591315637,1.7626435972259822,2.776231361921859
2017-03-22,0.0021536972234932616,1.7685934950708293,2.7833680103519534
2017-03-23,-0.0015365743470493638,1.7643393453288958,2.779356620032938
2017-03-24,-0.0007527152846269956,1.7622585848517711,2.7761668587340638
2017-03-27,-0.0013174082140820589,1.7586195627026684,2.772316726384535
2017-03-28,0.006601659912410556,1.7768310308833541,2.799671584379194
2017-03-29,0.0013438704498702084,1.7805627320500412,2.803795461964729
2017-03-30,0.002863438820378746,1.7885247033194918,2.8149600198229088
2017-03-31,-0.0017108684937051258,1.783753904260664,2.806357103806846
2017-04-03,-0.0011986682163306148,1.7804171069335406,2.8001065875846876
2017-04-04,0.0006985728828644513,1.7823594309274964,2.80223283290919
2017-04-05,-0.0026681186378851663,1.7749357658725433,2.790617539360689
2017-04-06,0.00135894893344899,1.7787067618719652,2.797931571557219
2017-04-07,-0.0007464378910617192,1.7766326298567545,2.794790187649191
2017-04-10,0.0006981911625107427,1.7785712502204598,2.7973998135700335
2017-04-11,-0.0010342643440072222,1.7756974730490733,2.791954800571068
2017-04-12,-0.003130381259390908,1.7670084816977019,2.777697236195707
2017-04-13,-0.0066935120744864435,1.748487477015252,2.7519533846474338
2017-04-17,0.00866400243358785,1.7723003792047978,2.784270268356839
2017-04-18,-0.002155713639957875,1.7663240934632856,2.7732830942650954
2017-04-19,-0.0023173290356369235,1.7599136103195208,2.7668068168856554
2017-04-20,0.00664427550504123,1.778251236716597,2.795273568245532
2017-04-21,-0.002652492088858491,1.770881947290345,2.783754636166602
2017-04-24,0.009875627923811657,1.7982461464225912,2.8247707973616416
2017-04-25,0.005703268615816021,1.8142052958488115,2.8480662809585597
2017-04-26,-0.001366081251761423,1.810360862755545,2.8461972617609947
2017-04-27,0.0007475711779761325,1.8124618075362529,2.8483239003976175
2017-04-28,-0.0016748043192194111,1.8077514843533513,2.8409614908102414
2017-05-01,0.0015057926719772776,1.8119793759632237,2.847615151956117
2017-05-02,0.000593230458511861,1.8136475277777522,2.852190158544095
2017-05-03,-0.0010065054565309816,1.810815576188289,2.8472926360171433
2017-05-04,0.0007947579946347529,1.8130494943389084,2.849532155232407
2017-05-05,0.003924582767533629,1.8240895399086101,2.865271719678564
2017-05-08,-5.8236045051444376e-05,1.8239250761029346,2.8654164585389816
2017-05-09,-0.0009262941474890537,1.821309290831993,2.8614534456108123
2017-05-10,0.0014444255773651223,1.8253844621333286,2.865819210150578
2017-05-11,-0.002133635436996295,1.8193561217217824,2.8574581810887456
2017-05-12,-0.001031161599807841,1.8164489099528796,2.851755155338601
2017-05-15,0.005154243947586819,1.8309655747006919,2.8701531164085674
2017-05-16,-0.0006344346007308712,1.8291695121866236,2.8674947197847587
2017-05-17,-0.01674210639270856,1.7818032552105878,2.797190571521822
2017-05-18,0.0040587921443921305,1.7930940164100813,2.811190123146004
2017-05-19,0.006607806904654258,1.8115502423370642,2.8369823520851236
2017-05-22,0.005534442001824982,1.827110604088496,2.856781684241143
2017-05-23,0.0022267999875186816,1.8334060139463944,2.8638699552803915
2017-05-24,0.0028383893456841646,1.8414483233883776,2.8734876165678593
2017-05-25,0.0047481135064590205,1.8549398425505634,2.8906934485999853
2017-05-26,0.0003987116434845317,1.8560781403072362,2.8919017034347743
2017-05-30,-0.00096525426726464,1.8533212986946634,2.8872134229560347
2017-05-31,-0.00026173721462206643,1.8525744783255211,2.8854254260553343
2017-06-01,0.007084838372893281,1.8727845074510974,2.9148424194988207
2017-06-02,0.0039639349752857815,1.8841720384366418,2.92935760331324
2017-06-05,-0.001071238586239564,1.881082402059715,2.924572961364929
2017-06-06,-0.00258237005459729,1.8736423811398089,2.9136664162579287
2017-06-07,0.0018229027568911348,1.8788807517587083,2.9198040519014463
2017-06-08,-0.0007134071711848737,1.8768269375854176,2.9208514420788694
2017-06-09,-0.0016181014396068193,1.8721719397762109,2.9175971775922007
2017-06-12,-0.000976733694332097,1.8693665926667165,2.9137627777275
2017-06-13,0.004290612272526731,1.8816779321835906,2.931419738762068
2017-06-14,-0.0007146850043747575,1.8796184401780214,2.9275047099126237
2017-06-15,-0.0019486014592562358,1.8740072114833892,2.9187086776452973
2017-06-16,0.0002258623685453864,1.8746563415593913,2.9198201776983947
2017-06-19,0.007601153765176921,1.8965070464336256,2.952539813019396
2017-06-20,-0.006109695879692269,1.8788102692665305,2.926071087232674
2017-06-21,-0.0006447156646345742,1.8769542551904235,2.9237835839386848
2017-06-22,-0.00046196649167629995,1.87562519872644,2.9219951937258637
2017-06-23,0.0016173526006897252,1.8802760986202092,2.9281170968845536
2017-06-26,0.000300795982440459,1.881142474098993,2.92935760331324
2017-06-27,-0.00835039974125252,1.8570837827287652,2.8976365874666943
2017-06-28,0.00782299907114618,1.8794347465072394,2.9319672292340817
2017-06-29,-0.009285691335034048,1.8526972042318008,2.898152219656932
2017-06-30,0.0014256537637083798,1.856764162737734,2.904128990643083
2017-07-03,0.001703140059095597,1.8616296322226815,2.913150784067691
2017-07-05,0.0012926491851054911,1.8653287154348481,2.918837684020887
2017-07-06,-0.00910978127595075,1.8392261975535358,2.882122784177819
2017-07-07,0.006171248214680881,1.8567477671562633,2.906980503518156
2017-07-10,0.0005777171482331655,1.8583981593295262,2.9106052680225236
2017-07-11,-0.0008623503898909916,1.8559332185623645,2.907544513099239
2017-07-12,0.007232369251302766,1.876588382156069,2.936091500131738
2017-07-13,0.001903521477273764,1.882064029922779,2.9434700355160626
2017-07-14,0.005189666230926759,1.8970209802942382,2.9618998548678053
2017-07-17,-5.315223961010169e-05,1.896866997140938,2.9616902195074726
2017-07-18,0.0010353428519332107,1.8998662476794288,2.964058745098326
2017-07-19,0.005105066530070236,1.9146702578021375,2.9853562031220893
2017-07-20,0.00018205075427447101,1.9152008757210317,2.9847438161501603
2017-07-21,-0.0001950399424291821,1.9146322951100614,2.9832779418763127
2017-07-24,-0.0013736768585260945,1.910628532175156,2.9790407904000156
2017-07-25,0.0028570181151779585,1.918944250618134,2.9906722097454654
2017-07-26,0.0013948845693790542,1.923015840912199,2.991800228907632
2017-07-27,-0.0010355195031338102,1.9199890010009653,2.9879174516520854
2017-07-28,-0.0019835942620974704,1.914196927573192,2.982569193434812
2017-07-31,-0.0006587218415117382,1.9122772824065333,2.9796693031688934
2017-08-01,0.002319010987643773,1.9190308854234996,2.989415970831951
2017-08-02,0.0004497561322425617,1.920343737464424,2.991381351499087
2017-08-03,-0.0019266882647263758,1.9147171454564842,2.9826655549043832
2017-08-04,0.0018630950602106589,1.9201475405720956,2.9901892224612467
2017-08-07,0.0019293016770120207,1.9257813861192443,2.9967618613102585
2017-08-08,-0.0022847356570895464,1.919096749061529,2.9871119484288933
2017-08-09,-0.0006467953939345192,1.9172086907297867,2.985662199951994
2017-08-10,-0.01372313937733869,1.8771754292741183,2.927971964712015
2017-08-11,0.0011698398812743022,1.8805412638367054,2.9329823678176075
2017-08-14,0.010033366847256838,1.9094427910554397,2.9724842773479527
2017-08-15,-0.0001300306773172107,1.9090644742387033,2.970502770883868
2017-08-16,0.0014614903021357532,1.9133160437560908,2.976141293446218
2017-08-17,-0.015070170266391097,1.8694118749368775,2.914761790514077
2017-08-18,-0.0018882188904025266,1.8639937972302763,2.907576764693136
2017-08-21,0.0015078511569249968,1.8683122735908562,2.912119912999337
2017-08-22,0.009328969146418538,1.8950706702934785,2.9510094355577534
2017-08-23,-0.0032071075095218273,1.885785867406184,2.9373642581543216
2017-08-24,-0.002182609218969419,1.8794873245680117,2.9291963453437524
2017-08-25,0.0017492240663245107,1.8845241930948227,2.9357693775048843
2017-08-28,0.000183240773646815,1.8850527555395682,2.937686380781174
2017-08-29,0.0008385610147975824,1.8874720483059981,2.9410051484556377
2017-08-30,0.004289837873539975,1.899858835257609,2.959193474165271
2017-08-31,0.005286736011724703,1.9151896233908836,2.9818439258842417
2017-09-01,0.001816514869073612,1.9204851086879424,2.989738093458804
2017-09-05,-0.006103618098430746,1.9026595829223574,2.959612351573816
2017-09-06,0.0031563869010529716,1.9118214996081093,2.9720008967516134
2017-09-07,0.000948069428864991,1.9145821085541996,2.9712921483101127
2017-09-08,-0.001624947091321614,1.9098460668344863,2.9653794871996353
2017-09-11,0.010538478780627095,1.940511417864713,3.0083614223739312
2017-09-12,0.0027096400476158845,1.9484791453630308,3.021845341807876
2017-09-13,0.0006645912571470833,1.9504386788249195,3.0248903642463327
2017-09-14,-0.00029233914102488065,1.949576150115905,3.0204600965187725
2017-09-15,0.0014185931081935636,1.9537603985145515,3.0278866159818234
2017-09-18,0.0013602483037500875,1.9577782460863151,3.033750899701454
2017-09-19,0.0006638544863914997,1.9597417804447308,3.03822915150774
2017-09-20,0.0003111719470129437,1.9606627690572074,3.0407907933498564
2017-09-21,-0.003433930745766719,1.9504960581466952,3.0284828771568035
2017-09-22,0.0003846324672427204,1.95163091472513,3.0310925030776454
2017-09-25,-0.0018086167366057194,1.9462925456524753,3.0221352128408325
2017-09-26,0.00013520653698351442,1.9466909036645133,3.0224254771859087
2017-09-27,0.0030237566934278853,1.9556009800079321,3.0388576642766187
2017-09-28,0.0017986033923675085,1.9609169339570593,3.043722935209673
2017-09-29,0.003251456216745362,1.970544225729241,3.058705373823484
2017-10-02,0.0034070627721697767,1.980665056373807,3.074428812472693
2017-10-03,0.002020276464424723,1.9866868238355324,3.083224844740019
2017-10-04,0.002007031005207804,1.992681196893816,3.088315483518234
2017-10-05,0.005781257298368016,2.009982656905047,3.111401331754819
2017-10-06,-0.0010303960322457556,2.0068811827182436,3.106987189824207
2017-10-09,-0.0009583038815553635,2.0039996768094688,3.099576402845985
2017-10-10,0.003260293249573481,2.013793596677492,3.1090973093517604
2017-10-11,0.002453430637708339,2.02118773022331,3.1165080963299827
2017-10-12,-0.0012952181536883098,2.0172746330294244,3.1095645641511522
2017-10-13,0.0001971475171327244,2.0178694812318336,3.1131732028585715
2017-10-16,0.0011731183587169799,2.0214097993244784,3.1203743544764606
2017-10-17,0.0007435628300174305,2.0236564073455066,3.12314563167891
2017-10-18,0.0007026458427795989,2.025780966950122,3.1262063866021945
2017-10-19,0.0001980606985288891,2.026380255242031,3.127559773609522
2017-10-20,0.00508578828849824,2.0417717845006833,3.14867984786685
2017-10-23,-0.003355833876609998,2.0315641037013394,3.1321992833852947
2017-10-24,0.0016418794619455462,2.036541566540778,3.138884802812947
2017-10-25,-0.004894268888023514,2.0216799156244676,3.1195849770502164
2017-10-26,0.0018149893069795342,2.0271642323604406,3.12482074800097
2017-10-27,0.009391926802524058,2.0555951372499885,3.158120518700004
2017-10-30,-0.003792580917513862,2.044006545440806,3.144845841314271
2017-10-31,0.0012840825745308632,2.0479153012025644,3.148760476851594
2017-11-01,0.0010857416411142614,2.0512245497636696,3.1553657606066228
2017-11-02,0.0013708292122111554,2.0554072575095015,3.156155138032867
2017-11-03,0.0036273415536164947,2.0664902632178874,3.169027063807003
2017-11-06,0.000751925530235838,2.06879603553502,3.174326944633431
2017-11-07,0.0003425813766210399,2.0698473479054433,3.1735375672071866
2017-11-08,0.0023209023516427467,2.0769721638343817,3.1795627155841837
2017-11-09,-0.003554297668419204,2.066035688846674,3.1638396702470954
2017-11-10,-0.0008844235518905267,2.063324014672521,3.160102025164087
2017-11-13,0.0017214154039306862,2.068597267818609,3.1641940444678456
2017-11-14,-0.0012045117287657293,2.064901106418663,3.1545763831803777
2017-11-15,-0.006327652352534257,2.045507477722348,3.131619541319382
2017-11-16,0.008184065657873349,2.070432110881572,3.1654825349752578
2017-11-17,-0.0033613832346558138,2.0601112118609057,3.154544131586481
2017-11-20,0.0014158674250545756,2.064443923642824,3.1598440124129086
2017-11-21,0.006350563983067125,2.083904870852439,3.18705413154715
2017-11-22,-0.0007552224193987836,2.0815758367546784,3.1839127476391225
2017-11-24,0.002555008844339818,2.0894492902720905,3.1925152703430646
2017-11-27,2.926028177922021e-05,2.0895396884288666,3.1909042638966794
2017-11-28,0.008915894074978831,2.117085697031341,3.232178437842898
2017-11-29,-0.0007245638517167011,2.114827169412569,3.230615808787358
2017-11-30,0.008132916293140276,2.1401597980490004,3.265268573181599
2017-12-01,-0.001964946913514237,2.1339895507458824,3.2566334055716393
2017-12-04,-0.0021087339172465437,2.127380800683928,3.252154760453233
2017-12-05,-0.0037637373898865103,2.115610160631981,3.236254331349709
2017-12-06,1.5336813537707812e-05,2.11565794416407,3.235770950753369
2017-12-07,0.002459418541745898,2.123320651081685,3.2481917475250635
2017-12-08,0.005546696299165714,2.1406447621781477,3.2715835925915524
2017-12-11,0.00305450776269399,2.150237885984085,3.285261021588882
2017-12-12,0.0011965575202447078,2.1540073268171187,3.2918985569378085
2017-12-13,5.346151273024065e-05,2.154175944819973,3.2898686730828777
2017-12-14,-0.004035925595110774,2.1414459253927913,3.2724052216116934
2017-12-15,0.008866243231239097,2.169298749065109,3.3107472536980964
2017-12-18,0.0049812806269959415,2.1850859155249895,3.3338649602164585
2017-12-19,-0.003186405667586209,2.1749369397120115,3.3198654085922765
2017-12-20,-0.0011361800516863797,2.1713296396957484,3.316289021478755
2017-12-21,0.00044831490686882104,2.172751394047819,3.324859685900921
2017-12-22,-0.0003563467286017935,2.1716207944678834,3.3228781794368363
2017-12-26,-0.0005566367099360372,2.169855353903686,3.3183027795367375
2017-12-27,0.0010220740770956664,2.173095180889054,3.3217183019928926
2017-12-28,0.0017902261844284797,2.1787757389675653,3.3296443278492314
2017-12-29,-0.0050369130762847915,2.1627645218813827,3.3072031181784727
2018-01-02,0.0075400139996057965,2.186611810653825,3.34296738262581
2018-01-03,0.005755338542167499,2.2049518404266073,3.3707572438259623
2018-01-04,0.003800363609485568,2.2171318227711185,3.3883654341575635
2018-01-05,0.007029968655762934,2.2397481586466568,3.4192321760779496
2018-01-08,0.0021852560920854885,2.246827838047162,3.4265784598683773
2018-01-09,0.0010322874784932205,2.250179497769201,3.4323459888063166
2018-01-10,-0.0017993883761952085,2.2443311625603672,3.4274162146854676
2018-01-11,0.006869817000774687,2.266619123937067,3.4585570951539815
2018-01-12,0.0075866045596207216,2.2914016714772725,3.488650585445071
2018-01-16,-0.003135113086167988,2.281082755025189,3.4728303920141697
2018-01-17,0.010157389437984391,2.314409990346235,3.514942320777478
2018-01-18,-0.0019483926137680925,2.307952218402045,3.5076444143778964
2018-01-19,0.004250928894330025,2.3220140880683133,3.5274114949400186
2018-01-22,0.00816875127231933,2.3491507948768846,3.5639328852197023
2018-01-23,0.002324404137334218,2.3569355748410525,3.573856543337074
2018-01-24,-0.000549288449006921,2.355091648905732,3.5712952948070784
2018-01-25,0.0008726938058117623,2.3580196166056626,3.574050052900458
2018-01-26,0.0120358104620482,2.398436104238968,3.6282122784177613
2018-01-29,-0.004838531431755713,2.381992664329794,3.5970552721523
2018-01-30,-0.010592251995482405,2.34616974578234,3.5469528143448574
2018-01-31,0.0012245574198487628,2.3502673227726114,3.549176207763172
2018-02-01,-0.0025042259649659207,2.3418774963533475,3.546227940106408
2018-02-02,-0.019950066634659085,2.2752068176162306,3.4498090469653784
2018-02-05,-0.0399157020925857,2.1444746379926554,3.267459321693895
2018-02-06,0.016440355613276215,2.1961709192581824,3.341887740854488
2018-02-07,-0.004995955139361968,2.180202992727835,3.3201714054221787
2018-02-08,-0.03688932715400284,2.062887444112959,3.1580076381213624
2018-02-09,0.01460468996334312,2.1076199656268457,3.220112015291953
2018-02-12,0.014099552939097407,2.1514360178467977,3.278833121600286
2018-02-13,0.0034692399936508897,2.1623691057173438,3.2900134119432938
2018-02-14,0.012095453122793611,2.200619392992519,3.3475101376198886
2018-02-15,0.012265355942757586,2.239876129084865,3.3999807277060627
2018-02-16,0.000581713674995833,2.2417608093344468,3.4016239857463457
2018-02-20,-0.006257498994395134,2.221475494329967,3.3759123857919695
2018-02-21,-0.006046605733325959,2.2019965021361823,3.3518601696748256
2018-02-22,0.0009917351015341544,2.20517203446234,3.356096927839001
2018-02-23,0.01610123292233595,2.2567792559453754,3.4259180888177188
2018-02-26,0.01127123688670494,2.2934871864268422,3.477953675698399
2018-02-27,-0.012478448650846977,2.252389575688792,3.4210528178846644
2018-02-28,-0.010154980549518784,2.219361622808215,3.3719977502546454
2018-03-01,-0.012746993545687414,2.178324440981045,3.3137435054335826
2018-03-02,0.0053619305493064155,2.1953663958967486,3.335621098835378
2018-03-05,0.010705502110560273,2.2295743975920344,3.3834517858336586
2018-03-06,0.0025534027963589924,2.237820801889895,3.395019095303434
2018-03-07,-0.0006198319064589116,2.2358138972494874,3.3928924566668117
2018-03-08,0.004956474125460975,2.2518521251060117,3.412498279259446
2018-03-09,0.016607479137395534,2.3058571914316053,3.489182343432251
2018-03-12,-0.000794748230717123,2.3032298672777114,3.483463191885158
2018-03-13,-0.0053555075337743795,2.285539394837717,3.4549323306496076
2018-03-14,-0.005553973934135668,2.2672915946792127,3.429429972743444
2018-03-15,-0.0008632333305770665,2.2644711596739713,3.425966466208563
2018-03-16,0.002038564555813793,2.271125994873559,3.433505866250255
2018-03-19,-0.013008501700591563,2.2285735468063974,3.3705314826686763
2018-03-20,0.002525588872677778,2.2367275962308337,3.377007760048116
2018-03-21,-0.0025442457926250295,2.22849256566225,3.3689366020192386
2018-03-22,-0.024492199041982625,2.149419683138489,3.2590015378503665
2018-03-23,-0.020508046374236956,2.08483123822475,3.169703560654604
2018-03-26,0.02717358939531664,2.1686571756461155,3.2829412667009903
2018-03-27,-0.016719024770106013,2.115680317838514,3.208947850745891
2018-03-28,-0.0036390412470404558,2.1043422286493074,3.1966717928346142
2018-03-29,0.013521701154831416,2.1463182165474266,3.254458782856285
2018-04-02,-0.022588364722421397,2.0752480331392547,3.1594251350043603
2018-04-03,0.01267934937765162,2.1142401773743633,3.2118957250905344
2018-04-04,0.011418566846248958,2.149800337014987,3.2606125442967517
2018-04-05,0.006810677259919535,2.1712526105435814,3.289852547285924
2018-04-06,-0.021710425753054204,2.102403366198196,3.1958179122205754
2018-04-09,0.0033248840364824544,2.1127184976251976,3.2098174638447574
2018-04-10,0.015511125159863205,2.1610002638292833,3.280234885998456
2018-04-11,-0.005492746303695834,2.1436376913141535,3.2565850281807878
2018-04-12,0.007773000172020185,2.1680731876295076,3.2917050473744194
2018-04-13,-0.0026942819683721166,2.1595375051655945,3.2793165021966226
2018-04-16,0.00792750018843993,2.184584739333178,3.3140176439817086
2018-04-17,0.011272514167137728,2.2204830159237616,3.3600115633763226
2018-04-18,0.0010590568490759817,2.223893690519109,3.363636327880691
2018-04-19,-0.005871558775439409,2.204964409229458,3.3386496021647654
2018-04-20,-0.00885392440840329,2.1765878966185173,3.3016125796948437
2018-04-23,-0.0003690130386614173,2.175415694266211,3.3018544666490746
2018-04-24,-0.012946778355821035,2.1343042910849506,3.244293237784685
2018-04-25,0.0016421259465083265,2.1394512134855934,3.2520902572654347
2018-04-26,0.01008890181218965,2.1711248285226095,3.2964574377288347
2018-04-27,0.0021479127921461387,2.1779361281072855,3.301242079677145
2018-04-30,-0.007750958441043336,2.1533040772500356,3.2660256990139427
2018-05-01,0.0026796019495253097,2.1617536770028805,3.2768999925270457
2018-05-02,-0.007788108981835714,2.1371295947926625,3.246081234685386
2018-05-03,-0.0013029545730278182,2.1330420574409463,3.2365119507887643
2018-05-04,0.01191311081147851,2.170366334648263,3.2907866635725878
2018-05-07,0.0031970935817850783,2.1805022925086743,3.30562397001386
2018-05-08,-0.0009309657521731185,2.177541353799641,3.304480218366866
2018-05-09,0.008745216385573646,2.2053296405127276,3.346157143924681
2018-05-10,0.009081370567729098,2.2344384267699495,3.386883434086764
2018-05-11,0.0018908989591330191,2.2405544230245087,3.3943744567376095
2018-05-14,0.0009282167136442621,2.243562359801434,3.398256840681035
2018-05-15,-0.00704896465198637,2.22069860338068,3.3681633503899446
2018-05-16,0.004070809764113323,2.2338094547025884,3.385900547097135
2018-05-17,-0.001516149930554666,2.228906514722414,3.382146776217178
2018-05-18,-0.002058969650315933,2.222258294204893,3.3706121116534202
2018-05-21,0.007624929670157629,2.2468277870772875,3.4028967437689284
2018-05-22,-0.0032245484708236156,2.2363582335014396,3.3890903083960096
2018-05-23,0.0039341678513085026,2.2490906100189987,3.403347872771371
2018-05-24,-0.0018966096144726887,2.2429283535297437,3.394438959925404
2018-05-25,-0.0019570345531369224,2.2365818306885386,3.3840802986025382
2018-05-29,-0.010846696676603703,2.2014756093020535,3.3333819729322363
2018-05-30,0.012767617407630624,2.242350825021483,3.3883976857514577
2018-05-31,-0.0070152729510623525,2.2196048489808553,3.358207440678675
2018-06-01,0.010462300254582368,2.253289321612002,3.4054906372049425
2018-06-04,0.004652789453681725,2.2684261918573734,3.425225466173167
2018-06-05,0.0004613743417615875,2.269934159840238,3.4283345984872975
2018-06-06,0.00827941320459577,2.2970072959013783,3.466273878962104
2018-06-07,-0.0010391037674073464,2.2935813631990376,3.4630841176632305
2018-06-08,0.002932059334932615,2.3032383391803655,3.4770352918965672
2018-06-11,0.0007391619206788928,2.3056799671756143,3.4818199338448785
2018-06-12,0.001840055078587413,2.3117626003874,3.489633472434697
2018-06-13,-0.0044235562378438205,2.2971128322781986,3.4715576339915843
2018-06-14,0.00270257567679005,2.3060235292223457,3.4826093112711236
2018-06-15,-0.0006818292183553903,2.3037693857835517,3.4780500371679732
2018-06-18,-0.0024908660041745405,2.2955401389348706,3.4685291306621977
2018-06-19,-0.0034428644435110746,2.284194040968368,3.450550440312897
2018-06-20,0.0012289201172392163,2.2882300530942317,3.458170469339332
2018-06-21,-0.006254114001174156,2.2676650874800934,3.429881101745891
2018-06-22,0.0021310157558663,2.274628533266408,3.438129250229083
2018-06-25,-0.01359481747483113,2.230110556058777,3.3772173954084526
2018-06-26,0.0020321813021151724,2.2366747263345643,3.3868673082898173
2018-06-27,-0.008404263766033572,2.2094728582095944,3.3491211440662747
2018-06-28,0.006737328172363421,2.231096130115646,3.3759930147767143
2018-06-29,0.0011101180204362957,2.234683028155449,3.379311782451178
2018-07-02,0.002699940007852242,2.2434164782758867,3.3927473244942776
2018-07-03,-0.004479825624089135,2.2288865380269134,3.37101486326502
2018-07-05,0.008378350193780616,2.2559392801784868,3.408696524300767
2018-07-06,0.008002207290923777,2.281993981225136,3.446087920991439
2018-07-09,0.008035347636897061,2.308365943806484,3.485315691973657
2018-07-10,0.0041765696728815315,2.32218356467418,3.500894391762448
2018-07-11,-0.00648196126152539,2.300649299504286,3.468964133867691
2018-07-12,0.008492073062004554,2.328678654507731,3.5080632917864394
2018-07-13,0.0011151588558340618,2.332390659987531,3.5129285627194937
2018-07-16,-0.0010463086437777571,2.328903950835542,3.5082886596316003
2018-07-17,0.00402069969897831,2.3422884739485936,3.526203240105227
2018-07-18,0.0012898277345580944,2.3465994503191863,3.535982159362182
2018-07-19,-0.003491906970941765,2.334913436369667,3.5180514530916067
2018-07-20,-0.0009713965328772165,2.3316739130201314,3.513766317536585
2018-07-23,0.0013943214251818624,2.336319337338775,3.522062843410623
2018-07-24,0.004526261030188354,2.3514203895396357,3.54368242406124
2018-07-25,0.009575210453125559,2.3835109450863734,3.5850372269922017
2018-07-26,0.00086666406049291,2.386443312420764,3.5711340368375906
2018-07-27,-0.006926026408396548,2.3629887166084,3.5411373013281926
2018-07-30,-0.006393200667826194,2.341488454899487,3.5150068239652716
2018-07-31,0.004875488758697092,2.3577798442986655,3.5370614078213825
2018-08-01,-0.0007351123170600765,2.3553114989771458,3.5323412690608667
2018-08-02,0.005116477971080502,2.3724788763477758,3.5546695981529837
2018-08-03,0.005008971076564901,2.3893715254957275,3.5758223173163293
2018-08-06,0.002612645821808289,2.39822675285037,3.5920126174528084
2018-08-07,0.0029780430994852903,2.408346818582182,3.604981298008637
2018-08-08,-0.0002550136292807047,2.407477643690128,3.603773043173848
2018-08-09,-0.001361986402547274,2.4028367054724384,3.597135901137042
2018-08-10,-0.006857192589969512,2.3795027988307966,3.564432391612989
2018-08-13,-0.003682387717273728,2.36705815923389,3.546147311121664
2018-08-14,0.006077121474308218,2.3875201806786155,3.5751938045474523
2018-08-15,-0.007217696194924374,2.363070089160302,3.540412427089743
2018-08-16,0.00880811022572515,2.392692381202465,3.5763698077883435
2018-08-17,0.0032798075023245596,2.4038197591274124,3.5915776142473153
2018-08-20,0.002105630401693823,2.410986945494117,3.602726046308546
2018-08-21,0.0015849066340718526,2.4163930413327632,3.6122469528143215
2018-08-22,5.8005358929672955e-05,2.4165912104373706,3.6104105785227745
2018-08-23,-0.001514636890794317,2.4114163153492782,3.6026131657299043
2018-08-24,0.0062371940708212574,2.4326939809644776,3.6311440269654547
2018-08-27,0.007132915272200333,2.4571790962860893,3.6666667977706826
2018-08-28,0.0006760657185810386,2.459516376556084,3.6679234299963177
2018-08-29,0.00640170862993839,2.4816631923992962,3.694537287955579
2018-08-30,-0.004308158645712829,2.4666636350155007,3.6737389430129825
2018-08-31,0.00031701691357319316,2.4677626260214693,3.6743674557818604
2018-09-04,-0.000938020731041078,2.464509792787932,3.666634546176785
2018-09-05,-0.003161134002190937,2.453558013081026,3.6535533783544363
2018-09-06,-0.00349934993068656,2.441472805087329,3.636557181682644
2018-09-07,-0.002530106050854335,2.432765513919327,3.6262948818293497
2018-09-10,0.0021118685391767933,2.440015063410544,3.635074788299728
2018-09-11,0.0037092780091786764,2.452775035636497,3.652409233395322
2018-09-12,0.0010776941701735748,2.4564960711633232,3.6540686172325536
2018-09-13,0.005565638041166011,2.4757336771861302,3.678652591336884
2018-09-14,-0.00015343698414286183,2.475200371093019,3.679941475156417
2018-09-17,-0.00590035201876355,2.4546954655678324,3.6538755009812904
2018-09-18,0.00550490032067065,2.473713219744056,3.678862226697216
2018-09-19,-0.00024093079811191563,2.472876295245611,3.6847261171047263
2018-09-20,0.008060749258101924,2.5008702802659917,3.721457142744743
2018-09-21,-4.242508084261452e-05,2.5007217555613317,3.719717129922768
2018-09-24,-0.0034353141483667894,2.4886956765849564,3.7031240781746924
2018-09-25,-0.0010743204114504901,2.484947699610262,3.6969860492190545
2018-09-26,-0.0038249222868136008,2.471618045485643,3.6815363558058527
2018-09-27,0.0029451953637546265,2.4818426388579344,3.6944727847677843
2018-09-28,0.001048066382483095,2.485491841076817,3.6944405331738865
2018-10-01,0.003931948048545357,2.49919661391956,3.7115334846273713
2018-10-02,-0.00023518243534234842,2.4983736643381564,3.7096644654298068
2018-10-03,-0.000495424889054574,2.4966404829536306,3.7130154846981682
2018-10-04,-0.008682116712694891,2.466282242178293,3.6745125879544
2018-10-05,-0.005289363475330955,2.447947815491327,3.6486719816244344
2018-10-08,-0.0008684240574975109,2.444953534659358,3.6468352140207667
2018-10-09,-0.0008669062950648919,2.4419670827539557,3.640246449374806
2018-10-10,-0.032804802799433576,2.3290540313620705,3.4877483274401833
2018-10-11,-0.020845507636643754,2.2596582101285128,3.395421846915033
2018-10-12,0.014676552338079688,2.307498754453715,3.4578640791973045
2018-10-15,-0.0063969918729526965,2.286340711801673,3.4315404855831204
2018-10-16,0.021748721797700907,2.357814421675106,3.5267991079680865
2018-10-17,-3.0094908036734603e-05,2.357713368558881,3.525655356321092
2018-10-18,-0.01444838934350735,2.309199818506043,3.460522475821114
2018-10-19,7.171142543890342e-05,2.3094371259420905,3.458911469374728
2018-10-22,-0.003623412448361721,2.2974456702628814,3.4397402566754662
2018-10-23,-0.005506381234627291,2.2792886773019427,3.4152691631497767
2018-10-24,-0.029112455716125238,2.183820530903599,3.278994379569772
2018-10-25,0.018934369814069978,2.244104166257357,3.358690821275016
2018-10-26,-0.017674615200744717,2.186765873447625,3.283166634546154
2018-10-29,-0.007689764578497085,2.1622603941140244,3.2550707765160967
2018-10-30,0.015567493312120938,2.21148886165058,3.321734034477717
2018-10-31,0.01006471715590462,2.243811588692431,3.3686306051893355
2018-11-01,0.010782711469511746,2.27878867311476,3.4147539242716594
2018-11-02,-0.006232528768448133,2.2583535283839105,3.3868673082898146
2018-11-05,0.005492540659714629,2.2762501676222837,3.4114351565971957
2018-11-06,0.005913890308610968,2.29562555173717,3.4390476340309126
2018-11-07,0.02199984977337565,2.3681288187846854,3.5331947563627812
2018-11-08,-0.0023799428377058044,2.360112864725948,3.5218213497685102
2018-11-09,-0.008798601490050358,2.330548570667633,3.480225053195439
2018-11-12,-0.019966392222325994,2.264049531590176,3.39195794706803
2018-11-13,-0.0018429995082820249,2.258033889908447,3.3854494180946926
2018-11-14,-0.008277683457002416,2.231064916675599,3.352262921286421
2018-11-15,0.009557278279047959,2.2619451032219366,3.398369721259675
2018-11-16,0.0031061588970836725,2.272077223026108,3.4081486405166297
2018-11-19,-0.016877990422891204,2.216851134992913,3.3347833440182884
2018-11-20,-0.017243940623276367,2.161379945027176,3.2561016475844493
2018-11-21,0.0025109739159089608,2.169318087607417,3.2690542023433293
2018-11-23,-0.006201698233851605,2.149662933220988,3.241071224891913
2018-11-26,0.015482633109911569,2.1984280088359363,3.306945105427289
2018-11-27,0.003909335840054436,2.2109317380827123,3.320993034442317
2018-11-28,0.02375252664402961,2.2871994797436823,3.4202634404584185
2018-11-29,-0.002286461779135514,2.2796834237728545,3.410613527577053
2018-11-30,0.008926385326974207,2.308959141763941,3.446651537260397
2018-12-03,0.011644584986483075,2.347490597707011,3.4953042465909396
2018-12-04,-0.03220631782834245,2.239680251589871,3.3498141600229427
2018-12-06,-0.0008316590026956538,2.236985942342781,3.3431927504709646
2018-12-07,-0.02368280314172866,2.160325041497734,3.2419089797090015
2018-12-10,0.00228597597703354,2.167549468622215,3.2493838765628977
2018-12-11,0.00015940566460412677,2.168054393950427,3.247869624898204
2018-12-12,0.004676704358766825,2.1828704477434253,3.2708909699469944
2018-12-13,0.0002346663449565282,2.1836173603178675,3.2700370893329556
2018-12-14,-0.019655725842542805,2.1210410502958994,3.1885361316179424
2018-12-17,-0.02160753694460126,2.0536030404960135,3.101525657716169
2018-12-18,0.0005592097732412388,2.055310645159858,3.1018800319369193
2018-12-19,-0.014651222480778252,2.010546609149731,3.038728657901026
2018-12-20,-0.015797267324292687,1.9629881995727496,2.975029400080998
2018-12-21,-0.019987084401015633,1.903766704348676,2.8931905872543036
2018-12-24,-0.027862717733511618,1.8228598723014398,2.787637413422146
2018-12-26,0.04937595538333787,1.9622412754096108,2.9754805290834403
2018-12-27,0.008535454424809985,1.9875253508111603,3.009521299817872
2018-12-28,-0.0007870711667003138,1.9851739557477508,3.004543148306177
2018-12-31,0.008903233604931365,2.01175165682713,3.0385516674467112
2019-01-02,0.0002787611732626832,2.0125912162525625,3.0436745578188233
2019-01-03,-0.024831890737901277,1.9377828803326178,2.943566396985631
2019-01-04,0.034360301183059244,2.038725984911282,3.078971567466769
2019-01-07,0.007583551114321378,2.0617703187402734,3.107566931890114
2019-01-08,0.010026411764158085,2.0924688886832414,3.147390964047313
2019-01-09,0.003520140048912556,2.1033548122683117,3.164387160719105
2019-01-10,0.004787219985265578,2.118211254446973,3.1832036058854962
2019-01-11,-0.00017207339307623607,2.1176746932560917,3.1825916122256874
2019-01-14,-0.006071382286766199,2.0987460983475574,3.160601531557372
2019-01-15,0.011504036121078826,2.1343941853929995,3.2052102056628815
2019-01-16,0.002026313775798639,2.1407454515096442,3.214554121714343
2019-01-17,0.007570060033145014,2.1645210831263992,3.2465484894847743
2019-01-18,0.01264848089324836,2.204547467582605,3.3025309634966753
2019-01-22,-0.013810604807315231,2.160290728921539,3.2416187153639244
2019-01-23,0.002284465580662917,2.1675103043166484,3.250962631415385
2019-01-24,0.0013671456652972216,2.1718407522989795,3.2568107893380684
2019-01-25,0.007297242253026119,2.194986442656526,3.292945553803105
2019-01-28,-0.008100298353710653,2.1691060992349476,3.259259550601545
2019-01-29,-0.0016073878843659484,2.164012116486767,3.2530570184581116
2019-01-30,0.015880513858818085,2.2142582547521035,3.319188911744666
2019-01-31,0.008292927196825998,2.2409138644505595,3.356322688996279
2019-02-01,-0.00025536568917048914,2.2400862462480218,3.3602373245336024
2019-02-04,0.007098688320958151,2.2630866086431594,3.3897833243526785
2019-02-05,0.0049487717185991925,2.2792348793673525,3.410452269607564
2019-02-06,-0.0021215841794987875,2.272277706526426,3.400641492068833
2019-02-07,-0.008590348266848593,2.2441677014015196,3.3594640729043066
2019-02-08,0.0008190013527279553,2.246824679137444,3.36241194724895
2019-02-11,0.0006527090145525731,2.2489439108741887,3.365505347078252
2019-02-12,0.0127354631754863,2.2903207164103474,3.4217776921231087
2019-02-13,0.0032412965912390237,2.300985621732531,3.4351491242905343
2019-02-14,-0.0025648464851890157,2.292519100362971,3.423388698569495
2019-02-15,0.01047385543765119,2.327004469445878,3.4715096499128517
2019-02-19,0.0017763258040873614,2.332914313335268,3.478211295137452
2019-02-20,0.0015137633983559485,2.3379595570326517,3.4861695725876887
2019-02-21,-0.002735402414984407,2.3288288943992246,3.4703493791567874
2019-02-22,0.0064884561836615765,2.3504278548234403,3.499009246767928
2019-02-25,0.0006319305229653786,2.3525450924498967,3.5045514078607063
2019-02-26,-0.0006965732480356143,2.350209799225663,3.5009907532320126
2019-02-27,-5.452184217163622e-05,2.3500271396157477,3.498541991968537
2019-02-28,-0.0015397466831899936,2.3448689464389276,3.485831324163888
2019-03-01,0.0068483597086994134,2.3677758121626,3.5167625692720677
2019-03-04,-0.003928335548827053,2.3545460587192015,3.4992350079252095
2019-03-05,-0.0013598190926767792,2.3499844829412915,3.4941439758348736
2019-03-06,-0.00673323894490543,2.3274282369559223,3.464823737173079
2019-03-07,-0.008129615074125322,2.300377526202695,3.4285438405355046
2019-03-08,-0.0021943891808896693,2.2931352134663445,3.419103563014472
2019-03-11,0.014450059568189254,2.340721213467035,3.483914320887597
2019-03-12,0.00268891954974945,2.3497041440481894,3.4971567466794324
2019-03-13,0.0068564512575217985,2.3726712272389743,3.5284101144144655
2019-03-14,-0.0008690335631539783,2.36974026274502,3.524479353080194
2019-03-15,0.0057980270556049224,2.3892781079587766,3.5470334433295934
2019-03-18,0.004053408477875538,2.403016236575455,3.563884507828848
2019-03-19,0.00012596673535517235,2.4034449034211374,3.5632886399659887
2019-03-20,-0.0025976543847823132,2.3946039298444006,3.5498527046107684
2019-03-21,0.01131708745483324,2.43302095939297,3.5992298948676407
2019-03-22,-0.018656729015640708,2.3689720176485602,3.511961801526809
2019-03-25,-0.0005894723724315245,2.3669861017206615,3.508176172365075
2019-03-26,0.007036803689703133,2.390678921944428,3.5405571659501547
2019-03-27,-0.0048441496137819305,2.3742539659542325,3.5194693432867243
2019-03-28,0.003572415972394161,2.386308204717122,3.5356918950171012
2019-03-29,0.006623333190384662,2.408736852242297,3.566236514310634
2019-04-01,0.011122313701629645,2.4466498928392415,3.6190614786175592
2019-04-02,4.595262944298735e-05,2.4468082754645866,3.6191421076023023
2019-04-03,0.0023838015925336633,2.4550247825207974,3.629065765719674
2019-04-04,0.0015869938263887978,2.4605078855206783,3.6387156786010397
2019-04-05,0.004563408616044306,2.4762995970213524,3.6602227719851363
2019-04-08,0.0007979383124555248,2.4790734696553893,3.665104168715139
2019-04-09,-0.006426472353440533,2.4567153001870605,3.6367986753247497
2019-04-10,0.0035648801412172153,2.469038075914539,3.652924865585555
2019-04-11,0.00018147383520251208,2.469667615558639,3.6531022493519902
2019-04-12,0.006082228256502693,2.4907709259706623,3.6838561106937346
2019-04-15,-0.0007031572022763142,2.4883163652525693,3.680908236349091
2019-04-16,0.0003498590761779234,2.489536784393533,3.683292494424772
2019-04-17,-0.002185399948699261,2.481910750883935,3.67264356875683
2019-04-18,0.001562995343499578,2.4873529611740484,3.6800221041411554
2019-04-22,0.0010033700542253876,2.4908520667038045,3.6847583686986205
2019-04-23,0.008435510180863458,2.520299184852373,3.7261772815052563
2019-04-24,-0.0021803729023050318,2.5126236199017145,3.7158186201823904
2019-04-25,-0.0009630541223225634,2.5092407732444006,3.714078607360415
2019-04-26,0.004347627651774457,2.524497645466892,3.7361654428104227
2019-04-29,-8.295299390101786e-05,2.5242052778352035,3.7412403491038093
2019-04-30,0.0013055278172795508,2.528806225859221,3.7457512458161126
2019-05-01,-0.007644846918522262,2.501829042457399,3.7101478460261417
2019-05-02,-0.0018746234547137321,2.49526443160001,3.700143558924026
2019-05-03,0.00989731377155205,2.529858160394101,3.745444855674088
2019-05-06,-0.004039406075204696,2.515599629896394,3.7242280266350676
2019-05-07,-0.016086441517337416,2.459046142051693,3.6462232203609535
2019-05-08,-0.0017906888949536133,2.452852066537989,3.638764055991885
2019-05-09,-0.003128667056073604,2.442049242027916,3.6247483785707537
2019-05-10,0.004111787524329849,2.4562022171594156,3.6419538172907586
2019-05-13,-0.023316425372564547,2.3756159360905262,3.52994088518823
2019-05-14,0.008383671329844867,2.403915990634496,3.5662526401075816
2019-05-15,0.006013688872486103,2.4243860823502525,3.592914875457689
2019-05-16,0.009164162080387525,2.4557677114347336,3.633770171995362
2019-05-17,-0.00591217603488834,2.435336604389048,3.6067213108306078
2019-05-20,-0.006893315924372633,2.411655743868433,3.57562880775294
2019-05-21,0.007951673732729795,2.4387841172320686,3.6145025978265277
2019-05-22,-0.002282888392662423,2.4309337568859677,3.6014694140829047
2019-05-23,-0.01115132969482898,2.392674283401814,3.5466468175149464
2019-05-24,0.0013752551506663966,2.397340076184596,3.5528009722675336
2019-05-28,-0.008590655546479356,2.3681546978158448,3.514668182229343
2019-05-29,-0.006961698667110199,2.3447066197454394,3.483463191885156
2019-05-30,0.0022047498826751354,2.352080861272906,3.4928716111244125
2019-05-31,-0.012849356277916823,2.309008780014024,3.433586495234996
2019-06-03,-0.0026129604250864167,2.3003624710255837,3.421326563120668
2019-06-04,0.02097728288033421,2.3695951081879265,3.516086072424466
2019-06-05,0.008725992165966232,2.3989981687044524,3.5529457111279514
2019-06-06,0.006631315039310116,2.4215379963791697,3.5808807045006423
2019-06-07,0.010535901213398112,2.457586982706909,3.6289694042501024
2019-06-10,0.005015311666855864,2.4749278590404478,3.650540607509873
2019-06-11,-0.0005721663457877617,2.4729396222654647,3.6489134752665384
2019-06-12,-0.0013753474341252235,2.46816312366711,3.639440946151609
2019-06-13,0.0037833527117443356,2.481284408025808,3.6584505075692624
2019-06-14,-0.002050504576824083,2.474146018413925,3.6509433591214684
2019-06-17,0.0005473116827569595,2.4760474591174066,3.6552768720673363
2019-06-18,0.009757636223392197,2.509965465718721,3.7005140589417245
2019-06-19,0.0032679352527989784,2.52143580560025,3.714545862159804
2019-06-20,0.009134516034798958,2.55360241743202,3.7592029136561607
2019-06-21,-0.001590226923611322,2.5479513831920095,3.7532100168730604
2019-06-24,-0.0017611855038001806,2.541702782647744,3.7449779941868178
2019-06-25,-0.01045305593481538,2.5046811653562355,3.6999177977667452
2019-06-26,-0.0011653255183579584,2.5005970709605374,3.6941184105470297
2019-06-27,0.0030872820604343353,2.511404401498523,3.7120648493024335
2019-06-28,0.005091137509128098,2.5292814441567093,3.739194339451932
2019-07-01,0.00761477369759711,2.5561561236690915,3.775554865074249
2019-07-02,0.0033223187031846723,2.5679708076702026,3.7895382909014828
2019-07-03,0.007649290357231471,2.595263252364197,3.826285442338448
2019-07-05,-0.001977514804330817,2.5881535660571804,3.8175696457437445
2019-07-08,-0.004538069449864885,2.5718702759776324,3.794274555458947
2019-07-09,0.0012550687115190236,2.5763532186026166,3.8002029490542526
2019-07-10,0.004956653073828547,2.5940799607767,3.821855174610887
2019-07-11,0.0021080483368002834,2.6016564550603425,3.832874206984407
2019-07-12,0.004013715975087432,2.616112481110795,3.8552029293886454
2019-07-15,0.0006937485227852741,2.6186211538027915,3.856056810002684
2019-07-16,-0.0036311890366574847,2.6054812563412857,3.8395278681302827
2019-07-17,-0.005343338529175486,2.586215949428057,3.807919732862378
2019-07-18,0.00337992571991125,2.598337092952685,3.825141690691452
2019-07-19,-0.0060534679649181826,2.576554674633519,3.795338071433317
2019-07-22,0.0026963446012659422,2.5861982985216,3.808902619852006
2019-07-23,0.006752212172781867,2.6104130703268873,3.8418314972212197
2019-07-24,0.004145303878456733,2.625379329630144,3.864530719643157
2019-07-25,-0.005381045269846238,2.6058709993370393,3.8389316069553017
2019-07-26,0.007534397706066507,2.6330390655228157,3.874680138917811
2019-07-29,-0.0014427085724219477,2.627797648919042,3.866802097140198
2019-07-30,-0.0029377357105890563,2.6171401382150217,3.8542522939929142
2019-07-31,-0.011274368765423025,2.5763591664205725,3.8014112038890406
2019-08-01,-0.008062946684804135,2.547523173136013,3.758204294181704
2019-08-02,-0.007026644703300276,2.5225959882216618,3.723551529787464
2019-08-05,-0.029566804867539584,2.418444080010734,3.5828944625586248
2019-08-06,0.012805522917229775,2.4622190440185796,3.6425500784657396
2019-08-07,0.0011888806430306051,2.4663352092219455,3.6461103397823127
2019-08-08,0.018614191718512467,2.530858237367033,3.733282071653573
2019-08-09,-0.006422630061679261,2.5081808411081914,3.7019638074186236
2019-08-12,-0.011766141279261465,2.4669030896985142,3.644048204333483
2019-08-13,0.014597423702141172,2.5175109430331055,3.7143204943146433
2019-08-14,-0.0283981884236669,2.417620004490541,3.5762250689279202
2019-08-15,0.003062648551893987,2.4280869734482184,3.5875021140526195
2019-08-16,0.014178235343931929,2.4766911973372348,3.6536819914178995
2019-08-19,0.01219576439048219,2.5190921040384233,3.7100188396505516
2019-08-20,-0.00786906832741353,2.4914001278212834,3.6727403235385205
2019-08-21,0.008535254417884237,2.5212001161868716,3.7112754718761867
2019-08-22,-0.0005544670580798574,2.519247726717539,3.7088912138005057
2019-08-23,-0.025612599157048735,2.429110645358768,3.5867127366263754
2019-08-26,0.010947592501594442,2.4666511513470355,3.6370885463577034
2019-08-27,-0.0028818204362055623,2.4566608852138883,3.6222351141194817
2019-08-28,0.006345446225637349,2.478594940981277,3.652489862380059
2019-08-29,0.012201146730668357,2.5210377882727504,3.7115173588304167
2019-08-30,0.0005516714443521708,2.522980244275025,3.7145458621598033
2019-09-03,-0.005971097568910897,2.5019441855031133,3.682019736402186
2019-09-04,0.010207943723697696,2.5376918346722594,3.7327825652602824
2019-09-05,0.012371321861809005,2.581457759006884,3.7943551844436874
2019-09-06,0.0011428199114078158,2.585550720245743,3.798720948983453
2019-09-09,-0.0010624121256453158,2.581741387683438,3.7982698199810105
2019-09-10,-0.00011473072826180813,2.5813304518855835,3.799816323239601
2019-09-11,0.006951353858762728,2.6062255471418028,3.834517465024687
2019-09-12,0.00340229305327472,2.618494983269385,3.8484367809762468
2019-09-13,-0.0013307690405338192,2.613679602172323,3.8449245037383992
2019-09-16,-0.003273975097689691,2.601848505143782,3.8297328230763767
2019-09-17,0.0032348623868462094,2.6134999893961894,3.8422019972389165
2019-09-18,0.00037225357164879494,2.6148451276733953,3.843861381076149
2019-09-19,0.0001787119054664502,2.6154911435341277,3.8439581358578403
2019-09-20,-0.004922857413781979,2.597692596153718,3.820244168164498
2019-09-23,0.00012201900864172335,2.598131583037698,3.819776913365107
2019-09-24,-0.007783678088295812,2.5701248850760026,3.77921188117251
2019-09-25,0.006087032069427504,2.5918563497433214,3.8086450004129464
2019-09-26,-0.0021202637845733315,2.584240666805571,3.796965203676651
2019-09-27,-0.005515774369462885,2.564470804001618,3.771462845770487
2019-09-30,0.00503235306343152,2.5824084795716478,3.795547313481528
2019-10-01,-0.011785375028644494,2.5401884521340996,3.7367617039854
2019-10-02,-0.017997553290612277,2.476473721808006,3.6519584977049924
2019-10-03,0.0077558745698282795,2.5034368159396534,3.6890435042536387
2019-10-04,0.014422122756383427,2.553963811768368,3.7557071555273804
2019-10-07,-0.004554558009388119,2.537777077424403,3.734409697503617
2019-10-08,-0.015257177314850354,2.483800585253726,3.6607384041753708
2019-10-09,0.00905996428595685,2.51536369413552,3.7031720622534117
2019-10-10,0.006140185826884174,2.536948680466594,3.733346181529245
2019-10-11,0.010191631623102843,2.572995958487729,3.7851241489708674
2019-10-14,-0.0013034814649046428,2.568338624481661,3.778486613621941
2019-10-15,0.009265206832784579,2.6014000198868974,3.826059681181164
2019-10-16,-0.0021499923841321903,2.593657037271927,3.816409768299798
2019-10-17,0.002663512922345973,2.6032287892291808,3.8297166972794283
2019-10-18,-0.004002884992135142,2.5888054787855457,3.8107873715343965
2019-10-21,0.0063144673672307855,2.611466873868676,3.8438452552791995
2019-10-22,-0.003643656355789262,2.5983079296399825,3.8265591875744516
2019-10-23,0.002544997995211263,2.607465616107069,3.840301119759575
2019-10-24,0.002641257865055986,2.616993863038531,3.8495966584201895
2019-10-25,0.0035113820190146674,2.629694510252091,3.8693476131853632
2019-10-28,0.005217534967715549,2.648632568281456,3.896525087413586
2019-10-29,-0.0011719553423622504,2.644356533850742,3.892449193906776
2019-10-30,0.0037340285864701974,2.6579646653274303,3.9083661421193687
2019-10-31,-0.0032649330078085258,2.6460216557502054,3.8935288356780964
2019-11-01,0.008493933752662447,2.6769907221549203,3.9408116388922423
2019-11-04,0.0031682968232220002,2.6886405201789407,3.959112845180516
2019-11-05,-0.0014977709336579507,2.6831157816231035,3.9532328289760565
2019-11-06,0.0008810848395801622,2.68636091910071,3.9567124613078866
2019-11-07,0.0024969376048530885,2.6955655323046734,3.9702447581326776
2019-11-08,0.0023015389804756916,2.704071020432175,3.9829719450463967
2019-11-11,-0.0018460509579442098,2.6972331165766126,3.973193025789442
2019-11-12,0.0010353035784581046,2.701060875252598,3.9809743127853636
2019-11-13,0.0014906813655649097,2.706577977732158,3.9845184483049882
2019-11-14,0.0009373513597559197,2.7100523436396267,3.98869070328137
2019-11-15,0.007326807187020036,2.737235181815226,4.027081112758618
2019-11-18,0.0007666854543262517,2.74010046566852,4.029610503006837
2019-11-19,-0.00034641582697166946,2.7388048356727484,4.026629983756175
2019-11-20,-0.0032976627068680093,2.7264755183978924,4.007749035401989
2019-11-21,-0.0018514744969815318,2.7195760440119527,3.9998230095456506
2019-11-22,0.001947095593733379,2.7268184141378042,4.010697303058754
2019-11-25,0.007596734148626338,2.7551300628502142,4.048314067594586
2019-11-26,0.002820896535283672,2.7657228962340477,4.0593979964680225
2019-11-27,0.0038013435101834202,2.780037702526796,4.0805180707253506
2019-11-29,-0.004133347352682437,2.7644134936960167,4.0601389965034205
2019-12-02,-0.008783854880985759,2.731347431855366,4.016464831996693
2019-12-03,-0.006267926546352047,2.7079596202335776,3.983165061297659
2019-12-04,0.006216581335376717,2.731010452801052,4.014676441783871
2019-12-05,0.001219725002300753,2.7355612595341787,4.022199716028614
2019-12-06,0.00888065509361789,2.7687354906611823,4.068081148156708
2019-12-09,-0.003105670407882102,2.7570310403727007,4.052051712677595
2019-12-10,-0.0012167317000422576,2.752459741607837,4.046509944896937
2019-12-11,0.002760587633849768,2.762818735567038,4.061185993368723
2019-12-12,0.008516110597164055,2.794863316076208,4.1045868059515636
2019-12-13,0.0003362804525291348,2.7961394544294245,4.104957305969262
2019-12-16,0.006403405931517192,2.8204476763287842,4.141446444655048
2019-12-17,0.0004629653196522351,2.82221641110847,4.143170331680074
2019-12-18,-0.0005748121343105016,2.820019354735404,4.1409469382617585
2019-12-19,0.0044132140667494865,2.8368779178869774,4.163871921840977
2019-12-20,0.004986243341681025,2.856009524857884,4.189406138028917
2019-12-23,0.0010023115317558564,2.85987444767121,4.193900908944273
2019-12-24,-0.00011822319594155614,2.859418120978073,4.192885770360747
2019-12-26,0.005407754182459245,2.8802889054636513,4.219515754116957
2019-12-27,-3.0896365725260444e-05,2.8801690186385085,4.219693137883392
2019-12-30,-0.005654372837098661,2.858229096336167,4.189519018607559
2019-12-31,0.0028156542626164103,2.8690925355374164,4.204807454051274
2020-01-02,0.008310597023797998,2.9012470044480527,4.248417508682326
2020-01-03,-0.007116913481587526,2.8734821670470936,4.211364360415456
2020-01-06,0.0032347682413274613,2.8860119841444054,4.22977805397025
2020-01-07,-0.002922857766740605,2.8746537238349017,4.2151177379832925
2020-01-08,0.00457074634426588,2.8923637831784164,4.240684599077251
2020-01-09,0.00662771148761953,2.918161247338182,4.2755627313166515
2020-01-10,-0.002741379136788273,2.9074200818401565,4.260500057030218
2020-01-13,0.006991760157066429,2.9347398258852877,4.297198437764217
2020-01-14,-0.001361869573255146,2.929381223437739,4.289175657126186
2020-01-15,0.001716202202668881,2.9361248361485286,4.299067456961781
2020-01-16,0.008686085057840662,2.9703143512735943,4.3434023858312845
2020-01-17,0.0036053532508309874,2.984628737026779,4.364039472804394
2020-01-21,-0.0023147292558470837,2.975405400315494,4.34981416002293
2020-01-22,0.000360911317270543,2.976840169115206,4.351360663281522
2020-01-23,0.0016444866067442932,2.9833800295104784,4.357466440643263
2020-01-24,-0.008529833819324142,2.9494024598195394,4.309023366673053
2020-01-27,-0.015686059632901622,2.887451897320482,4.225508650900057
2020-01-28,0.009952912412168962,2.9261433655610323,4.278043744174026
2020-01-29,-0.0011792856717352089,2.921513320944848,4.273468344273927
2020-01-30,0.004803554715238733,2.940350524748544,4.2899972861463285
2020-01-31,-0.016178291761441393,2.8766023843168136,4.1963335444108
2020-02-03,0.0073675977352914606,2.905163631264131,4.234030937931376
2020-02-04,0.014570470981888047,2.96206370463299,4.312438889129207
2020-02-05,0.010607317975277366,3.004090574186338,4.372206992302843
2020-02-06,0.003588743570477,3.0184602284900564,4.3900731953856225
2020-02-07,-0.005146775054174592,2.997778117629871,4.3609621987720395
2020-02-10,0.008014279652750773,3.029817429454204,4.400238740457224
2020-02-11,0.0025927902078534213,3.04026590062473,4.4093568953514035
2020-02-12,0.00617504747563135,3.065214734375262,4.444315656575548
2020-02-13,-0.0017894232806403847,3.0579403444887685,4.435438995323478
2020-02-14,0.0019023125774537664,3.065659815444646,4.4454594082225425
2020-02-18,-0.002690763039861723,3.0547200882805967,4.429558979119019
2020-02-19,0.004582836359341326,3.073302206928121,4.455109321103907
2020-02-20,-0.0038016773946403727,3.057816826006504,4.434295243676483
2020-02-21,-0.011083770706811897,3.0128409147368043,4.37713676642369
2020-02-24,-0.03330203617727913,2.8792051414205733,4.196929412273659
2020-02-25,-0.030244514043783543,2.761880467042161,4.039566412718103
2020-02-26,-0.003649007217000465,2.7481533380684313,4.02052420639443
2020-02-27,-0.044792833224881395,2.5802629306950498,3.7988015779681916
2020-02-28,-0.00874649675888553,2.5489481725757677,3.759267416843949
2020-03-02,0.04674586937070452,2.714846840254395,3.978380419349345
2020-03-03,-0.027227060210262152,2.613702481662887,3.838448619671075
2020-03-04,0.04220948550940459,2.766235004197936,4.042643686750455
2020-03-05,-0.03328685165363107,2.6408688983204867,3.8715867390884995
2020-03-06,-0.016666470606050875,2.5801884638461434,3.7885074198331186
2020-03-09,-0.07602904971892545,2.3079901371252616,3.4247259597798676
2020-03-10,0.04919952835006269,2.4707416916584832,3.6432910785011297
2020-03-11,-0.04902009685671534,2.3006055977687443,3.4163806632028635
2020-03-12,-0.0960744316792291,1.9835017907658297,2.996326858104755
2020-03-13,0.09310380921755547,2.2612771722935268,3.367470727745383
2020-03-16,-0.1191042999908907,1.8728450376112349,2.8440706231243627
2020-03-17,0.06152297138835406,2.0495910006633657,3.0745412997392014
2020-03-18,-0.050443240956944316,1.8957597469967746,2.8633547164022644
2020-03-19,0.00402952739014063,1.907428290212565,2.881542648799777
2020-03-20,-0.043389395381194865,1.7812767345860605,2.7132408525433234
2020-03-23,-0.027154600705704607,1.7057522754063101,2.604465665818395
2020-03-24,0.09179772637982492,1.9541341824356473,2.9426645322928606
2020-03-25,0.011580218663975784,1.9883437022309773,2.9881432128093577
2020-03-26,0.06347231860581111,2.178020805802651,3.2370598345728894
2020-03-27,-0.0333640782862822,2.0719890708424176,3.094324506098273
2020-03-30,0.03308771795705333,2.1736341787856013,3.2315499250740087
2020-03-31,-0.016573668274997712,2.121035418680214,3.1637912928562404
2020-04-01,-0.042727792751821814,1.9876804641397503,2.9799914257957387
2020-04-02,0.023896974473122924,2.0590769879251463,3.070852032047041
2020-04-03,-0.01474969196778777,2.0139565446475025,3.00923103547279
2020-04-06,0.06954207562643988,2.223553338610183,3.2912055409811236
2020-04-07,-0.0027879071250978054,2.214566371289339,3.2843265119900877
2020-04-08,0.03319107138789766,2.321261273199938,3.4302354759666294
2020-04-09,0.014450775076087982,2.369256072827872,3.494418114382997
2020-04-13,-0.008543492263837552,2.3404708596347796,3.449003543742174
2020-04-14,0.03166823250788765,2.446257667503517,3.585021101195241
2020-04-15,-0.02110538326225002,2.3735230786103876,3.484011075669285
2020-04-16,0.007191726701558727,2.3977845346131543,3.5100931756413596
2020-04-17,0.02586543215159104,2.485669699958916,3.6309347849172315
2020-04-20,-0.017909315185445647,2.4232437426699938,3.548128817585737
2020-04-21,-0.030188003480909092,2.3199028486502717,3.4086158953160126
2020-04-22,0.022364883669680934,2.3941520896549777,3.5097065498267117
2020-04-23,-0.0008203002467703276,2.3913678658582573,3.5072739143601845
2020-04-24,0.013107933060854624,2.4358216888286606,3.5700064109875322
2020-04-27,0.014053847509333518,2.484108202912719,3.637249804327184
2020-04-28,-0.005628458355453937,2.4644980449867293,3.612939575458862
2020-04-29,0.02491907465315222,2.5508301304054535,3.7355695749475553
2020-04-30,-0.00932218855787625,2.5177286223928257,3.6919433945195532
2020-05-01,-0.02892037622861311,2.4159945871630644,3.560291994918373
2020-05-04,0.004922739472391354,2.432810638554767,3.5796724496658463
2020-05-05,0.009423228069883752,2.4651587961225925,3.6210752366755328
2020-05-06,-0.006947591235113026,2.4410842892423763,3.5888228561539224
2020-05-07,0.011481057288754714,2.480591575102602,3.64161556886695
2020-05-08,0.01660205088663058,2.5383765335480333,3.7199267652830894
2020-05-11,0.0009065506072725627,2.54158425094328,3.7205548847398466
2020-05-12,-0.02074771280154588,2.468104478042231,3.6237820106901877
2020-05-13,-0.01638098563035257,2.4112935084228595,3.543038178807521
2020-05-14,0.011424494762140972,2.4502658132419617,3.5953958883150543
2020-05-15,0.004051225352050267,2.4642436175758795,3.6134390818521496
2020-05-18,0.030648701376724336,2.5704181857071857,3.7587679104506595
2020-05-19,-0.010934524363965794,2.5313773610660237,3.708875088003551
2020-05-20,0.015331436386176966,2.585518448432793,3.787283039201383
2020-05-21,-0.00867559246382094,2.5544119516026784,3.750068632965026
2020-05-22,0.0021543360998227453,2.5620693495836577,3.761248923308033
2020-05-26,0.011409436761591323,2.602710554568135,3.8197607875681534
2020-05-27,0.014288514018233209,2.6541879348307185,3.8912248132750333
2020-05-28,-0.001152342977637324,2.6499770570250494,3.8809145293430136
2020-05-29,0.005534754264658076,2.6701787831073225,3.904403129191195
2020-06-01,0.0032386832784961394,2.6820653297612633,3.9228006969490403
2020-06-02,0.007871477293756514,2.711048623398607,3.9632209902812194
2020-06-03,0.013440341068080458,2.760926382617315,4.03096389001416
2020-06-04,-0.0036524707298765707,2.7471897090875848,4.014016070733213
2020-06-05,0.025397060783523044,2.842357313896674,4.145441709177112
2020-06-08,0.012206879401482969,2.8892605062448165,4.2074009541751645
2020-06-09,-0.007252664268932056,2.861053005538606,4.166787544591721
2020-06-10,-0.0039029529660879574,2.845983497258416,4.139335931815371
2020-06-11,-0.057948774725810503,2.6231134659766036,3.836402610019195
2020-06-12,0.012408916741017316,2.668072379319166,3.8995701098520366
2020-06-15,0.008257985261104566,2.6983632669642486,3.9402964000141205
2020-06-16,0.01901168573718457,2.7686753871377197,4.033976267546597
2020-06-17,-0.003412558768572651,2.755814560899439,4.015852445024759
2020-06-18,0.0007109350936206012,2.758484701275913,4.01883296427542
2020-06-19,-0.0060556113794414425,2.73572477854941,3.9904790934941845
2020-06-22,0.007038668830845297,2.762019308108802,4.022892731985282
2020-06-23,0.004002551639653928,2.777076984658883,4.044528438432848
2020-06-24,-0.024921658631315624,2.682945961423015,3.914101419463405
2020-06-25,0.010643460619242592,2.7221452517262192,3.9679572548386837
2020-06-26,-0.022789138743599856,2.6373207671607988,3.847599026159151
2020-06-29,0.014333130921177505,2.6894549619188326,3.918789306630023
2020-06-30,0.015098840604656412,2.7451614543069036,3.9945872385948915
2020-07-01,0.005505369135706421,2.765779950585682,4.01967071909251
2020-07-02,0.004826964096870117,2.7839572352038724,4.042466302984018
2020-07-06,0.015918615832760344,2.844192596758677,4.12254937050391
2020-07-07,-0.010712680232775974,2.803010990716397,4.067130906073092
2020-07-08,0.008159455635846049,2.834041490177782,4.106793680260804
2020-07-09,-0.004299830977926423,2.8175557598076604,4.077972947992298
2020-07-10,0.01025920786789013,2.8567208578947882,4.1311200349260755
2020-07-13,-0.010170106774628446,2.8174975949700616,4.083079712567462
2020-07-14,0.012821813038913388,2.866444835409269,4.1512253639119985
2020-07-15,0.008263072252771737,2.8983935484456116,4.198009054044977
2020-07-16,-0.003964231144864487,2.8829394153259247,4.180304108931684
2020-07-17,0.002678938134631787,2.8933415698001057,4.195060786388213
2020-07-20,0.009943714116843834,2.932055845329422,4.238735344207061
2020-07-21,0.0012568220460810518,2.9369977398022544,4.247531376474387
2020-07-22,0.0058958534227059115,2.9602097014016526,4.277689369953272
2020-07-23,-0.01287526783526033,2.9092209408123098,4.212668976719814
2020-07-24,-0.006123945620734811,2.8852810843513375,4.180400470401255
2020-07-27,0.007558945574639376,2.9146497126101254,4.218710250893761
2020-07-28,-0.006331733020445049,2.889863195761316,4.184927492910508
2020-07-29,0.011787123201007305,2.935713492484819,4.249367750765933
2020-07-30,-0.0036834590596558432,2.921216452964716,4.229681299188555
2020-07-31,0.006417742820922471,2.9463818117050136,4.269795595690829
2020-08-03,0.0064839118835195424,2.9719698036308335,4.307638121383943
2020-08-04,0.0045633884910730275,2.990095444919612,4.326808940771083
2020-08-05,0.0064768031657614486,3.0159385077289578,4.3610589535537265
2020-08-06,0.005078464308023329,3.036333308103676,4.3955182083845825
2020-08-07,-8.509275789788523e-05,3.035989845370694,4.398933730840739
2020-08-10,0.002831333344265965,3.047417077997011,4.413738785688114
2020-08-11,-0.008392402140478107,3.0134495262482215,4.370595985856451
2020-08-12,0.014544689279625878,3.0718239025469636,4.445765798364563
2020-08-13,-0.002134107935057705,3.0631341908463803,4.434617366303332
2020-08-14,-0.000253868816840333,3.0621026877766866,4.433683250016671
2020-08-17,0.003609798739975849,3.0767660609406757,4.448407675879302
2020-08-18,0.0029893082415701332,3.088952771325599,4.460957479026585
2020-08-19,-0.004977017747329192,3.0686019808147202,4.436905262909441
2020-08-20,0.0031619829020042563,3.0814668307131168,4.454078450035548
2020-08-21,0.0034728920792472945,3.0956413245412104,4.472846517811092
2020-08-24,0.0094535062788384,3.1343594955186305,4.527814246551589
2020-08-25,0.003047653005110054,3.146959588659353,4.547694207692351
2020-08-26,0.008853052514055675,3.183672839671422,4.604256423770163
2020-08-27,0.0026138871309079963,3.1946084882669687,4.613632591415521
2020-08-28,0.007189160635527318,3.224764202492266,4.651426739717789
2020-08-31,-0.001925135096751911,3.216630960650547,4.639022068743044
2020-09-01,0.008062237511133488,3.250626440952111,4.681455726821085
2020-09-02,0.015030296170575812,3.3145146152701015,4.768756465067935
2020-09-03,-0.035662225169232065,3.160649423564397,4.566124027044094
2020-09-04,-0.007980004947237147,3.1274474205806335,4.520854588575809
2020-09-08,-0.027936171537844858,3.0121423414258572,4.36761585991791
2020-09-09,0.020912924614313266,3.0960479717539897,4.475746408077011
2020-09-10,-0.01790199433776329,3.022720544156443,4.379456521311571
2020-09-11,0.00026372004080523186,3.023781416182496,4.382324159983592
2020-09-14,0.012757697085233924,3.0751156006273455,4.450904814533623
2020-09-15,0.005432195862708026,3.09725242673313,4.4793550467844305
2020-09-16,-0.004862898008150086,3.077327906068281,4.4540461984416515
2020-09-17,-0.008163998517156067,3.0440406070891806,4.408164766313559
2020-09-18,-0.01193086251640212,2.9957917145952524,4.347687521386302
2020-09-21,-0.010583379564913207,2.9535027342173557,4.285808905372993
2020-09-22,0.011242124244423847,2.9979485031560964,4.341404753570247
2020-09-23,-0.02435377881625385,2.9005833495914595,4.214698860574743
2020-09-24,0.003404323745613854,2.9138621981102197,4.230277560363535
2020-09-25,0.016359773522407278,2.977892097269214,4.313840260215256
2020-09-28,0.016294381402810504,3.0427093882813443,4.3994493630309774
2020-09-29,-0.005153788359991695,3.021874119693191,4.373463624528474
2020-09-30,0.008229459514606612,3.0549719699340505,4.417814679194926
2020-10-01,0.006804239072284535,3.082562968648894,4.446490672603015
2020-10-02,-0.011170550234126442,3.036958493923617,4.394326079346745
2020-10-05,0.018078929601638767,3.10994238234,4.49127673047496
2020-10-06,-0.01432584371658699,3.05106399008642,4.4145442889113085
2020-10-07,0.018082847408861624,3.1243187620626873,4.508739788634022
2020-10-08,0.007444021095057077,3.1550202779302214,4.552865475455312
2020-10-09,0.00947423878055817,3.194385932181394,4.60169478192805
2020-10-12,0.016553725927222825,3.2638186473357234,4.693651155747621
2020-10-13,-0.005634000862442036,3.2397962893993375,4.657741759127745
2020-10-14,-0.006077951948921233,3.2140270112791534,4.62026973345233
2020-10-15,-0.0021389639591294606,3.2050133593792287,4.611683336545337
2020-10-16,-0.0006869077693214855,3.202124903032571,4.612440462377683
2020-10-19,-0.016356537763042966,3.133392688371095,4.520790085388016
2020-10-20,0.003700606503410764,3.1486887482348322,4.5468887044691595
2020-10-21,-0.003684161695799275,3.1334043080607916,4.534709401339575
2020-10-22,0.005132442822844785,3.154618769335614,4.563594636795877
2020-10-23,0.002398361077985339,3.1645830452858563,4.582765456183018
2020-10-26,-0.017509267734041312,3.0916642457452976,4.478984546766733
2020-10-27,-0.0028967273005070554,3.0798118102201384,4.462407227503485
2020-10-28,-0.03514050327620066,2.9364451699368153,4.269650463518291
2020-10-29,0.011500274281181076,2.9817153690839193,4.33260872130292
2020-10-30,-0.01234263801332943,2.932570497611206,4.267926576493264
2020-11-02,0.012663457350276932,2.9823704363846626,4.332817963351133
2020-11-03,0.01850387114151975,3.056059705777322,4.427738337312297
2020-11-04,0.02070471434819205,3.1400392633646534,4.547403943347277
2020-11-05,0.01994450232822989,3.2226102860917925,4.655357501052063
2020-11-06,-0.00022124433382911338,3.221676057492026,4.65373036880873
2020-11-09,0.010835716391060311,3.2674209419459395,4.719878387892233
2020-11-10,-0.002886818064810063,3.2551016740805814,4.711871733051151
2020-11-11,0.008543077787842305,3.29145333867743,4.755578149151775
2020-11-12,-0.010139083399498379,3.2479419353715233,4.698145926662976
2020-11-13,0.013098422709695566,3.303583274487262,4.775699603934648
2020-11-16,0.01111238164966567,3.3514063342944826,4.842975248868198
2020-11-17,-0.0029885329632826883,3.3384020130278067,4.814976145619833
2020-11-18,-0.009165228734153406,3.2986395662376955,4.747732752280181
2020-11-19,0.004721849150535102,3.318937093821992,4.77041584890517
2020-11-20,-0.007027291864104883,3.288586662320996,4.731219936204729
2020-11-23,0.006811442915170622,3.3177981255581575,4.763520694117186
2020-11-24,0.016458389255800614,3.3888621278365596,4.856668803662477
2020-11-25,-6.102888591509088e-05,3.388594280470463,4.847389390798811
2020-11-27,0.002957769780794534,3.4015747320134064,4.861405461532063
2020-11-30,-0.005048746306138643,3.379352297843961,4.8344690876338285
2020-12-01,0.01127595651083344,3.4287336839000675,4.900230480902684
2020-12-02,0.0007962327704538852,3.4322599867908012,4.9107987775858835
2020-12-03,0.0007961091753563562,3.43578854963385,4.907109509893721
2020-12-04,0.008789014182731604,3.4747747581081807,4.959306354743888
2020-12-07,-0.00028022635476590097,3.473520808289318,4.94777129686801
2020-12-08,0.0034319980556212597,3.4888739230051478,4.964348616131257
2020-12-09,-0.010146330057888446,3.443328326594089,4.916936806541521
2020-12-10,-0.00047551400672882,3.441215461738298,4.909332903312036
2020-12-11,-0.001428281643785005,3.434872155218203,4.901857613146019
2020-12-14,-0.00287461510567176,3.42212360472909,4.876129887394695
2020-12-15,0.012109382550257213,3.4756727911432765,4.952056825735153
2020-12-16,0.0018650639139921729,3.484020206956874,4.962608603309282
2020-12-17,0.006942216039739459,3.515149243960126,4.9969392450766685
2020-12-18,-0.0020172868269528596,3.506040892868559,4.975883280695014
2020-12-21,-0.004601753926458865,3.4853052014970167,4.952539813019371
2020-12-22,-0.001659175693993765,3.477863292126549,4.94019964523242
2020-12-23,6.854322522777405e-05,3.478170219318721,4.944629912959981
2020-12-24,0.0038399400003078675,3.4953661242720706,4.965653625747739
2020-12-28,0.008676918624089994,3.53437205031787,5.01768921262842
2020-12-29,-0.002025531356199213,3.525187537549278,5.004285528867097
2020-12-30,0.0020864098162128664,3.5346289332478245,5.012340561099026
2020-12-31,0.006193569122620444,3.562714470991329,5.0510530932031275
2021-01-04,-0.014123515242226645,3.498272903614355,4.9617708484921925
2021-01-05,0.007244076553185115,3.530858736885256,5.003995657834142
2021-01-06,0.005697446596385129,3.5566730625744247,5.038277528898561
2021-01-07,0.015462149859275916,3.627129024327677,5.127930273627196
2021-01-08,0.00688049022943214,3.6589659403698853,5.161584025234858
2021-01-11,-0.007357358315215393,3.6246882585681997,5.1211963768086965
2021-01-12,0.0014883496907983215,3.6315714119078777,5.123741499541744
2021-01-13,0.002543013464562066,3.6433495603704404,5.137676941290252
2021-01-14,-0.0037459613438601087,3.6259557524112633,5.114639470444513
2021-01-15,-0.00800595320908203,3.5889205671101747,5.070675041592709
2021-01-19,0.007795936135683174,3.6246954987830886,5.12006835764653
2021-01-20,0.014445221946372815,3.691500251697402,5.205355337835398
2021-01-21,0.00024213174916271735,3.6926362128595427,5.207320718502534
2021-01-22,-0.003437462132955685,3.6765054535741015,5.1886328863996125
2021-01-25,0.0040861669331583765,3.6956144355212315,5.211009986194697
2021-01-26,-0.0016130362013895485,3.688040239448968,5.201762824924929
2021-01-27,-0.0255584441355257,3.5682212248839154,5.042514680374859
2021-01-28,0.00959382988677292,3.612047962200597,5.10149340612225
2021-01-29,-0.019679049276573293,3.5212872430865323,4.983664567690937
2021-02-01,0.017504192337493906,3.600428724602576,5.079712960814267
2021-02-02,0.014155970834988072,3.6655522594564918,5.16421017026477
2021-02-03,0.00031872091862143173,3.6670392685585025,5.170428434893031
2021-02-04,0.010579818844388621,3.7164156985594996,5.237398082996676
2021-02-05,0.00384771172601869,3.7345631065476255,5.261708311864999
2021-02-08,0.007385738146389759,3.769531349890144,5.3080408729955355
2021-02-09,-0.002032571212775067,3.759836937769929,5.301016711831961
2021-02-10,-0.001674885193574708,3.7518647573590282,5.298841695804493
2021-02-11,0.002003341840567497,3.761384366848164,5.309313237706
2021-02-12,0.004532095350932278,3.7829634148011575,5.339036621291513
2021-02-16,-0.0014373957094060584,3.7760884037104763,5.335427982584093
2021-02-17,8.57647144135497e-06,3.7761293656962716,5.3333980987291625
2021-02-18,-0.0045399725778485665,3.7544458693477534,5.305430853762575
2021-02-19,-0.0017009004320469015,3.7463590303144363,5.29373493122933
2021-02-22,-0.009659645496786209,3.7005108846811288,5.245066489413959
2021-02-23,0.00047552965650515214,3.7027461170075195,5.252912279597675
2021-02-24,0.012115276412999743,3.759721186115227,5.323892924708216
2021-02-25,-0.02521394201661304,3.639709852113273,5.1690915669947755
2021-02-26,-0.004876593378266515,3.6170838737713797,5.139787060817809
2021-03-01,0.023754272259973515,3.726759341156078,5.285857282763837
2021-03-02,-0.008483486864753993,3.686659940372527,5.235062202311843
2021-03-03,-0.014242768818736432,3.619908926309768,5.1535934961907275
2021-03-04,-0.014132995635221083,3.554615773619113,5.071029415813463
2021-03-05,0.018404960617495726,3.6384432975603973,5.1893900122319625
2021-03-08,-0.006376221779427522,3.6088675543838526,5.156219641220639
2021-03-09,0.016609573135553255,3.68541887710047,5.243358728185882
2021-03-10,0.005856116442058617,3.7128572356245897,5.281008137627732
2021-03-11,0.01073365407829586,3.763443414912178,5.346302276097197
2021-03-12,0.0010315582541319816,3.7683571842849215,5.352746301882739
2021-03-15,0.006635721183475034,3.7999986730630564,5.3939878309229385
2021-03-16,-0.0023520773074762417,3.7887087051082284,5.383951292226926
2021-03-17,0.0029911995268641824,3.803032688321238,5.4023331274999435
2021-03-18,-0.016332189906996447,3.7245886463260636,5.307831237635204
2021-03-19,-0.0010573869949495529,3.7195929277349524,5.304029482676522
2021-03-22,0.007468337794233514,3.7548404419705523,5.348316034155179
2021-03-23,-0.0069758216276959405,3.721671523179211,5.299872960184969
2021-03-24,-0.005438427023375032,3.6959930571720525,5.265429437838941
2021-03-25,0.005557251524531492,3.722089871748211,5.298261953738583
2021-03-26,0.016404475161896016,3.799553277761545,5.403009624347548
2021-03-29,-0.0012855939219881436,3.7933830012393965,5.397451730769941
2021-03-30,-0.003052681266794377,3.7787503307469423,5.377249647002325
2021-03-31,0.0043242617579468175,3.7994148980529676,5.400351227723738
2021-04-01,0.01196024533337332,3.8568170776903283,5.476036672422087
2021-04-05,0.014958041156887505,3.929465547429894,5.569539156188128
2021-04-06,-0.0008552451262793272,3.925249646045293,5.5631435077934315
2021-04-07,0.0008540241075519414,3.9294559279787267,5.572825672268694
2021-04-08,0.004691548284271438,3.952582708480027,5.600567156078001
2021-04-09,0.007730483358269541,3.990868566688386,5.651523101187361
2021-04-12,1.7359804566940843e-05,3.9909552071913232,5.650218878195121
2021-04-13,0.0047330259417913585,4.014577527661278,5.672127936566573
2021-04-14,-0.004585208180299671,3.9915846457606987,5.644854100868779
2021-04-15,0.011189891730754117,4.047439937511655,5.71857337827575
2021-04-16,0.003629717957805856,4.0657607208937865,5.742819497268399
2021-04-19,-0.005541235966241143,4.0376901453907985,5.707038320399872
2021-04-20,-0.00658355000510665,4.004524260408385,5.661414901022957
2021-04-21,0.009459427363186747,4.051864194137023,5.723406397614907
2021-04-22,-0.009613026277504967,4.003300490888398,5.661479404210752
2021-04-23,0.010624210860245347,4.056456610300765,5.73428069112801
2021-04-26,0.0020689471090770506,4.066918151586821,5.74628300380328
2021-04-27,-0.000967738535215182,4.062014699636749,5.744833255326382
2021-04-28,-0.001237114698099904,4.05575240684983,5.739130229576237
2021-04-29,0.004933372421729684,4.080694316344877,5.784705664874426
2021-04-30,-0.005995168403033999,4.050234698314052,5.735891697574396
2021-05-03,0.0018688781489864473,4.059672971588983,5.754402539223003
2021-05-04,-0.007206250991339096,4.023211698221619,5.709294358724205
2021-05-05,0.0004332800249739565,4.025388155511674,5.7140141041726
2021-05-06,0.007734307420408589,4.064256052413281,5.768837094052679
2021-05-07,0.00737024124170196,4.101580841229317,5.818746042296737
2021-05-10,-0.011087066191926395,4.0450192767591435,5.747588013419762
2021-05-11,-0.008464591587394581,4.002315249030845,5.689060023362693
2021-05-12,-0.02215518877745974,3.8914880103642018,5.545583694852678
2021-05-13,0.011747248468829402,3.9489495354042505,5.625264010760973
2021-05-14,0.014930437186187154,4.0228395155802135,5.724099413571581
2021-05-17,-0.0024005630221469202,4.010781872772933,5.7070870911028395
2021-05-18,-0.008100468851183993,3.970192190292458,5.649960865443944
2021-05-19,-0.003257388177355367,3.954002345012616,5.630387294445207
2021-05-20,0.01099026287004901,4.008448133043144,5.70036932008129
2021-05-21,-0.0010162144511959219,4.003358475672281,5.695117030021467
2021-05-24,0.01016243951919143,4.054204803574135,5.761474291153182
2021-05-25,-0.002076251402016058,4.0437110037646375,5.747104239511301
2021-05-26,0.002086544177666572,4.054234929593375,5.759767316549346
2021-05-27,0.0004559248927084601,4.056539281111373,5.767644571702719
2021-05-28,0.0010751917916672132,4.0619760306406665,5.772848091059575
2021-06-01,-0.0004066007729628824,4.059917827273889,5.769513590900283
2021-06-02,0.0015030009602005905,4.067522888626818,5.779308635954187
2021-06-03,-0.004399680332294207,4.045227407840276,5.754708536052909
2021-06-04,0.009265304795004892,4.091972977534028,5.814380277756972
2021-06-07,-0.000736750222976084,4.088221465307442,5.808950997242834
2021-06-08,0.000629782239606135,4.091425936817476,5.810142732968553
2021-06-09,-0.0014472718663918079,4.0840572592993025,5.797721936196859
2021-06-10,0.005437029559701573,4.111699428901328,5.829346590573832
2021-06-11,0.0018580944895749056,4.1211974494425325,5.842653126241341
2021-06-14,0.002058665714084368,4.1317402830467564,5.855073923013036
2021-06-15,-0.0023940884194437956,4.119454443063521,5.841283613437066
2021-06-16,-0.004973602244770153,4.093992312953501,5.804408242248753
2021-06-17,0.0004869703260495896,4.096472936051034,5.80144345548292
2021-06-18,-0.012559060698202855,4.0324660231004215,5.7121781231931745
2021-06-21,0.01358336002438782,4.1008238209026935,5.806163987555556
2021-06-22,0.0049435779546969216,4.126040141094501,5.841042119794957
2021-06-23,-0.0007243783213119844,4.122326948742117,5.833631332816735
2021-06-24,0.0056237920882782205,4.1511338505100275,5.873343271019534
2021-06-25,0.002919476801323525,4.166172466287104,5.896235609692735
2021-06-28,0.0019041647829387402,4.176009709959995,5.912200148671933
2021-06-29,0.0003289424881853703,4.177712319472861,5.914117151948223
2021-06-30,0.0014750860777663014,4.185349890829995,5.923300203342318
2021-07-01,0.004736308027293164,4.209909305142257,5.9594510936043035
2021-07-02,0.008104090337989665,4.252130880803863,6.011647545142351
2021-07-06,-0.001108709386660787,4.246307793996345,5.997471003063853
2021-07-07,0.0032443626069057815,4.2633287188275055,6.020975335396863
2021-07-08,-0.00726124278651326,4.225110411134871,5.960868590487306
2021-07-09,0.010514877469061476,4.280051806870272,6.0393729031547085
2021-07-12,0.003745407883800853,4.299827754534601,6.0636670062260825
2021-07-13,-0.003710106154146859,4.280164830966584,6.038825412682694
2021-07-14,0.0015398682991641663,4.28829558940415,6.047025183775039
2021-07-15,-0.0031447434405970976,4.271665256537433,6.024036090320147
2021-07-16,-0.006996626151906345,4.2347813855394465,5.971082906261874
2021-07-19,-0.01518411668180872,4.1552958541776555,5.860455219448451
2021-07-20,0.014695255547987077,4.2310542441802745,5.9644776225068465
2021-07-21,0.007708110300980479,4.2713757872848275,6.021877593401749
2021-07-22,0.0019868919124417747,4.281849441204025,6.036038402995419
2021-07-23,0.00895868273526448,4.329167854603206,6.1074221930296755
2021-07-26,0.002786524033137465,4.344017708906682,6.124353493201553
2021-07-27,-0.0048137495040845215,4.3182929463106134,6.090780370578633
2021-07-28,-0.00028721946783126495,4.316765429040803,6.089459628477324
2021-07-29,0.0054361695109452525,4.345668267163003,6.119278980220287
2021-07-30,-0.006133124434076124,4.3128826184972,6.080791815961346
2021-08-02,-0.0010682468697091776,4.307207148270858,6.067743293045016
2021-08-03,0.008414627315444335,4.35186531850942,6.125723006005829
2021-08-04,-0.004810451880010636,4.3261204279264325,6.092713892963992
2021-08-05,0.005828553900825391,4.357164007922889,6.135308809011519
2021-08-06,0.0007636992286397099,4.361255269943436,6.147262350983823
2021-08-09,-0.00035047950952261887,4.359376259826001,6.140544579962273
2021-08-10,0.000630581293456901,4.362755782240043,6.147632851001522
2021-08-11,0.001979389489530873,4.37337076467033,6.156751399207823
2021-08-12,0.003177126058115515,4.39044264094668,6.186426012090368
2021-08-13,0.00187671128232703,4.400558945467681,6.197976802451074
2021-08-16,0.001942940586133874,4.411051910630639,6.216841625008311
2021-08-17,-0.006850089834006947,4.3739857189463445,6.165885679898951
2021-08-18,-0.010581224005112702,4.3171223722538965,6.088863367302344
2021-08-19,0.001286402963118543,4.323962334228828,6.09777188683619
2021-08-20,0.008136038680464756,4.367278297713451,6.155558876857862
2021-08-23,0.008945287357892528,4.415290144416279,6.216551360663234
2021-08-24,0.0013039517957918567,4.422351421724824,6.227345418503715
2021-08-25,0.0018854939862065177,4.432575232721584,6.243390979779776
2021-08-26,-0.0055476194708228045,4.402437372583828,6.2011988153438455
2021-08-27,0.008428656315704544,4.447972660464455,6.2646243279278675
2021-08-30,0.00456838555860552,4.472861100090198,6.295909947256798
2021-08-31,-0.0011114368883332563,4.466778360378834,6.2860669181241695
2021-09-01,0.00033288152421651643,4.4685981498919904,6.288337902309089
2021-09-02,0.00304960389349148,4.485275208101841,6.309056011579063
2021-09-03,-7.704558239879592e-05,4.484852591878815,6.306607250315587
2021-09-07,-0.0032690653508588487,4.466922250316136,6.281797121741856
2021-09-08,-0.000815931395893559,4.4624616168131945,6.272195586251336
2021-09-09,-0.004960359142938334,4.435365845389286,6.238702699301039
2021-09-10,-0.00803963664618897,4.3916674789532495,6.182801247586002
2021-09-13,0.0020520504520453696,4.4027314526407135,6.199152805691968
2021-09-14,-0.005480024789953318,4.373124350346782,6.157781876964057
2021-09-15,0.00868339167135709,4.419781293579749,6.21843689896987
2021-09-16,-0.001510304879315695,4.411595771447232,6.207240089517793
2021-09-17,-0.00886374577739045,4.363628762279122,6.14157584434275
2021-09-20,-0.01696215080865725,4.272650082331691,6.02033109014316
2021-09-21,-0.000680583821249012,4.269061601990549,6.0146280643930154
2021-09-22,0.010925125138401777,4.326626759354243,6.081404596245398
2021-09-23,0.011712880051638477,4.389016899666406,6.167335428375852
2021-09-24,0.0011696253902827441,4.395320030660918,6.1778069702773575
2021-09-27,-0.003066549169801886,4.37877501650008,6.157878631745749
2021-09-28,-0.020114821113749452,4.270581919232076,6.012114799941746
2021-09-29,0.0017899156703992762,4.280015816401433,6.023118099830438
2021-09-30,-0.01190668709837198,4.217148320201087,5.939474770993974
2021-10-01,0.011280214825068993,4.275998874027203,6.019219590090064
2021-10-04,-0.012113356270712692,4.212088819982233,5.928068719493685
2021-10-05,0.010024974465466708,4.2643398773143,6.000983280301704
2021-10-06,0.004318796097032578,4.287075487829898,6.029706864476398
2021-10-07,0.008663927489405896,4.332882326487471,6.088041344970082
2021-10-08,-0.00218062251593027,4.3212533232115256,6.0744767965513935
2021-10-11,-0.0062480515673745156,4.288005858045037,6.025905109517714
2021-10-12,-0.0018305155506991451,4.2783260810896975,6.00892503864287
2021-10-13,0.0032936744395281486,4.295711168786478,6.0301096160879935
2021-10-14,0.016681631350118714,4.384052270240881,6.150065093155929
2021-10-15,0.008272389208724317,4.42859124614043,6.203406082965212
2021-10-18,0.0034211667566047535,4.44716336204692,6.227715918521414
2021-10-19,0.006944011340080913,4.484988526204248,6.2811528764881475
2021-10-20,0.003320458922506855,4.50320120529593,6.307831237635202
2021-10-21,0.0034474745263405058,4.522173351264514,6.329724563521826
2021-10-22,-0.0003828256862820831,4.520059321461547,6.321863040853282
2021-10-25,0.006033501722258323,4.553364608884554,6.356628685826164
2021-10-26,0.00289550014321321,4.569444376904894,6.370016243790537
2021-10-27,-0.003906966558080198,4.547684743977238,6.332786105069352
2021-10-28,0.010196726859166649,4.6042529700123405,6.404862124436041
2021-10-29,0.0021505291028722285,4.616305079124211,6.419296679265718
2021-11-01,0.0022725650096579817,4.629068497530593,6.432651985636195
2021-11-02,0.003720131263653133,4.6500093712335016,6.460006843630853
2021-11-03,0.00714544043263358,4.690381176639472,6.508208030646833
2021-11-04,0.00480080331796676,4.717699577472779,6.5396069238665255
2021-11-05,0.0036656034877653116,4.738658396985957,6.567750765975308
2021-11-08,0.00013716591887284486,4.739445545338078,6.5744693236211
2021-11-09,-0.004691111938922491,4.712521163817547,6.54796795292836
2021-11-10,-0.007607333193142565,4.669064111951508,6.485879701554718
2021-11-11,0.00043714394183015767,4.671542308983895,6.490003972452375
2021-11-12,0.0059109344994765275,4.705066424083308,6.544101694781884
2021-11-15,-0.0004138414875421867,4.702705430907839,6.544020672485019
2021-11-16,0.004721019030153022,4.729628011770512,6.5731800464894485
2021-11-17,-0.001824360640504702,4.7191751039411045,6.553477469115122
2021-11-18,0.004318420009300905,4.743872904146659,6.57904433020908
2021-11-19,-0.0013490971110008587,4.736123861805719,6.568443781931984
2021-11-22,-0.0035073594128961915,4.716005213785476,6.544246433642302
2021-11-23,0.001010811249104546,4.721783016155511,6.556748252710859
2021-11-24,0.0025647526328357595,4.736457974210711,6.574082304494333
2021-11-26,-0.022984206434250355,4.6046100399300505,6.401962627482247
2021-11-29,0.014170380868827985,4.684029498817117,6.499670011130688
2021-11-30,-0.018006657807182677,4.581679124665985,6.3574664406432575
2021-12-01,-0.011920929650570386,4.515140320488785,6.270536595726227
2021-12-02,0.013761637062741224,4.591037679929442,6.373737763076601
2021-12-03,-0.009121971146512465,4.540036395534061,6.311440269654747
2021-12-06,0.010814830903284497,4.599950952349804,6.3972098438157134
2021-12-07,0.021377639311454838,4.719664683970977,6.55038446259794
2021-12-08,0.0028514701087291585,4.735974136849274,6.573679552882737
2021-12-09,-0.008173429758445342,4.689091555145477,6.519292352832394
2021-12-10,0.010173983640310798,4.746972279555757,6.591094626963075
2021-12-13,-0.010025493869665628,4.689356044197932,6.52174111409587
2021-12-14,-0.008015476693161433,4.643753143426566,6.465548611411515
2021-12-15,0.016901060777725505,4.739138558318098,6.587598868834298
2021-12-16,-0.009679640978214565,4.68358575754935,6.521257340187409
2021-12-17,-0.010113153611125738,4.626106781721247,6.443881046682172
2021-12-20,-0.011377591864290264,4.562095234973907,6.359109698683541
2021-12-21,0.017750619425806594,4.660825870700021,6.48993946926458
2021-12-22,0.011287306180777943,4.724721345538681,6.566188530231891
2021-12-23,0.006574485029384415,4.762358440322323,6.6132782171947735
2021-12-27,0.013461847384207267,4.839930430219041,6.718637881463546
2021-12-28,-0.001055870277133608,4.833764221257244,6.710840861982796
2021-12-29,0.0012793582739200964,4.841227695781809,6.721650652308106
2021-12-30,-0.0034750489675491668,4.820929143508363,6.698564804071521
2021-12-31,-0.0023382632098685593,4.807318279044846,6.6783469878190775
2022-01-03,0.009041047704733953,4.859822520642265,6.727289174870456
2022-01-04,-0.001884771000799551,4.8487780970855265,6.722423903937401
2022-01-05,-0.02000810790540955,4.731755113804244,6.57266480761133
2022-01-06,-0.0021781996433725115,4.719270206859457,6.565366507899628
2022-01-07,-0.004991120122808164,4.690724642242224,6.534725133824404
2022-01-10,-0.0006787904777623975,4.686861832543502,6.52386735942037
2022-01-11,0.00891860361790356,4.737580699057743,6.592785869082082
2022-01-12,0.0035947078292002995,4.758205625317314,6.614180475199659
2022-01-13,-0.01536405512469572,4.669736236670605,6.5057270177894635
2022-01-14,0.0007833592676444989,4.674177677096701,6.511881565854171
2022-01-18,-0.018235535809601067,4.570706006875965,6.37375349556143
2022-01-19,-0.010473037772939621,4.512363792444011,6.302305202339378
2022-01-20,-0.011137106864401551,4.450972007812105,6.221706895941369
2022-01-21,-0.0192190637345088,4.34620942937894,6.085109596422391
2022-01-24,0.0021469561323985316,4.357687506498433,6.104747670608924
2022-01-25,-0.012192158945500181,4.292365728838884,6.018269348006457
2022-01-26,-0.0006149344551706468,4.289111270802856,6.007765554511052
2022-01-27,-0.0074281163520125305,4.249823136884591,5.970035122772338
2022-01-28,0.024431680179820704,4.378085136765579,6.139739076739088
2022-01-31,0.020309302678174455,4.487310295637142,6.274579844327022
2022-02-01,0.006562043654985849,4.523318265345567,6.324505311680149
2022-02-02,0.0090465273867467,4.573285115298733,6.393520576123552
2022-02-03,-0.02007495542007784,4.461401665065727,6.213184608910051
2022-02-04,0.006996883543889353,4.499614456502596,6.250382496037338
2022-02-07,-0.0032225661928683485,4.481891584881261,6.223543663545038
2022-02-08,0.008654926272396923,4.529336952381682,6.284230150520506
2022-02-09,0.013919697033438136,4.606303647554629,6.389976833916048
2022-02-10,-0.018552335443281897,4.502293621688301,6.256102040896552
2022-02-11,-0.01963919749834002,4.394232990558108,6.118457744512272
2022-02-14,-0.003000162115325111,4.378049417098599,6.091118619002441
2022-02-15,0.01644777372221612,4.466506356977933,6.202922309056756
2022-02-16,0.0014196237939726381,4.474266739472201,6.209269580060607
2022-02-17,-0.021314518012507368,4.357585382448451,6.056626719265567
2022-02-18,-0.007696843442861098,4.316348886527984,6.0060577932829755
2022-02-22,-0.010610888196402164,4.259937702879968,5.934995732563451
2022-02-23,-0.0194243752254327,4.157766699276827,5.807307739202559
2022-02-24,0.015840371682192853,4.239467640843409,5.909123661263829
2022-02-25,0.02187088365615675,4.354059428036493,6.063699257819987
2022-02-28,-0.0015190328817962307,4.345926435714214,6.046445441709136
2022-03-01,-0.014943216611963038,4.266041098993718,5.937412242233028
2022-03-02,0.0183270488326903,4.362552091369929,6.066744280258444
2022-03-03,-0.0061013384787514625,4.3298333459505445,6.029610896318951
2022-03-04,-0.007392303491162561,4.290433600299959,5.973837664355262
2022-03-07,-0.029403639351095977,4.134875598705818,5.767982820126528
2022-03-08,-0.007161570681769825,4.098101824163591,5.719024900590322
2022-03-09,0.025573421212528293,4.2284777294972855,5.8916920680744225
2022-03-10,-0.003695281989946052,4.20915702990864,5.862114209973569
2022-03-11,-0.013141368717061609,4.140701576673537,5.773170606998557
2022-03-14,-0.008705100011785127,4.0959512553178525,5.722906891221628
2022-03-15,0.022044235909141636,4.208287606971566,5.866834742046206
2022-03-16,0.022481790470678706,4.325379237662533,6.020540332191376
2022-03-17,0.012452438441665825,4.391693194798051,6.107228683466296
2022-03-18,0.012057316740066534,4.456702547412992,6.1901152797825345
2022-03-21,-0.0001658684458148502,4.455797452642178,6.1869900216714555
2022-03-22,0.012425301138213857,4.523587378940357,6.268232573323169
2022-03-23,-0.011842617594561986,4.458173645861418,6.179031744221219
2022-03-24,0.014254304945152296,4.53597611745312,6.2820071504143105
2022-03-25,0.004580490811596043,4.561333605192329,6.318899040711693
2022-03-28,0.008875890614022034,4.610695393940102,6.3711922470314315
2022-03-29,0.012154875118808993,4.67889269578312,6.461537614404617
2022-03-30,-0.0065140196508435815,4.641900277167757,6.414576933817323
2022-03-31,-0.01546007020821277,4.554676102775009,6.298519966489762
2022-04-01,0.003924929133627211,4.576477812838653,6.323409544111876
2022-04-04,0.009126444988278123,4.6273712308258785,6.382662801719516
2022-04-05,-0.013248781538759528,4.552815418751166,6.289997679458445
2022-04-06,-0.009984357255415233,4.497374125836976,6.219161379896201
2022-04-07,0.004159329054229676,4.52023951376054,6.24986725715922
2022-04-08,-0.003526914594128049,4.500770100456376,6.230647667069113
2022-04-11,-0.017736016012030266,4.403208353876185,6.108613928755401
2022-04-12,-0.00302783882809209,4.386848309826047,6.084320612308268
2022-04-13,0.012116613069249025,4.452118666458947,6.163484902714206
2022-04-14,-0.012595829843291606,4.3834447074507965,6.076490554609381
2022-04-18,-0.00029130154678582804,4.38187650168048,6.075040806132483
2022-04-19,0.016568356832014183,4.471045351986154,6.188649012196568
2022-04-20,-0.001310187442241865,4.463877257070046,6.184203011984179
2022-04-21,-0.014359048370600605,4.385421179244752,6.078214834946528
2022-04-22,-0.027456582477966125,4.237555918458233,5.881864771426622
2022-04-25,0.005576608542622895,4.266763717535573,5.921077203236133
2022-04-26,-0.02937516719356556,4.11205165276396,5.7262744295990595
2022-04-27,0.0021754487933797213,4.123172659363661,5.740386468489762
2022-04-28,0.024919371067560495,4.250838899905525,5.907190138878471
2022-04-29,-0.03739472356738096,4.054485230746708,5.656566149198983
2022-05-02,0.005944715756220701,4.0845327087375125,5.694343778392181
2022-05-03,0.004690611436766334,4.10838227601173,5.7267251652893805
2022-05-04,0.029931195937058473,4.261282266836433,5.927601464694297
2022-05-05,-0.036556449356170785,4.0689484681003085,5.680634491113073
2022-05-06,-0.0059000951376736045,4.039041189890551,5.642727068920044
2022-05-09,-0.03292730428945409,3.8731191473039326,5.429913353339772
2022-05-10,0.0025156859911610032,3.8853783848760637,5.4457174209737245
2022-05-11,-0.017232072299833916,3.801193191335834,5.339600237560483
2022-05-12,-0.001100807002097429,3.7959080042523885,5.331384340671189
2022-05-13,0.02474292804713594,3.914572810922288,5.482512556489414
2022-05-16,-0.004551867266100877,3.8922023278173814,5.456929962910628
2022-05-17,0.019654623259568082,3.988356721480214,5.587163865628807
2022-05-18,-0.04124023379822636,3.7826357240174158,5.321073663427047
2022-05-19,-0.00586259170267543,3.754597083504872,5.284197898926613
2022-05-20,-0.00022280526937430245,3.753537734220915,5.285116282728446
2022-05-23,0.018270168236392555,3.8403856683431714,5.4017368663249705
2022-05-24,-0.008566273351753256,3.7989216015802345,5.349749656835136
2022-05-25,0.009935063492987185,3.8465991923898013,5.409759646963001
2022-05-26,0.020387448490742793,3.9454089837799238,5.537206539993902
2022-05-27,0.025337210937735683,4.070711854375329,5.6989518231982945
2022-05-31,-0.005872642903126751,4.040933374389931,5.6569201301076095
2022-06-01,-0.00729774340065107,4.004145936123856,5.607107936645244
2022-06-02,0.01886459837990041,4.098547139443244,5.728883662207777
2022-06-03,-0.017241450273383876,4.01064079247203,5.618884488163231
2022-06-06,0.003449195375404415,4.027923471521237,5.639650581511931
2022-06-07,0.00917817017107459,4.07407060875,5.702882584532567
2022-06-08,-0.010701873617254144,4.019768546370133,5.630532033305631
2022-06-09,-0.02377691850667784,3.900413918720706,5.47273403054458
2022-06-10,-0.028823332991229432,3.7591676565465635,5.284310779505255
2022-06-13,-0.03925725668294139,3.5723357902563624,5.040677912771202
2022-06-14,-0.0031875719565754488,3.5577611409152947,5.017882328879693
2022-06-15,0.015401831247115597,3.627959008872333,5.105698306004659
2022-06-16,-0.03223792303689663,3.4787632225263936,4.907190138878474
2022-06-17,0.0024314667001425466,3.4896531861597895,4.920191071028199
2022-06-21,0.025390836159065393,3.6036492346205984,5.0651010222181645
2022-06-22,-0.0010302642395197989,3.5989062594428765,5.057206854643602
2022-06-23,0.01020531043535748,3.6458395254835994,5.114945467274428
2022-06-24,0.03027156724504805,3.7864763690889776,5.301838340852112
2022-06-27,-0.003259898667032644,3.770872941153601,5.283102524670465
2022-06-28,-0.020645453571874903,3.6723761053497004,5.156541763847499
2022-06-29,-0.000602880545318714,3.6695592206953727,5.152159873510784
2022-06-30,-0.008678989466146366,3.629032165407411,5.098271393229487
2022-07-01,0.010905876394616694,3.6795158180300485,5.16263141541229
2022-07-05,0.002258704369971206,3.690085460857582,5.1723938155601745
2022-07-06,0.0037182657322832706,3.7075244449081683,5.194448792728406
2022-07-07,0.014986905943928841,3.778075670992753,5.287146166583376
2022-07-08,-0.0006445171940649339,3.7749961190682555,5.281926128117451
2022-07-11,-0.011976773410155213,3.7178070725158046,5.209511467014841
2022-07-12,-0.009489920352349052,3.6730354591598804,5.152111496119939
2022-07-13,-0.004172125467459903,3.653538968910376,5.124692134937485
2022-07-14,-0.002398586189235114,3.64237705460848,5.106326425461416
2022-07-15,0.018758541896216493,3.7294612790853874,5.223575521826818
2022-07-18,-0.008348230102564335,3.689978648066414,5.171524202461309
2022-07-19,0.02731374535723086,3.81807953059055,5.342032873027008
2022-07-20,0.00583644861589637,3.8462000041981437,5.3794242697176795
2022-07-21,0.010920444970896986,3.8991226646619506,5.4423341501114635
2022-07-22,-0.009087447726721178,3.85460214354004,5.382211279404958
2022-07-25,0.0008971396700025618,3.8589573997050897,5.390604953372808
2022-07-26,-0.01235485499623426,3.798925685598854,5.3168369052628695
2022-07-27,0.02677884753466548,3.9274353848636956,5.48206182079909
2022-07-28,0.012736686533124361,3.9901945847729294,5.5607108723269105
2022-07-29,0.015140793675314455,4.065750091380648,5.653923878372117
2022-08-01,-0.002443099542884958,4.053373959648027,5.635139291487503
2022-08-02,-0.006483007994288569,4.020612895869499,5.59093336899359
2022-08-03,0.0157620959521707,4.0997482780729,5.694005529968375
2022-08-04,-0.0005419687959968704,4.096984373638746,5.688802010611519
2022-08-05,-0.002513523700427593,4.084172982614896,5.677927717098416
2022-08-08,-0.0013406494075902972,4.077356889117667,5.669663442818275
2022-08-09,-0.004339972266690026,4.0553213010308085,5.641326091146109
2022-08-10,0.02138571701320595,4.163432971785485,5.782724158410347
2022-08-11,-0.0014370708554999625,4.1560127527474044,5.777939123149915
2022-08-12,0.017703001242252214,4.247289652914359,5.8953490841726826
2022-08-15,0.004298843755018323,4.269846931269563,5.922720461276411
2022-08-16,0.001848849122692827,4.279590083145167,5.935705267629188
2022-08-17,-0.007188255963427513,4.241639038245546,5.885506055040054
2022-08-18,0.002143142024180311,4.2528726151439935,5.901133132219691
2022-08-19,-0.012848682272391635,4.185380123894661,5.812108506947815
2022-08-22,-0.021287462802597586,4.074996537389924,5.666328942658983
2022-08-23,-0.0020607960141261904,4.064538004753967,5.651410613920846
2022-08-24,0.0027464523382321757,4.078447516999189,5.670807194465269
2022-08-25,0.013890452165438315,4.148989449308756,5.76480957793672
2022-08-26,-0.03358642092927588,3.976053322303872,5.536916275648825
2022-08-29,-0.006573450930852248,3.9433434799604026,5.49333886592379
2022-08-30,-0.011127688506328698,3.888335493535612,5.421729314732252
2022-08-31,-0.007688591888812405,3.8507510769102202,5.3715304954552385
2022-09-01,0.0032449617333788735,3.8664915785329406,5.390621079169756
2022-09-02,-0.010742484605444195,3.8142133676680263,5.322008173025828
2022-09-06,-0.0036557664462334638,3.7966137279734973,5.296119189305017
2022-09-07,0.018619226045604148,3.885922963228084,5.4115964145666675
2022-09-08,0.006515025376730786,3.9177548753222666,5.453981695253862
2022-09-09,0.015462650885086226,3.9937964020978054,5.5525433528284625
2022-09-12,0.010794719469790055,4.047703033347698,5.621897259007788
2022-09-13,-0.04330914792660205,3.8290913159868847,5.335588847241464
2022-09-14,0.0038722100064904658,3.8477905717029053,5.3570475632347145
2022-09-15,-0.011436199333455452,3.792350272398065,5.285100156931494
2022-09-16,-0.007105614209279296,3.7582976802066703,5.239959724838799
2022-09-19,0.006868857462347945,3.7909817487354305,5.28274775713759
2022-09-20,-0.011179740234108573,3.737419817318213,5.211927976684416
2022-09-21,-0.0171293835819657,3.6562707360785636,5.105601551222963
2022-09-22,-0.008741372993691434,3.61556853681489,5.054146099720314
2022-09-23,-0.01790998983530911,3.532903751236363,4.949817306519894
2022-09-26,-0.009840293868655547,3.488298646245866,4.888293064727335
2022-09-27,-0.002172691097504861,3.4785469597342242,4.8758077647678455
2022-09-28,0.019599597724093372,3.5663246785334772,4.991397477296015
2022-09-29,-0.02197639426799918,3.465973327042331,4.864820590676102
2022-09-30,-0.0151821533044051,3.3981702353377905,4.776457123079122
2022-10-03,0.025311283392504158,3.5094935685729025,4.925974332450962
2022-10-04,0.03036605490310533,3.646429097861388,5.107212557669348
2022-10-05,-0.002215485805083163,3.636135000150751,5.0948885156793455
2022-10-06,-0.010226038106401185,3.588725706972789,5.032445890084953
2022-10-07,-0.0284402997348418,3.458220972465509,4.863515581059621
2022-10-10,-0.0074398118270690115,3.425052647346873,4.819583403801715
2022-10-11,-0.006457149448555165,3.39647942108523,4.781644516639029
2022-10-12,-0.0032213415176772994,3.382316859394474,4.762618436112306
2022-10-13,0.02524880340989516,3.492965116257195,4.912248526062787
2022-10-14,-0.02428117116594024,3.383870661226756,4.772348977978415
2022-10-17,0.02706977476857505,3.502541052640728,4.925201080821667
2022-10-18,0.011362500657084194,3.5537011783099066,4.992911728960711
2022-10-19,-0.0064229117000905705,3.5244531577330234,4.952926438834026
2022-10-20,-0.007808576919697037,3.489123617231299,4.905595258229034
2022-10-21,0.024026939338035312,3.596983518063457,5.045704441673739
2022-10-24,0.01158460132544693,3.6502377394198726,5.117539360710438
2022-10-25,0.0164534015712678,3.726749968348413,5.21705126036865
2022-10-26,-0.00787509670498189,3.6895263552473994,5.17112145084971
2022-10-27,-0.006413381850055846,3.6594506320352975,5.1335849219865
2022-10-28,0.02412833014824822,3.7718753951945088,5.284632902132104
2022-10-31,-0.007100804815517824,3.7379912394092605,5.237784708811331
2022-11-01,-0.00471295331221563,3.715661307904238,5.212202115232545
2022-11-02,-0.025463275018003696,3.595585127129313,5.056884732016748
2022-11-03,-0.010191502532563963,3.5487492096675615,4.992766596788175
2022-11-04,0.013536410788204747,3.6103229475421434,5.074380435081829
2022-11-07,0.009196945775013739,3.6527238376959907,5.132779418763308
2022-11-08,0.005293195191957864,3.677351613143191,5.167110060530694
2022-11-09,-0.02121912513596868,3.578102303958981,5.038970544855241
2022-11-10,0.05565033504489622,3.8328752310441097,5.373737763076602
2022-11-11,0.009044835137879442,3.876587790750844,5.432635859839249
2022-11-14,-0.009294915304678339,3.831260320259987,5.3751552599596035
2022-11-15,0.009067697568824022,3.8750687277203637,5.430702730766011
2022-11-16,-0.00829450499000792,3.834632445831655,5.377636272816977
2022-11-17,-0.003114948918246562,3.8195728127243918,5.35793369544265
2022-11-18,0.004575530689914497,3.8416249160412894,5.3881884437032275
2022-11-21,-0.00430142045708456,3.820799051581899,5.3633787084416165
2022-11-22,0.013419001853010539,3.885489362988068,5.449793314480529
2022-11-23,0.006197206835684859,3.9157657510640425,5.4879418370035475
2022-11-25,-0.0003411788560136463,3.9140885957286633,5.4861054627120005
2022-11-28,-0.015311504900414519,3.838846504114093,5.385932798691014
2022-11-29,-0.001844392370568138,3.8299217725395547,5.375767253619411
2022-11-30,0.031605298805445825,3.982572893367596,5.573083685019877
2022-12-01,-0.000648580342731648,3.9793412945327304,5.567380659269732
2022-12-02,-0.0012177049931511464,3.9732779257757747,5.559534869086017
2022-12-05,-0.01806702519981894,3.88342558816508,5.442157159657146
2022-12-06,-0.014661213356283242,3.811828643707459,5.349395282614382
2022-12-07,-0.0019232532999403033,3.8025742783897014,5.337570353705548
2022-12-08,0.007736782779969961,3.8397307523662736,5.385240176046462
2022-12-09,-0.00748104465273874,3.803524510500589,5.338311353740945
2022-12-12,0.013883551623818905,3.8702144910184035,5.428817979083617
2022-12-13,0.007213091531613997,3.9053437939207125,5.475681904889219
2022-12-14,-0.005871876464835668,3.8765402211452615,5.436486385500898
2022-12-15,-0.024765916550679515,3.755768232972346,5.276078363506885
2022-12-16,-0.011411210906883249,3.701499158641643,5.206176966855545
2022-12-19,-0.009226169841387995,3.6581223288948728,5.150274728516266
2022-12-20,0.0007117119643345258,3.6614375702876814,5.156654644426135
2022-12-21,0.014781628501107723,3.7303412087327805,5.248191747525041
2022-12-22,-0.014780551024296158,3.6604241591347746,5.157894757542701
2022-12-23,0.005762228531572459,3.68727858819377,5.194029915319859
2022-12-27,-0.00442206185995531,3.666551152321933,5.1689464348222405
2022-12-28,-0.01209233104902856,3.6101216709308304,5.094791760897655
2022-12-29,0.0174543986399259,3.6905885723538177,5.2012149411408
2022-12-30,-0.0024522098714102737,3.679086264753967,5.1854592508976936
2023-01-03,-0.003875816731246728,3.6609509839220866,5.160714018823877
2023-01-04,0.007258289425229839,3.6947815151602024,5.207159460533053
2023-01-05,-0.011786071796943794,3.6394484831515594,5.1348738058060315
2023-01-06,0.023039864234306727,3.7463407463254317,5.274999115047686
2023-01-09,-0.00042116167328055845,3.74434176951475,5.270182221505478
2023-01-10,0.007004094604997042,3.77757158810687,5.313937014996949
2023-01-11,0.013211875901012898,3.8406922710371427,5.3950674726942625
2023-01-12,0.0034583225873923134,3.8574329464566857,5.41691242119004
2023-01-13,0.004195064441729705,3.877810190688452,5.4425599112687415
2023-01-17,-0.0018556250728376169,3.868758803798068,5.429478350134272
2023-01-18,-0.015628662232430295,3.792666616962336,5.329418960004047
2023-01-19,-0.007880722955038742,3.7548969391381934,5.2810726408155295
2023-01-20,0.019021918416269042,3.8453442007922476,5.39990049203342
2023-01-23,0.011963053839392335,3.9033093143367124,5.475939917640398
2023-01-24,-0.0006970047453539913,3.8998916844766818,5.471332266146402
2023-01-25,-0.0002676547260651733,3.8985802053101244,5.47015626290551
2023-01-26,0.011356278733600955,3.9542098475205263,5.54137879497028
2023-01-27,0.0030744801247993133,3.969441467230813,5.55769849479447
2023-01-30,-0.013185692433752092,3.9039159404763737,5.472653401559832
2023-01-31,0.014800423257633914,3.9764959720152824,5.567429036660577
2023-02-01,0.011067559545821715,4.031573637515103,5.636073801086281
2023-02-02,0.015099973754420744,4.107550267385017,5.733619926765235
2023-02-03,-0.010714692069032155,4.052824439042883,5.663895913880331
2023-02-06,-0.006159594459407118,4.0217010896237975,5.6229765074669835
2023-02-07,0.012398810120685094,4.08396420791688,5.708230842749833
2023-02-08,-0.010958735261405885,4.028250390083856,5.633898785058812
2023-02-09,-0.00879905633059883,3.984006531657152,5.5753228109230175
2023-02-10,0.0019174452130532394,3.9935630911231046,5.589757365752694
2023-02-13,0.011471735486225317,4.050847926038246,5.665200923496813
2023-02-14,0.00024922892993447577,4.052106743462114,5.663331904299248
2023-02-15,0.002918599677710537,4.066851820575343,5.681810494353958
2023-02-16,-0.014262054503870584,3.994588103747261,5.589676736767951
2023-02-17,-0.0024779328415028244,3.982211849855206,5.571440426979593
2023-02-21,-0.020016622821534897,3.882484794439673,5.4397406499875665
2023-02-22,-0.0015830555084061612,3.874755549991126,5.4296073565098615
2023-02-23,0.00530781794049669,3.9006298649549045,5.463873495089453
2023-02-24,-0.010788886862352912,3.847757523787638,5.395760095338813
2023-02-27,0.00300713674804193,3.8623353935830167,5.415414295322294
2023-02-28,-0.0030524797418530446,3.8474932132960094,5.395937085793128
2023-03-01,-0.005166992054521237,3.822446254378564,5.365714589126449
2023-03-02,0.007203986681744986,3.8571870929685383,5.413980672642344
2023-03-03,0.01633973835281765,3.9365522591983275,5.517551946698296
2023-03-06,0.00039195892596254734,3.9384871849198007,5.522030591816702
2023-03-07,-0.01507128210501962,3.8640578513838504,5.42206795646817
2023-03-08,0.0013988704258578342,3.870862038061813,5.431153859768452
2023-03-09,-0.018037572894945376,3.783003508989051,5.312438889129203
2023-03-10,-0.014472326455092822,3.7137823207711067,5.221046524890715
2023-03-13,-0.00048351593048341884,3.7115031319261824,5.211654231448408
2023-03-14,0.017122012824050493,3.7921735489715767,5.314001518184743
2023-03-15,-0.006120412719571807,3.7628434690280557,5.269924208754299
2023-03-16,0.017461012266554096,3.8460075372644322,5.380036656689605
2023-03-17,-0.010326191879920711,3.795966733583098,5.309732115114548
2023-03-20,0.008461081793165726,3.836545800393246,5.366004853471526
2023-03-21,0.012845458306516407,3.898673447819755,5.448649562833533
2023-03-22,-0.016439487508945576,3.818141766863919,5.342484002029447
2023-03-23,0.0032571398976143557,3.833835128645134,5.3614133277744775
2023-03-24,0.005543252883605009,3.860630299160867,5.397290472800456
2023-03-27,0.0014676504494927642,3.867764005404249,5.407826517889757
2023-03-28,-0.0018180349354699802,3.8589142403848005,5.397741601802898
2023-03-29,0.014388000924650824,3.9288243029682564,5.488827969211481
2023-03-30,0.00593620338484099,3.9580828064788225,5.525913369072248
2023-03-31,0.014725968785046478,4.031095379120705,5.620124994591912
2023-04-03,0.0035130081497712416,4.0487696581898325,5.644611820602428
2023-04-04,-0.005482363276106729,4.021090468826251,5.606093191373832
2023-04-05,-0.002744969832184247,4.0073077269646555,5.589628359377104
2023-04-06,0.0036433930290614576,4.025551317031444,5.613213714006978
2023-04-10,0.0006752845873171296,4.028944994378606,5.619802478652939
2023-04-11,-0.00027652512061123434,4.0275543647574885,5.6195287334169315
2023-04-12,-0.00434973406037104,4.005685840296736,5.592157749625325
2023-04-13,0.013412850356915303,4.072826355406366,5.679587494247764
2023-04-14,-0.0023216916710365005,4.0610488167084045,5.665764933077897
2023-04-17,0.003106773278850713,4.076772347935114,5.687802997824938
2023-04-18,0.0007627103007684438,4.08064445449954,5.693522542684152
2023-04-19,-2.5840826930356503e-05,4.080513166445496,5.692958533103068
2023-04-20,-0.006557277935988782,4.047198829555662,5.653118375148921
2023-04-21,0.001145908383648984,4.052982457008393,5.6591273977289696
2023-04-24,0.0006326730200784548,4.056179342679872,5.664798171885217
2023-04-25,-0.015927763365910418,3.975645714574063,5.559421988507375
2023-04-26,-0.0034735202320913664,3.9583627085167716,5.534226020743237
2023-04-27,0.019756298505209432,4.056321602283327,5.662075665385735
2023-04-28,0.007733326036397323,4.095423785778663,5.717059126611058
2023-05-01,-0.0007994952127014917,4.091350018855247,5.714465626487165
2023-05-02,-0.011362269738733402,4.033500726606708,5.636670062261262
2023-05-03,-0.006707822417255581,3.999736897595504,5.590224620552085
2023-05-04,-0.006418864738664256,3.9676442627209294,5.542651552992863
2023-05-05,0.018625312817281067,4.060168191079079,5.663525413862633
2023-05-08,0.0005424624993786657,4.062913142563287,5.666538184707192
2023-05-09,-0.004449545134661928,4.040385482022579,5.636009297898488
2023-05-10,0.0048654216853820705,4.064909082849496,5.665764933077897
2023-05-11,-0.00155034495071057,4.057056726627092,5.6544556363593
2023-05-12,-0.00153508874515054,4.049293695762459,5.643919591269999
2023-05-15,0.002547501020062434,4.0621567766030084,5.6635733979413585
2023-05-16,-0.006286582056180779,4.030333112645642,5.621075236675523
2023-05-17,0.011822241361266412,4.0898029248309085,5.699805310500207
2023-05-18,0.009540382332237658,4.138361590729537,5.763085297599568
2023-05-19,-0.0015043735836129369,4.130631575289392,5.753306771654734
2023-05-22,0.00028166999358906304,4.132076720252312,5.754353768520037
2023-05-23,-0.011033978515017034,4.075449495983628,5.678556229867289
2023-05-24,-0.00685365067608669,4.040664138114036,5.629678546003706
2023-05-25,0.009081678871026485,4.086441831113087,5.687738494637144
2023-05-26,0.01345793539127697,4.154894836647695,5.775007374602217
2023-05-30,0.00022065145960761308,4.1560322717175255,5.775119861868737
2023-05-31,-0.005711214608842534,4.126585064883629,5.733733200655999
2023-06-01,0.009980376586477099,4.1777503144337755,5.800090461787716
2023-06-02,0.014122040412409186,4.250870713619573,5.898925864598324
2023-06-05,-0.001584886385080025,4.242548680115742,5.885103303428457
2023-06-06,0.002061217044821762,4.253354710813504,5.901310122674005
2023-06-07,-0.004332885887378518,4.230592524325626,5.875002261544648
2023-06-08,0.006862090384752519,4.2664853229933595,5.91754919351345
2023-06-09,0.0013199353081576656,4.2734367429210725,5.925490951854616
2023-06-12,0.010105211141126929,4.326725934647666,5.990044483600804
2023-06-13,0.006905285029396949,4.363508495499889,6.038502896743721
2023-06-14,0.001220323072576979,4.37005370866691,6.044270425681661
2023-06-15,0.012065799823268991,4.434847701755888,6.130056518951696
2023-06-16,-0.0037554780850515956,4.41443725031635,6.103877664197929
2023-06-20,-0.004687607215707189,4.389056495192774,6.070240038387214
2023-06-21,-0.005579784200759017,4.3589867229039,6.033154638526447
2023-06-22,0.004081675965917164,4.380860370212447,6.059253257607592
2023-06-23,-0.007891243176287624,4.338398692533451,6.00518778687198
2023-06-26,-0.004944248018192027,4.312004325377573,5.97375664205839
2023-06-27,0.011778912770023693,4.374573960960183,6.053646986639138
2023-06-28,-0.00018601654167074559,4.373574201299012,6.051149454672696
2023-06-29,0.004242928276000519,4.3963738912208905,6.082693086752805
2023-06-30,0.01233772594088377,4.462952873365314,6.169590680075938
2023-07-03,0.0018787650583815799,4.473216478339378,6.177983960731668
2023-07-05,-0.001831357455534098,4.4631930625360186,6.163855402731896
2023-07-06,-0.008295129935801178,4.4178751662179145,6.107099677090699
2023-07-07,-0.0030871241883199405,4.401149512742985,6.086737121977838
2023-07-10,0.0020075680249434617,4.411992687802707,6.103780909416234
2023-07-11,0.006592198301617824,4.447669616807607,6.1516760996023105
2023-07-12,0.007497513859372638,4.488513595260906,6.204678840987792
2023-07-13,0.008994316644353574,4.537879024443522,6.265703576387062
2023-07-14,-0.0006250297934050643,4.534417685060972,6.258260537814942
2023-07-17,0.003853896330959169,4.555746757071423,6.286243908578478
2023-07-18,0.007079670549063648,4.595079613765518,6.338102111692724
2023-07-19,0.0024996987496997223,4.6090656272805175,6.3554046985065415
2023-07-20,-0.008113773564655646,4.56355493887147,6.305704992310696
2023-07-21,0.0003716026253828825,4.565622370493217,6.308072731277307
2023-07-24,0.0040321043529403895,4.588063540680104,6.3375546212207094
2023-07-25,0.0027296470675432,4.6033169819371675,6.3582074406786475
2023-07-26,-0.0002824006633323781,4.601734601504607,6.357063689031653
2023-07-27,-0.006655439651305577,4.564452594921662,6.309797011614456
2023-07-28,0.010471302619391276,4.622719661954344,6.382002037356734
2023-07-31,0.001386935135176856,4.630518009408759,6.39284407927594
2023-08-01,-0.0029380070887504023,4.613975507583779,6.373141501901612
2023-08-02,-0.014386355134813927,4.533210862213532,6.271100605307303
2023-08-03,-0.0023959066444022986,4.519953805543876,6.252574031173868
2023-08-04,-0.004899695884278035,4.492907710601448,6.214134850993653
2023-08-07,0.008592184297868437,4.540103785982118,6.279235873211854
2023-08-08,-0.004335617202057339,4.516084016706431,6.248529995948835
2023-08-09,-0.007212222682620449,4.4763007904419005,6.197509547651681
2023-08-10,0.0003581820513975085,4.478262303093091,6.1993140636614505
2023-08-11,-0.0012300827319556532,4.471523587232933,6.191613012338152
2023-08-14,0.0057073601954124396,4.502751543162967,6.232968208581235
2023-08-15,-0.011591381837090325,4.438967048871527,6.149420847902221
2023-08-16,-0.007914638508307427,4.395919590821113,6.095404147869576
2023-08-17,-0.00800547802519945,4.3527226751110515,6.04067791277119
2023-08-18,-0.00014671874529168937,4.3519373303562645,6.039630915905887
2023-08-21,0.007657440941104255,4.392919474383959,6.088057864079148
2023-08-22,-0.002588976207964543,4.37895733417331,6.068371019189649
2023-08-23,0.01109075615700604,4.438614038345565,6.146440328651558
2023-08-24,-0.014167228783973008,4.361563948996596,6.050263715776879
2023-08-25,0.007130336090458678,4.399793701923429,6.097627147975769
2023-08-28,0.006312652237043458,4.433880721715449,6.142091083220861
2023-08-29,0.01532747231847515,4.517168378059438,6.245710734667659
2023-08-30,0.0037081334891339605,4.537626774887311,6.273484863382983
2023-08-31,-0.001233901588099928,4.530793888415473,6.261869569834482
2023-09-01,0.0010670146042083065,4.536695326267278,6.274934611859882
2023-09-05,-0.0033730329496255824,4.5180198704997405,6.244422244160247
2023-09-06,-0.007248311041530432,4.478023546145013,6.193917034741209
2023-09-07,-0.0028432294430267334,4.46244826830902,6.170815454019796
2023-09-08,0.0014747818216206826,4.470504187716665,6.181045502279193
2023-09-11,0.00787728434720056,4.513596904725861,6.229326924967795
2023-09-12,-0.0066478363057044755,4.476943415047605,6.188149505803269
2023-09-13,0.0017344983745265312,4.486443164498378,6.197074544446184
2023-09-14,0.008428663881274709,4.532686549835652,6.2577452989368245
2023-09-15,-0.012185403709056863,4.465268530630236,6.169493925294244
2023-09-18,6.913599287259567e-05,4.465646377396417,6.174665193057203
2023-09-19,-0.002211300415451871,4.453560191291367,6.159232412065191
2023-09-20,-0.009450982040831193,4.402018691864881,6.091972892928591
2023-09-21,-0.01689952900616045,4.310727120289889,5.975657912849851
2023-09-22,-0.002534098769485378,4.297269213229289,5.959644603167686
2023-09-25,0.004039417070727271,4.318667092917446,5.98764370641605
2023-09-26,-0.015074253655543313,4.238492156049417,5.884684032707787
2023-09-27,0.00018552157456196085,4.239464009362537,5.886262787560275
2023-09-28,0.006133100252284013,4.2715981674001915,5.926844732174063
2023-09-29,-0.0021537267172599406,4.260244585584402,5.908075877774277
2023-10-02,0.000602958558188187,4.2634162950754435,5.908624154870531
2023-10-03,-0.014017372838481135,4.189637026463234,5.81367152931547
2023-10-04,0.00894382389440453,4.236052226103802,5.868928735776801
2023-10-05,-0.0014480422976011255,4.228470201007956,5.859971445539988
2023-10-06,0.011846421360358319,4.290408862079174,5.9410212742525585
2023-10-09,0.006368476022873182,4.324100704068521,5.984776461056151
2023-10-10,0.005297504944501902,4.35230515387335,6.0211531124754165
2023-10-11,0.004555336524286437,4.3766867050299165,6.051294980157352
2023-10-12,-0.006101372710993326,4.343881535492287,6.007249529008685
2023-10-13,-0.005623498147088908,4.313830227579182,5.972081132424208
2023-10-16,0.011005547755936863,4.372311839915746,6.045945935315838
2023-10-17,-0.0002997673548004666,4.370701396206331,6.045253705983407
2023-10-18,-0.013573524959800635,4.297802046753288,5.95084857090036
2023-10-19,-0.009024088366170982,4.2499942129369055,5.8918855776377965
2023-10-20,-0.013055933785509729,4.181450636118492,5.805149242284151
2023-10-23,-0.0013450451322508813,4.174481351162383,5.793678687596068
2023-10-24,0.00751577031198831,4.2133715644813865,5.843040145368112
2023-10-25,-0.014988005328538907,4.1352335236932865,5.7449134909990045
2023-10-26,-0.012366807903061494,4.07172707716841,5.6651041687151205
2023-10-27,-0.0036509199566415887,4.0532106075677365,5.633109800944689
2023-10-30,0.011751755720240988,4.112594704230803,5.712773597743915
2023-10-31,0.006537139804722356,4.1460164505772426,5.75623852020243
2023-11-01,0.011138131193000302,4.20333345692511,5.8272195586250914
2023-11-02,0.019003350093638363,4.302214224260999,5.955971067960354
2023-11-03,0.009207937588570012,4.351036681919223,6.021313583820664
2023-11-06,0.0022669691209419906,4.363167316842162,6.033621893325837
2023-11-07,0.00336577393325285,4.381218525596863,6.053598215936171
2023-11-08,0.0011125514978049616,4.3872054083275325,6.06068648697542
2023-11-09,-0.008482943964386917,4.3415060467240485,6.00360903201949
2023-11-10,0.015901036795206196,4.426441530914824,6.1129804799194
2023-11-13,-0.0004056773677490104,4.4242401463983185,6.107035173902904
2023-11-14,0.019346825822100445,4.529181975727931,6.242601995665649
2023-11-15,0.0013226700231222309,4.536495258979613,6.254168518511184
2023-11-16,0.0005279896297921903,4.539418471061748,6.2628040794332644
2023-11-17,0.0013255986394100834,4.54676151665011,6.272115350578707
2023-11-20,0.00755691258029682,4.58867790853519,6.325858305375345
2023-11-21,-0.00195880332734082,4.5777307876525155,6.311053250527969
2023-11-22,0.0039438103078496545,4.59972829982727,6.340744382519584
2023-11-24,0.0005609943907209701,4.602869715993035,6.345125879544178
2023-11-27,-0.0017620152562737913,4.592997374074541,6.330772347011366
2023-11-28,0.0013869865921754087,4.6007547864424545,6.337957372832306
2023-11-29,-0.0011165911873050613,4.594501033005656,6.331013840653474
2023-11-30,0.003274408452636495,4.612819714476414,6.35875493115066
2023-12-01,0.005779748558710264,4.64526040113146,6.401978359967066
2023-12-04,-0.005665396202383405,4.613277764293424,6.3619446924495335
2023-12-05,-9.356297821341261e-05,4.612752569308258,6.357756704988324
2023-12-06,-0.003956598947409682,4.590545158400462,6.32901581508032
2023-12-07,0.008342526556876253,4.637184429851834,6.387414798761799
2023-12-08,0.004166312133238998,4.660670699739231,6.417669940334497
2023-12-11,0.0035475597153341726,4.680752267075398,6.446780543635958
2023-12-12,0.004033633547976193,4.703666339997616,6.481030949730722
2023-12-13,0.013641221332736691,4.781471314949603,6.583152081997654
2023-12-14,0.0027042129457095915,4.797105644524739,6.603225159389679
2023-12-15,0.0005172825164774519,4.8001043859208234,6.602645417323767
2023-12-18,0.004641273333583322,4.827024255739197,6.637072813872847
2023-12-19,0.005843817519379347,4.861076322170733,6.68187499754174
2023-12-20,-0.014699706840981715,4.774920218462204,6.569072294700848
2023-12-21,0.010595492333171683,4.836108341361598,6.647044849381064
2023-12-22,0.001507759624260199,4.844907789881511,6.659739391388766
2023-12-26,0.004331491704982581,4.8702249594897715,6.692153029879863
2023-12-27,0.0013971768161584928,4.878426701708806,6.703156329768555
2023-12-28,0.0001241107309416174,4.879156277543541,6.7060078426436265
2023-12-29,-0.0029521936922389117,4.86179986946529,6.684227004023523
2024-01-02,-0.005603848512999758,4.828951230983285,6.64072982997111
2024-01-03,-0.008366277659403551,4.780184606521757,6.579479333414558
2024-01-04,-0.003511453834400341,4.759887755121644,6.553493988224176
2024-01-05,0.001697286009620361,4.769663932025395,6.567284297800145
2024-01-08,0.014106320772275006,4.851052662198771,6.674093710545818
2024-01-09,-0.0015349816714938967,4.84207140360335,6.662752162233323
2024-01-10,0.005660728900443546,4.875141786036182,6.706169100613113
2024-01-11,-0.0007200542800674881,4.870911365047143,6.700997832850154
2024-01-12,0.0006625919073250248,4.874801383406246,6.706781094272922
2024-01-16,-0.0037238216265952206,4.852924670962766,6.67802447188009
2024-01-17,-0.005788881626302656,4.819042782874896,6.634897797845377
2024-01-18,0.008643236641000147,4.869338146671388,6.70212506538808
2024-01-19,0.012194983307539889,4.940914627396353,6.796965203676621
2024-01-22,0.001990937850753388,4.9527426191961315,6.814074280927055
2024-01-23,0.0029251890713829984,4.97015551685056,6.836902116412461
2024-01-24,0.0005568226061389515,4.9734798344045075,6.84326511990114
2024-01-25,0.004503182215870825,5.00037950256166,6.88452356136253
2024-01-26,-0.0007296146948309011,4.996001537502029,6.87938454519347
2024-01-29,0.007873192828792393,5.043209213808518,6.938927280521944
2024-01-30,-0.0009149308091419284,5.037680095512713,6.934158764370581
2024-01-31,-0.01615632245951232,4.940133388982231,6.806373229603757
2024-02-01,0.012856809800342352,5.016504554153038,6.903903622797884
2024-02-02,0.010710431239652289,5.080943912483349,6.988352454857541
2024-02-05,-0.003328015622989553,5.060706436140081,6.962898867654344
2024-02-06,0.002322376553770518,5.074781678666659,6.9812964354121885
2024-02-07,0.008208162805868911,5.1246444756952645,7.047073954477993
2024-02-08,0.0005788941820771202,5.128189996749534,7.051665480175039
2024-02-09,0.005967770502514536,5.164761628245941,7.097900893211763
2024-02-12,-0.0010367014805383115,5.158370610738772,7.090216360997534
2024-02-13,-0.013764310304909235,5.073604886679931,6.97958867418411
2024-02-14,0.009555034827300862,5.131638392899422,7.056031244714806
2024-02-15,0.005944652799448883,5.16808885423698,7.102927422114304
2024-02-16,-0.005102774248697175,5.136614489267903,7.064005254649869
2024-02-20,-0.006214606953652706,5.098477842191013,7.015578306476607
2024-02-21,0.0010117386930374994,5.1046479081925895,7.025711599954311
2024-02-22,0.02123657339171295,5.234289711525489,7.195237776842504
2024-02-23,6.981310505487236e-05,5.234724946648062,7.198089289717577
2024-02-26,-0.0033700452627339287,5.213713641377162,7.167045164030757
2024-02-27,0.001708862604862244,5.224332024256234,7.1809809990913855
2024-02-28,-0.0017026929141544566,5.213733898223188,7.167415664048455
2024-02-29,0.005344340190634848,5.246942206029372,7.210123853986744
2024-03-01,0.00813641306111208,5.297769908186522,7.275869121458651
2024-03-04,-0.0009887159305071666,5.29154320275163,7.265993840732126
2024-03-05,-0.010281649719420315,5.226855759346337,7.18173773161161
2024-03-06,0.004896400483890496,5.257344938899517,7.223800889671953
2024-03-07,0.010479503051013493,5.322918804277958,7.308539986076687
2024-03-08,-0.0068429922536914715,5.2796511198795635,7.254297524886761
2024-03-11,-0.0011764777974774291,5.272263249761121,7.245034237820043
2024-03-12,0.011626222194034036,5.345185975962317,7.337393363251211
2024-03-13,-0.0022148127041347913,5.3311325774526575,7.321347801975149
2024-03-14,-0.0028926045526586897,5.312819114535632,7.297456450515371
2024-03-15,-0.006758891401296357,5.2701514557044575,7.243664725015767
2024-03-18,0.00656090372030122,5.31128931571704,7.295748689287294
2024-03-19,0.005455967736633293,5.345723506600151,7.342612615092895
2024-03-20,0.008848797419064061,5.401875528387448,7.41689668870519
2024-03-21,0.003299039918561016,5.422995571309257,7.444138272809088
2024-03-22,-0.001398219146617916,5.414014815922811,7.4322980047275475
2024-03-25,-0.0028917478028046757,5.395467102671709,7.4065376340702045
2024-03-26,-0.002842726805358235,5.3772865369061575,7.383001050143298
2024-03-27,0.008599939992417507,5.432130818438003,7.455351601370234
2024-03-28,0.0009153922055158239,5.438018740854059,7.464791878891267
2024-04-01,-0.00162073106545076,5.427584443880802,7.447747304828628
2024-04-02,-0.0074788436595372015,5.379513544716544,7.3865935630537685
2024-04-03,0.0012867845245176676,5.387722604019836,7.395744362853966
2024-04-04,-0.012310445347703428,5.30908689400676,7.292188427970721
2024-04-05,0.011093873488685874,5.379079105837997,7.384225037462915
2024-04-08,-3.982296419153175e-05,5.37882507199919,7.381084046867008
2024-04-09,0.0015082619656164205,5.388446011240606,7.393198846808797
2024-04-10,-0.009164942474361336,5.329896271047023,7.313824527730407
2024-04-11,0.007857774061862135,5.379635165779934,7.3757192695406655
2024-04-12,-0.014590574214320046,5.286552625433336,7.253846789196439
2024-04-15,-0.01225585543929313,5.209505545244516,7.154624367259062
2024-04-16,-0.0018635825743025729,5.197933618915363,7.137854325056672
2024-04-17,-0.006057754961936144,5.1603880557816275,7.090812622172514
2024-04-18,-0.002831199051101175,5.142946770963683,7.072946812401854
2024-04-19,-0.009464240342630329,5.084808446311298,7.0022395192152
2024-04-22,0.00865296489383997,5.137460080182971,7.072109057584763
2024-04-23,0.012144364658636818,5.211995633474539,7.168688422071037
2024-04-24,0.0007843558831862415,5.216868048795982,7.170428434893012
2024-04-25,-0.004401118321662277,5.18950687692307,7.133037038202341
2024-04-26,0.010800596025447685,5.256357240297445,7.216068373378997
2024-04-29,0.003742445312596238,5.279771315125324,7.242182724944968
2024-04-30,-0.016153915157636166,5.1783284220914325,7.11252895760482
2024-05-01,-0.0033808091327131445,5.157440672937125,7.084658860732045
2024-05-02,0.009383645352790355,5.215219912492814,7.15845916043588
2024-05-03,0.01268277187750358,5.294046128811478,7.260902808641786
2024-05-06,0.01050503490805596,5.360165303107557,7.346205914627603
2024-05-07,0.0012650735430689238,5.368211379962062,7.357418456564508
2024-05-08,-0.00012966289399959317,5.367385659244935,7.35736968586154
2024-05-09,0.004986890843322885,5.399139116484928,7.399916617830343
2024-05-10,0.0013655336114136501,5.4078773560326,7.413771430594107
2024-05-13,-0.00026355223524590236,5.406188545632236,7.411741153427055
2024-05-14,0.005312273606694887,5.4402199719627085,7.452435585307363
2024-05-15,0.011743425637350736,5.515850216291634,7.551463711057114
2024-05-16,-0.0018377018334461443,5.503876026402694,7.533662404474249
2024-05-17,0.0012357910910610497,5.5119134584534875,7.54360218838857
2024-05-20,0.0012340053924224145,5.519949194776207,7.551431459463219
2024-05-21,0.0028031304033475,5.538225462592366,7.572826065580795
2024-05-22,-0.0028692574722605046,5.519465610328499,7.549626943453449
2024-05-23,-0.007479349687696714,5.470704247251939,7.486523946808402
2024-05-24,0.007273524616986346,5.5177690738835645,7.545938462385529
2024-05-28,0.0004648739771035953,5.520799015114783,7.548064707710031
2024-05-29,-0.0073819838615942525,5.472662582020506,7.485090717440574
2024-05-30,-0.006473086236405492,5.430764478947932,7.4343919984581515
2024-05-31,0.007466746819605626,5.4787813691687495,7.502102253285075
2024-06-03,0.0011649535586588,5.486328848580535,7.511591301509075
2024-06-04,0.001871279084249047,5.4984665800884445,7.524382598298468
2024-06-05,0.012346771116872877,5.5787016595634435,7.625376498027476
2024-06-06,-0.00021308724641238978,5.577299822141839,7.623653004314571
2024-06-07,-0.001300543749129713,5.568745755972,7.614035736339224
2024-06-10,0.003237917561357952,5.590014813211358,7.63626731064965
2024-06-11,0.002932670882322224,5.609341157768135,7.659674888200968
2024-06-12,0.009033910361680738,5.66904935333718,7.733313929935317
2024-06-13,0.002595014709589717,5.68635563450807,7.753790545563181
2024-06-14,-0.0004908329118144192,5.683073751102557,7.750342771513129
2024-06-17,0.008090873689219605,5.737145656678467,7.817408781086344
2024-06-18,0.0023433683372810956,5.752933270493978,7.839640355396769
2024-06-20,-0.0027405146792484287,5.734426757738205,7.817312026304652
2024-06-21,-0.001522366497921568,5.724174492059517,7.803538235837751
2024-06-24,-0.0032640730071482288,5.702226295604631,7.77655387786079
2024-06-25,0.004192632779461682,5.730326269266953,7.81107724256732
2024-06-26,0.00204994151164468,5.744123044473236,7.824932055331084
2024-06-27,0.0012601575046495249,5.752621701740009,7.832939103484286
2024-06-28,-0.004377000765620051,5.72306547138155,7.796868448894923
2024-07-01,0.0037098437597583595,5.748006993867002,7.82040503282183
2024-07-02,0.00680284900898344,5.793912666557844,7.875050245623353
2024-07-03,0.0054106473739731435,5.830672132286159,7.920174945231221
2024-07-05,0.005744576963462495,5.8699114540622555,7.968778883858796
2024-07-08,0.0012484499735278347,5.878488194835218,7.977897432065097
2024-07-09,0.0008511852324536501,5.884343062408269,7.984550699898852
2024-07-10,0.010138925283859053,5.95414290234648,8.076265580076313
2024-07-11,-0.009960946063231637,5.884873059980202,7.996730003028436
2024-07-12,0.005407840471798533,5.922105355157158,8.046365206036487
2024-07-15,0.0025370775669649563,5.939667273369895,8.071932067130446
2024-07-16,0.005873332122312862,5.980426244084741,8.129896047606431
2024-07-17,-0.014773898711641965,5.877298133790546,8.002739025608484
2024-07-18,-0.007835267652610698,5.823412662185498,7.932369980845632
2024-07-19,-0.006969069035570081,5.775859828284545,7.86859048735298
2024-07-22,0.010801174924816897,5.849047075555886,7.964300632052508
2024-07-23,-0.0011037238691635103,5.84148761881757,7.950333332022224
2024-07-24,-0.02453495706176532,5.673632013851282,7.743141226583111
2024-07-25,-0.005343958614004598,5.637968400564165,7.698178571568972
2024-07-26,0.010845403993789107,5.709959849566289,7.794645448788726
2024-07-29,0.0010552264121084466,5.717040376423738,7.801798223015769
2024-07-30,-0.005705038060046266,5.678719405425373,7.758139790993869
2024-07-31,0.016613360290846008,5.7896753771891705,7.896460584225753
2024-08-01,-0.01377815032994858,5.696126209150708,7.774636874584495
2024-08-02,-0.019415844008916463,5.56611526720982,7.613342720382546
2024-08-05,-0.0301576339873287,5.3680967662626955,7.355211188943144
2024-08-06,0.010137196073770805,5.432651411799046,7.441721763139508
2024-08-07,-0.00821043938208645,5.379836517316377,7.376428017982164
2024-08-08,0.023550250860663667,5.530083267749202,7.569442794718537
2024-08-09,0.005064918799691462,5.563157609255575,7.609476462236067
2024-08-12,0.00011829794865026756,5.563934017337418,7.609846962253766
2024-08-13,0.01723078930293205,5.677035781388507,7.754902045616268
2024-08-14,0.0034975513654878798,5.700389057003113,7.788378413457496
2024-08-15,0.016959476532713656,5.814024147975409,7.930163499848502
2024-08-16,0.0019282441348905562,5.8271632500737445,7.94793255483747
2024-08-19,0.009682846494427964,5.893269623816607,8.034926902942296
2024-08-20,-0.0017753582977436434,5.88103160039138,8.016996589983842
2024-08-21,0.004347075897773564,5.910943967013259,8.055225741491602
2024-08-22,-0.009518370549901834,5.845163041485619,7.9743371707485196
2024-08-23,0.011535201299282594,5.924123375095565,8.077392812614233
2024-08-26,-0.003505772486403003,5.899848973874695,8.04876519659699
2024-08-27,0.001176318898898044,5.907965396622206,8.063199751426668
2024-08-28,-0.006422479393286751,5.863599131212862,8.009038312533606
2024-08-29,-5.84281543238507e-06,5.863559028469936,8.008683545000736
2024-08-30,0.010410243567397176,5.935010349695516,8.099608654439834
2024-09-03,-0.021528589001319175,5.785709362157027,7.9071421547997165
2024-09-04,-0.001575663124556923,5.775017370141115,7.892868071315286
2024-09-05,-0.0019769171155573106,5.761623722343884,7.8660292388229855
2024-09-06,-0.017985056100150713,5.64001554036942,7.712999358901177
2024-09-09,0.01200955848302078,5.7197591953296545,7.813896503848493
2024-09-10,0.00557222838505725,5.75720322825862,7.853318177706216
2024-09-11,0.011359061735205164,5.8339587168857365,7.947739045274091
2024-09-12,0.007944120095667966,5.888248505661514,8.014805054847306
2024-09-13,0.005624759423466217,5.926993246354911,8.063554518959542
2024-09-16,0.001173767287786144,5.935123924430197,8.07494405135076
2024-09-17,-8.485334404989239e-05,5.934535455973809,8.077344828535512
2024-09-18,-0.002976478295719568,5.9138949616982055,8.051052699890985
2024-09-19,0.017290483556929963,6.033439548847788,8.20471109258167
2024-09-20,-0.001424804090351728,6.023418275409348,8.186844496186769
2024-09-23,0.003246234830453648,6.046217940443826,8.212652850922836
2024-09-24,0.0025423944101884543,6.064132205548581,8.235787469862387
2024-09-25,-0.00159537030646571,6.0528622987869,8.21859737031509
2024-09-26,0.0035387675314404537,6.077820738893568,8.255828295660516
2024-09-27,-0.0013711876869003663,6.068115718246308,8.244228734596843
2024-09-30,0.004258284892655095,6.098213768628855,8.283392395703387
2024-10-01,-0.008747491211527906,6.036122206070227,8.196833050804056
2024-10-02,-0.0001470238271411439,6.035087728455258,8.19810580882664
2024-10-03,-0.001817628191781993,6.022300554668358,8.182639989616488
2024-10-04,0.009061528042935509,6.085933328070407,8.265010560430367
2024-10-07,-0.009772756609150998,6.016684226306504,8.176195963830944
2024-10-08,0.009773657369187182,6.085262893802203,8.265107315212058
2024-10-09,0.007068379421516887,6.135344220236792,8.331013840653453
2024-10-10,-0.0022024249675890294,6.1196291599738,8.311697495781655
2024-10-11,0.00572530738823024,6.160391225404857,8.368050469811255
2024-10-14,0.007477455291559695,6.213932730662899,8.440256282177774
2024-10-15,-0.007441086635145587,6.1602532322339245,8.368420969828954
2024-10-16,0.0045563290407962375,6.192877701975407,8.41225717892941
2024-10-17,-0.00011881166000720424,6.192023104235407,8.410646172483025
2024-10-18,0.003988221038437059,6.2207064820886435,8.448021050064629
2024-10-21,-0.0020064613670447906,6.206218413489563,8.430799485547675
2024-10-22,-0.00031347538852322153,6.203959441372612,8.426321233741389
2024-10-23,-0.009236518132008702,6.137419939370118,8.339680866545194
2024-10-24,0.0033385699300121463,6.161248714957568,8.359721692343324
2024-10-25,-0.00017405340303946543,6.1600022752487185,8.356918950171218
2024-10-28,0.0023197918047999453,6.17661198984919,8.381728292120709
2024-10-29,0.0017654705258104328,6.189282086792446,8.396871595391886
2024-10-30,-0.003125467935011037,6.166812216154427,8.365859721298962
2024-10-31,-0.018597702466476785,6.0335259749252765,8.191517044180683
2024-11-01,0.004280723927330679,6.063634557859641,8.229133415404394
2024-11-04,-0.0026087372446198676,6.045207391306168,8.20318032180791
2024-11-05,0.012662393964834984,6.134416582858854,8.316063260321425
2024-11-06,0.025471564653483596,6.316141336114029,8.551721723808292
2024-11-07,0.00807664660486377,6.375231224197059,8.622702762230952
2024-11-08,0.004388090345585373,6.407594405128417,8.658853652492938
2024-11-11,0.0014827315400348354,6.418577878988685,8.668213694341347
2024-11-12,-0.0032515045079791792,6.3944563395723595,8.64024684268688
2024-11-13,0.000407944396299621,6.39747286659977,8.642485575277902
2024-11-14,-0.006775208514314889,6.34735344544957,8.584151094784218
2024-11-15,-0.013352881521422727,6.249245105396464,8.457606853070322
2024-11-18,0.004224084434578652,6.279866528808615,8.494660001337191
2024-11-19,0.004537112129255658,6.312896099535835,8.532292891669973
2024-11-20,-2.3449349246706816e-05,6.312724616881193,8.532502133718186
2024-11-21,0.0051327248895391775,6.350258820532605,8.583410094748821
2024-11-22,0.003711290952301074,6.377537769590319,8.61664496894794
2024-11-25,0.0027327565785356823,6.397698784463563,8.645691855685849
2024-11-26,0.006203869907053021,6.443593145333939,8.700884558959386
2024-11-27,-0.004222919302149932,6.4121594521631575,8.664009187771072
2024-11-29,0.005902045261017862,6.455906352731706,8.718202878258031
2024-12-02,0.0026946342207973895,6.475997293136837,8.741997474936117
2024-12-03,0.0008550138984990638,6.48238937472761,8.74639549106978
2024-12-04,0.006328789911115294,6.529743845113423,8.805375003441414
2024-12-05,-0.0015350702209790258,6.518185159565189,8.787041152247122
2024-12-06,0.0032477592386569998,6.542602414875102,8.811464261694086
2024-12-09,-0.006302827928114761,6.495062689723961,8.751180526330213
2024-12-10,-0.0026559079375487607,6.475156493233898,8.722279165076964
2024-12-11,0.008894044977845496,6.541640871301154,8.801669216640182
2024-12-12,-0.005533275148416753,6.499910897289699,8.748602758691147
2024-12-13,0.00032600334660552515,6.502355893341458,8.748344745939967
2024-12-16,0.004627268729310151,6.537071310162872,8.78538216172201
2024-12-17,-0.0037518741400297735,6.508793167222712,8.747571494310673
2024-12-18,-0.030371075486333134,6.280743043129728,8.460087865927699
2024-12-19,-0.001018359485062971,6.2733286293934505,8.451903827320182
2024-12-20,0.010282116428374113,6.348113841182701,8.554637739871163
2024-12-23,0.007236526986130853,6.40128866529158,8.624264997974377
2024-12-24,0.011717103634898779,6.488010331614604,8.730543439357104
2024-12-26,-0.0006451517849008011,6.483179428383807,8.726596158913763
2024-12-27,-0.011474590301305963,6.397313010291943,8.619061478617521
2024-12-30,-0.010937960005169303,6.316401496439651,8.516118324018326
2024-12-31,-0.004541491188953212,6.283174123508727,8.475343656465396
2025-01-02,-0.002170311013919851,6.267367370492179,8.454271566286794
2025-01-03,0.013237496018548272,6.363569117124396,8.573357823567983
2025-01-06,0.005714660362719592,6.405649413686174,8.626375510814052
2025-01-07,-0.011712964949120531,6.318907301678192,8.519485075771517
2025-01-08,0.0017701111110305394,6.331862580813496,8.534338901321858
2025-01-10,-0.01503695815229597,6.221613670007419,8.387399066276963
2025-01-13,0.0013426020932293026,6.2313094236372635,8.40218838863951
2025-01-14,0.0006331076379168816,6.235887620865509,8.412965927370921
2025-01-15,0.018771556480237747,6.3717164940252395,8.585343617134185
2025-01-16,-0.0022737953269240723,6.354954719509716,8.565092762663603
2025-01-17,0.010198976476113793,6.4299677296768785,8.660658168502714
2025-01-21,0.009426559967536621,6.50000676603754,8.74536501331355
2025-01-22,0.006678453348663934,6.550095211339185,8.805181493878031
2025-01-23,0.005399634329222939,6.590862964631233,8.857281190634385
2025-01-24,-0.0029433999217561703,6.568520019175075,8.829137348525602
2025-01-27,-0.016270270878817147,6.445378148311346,8.685821491360834
2025-01-28,0.009740571636318992,6.517900387524457,8.77510412938389
2025-01-29,-0.004727800610045759,6.482357253486056,8.729367436116213
2025-01-30,0.005891851837717348,6.526442193820465,8.780693881243272
2025-01-31,-0.004765065210603782,6.49057820596307,8.731332423471228
2025-02-03,-0.007500475135477587,6.434395310378894,8.657290630125283
2025-02-04,0.007439058209299602,6.489700209843746,8.727063413713154
2025-02-05,0.0034227320725897623,6.51533544696606,8.765083323172703
2025-02-06,0.0037991501023611437,6.543887334398679,8.800670203853606
2025-02-07,-0.009666373354329488,6.470965302881384,8.707909113435084
2025-02-10,0.007077316058340091,6.523839685590768,8.77307385221684
2025-02-11,-0.00026008177471890156,6.521882872012639,8.776392619891302
2025-02-12,-0.0027612478970020305,6.501113088750798,8.749763029447214
2025-02-13,0.010650246287645194,6.581001790577473,8.851416906914755
2025-02-14,-3.707519851678121e-05,6.580720723431131,8.850708158473255
2025-02-18,0.0023096829692149613,6.598229784980414,8.874793019496417
2025-02-19,0.0024295557474275477,6.616690107824789,8.89826510023553
2025-02-20,-0.0051537849866860694,6.5774353246988415,8.855364187358099
2025-02-21,-0.01780631992225441,6.442509087117062,8.687191004165113
2025-02-24,-0.006117089029071722,6.396982596431492,8.639054320336928
2025-02-25,-0.0050538308137103045,6.359599497857167,8.59394613983813
2025-02-26,0.0005365689514549967,6.363548430442861,8.59525114945461
2025-02-27,-0.016769797331685876,6.240063215622281,8.443026772755994
2025-02-28,0.01589500059493136,6.355144024741938,8.59273788500334
2025-03-03,-0.017967337101638364,6.222991672618299,8.423936975665717
2025-03-04,-0.012156748834766189,6.135183577018672,8.30863674085838
2025-03-05,0.011396975903417896,6.216503092312416,8.412514405056358
2025-03-06,-0.018958013166129165,6.079692531674945,8.244792744177936
2025-03-07,0.005387078599071744,6.117831391800339,8.29582971158416
2025-03-10,-0.028211091444663664,5.917029599518561,8.04509244801391
2025-03-11,-0.007270916256025337,5.866736456560013,7.976640406527348
2025-03-12,0.005598181655643498,5.905177694625265,8.02050808059746
2025-03-13,-0.014583609543098782,5.804475279301135,7.895204345312251
2025-03-14,0.021231867842004565,5.948946999165443,8.084368596386975
2025-03-17,0.006276005216004006,5.9925586267779405,8.142655092801935
2025-03-18,-0.011339536737223495,5.913266251342403,8.045253705983397
2025-03-19,0.011173200374904296,5.990509560413716,8.14292883803794
2025-03-20,-0.002359764182059825,5.974013606338705,8.122952515427606
2025-03-21,0.0012231491865111717,5.982543865408015,8.130475789672348
2025-03-24,0.018500045132402495,6.111721242057043,8.291592166795741
2025-03-25,0.001385362834663822,6.121573556356278,8.306220231188803
2025-03-26,-0.011989099429542998,6.036192302894319,8.202391337693793
2025-03-27,-0.003485158525537751,6.011670057302564,8.17195920566678
2025-03-28,-0.020023301948374584,5.871273270582818,7.990930222496608
2025-03-31,0.0051888960320848115,5.906927593191915,8.040726683474146
2025-04-01,0.004357820777118744,5.937026745763581,8.074911799756876
2025-04-02,0.007164137552422605,5.986724559575065,8.135969573374284
2025-04-03,-0.04933985011194049,5.642000617032218,7.6938285395140475
2025-04-04,-0.05969117799881218,5.245531775932728,7.174375715336367
2025-04-07,-0.002033378650180296,5.232832244960523,7.155317383215747
2025-04-08,-0.016361578964606934,5.130853268011453,7.027274622321986
2025-04-09,0.0971967207332064,5.7267521009586275,7.791100919956994
2025-04-10,-0.035121630461177854,5.490497599464806,7.4868621952322165
2025-04-11,0.017943740973840244,5.606961407180935,7.640407314032142
2025-04-14,0.007874645058162901,5.658988883175465,7.7090528650820875
2025-04-15,-0.001655922970397606,5.647962110524192,7.694005529968361
2025-04-16,-0.0227504774471625,5.4967177984591205,7.49918702384646
2025-04-17,0.0016707322017032286,5.507572074090385,7.51046406897116
2025-04-21,-0.02403224043006161,5.35118053738989,7.309893766396147
2025-04-22,0.02530336451593363,5.511886773633971,7.518615069360539
2025-04-23,0.01716655578284949,5.623673441185159,7.660544894611963
2025-04-24,0.02136615580680762,5.765195879942935,7.835999858407581
2025-04-25,0.007722059075276047,5.817437122183668,7.901148864704508
2025-04-28,0.0007084414242583907,5.8222668770483,7.906851890454654
2025-04-29,0.005815162017650482,5.861939464265986,7.9585331031145845
2025-04-30,0.0012681770841797089,5.870641618647597,7.9717916547033685
2025-05-01,0.0067685589446157945,5.917145961430744,8.028305886702455
2025-05-02,0.014902987072771472,6.02023209827442,8.161261902607997
2025-05-05,-0.005480523272043281,5.981757552884681,8.102798415738722
2025-05-06,-0.00795269350308937,5.92623377495371,8.032768406023912
2025-05-07,0.003984453314037185,5.953831030072121,8.072028035287907
2025-05-08,0.006211859343353023,5.997027250328373,8.12464375754662
2025-05-09,-0.0005780544687882252,5.992982587458088,8.118151747682353
2025-05-12,0.03339071141032125,6.2264832509333035,8.415027669507634
2025-05-13,0.008136939830458049,6.28528471033196,8.483269682321742
2025-05-14,0.0018551205914591434,6.29879979201274,8.492984491703023
2025-05-15,0.0038586020029936757,6.326962955509649,8.53221265599736
2025-05-16,0.007082806041713752,6.378858412998347,8.598988401225501
2025-05-19,0.0007358904075574068,6.384288444123197,8.6073982009903
2025-05-20,-0.0038446004537769068,6.355898805420101,8.570119291566149
2025-05-21,-0.016390400132553544,6.235332680664693,8.415704166355237
2025-05-22,-9.106455956243759e-05,6.2346737982808405,8.411515392269786
2025-05-23,-0.00662892988980575,6.186715652896422,8.348380144030841
2025-05-27,0.021011544771537213,6.3377196505975615,8.539639175460412
2025-05-28,-0.0054969321975135155,6.297384703193864,8.486491695214513
2025-05-29,0.0038152396275515097,6.325225974490977,8.524543856267961
2025-05-30,-4.742344226158607e-06,6.325191235747871,8.523770604638665
2025-06-02,0.0042739965350191336,6.35649907770781,8.562837510963517
2025-06-03,0.005966190044893346,6.4003893492704975,8.618304746097301
2025-06-04,2.5532640321410192e-05,6.400578300749991,8.619013494538802
2025-06-05,-0.006084420165460282,6.355550072900839,8.568250272368584
2025-06-06,0.010518367335306946,6.432918450520853,8.6666184203798
2025-06-09,0.0013986500426051022,6.443314502228355,8.675511207428817
2025-06-10,0.005931345774806691,6.487463374251704,8.728561932893024
2025-06-11,-0.002866886825203296,6.46599766414987,8.70186783926114
2025-06-12,0.004032050195778294,6.496100941493285,8.738952452497667
2025-06-13,-0.010549477123807806,6.417020996093248,8.628937545968293
2025-06-16,0.009320172041584938,6.4861489078128844,8.71937888149893
2025-06-17,-0.008458037190542967,6.422830781936661,8.638200833035011
2025-06-18,-0.00014187401684075032,6.421777675117299,8.63522031378435
2025-06-20,-0.00253647819026028,6.402952497911403,8.614228459278369
2025-06-23,0.010040608409797178,6.477282645019262,8.706587584709537
2025-06-24,0.011069639249354902,6.560053466465088,8.814541535726443
2025-06-25,-6.473472633876896e-05,6.55956406847283,8.814509284132546
2025-06-26,0.008155315674192714,6.62121469981051,8.893222838848162
2025-06-27,0.0053308822667874674,6.66184249810511,8.944855280805125
2025-06-30,0.005110932957615281,6.701001661444733,8.996214764150324
2025-07-01,-0.0011008249074681352,6.692524207003362,8.985033687183074
2025-07-02,0.005518487706333977,6.7349753072703855,9.032413638491033
2025-07-03,0.008406696085144612,6.800000893904706,9.116073486436566
2025-07-07,-0.007968123736843196,6.737849521634585,9.036537909388688
2025-07-08,-0.0008997353403469453,6.730887504961684,9.029352883567746
2025-07-09,0.006031009780053588,6.777512563112602,9.090151857809737
2025-07-10,0.0028551546934417783,6.799718564610476,9.117861483337267
2025-07-11,-0.0032111145708207858,6.774672774679354,9.084497602762559
2025-07-14,0.0016269387009866072,6.787321690703987,9.098690663950126
2025-07-15,-0.004045021079205245,6.755821810314537,9.058737232105218
2025-07-16,0.003536005692323547,6.783246440384456,9.09086139287548
2025-07-17,0.005442393732723335,6.825605932031845,9.145087334956337
2025-07-18,0.0001187355779353193,6.826535109874879,9.144169344466624
2025-07-21,0.0014582689090330407,6.837948302691064,9.158362405654191
2025-07-22,0.0005420565829094401,6.842196914165042,9.164838683033631
2025-07-23,0.008022342227802223,6.905109701628289,9.244245253705918
2025-07-24,0.0007465377842256147,6.911011164709002,9.25139802793296
2025-07-25,0.0040450931705461705,6.943011941943482,9.292140443891993
2025-07-28,0.00042056539933635486,6.946352497932779,9.293960692386591
2025-07-29,-0.002806580169825809,6.924050422589635,9.263496308765681
2025-07-30,-0.0013461923064714111,6.9133831268746535,9.250672760382392
2025-07-31,-0.0036458209808608454,6.884532348641104,9.2127983764075
2025-08-01,-0.01652412778577717,6.754247328581064,9.0494739450385
2025-08-04,0.01549977267968371,6.8744363994761155,9.197574050839458
2025-08-05,-0.004815731586664903,6.836515227379975,9.148035602613101
2025-08-06,0.007683987927098374,6.8967309157776855,9.221932657098627
2025-08-07,-0.00048377889697519445,6.892910644005541,9.213780870085007
2025-08-08,0.007922898489912358,6.9554453738279465,9.293445453508474
2025-08-11,-0.0021348578636144785,6.938461628713075,9.267669350366303
2025-08-12,0.011188867929951876,7.027284027443736,9.384160534275116
2025-08-13,0.0024410692053236003,7.046879183285515,9.417702191928381
2025-08-14,0.00030278940513803524,7.049315693046639,9.420859701633358
2025-08-15,-0.0026398732158351406,7.0280665201427635,9.390669063248454
2025-08-18,-0.0001148578235194087,7.027144433895192,9.389622066383152
2025-08-19,-0.0064713467110084355,6.975197999164114,9.328758588953368
2025-08-20,-0.002653580406192924,6.954035170018023,9.303642463549732
2025-08-21,-0.004329349257248441,6.919599373762577,9.262384808712582
2025-08-22,0.01569019429106974,7.043859426644346,9.418233949915566
2025-08-25,-0.004141217632733606,7.010548054151496,9.373785747155301
2025-08-26,0.004041236029490383,7.042920569563897,9.416670927547905
2025-08-27,0.0021668950250026218,7.060348734132576,9.44157702427909
2025-08-28,0.0032354970049536763,7.086427968320745,9.474538153242202
2025-08-29,-0.00667277717185635,7.032469036371873,9.407520127747711
2025-09-02,-0.0067957656299543635,6.977882259370825,9.33547635997492
2025-09-03,0.005264552426060802,7.019882238774224,9.388188050391083
2025-09-04,0.008589085729513316,7.088765694863657,9.474892920775073
2025-09-05,-0.0026724524488256325,7.067148853174441,9.441738282248577
2025-09-08,0.002902420758207358,7.090563113465443,9.463728362916893
2025-09-09,0.002925682759866466,7.11423353448412,9.491856472540846
2025-09-10,0.004600976951297743,7.1515669359537295,9.523158610978845
2025-09-11,0.008217439307810395,7.218551942513484,9.612456981486728
2025-09-12,-0.0004917266721972192,7.2145106613165115,9.607333697802494
2025-09-15,0.0053175869427789565,7.258192035950447,9.657258378531381
2025-09-16,-0.0007986832612635029,7.251596356203034,9.643532572143204
2025-09-17,-0.0009303514955229047,7.243919471192589,9.633206555726357
2025-09-18,0.0046918424591640695,7.28259864259746,9.684130249241818
2025-09-19,0.005150509327405669,7.325258244161315,9.736326700779866
2025-09-22,0.004616206643569803,7.363689356577446,9.78367440049393
2025-09-23,-0.005843371102429336,7.314817215881526,9.724340907213668
2025-09-24,-0.0029207270184348918,7.290531904585752,9.693812807029204
2025-09-25,-0.005494107853747274,7.244982828137024,9.640246842686881
2025-09-26,0.005848779702884209,7.293205916352861,9.703043842502025
2025-09-29,0.002622168479583278,7.314952099501415,9.731252187798601
2025-09-30,0.0038136364798490438,7.346662304156272,9.77515211346261
2025-10-01,0.004538791676963432,7.384546065552801,9.811786777633056
2025-10-02,0.00017714135578907205,7.386031315410529,9.81847229706071
2025-10-03,-0.00022679784129372158,7.384129381611173,9.81918104550221
2025-10-06,0.004140886928105862,7.418847113371035,9.858634184329588
2025-10-07,-0.0044009882980476445,7.381795865742037,9.81724752311685
2025-10-08,0.0061451019068312195,7.433302855499278,9.880286803198343
2025-10-09,-0.002628126737397125,7.411139066780173,9.850305406861652
2025-10-10,-0.02733342877590901,7.181233796174071,9.556135472426785
2025-10-13,0.016180192808405207,7.313607736406809,9.720797165006164
2025-10-14,-0.0017101432993226414,7.299390275843196,9.704026336179533
2025-10-15,0.0046161815409176965,7.337701768035416,9.74712075862035
2025-10-16,-0.005939700176958577,7.288178319368388,9.67947422035698
2025-10-17,0.004677233858046944,7.326944067625268,9.735762691198786
2025-10-20,0.010297944181923478,7.412694472839673,9.850337658455551
2025-10-21,-3.756136432690347e-05,7.412378480557608,9.850692425988422
2025-10-22,-0.005417764923848399,7.366802191499506,9.79277642959116
2025-10-23,0.00639470674289013,7.420305437889917,9.855670184187996
2025-10-24,0.007910587085959693,7.486914997346725,9.941456277458032
2025-10-27,0.01253913284934045,7.593333551979516,10.075927331652508
2025-10-28,0.0024274376026937492,7.614193332976081,10.101268431589185
2025-10-29,0.0006471978893613734,7.619768420719733,10.100784657680725
2025-10-30,-0.01065179774673175,7.527952390878561,9.990833467714905
2025-10-31,0.003385872082592369,7.556826946800513,10.019606609216806
2025-11-03,0.002207703395206204,7.575717882703156,10.038568186555736
2025-11-04,-0.012726009641021933,7.466583214249193,9.909010387373039
2025-11-05,0.004123221061925275,7.501492808480728,9.948867064436255
2025-11-06,-0.011647053000228575,7.40247547115929,9.82647855858967
2025-11-07,0.0007977597209918926,7.409178627646803,9.84013986179005
2025-11-10,0.01593964179934322,7.543217922798185,10.00708905766342
2025-11-11,0.0019777247385814843,7.560114056231196,10.029932625633654
2025-11-12,6.715195639946851e-05,7.5606888846370754,10.036876157812484
2025-11-13,-0.01786080876727998,7.407788057552393,9.854140200038476
2025-11-14,-0.00019728141706814336,7.406129357209991,9.848694400415269
2025-11-17,-0.008647131514680967,7.3334404511287765,9.74929577464782
2025-11-18,-0.008566857439579762,7.262049054802729,9.66054489461195
2025-11-19,0.004197470197113341,7.29672875947735,9.700562829644653
2025-11-20,-0.01587527614554119,7.1650158993159945,9.533984133788984
2025-11-21,0.009397689812213127,7.241748186049556,9.637459832999607
2025-11-24,0.0162758484229009,7.375889630265416,9.801991732579156
2025-11-25,0.009380824774465774,7.4544623832172014,9.89987610668191
2025-11-26,0.007151825323947988,7.5149272213898595,9.975158406456542
2025-11-28,0.00539820199270014,7.560892518484064,10.033927890155722
2025-12-01,-0.005268657038401281,7.515788111861555,9.97519065805044
2025-12-02,0.002538814000335797,7.537408113943842,10.002159283542573
2025-12-03,0.003672785704547244,7.568764184418621,10.03494342205137
2025-12-04,0.001198127367597473,7.579030655294462,10.046864712429777
2025-12-05,0.0020308314724377307,7.596453220752242,10.068258531923112
2025-12-08,-0.003561949804289218,7.565833085885002,10.029771367664171
2025-12-09,-0.000375194270300165,7.56261923439083,10.020105328985858
2025-12-10,0.0068950105015246985,7.621658583932511,10.094486157379846
2025-12-11,0.001325696011192741,7.633088282327096,10.117555486507362
2025-12-12,-0.010894371512427333,7.539036211279841,9.999001773837598
2025-12-15,-0.0015776764201543556,7.52556437519846,9.981441174272602
2025-12-16,-0.0019380601319934983,7.5090413187801435,9.955262319518836
2025-12-17,-0.012508682367253205,7.402604423673688,9.828267342114618
2025-12-18,0.008502989648837552,7.474051682111462,9.914181655136002
2025-12-19,0.009225997054711516,7.5522332579720945,10.010423557822715
2025-12-22,0.006430931781257283,7.607232086631512,10.081292108978857
2025-12-23,0.004317658280045083,7.644395173518626,10.13171629610103
2025-12-24,0.0032447640281477075,7.672444196022752,10.167576922017938
2025-12-26,-0.000357248320389749,7.669345979900049,10.164177918670852
2025-12-29,-0.003759086701512216,7.6367571567161985,10.125192034642865
2025-12-30,-0.0015188095598038139,7.623639567380874,10.109887473402202
2025-12-31,-0.00747079712448046,7.559214105698329,10.028144628732958
2026-01-02,0.002708667152453496,7.582398167797249,10.049039728457247
2026-01-05,0.00630964779117529,7.6365500774396775,10.119246728626372
2026-01-06,0.00631729467600386,7.691109709262928,10.188149505803256
2026-01-07,-0.0035115323136430746,7.660590596677434,10.149663128168557
2026-01-08,-0.00018312686307856525,7.659004609889056,10.150516615470474
2026-01-09,0.007095183394588861,7.72044183561081,10.222721641212752
2026-01-12,0.0020825105387193223,7.738602247635757,10.240426979638166
2026-01-13,-0.0014732437634572256,7.725728156373094,10.218630408533233
2026-01-14,-0.005498066363181619,7.677753523902272,10.158797408859684
2026-01-15,0.0026214283261174398,7.700501632796895,10.187586282846413
2026-01-16,-0.0006115311074211213,7.695181005398272,10.18040047040123
2026-01-20,-0.020689742417599313,7.51527995012218,9.949785054925973
2026-01-21,0.012065896670827792,7.618024438123525,10.076668331687912
2026-01-22,0.005603395015947198,7.666314633307417,10.137451573445071
2026-01-23,0.00010202048612045203,7.667198774939179,10.141092070434269
2026-01-26,0.0046445359021488495,7.707453890820442,10.196865302397958
2026-01-27,0.004488764394083319,7.7465395998086795,10.242569744071735
2026-01-28,0.000196092104650894,7.748254727167218,10.241650966957781
2026-01-29,-0.0014250663828043063,7.735787883447324,10.227119657346412
2026-01-30,-0.004268336841542418,7.698500598184507,10.17882171554874
2026-02-02,0.005648521026623768,7.747634261713452,10.239089718427785
2026-02-03,-0.008188290007406163,7.676006095499821,10.144636599266013
2026-02-04,-0.005996758234438462,7.623978184504594,10.088106634782099
2026-02-05,-0.012641559477346796,7.514957651353837,9.952266067783345
2026-02-06,0.020191290896509215,7.68688563826378,10.167979673629537
2026-02-09,0.005387561859266787,7.733686772004301,10.220369634730966
2026-02-10,-0.003585600126937289,7.702371263605972,10.18330075397927
2026-02-11,0.000676857426386072,7.708261528222913,10.182753263507257
2026-02-12,-0.015379745664933685,7.574330680735118,10.00762002902637
2026-02-13,0.0007243728929943094,7.58054169345581,10.013113812728303
2026-02-17,0.0003395555689620583,7.5834552641725335,10.024471880149868
2026-02-18,0.005542109372125587,7.631025712037324,10.08583486397294
2026-02-19,-0.0026494320090363664,7.608158396245036,10.05454924464401
2026-02-20,0.006843230549543186,7.667066008757526,10.131264773786471
2026-02-23,-0.010234675188292063,7.578361403322406,10.015659328773474
2026-02-24,0.007885124826795013,7.646002853796963,10.099946902863644
2026-02-25,0.008183906041150279,7.716760928783955,10.190260018642933
2026-02-26,-0.006158035844715389,7.663082802534689,10.130217776921171
2026-02-27,-0.004199472530338817,7.6267024242773935,10.081919835123498
2026-03-02,0.0012760438033056353,7.6377104744488555,10.086334370366231
2026-03-03,-0.010053898994599002,7.550867805794157,9.981634683835992
2026-03-04,0.007928869593477259,7.618666521537362,10.06680878344622
2026-03-05,-0.006526084981719354,7.5624203713887095,10.004317780460982
2026-03-06,-0.01374095944401572,7.444764500322842,9.858215700233176
2026-03-09,0.008997871563354297,7.520749406679521,9.948384077152047
2026-03-10,-0.001719718684457894,7.50609611471927,9.925007964570385
2026-03-11,-0.0004929492128593874,7.501903041335012,9.915857164770188
2026-03-12,-0.015473676802715185,7.370347341465374,9.74963402307163
2026-03-13,-0.0058252604930750865,7.321587887783819,9.684500749259533
2026-03-16,0.010108768953545764,7.405708897068051,9.792744177997275
2026-03-17,0.002571411404199414,7.427323432786352,9.81966403278644
2026-03-18,-0.01342138044367958,7.314217118872991,9.672434720020709
2026-03-19,-0.00252841327202457,7.293195341963138,9.643098355561966
2026-03-20,-0.0159557202775115,7.160871436880013,9.481981191814333
2026-03-23,0.01184625027796505,7.25754716240759,9.60203342366396
2026-03-24,-0.003557672505367139,7.228169513906121,9.5623545236793
2026-03-25,0.005644479712022482,7.274613249794445,9.619593236604716
2026-03-26,-0.017912469013241533,7.126394496360945,9.434746765991033
2026-03-27,-0.016533040294786513,6.992040488701278,9.260258563388094
2026-03-30,-0.004455555076892281,6.956431512127116,9.21977416018024
2026-03-31,0.029481022011874573,7.190995244672109,9.517487836822612
2026-04-01,0.00789516210723862,7.2556644799484165,9.592882623863765
2026-04-02,0.0008064089774571414,7.26232192189992,9.604755930163446
2026-04-06,0.004458780767556103,7.299161803980644,9.651700878265911
2026-04-07,0.0005636616985955835,7.303839723619994,9.659788162091736
2026-04-08,0.025686474136692276,7.517136087915997,9.927150729003959
2026-04-09,0.006385343742494996,7.57152092953895,9.994571506110047
2026-04-10,-0.0007960696540091659,7.56469740183824,9.98205395455666
2026-04-13,0.010400493508806478,7.6537744815709505,10.093777408938353
2026-04-14,0.012407650175382803,7.761147488034936,10.22449390562863
2026-04-15,0.00838239633521327,7.834586898630903,10.314018037293794
2026-04-16,0.0026180993379619367,7.857716724741374,10.34354712469168
2026-04-17,0.012489720943988836,7.968347134834298,10.480128691725831
2026-04-20,-0.0023028182894586713,7.947694661025988,10.452870588512864
2026-04-21,-0.006144674388418186,7.892713990806996,10.380165269753055
2026-04-22,0.010828317549985141,7.989007121780649,10.499202756331279
2026-04-23,-0.004318044841569691,7.950192185947611,10.451678066162902
2026-04-24,0.00798774842874759,8.021684069517903,10.542990194728766
2026-04-27,0.0009211890046462513,8.029994745686135,10.557215507510229
2026-04-28,-0.00539681030770972,7.981261576964052,10.500652504808174
2026-04-29,-6.606505296064945e-05,7.9806682294423155,10.49606176573537
2026-04-30,0.011525862823807366,8.084178179520991,10.613761204478973
2026-05-01,0.0034004068389281456,8.115068081128676,10.647770116931627
2026-05-04,-0.0037602461417610878,8.080793181544722,10.600454668811462
2026-05-05,0.008665791201663315,8.159485439201475,10.694650561846297
2026-05-06,0.015066637861009334,8.297488089307112,10.86525598719369
2026-05-07,-0.004136752211263552,8.259026684894474,10.820131287585822
2026-05-08,0.009188821696971152,8.344106230189468,10.919724209540897
2026-05-11,0.001766422233526642,8.36061186718691,10.942132774305637
2026-05-12,-0.0021926957842340485,8.340086893007877,10.922994206512394
2026-05-13,0.006641791302389602,8.402121800897419,10.992734738506366
2026-05-14,0.0074957202187276445,8.472597475379345,11.08454637346552
2026-05-15,-0.012999988031948758,8.349453821567945,10.935141258048079
2026-05-18,-0.0014649325941892897,8.335757501926862,10.92636095826558
2026-05-19,-0.006517511959585052,8.274911590756268,10.846712893951182
2026-05-20,0.011188520949932484,8.378684133398217,10.9745629319058
2026-05-21,0.001561739270072415,8.39333119271095,10.995103264097217
2026-05-22,0.003618464695790511,8.42732063000764,11.039808692984419
2026-05-26,0.006849543194183529,8.491893469868295,11.113350979937076
2026-05-27,0.00037790729468837377,8.495480525650963,11.115348218885988
2026-05-28,0.006196351048894761,8.55431785636584,11.185056499286064
2026-05-29,0.002039438544593324,8.57380330046941,11.211525618384908
2026-06-01,0.002596560751882819,8.598662262365654,11.243584489343133
2026-06-02,0.0021739461625283384,8.619529237356328,11.259404289461912
2026-06-03,-0.007168576079310474,8.550570910171189,11.169027457119071
2026-06-04,0.0042870505019672565,8.591514689985711,11.218372395782046
2026-06-05,-0.02817306698088975,8.321292304176556,10.895253116015203
2026-06-08,0.0039042311184373244,8.357684783654573,10.930678738726616
2026-06-09,-0.003216658235095151,8.327584309833805,10.8999406098697
2026-06-10,-0.016512340749981858,8.173564059335645,10.707168113399678
2026-06-11,0.018215952579762808,8.340669267227918,10.912264651859703
2026-06-12,0.005089358953750367,8.388207285997106,10.97212990312715
2026-06-15,0.017250938891168084,8.550162676185462,11.170009950796578
2026-06-16,-0.00636667961348962,8.489359850169482,11.100833428383687
2026-06-17,-0.01209496843035288,8.374586342357425,10.953829090150997
2026-06-18,0.011517884708649562,8.482561747039977,11.083482857491143
2026-06-22,-0.00380551820057556,8.446475685723536,11.038712925416146
2026-06-23,-0.015098905086275557,8.303844245944987,10.865803477665695
2026-06-24,-0.0012699618416737502,8.29202871877176,
