Date,Daily_Return,Cumulative_Return,Benchmark_Return
1996-01-02,0.0,0.0,
1996-01-03,-7.021302659732031e-05,-7.021302659726558e-05,0.0011275393338876505
1996-01-04,-0.00124229267310947,-0.001312418474578303,-0.004697953117731246
1996-01-05,-0.00018916919294336765,-0.0015013393983779322,-0.00628894124469459
1996-01-08,0.0005236089532718751,-0.0009785165598569234,-0.003182052718007644
1996-01-09,-0.00279445515326368,-0.0037702372924773853,-0.017614189164183447
1996-01-10,-0.004501928477172026,-0.008255192431016689,-0.03521583821913321
1996-01-11,0.0017915294328446803,-0.006478452418385849,-0.028375590952647523
1996-01-12,-0.00012301671374564228,-0.006600672174204791,-0.029803787051817188
1996-01-15,-0.0009408977325003888,-0.007535359349223447,-0.033010919988291754
1996-01-16,0.0034400095740844505,-0.004121271483444433,-0.019105009345439794
1996-01-17,-0.00018914789910024084,-0.004309639852702052,-0.022362226254767692
1996-01-18,0.0009316045665985113,-0.0033820501662706892,-0.019255337728080746
1996-01-19,0.0012257483213357597,-0.002160447387248854,-0.013454925494928993
1996-01-22,0.0003994290061405436,-0.0017618813264609345,-0.0109242702803386
1996-01-23,-0.0002924365368422786,-0.0020538026248297925,-0.011901481231585409
1996-01-24,0.003005334540941879,0.0009453595521435876,-0.0002881166560483317
1996-01-25,-0.0013596990827358765,-0.0004156249351082719,-0.005011149992246611
1996-01-26,0.0016642623241821808,0.0012479456801535171,0.002392866941183014
1996-01-29,0.0014458907730615137,0.002695640846359204,0.006802703402865928
1996-01-30,0.002684955993835874,0.005387834517242673,0.016399021993822593
1996-01-31,0.003227791967794438,0.008633017294015888,0.026032960912479863
1996-02-01,0.0004328193368791514,0.009069573167715506,0.030167144363267173
1996-02-02,-0.0012464508424051151,0.007811817548195155,0.02599534058477926
1996-02-05,0.0018634540452148883,0.009689828556420643,0.035090590054959625
1996-02-06,0.0025460859266495488,0.012260585619189301,0.04302075632763236
1996-02-07,0.0009153823858798005,0.013187191129185427,0.04900911727112578
1996-02-08,0.0031080794879295268,0.01633625745536693,0.05915666541979259
1996-02-09,0.0005028541110656015,0.016847326320653444,0.05969535486826927
1996-02-12,0.0014243172909508333,0.018295639549789078,0.06796372176984389
1996-02-13,-0.0001376732257073764,0.018155447504368594,0.06672347438101567
1996-02-14,-0.0013931151664768877,0.016737039708619283,0.058906092627363904
1996-02-15,-0.0011062785226350286,0.015612245358422205,0.05221625020760001
1996-02-16,-0.0017487713744822682,0.013836171736165692,0.04695452742292505
1996-02-20,-0.003211446617936555,0.010580290991301755,0.03512821038266001
1996-02-21,0.0023129289605105857,0.012917691413256716,0.04734288848876078
1996-02-22,0.004338212774364624,0.01731194388152546,0.06478166905183613
1996-02-23,0.0008248792734041804,0.01815110341861992,0.06515749000843862
1996-02-26,-0.002984340565610586,0.015112593778766614,0.051239039256353314
1996-02-27,-0.0013942559168222395,0.01369726703864993,0.04615272507278623
1996-02-28,-0.000484619832807348,0.013206009238580396,0.04244444655145463
1996-02-29,-0.0021145962284279283,0.011063487632823943,0.03554165166696288
1996-03-01,0.00203013372885595,0.013116081721082029,0.04194337743067833
1996-03-04,0.0020579797724475826,0.015201054124405422,0.052529447082115155
1996-03-05,0.0012472857308724072,0.016467299913181632,0.060685029464668805
1996-03-06,-0.0020803293585562456,0.014352713147159912,0.0548721535863641
1996-03-07,0.0005397153014003588,0.01490017482746242,0.057615761265682464
1996-03-08,-0.008251445250753818,0.0065257815998931434,0.02501820609761296
1996-03-11,0.0012373312916563403,0.007771187445325456,0.03561681585828347
1996-03-12,-0.002000527792518813,0.005755113176341364,0.030881242412851728
1996-03-13,0.0012223873537717646,0.0069845355076794124,0.0337250945019576
1996-03-14,0.0009598413598976015,0.007951080913636943,0.0374959971053761
1996-03-15,0.00044901543070757983,0.008403666502365459,0.038435587728922194
1996-03-18,0.004761716093357573,0.01320539846975044,0.056651090423669226
1996-03-19,-0.0006424105515362604,0.01255450463089991,0.05512264991471216
1996-03-20,9.210907196528469e-05,0.012647770086635646,0.052366578590241186
1996-03-21,0.00015176030812039776,0.012801449824241473,0.05115133495579949
1996-03-22,0.0007458482016762768,0.013556845964247888,0.053469037705661915
1996-03-25,-7.351736816291283e-05,0.013482331932449076,0.0525294470821156
1996-03-26,0.0018677086033234867,0.015375221603115552,0.057277484172699955
1996-03-27,-0.001362632797835772,0.013991638024049458,0.051026086791625236
1996-03-28,-0.0005760308161271726,0.013407547593252245,0.05108871087371214
1996-03-29,-0.001478624080506578,0.011909098790013672,0.045513791214521815
1996-04-01,0.0025749377480315683,0.014514701726064727,0.05885600865451046
1996-04-02,0.0008138636279172672,0.01534037834178692,0.061549455896894534
1996-04-03,0.00041115589674715295,0.01575784152554771,0.0625767508209949
1996-04-04,-0.0001956382051887041,0.015559120484525346,0.06262691125792919
1996-04-08,-0.004524888071939555,0.010963829133895597,0.04416075930667285
1996-04-09,-0.0020671456130104005,0.00887401968958934,0.04086599853372497
1996-04-10,-0.004185787827103424,0.004651087098891837,0.026809683044151544
1996-04-11,-0.0008749599460148171,0.003772057637960069,0.023151564959754234
1996-04-12,0.002962979382186939,0.006746213549156721,0.03212148980167995
1996-04-15,0.0021432759434039895,0.008903948489769498,0.041479852173522236
1996-04-16,0.00011766702896598956,0.009022663219900418,0.04555141154222242
1996-04-17,-0.0013428308696035935,0.0076677164395990705,0.04020198445699341
1996-04-18,0.0008256916850716014,0.008499739294378195,0.04347174147555499
1996-04-19,0.0004946386631721843,0.008998582257232268,0.04583952819827086
1996-04-22,0.0017632817251946162,0.010777731018073888,0.05041223315182819
1996-04-23,0.001081076113870693,0.011870458679509976,0.05641305774047445
1996-04-24,-0.0008314250244032236,0.011029164258709478,0.05417059564601323
1996-04-25,0.001135918800901465,0.012177611294650559,0.05855535188922878
1996-04-26,0.00011838947228648528,0.012297442467911868,0.05964527089541605
1996-04-29,0.00010739126010940299,0.01240615436586423,0.06082289420215736
1996-04-30,0.0005395872756590433,0.012952435844558963,0.06092306214786403
1996-05-01,0.00042306702097831794,0.013380982613984571,0.06172486449800285
1996-05-02,-0.0050945753260823404,0.00821823686403822,0.043722314267983675
1996-05-03,-0.0014526046683957538,0.006753694346407713,0.040928622615812094
1996-05-06,-0.0002252988102677574,0.006526873936838706,0.03970083887213671
1996-05-07,-0.00026796837820824515,0.006257156562806898,0.035591735639816546
1996-05-08,0.0032843474017669105,0.009562054640473328,0.046428378083682054
1996-05-09,-0.00013494366998518108,0.009425820631742354,0.04779387363668408
1996-05-10,0.002894312788666368,0.012347414693606895,0.05869314016263649
1996-05-13,0.0034213133712430164,0.01581097243984142,0.07419011539653253
1996-05-14,0.0013870213423628568,0.017219923938421866,0.08101782255378454
1996-05-15,-0.00016629590372380462,0.01705076443188469,0.08089249792552988
1996-05-16,-2.6469457768568853e-05,0.017023843649627057,0.08007823193023822
1996-05-17,0.0013456482098879903,0.018392399964247463,0.0871188915522183
1996-05-20,0.001206819917263679,0.01962141619611435,0.09410946720134472
1996-05-21,0.00016907457394601443,0.019793808252643874,0.09349553709746661
1996-05-22,0.001964969137497655,0.02179767161247148,0.10284135936007543
1996-05-23,-0.0008934705906183749,0.020884725443323315,0.09893266848324966
1996-05-24,0.0011193730903750294,0.022027476333359663,0.10302930807041699
1996-05-28,-0.0023444569447665436,0.01963137691872774,0.0928315994848159
1996-05-29,-0.0016366482613494903,0.01796259899847641,0.08611667684658486
1996-05-30,0.0023204390334108232,0.02032471914774492,0.09243069830974648
1996-05-31,-0.000770630826352515,0.019538425466280263,0.08828397474972571
1996-06-03,-0.0003660726017171695,0.01916520038231928,0.08595380835471045
1996-06-04,0.0020760093608509656,0.02128099687856655,0.09394659870947009
1996-06-05,0.0023349815676146158,0.023665669181633042,0.10381857031132213
1996-06-06,-0.001647447197962429,0.021979234043289386,0.09521184985268438
1996-06-07,-0.0009439988102603767,0.02101448686224172,0.09568791521907438
1996-06-10,-0.0004391722960047636,0.020566085585792315,0.09385889440891604
1996-06-11,-0.00029940014987588374,0.02026052794680977,0.09192955272488934
1996-06-12,-0.0005115670841960887,0.01973859624340757,0.08927364934612503
1996-06-13,-0.00013366031251530386,0.01960229766394983,0.08751979272728727
1996-06-14,-0.0011474877628850117,0.018432316504370938,0.08416233140817164
1996-06-17,-0.000561729643639208,0.017860232882150218,0.08307241240198437
1996-06-18,-0.0016575706166770247,0.01617305766824062,0.07804872230050441
1996-06-19,0.001038405337613491,0.017228257195262442,0.07789839391786346
1996-06-20,-0.0005279574440886991,0.016691203964538825,0.07816143035544476
1996-06-21,0.0017607974975590857,0.01848139129226989,0.08590364791777594
1996-06-24,0.0010706373841399292,0.019571815544838334,0.08918594504557098
1996-06-25,0.0009010951917793745,0.020490546805499665,0.08858463151500717
1996-06-26,-0.0015454743158204883,0.018913404875874118,0.08225806994261209
1996-06-27,0.001726685997038323,0.020672748384267914,0.08904815677216349
1996-06-28,0.0015965877284703587,0.022302341969122175,0.09244323841897972
1996-07-01,0.0015244683566596581,0.023860809540393157,0.10116259046847698
1996-07-02,-0.0003933671409495697,0.023458056341013833,0.09767988098518754
1996-07-03,-0.0007259812669952524,0.022715044964554787,0.09572553554677454
1996-07-05,-0.006159110724784544,0.016416029762714945,0.07137134352589314
1996-07-08,-0.0024047707815167216,0.0139717821924763,0.06370429015488233
1996-07-09,0.0013436764748638017,0.015334232222383948,0.06741256867621392
1996-07-10,0.0006019093894542526,0.015945371430192923,0.06959240668858824
1996-07-11,-0.004710437017820199,0.011159824744525038,0.052767479765310155
1996-07-12,0.00031666939880239893,0.011480028118320051,0.05360682597906896
1996-07-15,-0.005134048899835806,0.006287040192753279,0.026884847235471687
1996-07-16,-0.0002685548290139697,0.006016796948735248,0.024554680840456422
1996-07-17,0.0013894374733276066,0.007414594385212858,0.03395058707591869
1996-07-18,0.004896670324782535,0.012347571534291779,0.049510186391901634
1996-07-19,-0.0020394888921292406,0.01028289990717357,0.04164272066539643
1996-07-22,-0.0019816381311547233,0.008280884789463983,0.03354968590084928
1996-07-23,-0.0030669038084578703,0.005188584303907895,0.022312218745995205
1996-07-24,0.00014032545450257767,0.00532963784886098,0.021986481762246157
1996-07-25,0.0015541899452814322,0.006892111063699025,0.029365342013127904
1996-07-26,0.0017988267881714434,0.008703335565878989,0.03707001571183932
1996-07-29,-0.0018075985845010414,0.006880004844328491,0.029077225357079683
1996-07-30,0.0013209587512913483,0.00821005179822798,0.03621812938884705
1996-07-31,0.0024012778109135965,0.010631044224351127,0.04417329941590609
1996-08-01,0.005246711351132079,0.01593353359588945,0.06082289420215692
1996-08-02,0.005443144491409152,0.02146340661291979,0.08123077501851195
1996-08-05,-0.0011530909112504473,0.020285566442579395,0.07763528101620154
1996-08-06,0.0010393391308553025,0.021345989156430045,0.0811806910456585
1996-08-07,0.0013919463631483768,0.02276764799155262,0.08423749559949223
1996-08-08,-0.0002555288818040744,0.02250630131811593,0.08170684038490195
1996-08-09,-4.921394162822306e-05,0.022455979752688426,0.08116815093642527
1996-08-12,0.0023244873801612073,0.024832665774393803,0.08721913596200559
1996-08-13,-0.002199095474952801,0.022578960896505462,0.07842454325710713
1996-08-14,0.0004301730686238678,0.023018846826024397,0.08160659597511444
1996-08-15,5.3599120739539636e-05,0.023073679736714148,0.08204511747788445
1996-08-16,0.001311618757981086,0.024415562365853516,0.08695602306034345
1996-08-19,0.0007784021993148546,0.025212969692611553,0.08923610548250549
1996-08-20,-5.160740564213694e-05,0.025160061111014986,0.0878830735746563
1996-08-21,-0.00027287591190063205,0.02488031962449533,0.08700610703319689
1996-08-22,0.002316243023796142,0.027254191515051485,0.09620160091316499
1996-08-23,-0.002000071370397128,0.025199609816481727,0.09027594051583931
1996-08-26,-0.0007200250258456357,0.024461440440926685,0.0851269257861047
1996-08-27,0.0008671460917309673,0.025349798175134053,0.08926110923689201
1996-08-28,-0.0007117079936386964,0.024620048527496996,0.08694348295111043
1996-08-29,-0.003282988039457876,0.021256233163192473,0.07501692150105788
1996-08-30,-0.0035917313579824518,0.01758815512600531,0.06619732504177289
1996-09-03,0.0013829390454843334,0.01899541751795142,0.07066978558554249
1996-09-04,0.00011660398343090013,0.01911423644273169,0.07256150694186858
1996-09-05,-0.002657293222461991,0.016406151089317866,0.06255174706660904
1996-09-06,0.0028789878795141433,0.01933237207896754,0.07284962359791702
1996-09-09,0.0035182752864132425,0.02291866397229403,0.08609159662811838
1996-09-10,-0.0003705900669603463,0.022539580476117482,0.08630454909284624
1996-09-11,0.0012952586237560393,0.023864033685861097,0.09219266562655215
1996-09-12,0.0023307810217233988,0.0262504365444014,0.09888258451039689
1996-09-13,0.004137024782566943,0.0304960600335058,0.11425423511603827
1996-09-16,0.0009027631288973554,0.03142635388097803,0.12019243562259763
1996-09-17,-0.0005276353980453322,0.030882136826193562,0.11850120308584677
1996-09-18,-0.00090519685672304,0.029948985556286445,0.1161334163631309
1996-09-19,0.0009260359871927606,0.03090275538188414,0.11870161544134117
1996-09-20,0.0013829147518813793,0.03232840601005682,0.12530383002463163
1996-09-23,-8.326237771459044e-05,0.032242451892390056,0.1244394035924059
1996-09-24,0.0006903432239381878,0.03295505347451533,0.12301120749323635
1996-09-25,0.0007775131209987154,0.033758189581993614,0.12341210866830576
1996-09-26,0.0006527502746478208,0.0344329755241628,0.12381300984337495
1996-09-27,-5.108971449748585e-06,0.03442769063562423,0.12437677951031878
1996-09-30,0.0005324191098750665,0.03497843970590253,0.1262183404297108
1996-10-01,0.0008138235701158744,0.03582072955469684,0.12912481660090336
1996-10-02,0.0023606146630351906,0.0382659031571595,0.13738071985732492
1996-10-03,-0.00045687538123232634,0.03779154502683402,0.13537629044605848
1996-10-04,0.004210926774088176,0.04216160922970991,0.14963294182704567
1996-10-07,0.0004801731031959074,0.042662027203645314,0.15276491057219976
1996-10-08,-0.0013605505209873896,0.04124343283931964,0.14860572336702615
1996-10-09,-0.0014078449762640216,0.03977752350332886,0.14237932974033796
1996-10-10,-0.0011967056390836102,0.03853321587755998,0.13898424809352194
1996-10-11,0.0024667043781866085,0.0410949703080572,0.14890638013230806
1996-10-14,0.002163029036248492,0.043346888958325724,0.15362933700442571
1996-10-15,-0.0009185952466544984,0.04238847546551683,0.15205088898669583
1996-10-16,0.000618910309616774,0.04303362043960823,0.15515777751338278
1996-10-17,0.0016830260553004825,0.04478907319936254,0.15947990967451164
1996-10-18,0.0012694483715399198,0.04611537898693818,0.16578139102843958
1996-10-21,-0.0003587715718618603,0.04574006252807017,0.16419040290147624
1996-10-22,-0.0014746571327375227,0.044197954485873714,0.15880335548854663
1996-10-23,0.0008464204812737632,0.045081785021054754,0.15999351890452118
1996-10-24,-0.0016457216653207511,0.04336187128541358,0.15183786005788713
1996-10-25,-0.001006332967241546,0.04231190183757638,0.1495953979634259
1996-10-28,-0.0009366005205376311,0.041335671967752674,0.1435820332655462
1996-10-29,0.0029183186462564434,0.04437462127626812,0.15067277686037972
1996-10-30,0.0006038038476846302,0.04500521869101881,0.14999629913849555
1996-10-31,0.0014877470304659,0.046559922101947704,0.1572749914436704
1996-11-01,-0.0010244429236493883,0.045487781195575394,0.15495728869380798
1996-11-04,0.0023363659387467556,0.04793042323693664,0.1599308948224345
1996-11-05,0.0035400718847816114,0.05164017226544493,0.17209548895568227
1996-11-06,0.004874741819228059,0.05676664659196762,0.18948410908182356
1996-11-07,0.0013396029333209822,0.05818229429157795,0.19474583186649852
1996-11-08,0.0017416783646601363,0.06002530749941215,0.20005763862402692
1996-11-11,-0.0006562924904626285,0.059329620850399944,0.2017864914884786
1996-11-12,-0.001383672130342024,0.057863855977183354,0.1981283734040813
1996-11-13,0.0012358680566325634,0.05917123612505182,0.20102230946604038
1996-11-14,0.0019744461141008394,0.06126251265638638,0.2089273955202462
1996-11-15,0.0004237590987671915,0.06171223230230516,0.21187149201913957
1996-11-18,-2.6546775951916598e-05,0.06168404726554888,0.2109819853684467
1996-11-19,0.0019719748495292686,0.06377766150490305,0.21945084108959634
1996-11-20,0.0010707125644553383,0.06491666161286336,0.22260781358913695
1996-11-21,-0.001267224926821279,0.06356717267428014,0.22066600825995764
1996-11-22,0.0024843149770856447,0.06620940853049162,0.23051289964334276
1996-11-25,0.0040918678323370195,0.07057219651179247,0.24421839793070044
1996-11-26,-0.0007213701665693699,0.06979991766807014,0.24274011785867744
1996-11-27,-0.0003837879877585872,0.0693893413103639,0.2413746223056754
1996-11-29,0.0005951325027465219,0.07002576966546825,0.2447446237340245
1996-12-02,-0.0006154451960946867,0.06936722744583013,0.24401798557520626
1996-12-03,-0.004505575414268659,0.06454911275702546,0.23042527180686978
1996-12-04,-0.0013687456481426552,0.0630920157917052,0.22552682986956363
1996-12-05,-0.0010566328232501005,0.06196871787368452,0.2244869948362298
1996-12-06,-0.0013057405391828608,0.060582062267412695,0.21671977351951233
1996-12-09,0.004545691527954899,0.06540314116256263,0.23353216033355673
1996-12-10,-0.0011607898370960884,0.06416643202389083,0.22979887805783883
1996-12-11,-0.002415323850071642,0.06159612546017801,0.21877428690363177
1996-12-12,-0.004519392502643469,0.05679835588993787,0.20035837185339012
1996-12-13,-0.00044605161081893925,0.056326969280982464,0.19924337262873593
1996-12-16,-0.0024519606369962856,0.053736897132507844,0.18667787732041896
1996-12-17,0.0021167294358273372,0.05596737304028565,0.1950089447681611
1996-12-18,0.0019261940847001553,0.05800137114787218,0.20412919799272777
1996-12-19,0.006666056133233394,0.06505406767698196,0.22758141971776347
1996-12-20,0.0017602494853462504,0.0669288285514762,0.23273035798341746
1996-12-23,-0.0008706569676426293,0.06599989953291896,0.229523225046943
1996-12-24,0.0014441959190483922,0.06753941223753035,0.23633839209496132
1996-12-26,0.0014350998688579773,0.06907143790803305,0.2442183979307
1996-12-27,0.00016972817995434197,0.06925288945743047,0.2463356118609874
1996-12-30,-0.0005118098961236672,0.06870563524714735,0.24152495068831592
1996-12-31,-0.0057454144652208956,0.0625654784313352,0.22008977494786075
1997-01-02,-0.0019151349115676018,0.06053052218776478,0.21401370970381328
1997-01-03,0.004738756706435148,0.06555611831216135,0.23219166853494055
1997-01-06,-0.00029076380723732894,0.06524629315837593,0.23159035500437675
1997-01-07,0.002295718494032644,0.06769179877427933,0.2408609366115846
1997-01-08,-0.001015916044763695,0.0666071135450419,0.23324404367750806
1997-01-09,0.0031172201503269835,0.06993196273186641,0.24388019730179855
1997-01-10,0.0010794501566704128,0.07108690095666415,0.25154725067280936
1997-01-13,0.0008261243281194614,0.0719717519030747,0.2516349549733632
1997-01-14,0.004874110435934722,0.07719666060605257,0.26705676601593886
1997-01-15,-0.0010073585301257147,0.07611153736136811,0.264338162091007
1997-01-16,0.0010469243890008873,0.07723814477511692,0.26857258995158184
1997-01-17,0.003679737516293099,0.08120209839042802,0.27920882003995273
1997-01-20,0.0012619790902093507,0.08256655283088721,0.2800857101173313
1997-01-21,0.001413499893274671,0.08409676053777648,0.290007765692037
1997-01-22,0.0032326055105862065,0.08760121769989948,0.29589595868982355
1997-01-23,-0.003897025630396053,0.08336280787887307,0.28162669073552227
1997-01-24,-0.0022851960682007625,0.08088711144987326,0.2700133261599851
1997-01-27,-0.002274187529258739,0.07842897146047734,0.2609556970175053
1997-01-28,-0.00010766768828410852,0.07831285950614153,0.261055864963212
1997-01-29,0.0032978603622184155,0.08186898474357718,0.27362136027152895
1997-01-30,0.005218584890666835,0.08751480988104099,0.29302702638225075
1997-01-31,0.0017189677919426782,0.0893842128124871,0.2963093235100458
1997-02-03,0.0007882571530643803,0.090242927710672,0.2973741622977659
1997-02-04,0.0013962488005174562,0.09176517809076068,0.3016462104860411
1997-02-05,-0.004573731147073993,0.08677173769043622,0.2837563683109623
1997-02-06,0.0006822268282401322,0.08751316252606167,0.28723915425833235
1997-02-07,0.0037330551286029433,0.09157290911485294,0.30278628992916246
1997-02-10,-0.0015648484806671955,0.08986476290648704,0.29602120685399735
1997-02-11,0.0015359521549768293,0.0915387430377066,0.3028864578748691
1997-02-12,0.005922140748224098,0.0980029891061156,0.3249981878012893
1997-02-13,0.004199364682529545,0.10261390407987969,0.3400817982149631
1997-02-14,-0.0009305321393345653,0.10158788640485628,0.3346071229655603
1997-02-18,0.0033416841752550094,0.10526904521250802,0.3477737788762796
1997-02-19,-0.0015174123231637146,0.10359189634289123,0.3416352424783067
1997-02-20,-0.004360985136149664,0.09877914848656455,0.32569966927756
1997-02-21,-0.0007986970831428216,0.09790155678565005,0.3240209768500426
1997-02-24,0.0036165446340821216,0.10187216676959365,0.3380897559847691
1997-02-25,0.001471345769305653,0.10349340172048582,0.34110901667498283
1997-02-26,-0.003198466420231535,0.0999639151301357,0.3307484395975073
1997-02-27,-0.004385583402379477,0.09513993164072465,0.31346006388115355
1997-02-28,-0.0012570669757045187,0.09376326739888374,0.3064694117679463
1997-03-03,0.0024429975683717287,0.09643532840151359,0.3138985089198427
1997-03-04,-0.001999608063212132,0.09424288747805143,0.306895316697402
1997-03-05,0.005043713815897903,0.0997619354475725,0.3255744211133862
1997-03-06,-0.00150845474526021,0.09810299433739011,0.32006212553628277
1997-03-07,0.0030420017258717914,0.10144342554134944,0.33067335187026736
1997-03-10,0.003886973548397033,0.10572470700148462,0.3450427877702755
1997-03-11,-0.0008976576706968002,0.10473214473656567,0.3412468049483901
1997-03-12,-0.002408414102469742,0.10207149225973056,0.3298464693016614
1997-03-13,-0.006028788750036978,0.09542733604545872,0.30580539769121473
1997-03-14,0.0013670402045459274,0.09692482925499157,0.3117812185254747
1997-03-17,0.0007159042472874496,0.09771012239921029,0.31604072660451643
1997-03-18,-0.002433057676520244,0.09503933035931289,0.3060560469477238
1997-03-19,-0.0016039427922152469,0.09328294991819086,0.2996417810747747
1997-03-20,-0.0018156755922861525,0.09129790275056182,0.294555390427127
1997-03-21,0.0011376164986822684,0.09253938124970817,0.29696079747754345
1997-03-24,0.003426686657032721,0.09628317136971942,0.30822334485086444
1997-03-25,-0.00012503420831360865,0.09614609847129962,0.3053293323248245
1997-03-26,-0.0002641981814705161,0.09585649866545753,0.30801031592205574
1997-03-27,-0.007201400323075017,0.08796479732192419,0.2805242316201009
1997-03-31,-0.008108905316657554,0.07914259379258426,0.2527874980616369
1997-04-01,0.0020791562709248884,0.08138629988369028,0.25695930184012483
1997-04-02,-0.004963100509491001,0.07601927098778094,0.2414247062785284
1997-04-03,0.0008756137856229116,0.0769614482950538,0.2417755234807446
1997-04-04,0.0028551973370814264,0.08003638575436511,0.2543534824342144
1997-04-07,0.002286668127791945,0.0825060705345253,0.26136906183772735
1997-04-08,0.002606395571680777,0.0853275095630841,0.26833455726838684
1997-04-09,-0.0025289191543909923,0.08258280403536244,0.2592769281259071
1997-04-10,-0.0009844596975557417,0.0815170448955227,0.2555686496045757
1997-04-11,-0.009546543499812273,0.0711922953806392,0.22139264641877632
1997-04-14,0.003323213525062046,0.07475209610459044,0.23146503037612276
1997-04-15,0.004330572002214582,0.07940638744130246,0.2496555293164835
1997-04-16,0.002688166494526337,0.08230801152599998,0.26433816209100724
1997-04-17,4.625447343126887e-06,0.08231301768471644,0.2614693062475151
1997-04-18,0.0010490348370484617,0.08344840174485868,0.26903611520873816
1997-04-21,-0.0027193548439377016,0.08050212108541732,0.25915167996173305
1997-04-22,0.006259488162534839,0.08726551132194538,0.2827291498509428
1997-04-23,0.00018617639883941172,0.08746793449942558,0.281188169232752
1997-04-24,-0.000872526266425194,0.08651909016267978,0.2771291499732853
1997-04-25,-0.001557505844855158,0.0848268303292048,0.2675077511638615
1997-04-28,0.0036989388597582877,0.08883953844801806,0.2802485786092057
1997-04-29,0.010720906706401648,0.10051288555796067,0.3152389242543776
1997-04-30,0.0031463692149202326,0.10397550542170331,0.3275788505246524
1997-05-01,-0.001292818556000737,0.10254826540292394,0.3231064664449632
1997-05-02,0.006440746953666306,0.10964949978458782,0.3470346770723083
1997-05-05,0.005807642994468639,0.11609394792832739,0.3757360814727855
1997-05-06,-0.0005441897877221543,0.11548658099972631,0.37173960983132504
1997-05-07,-0.005896816172340658,0.10890876168885821,0.3518204109546741
1997-05-08,0.001952947248835267,0.11107440200420782,0.3595500119436912
1997-05-09,0.001232975870622773,0.11244432993234565,0.36740501402504333
1997-05-12,0.004522004347393973,0.1174748080285335,0.38881510954703136
1997-05-13,-0.0015797070405853765,0.11570952520661404,0.3815490338151708
1997-05-14,0.0011776964740618904,0.11702349238052712,0.386572723916651
1997-05-15,0.0013837594952468327,0.11856918424452245,0.3966826517376174
1997-05-16,-0.0049495694437320485,0.11303274838948552,0.3768134603697393
1997-05-19,0.0009720811255024272,0.1141147065162611,0.3826765731490587
1997-05-20,0.004544794671271341,0.11917812909762127,0.39670773195608455
1997-05-21,-0.002847344030308052,0.11599144393288374,0.3930244571891395
1997-05-22,-0.001383312602873504,0.11444767890379248,0.3869359282999394
1997-05-23,0.004671923639183246,0.11965429335949596,0.40582806164473206
1997-05-27,0.0007127739252386855,0.12045235374508412,0.4102879056151876
1997-05-28,-0.0004907052572138973,0.11990254188464355,0.4063792147383618
1997-05-29,-0.0014913102111425813,0.11823241978844656,0.4013931449645822
1997-05-30,0.0017280058476875952,0.12016473194891497,0.40840872436809517
1997-06-02,-0.00019209472867939676,0.11994955420865505,0.40523913529524047
1997-06-03,0.00030232181105011957,0.12028813938616811,0.4037985520149987
1997-06-04,-0.0017839430788158337,0.11828960911363073,0.39521683531074725
1997-06-05,0.0020756248667750284,0.12061075883456307,0.40090453948895854
1997-06-06,0.006747903005304638,0.12817253154187958,0.4251961074277528
1997-06-09,0.0024040079746732858,0.13088466730451342,0.433376846492854
1997-06-10,0.0010151665179239074,0.13203270355439445,0.4373231576973804
1997-06-11,0.0025962047761882096,0.13497169226616368,0.44472702170264844
1997-06-12,0.005111817508286645,0.14077346043409955,0.46815423967329783
1997-06-13,0.003147780605902742,0.14436436500858263,0.48442793703886555
1997-06-16,0.0005440912793247915,0.14498700367995387,0.4855303961542863
1997-06-17,0.000444066996289342,0.14549545461946822,0.4863947461224314
1997-06-18,-0.0010298559907440045,0.14431575926315832,0.4775501459087603
1997-06-19,0.0033921168792050683,0.14819741206529513,0.4924332675028591
1997-06-20,0.0008643855434756889,0.14918989730934062,0.493623354454753
1997-06-23,-0.008032195166135457,0.13995937977120088,0.46027415737347877
1997-06-24,0.006874763556055726,0.14779633097063583,0.48972720368716094
1997-06-25,-0.0028512306416941507,0.1445236989013483,0.47756268601799423
1997-06-26,-0.0025938610595097095,0.14155496344708207,0.4690562099691442
1997-06-27,0.0015773179770207165,0.14335555861268423,0.47509457842141045
1997-06-30,-0.001453511857366836,0.14169367775105446,0.4715116245283335
1997-07-01,0.004133708526407045,0.146413106641319,0.4815088442943596
1997-07-02,0.007899414308411665,0.15546909873927217,0.5033199174554976
1997-07-03,0.006972540382351706,0.16352565369079142,0.5247801734144197
1997-07-07,-0.0017030862465171933,0.16154406915252073,0.5169502515515345
1997-07-08,0.0032197806149342517,0.16528398622976992,0.5281751785971551
1997-07-09,-0.006486656223498184,0.1577251896083498,0.5096089351642727
1997-07-10,0.003297246486402758,0.1615424949220059,0.5200320598597545
1997-07-11,0.001770635041420428,0.1635991627656137,0.5250682900704682
1997-07-14,0.0003524222380480547,0.1640092409867464,0.5278996020503404
1997-07-15,0.00420996795389404,0.16890968258933725,0.5401769807026091
1997-07-16,0.006947580355969185,0.17703077653799704,0.5582922389875689
1997-07-17,-0.00222130216027289,0.17441623553136543,0.5500489523044614
1997-07-18,-0.009160772617504975,0.1636576754393564,0.5229260723857947
1997-07-21,-0.002776190268290484,0.16042714032518024,0.5190048413997352
1997-07-22,0.012748077339141194,0.17522035525648416,0.55400765069006
1997-07-23,0.0010754462604512642,0.17648424159275078,0.5583423994245029
1997-07-24,0.003933212272974484,0.18111160385074454,0.564581256696344
1997-07-25,-0.002404054614019855,0.17827214704983474,0.5620631415909871
1997-07-28,-0.0014288884730125214,0.17658852756084364,0.5581669908233948
1997-07-29,0.00405129237122665,0.1813552316866236,0.568064042643714
1997-07-30,0.006167478683030459,0.1886412148951373,0.5850392214855524
1997-07-31,0.0021663638929975276,0.19121624430481488,0.5885972480883237
1997-08-01,-0.004340943977594068,0.18604524132308753,0.5767457743655109
1997-08-04,6.750533618842284e-05,0.18612530570583785,0.5820326538327336
1997-08-05,0.0016514316087427592,0.18808411052761032,0.5855027467427087
1997-08-06,0.004231533170269487,0.1931115278503781,0.5988700444011645
1997-08-07,-0.0064181542629721715,0.18545395401170395,0.5837738938782573
1997-08-08,-0.010452365140520599,0.17306315642709968,0.5543960882199765
1997-08-11,0.001852268247934339,0.1752359840645712,0.5605598577645778
1997-08-12,-0.006875626304229731,0.16715550061885942,0.5432086285738951
1997-08-13,-2.0788440785552255e-05,0.16713123727584733,0.5360427207877412
1997-08-14,0.001566685351461323,0.16895976468852036,0.540678126287466
1997-08-15,-0.013838876625367872,0.15278267472497697,0.5008268825686077
1997-08-18,0.007169477301104961,0.16104752394452482,0.5204831979358386
1997-08-19,0.0076378972941908915,0.1699154856860876,0.5430333729009482
1997-08-20,0.007520176972839309,0.17871345718171217,0.5654957671014229
1997-08-21,-0.007505816565626678,0.16986625018867052,0.5416928046382516
1997-08-22,-0.0021144222288035563,0.16739265898454447,0.5392123098605954
1997-08-25,-0.002314128058834697,0.1646911628767107,0.5335622260100845
1997-08-26,-0.004537222140422018,0.15940670034575266,0.521685824996966
1997-08-27,0.0004170168536868382,0.1598901924800742,0.5230387804407346
1997-08-28,-0.004897646237343637,0.15420946064314234,0.5065522070745196
1997-08-29,-0.0045153669894086555,0.14899778134569108,0.499599175289013
1997-09-02,0.015768795965394006,0.16711609292442176,0.5464909257016897
1997-09-03,0.001218102922015457,0.16853776044754443,0.5473679687072297
1997-09-04,0.0010559183312959688,0.16977164088961239,0.552416739027177
1997-09-05,-0.002067171898875885,0.1673535218254636,0.549472566064203
1997-09-08,0.0018442482379699972,0.16950641150117818,0.5531558408311483
1997-09-09,0.0015013413622370544,0.17126223985016642,0.5572023199813816
1997-09-10,-0.009005839627909584,0.16071403995584976,0.5329107520425871
1997-09-11,-0.004669634638556569,0.15529392946941312,0.5226504958389797
1997-09-12,0.007905213452279267,0.16442677458199118,0.5415800965833117
1997-09-15,-0.0020882919934825284,0.16199511147163492,0.5349904221092545
1997-09-16,0.01616282618927152,0.18077623649113406,0.578161430355447
1997-09-17,-0.0007049260027669796,0.17994387661858213,0.5738644548768659
1997-09-18,0.0008526418445233149,0.18094994614197635,0.5810930632091873
1997-09-19,0.0015058396956837928,0.18272826744949255,0.5864924978031891
1997-09-22,0.004425851902641157,0.18796284760229143,0.5947357844862966
1997-09-23,-0.0017464883759040627,0.18588808429794823,0.5888979048536056
1997-09-24,-0.004921234871794501,0.18005205050345552,0.5765078181463967
1997-09-25,-0.004570893062068903,0.174658158772929,0.5655459275383574
1997-09-26,0.004374950611651626,0.17979723020313432,0.5782492111200819
1997-09-29,0.004142360359228006,0.1846843754814549,0.5918419248884184
1997-09-30,-0.003577941773409812,0.18044564376611372,0.5817194569582185
1997-10-01,0.0042951616198057185,0.18551584858948478,0.595437418890729
1997-10-02,0.003221497081662929,0.18933498443598085,0.6039438949395792
1997-10-03,0.0047987789750193275,0.19504234015354704,0.61161094831059
1997-10-06,0.005113966524632314,0.20115374667661046,0.6244018597287875
1997-10-07,0.00770375089910293,0.21040713593253124,0.6419032643739497
1997-10-08,-0.004858100718155614,0.2045268561561968,0.6268447341787431
1997-10-09,-0.0016071121335079976,0.20259104643053205,0.6215078472027475
1997-10-10,-0.0028383529191939277,0.19917766862329955,0.6155196391874156
1997-10-13,0.0027207484859281083,0.20244032944956536,0.6173862803252743
1997-10-14,0.0013232535689128816,0.20403146290691443,0.6210317818363575
1997-10-15,-0.0031958963900329345,0.2001835031011241,0.6134399691207479
1997-10-16,-0.00533018082389342,0.1937863080077411,0.5959511045848191
1997-10-17,-0.006501826049375116,0.1860245170929491,0.5774599488791765
1997-10-20,0.006243617358175118,0.1934296003550917,0.5966024256241558
1997-10-21,0.009212249682663591,0.20442377181224436,0.624464560274955
1997-10-22,-0.0020676387336788084,0.20193345856988199,0.618238090184186
1997-10-23,-0.009995459668762578,0.18991958116021035,0.588509467323689
1997-10-24,-0.0068002455797272505,0.18182783578819484,0.5733883895104761
1997-10-27,-0.035958767652988305,0.13933076323525317,0.46537293520219913
1997-10-28,0.025232503173696297,0.16807893033447674,0.5403273090852501
1997-10-29,-0.0002481680265592457,0.1677890504914703,0.5361930491703821
1997-10-30,-0.009245205924749898,0.15699260024300865,0.5105986862247534
1997-10-31,0.006008130975684181,0.16394396332316585,0.5289018932200547
1997-11-03,0.013476076991640095,0.1796293617868634,0.5696925746342976
1997-11-04,0.001840393347110702,0.18180034381635246,0.5726616748875772
1997-11-05,0.0027852503660220503,0.18509195365653186,0.5762322415995822
1997-11-06,-0.0031219973816814434,0.18139209968016456,0.5684523272454696
1997-11-07,-0.005678260423672367,0.17468384767571155,0.5512014189286549
1997-11-10,-0.0050142422993287505,0.16879369823835777,0.5406655861782328
1997-11-11,0.0005029151838687154,0.1693815023360119,0.5451003499302214
1997-11-12,-0.010868284942354759,0.15667233096230526,0.5156473036165394
1997-11-13,0.005674396036212916,0.16323574785231498,0.5336623939557923
1997-11-14,0.00742121800012128,0.17186837392266097,0.5533061692137897
1997-11-17,0.011664378753867107,0.18553749048577317,0.583222740784628
1997-11-18,-0.005966889841693541,0.17846351887684664,0.5700684720549809
1997-11-19,0.004883713949667061,0.1842187976031593,0.580955122007619
1997-11-20,0.009130225774314034,0.19503098259146268,0.605058741236072
1997-11-21,0.0027441454649829162,0.198310321442855,0.6119490724754111
1997-11-24,-0.0108024521253044,0.1853656315642105,0.5845131486103903
1997-11-25,0.0015293127230380072,0.18717842630601367,0.5916414360688436
1997-11-26,0.0003482331764718937,0.18759184122044514,0.5933326686055944
1997-11-28,0.0032922315699242897,0.19150166857229545,0.5996718467513036
1997-12-01,0.015194333846345456,0.20960574270306043,0.6321565409362715
1997-12-02,-0.0006972529557039209,0.2087623415237243,0.626995062561384
1997-12-03,0.0037161384213817866,0.2132542697033799,0.6359399836489235
1997-12-04,-0.0022669988007935097,0.21050382372890475,0.6298514547597232
1997-12-05,0.0038076235714639495,0.21511296662148216,0.6477663771532691
1997-12-08,-0.0007029780898105246,0.2142587688293025,0.6454987583762601
1997-12-09,-0.0054297772729024005,0.20766561416289075,0.6344617800409811
1997-12-10,-0.004051170492706104,0.2027731548617382,0.6245396480021947
1997-12-11,-0.008183236328404165,0.1929305778860444,0.6000852115715258
1997-12-12,-5.075631242229916e-05,0.19287002912893514,0.5975045488481627
1997-12-15,0.007148902942368079,0.20139774119003784,0.6142919319078208
1997-12-16,0.0026008895432003644,0.20452244401232345,0.6220842334430055
1997-12-17,0.0003970265841319071,0.20500067144377998,0.6180001339650716
1997-12-18,-0.005566979380127998,0.19829245755281222,0.600924634249365
1997-12-19,-0.006193202966815679,0.19087118914958334,0.5866553662950635
1997-12-22,0.002644131106666342,0.19402000870484648,0.5982812709798342
1997-12-23,-0.006526318756222285,0.1862274535267312,0.5739019222764048
1997-12-24,-0.005187723531134741,0.1800736334527926,0.5631656007064076
1997-12-26,0.002161678616971566,0.18262457339267946,0.5694796986336499
1997-12-29,0.010088578383624754,0.19455557409975222,0.5983188913075348
1997-12-30,0.01128920158051945,0.20804115277489754,0.6277968649115222
1997-12-31,5.625511584408992e-06,0.2080479486243969,0.6271453909440243
1998-01-02,0.0027346441259073215,0.21135152985091699,0.6349378454073704
1998-01-05,0.0007387250263407627,0.21224638554171427,0.6383704709178062
1998-01-06,-0.0042733972208431024,0.20706597520676318,0.6208565261634102
1998-01-07,-0.0029661805224522886,0.20348559962178991,0.6169227550681173
1998-01-08,-0.004761743871916191,0.19775490944285146,0.6036556253553684
1998-01-09,-0.017317946665690684,0.17701225380255092,0.5560873207567267
1998-01-12,0.004136524784885411,0.18188099416251902,0.5754178991402088
1998-01-13,0.007458460077833504,0.19069600637423045,0.5971411915367126
1998-01-14,0.003061796867942499,0.19434167567721872,0.6069630027016308
1998-01-15,-0.004131860670862154,0.18940682227991634,0.5949237331966377
1998-01-16,0.0065007488953009625,0.19713885736591608,0.6130015240820581
1998-01-20,0.009348185459140125,0.2083299334249158,0.6416903883733018
1998-01-21,-0.004261967274728407,0.20318007079158407,0.6287239154258348
1998-01-22,-0.005653923303580536,0.19637738295093188,0.6156950477885228
1998-01-23,-0.002035001208100953,0.1939427535312821,0.6065747180998753
1998-01-26,0.000409928150992535,0.19443218427662812,0.6054973392029215
1998-01-27,0.008710605866454163,0.2048364122680697,0.6257422750633213
1998-01-28,0.005744506693754264,0.21175760310322245,0.640287272492599
1998-01-29,0.0027941940750857044,0.21514348901825353,0.6538799862609355
1998-01-30,-0.002384106748814452,0.21224645722530733,0.6451479411740433
1998-02-02,0.012782632789097425,0.2277421585379027,0.6803888596116434
1998-02-03,0.0037525763440557423,0.23234935471863194,0.6884067301848702
1998-02-04,0.000538738872689635,0.23301326922075294,0.6901481231585553
1998-02-05,-0.0023040752946931094,0.23017231380911252,0.6847110682368531
1998-02-06,0.005240228855386574,0.23661869826503268,0.6999824744327072
1998-02-09,-0.0007735056649165104,0.23566216669658302,0.6972138629990026
1998-02-10,0.005143014794640145,0.24201719550108058,0.7111197736418544
1998-02-11,0.001893955449248516,0.24436952073656015,0.7131743634900549
1998-02-12,0.0035543905560044583,0.24879249600924602,0.7202777236582025
1998-02-13,-0.002136362633264437,0.24612462238407073,0.7135251806922711
1998-02-17,0.001120154386658113,0.24752047434615698,0.718085345536595
1998-02-18,0.0050368635874698635,0.2538040647980142,0.7341585540825877
1998-02-19,-0.003332957151324434,0.24962518957388613,0.7278319160461117
1998-02-20,0.0037759082699074884,0.254343659661483,0.7378167486310658
1998-02-23,0.003084916545350342,0.258213205170728,0.7444564306138959
1998-02-24,-0.004391587357902661,0.25268765196535403,0.7317156796326323
1998-02-25,0.008500521489561652,0.2633361502705942,0.7526998702251648
1998-02-26,0.002883320579880293,0.2669787533919763,0.762609309226556
1998-02-27,-0.001342729432471839,0.26527754372948054,0.7637995491066114
1998-03-02,-0.002312656182654119,0.26235139179520117,0.7610809451816796
1998-03-03,0.003289971157848079,0.26650449146527677,0.768359713950935
1998-03-04,-0.003973279828914135,0.26147231471610866,0.7608680691810323
1998-03-05,-0.004971864986711065,0.2552004446828662,0.7404601119005967
1998-03-06,0.009545606563396994,0.2671820942860097,0.7753251329175139
1998-03-09,-0.000826212166280039,0.2661351330228183,0.7696625089577696
1998-03-10,0.007126128147029318,0.2751577742321951,0.7897698094729233
1998-03-11,0.0024364239260025213,0.2782645991427628,0.7971989066248197
1998-03-12,0.0017761774773188588,0.28053502393381424,0.7999173576215903
1998-03-13,0.00030818158436589095,0.28092966124632635,0.797737519609216
1998-03-16,0.005840131355025308,0.28841045872455306,0.8157024495115348
1998-03-17,0.0014964369216361507,0.29033848370521076,0.8176819516324954
1998-03-18,0.0006973890633478232,0.2912383516517638,0.8263011357362859
1998-03-19,0.0029616153514997177,0.29506250297646086,0.8334670435224396
1998-03-20,0.006063057899251096,0.3029145419151562,0.8493273760677851
1998-03-23,-0.003301041415118449,0.2986135670519343,0.8432888546873576
1998-03-24,0.004657572133949298,0.3046619534146038,0.8602892666758244
1998-03-25,-0.0016182833099839611,0.30255064075022187,0.8540627965850556
1998-03-26,-0.0007990380747923708,0.3015098531939171,0.8521586880476575
1998-03-27,-0.0031375392792656843,0.29742631490716986,0.8434642632884657
1998-03-30,-0.0028051600236084864,0.29378682647501453,0.8403072143248447
1998-03-31,0.005805700659153745,0.30129816550628474,0.8541254971312233
1998-04-01,0.0031392440936764436,0.30538325808646216,0.8650246871930949
1998-04-02,0.0062072212329626515,0.3134860607632104,0.8850567470528474
1998-04-03,0.00238821376273982,0.316622946250692,0.8896043717879376
1998-04-06,0.007305998184895158,0.3262421911061908,0.8873996064852576
1998-04-07,-0.00862762257704501,0.3147998740355735,0.8680564879925421
1998-04-08,-0.005304419614398419,0.30782562379473055,0.8548020513171879
1998-04-09,0.004733545144224418,0.3140162754257365,0.8700109098950357
1998-04-13,0.0002105684382189416,0.31429296578064725,0.8684698528127643
1998-04-14,0.0024562031651437165,0.3175211363231236,0.8786675613983654
1998-04-15,0.0009164108412113414,0.3187285269759752,0.8846935426695595
1998-04-16,-0.005034467722870222,0.3120894307716866,0.8659517377074077
1998-04-17,0.009870602522497642,0.32504054401680427,0.8904688746842444
1998-04-20,-0.0009438075372398586,0.32378996076421274,0.8920348590568214
1998-04-21,0.0026446494095666694,0.32729092110233804,0.8971336368855412
1998-04-22,0.004453220615311317,0.3332016403947067,0.903760931687299
1998-04-23,-0.00760362870076676,0.3230644701378922,0.8853324765278239
1998-04-24,-0.008329431222191638,0.31204409563135327,0.8656636210513593
1998-04-27,-0.012378353431068398,0.2958031500984819,0.8296961409190213
1998-04-28,-0.0013110280487335622,0.2941043158230656,0.8274786825789464
1998-04-29,0.005090945059718562,0.30069252979646555,0.8438150804906819
1998-04-30,0.009891839278557458,0.31355877125203246,0.8727795213287404
1998-05-01,0.004197189901257264,0.3190720268614393,0.8883641243991096
1998-05-04,-0.0012320488550645668,0.317446865680997,0.8901682179189623
1998-05-05,-0.004447982067971855,0.31158688564694237,0.8791436267647552
1998-05-06,-0.00693120735925079,0.30249600497284956,0.8617674702837668
1998-05-07,-0.005286663017211493,0.29561014751329395,0.8453309044263246
1998-05-08,0.006701650540324073,0.30429287395842586,0.8672546856424035
1998-05-11,-0.0019565377488236706,0.30174097571500447,0.8656510809421258
1998-05-12,0.0049578337867815375,0.3081947911060423,0.8811605962852553
1998-05-13,0.0014257961620012377,0.3100600102183513,0.8866979720808257
1998-05-14,-0.002003884474730064,0.30743480130291,0.8842300174124029
1998-05-15,-0.0024294180670417463,0.3042584955751455,0.8697351804200593
1998-05-18,-0.001108174062125887,0.30281315014004173,0.8650372273023281
1998-05-19,0.002303129806185987,0.3058136979380204,0.8712886246834028
1998-05-20,0.0052144683096802345,0.3126228220842644,0.887637562704372
1998-05-21,-0.003169836795506726,0.3084620219641998,0.8801835382621699
1998-05-22,-0.003244734877034157,0.30421640960625806,0.873155265821262
1998-05-26,-0.008147618001649119,0.29359015250930387,0.845431225300193
1998-05-27,-0.0017203744202143108,0.2913646931006857,0.8426499208290936
1998-05-28,0.0031615788114302446,0.2954474443522219,0.8519707393373162
1998-05-29,-0.002931468579488043,0.29164988087272525,0.8405827908716597
1998-06-01,0.0009752297023065062,0.29290953620153304,0.8409210679646419
1998-06-02,0.00217771737547188,0.2957251277634323,0.8447045106772941
1998-06-03,-0.0050721046168441366,0.28915307436074245,0.8274161349609404
1998-06-04,0.0071647347234850235,0.2983895141565025,0.8478490195316817
1998-06-05,0.009330336702910922,0.31050392549511163,0.8800332098795289
1998-06-08,0.0025554133267249052,0.31385280469104715,0.8832778866796234
1998-06-09,0.002453208745585847,0.3170759598819275,0.8878631317424139
1998-06-10,-0.003161833412116103,0.31291158510567807,0.8776152627198788
1998-06-11,-0.00893497268023244,0.3011807559611981,0.8482249169523643
1998-06-12,0.002394882249724434,0.30429693065733243,0.8554535252846858
1998-06-15,-0.011890917077139266,0.2887876440109187,0.8186090021468078
1998-06-16,0.004271683521120106,0.29429293695206327,0.8364737641034197
1998-06-17,0.010286308217917671,0.30760643302582613,0.8695097643101788
1998-06-18,-0.00018602912451718388,0.3073631801458774,0.8683446046485903
1998-06-19,-0.0012464323160732566,0.3057336404292992,0.8586982020847802
1998-06-22,-0.00027646306489584576,0.3053726533051284,0.8630453380002954
1998-06-23,0.0077902185639934715,0.3155417915818355,0.8905439624114837
1998-06-24,0.010677803532455983,0.32958888837108136,0.9132320785781618
1998-06-25,-0.0026795113745402875,0.3260262398212288,0.9071433967608
1998-06-26,0.002547815195514112,0.3294047096246957,0.9140838884370732
1998-06-29,0.0036014926348878684,0.3341925508951944,0.9230413496338463
1998-06-30,-0.0021260992735910654,0.3313559250819056,0.9153492160443684
1998-07-01,0.011990835599100616,0.34731999510345113,0.940279717841427
1998-07-02,0.0006926158171002418,0.34825317024275537,0.936671683729883
1998-07-06,0.008605890408099781,0.35985608926823787,0.9553882555454063
1998-07-07,-0.00036653680929379494,0.35935765195617875,0.9509033313564839
1998-07-08,0.013986582829552861,0.3783704203502505,0.9711984276538177
1998-07-09,-0.006091050176477098,0.36997469695812524,0.9580066915246312
1998-07-10,0.006828918470492682,0.3793301424702902,0.9677658021433817
1998-07-13,0.0020786685747148904,0.3821973126916003,0.9692943191164194
1998-07-14,0.010054822482912843,0.3960950613070735,0.9902659695997185
1998-07-15,-0.004983918360849711,0.3891370374975336,0.985592943772293
1998-07-16,0.003669432021031102,0.39423438142452727,1.0011526195523563
1998-07-17,0.004903567657731292,0.4010711040445776,1.0058129523423869
1998-07-20,-0.001582536598314972,0.39885385774558557,1.0013531083719314
1998-07-21,-0.019675755025397944,0.37133035192425057,0.969193998242551
1998-07-22,0.00020754775793475574,0.3716149684641805,0.9676656341976746
1998-07-23,-0.01834803867984895,0.3464485239689399,0.9265616029807546
1998-07-24,-0.00048075136530424016,0.34580121700273003,0.9283280761729067
1998-07-27,0.00976269905914809,0.358939869277763,0.9392774266717128
1998-07-28,-0.014710497995826455,0.33894918705430377,0.9104883944347621
1998-07-29,-0.0027561960879613307,0.33525878054296565,0.902357815806595
1998-07-30,0.01621381656082996,0.3569084214719267,0.9326252045796495
1998-07-31,-0.016518173063839386,0.33449477333427224,0.8949537988731657
1998-08-03,-0.007687989278455667,0.32423519182472327,0.881098048667248
1998-08-04,-0.03842643847327355,0.27334954970192693,0.8129714584055296
1998-08-05,0.008777821072852385,0.28452678421240774,0.8289695792242828
1998-08-06,0.008265882030581304,0.2951445310758294,0.8430007380313085
1998-08-07,-0.005588748761939185,0.2879062936812471,0.8427000812660266
1998-08-10,-0.006835040824858572,0.2791034015853435,0.832139015368976
1998-08-11,-0.016174085690233108,0.25841507356143345,0.80853654172538
1998-08-12,0.013322948282077644,0.27518087250387935,0.8346696705835663
1998-08-13,-0.009228884172440013,0.2634123759326299,0.8189598193490233
1998-08-14,-0.012102636587813048,0.24812175508617185,0.7984766214131864
1998-08-17,0.022028148274158166,0.2756155661714126,0.8339305687795955
1998-08-18,0.017522701153693178,0.2979677965244334,0.8637844398042662
1998-08-19,-0.0051363296229705365,0.2913010060814831,0.8585854940298396
1998-08-20,-0.015514008975644212,0.27126775068287645,0.8477613916952078
1998-08-21,-0.008318178707683749,0.2606931183473813,0.8302598341218841
1998-08-24,0.0043322078763598695,0.2661547030043585,0.8419484393528225
1998-08-25,0.007343382608366525,0.27545256142990215,0.8499161494891152
1998-08-26,-0.007154850229399155,0.26632688937816784,0.8354089253156995
1998-08-27,-0.03954618528818236,0.21624849157541126,0.7651525045503798
1998-08-28,-0.017671945629355985,0.19475501436050435,0.7392449447302356
1998-08-31,-0.06229296506644949,0.12033018198798007,0.620981774327585
1998-09-01,0.029325441040748024,0.15318435868603908,0.6836711567394396
1998-09-02,-0.0020026879482910815,0.1508748902687409,0.6776578685056407
1998-09-03,-0.01286742155327241,0.136066097900577,0.663789425262328
1998-09-04,-0.014789412101685547,0.11926434820397169,0.6496831787280624
1998-09-08,0.0460550813417574,0.1708121588034346,0.7337577293715993
1998-09-09,-0.015232574226311187,0.1529776756893937,0.7046178799324327
1998-09-10,-0.025040801648582946,0.12410619040721138,0.6605823687899339
1998-09-11,0.027660147452757536,0.15519913338643243,0.7099922343079672
1998-09-14,0.018641583679116436,0.17673387469749846,0.7453460137286692
1998-09-15,0.009746254593117534,0.18820262262864595,0.7588384066231373
1998-09-16,0.0064512964960719305,0.19586807004463358,0.7721806240631259
1998-09-17,-0.023096527483096173,0.1682476702986906,0.7271931351160086
1998-09-18,-0.002533197616850351,0.165288268084399,0.7292726522545145
1998-09-21,0.0028651562685785142,0.16862700107040185,0.7357496186736312
1998-09-22,0.0063274046395357195,0.17602137697886122,0.7454838020020758
1998-09-23,0.03304746294829135,0.21488589986096862,0.8073464547734859
1998-09-24,-0.021921589715569324,0.18825366961298617,0.7677333202019034
1998-09-25,-0.0003424676661493537,0.1878467311519605,0.7711784858215729
1998-09-28,0.004354066779288988,0.19301869514295622,0.7784194813349665
1998-09-29,-0.001862923917697387,0.19079619208151422,0.7790084076844581
1998-09-30,-0.0247770478425876,0.1612917778595393,0.7248253483932923
1998-10-01,-0.028933411927985705,0.12769164448214632,0.6729222950602076
1998-10-02,0.018320655726037836,0.14835169486583322,0.7005087002360306
1998-10-05,-0.01860097189032487,0.12699123726942707,0.6766931976636261
1998-10-06,-0.002560915805463013,0.12410510759728544,0.6700533627526348
1998-10-07,-0.019163345530775016,0.10256349300748968,0.6469520346938957
1998-10-08,-0.011274372642886471,0.09013278132488067,0.6279221130756956
1998-10-09,0.024300470239746796,0.11662352053483849,0.6702538515722098
1998-10-12,0.013169074005462167,0.13132841831300146,0.6928541869742535
1998-10-13,-0.0010020542792834601,0.13019476583015588,0.6880184455831149
1998-10-14,0.008924801086086223,0.14028152930372584,0.7062589520322482
1998-10-15,0.04626847601133369,0.19304061788848204,0.7774675035303478
1998-10-16,0.016430423670064927,0.21264278069598586,0.7926387417804948
1998-10-19,0.004637321952875703,0.2182661956839036,0.8027612097106949
1998-10-20,0.008623309225704758,0.22877168180850904,0.8053794927617584
1998-10-21,0.002146342026529858,0.23140904611018454,0.8156649821119941
1998-10-22,0.0071981836155693086,0.24027295452995867,0.8302349068315773
1998-10-23,-0.004954985448077521,0.23412742008861875,0.817005397446529
1998-10-26,-0.0027004282654303387,0.23079474752026874,0.8197990890987006
1998-10-27,-0.009332518002786816,0.2193083333813004,0.8079603084132827
1998-10-28,0.0007628302862546043,0.22023845870628622,0.8129714584055294
1998-10-29,0.01758180328003557,0.241692451241994,0.8434893435069317
1998-10-30,0.014412435674168347,0.2595882638226197,0.8651250080669621
1998-11-02,0.010196062799500138,0.27243110486206845,0.8870864096107414
1998-11-03,-0.004046927329266733,0.2672816686491932,0.8858460092937517
1998-11-04,0.005895415518091892,0.27475282066434104,0.8994137957717825
1998-11-05,0.01428440821905876,0.29296191033310715,0.925346435810394
1998-11-06,0.006337613155266878,0.3011562027452932,0.937686362080669
1998-11-09,-0.011884686933588053,0.2856923686239692,0.919633804341877
1998-11-10,-0.0018330172931198402,0.2833356722786493,0.9166647040885973
1998-11-11,-0.008716793133586196,0.2721491007024446,0.9042871574906217
1998-11-12,-0.0032015820711983525,0.26807621094974454,0.8989126501869256
1998-11-13,0.011263749836885889,0.2823595041639886,0.9126431522286693
1998-11-16,0.008833803727316002,0.2936876163316313,0.9299316808731843
1998-11-17,0.006226490181991572,0.3017427495732843,0.9358197209428094
1998-11-18,0.0035679793663426313,0.30638734084404784,0.9448273425765166
1998-11-19,0.005483069844640471,0.31355035387804975,0.9587583334378353
1998-11-20,0.01074908047614374,0.32766981234135195,0.9773621971984185
1998-11-23,0.0257073296234746,0.3618006578383479,1.0192929580557828
1998-11-24,-0.0015408211046076803,0.3597023666444821,1.0105610658970519
1998-11-25,0.005713250591046511,0.3674706869943609,1.0173386890814506
1998-11-27,0.002269295554952997,0.3705738821458857,1.02694747131756
1998-11-30,-0.02438531996511005,0.33715199949393515,0.9781765396577908
1998-12-01,0.008249096402579504,0.34818229524266253,0.9980331909164357
1998-12-02,-0.004041317011066741,0.34273386319887944,0.9916440052619537
1998-12-03,-0.01910407422898243,0.3170821758065596,0.9558017732937896
1998-12-04,0.025019066345897685,0.35003434214606344,1.0010399114974158
1998-12-07,0.0059094041877824155,0.35801224074119165,1.0197190159133998
1998-12-08,-0.006705210660650617,0.34890648258727963,1.009082709360948
1998-12-09,2.2984510604953916e-05,0.3489374865426338,1.0128286846740608
1998-12-10,-0.015113568372141036,0.3285502276100276,0.9814713768948193
1998-12-11,-0.0008315738688953404,0.3274454399572322,0.9843152289839248
1998-12-14,-0.02129420627550039,0.29917854293931057,0.9413570967383795
1998-12-15,0.022268140672945837,0.328108833492756,0.9781765396577904
1998-12-16,0.0013723439196612482,0.3299314555750483,0.9767358034493874
1998-12-17,0.020956839908306178,0.35780261617855524,1.0075543453160716
1998-12-18,0.007505109963205871,0.367993074121304,1.0212599200675099
1998-12-21,0.01149344367284349,0.3837160254635572,1.0465036187390844
1998-12-22,-0.0035885741150745013,0.37875045795196494,1.047781333527452
1998-12-23,0.017807056288378417,0.4033019449643429,1.0902759405158409
1998-12-24,-0.00024527708266021365,0.40295774715719057,1.0864548774754885
1998-12-28,-0.0016353142562936247,0.4006634703522869,1.085127002250187
1998-12-29,0.008487955640908217,0.4125522397564778,1.113490129557682
1998-12-30,-0.007261944079791345,0.4022943643815824,1.0967403668257245
1998-12-31,-0.004641146127932837,0.39578611132211083,1.0921676618721672
1999-01-04,0.0003510315015681862,0.3962760762166364,1.0903010207343082
1999-01-05,0.011665884321422773,0.4125648714025498,1.1187768560967433
1999-01-06,0.02245219604644126,0.4442800548235959,1.166169752094277
1999-01-07,0.009347931684236862,0.4577810861089928,1.1618602365064628
1999-01-08,0.0029542152756970664,0.46208768526219846,1.1709931063043437
1999-01-11,-0.010177465690448643,0.4472073380090149,1.151900484139976
1999-01-12,-0.01849276373454556,0.4204444746323135,1.110408168321301
1999-01-13,-0.007852048489829245,0.4092910757403905,1.1018391446544444
1999-01-14,-0.01788571435819346,0.38408489811214674,1.0640550308930203
1999-01-15,0.022765124331384588,0.41559376290286165,1.1169853026861243
1999-01-19,0.0036997741489407194,0.4208311401122513,1.1318809643894565
1999-01-20,0.0062434971587837585,0.42970209529865344,1.1398737547442161
1999-01-21,-0.01407544273352217,0.40957840533028067,1.1033425814090152
1999-01-22,-0.009080076315286961,0.3967793258375012,1.086379789748249
1999-01-25,0.008199660051117589,0.40823244147579785,1.1013505391788208
1999-01-26,0.013860094539780618,0.4277506762486385,1.1325700586846548
1999-01-27,-0.009459123711516283,0.4142454059728016,1.117311039669873
1999-01-28,0.01792700552638296,0.4395985911813376,1.1553456497596448
1999-01-29,0.014436060070252422,0.4603807229206822,1.1796497578076726
1999-02-01,-0.008220342374337228,0.44837589338139217,1.1683372029255787
1999-02-02,-0.008363831683122512,0.4362619211952581,1.149670638618828
1999-02-03,0.010108984913908749,0.4507810712890423,1.1671218828270566
1999-02-04,-0.01623800143106361,0.4272232861772909,1.127120463653719
1999-02-05,-0.007215652049012375,0.4169249395479875,1.1116734959285957
1999-02-08,0.001750677397357539,0.4194055180134062,1.1194659503919415
1999-02-09,-0.021236700914733987,0.38926202755063244,1.072411178559229
1999-02-10,0.009270513543707053,0.4021411999927984,1.0854401991247022
1999-02-11,0.027931839272068607,0.4413055826277428,1.1375686685676674
1999-02-12,-0.01611211718715995,0.41808309817793665,1.0968781550991311
1999-02-16,0.013915717757275384,0.4378167423285433,1.1168976748496502
1999-02-17,-0.008848472047162239,0.4250942610751074,1.0867431470596975
1999-02-18,0.00914806805882324,0.4381311203656608,1.1094936579162207
1999-02-19,0.0026798183383745606,0.4419850505150038,1.1128010352624829
1999-02-22,0.023292945686215837,0.475573129976985,1.1689759838556815
1999-02-23,0.003951573769118708,0.48140396605181834,1.1673850721927987
1999-02-24,-0.01848833921566274,0.4540152670120241,1.1372930920208524
1999-02-25,-0.00722588892190495,0.44350871420184124,1.1232617802856653
1999-02-26,0.0002300537838063766,0.4438407988435009,1.1119116050758708
1999-03-01,0.002147523743831526,0.44694148124132993,1.1082659506366261
1999-03-02,-0.007684203310908468,0.43582288872048447,1.090113072023966
1999-03-03,-0.0028598516917984307,0.4317166482030541,1.0943349597753071
1999-03-04,0.018644057652581134,0.4584096559343118,1.1269325149433769
1999-03-05,0.023259015989065622,0.4923308294402955,1.1761545846792303
1999-03-08,0.004429231262775844,0.49894070780445654,1.1886699195506134
1999-03-09,-0.0007074699879287884,0.4978802522400001,1.1837463973948403
1999-03-10,0.006348998550549717,0.507390291790369,1.1958232872275336
1999-03-11,0.007638275462915967,0.5189041540691892,1.2148406687365005
1999-03-12,-0.0027281446715089353,0.5147603637947324,1.2095914095969786
1999-03-15,0.009496593462082176,0.5291454271621665,1.2312396142662427
1999-03-16,-0.0038248077129971825,0.5232967399380621,1.229761257730139
1999-03-17,-0.009589117348386661,0.5086896687423812,1.2152665736659567
1999-03-18,0.013054350557807367,0.5283846325610866,1.2473128228122352
1999-03-19,-0.00868754095571582,0.5151067284696256,1.2178597764985533
1999-03-22,0.0001713806783432035,0.5153663884885131,1.2140012460586616
1999-03-23,-0.026457078086216702,0.4752742216190444,1.1544938399007338
1999-03-24,0.001782244117748877,0.47790352042259143,1.1655308182360131
1999-03-25,0.016961130684333303,0.5029704351713153,1.2020872247178427
1999-03-26,-0.005378808843024524,0.49488624450381136,1.1898098460655744
1999-03-29,0.018709071659500587,0.5228541783750349,1.2368520777890533
1999-03-30,-0.004971237779192604,0.5152837081512955,1.2209291976257015
1999-03-31,-0.00915402350855329,0.5014127654647507,1.1963995205396314
1999-04-01,0.004902891511287516,0.5087740293674863,1.2090527966125828
1999-04-05,0.020748326062202314,0.5400785648829858,1.255856919188786
1999-04-06,-0.002850272054592162,0.5356889219876233,1.250432251448156
1999-04-07,0.01238210687633934,0.5547039863484846,1.266254963665801
1999-04-08,0.010969626092167298,0.5717585077627294,1.2955326013783748
1999-04-09,0.004039090761876502,0.5781069830313348,1.3029993188579718
1999-04-12,0.008961269265961122,0.5922488246367721,1.3206008914488407
1999-04-13,-0.005081481879148354,0.584157841087285,1.305630142018269
1999-04-14,-0.016157016520663082,0.5585625766774998,1.2691615163010739
1999-04-15,-0.006387079817648721,0.5486079130994603,1.2596278217922041
1999-04-16,-0.0017141012615826201,0.5459534423219197,1.2530381473181467
1999-04-19,-0.012937450255369264,0.5259527465647629,1.2026383778114713
1999-04-20,0.009074621756732123,0.5398001905584846,1.2311392933923737
1999-04-21,0.02073413293882292,0.571726612408749,1.2824284930856606
1999-04-22,0.013790265907808843,0.5934011403282453,1.3212398253071043
1999-04-23,-0.0022268482625969937,0.5898528777672853,1.3178824404520695
1999-04-26,-0.004048193716051463,0.5834168453380615,1.3233320354830052
1999-04-27,0.0030806007457320097,0.5882947204526146,1.32804252870997
1999-04-28,-0.009976665855187642,0.5724488347471002,1.307910147976349
1999-04-29,-0.003398003103737697,0.5671056487261608,1.2945179230275876
1999-04-30,-0.008648471937055065,0.5535525795007521,1.2814638222436474
1999-05-03,0.012831037976053113,0.5734862716461213,1.3146877711607479
1999-05-04,-0.0202156042191364,0.5416772959342788,1.276051847540412
1999-05-05,0.010832396656561325,0.5583773559202538,1.3027235893829947
1999-05-06,-0.01369725861833332,0.5370318582512597,1.2768034894536169
1999-05-07,0.009760158323755439,0.552033532536448,1.2989402995985042
1999-05-10,-0.0037065758952274184,0.5462808024561638,1.2915488227743084
1999-05-11,0.010212863264748318,0.5620727568605539,1.317857360233603
1999-05-12,0.004965220013559762,0.5698287917755542,1.332652701063067
1999-05-13,0.0033603444011479013,0.575103957166758,1.3387913903892015
1999-05-14,-0.022225119032841675,0.5400970842296269,1.2879784089904653
1999-05-17,-6.707005834357934e-05,0.5399937898283327,1.2909349691345113
1999-05-18,-0.005650140808294491,0.5312926080719036,1.280524231620102
1999-05-19,0.010252931781435898,0.5469928467198819,1.299278423763326
1999-05-20,-0.004481875431117459,0.5400594174880535,1.2901582470028399
1999-05-21,-0.00858863341934893,0.5268324117072327,1.2755757821740232
1999-05-24,-0.017902669483614984,0.49949803568356743,1.2351483051430683
1999-05-25,-0.017347773694390032,0.47348508310534654,1.1971262351625298
1999-05-26,0.016328043695917775,0.4975442119275735,1.2322668327262618
1999-05-27,-0.013923928537763343,0.4766925133385529,1.1926160778269788
1999-05-28,0.01788505128804982,0.503103234676292,1.2275814197177644
1999-06-01,-0.00860058039305648,0.4901756744673953,1.2146778002446266
1999-06-02,0.000856018668525355,0.4914512926641217,1.2160809161253288
1999-06-03,0.005654487469706263,0.49988468531016816,1.2241989546442622
1999-06-04,0.019245008383064817,0.5287499786525929,1.2725189011561087
1999-06-07,0.006097228921938156,0.5380711172368458,1.2841949662778132
1999-06-08,-0.011700253643221352,0.5200752950438619,1.2548546280190718
1999-06-09,-0.0024593332102805458,0.5163369233886335,1.2572600350694878
1999-06-10,-0.011573863910711945,0.49878704619454584,1.2301997027688274
1999-06-11,-0.005102516469902908,0.49113946060646096,1.2149784570099076
1999-06-14,-0.0005631382321433154,0.49029974296673595,1.2156299309774052
1999-06-15,0.007736327321312158,0.5018291895851941,1.2279071567015127
1999-06-16,0.024177194327012964,0.5381392057477759,1.2780688170609125
1999-06-17,0.008304586289693577,0.550912815507469,1.2944176021537204
1999-06-18,0.0003778285839258868,0.5514987947003449,1.2994663724736677
1999-06-21,0.0029447191470125074,0.5560675229076657,1.3100525185891856
1999-06-22,-0.006597146249107949,0.5458019178855569,1.2875899714605494
1999-06-23,-0.005011449459266943,0.5380552097000355,1.2827918503971114
1999-06-24,-0.011799818515794945,0.5199064373583022,1.253201015810022
1999-06-25,0.0009297658604215138,0.5213195944747928,1.2523992134598831
1999-06-28,0.012017667080400158,0.5396023068840803,1.28018595452712
1999-06-29,0.014498747252700889,0.5619246116012679,1.3146376107238154
1999-06-30,0.01402168248178185,0.5838254225656212,1.3512065573148786
1999-07-01,0.007677341045756061,0.5959849904915961,1.3654507450507127
1999-07-02,0.006705497447574827,0.6066868637717053,1.3830273903512764
1999-07-06,-0.002604432011665851,0.6025023570709753,1.377978620031329
1999-07-07,0.00386584201245937,0.6086973780080054,1.39173420229154
1999-07-08,-0.0030977618805467103,0.6037140165930768,1.389416576005758
1999-07-09,0.005787500757899057,0.6129955126795628,1.4046003543651389
1999-07-12,-0.0032828576902113197,0.6077002779564864,1.3974468337600574
1999-07-13,-0.005125657546282354,0.5994597568946185,1.3880509275245951
1999-07-14,0.0007149040055381257,0.6006032170815194,1.3960062504798159
1999-07-15,0.006335281380732123,0.6107434888406358,1.4156373327004181
1999-07-16,0.009097434010251676,0.625397121437806,1.4313598769723561
1999-07-19,-0.007005540738780498,0.6140103356868769,1.4123050280638503
1999-07-20,-0.016368759176959936,0.5875909891928943,1.3599509895828428
1999-07-21,-0.002224417403170031,0.5840595241674178,1.3638346002412014
1999-07-22,-0.007792306297386585,0.5717160471618128,1.33247729246196
1999-07-23,-0.0038362842794806653,0.5656864975982785,1.3255620339323153
1999-07-26,-0.003978719972699117,0.5594570694592989,1.3098269495511436
1999-07-27,0.007979233830995948,0.5719003420659141,1.3356719617532815
1999-07-28,0.002115177715052463,0.5752251906397354,1.3402697469253058
1999-07-29,-0.01539025835132794,0.5509820679942701,1.2988901391615713
1999-07-30,-0.011771486967401724,0.5327247027942017,1.2777932405140984
1999-08-02,-0.0011294328166999183,0.5309935932158991,1.276653161070977
1999-08-03,-0.004697108161414258,0.5238023507141318,1.2666684814141842
1999-08-04,-0.011552347494729474,0.5061988564453965,1.238117405396348
1999-08-05,0.004090145374610273,0.51235942873133,1.2526497097882308
1999-08-06,-0.015507914140234497,0.4889058885613906,1.2300369872051151
1999-08-09,0.0007358064586312872,0.49000143513048844,1.2258025593445403
1999-08-10,-0.009777897733346003,0.4754323534752436,1.1978026364203336
1999-08-11,0.014158606121840413,0.4963224190275195,1.2335321603335574
1999-08-12,-0.0031004089330356572,0.491683207632865,1.2271429746790754
1999-08-13,0.024523951035084153,0.5282651735767105,1.2778808683505716
1999-08-16,0.0032251067725472455,0.5331939919382609,1.283242835545034
1999-08-17,0.01550463846636581,0.5569656104820677,1.3062314555488328
1999-08-18,-0.005067482778990653,0.5490757140634692,1.2870388183669195
1999-08-19,-0.00895412196599112,0.5352051011851902,1.2712786537672809
1999-08-20,0.013575336350866857,0.5560460268013456,1.2936283399128152
1999-08-23,0.02067949565494783,0.5882242738514829,1.334168677926872
1999-08-24,0.006382118108616001,0.5983605087501742,1.3398062216681494
1999-08-25,0.010118745642383117,0.6145339121830471,1.3713638653388047
1999-08-26,-0.012393682646879697,0.5945238912528252,1.3374384349454336
1999-08-27,-0.009347235704293706,0.5796195006051574,1.3140488373024848
1999-08-30,-0.021716310612785707,0.5453159928800024,1.2726943097572172
1999-08-31,-0.000647181690677899,0.5443158926630987,1.266530540212616
1999-09-01,0.0056661634694154875,0.5530662389593441,1.2853348927927737
1999-09-02,-0.007367570849008101,0.5416239134106087,1.2648267675666314
1999-09-03,0.02966603759579098,0.5873577863844182,1.3303726951049866
1999-09-07,-0.007091534730743442,0.5761009835121571,1.3189221990213236
1999-09-08,-0.006736515138723101,0.5654835553765711,1.3083362058339674
1999-09-09,-0.0019684667725968262,0.5624019530147655,1.314362034177
1999-09-10,0.0017136035070147698,0.5650792904808182,1.321227285197872
1999-09-13,-0.004547120515291735,0.5579626863310148,1.308837198490663
1999-09-14,-0.006227491006382649,0.5482604877136086,1.2953948131049677
1999-09-15,-0.014099351274263257,0.5264310192332724,1.2640000379261873
1999-09-16,0.00021073881684989494,0.5267526975002688,1.2650147162769732
1999-09-17,0.014316701966924649,0.5486107608475783,1.2941420256069063
1999-09-20,0.0007227719958183893,0.5497300533379421,1.294380134754182
1999-09-21,-0.020533638986337664,0.5179084558964231,1.246360692079456
1999-09-22,0.0017107748267295906,0.5205052554720506,1.251447082727104
1999-09-23,-0.01775618836396469,0.4935068777474907,1.1997445182135946
1999-09-24,-0.0016597011884506303,0.49102810260753404,1.194507799183306
1999-09-27,-0.000793202373220633,0.489845415578007,1.204730587987374
1999-09-28,-0.0009984082258160626,0.48835794165989954,1.203365092434372
1999-09-29,-0.011111215856636474,0.4718204752981774,1.1797500786815425
1999-09-30,0.01302181420907672,0.4909862480766254,1.2043923108943915
1999-10-01,-0.0021979499567366663,0.4877091349171705,1.2046178799324339
1999-10-04,0.019821066939144625,0.5171971172663405,1.2421262642188817
1999-10-05,8.595449513961557e-05,0.5173275271785827,1.2366265087510118
1999-10-06,0.01643046670968371,0.542257926601577,1.278331853498495
1999-10-07,-0.008707011812834752,0.5288294686162192,1.2650397964954405
1999-10-08,0.01341499277181199,0.5493387048870388,1.2966350604937964
1999-10-11,-0.0026308948147556366,0.5452625577220513,1.2952444847223274
1999-10-12,-0.016172940239180596,0.5202711187221694,1.2571346339771545
1999-10-13,-0.02213469139629277,0.4866203866705574,1.2100423947449026
1999-10-14,-0.004479545553322681,0.4799610029279686,1.206384353124586
1999-10-15,-0.027044611622953317,0.43993603238666523,1.1444840800254754
1999-10-18,0.008749633176205746,0.45253494446724973,1.1560472841640785
1999-10-19,0.010215370479608993,0.46737312705956113,1.1684122906528205
1999-10-20,0.019587912384401936,0.49611590330762945,1.2168701783662352
1999-10-21,0.0029681307374279414,0.5005565709069915,1.2068853457812816
1999-10-22,0.01886415134930829,0.5288632971687799,1.2379294566860075
1999-10-25,-0.007715699630790198,0.5170670471912859,1.224136254098096
1999-10-26,-0.010258101663842483,0.5015048191903324,1.2039914861834031
1999-10-27,0.01772274216052987,0.5281156019536357,1.229610929347499
1999-10-28,0.03787567062376944,0.5859940051682748,1.3086368625992502
1999-10-29,0.01608348683284022,0.6115023188673625,1.3438901682179223
1999-11-01,-0.008939642872047907,0.5970960636492111,1.3287565502954757
1999-11-02,-0.0026204330707662086,0.5929109803068342,1.3178197399059033
1999-11-03,0.0020898988825879304,0.5962400031846395,1.3305355635968614
1999-11-04,0.006018181847775205,0.6058464657964979,1.3438150804906823
1999-11-05,0.007441714214275983,0.6177967162669606,1.3569066486741619
1999-11-08,0.004302079521032325,0.6247566063892058,1.3687832026154418
1999-11-09,-0.009253403410113202,0.60972207806704,1.349064186702043
1999-11-10,0.0012254448906725357,0.61169470376301,1.363396155202512
1999-11-11,0.004548801210679998,0.6190259825827338,1.3771642775719566
1999-11-12,0.013505998106844518,0.6408925444384284,1.4024956040800043
1999-11-15,-0.0036969661025581593,0.634826220323699,1.3996768322093658
1999-11-16,0.021477430460491834,0.6699380867856899,1.4439753797894457
1999-11-17,-0.007873735019032102,0.6567894367921498,1.4281777477902677
1999-11-18,0.007392721273534653,0.6690376193072909,1.452795052712811
1999-11-19,-0.0025542110800367813,0.6647745449270581,1.4477462823928637
1999-11-22,-0.002319167192726502,0.6609136544191772,1.445954881910406
1999-11-23,-0.013756560705927285,0.6380651949048564,1.4180051194231331
1999-11-24,0.004515497432379707,0.6454618740865199,1.4394402951635885
1999-11-26,-0.0017666043027354263,0.6425549940597715,1.4388264415237915
1999-11-29,-0.011012303708553838,0.6244666796071834,1.4240811082031004
1999-11-30,-0.0017855165670404907,0.6215661674381394,1.391533713471965
1999-12-01,0.003798298352934445,0.6277253595410941,1.4072186374162023
1999-12-02,0.004255362047419409,0.6346519202597076,1.4267370115818645
1999-12-03,0.019007887456591606,0.6657231999907054,1.4685301370939827
1999-12-06,-0.008762040773690888,0.651128065394704,1.4514044769413421
1999-12-07,-0.006745644561637299,0.6399901423398076,1.427075288674847
1999-12-08,-0.005128369061218023,0.6315796676331296,1.4181805280242417
1999-12-09,0.002681030600926332,0.6359539826499032,1.42550930430227
1999-12-10,0.0065968363718654326,0.6467461033853461,1.4408935714812259
1999-12-13,-0.0018130062267474717,0.6437605424460362,1.4382125878839944
1999-12-14,-0.009505837423359071,0.6281352219666116,1.417479046547971
1999-12-15,0.009407706901919471,0.6434522409315651,1.435055538920373
1999-12-16,0.0018325135308816384,0.64646388940043,1.4445768462481707
1999-12-17,-0.001572902963808389,0.6438741614689885,1.4484979243060687
1999-12-20,-0.003557769801188526,0.63802563562036,1.4434867743138224
1999-12-21,0.013141383408167645,0.6595515585304548,1.469945793083919
1999-12-22,0.00440757317345293,0.6668661534597957,1.4748817024207646
1999-12-23,0.014774105664526504,0.6914926101396337,1.513179348948118
1999-12-27,-0.0003202217144539976,0.6909509574760284,1.5110496713726778
1999-12-28,-0.00090875162389495,0.6894143030474955,1.5120143422146906
1999-12-29,0.006589776006752809,0.7005471648871828,1.5223372989644655
1999-12-30,0.0007432803594243779,0.7018111481951181,1.5241288523750849
1999-12-31,0.0034679956654186297,0.70771302188042,1.5323846791674258
2000-01-03,-0.01795429476019624,0.6770522389197533,1.5082183593928051
2000-01-04,-0.03728367259179348,0.6145255723245351,1.4121296194627422
2000-01-05,0.006885460853537959,0.6256423249498118,1.4169779009631145
2000-01-06,0.010347004543859587,0.6424628534727579,1.419771592615286
2000-01-07,0.03142102859541892,0.6940707257586387,1.4853173672254796
2000-01-10,0.004564369971131035,0.7018030913082636,1.5131793489481176
2000-01-11,-0.010887105510570582,0.6832753814949752,1.4804190782163351
2000-01-12,0.0013830728068513873,0.6856034739015633,1.4696951438274102
2000-01-13,0.014861237722236397,0.7106536278326419,1.499749503671656
2000-01-14,0.017756828974709614,0.7410294117370326,1.5264213984424
2000-01-18,-0.005496188958214046,0.7314603851083177,1.5091955703440525
2000-01-19,-0.002779387938589459,0.7266479849978023,1.5106112263339888
2000-01-20,-0.009935946127641614,0.7094921036374633,1.4928091649235444
2000-01-21,-0.008479582822527422,0.6949963237602126,1.4855429362635224
2000-01-24,-0.022786330398849503,0.6563735775021771,1.4168775800892468
2000-01-25,0.007128630339731141,0.668181252440688,1.431535285573465
2000-01-26,0.0019062634509589733,0.6713612453917908,1.421362657206331
2000-01-27,-0.0008295326062652117,0.6699747967418903,1.4120043712985693
2000-01-28,-0.0273401110346176,0.6243175003739541,1.345982378393824
2000-01-31,0.022968917941574275,0.6616263157511062,1.4051515074587693
2000-02-01,0.011861986624608547,0.6813365048836435,1.4307084030048594
2000-02-02,-0.0042623010574467934,0.6741701425209541,1.4306707826771587
2000-02-03,0.006752773198181546,0.6854754337885653,1.4582321076345148
2000-02-04,-0.0037282136525077537,0.6791916212653484,1.4572674367925016
2000-02-07,-0.001576625544485592,0.6765441648611752,1.4570921811195552
2000-02-08,0.010180106418039523,0.6936115628740052,1.4873970372921486
2000-02-09,-0.017805432886146597,0.6634560758560504,1.436132917817328
2000-02-10,-0.0016631912424619959,0.6606894302784665,1.4450027511776278
2000-02-11,-0.012709686208143557,0.6395825887304465,1.393976740850083
2000-02-14,-0.0009217349725645146,0.6380713281180057,1.3989377304053954
2000-02-15,0.010603883274430004,0.6554412452765594,1.4198592204517597
2000-02-16,-0.0118602451206515,0.6358073063247429,1.395480024676492
2000-02-17,-0.0034360129549657697,0.6301866512283834,1.396532323354979
2000-02-18,-0.027067022891325978,0.5860623518224506,1.3237328601939966
2000-02-22,0.0012152335232617612,0.5879897879623688,1.3342688458725802
2000-02-23,0.003591456577529819,0.5936929843313965,1.3491770476851457
2000-02-24,-0.009486400000949,0.5785745752033227,1.336699180213302
2000-02-25,-0.0136182178534346,0.5570772027403108,1.302247524016607
2000-02-28,0.015089819737105688,0.5805732170464188,1.3278922003273315
2000-02-29,0.015470778041679456,0.6050259144659671,1.3596252525990948
2000-03-01,0.007813522292217314,0.6175668202282334,1.3821879676734379
2000-03-02,-0.002735627424840576,0.6131417600733049,1.3866728918623603
2000-03-03,0.019377790370886067,0.6444008829385275,1.4340283204603548
2000-03-06,-0.015340217133204923,0.6191754163402166,1.4033975743758509
2000-03-07,-0.02063269355955116,0.5857674661557102,1.341873198697423
2000-03-08,0.004382794294117731,0.592717558758175,1.3612664776270726
2000-03-09,0.019641137788031178,0.6240003437871611,1.4217760220265525
2000-03-10,-0.004600041734531254,0.616529874428847,1.4103380660521232
2000-03-13,-0.001529979376699101,0.6140566170591528,1.390844772104928
2000-03-14,-0.018345245773563237,0.5844463517267566,1.3485881213356534
2000-03-15,0.03178768190949147,0.634812228358101,1.4057028134805596
2000-03-16,0.05141166371529042,0.7188606448800923,1.5206460664277146
2000-03-17,0.00514240536020052,0.7276997230737614,1.5310191836144234
2000-03-20,-0.005660537978702139,0.7179200131755092,1.5175140976825605
2000-03-21,0.02322592844053379,0.7578203004680846,1.5818696324126988
2000-03-22,0.01005193815742577,0.7754898014202574,1.5936083980805718
2000-03-23,0.023740246144399818,0.817640366332846,1.639785973979583
2000-03-24,0.0012624748527666335,0.8199350915867145,1.639974075618086
2000-03-27,-0.00854417573339469,0.8043852463408259,1.6337477584554785
2000-03-28,-0.006156651611530868,0.7932762750061191,1.6058983168420742
2000-03-29,0.005018734778343815,0.8022762530146714,1.6076144766691307
2000-03-30,-0.009367894810785008,0.7853927186564542,1.5720354340667093
2000-03-31,0.006327781870567664,0.796690294333412,1.5904638892261844
2000-04-03,0.015470346396786397,0.824485715554494,1.603254800644382
2000-04-04,-0.01232517211980023,0.8019986150801679,1.583911835079828
2000-04-05,-0.0077673388268268825,0.7880018812713674,1.571371419989978
2000-04-06,0.009118506238785365,0.8043057875807003,1.5959634917658927
2000-04-07,0.004040466289487196,0.8115960242913469,1.621921517879294
2000-04-10,0.0029372583337698294,0.8169171498111212,1.6013630792880558
2000-04-11,0.0016986000887805408,0.8200033654430974,1.5947984850324657
2000-04-12,-0.011455458968052681,0.7991543915685462,1.5371828002308638
2000-04-13,-0.01639535237973591,0.7696566213332305,1.4910803120590925
2000-04-14,-0.05434251560926606,0.6734890287653885,1.3459072906665837
2000-04-17,0.022270552074637105,0.7107585533268421,1.4235174150002372
2000-04-18,0.029063596591972808,0.7604793497870004,1.4930972815795918
2000-04-19,-0.01544722414487225,0.7332848306684216,1.4687179328761624
2000-04-20,0.010930751681729852,0.7522309367461673,1.4809702313099642
2000-04-24,0.006329627685460137,0.7633219061947154,1.4728898131187314
2000-04-25,0.029319491554306173,0.8150216079309145,1.5551853504608828
2000-04-26,-0.012178443575531411,0.7929174696903576,1.5269225440272565
2000-04-27,-0.0004695883155704421,0.792075536595809,1.5339882838677035
2000-04-28,-0.010672385823571693,0.7729498150442744,1.5125280279087812
2000-05-01,0.00735682940193492,0.785993104371747,1.5399014041557955
2000-05-02,-0.004686063173385777,0.7776238278574295,1.50192934168403
2000-05-03,-0.01852953908343828,0.744685277663494,1.4482348878684874
2000-05-04,-0.005285735833207044,0.7354633321736794,1.4387388136873183
2000-05-05,0.013024710307726048,0.7580672393249226,1.4786651451334158
2000-05-08,0.0007473194027312977,0.7593810770841762,1.4642455487964736
2000-05-09,-0.008377296764031733,0.7446422196804203,1.4435620149692232
2000-05-10,-0.019478303724614905,0.7106595486346987,1.3938138723582072
2000-05-11,0.021574037487699343,0.7475653818656345,1.4371477490962739
2000-05-12,0.005938543721650742,0.7579433752922871,1.4599609604989645
2000-05-15,0.02439037196039317,0.8008202681009748,1.5143821289374055
2000-05-16,0.0063869677680119296,0.8123220491093184,1.538097310635942
2000-05-17,-0.014295405198445858,0.786414171067223,1.506752542965934
2000-05-18,-0.0013965612652396778,0.7839193342322353,1.4885371167352677
2000-05-19,-0.01816093785251461,0.7515216860693443,1.4362332386911945
2000-05-22,-0.0004594995880384616,0.7507168625761551,1.4254467566842632
2000-05-23,-0.016174734967808205,0.7223994813203132,1.3789682181636476
2000-05-24,0.013721492468743553,0.7460333728314179,1.4227030725408647
2000-05-25,-0.012797447569801487,0.7236886022874842,1.3924107564775046
2000-05-26,-0.00311081857704268,0.7183265197624515,1.3865351035889515
2000-05-30,0.027837319226369568,0.7661601236282156,1.4637193229931498
2000-05-31,0.00345814569482787,0.7722677626561174,1.4609757917779125
2000-06-01,0.0187927333468978,0.8055735181390169,1.5098970518203227
2000-06-02,0.02101120462236207,0.8435107927893539,1.5591818221023437
2000-06-05,-0.009776035926030477,0.8254885650490202,1.542532227316093
2000-06-06,-0.006776639368916096,0.8131178873716027,1.5255945158737938
2000-06-07,0.008500056877973903,0.8285294925407332,1.5493098505004919
2000-06-08,-0.006501379041354687,0.8166415292214297,1.5325851679870013
2000-06-09,-0.0044523404310166685,0.8085532226922132,1.5244044289218999
2000-06-12,-0.0035776005604236574,0.8020829416691535,1.5054748281775678
2000-06-13,0.018587584249248577,0.8355793101715627,1.5463907577559848
2000-06-14,0.0013471166736041802,0.8380520496660175,1.5484077272764845
2000-06-15,-0.0019518598702166355,0.834464429630905,1.5626019075035464
2000-06-16,-0.0173225858715966,0.802686762020234,1.5381474710728775
2000-06-19,0.014129148279948862,0.8281571905831187,1.5755307601233128
2000-06-20,-0.006419365892524013,0.8164215806677169,1.5581168303864623
2000-06-21,0.0012333454562449817,0.8186618559708587,1.5636416660727992
2000-06-22,-0.012063004519781912,0.7967233297823273,1.5170129520977036
2000-06-23,-0.0020464317756325894,0.7930464580682404,1.4984716359551267
2000-06-26,0.010058445255319765,0.8110817177069649,1.5224500070194056
2000-06-27,-0.0014546769714564821,0.8084471788387906,1.5141941802270646
2000-06-28,0.0023494536598653846,0.8126960416817866,1.5219614015437823
2000-06-29,-0.007744778506233996,0.798657112339834,1.5004260578576205
2000-06-30,-0.002516964603159798,0.7941299560548531,1.5216482046692676
2000-07-03,0.014683344114228112,0.8204737835852514,1.5476435452540462
2000-07-05,-0.013528326350528488,0.7958458201283287,1.5077172138079482
2000-07-06,0.007249699925650382,0.8088651634369926,1.5261332817863509
2000-07-07,0.015008611064905591,0.8360137171438755,1.5646939647512852
2000-07-10,-0.004744432540643683,0.8273028739191899,1.5590064135012351
2000-07-11,0.004642673601190016,0.835786444733313,1.5682018309171228
2000-07-12,0.004891186987179246,0.8447656195030326,1.5892487220558227
2000-07-13,-0.002147378238144395,0.8408042099572348,1.5943476528127043
2000-07-14,0.008805669230104165,0.8570137229475014,1.618877024042452
2000-07-17,-0.00033087732294804226,0.8563992792181749,1.6197539141198303
2000-07-18,-0.00839509911951076,0.8408146232637501,1.5907269256637657
2000-07-19,-0.007591805841494074,0.8268395160537485,1.570419289257198
2000-07-20,0.017939702134424133,0.8596124728191481,1.5940344559381892
2000-07-21,-0.009574309042105569,0.8418079683058235,1.5673500210582119
2000-07-24,-0.004666032564644048,0.8332140323478876,1.5399139442650296
2000-07-25,0.006101880674443203,0.8444000856239895,1.5575782174020665
2000-07-26,-0.009840305914821712,0.826250624552126,1.5193681987111867
2000-07-27,0.003934656479216907,0.8334362934046937,1.5147078659211561
2000-07-28,-0.01749746219858353,0.801355811167334,1.463230717517527
2000-07-31,0.01150850895545696,0.8220867306521178,1.4822230188080265
2000-08-01,0.0029362288913862113,0.8274367943532699,1.4948386745532778
2000-08-02,-0.003216856627207565,0.8215581921905515,1.4960663818328728
2000-08-03,0.010290287348622223,0.840302549410429,1.5203579497716673
2000-08-04,0.00971808839841603,0.8581867722654299,1.5386486166577353
2000-08-07,0.008773172624093717,0.8744889655863224,1.5671368392012428
2000-08-08,0.00016047118071620353,0.8747897670438693,1.5733760023294066
2000-08-09,-0.003310452252951641,0.8685833650357482,1.5563755903409398
2000-08-10,-0.011548161500180223,0.8470046625597651,1.5348024733989156
2000-08-11,0.009714514724873596,0.8649474165511122,1.555072642405944
2000-08-14,0.015721482339001704,0.8942671544235874,1.5893863574010703
2000-08-15,-0.006093434291378661,0.8827245619877904,1.5770215038404896
2000-08-16,-0.001963544449477742,0.8790277486242037,1.5693793777597844
2000-08-17,0.010326997050298246,0.8984324626416742,1.5975796365754045
2000-08-18,-0.002502002065700798,0.8936825806985511,1.5901130720239687
2000-08-21,0.006987966825021258,0.9069155717495931,1.6036056178465987
2000-08-22,0.0007878981805476495,0.9084180270590325,1.6012627584141885
2000-08-23,0.0018923411338460975,0.9120294049922097,1.6150685011113337
2000-08-24,0.00021375925201196533,0.9124381189676458,1.6191526005892674
2000-08-25,-0.004155876428410796,0.904490262468234,1.615945697045035
2000-08-28,0.00989178447095286,0.9233290696715986,1.6292501412291616
2000-08-29,-0.00572219285195378,0.9123234098171689,1.622071693333774
2000-08-30,-0.0011053548031289741,0.9102096139509914,1.6101576719929547
2000-08-31,0.01130073060152688,0.9317963781906984,1.6364035089060813
2000-09-01,-0.0009386616258040978,0.9299830750616234,1.6418281766467118
2000-09-05,-0.005836108599086321,0.9187194842411652,1.6180377542927742
2000-09-06,-0.012958628694590095,0.8938555108758086,1.592518326146224
2000-09-07,0.00670664082929532,0.9065569195698342,1.6104081683213027
2000-09-08,0.0006018050130810358,0.9077042950817555,1.596502410606612
2000-09-11,0.0037241881335248065,0.9148089447797734,1.5874322413548985
2000-09-12,-0.006078616271976443,0.903169555970309,1.574804045500414
2000-09-13,-0.002172683857283128,0.8990345701983797,1.580454129350925
2000-09-14,-0.003044429830987451,0.8932530927027915,1.573488557456185
2000-09-15,-0.012247865530295585,0.8700647834085515,1.5473178082702979
2000-09-18,-0.018594357138017277,0.835292130954624,1.5103481898964075
2000-09-19,0.01623215261525063,0.8650828729178481,1.5371077125036248
2000-09-20,-0.009782700972910924,0.8468373248823953,1.5222871385275325
2000-09-21,-0.013945604978918261,0.8210820610892633,1.5183659075414733
2000-09-22,0.013475947359319401,0.8456228670815029,1.51780221433861
2000-09-25,-0.0036724874307101467,0.8388448403003148,1.5009646708420177
2000-09-26,-0.0060629051246775065,0.8276960984945712,1.480419078216336
2000-09-27,-0.0015453323954645367,0.8248717005045034,1.4796548961938978
2000-09-28,0.016594695338601945,0.8551548904064123,1.5348024733989152
2000-09-29,-0.008001194844657411,0.8403114346612515,1.497218848457066
2000-10-02,0.004385555900847401,0.8483822233329272,1.4967302429814429
2000-10-03,-0.003402887282109048,0.8420923869726713,1.4798176117576105
2000-10-04,-0.0034953465489948564,0.8356536357049367,1.4938238432743307
2000-10-05,0.005141193105006884,0.8450910855200038,1.4976823737142224
2000-10-06,-0.020802395451361103,0.8067087711152356,1.450226777170521
2000-10-09,-0.006565243709418201,0.7948472877209205,1.438124960047522
2000-10-10,-0.01081173135886396,0.7754418810158963,1.412129619462743
2000-10-11,-0.007572840824088881,0.7619967422585419,1.3732430465858982
2000-10-12,-0.025446369024239045,0.7171603229355241,1.31274588936749
2000-10-13,0.030156242605109122,0.7689434262258354,1.3899551889901551
2000-10-16,-0.0019887380191099947,0.7654254611804454,1.3907444512310603
2000-10-17,-0.014270155155222584,0.74023256593442,1.34787409975015
2000-10-18,-0.004749426492721916,0.7319674592822736,1.3343815539275203
2000-10-19,0.03155807537213115,0.7866250189043822,1.4154995444270115
2000-10-20,0.005960988684339018,0.7972750704252283,1.4297061118351455
2000-10-23,-0.0038534535134965827,0.7903493544903784,1.4277267626423464
2000-10-24,0.003722052332582942,0.7970131284813977,1.4318234022295138
2000-10-25,-0.017090619599992495,0.7663010606863296,1.3740699291545044
2000-10-26,-0.0056829708781560295,0.756263223196393,1.3733057471320662
2000-10-27,0.012141163894439935,0.7775863028309979,1.3997771530832348
2000-10-30,0.016423502222101944,0.8067804954255209,1.4331638175640484
2000-10-31,0.01568217699126236,0.8351147469391444,1.486670475597411
2000-11-01,-0.00380056245949329,0.828140278723065,1.4726517039714575
2000-11-02,0.002635719509942739,0.8329587437226074,1.4851921190613075
2000-11-03,-0.002236477442093608,0.8288593728399833,1.482398427409136
2000-11-06,0.008325296588567413,0.8440851695376577,1.4920322898637126
2000-11-07,-0.0015658956343012924,0.8411975246213987,1.4915438373162506
2000-11-08,-0.013897097935895338,0.8156102223024071,1.4524818558382977
2000-11-09,0.0020123776645256403,0.8192639157612527,1.436972340495168
2000-11-10,-0.019689956828037057,0.7834426878011078,1.377515094774174
2000-11-13,-0.011141730441587635,0.7635720501156074,1.3521210677199589
2000-11-14,0.017979566143412277,0.7952803104393342,1.407444206454246
2000-11-15,0.0029959193578812807,0.8006588254742024,1.419683811850653
2000-11-16,-0.005742187753387501,0.7903191044185354,1.3893162551318916
2000-11-17,-0.0037391688231891594,0.7836247990397336,1.3813987054325332
2000-11-20,-0.01652567967785173,0.7541491869453303,1.3377140114922503
2000-11-21,0.002901638150862377,0.7592390931484752,1.3461201666672324
2000-11-22,-0.01799205234580622,0.7275867712957591,1.302623421437291
2000-11-24,0.012554389306800882,0.7492755681838854,1.3364486838849552
2000-11-27,0.001959423848060615,0.7527031404490148,1.3489890989748052
2000-11-28,-0.0032106495594001598,0.7470758248833729,1.3268022813211453
2000-11-29,0.00946799721139144,0.7636171339214579,1.3375636831096096
2000-11-30,-0.01763867772150861,0.7325092596720866,1.2906217722599989
2000-12-01,-0.0024028668980038696,0.7283462705215353,1.291110377735622
2000-12-04,0.003731711432215779,0.734795960058068,1.3080855565774607
2000-12-05,0.03489092967529648,0.7953246039014423,1.397947979344916
2000-12-06,-0.015282145893539508,0.7678881913783595,1.3547142705525563
2000-12-07,-0.001637225954857621,0.7649937589461486,1.3410088487292793
2000-12-08,0.021515971270789167,0.802969313956756,1.3869235411188705
2000-12-11,0.006529488457806667,0.8147417812820161,1.4049135512396562
2000-12-12,-0.006823925314043971,0.8023581189022726,1.3891910069677182
2000-12-13,-0.007038732680253955,0.7896718019092341,1.3701863184961462
2000-12-14,-0.015961271393155854,0.7611063645742826,1.3370123770878184
2000-12-15,-0.019355777177180976,0.7270187821962675,1.2868634097658136
2000-12-18,0.017596830051093117,0.7574088382016211,1.3053545654714562
2000-12-19,-0.012412623864797913,0.735594783316353,1.2755130816278575
2000-12-20,-0.02713115441828189,0.6885060932426326,1.204429931222093
2000-12-21,0.013212226334712392,0.7108150179140951,1.2220816642498962
2000-12-22,0.01610208036891266,0.7383626988288907,1.2763148839779963
2000-12-26,0.011343735753746318,0.7580822259285749,1.2923880925239892
2000-12-27,0.010879500396752555,0.7772092822030885,1.316829988845425
2000-12-28,0.002598491580586989,0.7818273455598344,1.3261257271351803
2000-12-29,-0.008571446289323142,0.766554508170521,1.3018341591963858
2001-01-02,-0.02013753151339831,0.7309804610921014,1.2373030629369781
2001-01-03,0.0381308160221286,0.7969841585919035,1.349678193270004
2001-01-04,-0.019740545411868704,0.7615107112048114,1.3249480273643588
2001-01-05,-0.02138712296523672,0.7238370650196926,1.2639498774892548
2001-01-08,0.0009182513725998261,0.7254199807707853,1.2600788069401294
2001-01-09,-0.003941507830577122,0.7186192244055429,1.2687730787711597
2001-01-10,0.0074184958747416894,0.731368794032047,1.2907219402057053
2001-01-11,0.00588142694250663,0.7415517131046825,1.3143620341770017
2001-01-12,-0.009720493355145216,0.7246229712498067,1.2995416131290707
2001-01-16,0.01006241478282038,0.7419768429305023,1.3140613774117202
2001-01-17,-0.0027963094599042504,0.7371057366056815,1.3191101477316676
2001-01-18,0.011233607474203353,0.7566197005918966,1.3514068932062941
2001-01-19,-0.0043572122365286015,0.7489657357375503,1.341935899243592
2001-01-22,0.002056342988279122,0.7525622091649748,1.3425748331018559
2001-01-23,0.011538751281532278,0.7727845886019424,1.373092718203258
2001-01-24,0.004891873050548484,0.781456825755352,1.379932889005663
2001-01-25,-0.001990564115994166,0.7779107217238106,1.3681066484294786
2001-01-26,9.369130435068194e-05,0.7780772964983482,1.3637595125139632
2001-01-29,0.0038736108219158153,0.7849648759562668,1.3799830494425969
2001-01-30,0.006503138916885668,0.796572750506372,1.396745352283788
2001-01-31,-0.005250651107956344,0.7871395738034017,1.383490915608434
2001-02-01,0.004134117513701194,0.794527818814891,1.3967202720653211
2001-02-02,-0.010695393892922338,0.7753346369408591,1.3548520588259634
2001-02-05,0.005246148881551196,0.7846483067608254,1.3633585348748132
2001-02-06,-0.004143968059924364,0.7772527811794105,1.3599008291459103
2001-02-07,-0.005999171237751286,0.7665907374123455,1.3405704036905894
2001-02-08,-0.004472203814473246,0.758690183577877,1.326000478971006
2001-02-09,-0.008373000541562672,0.7439646697183384,1.295056536011987
2001-02-12,0.01383857628797323,0.7680986578437654,1.322229576367588
2001-02-13,-0.0091551416445311,0.7519114641897005,1.3023353047812427
2001-02-14,-0.003118915134491991,0.746447401009749,1.2977375196092185
2001-02-15,0.005151050864090607,0.7554434404038091,1.3165920326263105
2001-02-16,-0.008767469612690412,0.7400526433832719,1.2728320980306265
2001-02-20,-0.019601138360958927,0.7059456307649641,1.2334069121693854
2001-02-21,-0.020965141759873438,0.67018023878134,1.192202713006759
2001-02-22,-0.0020810163357719734,0.6667045664207525,1.187993365364651
2001-02-23,-0.006906466196012637,0.6551935276740277,1.1758663150950235
2001-02-26,0.017749268164554154,0.6845720014609484,1.2140388663863644
2001-02-27,-0.0022719642720154857,0.6807447140599916,1.1972389432174726
2001-02-28,-0.013964770565468897,0.6572734997490193,1.1661697520942793
2001-03-01,0.0008606479888436434,0.658699828853542,1.168474991198989
2001-03-02,-0.004335357745753443,0.6515087717026418,1.1561599922190195
2001-03-05,0.006132810741141427,0.6616371624368289,1.1691013849480196
2001-03-06,0.0061756404440198726,0.6718988361004601,1.1907995971260559
2001-03-07,0.01134863845611785,0.6908726115265684,1.205356981736406
2001-03-08,0.007157801928498732,0.702975542766199,1.2104057520563534
2001-03-09,-0.023791455865495824,0.6624592753004581,1.15568392685263
2001-03-12,-0.038594915200904,0.5982968005452807,1.0626144476127806
2001-03-13,0.013335275043361084,0.6196105279814761,1.093645865480112
2001-03-14,-0.030792555357470705,0.569738581141064,1.0395631270628143
2001-03-15,0.0089357317159178,0.583765343966266,1.0515773163493405
2001-03-16,-0.016149949300976265,0.5581876139565676,1.0113252479194936
2001-03-19,0.01315333727544582,0.5786829811813603,1.046816815613603
2001-03-20,-0.021341263851167365,0.5449918911426213,0.9975696656592825
2001-03-21,-0.018205602784838574,0.5168643824666821,0.9618401417460589
2001-03-22,-0.005235856084910168,0.5089222988597604,0.9539100519374668
2001-03-23,0.02020724785164106,0.5394134657416876,0.9928090119953838
2001-03-26,0.01268253294677484,0.5589371277396653,1.0152966393424872
2001-03-27,0.02373434911123605,0.5959374857719062,1.0668363353641221
2001-03-28,-0.018261569374709463,0.5667931626577831,1.016574507059016
2001-03-29,-0.005127379897765837,0.5587596188916146,1.0072913088784938
2001-03-30,0.011235088646463581,0.5762724213883899,1.028939513547758
2001-04-02,-0.003677564543679887,0.5704755778203114,1.0036581945484828
2001-04-03,-0.031590709327573435,0.520863140335337,0.9347423420458592
2001-04-04,-0.010571340109508064,0.5047855788188376,0.9295057759437317
2001-04-05,0.0346599040786846,0.5569413026396863,1.0138057426971496
2001-04-06,-0.02258513521454393,0.5217775727984608,0.9740297396336925
2001-04-09,0.006587691059489137,0.5318025733093164,0.9900529406709127
2001-04-10,0.025560875560445822,0.5709567882688464,1.0441607593066773
2001-04-11,0.0022200235001663972,0.5744443492565492,1.0398261635003956
2001-04-12,0.015177287310187257,0.5983401434991165,1.0706447053670796
2001-04-16,-0.004286938806959685,0.5914881571112285,1.063967403056549
2001-04-17,0.009884723892612001,0.607219578122635,1.0851895498681956
2001-04-18,0.03625902399407048,0.6654957913695236,1.1663953211323212
2001-04-19,0.00939010204037739,0.6811349667983027,1.1936058288874611
2001-04-20,-0.010991526609535469,0.6626567270765185,1.1748641768534709
2001-04-23,-0.0130712482898483,0.6409237281761146,1.1422791617946348
2001-04-24,-0.009460847688778556,0.6253991987149379,1.1162462008821552
2001-04-25,0.014226337454278662,0.6485226762137706,1.14999637560258
2001-04-26,0.0064227496853419734,0.6591107247137016,1.1602817120246542
2001-04-27,0.014897370310649123,0.6838271115661312,1.1927789463188558
2001-04-30,-0.002950604863073421,0.6788588031021694,1.1866027895931825
2001-05-01,0.010911783994784685,0.697178147719363,1.2163314124536795
2001-05-02,-0.0003933036196259999,0.696510641410715,1.218260754137706
2001-05-03,-0.009112889195265147,0.681050527916951,1.1855379508054624
2001-05-04,0.012101228185020178,0.7013933039458224,1.2171582950222852
2001-05-07,-0.002081476671058212,0.6978518934753646,1.211783787718589
2001-05-08,-0.002870064618924714,0.6929789488277267,1.2079252572786974
2001-05-09,-0.005259722223107297,0.6840743498273245,1.1982912418959595
2001-05-10,-0.001098768339711269,0.6822239422500145,1.1979655049122107
2001-05-11,-0.008382500050132014,0.6681226999697705,1.1815163989455346
2001-05-14,0.006275184260461442,0.6785904772811391,1.1873795117248545
2001-05-15,0.0029030229061529477,0.6834634638867363,1.188306562239167
2001-05-16,0.02409264473423439,0.7240225510452232,1.2509083168145487
2001-05-17,-0.0008249312952724793,0.7226003508891103,1.2570595462499168
2001-05-18,0.001351078708432667,0.7249277195463355,1.2635739800685726
2001-05-21,0.014121484810933279,0.7492862601378667,1.3001429266596358
2001-05-22,-0.0007233984350819118,0.7480208291947725,1.2941044052792083
2001-05-23,-0.012716209569764884,0.7257926299984174,1.2585753701855595
2001-05-24,0.003730188210720085,0.7322301613209852,1.2658415988455816
2001-05-25,-0.010732214371188487,0.7136394958894499,1.2390820762383643
2001-05-29,-0.005346030818229076,0.7044783263330905,1.221768467375382
2001-05-30,-0.012314284009404923,0.6834888961347496,1.1875047598890283
2001-05-31,0.00401564378637188,0.690249187859939,1.2012603421492392
2001-06-01,0.0038402273716121793,0.6967401290560042,1.2097542780888557
2001-06-04,0.005738480322411853,0.7064768388988387,1.2210920661175781
2001-06-05,0.010336049475222308,0.724115067934018,1.2499561860817683
2001-06-06,-0.010902964332625647,0.705317102842991,1.226516580930047
2001-06-07,0.004646635194424217,0.7132410893107148,1.2387187189269144
2001-06-08,-0.0072348453607771115,0.7008460549638225,1.2176969080066815
2001-06-11,-0.007230419208776399,0.6885482249768404,1.1991808250107332
2001-06-12,0.0008124272818131979,0.6899200476214691,1.2017489476248628
2001-06-13,-0.009515204693627273,0.6738401124524864,1.1772694309757266
2001-06-14,-0.015845507192701568,0.6473172669111882,1.1392098935956492
2001-06-15,-0.0008168133617176216,0.645971716156587,1.1295507979944444
2001-06-18,0.00036168258143385234,0.6465670354558537,1.1192027610262025
2001-06-19,0.005281284543737665,0.6552630244904347,1.126494069904692
2001-06-20,0.004821611886144676,0.6632440603640135,1.1450979336652747
2001-06-21,0.015321823143727499,0.6887279917017661,1.1695147497682434
2001-06-22,-0.006772147557410325,0.6772916765576327,1.1490191646513344
2001-06-25,-0.006698695190433941,0.666056010870921,1.137180231037755
2001-06-26,-0.0004075099119998523,0.6653770765325442,1.1339606344561277
2001-06-27,-0.005043680650476267,0.6569774463958904,1.1242389912369166
2001-06-28,0.012748763189220157,0.6781018594698704,1.15079817795272
2001-06-29,-0.005302916226119015,0.6692030258902073,1.1476785963886385
2001-07-02,0.010009430570557157,0.6859107976860193,1.169239173221429
2001-07-03,0.00032256395488917196,0.6864546117405113,1.1656311391098848
2001-07-05,-0.011863244639071588,0.666447788108743,1.1393602219782908
2001-07-06,-0.022168907379466266,0.6295044614414438,1.0895242986026399
2001-07-09,0.0052193267761297575,0.638009377708868,1.1039313548303484
2001-07-10,-0.015621756144590833,0.6124207946477471,1.0737517468219289
2001-07-11,-0.0019448371272078044,0.6092848988216342,1.0715342884818542
2001-07-12,0.020669485575561013,0.6425479898247959,1.120630957125372
2001-07-13,0.004780013204540588,0.6503993909052499,1.1338855467288873
2001-07-16,-0.007670331111059614,0.6377402811115156,1.110658817577813
2001-07-17,0.011672381015713438,0.6568566096774306,1.131705555788352
2001-07-18,-0.0033807811887408197,0.6512551400189923,1.1200547238132756
2001-07-19,0.003712812982959232,0.6573859415410332,1.1328957956684076
2001-07-20,-0.003793088063823939,0.6510993307090243,1.1255670193903793
2001-07-23,-0.012960562360568778,0.6297001548698766,1.0907770861007018
2001-07-24,-0.013401432515318022,0.6078598382241847,1.0567764150519294
2001-07-25,0.01179179355735938,0.6268193895056937,1.0898500355863887
2001-07-26,0.007975238466568804,0.6397936620790394,1.1117236563655335
2001-07-27,0.0017737245923465804,0.6427022044238431,1.1169478352865885
2001-07-30,0.00026616760288403023,0.643139438531847,1.114742917055747
2001-07-31,0.004762165508015761,0.6509643404908836,1.1265440774134645
2001-08-01,0.0028505677351138886,0.6556705261717104,1.1350505534623148
2001-08-02,0.004262379862718765,0.6627276228817618,1.143732438112273
2001-08-03,-0.004969549058709973,0.6544646163885788,1.1327830876134675
2001-08-06,-0.010447035823198291,0.6371803652729533,1.1084789795654393
2001-08-07,0.004280399990589129,0.6441881520930604,1.1154569386412514
2001-08-08,-0.016093511528063844,0.6177273911130448,1.0791010209789968
2001-08-09,0.0010025232334373996,0.6193492004080037,1.0793265900170388
2001-08-10,0.004362865383127583,0.6264142029776592,1.091165370702457
2001-08-13,-0.0008493822175578492,0.6250327556752664,1.0933577488240651
2001-08-14,-0.004129950877566252,0.6183214502198913,1.085402578797006
2001-08-15,-0.0024002032238630185,0.6144371498578267,1.0704943769844402
2001-08-16,-0.0004195350172743516,0.6137598369402728,1.076971343403557
2001-08-17,-0.01745604934825562,0.5855899655904104,1.0424820668791615
2001-08-20,0.005962605298940648,0.5950442127211868,1.059068961119245
2001-08-21,-0.010010909389193027,0.5790763696358783,1.0342011598683536
2001-08-22,0.0059951607297886594,0.5885431862764563,1.0485080481503553
2001-08-23,-0.0030444279417693038,0.583706981013449,1.0428830445183115
2001-08-24,0.015178612896561777,0.6077454562198348,1.0830598722927576
2001-08-27,-0.00406475656611777,0.6012103623200191,1.0730124920897977
2001-08-28,-0.013375138788438679,0.5797939514945027,1.0419309137855324
2001-08-29,-0.007739187059968269,0.5675676305876804,1.0195561474215307
2001-08-30,-0.01396603126016405,0.5456749320564716,0.9853800677716504
2001-08-31,0.002782695696908033,0.5499760750387235,0.9934104784541107
2001-09-04,-0.0019928082492748325,0.5468872699302076,0.9922954792294565
2001-09-05,-0.004166067957971866,0.5404428324403567,0.9905917065834722
2001-09-06,-0.017483867246017908,0.5135099344578897,0.9460926701838168
2001-09-07,-0.016268367441094923,0.48888759871838117,0.9098369204672689
2001-09-10,0.00301252401790183,0.49337290836947645,0.921750941808088
2001-09-17,-0.04561961926386073,0.42524580487069663,0.8278169596719323
2001-09-18,-0.006966693686089817,0.41531655392077793,0.8172184263753424
2001-09-19,-0.01534422576179173,0.3935996171930165,0.7880409566084752
2001-09-20,-0.02756443990111463,0.3551858242986832,0.7325174819827742
2001-09-21,-0.015379995660891922,0.33434307220126724,0.6995440293940214
2001-09-24,0.037286273860741535,0.3840957534155469,0.7658039785178807
2001-09-25,0.008210823716700188,0.3954603196538753,0.7813511141887106
2001-09-26,-0.0010429231570235288,0.3940049617718009,0.7727068498664531
2001-09-27,0.011094757457125364,0.40947110871668846,0.7931022670376553
2001-09-28,0.020209276579358657,0.43795550018335927,0.8324396721342617
2001-10-01,-0.0001353374843551759,0.4377608909033499,0.8282303244921541
2001-10-02,0.011521330457757748,0.45432580924668753,0.8507304919484908
2001-10-03,0.02061139355925764,0.48430149086445673,0.8879883799065911
2001-10-04,-0.002341920079497019,0.48082537539897374,0.8833280471165603
2001-10-05,-0.0010876661188857423,0.47921473181016605,0.8868357603542363
2001-10-08,-0.00979062675068483,0.4647322924868982,0.8710882887919924
2001-10-09,-0.004174985911416405,0.4586170558017688,0.8611786968624398
2001-10-10,0.023646466586401245,0.4931081952741405,0.9039488803976437
2001-10-11,0.01563782163761532,0.5164571549174994,0.9330260292906427
2001-10-12,-0.004364290111586986,0.5098388959516476,0.9228534009235085
2001-10-15,0.00026070687699228314,0.5102325213349725,0.9199219209979295
2001-10-16,0.011425411924749256,0.5274875499933773,0.9332390582194514
2001-10-17,-0.011642031238447474,0.5097044922200149,0.8973466658143532
2001-10-18,-0.007456209638289146,0.49844781903415547,0.882451004111021
2001-10-19,0.0007362621831483395,0.49955106949673156,0.8910325678871107
2001-10-22,0.01832888204447046,0.5270361641691967,0.9199595413256301
2001-10-23,-0.0036604441389582413,0.5214465335920864,0.9109393795826894
2001-10-24,0.0009599336603008834,0.5229070213320293,0.9117035616051279
2001-10-25,0.014091689000599416,0.5443673534534692,0.9379370113371825
2001-10-26,0.002722307528995394,0.5485715963273103,0.9459047214734753
2001-10-29,-0.02512378193348597,0.5096656212327928,0.899714452537069
2001-10-30,-0.012975324628693365,0.4900772197165193,0.8672045252054728
2001-10-31,-0.0023728660673850645,0.48654146604407056,0.8673799338065806
2001-11-01,0.02170593110687969,0.518808232693543,0.9104507741070664
2001-11-02,0.0054670316295081876,0.5271116053408362,0.9159505295749364
2001-11-05,0.010272600599596267,0.542799012933511,0.9435620149692265
2001-11-06,0.011422082707544934,0.5604209908603561,0.9717998941125474
2001-11-07,-8.050497939948655e-05,0.5602953692006323,0.9670768607763491
2001-11-08,0.0008828016232588883,0.561672800485326,0.972000230003961
2001-11-09,-0.0003456531301465945,0.5611330033935735,0.975157278967582
2001-11-12,-0.00013009573842477206,0.5609299066427176,0.9716619529109782
2001-11-13,0.01654415422674787,0.5867541717553579,1.008569176595024
2001-11-14,0.0007072309031117495,0.5878763733412649,1.0127785242371319
2001-11-15,-0.001168220329516352,0.586021383881169,1.014595004938057
2001-11-16,-0.005604164476398404,0.5771330591828139,1.008431388321617
2001-11-19,0.009531234370089604,0.5921650840027015,1.0303426294284623
2001-11-20,-0.00442535197629856,0.5851191931016166,1.0156098362170045
2001-11-21,-0.005182048969825441,0.5769050278199539,1.0057378646151522
2001-11-23,0.0117870141507508,0.5954920296972577,1.0292401703130416
2001-11-26,0.006273144134734572,0.6055007811653688,1.041742965075191
2001-11-27,-0.0037887205925933904,0.5994179872943428,1.0277868939954051
2001-11-28,-0.018873190800011756,0.569231866451166,0.9911553997863358
2001-11-29,0.009832771203519174,0.5846617643592515,1.0119641817777603
2001-11-30,-0.002956094236292382,0.5799773548511562,1.0106237664432256
2001-12-03,-0.00742679737252142,0.5682431831835044,0.9937862229466332
2001-12-04,0.012156360738936667,0.5873073130446613,1.0200822202966942
2001-12-05,0.020045039393866336,0.6191249506648135,1.0658465843036442
2001-12-06,-0.0022367552494816922,0.615503364431847,1.0601839603438998
2001-12-07,-0.003410638329529713,0.6099934667356317,1.0446744450007701
2001-12-10,-0.015425754549766166,0.5851581026910408,1.0122648385430422
2001-12-11,-0.0006552423962467055,0.5841194398974037,1.0066649151294653
2001-12-12,7.580377090294011e-05,0.5842395221245087,1.0075292650976104
2001-12-13,-0.015262452493720229,0.5600601416794093,0.9763724461379437
2001-12-14,0.0023683070693220273,0.5637548431415162,0.9829246532124616
2001-12-17,0.008569554548510303,0.5771555255703147,1.0028814724168131
2001-12-18,0.008316302377035461,0.5902716278165696,1.0180276304484934
2001-12-19,0.009340670501335063,0.6051258310996259,1.0298540239528395
2001-12-20,-0.008005282025007138,0.5922763461360494,1.013129341439349
2001-12-21,0.002648157567745957,0.5964929447920124,1.0219237812160862
2001-12-24,-0.0012458191538199576,0.5945040033024522,1.0214978762866305
2001-12-26,0.00435712951181324,0.6014514637519457,1.0298414838436059
2001-12-27,0.006234884890268893,0.6114363292857918,1.04416075930668
2001-12-28,0.003430040407551827,0.6169636210094391,1.0511012509829532
2001-12-31,-0.010394263365132158,0.6001564752808293,1.0282378791433282
2002-01-02,0.0049989635933001715,0.6081555992443415,1.0401769807026144
2002-01-03,0.008756064673913485,0.622236713677041,1.0589311728458384
2002-01-04,0.005730433204274167,0.6315328328062886,1.071722084264036
2002-01-07,-0.007694666375162107,0.6189787319777209,1.058267158769107
2002-01-08,-0.006971672443647007,0.6076917425651411,1.0514144478574687
2002-01-09,-0.0008920157224532937,0.6062576562539146,1.0416677244197903
2002-01-10,0.0008230864880742902,0.607579745227143,1.0441983796343806
2002-01-11,-0.007838260114656033,0.5949791170290002,1.0249430419062997
2002-01-14,-0.004233436766912256,0.5882268737925125,1.012227218215342
2002-01-15,0.00958829433854571,0.6034552605348233,1.0259829534037141
2002-01-16,-0.015265391790964509,0.5789778877634761,0.9932350698530035
2002-01-17,0.010302981840993522,0.5952460682684333,1.0132545896035228
2002-01-18,-0.007707302363226006,0.582951024476541,0.9932850773617763
2002-01-22,-0.005989983676184779,0.5734691736797266,0.9786651451334201
2002-01-23,0.003814080033905534,0.5794705110390241,0.9943624562587299
2002-01-24,0.0031660077808149676,0.5844711269665412,1.0013907286996377
2002-01-25,0.001447882508654262,0.5867652549967439,1.0033826180016705
2002-01-28,-0.0023070835668753285,0.5831044549524522,1.0030318007994543
2002-01-29,-0.030115078210294452,0.5354291404764935,0.9458671011457751
2002-01-30,0.009785556970860903,0.5504541698053462,0.9689935094229811
2002-01-31,0.015536979092628814,0.574543543825691,0.9986345044470046
2002-02-01,-0.007593144828498152,0.5625878066586458,0.9844906375850384
2002-02-04,-0.02514570279838245,0.5232954380760313,0.935418896231826
2002-02-05,-0.0017599834395091378,0.5206144633315377,0.9276640620961805
2002-02-06,-0.004599071618363572,0.5136210485107564,0.9163640473233201
2002-02-07,-0.003813742339437278,0.5078484878321874,0.9108266715277495
2002-02-08,0.016924852037296118,0.5333686003834079,0.9392398063440173
2002-02-11,0.011890118953271876,0.5516005354411786,0.9671394083943556
2002-02-12,-0.004114645022537337,0.5452162500210593,0.959296946422237
2002-02-13,0.012702170541716643,0.5648438503526589,0.9794418672650913
2002-02-14,-0.0010591024775387153,0.5631865203537891,0.9760092417546553
2002-02-15,-0.014450196647972879,0.5405981677372165,0.9543234167576908
2002-02-19,-0.01897099542798486,0.511371486940712,0.9174914337290463
2002-02-20,0.013220695424753659,0.5313528690432121,0.9435369347507596
2002-02-21,-0.017033916456753305,0.5052679322061204,0.9134324144695798
2002-02-22,0.0037846097754654635,0.5109647839370424,0.9291800389599851
2002-02-25,0.0182965294407336,0.538610195590258,0.963857111266561
2002-02-26,0.001088570616268424,0.5402850814390685,0.9639323519219622
2002-02-27,0.004133594060217397,0.5466519947027466,0.9656361245679466
2002-02-28,-0.0011200062843962227,0.5449197347489056,0.960098748772376
2002-03-01,0.0198325060333236,0.575559364709314,1.0044850771170912
2002-03-04,0.020318959766519387,0.6075730920506055,1.0436096062130504
2002-03-05,-0.002979282240439557,0.6027836780872506,1.0299792721170133
2002-03-06,0.012796964321266589,0.6232944436304417,1.059833143141684
2002-03-07,-0.004496331948411579,0.6159955729618671,1.0506377257257968
2002-03-08,0.004377285008556284,0.6230692461572866,1.0626393749030894
2002-03-11,0.002108511078824993,0.6264915056445095,1.0696551072347633
2002-03-12,-0.0005754394888422962,0.625555558203895,1.0649446140077985
2002-03-13,-0.009343671114517938,0.6103669016896611,1.0451254301486927
2002-03-14,5.933145618883338e-05,0.6104624471029365,1.0432964093385344
2002-03-15,0.012482087351496463,0.63056438004398,1.0665482187080757
2002-03-18,-0.00204021054246063,0.6272376854056534,1.0655083072106613
2002-03-19,0.0034617520253714135,0.6328707787588672,1.0739144623856434
2002-03-20,-0.015250588421127517,0.6079685385671298,1.0413296002549686
2002-03-21,0.0027331412233830878,0.6123633436657907,1.0444615690001227
2002-03-22,-0.0030984664662149913,0.607367489914088,1.0358047645686317
2002-03-25,-0.014168597198540953,0.5845933473994656,1.0059758208342666
2002-03-26,0.007576129728397508,0.5965984321661197,1.0180027031581873
2002-03-27,0.006180131324246725,0.6064656201489926,1.0288266525646579
2002-03-28,0.0009522555910327596,0.6079953860175815,1.033812875266599
2002-04-01,-0.0021603494910527356,0.6045215540037834,1.0323094385120282
2002-04-02,-0.004408250349696406,0.5974484213022508,1.01497090235874
2002-04-03,-0.009573666253358072,0.5821549832597492,0.995189338827335
2002-04-04,0.002003724259062441,0.5853251855813033,0.9968931114733193
2002-04-05,-0.0013111247265075786,0.5832466265309324,0.9905290060373042
2002-04-08,0.00324536751280171,0.5883848436974288,0.9955401560295507
2002-04-09,-0.0036372236540882005,0.5826075327721372,0.9823608070814365
2002-04-10,0.008381563331528777,0.5958722580370213,1.004910982046546
2002-04-11,-0.02282023335264307,0.5594540807076072,0.957505545939779
2002-04-12,0.0070559957964033875,0.570457582145764,0.9704969461775519
2002-04-15,-0.009844002408288696,0.554997993925006,0.955501116528513
2002-04-16,0.02076286191110821,0.5872842025449212,1.0013029479350024
2002-04-17,-0.0008528907296253799,0.5859304225632898,0.9973440966212423
2002-04-18,-0.00436897574821039,0.5790015310087617,0.9945378648598371
2002-04-19,-0.0011433831185706953,0.5771961273140092,0.9957781122486651
2002-04-22,-0.013371206816458755,0.5561071117055758,0.9650222709281486
2002-04-23,-0.006390656405783492,0.5461625658240692,0.9528326730405148
2002-04-24,-0.0069727043229936055,0.5353816314172968,0.938989310015669
2002-04-25,-0.0024369851182149387,0.5316399292307523,0.9360578300900899
2002-04-26,-0.010718302353202945,0.5152233493730187,0.9093483149916455
2002-04-29,-0.006866491217110968,0.5048190815525875,0.8901431377004987
2002-04-30,0.00953049371535292,0.5191607503520674,0.9105009345440003
2002-05-01,0.010709442957787774,0.5354301157516732,0.9276015144781737
2002-05-02,0.0026486975114442457,0.5394970056782611,0.9244820858422531
2002-05-03,-0.009726311965137638,0.5245233775316391,0.9047881501473214
2002-05-06,-0.0192796023241399,0.4951311730789745,0.8679688601560718
2002-05-07,-0.004622086325930317,0.48822054772841406,0.8623562437051002
2002-05-08,0.03568140512224703,0.5413223480031639,0.9324623360877793
2002-05-09,-0.013114127480366614,0.5211092502431123,0.9047256025293153
2002-05-10,-0.014254919666927006,0.49942596007627715,0.8727544411102766
2002-05-13,0.016179691774659444,0.5236862099492343,0.9077448632195293
2002-05-14,0.016845583646044594,0.5493535934492588,0.9481347199227836
2002-05-15,-0.006869716880381965,0.53870997291466,0.9377239824083741
2002-05-16,0.010128096176364275,0.5542941755078707,0.9505025066454995
2002-05-17,0.0066356509212558736,0.5646079290854824,0.9658366133875211
2002-05-20,-0.01333890490912373,0.5437377726993502,0.9397034845293346
2002-05-21,-0.011034742746763596,0.526703023509151,0.9184184842433589
2002-05-22,0.005972198731547695,0.5358207973696025,0.929443075397566
2002-05-23,0.008509559735843802,0.5488899561883704,0.9491117779458693
2002-05-24,-0.011148997608336632,0.5316213857712497,0.9255594647392074
2002-05-28,-0.008683328218812809,0.5183218145716451,0.9091103587725315
2002-05-29,-0.00531955431339054,0.5102450192138255,0.8971336368855449
2002-05-30,-0.0025580183761375217,0.5063817847022063,0.8920223189475915
2002-05-31,0.0008640173891156849,0.5076833247588362,0.8964321554092742
2002-06-03,-0.02436980787467897,0.47094137179860596,0.8494400841227292
2002-06-04,-0.0007280351660939109,0.4698704747526743,0.8494651643411961
2002-06-05,0.007574991284936887,0.48100473078891204,0.8665030437292021
2002-06-06,-0.017141031025287138,0.4556187827498621,0.8296961409190247
2002-06-07,-0.0028433351175656384,0.45147997074708135,0.8268272086114519
2002-06-10,0.002785132254985807,0.45552253443107493,0.832552533117364
2002-06-11,-0.01726352162443649,0.4303950896830695,0.802097195633968
2002-06-12,0.010357963486862166,0.4452110697937939,0.8142367860128292
2002-06-13,-0.011855725873627881,0.4280770435207861,0.7952570248315631
2002-06-14,0.0035654373575290587,0.4331687627611849,0.7912105456813299
2002-06-17,0.03352041077853682,0.48120916840390704,0.842649920829097
2002-06-18,0.0017905572171228532,0.48386135817046116,0.844416394021249
2002-06-19,-0.01561981067071222,0.4606837246942528,0.8140112169747873
2002-06-20,-0.013660797920964547,0.44072961950476275,0.78966964152722
2002-06-21,-0.015505354019157872,0.4183905967084547,0.7591766837161236
2002-06-24,0.004517813951231398,0.4247986215345596,0.7655534821895336
2002-06-25,-0.013753287967231574,0.4052029557972803,0.7360753556573845
2002-06-26,-0.007265188454787776,0.39499389150618835,0.7323295332724329
2002-06-27,0.018412843861835063,0.4206796962187056,0.7628097980461346
2002-06-28,-0.0015419537603256833,0.41848907381890266,0.7613439816192644
2002-07-01,-0.01680702947960426,0.3946484861387318,0.7236852689501754
2002-07-02,-0.01867055860586913,0.3686096198436921,0.6874545994520946
2002-07-03,0.001765589198437791,0.3710260222053663,0.6980282054583788
2002-07-05,0.03572801502448581,0.4200100605256807,0.7604169311049518
2002-07-08,-0.010668703271549139,0.4048603945473177,0.7394202004031858
2002-07-09,-0.021699513646614998,0.37437560724424923,0.6965623890315087
2002-07-10,-0.029648495360850236,0.3336274384288025,0.6390219448853078
2002-07-11,0.008584979020197387,0.34507660200847323,0.6513994914832832
2002-07-12,-0.007588074842349199,0.3348700600837402,0.6407507977497593
2002-07-15,-0.0010050447611989026,0.33352845592297187,0.6345870282051578
2002-07-16,-0.017952097664587444,0.309588822843736,0.6045452084701455
2002-07-17,0.00274428476333034,0.3131827074964937,0.6135652172849249
2002-07-18,-0.025659165031731046,0.27948753568802576,0.5700057715088158
2002-07-19,-0.029364080910244356,0.24191656016643348,0.5098094239838509
2002-07-22,-0.03524614671901066,0.19814378687403833,0.460098748772374
2002-07-23,-0.04270124472344883,0.14698155581685035,0.42064848269266597
2002-07-24,0.05493700455518751,0.20999328677347684,0.5021047502851397
2002-07-25,-0.004293686513686731,0.20479795491640607,0.49367351489169065
2002-07-26,0.020458453712082547,0.22944625810947517,0.5188921333447978
2002-07-29,0.05340269871854002,0.29510200622193183,0.6011876706869494
2002-07-30,0.005020984259410348,0.3016046930095031,0.6081030821447555
2002-07-31,0.010058817385459603,0.31469729692454296,0.6240385024173409
2002-08-01,-0.027657729356914768,0.27833575489993656,0.5762822491083577
2002-08-02,-0.023853574911662328,0.24784287720817466,0.5399137913368695
2002-08-05,-0.03352394369620122,0.20601026285094193,0.4871463880356397
2002-08-06,0.03029955279907457,0.24255183448641993,0.5316454244352948
2002-08-07,0.01959772705903516,0.2669030261953882,0.5625768272850806
2002-08-08,0.035593320563087436,0.31199631172910625,0.613740625886033
2002-08-09,0.0072265199943866,0.3214774793083781,0.619778994338299
2002-08-12,-0.006200533014768288,0.3132836145696538,0.611197430562209
2002-08-13,-0.02261260251267858,0.2835868542069764,0.5764576577094656
2002-08-14,0.03603289180904522,0.32983820045212897,0.6399489953996202
2002-08-15,0.010481318872450168,0.343776658679833,0.6590914721445995
2002-08-16,-0.0027124773821300013,0.34013169488652983,0.6566360575854104
2002-08-19,0.024685791048757344,0.3732139058843158,0.6958107471183037
2002-08-20,-0.013476318085279331,0.35470803848948984,0.6720954124916059
2002-08-21,0.01034522564811392,0.3687227988349775,0.6935431283412947
2002-08-22,0.013788169365072812,0.38759498059915054,0.7173837111321664
2002-08-23,-0.01982832575898128,0.36008129530230315,0.6784722109650156
2002-08-26,0.008779651769773607,0.37202233545364005,0.6911127940005724
2002-08-27,-0.013510936477641225,0.35348502883342103,0.6677106562483899
2002-08-28,-0.019403917583976693,0.3272221168827911,0.6377440771687788
2002-08-29,-0.00113345690983155,0.325717767803529,0.6377440771687788
2002-08-30,-0.0002847067540829093,0.3253403270010278,0.6347122763693316
2002-09-03,-0.04333424913303152,0.2679076990847118,0.5668363353641224
2002-09-04,0.015978697679505008,0.28816721289390324,0.5948361053601678
2002-09-05,-0.016250947279612994,0.26723327542983855,0.5694546184151861
2002-09-06,0.016509224505324584,0.28815431407452774,0.595900944147888
2002-09-09,0.011835975759722357,0.30340087731069576,0.612074473567749
2002-09-10,0.003906864177503715,0.30849308750718785,0.6239007141439332
2002-09-11,-0.001321600116321186,0.30676378289053274,0.6239257943624001
2002-09-12,-0.023537192764419533,0.2760062318350762,0.5840496233532364
2002-09-13,0.0022198658405497523,0.27883879448145543,0.589248569127663
2002-09-16,0.0028145346762622264,0.2824381306138728,0.5916038157411452
2002-09-17,-0.017587445094659558,0.2598833204044033,0.5602090405623643
2002-09-18,-0.004297921637670938,0.2544684406206965,0.5530806001757496
2002-09-19,-0.026297884554220496,0.22147857439234042,0.5064393460914205
2002-09-20,-0.002280707890618572,0.2186927385695021,0.5101351609675993
2002-09-23,-0.00918784820269871,0.20749557468179436,0.48926367843000707
2002-09-24,-0.01624123427658595,0.18788435616544663,0.4635313742828093
2002-09-25,0.023608578945177167,0.2159286177657196,0.5002882695842139
2002-09-26,0.022002599514977305,0.24268220818121855,0.5278996020503428
2002-09-27,-0.02734415485731913,0.20870211344227596,0.47864006491495026
2002-09-30,-0.00891614966907615,0.19792514449349596,0.4570420206826207
2002-10-01,0.03932701780835206,0.24503596798406435,0.515359186960493
2002-10-02,-0.021588235942083023,0.21815783775084463,0.47994285992178476
2002-10-03,-0.017229639526786453,0.19716941731966786,0.4639698193214987
2002-10-04,-0.021266219029454962,0.1717101502755829,0.43113430793431484
2002-10-07,-0.019256572656629056,0.1491470286342913,0.4037734717965338
2002-10-08,0.021683036773448933,0.17406402591426806,0.4280524996260946
2002-10-09,-0.028310798508357736,0.1408253358406979,0.3892286272954173
2002-10-10,0.03546514297649491,0.181284869487496,0.4379495514464138
2002-10-11,0.03982092035303218,0.2283247201895997,0.49411195993037893
2002-10-14,0.00346952968497351,0.23258642926908446,0.5050613104291848
2002-10-15,0.05378525575255294,0.2988814056044482,0.5763073293268239
2002-10-16,-0.021817867763183584,0.27054258285691235,0.5384355877289264
2002-10-17,0.024410037198381244,0.30155657456657714,0.5727745358706811
2002-10-18,0.002057497704351043,0.30423452423083086,0.5820701212322752
2002-10-21,0.014579096044183832,0.3232490846237326,0.609493657916224
2002-10-22,-0.008211498864342246,0.3123832262681028,0.5923930779820503
2002-10-23,0.005645573110279859,0.31979238172070423,0.603104472261742
2002-10-24,-0.012652260792344749,0.3030940243154241,0.5787252764864741
2002-10-25,0.015656755486551856,0.3234962488301176,0.6058356162959073
2002-10-28,-0.006135318006115261,0.3153761784636442,0.5925434063646913
2002-10-29,-0.006478072100813986,0.30685507673986345,0.5782492111200841
2002-10-30,0.008849357228105429,0.31841990415929766,0.5938588944089205
2002-10-31,-0.006103605701152991,0.3103727889157575,0.585289870742064
2002-11-01,0.013195502834098271,0.3276638167656205,0.6125003784972041
2002-11-04,0.009507430664422178,0.34028648844918186,0.6257297349540911
2002-11-05,0.009637434197766016,0.3532034112877658,0.6383955511362762
2002-11-06,0.006369872010804916,0.36182314382225345,0.6537296578782976
2002-11-07,-0.023813333136309168,0.32939359562567816,0.6162838212098558
2002-11-08,-0.006501163641509557,0.32075099031654086,0.6022399693654352
2002-11-11,-0.017767637131035997,0.2972843659801401,0.569016173376496
2002-11-12,0.006997784572727162,0.30636248250283593,0.5811932311548964
2002-11-13,-0.004462410606453523,0.3005329567050423,0.5809802022260877
2002-11-14,0.024968019319052043,0.3330046886931177,0.6201172714312804
2002-11-15,0.009198144773451123,0.3452658588034061,0.630227352180408
2002-11-18,-0.012710389906601373,0.3281670052099759,0.6133272610658096
2002-11-19,-0.0008893524151198518,0.32698579667620975,0.6068377545374593
2002-11-20,0.019101962652297848,0.3523338298044485,0.6381574419890002
2002-11-21,0.01875552287649186,0.3776975578859998,0.6734109005358342
2002-11-22,-0.005378924578826452,0.3702870266296976,0.6676731888488499
2002-11-25,0.0019466807710867588,0.3729545380353074,0.6718699963817241
2002-11-26,-0.023160685596225805,0.34115596964196016,0.6371302235289806
2002-11-27,0.027988438026484673,0.3786928303821342,0.6830823833181112
2002-11-29,-0.0019985818055708563,0.3759373999758615,0.6785974591291886
2002-12-02,-0.003200928653581675,0.3715331225267442,0.6754153299471004
2002-12-03,-0.012444102699393392,0.3544656234944017,0.6507354774065506
2002-12-04,-0.0034274827522362073,0.34982321593137766,0.6455865391408966
2002-12-05,-0.012412720141756279,0.33306823811117603,0.6258676761556592
2002-12-06,0.003934684517561912,0.33831344106852557,0.6361279323592663
2002-12-09,-0.01974566726506614,0.31188754916482075,0.5998723355708799
2002-12-10,0.013985054350351796,0.33023436784144033,0.6222471019348814
2002-12-11,0.0007831779853969159,0.3312761781137521,0.6234998894329431
2002-12-12,-0.003117739718485308,0.32712560549697356,0.6175491488171505
2002-12-13,-0.01362489265508933,0.3090436615822567,0.5958382436017191
2002-12-16,0.02508677573275373,0.3418833463447535,0.6334469487620353
2002-12-17,-0.008533126951903702,0.33043288539574833,0.6201799719774477
2002-12-18,-0.012975363835599395,0.31317003464889215,0.5990078326745738
2002-12-19,-0.007425800039024827,0.30341869655435016,0.587018723606515
2002-12-20,0.013954665245809338,0.32160746813989527,0.6076520969968315
2002-12-23,0.0008136760494306093,0.3226828284834693,0.6105835769224106
2002-12-24,-0.007050076512046521,0.3133578133414907,0.6017889842175119
2002-12-26,-0.004633159175070817,0.3072728175384567,0.5967529069349597
2002-12-27,-0.016188596618256744,0.28610990522531465,0.5718224051379008
2002-12-30,0.004793309581624182,0.29227462815705296,0.5790384733609888
2002-12-31,0.00037267998755678364,0.29275623304939447,0.5799906040937683
2003-01-02,0.03139156896069819,0.3333378794885371,0.6325951389031237
2003-01-03,-0.0007574502134871531,0.332327942427068,0.6318184167714518
2003-01-06,0.022258495732077683,0.36198355824730877,0.6684873783800604
2003-01-07,-0.008958462475042903,0.3497822796491248,0.6576508888643564
2003-01-08,-0.011103691788566785,0.33479471323423193,0.6348249844242706
2003-01-09,0.017924807450503618,0.3587206514549057,0.6665958099518958
2003-01-10,0.0011390373338284235,0.36026828500315666,0.6665707297334287
2003-01-13,-0.0005658727415783114,0.35949854625944,0.6643281911748868
2003-01-14,0.006983898265842625,0.3689931457990767,0.6740372942848645
2003-01-15,-0.011939877055175754,0.35264753594885745,0.65014670398522
2003-01-16,-0.004185393421260711,0.3469861738506126,0.6436697375661034
2003-01-17,-0.012876102262915594,0.32964224212937876,0.620643497234604
2003-01-21,-0.013934663393647287,0.3111141250513314,0.5951869225623825
2003-01-22,-0.008867535234400438,0.2994877743511186,0.5787127363772395
2003-01-23,0.01199507701396064,0.31507523028316076,0.5948486454694
2003-01-24,-0.03180481369181118,0.27324950759328903,0.54824485878461
2003-01-27,-0.015604494858432263,0.2533810921985482,0.5232141890418445
2003-01-28,0.010960945353590774,0.26711933385736053,0.5431084606281895
2003-01-29,0.004817485888779222,0.2732236633676177,0.5538449351263479
2003-01-30,-0.021179964571853192,0.2462568312854463,0.5186665643067538
2003-01-31,0.0117669979327963,0.2609215328429155,0.5385984562207997
2003-02-03,0.006693621571703099,0.2693616644153778,0.5469295236685419
2003-02-04,-0.01801353464125837,0.2464959741011461,0.5251435307258705
2003-02-05,-0.0054820822455449265,0.23966258065238288,0.5171758205895778
2003-02-06,-0.009927937144268864,0.22735528847156394,0.5078299218628881
2003-02-07,-0.01087930724328175,0.214002513191615,0.49264614350350744
2003-02-10,0.006888020273095829,0.22236458711406826,0.5039839315322299
2003-02-11,-0.007766943517573345,0.21287055040807146,0.4918568812626023
2003-02-12,-0.01221581736475244,0.19805434527719967,0.4734660464308278
2003-02-13,0.002932244706198348,0.2015673337888766,0.4713112886369204
2003-02-14,0.020113849587062728,0.2257354784094341,0.502856392198342
2003-02-18,0.018060913944760202,0.24787338140402637,0.5322968984027903
2003-02-19,-0.005093226204582848,0.241517679997858,0.5217109052154338
2003-02-20,-0.0077917347282742706,0.2318441035748522,0.5073289292061922
2003-02-21,0.01256458420996151,0.24732171254776292,0.5272732083013101
2003-02-24,-0.017190842321921536,0.2258792016626452,0.49922327786833054
2003-02-25,0.007445020315938196,0.23500589722390974,0.5100097598752618
2003-02-26,-0.011767637467940014,0.22047279555461086,0.4907920424748813
2003-02-27,0.010854410285997686,0.2337203080204593,0.5084939359396186
2003-02-28,0.0027109583679575285,0.23706487241320628,0.5155095153431313
2003-03-03,-0.007531236078683044,0.22774824481441658,0.5040966395871691
2003-03-04,-0.013531609256172642,0.21113483530063615,0.48100785163766346
2003-03-05,0.01181031242175543,0.2254387160904079,0.4956654041937203
2003-03-06,-0.009323096019796754,0.21401383327392054,0.4818220411688747
2003-03-07,0.006745007878839044,0.22220236614437283,0.49409941982114325
2003-03-10,-0.02621339812879849,0.1901642889266708,0.4555511240372807
2003-03-11,-0.009758649789883906,0.17854989243860908,0.44339914647734724
2003-03-12,0.004057322941691195,0.18333164995512785,0.4502393172797523
2003-03-13,0.03488607564155937,0.22461344740451383,0.5002882695842115
2003-03-14,0.0033659539498506114,0.22873543987484513,0.5027813044711014
2003-03-17,0.030831164651459506,0.2666187845347099,0.5560747806474937
2003-03-18,0.005411310098155427,0.27347285155397594,0.5627271556677187
2003-03-19,0.009901212484054112,0.286081776849886,0.5764701978186964
2003-03-20,0.00269737775173099,0.2895508252216674,0.5794769183996766
2003-03-21,0.02319394041409008,0.3194605902227996,0.6157701355157637
2003-03-24,-0.033265207596160085,0.27556845977408617,0.558856085118594
2003-03-25,0.00859356934650846,0.28653014578937386,0.5778106131532315
2003-03-26,-0.005648944577986129,0.2792626082979013,0.5692290493771415
2003-03-27,-0.0022056101503928585,0.2764410537040214,0.5668738027636593
2003-03-28,-0.00499324833926399,0.2700674665324454,0.5578537939488799
2003-03-31,-0.016705439418904497,0.24885043141236607,0.5302297684453563
2003-04-01,0.01493725122425843,0.2675048240478961,0.5488212450248673
2003-04-02,0.02622063415092426,0.30073960432378777,0.5895617660021764
2003-04-03,-0.005897433425411103,0.2930685791034926,0.5815565884663445
2003-04-04,0.005786991677146101,0.3005515562087435,0.5859037243818597
2003-04-07,0.0006983408558908203,0.3014597844956364,0.5878956136838924
2003-04-08,7.796268665025727e-05,0.30156124979700305,0.585490206633476
2003-04-09,-0.011699378002252752,0.28633379274254334,0.5634662574716904
2003-04-10,0.005553781548813731,0.29347780962629266,0.5735512580023514
2003-04-11,-0.0018113713807512684,0.29113484094029873,0.5677508457691995
2003-04-14,0.016839093226906205,0.31287638089539915,0.5983312784886081
2003-04-15,0.008897544901142803,0.3245577574440659,0.6085289870742092
2003-04-16,-0.012079013027311354,0.30855840703647264,0.5888853647443733
2003-04-17,0.01452497426367112,0.32756518422118774,0.6135777573941565
2003-04-21,-0.00040833049527012194,0.3270230988720113,0.6107339053050507
2003-04-22,0.02291370791525948,0.3574301185563671,0.6456992471958363
2003-04-23,0.007369271830152613,0.3674333900904452,0.6595426102206818
2003-04-24,-0.013145153777685478,0.34945826789696466,0.6458495755784772
2003-04-25,-0.013235843006529363,0.33159705011921736,0.6230738315753257
2003-04-28,0.0175406409274687,0.35495411583543524,0.6522387612329594
2003-04-29,0.0004605952088446899,0.35557820120939354,0.6577635969192965
2003-04-30,0.0016581438224510118,0.3578259448295782,0.6562727002739592
2003-05-01,-0.0015027638771104685,0.3557854530482849,0.6554208904150478
2003-05-02,0.013442304379254307,0.3740103337811249,0.680338852102873
2003-05-05,-0.003155673007520753,0.3696744064587574,0.6740247541756308
2003-05-06,0.0071264668315413815,0.3794353456863968,0.6881813140749917
2003-05-07,-0.004808932114041405,0.3728017347532817,0.6798251664087827
2003-05-08,-0.010794271369393805,0.3579833402919801,0.662975235731118
2003-05-09,0.011318859798949251,0.3733541633300539,0.6871039351780381
2003-05-12,0.009347766587965736,0.3861919574914743,0.7083135418804514
2003-05-13,-0.003520844334226208,0.3813113913917905,0.7034652603800793
2003-05-14,-0.0018738500062566773,0.3787230210323884,0.6984791906062997
2003-05-15,0.008819419463964254,0.3908825576794972,0.7120468241561693
2003-05-16,-0.0008878361934549664,0.38964768180394405,0.7079501845690019
2003-05-19,-0.022912245903445635,0.35780773239929897,0.6654306502903073
2003-05-20,-0.0016217368831879207,0.3556057255193894,0.6635389289339815
2003-05-21,0.003798593523864777,0.3607551206492612,0.6703790997363865
2003-05-22,0.005041390691071981,0.36761521884733095,0.6856631989696356
2003-05-23,0.0009937494125130575,0.36897428566760415,0.6881186135288249
2003-05-27,0.01984718990956807,0.39614457829656424,0.7211546137355838
2003-05-28,0.004327929610623099,0.40218699375768496,0.7245621590275528
2003-05-29,-0.00419541036799738,0.3963042439062028,0.7182105937007712
2003-05-30,0.014255872447578304,0.41620977910534185,0.7435293800995855
2003-06-02,0.0043414117317399055,0.4223581288549547,0.7497682373714267
2003-06-03,0.005026793360155131,0.4295080292528455,0.7580242170919289
2003-06-04,0.01460282831072633,0.45038288957282946,0.785109476682895
2003-06-05,0.003637630788303805,0.4556588470267684,0.7922879245782826
2003-06-06,-0.0025870079038788265,0.45189304608415903,0.7880785769361749
2003-06-09,-0.012652648215502934,0.4335227541255211,0.7666934087044923
2003-06-10,0.008323121068021688,0.4454541375618717,0.7828543980151195
2003-06-11,0.014801386297122025,0.46684886262669845,0.8063441636037754
2003-06-12,-0.0009680269858599391,0.4654289133434979,0.8082860453970353
2003-06-13,-0.006619915843223637,0.4557278972629373,0.7903711230034893
2003-06-16,0.021841258243151765,0.48752282619881737,0.8305104833783961
2003-06-17,0.000879737188793065,0.48883145534820294,0.8321766356966798
2003-06-18,-0.0039746923715346235,0.48291380832012964,0.8294705718809814
2003-06-19,-0.01491655171874538,0.46079384780388066,0.8016211302675771
2003-06-20,0.0014494795212327814,0.46291123857101524,0.8034377638966634
2003-06-23,-0.013950631644457435,0.44250270275317405,0.7780061165147476
2003-06-24,0.0012763861851578923,0.4443438932750212,0.7812884136425424
2003-06-25,-0.007429594312873296,0.43361300409971193,0.7665556204310846
2003-06-26,0.00967340335690595,0.44748092094607417,0.7862494031978546
2003-06-27,-0.009564962965605809,0.4336358195438039,0.7688983269353331
2003-06-30,-0.00226954175253807,0.4303821231934153,0.7657788982994125
2003-07-01,0.009516088138152246,0.4439937655489612,0.7802486550732892
2003-07-02,0.011910174717120952,0.4611919835870826,0.8010198167370131
2003-07-03,-0.00729003806492432,0.4505398384065704,0.7864373519081962
2003-07-07,0.01740632154505916,0.4757884012477931,0.8203878625200343
2003-07-08,0.003541446948068295,0.48101482757738667,0.8272031060321334
2003-07-09,-0.0032948100093576293,0.4761351650994776,0.8171808060476404
2003-07-10,-0.01277915467496628,0.4572714055035145,0.7926887492892707
2003-07-11,0.01094523373046039,0.4732215816454668,0.8099020372783845
2003-07-14,0.008550525804870191,0.4858184007956179,0.8203002346835608
2003-07-15,-0.003210619199271334,0.4810480037113929,0.8140613774117198
2003-07-16,-0.006727625543578324,0.47108406733035846,0.8025858011095901
2003-07-17,-0.011038449295444591,0.45484558044379586,0.7803488230189961
2003-07-18,0.01131119061551676,0.47130161612033783,0.8013706339392292
2003-07-21,-0.012381539721752571,0.4530846367176651,0.7750495563707014
2003-07-22,0.008442626431977827,0.46535248747951874,0.7919245672668331
2003-07-23,0.0014171612878415125,0.4674291282978169,0.7928641578903795
2003-07-24,-0.0051519435833601935,0.4598690162162471,0.780160874308655
2003-07-25,0.018707053938972804,0.48717886464643967,0.8111548247764471
2003-07-28,-0.0020206096156700527,0.4841738567323137,0.8072461338996213
2003-07-29,-0.007476834827804101,0.4730769339497811,0.7943801347541837
2003-07-30,-0.0005353304863488636,0.47228835095830046,0.7913734141732034
2003-07-31,0.003127999817623348,0.4768936686515868,0.7969106370406125
2003-08-01,-0.012561640737077502,0.458341460979121,0.7785072620996043
2003-08-04,0.002606544737883648,0.46214269324027346,0.7833555435999766
2003-08-05,-0.015469366711051272,0.43952427173465547,0.7519231480934954
2003-08-06,0.0044065379153100746,0.4458675900180633,0.7551678248935898
2003-08-07,0.006822744860395823,0.455732375686672,0.7680214368579552
2003-08-08,0.0032441945893052744,0.46045505478335147,0.774322994675964
2003-08-11,0.003140590671772902,0.46504174630494766,0.7802235748548225
2003-08-12,0.008996516393926084,0.4782220183933661,0.7979630886472606
2003-08-13,-0.006495779236543778,0.4686198144992846,0.7871640665310959
2003-08-14,0.006011844179770295,0.47744892798337735,0.79895268677958
2003-08-15,-0.0011461421091125393,0.4757555615529523,0.7995416131290713
2003-08-18,0.005888126584248109,0.4844449971067841,0.8161034271506877
2003-08-19,0.002381717372249557,0.4879805255445424,0.8208639278864254
2003-08-20,-0.0027845567830194584,0.4838371592791364,0.8173060542118156
2003-08-21,0.00020228510483755483,0.484137317434463,0.8227807294612184
2003-08-22,-0.011065133196822617,0.46771514033467576,0.8042270261375695
2003-08-25,0.0007148670418438329,0.4687643615153161,0.8054045729802302
2003-08-26,0.004136600720521065,0.47484005323143585,0.8109168685573336
2003-08-27,-0.002145144460155727,0.47167630826163065,0.8113302333775558
2003-08-28,0.004926785605914625,0.4789269419137394,0.8224299122590024
2003-08-29,0.004051003915491418,0.48491808074615794,0.8319512195868
2003-09-02,0.011109894702347401,0.5014153642648596,0.8573952541497878
2003-09-03,0.0051916448357171895,0.5092101795870116,0.8657137814882963
2003-09-04,8.976457894963551e-05,0.5093456532033289,0.8688708304519173
2003-09-05,-0.005218104759937243,0.501469729465958,0.8569317288926313
2003-09-08,0.009592000775371413,0.5158718282751922,0.8756984611450889
2003-09-09,-0.005774976761774302,0.5071177036930745,0.8603018067850612
2003-09-10,-0.00975409776116178,0.4924171302736746,0.8382026169678745
2003-09-11,0.004328551001652396,0.498877133937804,0.8487635299367637
2003-09-12,0.002212267864931603,0.5021930516546955,0.8527974689777635
2003-09-15,-0.003343770923471386,0.4971700622071318,0.8458947505573524
2003-09-16,0.013671470291887085,0.5176385782344992,0.8722909158531202
2003-09-17,-0.003189971647017168,0.5127973541995117,0.8662774746911599
2003-09-18,0.015827912038886754,0.5367417776544421,0.8910451079963442
2003-09-19,-0.0016985385378423465,0.5341315625223837,0.8851194475990185
2003-09-22,-0.01161573170388581,0.5163115018936606,0.8605899234411098
2003-09-23,0.006334966857348795,0.5259172850035736,0.8719024783232039
2003-09-24,-0.017432618244213514,0.4993165515018596,0.8361605672289081
2003-09-25,-0.005184038626172826,0.49154403658601376,0.8254240927307495
2003-09-26,-0.006521764751419909,0.48181653726301654,0.814073917520955
2003-09-29,0.010072920399573627,0.49674275728963857,0.8318258184944654
2003-09-30,-0.00937270610196848,0.4827142273153129,0.8124953930391448
2003-10-01,0.02291190271944539,0.516686031452299,0.8531608262892139
2003-10-02,0.0032891734014013976,0.5216746748052288,0.8570820572752731
2003-10-03,0.00581152568650635,0.5305179262643656,0.8745709218112019
2003-10-06,0.003753452866915887,0.5362626531625687,0.8827642009855368
2003-10-07,0.0049519145949655915,0.5438700946164652,0.8917718226192439
2003-10-08,-0.0032259664429072294,0.5388896214990246,0.8825011645479555
2003-10-09,0.003261937680554939,0.5439093835416073,0.8915337134719681
2003-10-10,-0.0014480412829975709,0.5416737390170316,0.8904563345750145
2003-10-13,0.00885353991083453,0.5553230089949044,0.9037358514688356
2003-10-14,0.005485236924790836,0.5638543241938201,0.9112525764572053
2003-10-15,-0.0022357728501498884,0.5603579011541981,0.9066798715036481
2003-10-16,0.0023712362312900055,0.5640578783431947,0.9127560132117762
2003-10-17,-0.009545649083497157,0.5491279306902515,0.89318747860918
2003-10-20,0.004047084718540719,0.5553973826656127,0.9029465892279305
2003-10-21,5.413890389568596e-05,0.5554815901750325,0.9054021567152808
2003-10-22,-0.013714998072212594,0.5341481631644198,0.8770264892985524
2003-10-23,0.004670348785905697,0.5413131701756542,0.8832653465703935
2003-10-24,-0.004687215986103448,0.5340887024448151,0.8744205934285609
2003-10-27,-0.004011460432357053,0.5279347663152318,0.8784672255069554
2003-10-28,0.01352963052624295,0.5486071591716781,0.9070056084873968
2003-10-29,0.00234325145894316,0.552235935156737,0.9097618327400294
2003-10-30,-0.0009894693740615393,0.5507000452375816,0.9081456879305183
2003-10-31,0.002956031382604493,0.55528396323631,0.9150360191698572
2003-11-03,0.008371797397879112,0.5683044854726951,0.9301821772015371
2003-11-04,-0.004321600715734796,0.5615268996857861,0.9196963519598875
2003-11-05,-0.0017741877686088332,0.5587564577600099,0.9174414262202732
2003-11-06,0.004790256873426384,0.5662233015957925,0.9289795501404092
2003-11-07,-0.007872874352667418,0.553892622334109,0.9205483147469602
2003-11-10,-0.0023128543046286197,0.5502986950936128,0.9095738840296874
2003-11-11,-0.0013035179636790234,0.5482778528954901,0.908584132969207
2003-11-12,0.008783231684323906,0.5618767359891788,0.9311593881527835
2003-11-13,-0.001208341085207653,0.559989456159053,0.9309214319336694
2003-11-14,-0.008276120824482244,0.5470787949349623,0.9165643832147334
2003-11-17,-0.0055386510443185015,0.5385100653517527,0.9043246248901653
2003-11-18,-0.00837441677724859,0.5256259408485051,0.8870987967918178
2003-11-19,0.00746282453533592,0.5370114195516142,0.9023703559158331
2003-11-20,-0.008272796308232327,0.5242960371542367,0.8863973153155473
2003-11-21,0.0007508079788566224,0.5254404907810715,0.8894665835145339
2003-11-24,0.013455362597101686,0.5459658457048315,0.9201347969985771
2003-11-25,0.0019382901510708716,0.5489623760774534,0.9236426631644143
2003-11-26,0.004397154819538919,0.5557734034547068,0.9322869274866719
2003-11-28,0.00013644498233319303,0.5559856809292556,0.9318859498475218
2003-12-01,0.011042790685307325,0.5731681051130926,0.953722103227127
2003-12-02,-0.004212737382943817,0.5665407610270277,0.947357997791112
2003-12-03,-0.0018829269771871095,0.5635910791672267,0.9444389050466051
2003-12-04,0.005054496660791757,0.5714942450557212,0.9536844828994266
2003-12-05,-0.006647659268648333,0.561047486771949,0.9387137334688544
2003-12-08,0.007488709777155812,0.5727377183487428,0.953045549041162
2003-12-09,-0.005837576586822045,0.5635567414668983,0.9364086472923061
2003-12-10,-0.0005747182313976822,0.5626581369017525,0.9346923345370881
2003-12-11,0.009809382404463898,0.5779868481340689,0.9571421886283293
2003-12-12,0.0038292224712948735,0.5840293108323515,0.9624916157135586
2003-12-15,-0.002408139645160719,0.5802147470498396,0.9514170170505789
2003-12-16,0.007667988010994077,0.5923318147850136,0.9643958771791179
2003-12-17,0.00031472575432303797,0.5928329626165543,0.9670643206671155
2003-12-18,0.010470974337085864,0.6095114756913766,0.9905540862557711
2003-12-19,-0.0006327741959046556,0.6084930183615467,0.9896645031409976
2003-12-22,0.0042666547474325784,0.6153559027345512,0.9974820378228106
2003-12-23,0.001021478835464969,0.6170059546009381,1.0031195815640883
2003-12-24,-0.0016033987763177347,0.6144132492320324,0.9995115474525444
2003-12-26,0.0018853239418015165,0.6174569411827713,1.0028940125260464
2003-12-29,0.012296111317357045,0.6373453717825863,1.0284634481813697
2003-12-30,0.0007290134704305307,0.6385390186143629,1.029002061165766
2003-12-31,0.0013530365662296148,0.6407560218217421,1.0331988686986402
2004-01-02,-0.0013031786298730726,0.6386178236372684,1.0270728724099008
2004-01-05,0.011942026159871812,0.6581862405531766,1.0521911699891398
2004-01-06,0.000972347344413994,0.6597985735407226,1.0549599343510057
2004-01-07,0.003044896785493841,0.6648524888818641,1.0603342887265401
2004-01-08,0.004896940662387522,0.6730051727315469,1.0706447053670818
2004-01-09,-0.005824749414836922,0.6632603368306598,1.0522413304260736
2004-01-12,0.004676816937544592,0.6710391009454957,1.0621258421371595
2004-01-13,-0.006134702045696424,0.6607877739544865,1.0512264991471265
2004-01-14,0.006438832925943969,0.6714813089564298,1.0683019988628333
2004-01-15,-0.0008311391338381827,0.6700920754290771,1.0711207707334722
2004-01-16,0.006404781847025115,0.6807886508366459,1.0853524183600731
2004-01-20,-0.0002745287522653243,0.68032722602551,1.083423229604208
2004-01-21,0.009212791869069564,0.6958077310308142,1.0997594745877817
2004-01-22,-0.0016910600119286034,0.6929400183889485,1.0930696321680178
2004-01-23,-0.003340984616659246,0.6872839318305843,1.0887224962525024
2004-01-26,0.011329406899347734,0.7063998580490243,1.1140036623236158
2004-01-27,-0.009765714619532694,0.6897356440085065,1.0932952012060597
2004-01-28,-0.012477233280199274,0.6686524181963447,1.0651449498992118
2004-01-29,0.006575172921852154,0.6796240963924525,1.0759815923430773
2004-01-30,-0.0010732459345875168,0.6778214466593642,1.070519457202908
2004-02-02,0.0034685557416216798,0.6836410638715904,1.0781114228466788
2004-02-03,0.000305075527622249,0.6841547015574774,1.0795270788366147
2004-02-04,-0.007138475891037988,0.6721324038236309,1.062451579120908
2004-02-05,0.0009929960907539758,0.6737928247638509,1.0662850293423327
2004-02-06,0.012940145523071194,0.6954519474917673,1.092330530364046
2004-02-09,-0.0026025452505204208,0.6910394570783371,1.0873444605902667
2004-02-10,0.0052037083016303245,0.6998391331395202,1.097855366050383
2004-02-11,0.011620802243708435,0.7195926275518514,1.1210068545460565
2004-02-12,-0.003394155505299613,0.7137560627681736,1.110846766288156
2004-02-13,-0.004149897964843972,0.706644149971053,1.0994964381502
2004-02-17,0.008658380715362277,0.7214209247671479,1.119992023267109
2004-02-18,-0.005124869944450185,0.7125988664080611,1.1108216860696887
2004-02-19,-0.004522496443146243,0.7048536441261943,1.1021899618566646
2004-02-20,-0.0025731579752908008,0.7004667863751075,1.0968029144437352
2004-02-23,-0.0010906666642292308,0.6986121439375792,1.091152830593224
2004-02-24,-0.001448035175131472,0.696152493804252,1.0876701975740155
2004-02-25,0.004499192789818304,0.7037838108748085,1.0963393891865785
2004-02-26,0.001268128273114101,0.7059444272966531,1.0992083214941513
2004-02-27,-0.00011932394715629416,0.7057408672739587,1.0992959493306245
2004-03-01,0.008221896094256276,0.7197652914484118,1.1195911985561198
2004-03-02,-0.005397637056586307,0.7104826225826588,1.1070382433570365
2004-03-03,0.002759973841514379,0.7152035098773517,1.1111599631626707
2004-03-04,0.0022938599042112277,0.7191379464362218,1.1182506302934234
2004-03-05,0.002551648528096321,0.7235245822468404,1.121921364951135
2004-03-08,-0.00688686611331972,0.7116548992058911,1.104357259759805
2004-03-09,-0.005529221116678864,0.702190780792735,1.0922427495994107
2004-03-10,-0.013955390994543859,0.6784360428994645,1.0618251853718768
2004-03-11,-0.013735391716871607,0.6553820663785244,1.0310315707954985
2004-03-12,0.011813143683136153,0.6749373325791406,1.0563505101224737
2004-03-15,-0.012608146427357091,0.6538194774333359,1.0268974638087918
2004-03-16,0.006334945420912987,0.6642963335589189,1.0383228796739874
2004-03-17,0.013893244313894652,0.6874188091317721,1.0624515791209075
2004-03-18,-0.00011972105176198797,0.6872167895771799,1.059845683250916
2004-03-19,-0.011397501285731713,0.6679867340486658,1.0368319830286499
2004-03-22,-0.01205582000355284,0.6478777862146612,1.0104734380605827
2004-03-23,-0.0009361423030762731,0.6463351381086859,1.0078049945725849
2004-03-24,-0.0033792172624814987,0.6407718139901593,1.0030192606902193
2004-03-25,0.013960104527689301,0.6636771600195484,1.0357922244593971
2004-03-26,-0.0009341361087455437,0.6621230591110787,1.0337250945019631
2004-03-29,0.01362636481345672,0.684771754279385,1.060522237436881
2004-03-30,0.004824693544392724,0.692900261686032,1.0688909252123238
2004-03-31,-0.0017348147859736374,0.6899633932808806,1.0676255976050286
2004-04-01,0.007561491682150317,0.7027420374223123,1.0785749481038347
2004-04-02,0.006443347419091476,0.7137133959345159,1.0964271699512134
2004-04-05,0.008363120326719372,0.728045387270227,1.1125003784972063
2004-04-06,-0.0018221162299643537,0.7248966877239671,1.1087294758937878
2004-04-07,-0.005350921419195721,0.7156669010917251,1.0948361053601694
2004-04-08,-0.0019342381911416004,0.712348392648356,1.092606106910861
2004-04-12,0.005787265720845446,0.7222582078032749,1.1034552894639602
2004-04-13,-0.01433623469638489,0.697567509928432,1.074603556680842
2004-04-14,-0.001783643276073504,0.6945396550536673,1.072323550722761
2004-04-15,-0.002269421045593436,0.6906940310978957,1.0735512580023556
2004-04-16,0.005854246364370113,0.7005917704827127,1.0841623314081787
2004-04-19,1.5295995648862532e-05,0.7006177827270343,1.0863923298574871
2004-04-20,-0.01636231492451519,0.6727917389998237,1.053932562962825
2004-04-21,0.00353562020544572,0.6787060952717341,1.064982234335499
2004-04-22,0.011957679713291144,0.6987795250917432,1.0941971715019054
2004-04-23,-0.00041571574559088004,0.6980733156948753,1.0954374188907336
2004-04-26,-0.0048557216447461535,0.6898279443414899,1.0861416806009783
2004-04-27,0.001191018951454435,0.6918405614478977,1.0908897941556437
2004-04-28,-0.01262223130977567,0.6704857585420416,1.062338718137807
2004-04-29,-0.004595603235548667,0.6628088687851479,1.0472552606522947
2004-04-30,-0.003920166529458686,0.6562903811128493,1.0351658307103677
2004-05-03,0.00823819646257087,0.6699352266715233,1.0538949426351247
2004-05-04,0.0021914008289229394,0.673594724111499,1.0577034655662438
2004-05-05,3.226683542093494e-05,0.6736487257170232,1.0616497767707704
2004-05-06,-0.007781143349646298,0.6606258250652661,1.0479943624562664
2004-05-07,-0.013085045936446486,0.6388964598610378,1.0198818844052808
2004-05-10,-0.010551500486692301,0.6216036430671759,0.9986721247747061
2004-05-11,0.007528735755008703,0.6338122683951881,1.0144070562277165
2004-05-12,0.004712151856178303,0.6415110399083535,1.0184286080876443
2004-05-13,-0.00136165743992552,0.6392758641881422,1.0170505724254086
2004-05-14,-0.0005471876492489764,0.6383788726815465,1.0158854127638204
2004-05-17,-0.010671813780667118,0.6208943984501096,0.99472581357018
2004-05-18,0.0051541143607466405,0.6292486735464149,1.0083937679939172
2004-05-19,-0.0019648219610540404,0.6260474899726127,1.0035705667120123
2004-05-20,0.00156645655458113,0.6285946227213406,1.0045352375540255
2004-05-21,0.0028776779201969823,0.6332811935080971,1.0125905755267914
2004-05-24,0.0018957171078005611,0.6363774326084792,1.0160106609279937
2004-05-25,0.017839749508282043,0.6655699961072201,1.0484829679318897
2004-05-26,0.002950601410900985,0.6704844292876886,1.0522664106445418
2004-05-27,0.004805234083831448,0.6785114980038114,1.0641553517668938
2004-05-28,-1.1156819104331847e-05,0.6784927711546636,1.0630905129791737
2004-06-01,0.00043033664832189695,0.6792150881080345,1.0640550308930257
2004-06-02,0.004175960565253573,0.6862274240965525,1.0716971569737308
2004-06-03,-0.007659325180637705,0.6733120599268878,1.0563630502317092
2004-06-04,0.005229883517257478,0.6820632870883276,1.067199539747413
2004-06-07,0.015328556381615378,0.7078468890219065,1.1002731602818727
2004-06-08,-0.00020298250217269285,0.7075002259870451,1.1036932456830755
2004-06-09,-0.00935746172133379,0.6915223579832026,1.0838616746428977
2004-06-10,0.004322764247802927,0.6988344103566517,1.093432989479468
2004-06-14,-0.009186072250331896,0.6832287947217657,1.0733633092920147
2004-06-15,0.005494870443259124,0.6924779188751251,1.0857910163269247
2004-06-16,0.0009642795687294942,0.6941099407528222,1.0886848759248031
2004-06-17,-0.00015285561986104127,0.6938509865277158,1.0859162644910985
2004-06-18,0.0027283110137966923,0.6984723388299898,1.091390939740501
2004-06-21,-0.004371964931923346,0.6910466773267832,1.0827090550905427
2004-06-22,0.003419658515503273,0.6968294794970173,1.0903386410620142
2004-06-23,0.0069294956606286515,0.7085876520120189,1.1081281623632249
2004-06-24,-0.0019209269353570656,0.7053055799698504,1.1022650495839055
2004-06-25,-0.004747581554897364,0.6972095026529219,1.0908147064284042
2004-06-28,-0.002335923029076028,0.6932449518905082,1.0891609412911922
2004-06-29,0.0013050052114621444,0.695454645377007,1.0944602079394872
2004-06-30,0.0037534554852534665,0.7018184589156957,1.1032171803166855
2004-07-01,-0.007557572569266631,0.6889568424127228,1.0815440483571162
2004-07-02,-0.0014582222181276647,0.6864939680196578,1.0750294616102987
2004-07-06,-0.0065110939501163145,0.6755130473475774,1.0581293704957
2004-07-07,0.0022364573203013287,0.6792602607675784,1.062539206957383
2004-07-08,-0.007503995224762511,0.6666590997896451,1.0456641960612516
2004-07-09,0.0011544669571510588,0.6685832026491874,1.0525921476282911
2004-07-12,0.000887906465803553,0.6700647484635509,1.0554860072261696
2004-07-13,0.0012565628509776513,0.6721632897851977,1.0570269113802797
2004-07-14,-0.003280607952751009,0.6666775775984302,1.0503370689605158
2004-07-15,-0.005234544939223575,0.6579532789192948,1.0415173960371504
2004-07-16,-0.0051458593001299,0.6494216846197871,1.031783365636867
2004-07-19,0.00041713405264922254,0.6501097145716201,1.03088124241286
2004-07-20,0.004205971282564534,0.6570500286441894,1.0452006708040953
2004-07-21,-0.013011839363531976,0.635488759854135,1.0180903309946618
2004-07-22,0.0027271225807235684,0.6399489381816528,1.0235900864625318
2004-07-23,-0.007328236439248495,0.6279310046143631,1.0039839315322348
2004-07-26,-0.000398338164926544,0.6272825375653581,1.0000501604369418
2004-07-27,0.009989963891897193,0.6435390313575509,1.0199068116955865
2004-07-28,0.001726346823108897,0.6463763497429902,1.0213726281224567
2004-07-29,0.004611771072576556,0.6539690605673092,1.0312069793966083
2004-07-30,0.00152480996835678,0.6564910490782159,1.0335998463377911
2004-08-02,0.004187403138571444,0.6634274448961412,1.0426449353710372
2004-08-03,-0.004509544594487639,0.6559261446536875,1.0298665640620728
2004-08-04,-0.0006479705801104857,0.6548531532291162,1.0282629593617951
2004-08-05,-0.0162651760833669,0.6279366752997297,0.9952394992642697
2004-08-06,-0.013532799411403618,0.6059061348184311,0.9644584247971248
2004-08-09,0.0012719226340085397,0.6079487231793999,0.9668262115198409
2004-08-10,0.011562257184576784,0.6265402398564119,0.9923705669566971
2004-08-11,-0.0012378801338294551,0.6245267780066195,0.9874597378383188
2004-08-12,-0.01080957254937917,0.6069663379413477,0.9643080964144841
2004-08-13,0.0008264627182941841,0.6082944357092099,0.9674275250504047
2004-08-16,0.013225610366160354,0.6295651112699636,0.9943624562587301
2004-08-17,0.002747759063754754,0.6340427635744343,0.9989100809938205
2004-08-18,0.012937002746289838,0.6551823792943519,1.024153779665395
2004-08-19,-0.002692223464002567,0.6507262584556119,1.0169502515515405
2004-08-20,0.007065939060502329,0.6623901896034303,1.0301045202811876
2004-08-23,-0.0025242269011216036,0.6581939395666727,1.0253565596546839
2004-08-24,0.0007966541189562604,0.659514946598657,1.026333617677769
2004-08-25,0.007874543178544824,0.6725828687010884,1.0426574754802713
2004-08-26,-0.0003713455154474103,0.6719617625535821,1.042895584627547
2004-08-27,0.0025562728525316027,0.6762357530176688,1.0480945304019738
2004-08-30,-0.0062209591131425785,0.6658079589341581,1.032372139058197
2004-08-31,0.004954593264012347,0.6740613598266314,1.0418305929116656
2004-09-01,0.00023926659345790112,0.6744619067854365,1.0455764152966172
2004-09-02,0.011338481036956633,0.6934477613626293,1.0685275679008766
2004-09-03,-0.0037618938745910433,0.6870771906022193,1.0598958436878525
2004-09-07,0.007458335183160902,0.6996599777695962,1.0741776517513877
2004-09-08,-0.004501610193141379,0.6920087710887943,1.0652452707730817
2004-09-09,0.0011957253232592591,0.694031948823562,1.069166501759141
2004-09-10,0.004161117059510841,0.7010810140651682,1.0794267579627483
2004-09-13,-0.0001256480107697679,0.7008672766195927,1.083510857440682
2004-09-14,0.002069317237113402,0.7043869105931437,1.0881711902307125
2004-09-15,-0.006035950194718696,0.6940993160882731,1.073488557456189
2004-09-16,0.003081081388707627,0.6993189739616952,1.0793516702355084
2004-09-17,0.00338344927321068,0.7050685335090991,1.08870995614327
2004-09-20,-0.007714983528922507,0.6919139578573923,1.0769713434035588
2004-09-21,0.005839087726276504,0.701793191882633,1.0901381522424396
2004-09-22,-0.014892817281897551,0.6764486968243477,1.061048463240207
2004-09-23,-0.006180577504053597,0.6660872757220553,1.051840352786925
2004-09-24,0.002072069565379125,0.6695395244593443,1.0550726424059471
2004-09-27,-0.004916358446252004,0.661331469716917,1.0428830445183133
2004-09-28,0.005297586176578138,0.6701325163456036,1.055348218952762
2004-09-29,0.0035914383915968623,0.6761306943838616,1.064330760368002
2004-09-30,-0.003669449977515723,0.6699802166450413,1.0639423228380855
2004-10-01,0.013987287567887212,0.693338710167938,1.0952745503988601
2004-10-04,0.0020253336473204063,0.6967682860339512,1.1023026699116065
2004-10-05,-0.002778959261835578,0.6920530360902883,1.1010373423043114
2004-10-06,0.006602224387650199,0.7032243499103612,1.1157450552973023
2004-10-07,-0.00644597733361708,0.6922454043567743,1.0947608647047695
2004-10-08,-0.00556208322760178,0.6828329945762153,1.0790133931425254
2004-10-11,0.002364254043392918,0.6868116392879973,1.0831851204569327
2004-10-12,-0.0023132822590005804,0.6829095678485566,1.0784620871207347
2004-10-13,-0.007719647497136433,0.6699180992152076,1.0635038777993961
2004-10-14,-0.015297497829210372,0.6443725307175039,1.0443112406174828
2004-10-15,0.002273084512241017,0.6481103284494323,1.0534188772687352
2004-10-18,0.006079198745567858,0.6581295186906997,1.0642178993849
2004-10-19,-0.01107074791234127,0.639772784783263,1.044223459852848
2004-10-20,0.0018609567112118633,0.6428243309519679,1.0451630504763942
2004-10-21,-0.0003618326413604451,0.6422299034850083,1.0505124775616235
2004-10-22,-0.01026315490062179,0.6253754436031085,1.0305805856475776
2004-10-25,0.0010131860490194362,0.6270222513269859,1.0288642728923594
2004-10-26,0.018278039027860394,0.6567610275359377,1.059043880900779
2004-10-27,0.010175914243995906,0.6736200856749379,1.0859037243818643
2004-10-28,0.00328278731033974,0.6791142244545214,1.0903386410620142
2004-10-29,0.0017560385769619788,0.6820628138077891,1.0954750392184347
2004-11-01,0.00035938855816541133,0.6826673279371871,1.0960512725305316
2004-11-02,0.0014466190586609117,0.6851015065631669,1.0961139730766996
2004-11-03,0.0100164922521696,0.701980312747776,1.1199920232671103
2004-11-04,0.012754252241113892,0.7236877989659711,1.1543435115180989
2004-11-05,0.002567331306938975,0.7281130766156452,1.1627371265838473
2004-11-08,-0.0018698454702827528,0.724881772207199,1.1605447484622395
2004-11-09,-0.00010290049631343009,0.7247042810167568,1.1599058146039751
2004-11-10,-0.0005624114764953433,0.7237342875355521,1.1581394943399843
2004-11-11,0.008281610889792837,0.7380095841823158,1.1777454963421197
2004-11-12,0.009047041987716855,0.7537334298654677,1.1978026364203394
2004-11-15,0.0005721063707379978,0.75473675193327,1.1973767314908836
2004-11-16,-0.006844699437577885,0.742726106274215,1.1820050044211614
2004-11-17,0.004459718393125284,0.7504981739445455,1.1943449306914364
2004-11-18,-0.00019231609546483828,0.7501615249706142,1.1973516512724167
2004-11-19,-0.010798392261174274,0.7312625943035664,1.1728972148417478
2004-11-22,0.005782955653186723,0.7412744091104451,1.1857508268061134
2004-11-23,0.00183131604801124,0.7444632328798404,1.1852498341494182
2004-11-24,0.0039155839032966235,0.7512938250343977,1.1943200034011312
2004-11-26,-0.0001834287182758043,0.7509725874527473,1.1962491921569964
2004-11-29,-0.0037299054093463133,0.7444416253271902,1.189045664043142
2004-11-30,-0.003697549224103946,0.7379914665489671,1.1802636114474772
2004-12-01,0.014900385177834347,0.7638882088363361,1.2135502609107456
2004-12-02,-0.0018103569168454782,0.7606949416169271,1.2116334593359528
2004-12-03,0.001346870433077269,0.7630663695754596,1.2132119838177635
2004-12-06,0.0007809079956848275,0.7644431622003842,1.211583298899019
2004-12-07,-0.010166417994391445,0.7465050954861092,1.1871664827960506
2004-12-08,0.003758103430235307,0.7530686422763793,1.198328862223665
2004-12-09,0.004326339531709437,0.7606530124452597,1.2103555916194249
2004-12-10,-0.0027707654322604498,0.7557746559401712,1.2080505054428765
2004-12-13,0.009615185511247898,0.7726567549729833,1.2281327257395636
2004-12-14,0.003268482372995026,0.7784506523299828,1.2368646178982945
2004-12-15,0.0021924798399288927,0.7823498695315245,1.241412242633385
2004-12-16,-0.002246305859498072,0.7783461665759204,1.2368646178982945
2004-12-17,-0.004850500159601704,0.7697202982111166,1.2201774027843433
2004-12-20,0.0007666225529414597,0.7710770057041236,1.221029365571416
2004-12-21,0.00963288581492689,0.7881375882695139,1.2411492061958032
2004-12-22,0.004829477529741997,0.7967733585721484,1.2495804415892522
2004-12-23,0.0010944218972507773,0.7987397866801667,1.2506202001585054
2004-12-27,-0.005107058950193437,0.7895535165535326,1.2409361772669945
2004-12-28,0.006069795249285824,0.800415739986652,1.2569968457037541
2004-12-29,-0.0006523470731532123,0.7992412440482128,1.2571597141956286
2004-12-30,-0.0001251223856866989,0.7990161186913316,1.257497991288611
2004-12-31,-0.000711007232404716,0.7977370052197295,1.2544538033080914
2005-01-03,-0.007415908176232327,0.7844051526640052,1.2361755236030958
2005-01-04,-0.009125667385804101,0.7681212647592786,1.2102930440014186
2005-01-05,-0.0004966198575632181,0.7672431806286193,1.202488049428839
2005-01-06,0.004833856646079203,0.7757857808225392,1.210706408821641
2005-01-07,-0.0025151658860700764,0.7713193850056461,1.2075618999672533
2005-01-10,0.0023084993848178355,0.7754084747162477,1.2151413255017909
2005-01-11,-0.006620459802623704,0.7636544542761514,1.2017865679525688
2005-01-12,0.002263346186290309,0.7676462148591712,1.2108191168765816
2005-01-13,-0.008042512322556174,0.7534298983942465,1.1917266476403752
2005-01-14,0.0044599781083803705,0.7612501573556643,1.2048809163700227
2005-01-18,0.010624177432478482,0.7799619915303915,1.2262535444924718
2005-01-19,-0.008153571718613967,0.7654489437760414,1.2052568137907058
2005-01-20,-0.006699112596073724,0.7536220025190663,1.1881311536380652
2005-01-21,-0.00544305827121822,0.7440769357736645,1.1741250750495063
2005-01-24,-0.0013338498342122212,0.7417505990420294,1.1664829489688011
2005-01-25,0.004708993713380429,0.749952491663195,1.1751522935095258
2005-01-26,0.0044775999585534455,0.7577880788673363,1.1857633669153493
2005-01-27,-0.0006315025326490789,0.7566780312436712,1.1868407458123031
2005-01-28,-0.004923220415196431,0.7480295180973253,1.181052873688385
2005-01-31,0.009012576809320999,0.7637837683941378,1.199494021885255
2005-02-01,0.007530130439629049,0.7770652902374462,1.2146652601354022
2005-02-02,0.0033763618836645335,0.7830653057481873,1.2219814963041973
2005-02-03,-0.003060282178931591,0.777608622769135,1.2165068210547942
2005-02-04,0.010948745842389324,0.7970712077870741,1.2410112649942358
2005-02-07,-0.0011597350420061523,0.7949870813344231,1.2386310910904479
2005-02-08,0.00022243818221912666,0.7953863549979019,1.2401845353537917
2005-02-09,-0.004802211245850932,0.7867645304532838,1.2215430512655079
2005-02-10,0.006587186537070096,0.7985342817132002,1.2309640377194375
2005-02-11,0.007583450309209258,0.8121733770679813,1.2469245382104899
2005-02-14,-0.0008735049028603772,0.8105904347382793,1.2487284788021809
2005-02-15,0.002506087356288098,0.8151279325341931,1.256345524664419
2005-02-16,-0.00154346856008115,0.8123263396378015,1.2570093858129892
2005-02-17,-0.007860977584513741,0.798079682906085,1.2392449447302454
2005-02-18,-0.0013679434891158994,0.795620011510942,1.2407983889935892
2005-02-22,-0.013017614362337435,0.7722453226597967,1.2083637023173939
2005-02-23,0.005429081904177399,0.781866987670812,1.2208915772980102
2005-02-24,0.006431445879389942,0.7933269687662883,1.239157163965611
2005-02-25,0.00810540453215395,0.8078626093065606,1.2602416754320114
2005-02-28,-0.008228660169468592,0.7929863222614884,1.2457844587673685
2005-03-01,0.003673912086159045,0.7995735963811628,1.2585128225675604
2005-03-02,-0.0006791181119728913,0.7983514733580321,1.2586756910594348
2005-03-03,-0.00027716470750631394,0.7978530337979255,1.259414792863406
2005-03-04,0.008960966782440658,0.8139635351134988,1.2811757055876103
2005-03-07,0.002599240216864629,0.8186784620858918,1.2872140740398765
2005-03-08,-0.002413855100893564,0.8142884358033005,1.276465212360646
2005-03-09,-0.0103980054087855,0.7954234548347208,1.253501672575314
2005-03-10,0.002091091299164163,0.7991778491994408,1.2577735678354283
2005-03-11,-0.007912868713329168,0.7849411910867956,1.2412493741415127
2005-03-14,0.004450157709000518,0.7928844608884231,1.253940117614004
2005-03-15,-0.008560515351529505,0.7775364459374692,1.236989866062471
2005-03-16,-0.0055636799857624875,0.7676468019892435,1.219125104105859
2005-03-17,-0.0017475688675420253,0.7645577174692768,1.2231341158565532
2005-03-18,-0.0024624949875461572,0.7602125029347728,1.2220942043591387
2005-03-21,-0.008841597374686578,0.7446494126899341,1.2111448538603327
2005-03-22,-0.013175959521507075,0.7216619826491104,1.1886573794413908
2005-03-23,0.00018605631972017425,0.7219823087414043,1.1902233638139679
2005-03-24,-0.0016140891039600706,0.7192028758596527,1.1881436937473002
2005-03-28,0.004653746215556128,0.7272036097369576,1.1934931208325295
2005-03-29,-0.005926803111743071,0.7169668140081547,1.177269430975734
2005-03-30,0.010789720933574281,0.7354924067835109,1.2075242796395549
2005-03-31,-0.0022064988945739057,0.7316630447064016,1.2060209958131454
2005-04-01,-0.009565225246566531,0.7150992976326296,1.1916890273126763
2005-04-04,0.0043313791061772525,0.7225280428954148,1.1979280375126793
2005-04-05,0.0036234481987162124,0.7287695340296825,1.2078123962956036
2005-04-06,0.003766487868714204,0.735280923507408,1.2132870715450066
2005-04-07,0.004304019461386607,0.7427496063731569,1.2266418290942287
2005-04-08,-0.007691691449818106,0.7293449141266426,1.2080630455521129
2005-04-11,0.0009042642887056927,0.7309086989753419,1.2081132059890467
2005-04-12,0.007347475564446861,0.7436265083453519,1.220490599658861
2005-04-13,-0.012518705885858083,0.7217985609125908,1.1945955799479502
2005-04-14,-0.009149912856175248,0.7060442541243526,1.1726467185134046
2005-04-15,-0.012297822085695645,0.6850636254168079,1.1363284211788502
2005-04-18,0.004202003974946644,0.6921442694688473,1.142604898778392
2005-04-19,0.005115041613223676,0.7007996578227587,1.1553332625785835
2005-04-20,-0.011750400043397122,0.6808145814496682,1.1269074347249206
2005-04-21,0.016188280677572584,0.7080240796611321,1.1689134362376863
2005-04-22,-0.006025170012595426,0.6977329441955671,1.1543685917365702
2005-04-25,0.009432864378386951,0.7137474288088834,1.173035156043321
2005-04-26,-0.007852986912867621,0.7002893926784868,1.1536544172229046
2005-04-27,0.0037107232552703482,0.7065986960685886,1.1625742580919773
2005-04-28,-0.010612627194503219,0.6884872003365874,1.1386711276830992
2005-04-29,0.011614149457203099,0.7080975430378709,1.1641778627922545
2005-05-02,0.005766486942736776,0.7179472652167194,1.1741250750495076
2005-05-03,-0.0007088802867840996,0.7167294462666727,1.1722708210927206
2005-05-04,0.01076668425004268,0.7352129301573767,1.1997946786505373
2005-05-05,-0.0021199721448911506,0.7315343270799881,1.1942196825272662
2005-05-06,-0.0011544633493567316,0.7295353341612212,1.1919396765691852
2005-05-09,0.005769753466005091,0.7395143266500761,1.205995915594678
2005-05-10,-0.010520112792026158,0.7212144397303719,1.1824310622787824
2005-05-11,0.004852373178426551,0.72956641451204,1.1927038585916234
2005-05-12,-0.01024166367040336,0.7118527769989822,1.1709429458674192
2005-05-13,-0.005860555816986487,0.7018203682489164,1.161246382866675
2005-05-16,0.01095986311875631,0.7204720865376362,1.1832828721376942
2005-05-17,0.00714499508801455,0.7327648511450136,1.1987673072623566
2005-05-18,0.008284090525076507,0.7471192320305695,1.2212047741725258
2005-05-19,0.0034803566213956216,0.7531998300181348,1.2315653512500013
2005-05-20,-0.0006650015224556045,0.7520339494620039,1.2281952733575716
2005-05-23,0.0026283081221271276,0.7566388345216175,1.2368019173521283
2005-05-24,0.0012604036185366525,0.7588529084651106,1.2372279752097453
2005-05-25,-0.0025784812494886733,0.7543177392200247,1.2297237903306089
2005-05-26,0.006622836728403726,0.7659362991766214,1.2442560947224917
2005-05-27,0.0023374462320221853,0.7700640803251231,1.2466738889539801
2005-05-31,-0.006010241912904392,0.7594255670010264,1.233043554857943
2005-06-01,0.00926847355533596,0.7757327563413572,1.2539526577232358
2005-06-02,0.0015356962740786014,0.77845974251903,1.2577610277261937
2005-06-03,-0.006578290677458589,0.7667605173745817,1.2422765926015313
2005-06-06,0.001356196702087903,0.7691565921616241,1.245170605127571
2005-06-07,-0.00029161882721968115,0.76864067279105,1.2448574082530555
2005-06-08,-0.001119908238095362,0.7666599575313606,1.2403599439548993
2005-06-09,0.005171620053849438,0.7757964515960625,1.2521611043126168
2005-06-10,-0.0024109736664019465,0.7715150531143744,1.2468869178827893
2005-06-13,0.002051946741068184,0.7751501076543659,1.2525995493513067
2005-06-14,0.001993479860079246,0.7786888336425921,1.2584375819121592
2005-06-15,0.0022487494823396448,0.782688659236489,1.2635114324505734
2005-06-16,0.003588212507967065,0.7890853249813725,1.2717421790244474
2005-06-17,0.004563175998804173,0.7972492361961401,1.2830172665070023
2005-06-20,-0.0009187323726056876,0.7955980451412059,1.2814012746256527
2005-06-21,-0.0012672887966805406,0.7933225038552569,1.2767658691259278
2005-06-22,-0.00014215303964153052,0.7930675776102765,1.277317175147719
2005-06-23,-0.008821327099280487,0.7772503419970616,1.2531257751546314
2005-06-24,-0.006118415283221877,0.7663763863424755,1.2359375673839845
2005-06-27,-0.0006188822409576559,0.7652832073661213,1.234283802246773
2005-06-28,0.007275074731453969,0.7781257746218908,1.2551051243474314
2005-06-29,0.0023563737486207857,0.7823157035189559,1.2521736444218523
2005-06-30,-0.007536751777727229,0.7688828324719881,1.2362131439308
2005-07-01,0.0029127281964980304,0.7740351073744305,1.2423016728200005
2005-07-05,0.009451241894789903,0.7908019423040757,1.2621333967883395
2005-07-06,-0.007315414704646364,0.7777014834422353,1.2438051095745712
2005-07-07,0.002487044665564422,0.7821227064335965,1.2494426533158487
2005-07-08,0.00946851183156987,0.7989967563647722,1.2757135704474427
2005-07-11,0.004879640609625097,0.8077752139937138,1.2899828384017442
2005-07-12,0.0022281627687412387,0.8118032314197878,1.2952946451592728
2005-07-13,9.951707072290423e-05,0.8119835367701052,1.2975871912265875
2005-07-14,0.00226813922176698,0.8160933676990494,1.303625712607015
2005-07-15,0.0009808569927069934,0.8178746955781657,1.3062941560950128
2005-07-18,-0.008207372939108015,0.8029547199949882,1.293540712076354
2005-07-19,0.006288531580506164,0.8142926576898992,1.3089749867640825
2005-07-20,0.0036473569611819084,0.8209100306445456,1.3201875266286311
2005-07-21,-0.005949335889547649,0.8100768252475947,1.3048785001050764
2005-07-22,0.005619751335147999,0.8202490069030002,1.317418915194926
2005-07-25,-0.0031909549334508836,0.814440674354314,1.308699410217267
2005-07-26,0.0009833740612955274,0.8162249482492334,1.312695881858728
2005-07-27,0.002934943465927902,0.8215554657937525,1.3235699917021329
2005-07-28,0.003920843474207578,0.828697499654717,1.3372504862351042
2005-07-29,-0.0077442756916602335,0.8145355620607411,1.3193731841692586
2005-08-01,0.0009956663277447854,0.8163422340203805,1.3215781024001
2005-08-02,0.008436966550206721,0.831666652692538,1.338052288585243
2005-08-03,0.0007306601840155059,0.8330049785860496,1.3402822870345519
2005-08-04,-0.005963397391649285,0.8220740414778693,1.3230439188269707
2005-08-05,-0.006857327056976894,0.8095794838534278,1.3053669526525389
2005-08-08,-0.003185285141597537,0.8038154572109697,1.2993285842002726
2005-08-09,0.005619339665522698,0.8139517089589581,1.3148506396526356
2005-08-10,-0.0008610586214418504,0.8123897902010799,1.3115934227433077
2005-08-11,0.0062343237469194394,0.8236888149088046,1.3282179373110914
2005-08-12,-0.0043533502085976675,0.8157496588260043,1.3142869464497724
2005-08-15,0.0024150573851558204,0.820134798449146,1.3211396573614107
2005-08-16,-0.009409363732518147,0.8030084880883246,1.293841368841636
2005-08-17,-0.000732901016015864,0.8016870613355194,1.2961339149089506
2005-08-18,-0.0005712190192050017,0.800657903419429,1.2939666170058097
2005-08-19,0.0007679565896434879,0.8020407305220536,1.2954700537603805
2005-08-22,0.001500105446135163,0.8047439816360673,1.2992658836541047
2005-08-23,-0.004348801172868692,0.7968955088920007,1.2914861222281537
2005-08-24,-0.006205797982397793,0.7857443383683389,1.2765904605248215
2005-08-25,0.002131341157153701,0.7895503687728576,1.2819022672823497
2005-08-26,-0.00615126244013172,0.7785423748047011,1.2681968454590726
2005-08-29,0.006109408376967441,0.7894082164881246,1.2820276683746847
2005-08-30,-0.003241455509949618,0.7836079293652403,1.275024476152244
2005-08-31,0.009964171571958828,0.8013801047905416,1.2982135849756178
2005-09-01,0.00119542270407415,0.8035335154664758,1.3005813716983337
2005-09-02,-0.002636689580897356,0.7987781574374462,1.2939291496062704
2005-09-06,0.011314933845221658,0.8191312132910806,1.3229561380623354
2005-09-07,0.0015596704241974387,0.8219684584421849,1.3289319588965953
2005-09-08,-0.0030179044562185214,0.8164699317123627,1.3201624464101638
2005-09-09,0.008824191731362913,0.8324988106640483,1.3386285218973395
2005-09-12,-0.0004705598278117978,0.8316365103392369,1.3370123770878286
2005-09-13,-0.005736850998314303,0.8211286845963484,1.3199995779182894
2005-09-14,-0.0022361879204559907,0.8170562986302581,1.3124452326022191
2005-09-15,0.0006980764069349313,0.8183247427624043,1.3135978521545741
2005-09-16,0.007899988804152522,0.8326894878725406,1.332828109664188
2005-09-19,-0.003872485109242844,0.8255924251208882,1.3198367094264154
2005-09-20,-0.006277464346536444,0.8141323337608848,1.3016211302675873
2005-09-21,-0.008594518722713086,0.7985407394528976,1.2806871001119888
2005-09-22,0.002567211185511906,0.8031579733568199,1.289519313144588
2005-09-23,0.0010463006338905685,0.8050446186873479,1.2907721006426498
2005-09-26,0.0019132886637686288,0.808498190093879,1.2914110345009142
2005-09-27,1.455338394687765e-05,0.8085245098624065,1.2915112024466207
2005-09-28,0.0006940801731546736,0.8097797708673664,1.294254733661858
2005-09-29,0.010786194619426839,0.8293004076942434,1.3146752310515275
2005-09-30,-0.0006146486531714236,0.8281760306624082,1.3168174487362014
2005-10-03,-0.001515415314716233,0.8254055847075452,1.3128587503506028
2005-10-04,-0.00967671411485409,0.8077416567206723,1.2900453860197505
2005-10-05,-0.012419026737378918,0.7852912647515846,1.2567714295938774
2005-10-06,-0.0019529554191384778,0.7818046705013475,1.2475509319595233
2005-10-07,0.00316894244481269,0.7874511069500647,1.255906926697571
2005-10-10,-0.006619875188745703,0.7756184037160698,1.2397335502058713
2005-10-11,-0.0016958410438045644,0.7726072371489132,1.2352484730887872
2005-10-12,-0.006394426775217366,0.761272429969744,1.221943875976499
2005-10-13,0.0003294668294634578,0.7618527108130677,1.2203904317131555
2005-10-14,0.007265819893975429,0.7746540152895478,1.2387437991453907
2005-10-17,0.002462937872243719,0.7790248778739337,1.2454085613466876
2005-10-18,-0.0091522934745655,0.7627427200930785,1.2228458462723446
2005-10-19,0.013500705252127598,0.786540989992389,1.2562828241182538
2005-10-20,-0.013845643557245072,0.7618051802445467,1.2224701017798232
2005-10-21,0.0021444932208256884,0.7655833595099966,1.2258651069625586
2005-10-24,0.016904089846508867,0.7954289392506546,1.2632733233032996
2005-10-25,-0.0004002866292655674,0.7947102530524761,1.2578989689277646
2005-10-26,-0.0029066727819624253,0.7894936176084195,1.2482024059270205
2005-10-27,-0.00921936390626497,0.7729956247397489,1.2249631366667124
2005-10-28,0.016013121944449003,0.8013868198856811,1.2619830684056987
2005-10-31,0.00558117737369712,0.8114406792461033,1.2781940652250987
2005-11-01,-0.00218853548455864,0.8074762770414001,1.2701887347611054
2005-11-02,0.010353922479392156,0.8261907462972273,1.2931398873653652
2005-11-03,0.0041324151297447475,0.8337373245670261,1.3037008003342545
2005-11-04,-0.00047984704183311297,0.8328574111363336,1.3040766977549372
2005-11-07,0.0035023117759138797,0.8392766492309274,1.3092256360205914
2005-11-08,-0.002468905751303807,0.8347356485334023,1.302372925108953
2005-11-09,0.0033749945663998186,0.8409278713779826,1.3063817839314855
2005-11-10,0.00799094456887546,0.8556386239534621,1.3263011357362982
2005-11-11,0.0031130291350289067,0.8614152810539144,1.333391955795212
2005-11-14,0.00014286174777280948,0.8616812060942967,1.3317507307672338
2005-11-15,-0.0041478328576734155,0.8539592636171458,1.323018838608503
2005-11-16,0.002230655226299284,0.8580948075378796,1.3276415510708328
2005-11-17,0.008867113098025065,0.8745707443431712,1.3495904125053784
2005-11-18,0.004321525399581598,0.8826717494281628,1.3602391062389025
2005-11-21,0.005825980799321137,0.8936401588917555,1.3726918934922794
2005-11-22,0.006063792333883556,0.9051227995703774,1.3848814913799132
2005-11-23,0.00449086766571271,0.9136784539501801,1.3933127267733623
2005-11-25,0.0022138417779264683,0.9179150352610528,1.398348956984076
2005-11-28,-0.008102726009540602,0.9023746952207539,1.3782541965781556
2005-11-29,-0.00038100058499692877,0.9016498893489915,1.378717721835312
2005-11-30,-0.0061319814424615855,0.8899890075174444,1.3643608260445372
2005-12-01,0.011374238062745082,0.9114861924249191,1.3931122379537877
2005-12-02,3.7079462240178997e-05,0.9115570693050137,1.3939015001946933
2005-12-05,-0.003165020318113254,0.9055069523414303,1.388339197108817
2005-12-06,0.0012356319530996418,0.907861457618597,1.3914335455262705
2005-12-07,-0.005038307873804096,0.89824906421455,1.3799078087872063
2005-12-08,-0.0006322238003828931,0.8970489459770989,1.3772519054084418
2005-12-09,0.0030063568833407807,0.9027521521338715,1.3839544408656006
2005-12-12,0.000114516768373821,0.9029700491613502,1.3860464981133398
2005-12-13,0.0057697174532363345,0.9139496486669823,1.3994639562087294
2005-12-14,0.004069422694416934,0.9217383188032389,1.4096615118661693
2005-12-15,-0.003171274647259209,0.9156439587941516,1.4064168350660746
2005-12-16,-0.0019406908092195509,0.9119262861695829,1.3995892043729032
2005-12-19,-0.004397100126653158,0.9035193548545151,1.3855704327469498
2005-12-20,0.0009564758877726011,0.905340025219342,1.3850694400902541
2005-12-21,0.0032227293160891598,0.9114804203757343,1.3911328887609873
2005-12-22,0.005103738524132106,0.9212361166353302,1.4017941226037447
2005-12-23,0.0007467871329937982,0.9226708710466764,1.4031596181567467
2005-12-27,-0.008899600084887715,0.9055598691994982,1.3802086184806486
2005-12-28,0.0013906441153329822,0.9082098248180153,1.3837288718275582
2005-12-29,-0.0018231591551545225,0.9047308546059425,1.376788380151285
2005-12-30,-0.004844312780271899,0.8955037425839967,1.3651875556849813
2006-01-03,0.018100023982519586,0.9298124057837225,1.4040490483433596
2006-01-04,0.002227446302954251,0.9341109592923809,1.4133573267423487
2006-01-05,0.0008940413029545442,0.9358401343744853,1.4134198743603545
2006-01-06,0.008195481685443916,0.9517052767416987,1.4366967639483632
2006-01-09,0.0017767852561289474,0.9551730379017225,1.4456040647082022
2006-01-10,0.0017968748651976839,0.9586862391906403,1.4448524227949973
2006-01-11,0.004371124855225923,0.9672479012943553,1.4536595556091294
2006-01-12,-0.006204326324600559,0.9550424533533395,1.438275288430174
2006-01-13,0.0005079052950888699,0.9560354297675213,1.44123184857422
2006-01-17,-0.004956383913554398,0.9463405672290792,1.4323745553231535
2006-01-18,-0.004337170344479483,0.9378989566406359,1.4231540576887993
2006-01-19,0.0045753787351599205,0.946765578317738,1.4366466035114294
2006-01-20,-0.018773747445493413,0.9102174930148208,1.3920097788383665
2006-01-23,0.0020131437427162746,0.9140630354081107,1.3964697757369837
2006-01-24,0.0021803914533467233,0.9182364420916813,1.4022701879701351
2006-01-25,-0.0021389675445980015,0.914133396599182,1.398186088492201
2006-01-26,0.008472511613666286,0.9303509140319752,1.4155873251916566
2006-01-27,0.006380210915529514,0.9426669600044844,1.4345920136632286
2006-01-30,0.001649031821054238,0.9458704796392425,1.437498566298502
2006-01-31,-0.0034704809335557377,0.9391173732404856,1.4278145434069915
2006-02-01,0.0004170442037395918,0.9399260709013664,1.4326001243611959
2006-02-02,-0.009261068401417074,0.9219602828650566,1.411202568948441
2006-02-03,-0.005340656719239971,0.911695752766261,1.398461665039016
2006-02-06,0.0027638629194196205,0.9169794177705435,1.4003910067230425
2006-02-07,-0.008516362012069924,0.9006537270791224,1.3810228080118598
2006-02-08,0.007176869542080018,0.9142944709230374,1.4026459324626566
2006-02-09,-0.00024370139476853766,0.9138279546904757,1.3992133069522206
2006-02-10,0.0030247934060722024,0.9196168888681804,1.405351996278355
2006-02-13,-0.004134321481332125,0.9116805755286048,1.3978603515084522
2006-02-14,0.007677685708031167,0.9263578581616616,1.422214467065253
2006-02-15,0.0028347209946380436,0.9318185452253784,1.4312720962077332
2006-02-16,0.007276820937466019,0.9458760428626598,1.4492747993659139
2006-02-17,-0.002756373766211637,0.9405124811858134,1.4452281672875191
2006-02-21,-0.0017911456948669227,0.9370367406093019,1.4372353769327595
2006-02-22,0.008239608486727522,0.9529971649763294,1.4557892331845697
2006-02-23,-0.003592677214032861,0.9459806765626482,1.4471575089715456
2006-02-24,0.0017007910914898848,0.9492903831615573,1.4506277548096822
2006-02-27,0.0019635847528353136,0.9531179800367822,1.4599484203897433
2006-02-28,-0.010009306237964168,0.9335686240557202,1.4344040649528869
2006-03-01,0.007859615419387907,0.9487657298277932,1.4551753795447722
2006-03-02,-0.0016744964638356148,0.9455025285043523,1.4512039881217786
2006-03-03,-0.0021299036719888993,0.9413587955250271,1.447621034228702
2006-03-06,-0.006223949327631045,0.9292758767549285,1.4306582425679357
2006-03-07,-0.0010152670053212697,0.9273171466130969,1.426248559034414
2006-03-08,0.0021273448692151996,0.9314172148562947,1.4318735626664583
2006-03-09,-0.0050198278239734495,0.9217218329814576,1.4200471691621122
2006-03-10,0.008164656191955857,0.9374120310443266,1.437836843391484
2006-03-13,0.0012363189570011362,0.9398072902658285,1.4434242266958273
2006-03-14,0.010071314648985696,0.959343699844492,1.4688182537500425
2006-03-15,0.003218062145873368,0.9656489896357168,1.479529495101573
2006-03-16,0.002731895131830253,0.9710189365413897,1.4839769518909565
2006-03-17,0.0010891016983632052,0.973165576612683,1.4876475336205064
2006-03-20,-0.001924685404361692,0.9693678536269879,1.4835259667430334
2006-03-21,-0.005789643278939382,0.9579659162694771,1.4686177649304675
2006-03-22,0.005883558892712743,0.9694857240477726,1.4835259667430334
2006-03-23,-0.001970252569118639,0.965605339740125,1.4771242409793177
2006-03-24,0.0019348036292875688,0.9694084000852015,1.479567115429273
2006-03-27,-0.001413731214271737,0.9666241859563522,1.4769988398869822
2006-03-28,-0.006168992102875803,0.954492096883863,1.4610634196143968
2006-03-29,0.006359179940654596,0.9669210638205348,1.4799053925222556
2006-03-30,-0.0022483802091046285,0.9624986774277695,1.4750069505849495
2006-03-31,-0.00462210622815027,0.9534278000680938,1.4647090740536415
2006-04-03,0.001699220362136575,0.9567471043619333,1.4704093183410865
2006-04-04,0.007931548261451198,0.972267138455635,1.4861191695756295
2006-04-05,0.004811965985325633,0.9817576208398591,1.4970685200744351
2006-04-06,-0.0024604859876175746,0.9768815339829282,1.4928842526507946
2006-04-07,-0.01067979463158977,0.9557688451890085,1.4671144811040575
2006-04-10,0.001774567690698892,0.9592394893921563,1.4692817790071988
2006-04-11,-0.008207536813528938,0.9431589591564506,1.4506026745912144
2006-04-12,0.0020160008944448385,0.9470763693561584,1.453571774844494
2006-04-13,0.00023801873317621413,0.9475398100069901,1.4554760363100536
2006-04-17,-0.001240990562848541,0.9451229314819996,1.4482599680869659
2006-04-18,0.015400560853494635,0.9750789155558159,1.4907671151845885
2006-04-19,0.0018599121785076746,0.9787523888843719,1.4953522073192178
2006-04-20,-0.00018554231487663482,0.9783852465855705,1.4983463877909649
2006-04-21,0.0008555160899018404,0.9800777869960486,1.498045731025683
2006-04-24,-0.001251769630078991,0.9775991857570929,1.492044829972956
2006-04-25,-0.005770334950880744,0.9661877760566855,1.4799053925222565
2006-04-26,0.0027715262912825526,0.9716371171716252,1.4871465409638116
2006-04-27,0.005978455983423921,0.9834244628919206,1.496041301614417
2006-04-28,0.0031846576086688723,0.9897409906988894,1.4977952346973353
2006-05-01,-0.005383338999887747,0.9790295404239848,1.4874722779475604
2006-05-02,0.006284135888675465,0.991466030983712,1.5027562242526478
2006-05-03,-0.0038116091929517575,0.9838753407525633,1.4930095008149693
2006-05-04,0.002212920982943552,0.9882655001216589,1.5014908966453526
2006-05-05,0.010795130009554989,1.0097290846889853,1.5272982885197903
2006-05-08,-0.0018496676357645135,1.0060117538443811,1.5254191072726977
2006-05-09,0.002730105002122142,1.0114883765678675,1.5263712380054772
2006-05-10,-9.72724577621482e-05,1.0112927141497186,1.5231014809869157
2006-05-11,-0.015674506353421755,0.9797666937231879,1.4912431805509785
2006-05-12,-0.0108879687585422,0.9582110558127275,1.463318498282173
2006-05-15,0.0025554161749840234,0.9632151000187841,1.4698078518823623
2006-05-16,-0.0021843870874786553,0.9589266783043597,1.465222759747733
2006-05-17,-0.017429673662734166,0.924783225572291,1.4243693777873219
2006-05-18,-0.006985141879607436,0.91133834165418,1.408258395985467
2006-05-19,0.004021229159566338,0.9190242711274368,1.4182181483519543
2006-05-22,-0.0026054270095058336,0.9140243934595442,1.408759541570324
2006-05-23,-0.004043612075153953,0.9062848213100121,1.3983113366563749
2006-05-24,0.0006426714375839883,0.9075099361165679,1.402194947314734
2006-05-25,0.011447929091552154,0.9293469746066616,1.4298064327090243
2006-05-26,0.006330449404819006,0.9415606080137497,1.4440255402263915
2006-05-30,-0.01552778941096452,0.9114124637638878,1.4054647043332955
2006-05-31,0.0076509040732429656,0.9260364971685462,1.4259102819414315
2006-06-01,0.010502635142336271,0.9462649557691309,1.4558143134030366
2006-06-02,0.0028157075253628767,0.9517450686514404,1.4606124344664746
2006-06-05,-0.016895147939629193,0.9187700469761326,1.416915200416958
2006-06-06,-0.0007711155438986205,0.9172904535677422,1.414284377256661
2006-06-07,-0.005253880064127535,0.9072172394766007,1.40005272963006
2006-06-08,0.0016237785771596241,0.9103141379720523,1.4035855230862029
2006-06-09,-0.004494121820749108,0.9017289535201065,1.3928366614069723
2006-06-12,-0.012204159374818169,0.8785199502836412,1.3625192651251452
2006-06-13,-0.011844706374396153,0.8562694330540861,1.3388540909353814
2006-06-14,0.0040476647826478696,0.863782989465365,1.3510687690414822
2006-06-15,0.020337067779388828,0.9016868704481942,1.4010424806905406
2006-06-16,-0.00330347270164303,0.8954046997845957,1.3922228077671748
2006-06-19,-0.009186544052129882,0.8779924810134103,1.37042427471527
2006-06-20,0.0005488154175981533,0.8790231522411238,1.3704368148245036
2006-06-21,0.009159884145526626,0.896234786622415,1.3936008434294105
2006-06-22,-0.004096123733976112,0.8884675743077397,1.3815239535967168
2006-06-23,-0.0013044697219997878,0.8860041255360769,1.379444283530049
2006-06-26,0.00520187763229267,0.8958148882111145,1.3910201807060467
2006-06-27,-0.008928515181841241,0.8788880761997611,1.3693218155998488
2006-06-28,0.00474645907737084,0.8878061415644034,1.3827767410947778
2006-06-29,0.02051934155321627,0.9265426805694228,1.4342788167887126
2006-06-30,-0.002522479386888813,0.9216830163697249,1.4291925790692264
2006-07-03,0.009102033018044547,0.9391742386349375,1.4485606248522478
2006-07-05,-0.005731167884261217,0.9280605055164863,1.431096840534786
2006-07-06,0.0017009667365313174,0.9313400723023897,1.4377992230637835
2006-07-07,-0.006356697415003141,0.9190631278572932,1.4213250368786405
2006-07-10,0.0030502343047450324,0.9249167200428545,1.424920530880951
2006-07-11,0.003766595133833118,0.9321671019936018,1.4349929913023782
2006-07-12,-0.01035947376934072,0.9121508675825158,1.4086342934061498
2006-07-13,-0.01278282459598554,0.8877081784411469,1.3774523942280164
2006-07-14,-0.004461632230337898,0.8792859187907414,1.36580156225294
2006-07-17,-0.004341103909558721,0.8711277433415001,1.3625316523062172
2006-07-18,0.0023007386936377693,0.8754327193413451,1.3671168973690082
2006-07-19,0.01876737326676642,0.9106296652219308,1.4112901967849143
2006-07-20,-0.008099309518352171,0.8951548841883528,1.3908447721049395
2006-07-21,-0.006654378329498167,0.8825438065959672,1.3739570681714128
2006-07-24,0.014922574228237897,0.9106362062878051,1.4134951150157558
2006-07-25,0.00597942162499596,0.9220607057371826,1.4287541340305374
2006-07-26,0.0011071477823497568,0.9241887109850808,1.4278520108065305
2006-07-27,-0.004073772869142845,0.9163500032191587,1.41828069596996
2006-07-28,0.012818552246060794,0.9409148358571624,1.447771362611343
2006-07-31,-0.000897545788732962,0.9391727759199495,1.444188408718266
2006-08-01,-0.0027268174270466575,0.9338850058005166,1.433188897782526
2006-08-02,0.005300676961683759,0.9441359054973089,1.4481723402504927
2006-08-03,-0.00012595487842606535,0.9438910320956881,1.4522188194007262
2006-08-04,-0.000756763160315145,0.9424199669749311,1.4505150467547416
2006-08-07,-0.002784731717245207,0.9370108484846855,1.4437248834611096
2006-08-08,-0.003260843374168554,0.9306945594937117,1.4356944727786494
2006-08-09,-0.004961732616252273,0.9211149693258509,1.4257724936680245
2006-08-10,0.005225382184999064,0.9311535292619011,1.4374358657523345
2006-08-11,-0.002620461360479889,0.926093016057316,1.4280650397353392
2006-08-14,0.0005692910181869287,0.9271895235115499,1.4310341399886188
2006-08-15,0.013367702091201791,0.9529516189351375,1.4645587456710012
2006-08-16,0.00662435439166261,0.9658886625687351,1.484039652437124
2006-08-17,0.0015563918386535156,0.9689483556388583,1.488086131587357
2006-08-18,0.003959891367694939,0.97674517723579,1.4973442495494118
2006-08-21,-0.0021028520673655295,0.9725883745531849,1.4881737594238302
2006-08-22,0.00035597813549750933,0.9732905728848626,1.49066679431072
2006-08-23,-0.003818104040941067,0.96575634417458,1.4797049037026806
2006-08-24,0.002485023669208164,0.9706412952177501,1.48564310420924
2006-08-25,8.003541062841501e-05,0.9707990163030145,1.4840396524371235
2006-08-28,0.004445320964054004,0.9795598504861234,1.4968807242922555
2006-08-29,0.0019537759576634933,0.9834274669287593,1.5020796700666823
2006-08-30,0.0003560620037595144,0.9841336900869455,1.5031695890728698
2006-08-31,0.00033622515331470143,0.984800805741092,1.5023428594324253
2006-09-01,0.005157014696841497,0.9950364526666018,1.5161860695291094
2006-09-05,0.0032655432790769084,1.0015513305461208,1.5206084461000255
2006-09-06,-0.00915284881250342,0.983231433827167,1.4960789219421167
2006-09-07,-0.004511508903156648,0.9742840675564357,1.4841899808197647
2006-09-08,0.0035830471874075203,0.9813580205318371,1.493598274236299
2006-09-11,-0.00033535456370391845,0.9806935630773204,1.494913762280528
2006-09-12,0.008438462134049293,0.9974075707085033,1.5210092708110143
2006-09-13,0.004780706630356988,1.0069565903253146,1.5312445997243156
2006-09-14,-0.002248301875693911,1.0024443460588501,1.527949762487287
2006-09-15,0.002947790730821955,1.0083471329411493,1.5348275536173928
2006-09-18,0.002521412444006961,1.0134110043940328,1.5373832890504504
2006-09-19,-0.0016762090085447783,1.0100361067305643,1.5318960736918137
2006-09-20,0.004150857572836387,1.0183794803258617,1.5451505103671677
2006-09-21,-0.003455483845632666,1.0114050026372392,1.531983701528287
2006-09-22,-0.003584040306260917,1.0041960460355726,1.525732304147212
2006-09-25,0.009651129206621735,1.023538801031262,1.5480069025655068
2006-09-26,0.007096999733794617,1.037899855363504,1.5672120798566533
2006-09-27,0.0004799329900958162,1.038877910734604,1.568176750698667
2006-09-28,0.0009468539054227014,1.040808430247063,1.5731377402539795
2006-09-29,-0.002456121930577054,1.0357959559054266,1.5668236423267374
2006-10-02,-0.0038593990806235533,1.0279390068648682,1.558179530932641
2006-10-03,0.0022497994324841416,1.0325014628916254,1.563554038236337
2006-10-04,0.012197828106034894,1.057293566361242,1.5950866016885255
2006-10-05,0.0018137407753294585,1.0610249635893743,1.6015759552887143
2006-10-06,-0.0029975187043646077,1.0548470027108525,1.5945856090318298
2006-10-09,0.00027621515060298734,1.0554145825851724,1.5966651261703362
2006-10-10,0.0016530613579439307,1.0588123090061985,1.602052173583266
2006-10-11,-0.0026725588744259815,1.0533100118989864,1.595650294891389
2006-10-12,0.008035530498242485,1.0698094471219473,1.6204430084150405
2006-10-13,0.0022041826430671953,1.07437168517975,1.625804975609503
2006-10-16,0.002018824689980623,1.0785594779539878,1.6324448105204943
2006-10-17,-0.0036182650014470715,1.0710386989414808,1.6228109480659176
2006-10-18,0.001836024509735577,1.0748411767533481,1.6267320261238152
2006-10-19,-0.00022170545117880048,1.0743811731541317,1.6287491485724765
2006-10-20,0.0005650791386259196,1.0755533626806395,1.631931277754565
2006-10-23,0.006629803273908407,1.0893138731597114,1.6481673547924323
2006-10-24,0.0004926048596601062,1.0903430793269853,1.6488439089783973
2006-10-25,0.004687242284313498,1.100141023797129,1.6582147349953926
2006-10-26,0.004725191290827763,1.1100645918722853,1.6714313984148848
2006-10-27,-0.008719868230770034,1.0916651066727452,1.6492069604335242
2006-10-30,-0.0005699487517797262,1.090472964756056,1.6504346677131192
2006-10-31,0.0004369123942002252,1.0913863183040986,1.6504597479315866
2006-11-01,-0.006250171138537413,1.0783147958979025,1.6313174241147688
2006-11-02,-0.00044427802002262575,1.077391446315397,1.6311167823670325
2006-11-03,-0.000614340483485205,1.0761152206498799,1.6254416182980544
2006-11-06,0.011351755100099729,1.0996827721942868,1.6553207224693538
2006-11-07,0.0023101813348780126,1.1045334201437749,1.6612714630851468
2006-11-08,0.002839116822849595,1.1105084363811546,1.6674601599200538
2006-11-09,-0.004054563350213606,1.101951246224687,1.653804898533711
2006-11-10,0.0023580379182676883,1.1069077269656349,1.6587408078705566
2006-11-13,0.0026287988090094687,1.1124463634889752,1.6661446718758248
2006-11-14,0.006145983396481335,1.125429423764936,1.683408120301873
2006-11-15,0.002901644535164968,1.1315966644372826,1.6904865531797149
2006-11-16,0.0018715571950157837,1.1355860695114819,1.6967128703423224
2006-11-17,0.00043100792658705113,1.13650652403535,1.699506561994494
2006-11-20,-0.0005960714546580148,1.135233013483682,1.6982036140594983
2006-11-21,0.0027597980763434922,1.1411258254468395,1.7027887061941276
2006-11-22,0.0014499844242993666,1.1442304245442028,1.709340760340484
2006-11-24,-0.00357349425188061,1.1365680294473868,1.6997068978859073
2006-11-27,-0.013227410002971233,1.1083067681226457,1.6630127031306698
2006-11-28,0.002619722979403871,1.1138299478107294,1.6728472073329828
2006-11-29,0.008921367767332444,1.1326882021727505,1.6986171318078807
2006-11-30,0.0005427290248696398,1.1338456739610665,1.7008719046193335
2006-12-01,-0.003673708789244383,1.1260065463537448,1.693305325050352
2006-12-04,0.0077454804727669635,1.1424734885435024,1.7172960832957034
2006-12-05,0.0040485637866369325,1.1511474291230495,1.7282579739037427
2006-12-06,-0.000182867139770206,1.1507540549454616,1.7253765014869367
2006-12-07,-0.003890531694749036,1.142386478127086,1.7146277927358673
2006-12-08,0.0026928334587793864,1.1481555681170232,1.7196013224004134
2006-12-11,0.003653378304437271,1.156003593064138,1.7258150994537877
2006-12-12,-0.0011548175962103869,1.1535138021773745,1.7230339479108494
2006-12-13,0.0017686649668751354,1.1573226465949675,1.7267170697496335
2006-12-14,0.00972936637765492,1.1783120290185023,1.7506078129774396
2006-12-15,0.0018103057433518403,1.1822554397954468,1.7537147015041268
2006-12-18,-0.0012219943706567402,1.1795887359326818,1.7448197879253597
2006-12-19,0.0014692379726080297,1.1827910704681828,1.750870849415021
2006-12-20,-0.0019701526032514824,1.1784906389583458,1.7470623264839018
2006-12-21,-0.003962477768566135,1.1698584182324439,1.737603719702272
2006-12-22,-0.005141625709150235,1.1587018184040438,1.7234346196936774
2006-12-26,0.0048804718244947615,1.1692373018062505,1.735311020706796
2006-12-27,0.009069428140597429,1.1889110436348855,1.7550675040197343
2006-12-28,-0.0024158815991298793,1.1836228937224358,1.7511213457433694
2006-12-29,-0.004827045858844824,1.1730824458760143,1.7387561863264658
2007-01-03,-0.001795539020122536,1.1691805915505005,1.7359875748927611
2007-01-04,0.002474616866716555,1.1745484824293055,1.7393452656041184
2007-01-05,-0.008735127500928381,1.1555535241783352,1.7226705905994004
2007-01-08,0.003002092072555048,1.1620246943252392,1.7295734619479735
2007-01-09,-0.002642574744701818,1.1563113824705935,1.7281701931391096
2007-01-10,0.0007696463091280106,1.1579709795674429,1.7337826566619197
2007-01-11,0.004849770837683554,1.1684366442927163,1.7511464259618363
2007-01-12,0.00403663430975983,1.1771898300496084,1.7645010305828972
2007-01-16,0.0013940654583012998,1.1802249751878455,1.766756109250673
2007-01-17,-0.001965120043206596,1.175940571390404,1.7645261108013646
2007-01-18,-0.003529161154885433,1.168261326450514,1.7563829920639638
2007-01-19,0.0047668132954672825,1.1785970233694858,1.764401015565352
2007-01-22,-0.005422091953459076,1.1667844699792442,1.749868558245308
2007-01-23,0.002049501587731731,1.1712252981907394,1.7596027415737527
2007-01-24,0.007240229702544711,1.1869454680856166,1.7831426675993423
2007-01-25,-0.011788314408223186,1.1611650673141845,1.751797899929334
2007-01-26,0.0002463558294594428,1.1616974829269413,1.7484778295456769
2007-01-29,-0.002311994567647998,1.1566996500895161,1.7457468384396728
2007-01-30,0.005720699557557197,1.169037480823567,1.761644638384558
2007-01-31,0.007654091781635014,1.1856394927795972,1.7801734144179018
2007-02-01,0.004571378843410462,1.1956308789162122,1.7957332431261266
2007-02-02,0.0017625101231070793,1.1995007005669085,1.8004685107152358
2007-02-05,-0.00045715707640579784,1.198495183257085,1.79802563626528
2007-02-06,0.0014257224718956653,1.201629627244209,1.8000051383862403
2007-02-07,0.0018679594702327989,1.205742182156365,1.8050539087061876
2007-02-08,-0.0020500318333367554,1.201220340466811,1.8018090789779317
2007-02-09,-0.008333657398318532,1.1828761242911505,1.7820902159926946
2007-02-12,-0.0033516034919699716,1.1755599890504387,1.7731454478333166
2007-02-13,0.007503132718144687,1.1918835043845695,1.7947184118471795
2007-02-14,0.006609584325318864,1.206370943238075,1.8167672882992707
2007-02-15,0.0009941650041095245,1.2085644400159263,1.8199870378090592
2007-02-16,-0.0009486344918424198,1.2064693196106706,1.8176068639052714
2007-02-20,0.002830962389596927,1.2127157512682882,1.82563712165957
2007-02-21,-0.0011278272340509807,1.210220190182794,1.8218160586192171
2007-02-22,-0.0010771604332103326,1.2078394284452463,1.82006227846446
2007-02-23,-0.004066692137893102,1.1988608251998576,1.8103280951360152
2007-02-26,-0.002356163508743609,1.193679949562716,1.8071585060631605
2007-02-27,-0.034038150227653274,1.1190111418881097,1.7099172995089038
2007-02-28,0.004982526575503614,1.1295691712163558,1.7257900192353217
2007-03-01,-0.0008608792929601979,1.1277358692139292,1.718761746794414
2007-03-02,-0.010322653017483932,1.1057719901231793,1.687767796326622
2007-03-05,-0.00939569175947245,1.085986805588251,1.6625994912386104
2007-03-06,0.016236654467535045,1.1198562525744244,1.7039665588931117
2007-03-07,-0.002584004725901157,1.114378533999541,1.6980656728579304
2007-03-08,0.006138907906646545,1.1273585090995542,1.7174713389686525
2007-03-09,-0.00011416166848853468,1.127115646302682,1.7193257458536007
2007-03-12,0.00167224357522123,1.1306727017759641,1.7266919895311683
2007-03-13,-0.020839866554557177,1.0862697669995152,1.671895076600205
2007-03-14,0.006166329213938936,1.099134393211922,1.6899601744482307
2007-03-15,0.005010046870014651,1.1096511549083736,1.6999824744327237
2007-03-16,-0.004561021376640854,1.1000289908935814,1.689646977573715
2007-03-19,0.011215801512091776,1.123582499225082,1.7189623885421512
2007-03-20,0.006297120519448002,1.136954954155693,1.7362132968589656
2007-03-21,0.017549024209314954,1.1744564283803869,1.7830172665070076
2007-03-22,-0.0008671146692752097,1.1725709253136385,1.7820400555557607
2007-03-23,0.0003512092473783672,1.173333952313194,1.7850970895018365
2007-03-26,0.00015869853228036484,1.173678857221581,1.7877779201709063
2007-03-27,-0.006163735851668533,1.1602808749193105,1.770564632181792
2007-03-28,-0.007850238206225628,1.1433221554588404,1.7490916831854748
2007-03-29,0.004190172651530566,1.1523030453380634,1.759489880590651
2007-03-30,-0.0015732084441935777,1.148917024012674,1.7562829770464186
2007-04-02,0.001319643123525789,1.15175282758644,1.7634614249418057
2007-04-03,0.0083003862888571,1.1696132072535481,1.7896571014179985
2007-04-04,0.0004925836440004528,1.1706819232332486,1.7927890701631521
2007-04-05,0.0026103456520119575,1.1763481533534614,1.8021222758524469
2007-04-09,0.0003856240521846429,1.1771874055473224,1.8037760409896588
2007-04-10,0.003929273623894419,1.1857421705942146,1.8111673648856939
2007-04-11,-0.007601768699558205,1.169126664176487,1.7930144862730337
2007-04-12,0.004675566266131142,1.179268559634476,1.81037825557295
2007-04-13,0.002876487424094733,1.1855371982399898,1.8201751394475627
2007-04-16,0.012063729306933306,1.21190292738979,1.8505301560570908
2007-04-17,0.0016124053374657404,1.2154694114758695,1.8563680356897816
2007-04-18,0.0019423394995015846,1.2197726052237163,1.8583726180292097
2007-04-19,-0.0013945720471759738,1.2166769723973845,1.854989847099385
2007-04-20,0.009135028701132988,1.2369263801613748,1.8815115664156496
2007-04-23,-0.0025453434020709757,1.2312326343587126,1.8749344320508259
2007-04-24,-0.0006643262233821084,1.2297503680092423,1.8739196007718784
2007-04-25,0.01164923169650633,1.255725246671552,1.9033350267578601
2007-04-26,-0.0007151721139141746,1.2541120148784803,1.9013429845276657
2007-04-27,0.0003643945366027363,1.2549334009815927,1.9010799480900844
2007-04-30,-0.007030895002495921,1.2390792010016702,1.8783795976704956
2007-05-01,0.003260388333691908,1.2463794687068281,1.8860214178948778
2007-05-02,0.006059983842820231,1.2599924919920342,1.9050138721135386
2007-05-03,0.004556440422144035,1.270290013136289,1.9184186371715337
2007-05-04,0.0013258936771266968,1.2733001763099505,1.9247703554264763
2007-05-07,0.0020804830453125065,1.2780297387836694,1.932374555323158
2007-05-08,-0.0009275332406211938,1.2759167904778237,1.92919242614107
2007-05-09,0.003513909569796851,1.283914156267945,1.9394153678732997
2007-05-10,-0.012459865342051988,1.2554568934280401,1.898875029859243
2007-05-11,0.009027718735290503,1.2758185238814805,1.927112909002564
2007-05-14,-0.0016303331328298874,1.2721081815376887,1.9220390584641498
2007-05-15,-0.0015852408534582426,1.2685063428248387,1.9185064179361682
2007-05-16,0.010377596528187608,1.2920479863723093,1.944551613101559
2007-05-17,-0.0011240482144268807,1.2894716139258469,1.94209619854237
2007-05-18,0.005932321828036907,1.30305349635581,1.9615520250900262
2007-05-21,0.001377249968993808,1.3062253767122574,1.9661371172246556
2007-05-22,-0.0006364606242574455,1.3047575550693167,1.9642206215061853
2007-05-23,-0.0009676799938376807,1.3025272872926297,1.9607002152311144
2007-05-24,-0.00904091105876164,1.2817103428778456,1.9323243948862245
2007-05-25,0.005369436568190227,1.2939618418309116,1.9483350558142112
2007-05-29,0.0012713382311324195,1.2968782432211903,1.9533085854787573
2007-05-30,0.008093632414160695,1.315468331421906,1.9779887438756298
2007-05-31,-0.0008686896832082482,1.3134569079706044,1.9788154735160743
2007-06-01,0.0031360671411237587,1.3207120641620969,1.9899400796878268
2007-06-04,0.0017117803403366046,1.3246846134491115,1.9955776234291043
2007-06-05,-0.0047786733918613504,1.3135757049423527,1.9796798234842194
2007-06-06,-0.008237488674290864,1.2945176512757754,1.9540102198831892
2007-06-07,-0.01671579311862792,1.2561629689100093,1.9022449548235119
2007-06-08,0.010417710127439419,1.2796670207203769,1.9352560277399653
2007-06-11,0.0014172487565882927,1.282897875970928,1.938124960047538
2007-06-12,-0.009639390940664044,1.2608921308668326,1.9067425720498292
2007-06-13,0.015985738634121515,1.2970341615508119,1.9515924256517008
2007-06-14,0.0034276785710557933,1.3049076563233428,1.9659994818794093
2007-06-15,0.006398855990777411,1.3196564284881962,1.9853549875531975
2007-06-18,-0.001141730474485874,1.3170080060534541,1.981747106369815
2007-06-19,0.002060582941715537,1.3217823932265462,1.9869711323627088
2007-06-20,-0.013807862764908451,1.2897235405708933,1.946393479877274
2007-06-21,0.0061417885829244,1.3037865384704252,1.9652476870380435
2007-06-22,-0.01255614533128084,1.2748598598811425,1.92702512823793
2007-06-25,-0.004450538301078813,1.2647355089451549,1.9176292220024678
2007-06-26,-0.004513817927232969,1.2545129052044373,1.908296016313173
2007-06-27,0.009302890855819482,1.2754863926945905,1.935080772067019
2007-06-28,-0.0010933631511185309,1.2729984597219466,1.9339029193680357
2007-06-29,-0.002537478763850442,1.2672307744001374,1.92933036734264
2007-07-02,0.009984872379915143,1.289868784338339,1.9606876751218816
2007-07-03,0.004070799247685576,1.2991903804629223,1.9718875219490353
2007-07-05,-0.0007323607421981194,1.297506543689432,1.9729525136649166
2007-07-06,0.0030551044067022035,1.3045256660554845,1.9836262876169073
2007-07-09,0.000980108824993565,1.30678435199821,1.9863948990506115
2007-07-10,-0.014155950758112181,1.2741296263017396,1.9440255402263964
2007-07-11,0.0051707740946368135,1.2858886368612668,1.9612388282155107
2007-07-12,0.019045380344883147,1.329424255376336,2.017702046392919
2007-07-13,0.003024242109223026,1.3364689982996905,2.027085412519148
2007-07-16,-0.0019888748727068138,1.3318220538181138,2.021284847357835
2007-07-17,0.000267612221337584,1.3324460778977003,2.020984190592553
2007-07-18,-0.0022653159930021314,1.3271623504946235,2.0150710703044608
2007-07-19,0.0037637642199433406,1.3359212408834145,2.028613776564025
2007-07-20,-0.011209094139382238,1.3097376797921698,1.9916063849342724
2007-07-23,0.004818552418451523,1.3208672718751209,2.0062388572718617
2007-07-24,-0.019826382953525148,1.2748528685586216,1.9467066767517895
2007-07-25,0.006688023868644494,1.290067138841196,1.9604873392304674
2007-07-26,-0.02291287529034334,1.2375951160824141,1.8914084653078076
2007-07-27,-0.015499839089650188,1.2029127518353495,1.8455939408639233
2007-07-30,0.00866914605056951,1.2220101242176722,1.8748341111769582
2007-07-31,-0.012987773199972255,1.1931511606762908,1.8385032737331706
2007-08-01,0.007344530019281805,1.2092588252127006,1.8592369679973553
2007-08-02,0.004557456151645915,1.2193274254362443,1.8723786966177691
2007-08-03,-0.027244804987408007,1.1588622825270276,1.796196615455123
2007-08-06,0.02767558615343648,1.218610061620509,1.863784439804284
2007-08-07,0.007975178896868718,1.2363038737643257,1.8815366466341166
2007-08-08,0.01593480041614393,1.2719389296626096,1.9230538897430973
2007-08-09,-0.029730155870193512,1.2043938311561795,1.8369372893605926
2007-08-10,0.00034376855424013517,1.205151632436492,1.8380148211857072
2007-08-13,-0.0030230312817725894,1.1984853900705845,1.8370376102344603
2007-08-14,-0.018028045635117874,1.1588509951302521,1.7858360383776462
2007-08-15,-0.01195769443966527,1.133036114589717,1.7478639759058803
2007-08-16,0.007214090857014968,1.1484240309216616,1.7568968306862156
2007-08-17,0.02531798688955341,1.2028178023697378,1.8246348304898565
2007-08-20,-0.0008393181168407412,1.2009689374801096,1.82387080139558
2007-08-21,5.645669402297741e-05,1.2010931969099667,1.8269526097038002
2007-08-22,0.010545430962249604,1.2243046732594585,1.860226719057835
2007-08-23,-0.0005149014283455413,1.2231593756061216,1.8572073054394598
2007-08-24,0.009829928025626319,1.245012872257826,1.8904563345750276
2007-08-27,-0.009766619640864699,1.2230866854456388,1.865901883126813
2007-08-28,-0.024009677872129914,1.1697110902462682,1.7987648909974134
2007-08-29,0.021334374573227545,1.216000519361268,1.860840572697632
2007-08-30,-0.005872461305097195,1.2029871420592437,1.849039106483592
2007-08-31,0.011713300756304265,1.2287913930164547,1.8810478882303312
2007-09-04,0.010907831774865357,1.2531026745927463,1.911265269494613
2007-09-05,-0.012318150007072088,1.2253486178657775,1.879106006437071
2007-09-06,0.002446855125105854,1.2307937235365496,1.8918721434931243
2007-09-07,-0.01439376865153799,1.1986841947706615,1.8429758107410197
2007-09-10,-9.901333980700974e-05,1.1984664957053566,1.8394554044659488
2007-09-11,0.012836115373927239,1.2266862652899437,1.8781664158135247
2007-09-12,6.948697306168597e-05,1.2268409909784768,1.8790809262186037
2007-09-13,0.008440978073149884,1.2456377069557174,1.9034977423215724
2007-09-14,0.0005872608319801651,1.2469564820238301,1.9040993617084587
2007-09-17,-0.005602657123741649,1.234367555283082,1.8892411674046654
2007-09-18,0.030988451355144924,1.3036071455794858,1.9736538422130243
2007-09-19,0.006420531922146005,1.3183975287937626,1.991844341153385
2007-09-20,-0.006799837412283825,1.3026328025409244,1.9723762803528184
2007-09-21,0.005113154038251603,1.3144065187538474,1.9860942422853292
2007-09-24,-0.006062870559614433,1.300374571608315,1.970396778231858
2007-09-25,-0.0005750471862011535,1.299051747683703,1.969444647499078
2007-09-26,0.004586868103087253,1.3095971948125,1.9860566219576286
2007-09-27,0.004432468514589731,1.3198344116598912,1.997820161987645
2007-09-28,-0.00393192724181541,1.3107129915401847,1.9888001531728658
2007-10-01,0.015225837675360746,1.3458955324637225,2.0285385359086225
2007-10-02,0.0012596850777449715,1.3488506220599152,2.0277745068143456
2007-10-03,-0.0031582829193943524,1.3414322872600546,2.014595157866231
2007-10-04,0.0022837713884577573,1.3467795833257106,2.0209841905925514
2007-10-05,0.009378497877772077,1.3687888506675296,2.0507378936715153
2007-10-08,-0.003952662318454732,1.3594258282371205,2.040928775543992
2007-10-09,0.007814994102249897,1.3778647271694897,2.0656086280845423
2007-10-10,-0.002782638137322122,1.371247990094275,2.060584937983062
2007-10-11,-0.0029009060833824437,1.3643692223746018,2.044962714584992
2007-10-12,0.003326207590987933,1.3722336052299622,2.0594575515773355
2007-10-15,-0.011620592474592229,1.3446668452490522,2.0338378025569166
2007-10-16,-0.008666369501503006,1.3243470960102006,2.013906063571032
2007-10-17,0.0007283894582746928,1.3260401259323062,2.019493446875375
2007-10-18,-0.002376670197735742,1.3205118956862654,2.0172885286445337
2007-10-19,-0.026796721761831163,1.2583297840725414,1.9400166814038617
2007-10-22,0.00418322886040772,1.267776894401592,1.9512416084494824
2007-10-23,0.008958807315599074,1.2880934706333034,1.9772244089250282
2007-10-24,-0.0035078990998880268,1.2800670696072092,1.9699958005927067
2007-10-25,-0.0029480419424674892,1.2733453362543683,1.9671394083943676
2007-10-26,0.015434955045486566,1.3084343193223211,2.0080305636106406
2007-10-29,0.004504454549682284,1.3188325567946348,2.0196313880769443
2007-10-30,-0.0064563433832909665,1.3038613775596142,2.0001881016385217
2007-10-31,0.011839778841478816,1.3311385867513446,2.03634337755304
2007-11-01,-0.03042540750763514,1.2602127452926624,1.9568415318630596
2007-11-02,-0.0005081033278816073,1.2590643236750587,1.9593471068591826
2007-11-05,-0.0068559590585927175,1.2435762711612153,1.9449149704130066
2007-11-06,0.01246263621528334,1.2715371460499392,1.9804441584348167
2007-11-07,-0.03212707245080365,1.1985593075841012,1.8944526532883246
2007-11-08,-0.002676734897340209,1.1926743471616188,1.8929117491342144
2007-11-09,-0.01041589402220472,1.1698356835363763,1.8516700825720487
2007-11-12,-0.009790206803761827,1.1485925434643733,1.8231942472096132
2007-11-13,0.03219793191418125,1.2177727798901565,1.9062917398300652
2007-11-14,-0.00516152873759638,1.2063256819532944,1.8864976361894268
2007-11-15,-0.01731066564188597,1.168132715775895,1.848500493499194
2007-11-16,0.002487326740321909,1.1735255702564107,1.8634587028205325
2007-11-19,-0.018971674817056024,1.1322901499309501,1.813522764427336
2007-11-20,0.0012554597625129569,1.134967154416191,1.8263136758455336
2007-11-21,-0.016366878092711465,1.1000244072679184,1.7814512821344288
2007-11-23,0.01843402252887619,1.138736304502685,1.8287314700770225
2007-11-26,-0.021637072178127756,1.0924603127121784,1.76301028686572
2007-11-27,0.011052694729361252,1.1155876377818896,1.804389894629455
2007-11-28,0.031212834750960396,1.1816211251211501,1.8853824840366107
2007-11-29,-0.0005008000927574443,1.180528569059328,1.8869610085184214
2007-11-30,0.01101357436606724,1.2045439826119972,1.909398628356752
2007-12-03,-0.006652293645191049,1.1898787086859235,1.8923605960405845
2007-12-04,-0.008612248926523096,1.1710189281278272,1.8734559225865581
2007-12-05,0.01871167794391056,1.211642335121089,1.918631513172178
2007-12-06,0.01828966975016911,1.2520925430359466,1.9628048125880841
2007-12-07,-0.0017013315312867637,1.248260986981104,1.9575682464859567
2007-12-10,0.008743916073090125,1.26791959236167,1.9798804652319522
2007-12-11,-0.02747434982632758,1.2056099761031431,1.9046128944743854
2007-12-12,0.0011003057369816452,1.2080368214133932,1.9225654371956322
2007-12-13,-0.0004250765234555258,1.2070982367976848,1.9262485590344158
2007-12-14,-0.013943104393074468,1.1763244356762441,1.886159359096443
2007-12-17,-0.015200036302534487,1.143244225247872,1.8428754898671484
2007-12-18,0.0067599827065654055,1.157732519146494,1.8607402518237608
2007-12-19,5.067592886463459e-06,1.157743453656459,1.8569442690018754
2007-12-20,0.0035731893108884127,1.1654534795007034,1.8716770622133332
2007-12-21,0.017365926398522094,1.2030585852451363,1.9200097017625746
2007-12-24,0.010246754917965402,1.2256327866380627,1.9436245625872428
2007-12-26,0.00013332130735032037,1.2259295109108588,1.946055202784288
2007-12-27,-0.014659770609824107,1.1932978948872677,1.904863390802733
2007-12-28,0.0007522927142452538,1.1949478969137606,1.9091105117007028
2007-12-31,-0.005190396160837647,1.1835552477763809,1.8892160871861958
2008-01-02,-0.013309368158846594,1.1544935070885436,1.8480995158600426
2008-01-03,-0.0006834011632619693,1.153021123719559,1.8480995158600426
2008-01-04,-0.023580127017050014,1.1022526121518599,1.778169137934794
2008-01-07,0.0033847294576920027,1.1093681684957204,1.7871515264218725
2008-01-08,-0.018238663069267524,1.0708961131814894,1.7369271655163052
2008-01-09,0.013024517923517324,1.0978685367253642,1.7744233155498423
2008-01-10,0.007935328936564928,1.11451581362995,1.796534892548101
2008-01-11,-0.011003890357936724,1.0912479134566428,1.758675691059437
2008-01-14,0.013379996007154112,1.1192288021886623,1.7886798904667485
2008-01-15,-0.02717094524197973,1.0616473524491679,1.719187804652028
2008-01-16,-0.006767494968275877,1.0476951643651087,1.704242135439923
2008-01-17,-0.03089594865908112,0.9844296796974357,1.6256673402642559
2008-01-18,-0.008727552867425117,0.9671104647561888,1.609857015227683
2008-01-22,-0.00964045185367332,0.9481466310298496,1.5809300417891636
2008-01-23,0.02538977966647369,0.9976096447496805,1.6363285741070133
2008-01-24,0.00939788167104073,1.0163829438159677,1.6629377683315898
2008-01-25,-0.01701600485713472,0.9820721618501516,1.6206809646341536
2008-01-28,0.018044239573991067,1.0178371467915142,1.6667334452971523
2008-01-29,0.006535105155298777,1.031023924732065,1.6832830250658573
2008-01-30,-0.006440870008539164,1.0179423636486327,1.6706799094298397
2008-01-31,0.016154654138954696,1.050541524605721,1.715917894705305
2008-02-01,0.012848539467636144,1.0768879883146445,1.7491543837316392
2008-02-04,-0.009746117731006304,1.056646393466417,1.7204405921500898
2008-02-05,-0.03384817405153803,0.9870326683778976,1.6336474375816206
2008-02-06,-0.007052778612922282,0.9730185668711839,1.6146302090008153
2008-02-07,0.007172009850211131,0.9871690754674334,1.6358899761401626
2008-02-08,-0.006199590564363325,0.9748494408173709,1.624852844876722
2008-02-11,-0.00013148120263947174,0.9745897852378602,1.6404374479470913
2008-02-12,0.008415422028888089,0.9912067916145684,1.6597430990402677
2008-02-13,0.012791765557329781,1.0166778420690648,1.6969508265614341
2008-02-14,-0.013567874907024487,0.9893158093801036,1.6608454052275272
2008-02-15,0.0006066430267294822,0.9905226139438268,1.6632384250968717
2008-02-19,0.00019346279157536874,0.9909077060054143,1.6610711271937308
2008-02-20,0.010145267269060933,1.0111059967908722,1.6834081203018703
2008-02-21,-0.011938278365431956,0.9870968535787934,1.6498082739640867
2008-02-22,0.007366136591258535,1.001734080422315,1.6709680260858888
2008-02-25,0.012001801135174158,1.0257584947810443,1.7079127171694735
2008-02-26,0.00742362373357469,1.0407969636213914,1.7266669093126974
2008-02-27,0.0015868669824906322,1.0440354369409293,1.7248128082840721
2008-02-28,-0.009040068224219128,1.0255572171382616,1.7007718896017865
2008-02-29,-0.02907892124842739,0.9666561983369144,1.627696696965828
2008-03-03,-0.001810873265094441,0.9630948332057139,1.6291498203553032
2008-03-04,-0.006104112233017824,0.9511118820197686,1.6201047313220567
2008-03-05,0.0042372030874673556,0.9593791393102569,1.6351381812987964
2008-03-06,-0.02240194711993351,0.9154852314435278,1.5775350366064282
2008-03-07,-0.00648434540363899,0.9030645635872787,1.555899524974559
2008-03-10,-0.01832168887031562,0.8681972067531096,1.51648672629439
2008-03-11,0.041841131405000835,0.9463646915713222,1.610007496538485
2008-03-12,-0.0090867112065814,0.9286786377163265,1.5872692199348726
2008-03-13,0.00484637081831458,0.9380257295840617,1.6006363646651667
2008-03-14,-0.021219271897491905,0.8969022346836824,1.546653947121737
2008-03-17,-0.011486276980762202,0.8751138902106788,1.5242164802115679
2008-03-18,0.045815242025726025,0.9610226869164817,1.6313296583676768
2008-03-19,-0.02257879772227223,0.9167451523398078,1.567462576185
2008-03-20,0.029706196593375717,0.9736843606546142,1.6289244042454216
2008-03-24,0.014452561876617549,1.0022091560018875,1.6692142459311308
2008-03-25,0.0014627064681226663,1.0051378002849063,1.6753778625475708
2008-03-26,-0.010303787988362631,0.9844772855033188,1.6520633526318615
2008-03-27,-0.011541626485581824,0.961573189904918,1.6222221746445857
2008-03-28,-0.009457037147727346,0.943022519380001,1.601488480380401
2008-03-31,0.006843595055429502,0.9563197786862183,1.6163463688278714
2008-04-01,0.04227501933018576,1.0390232351462028,1.7102552707455603
2008-04-02,-0.0006264859216944883,1.0377458157953758,1.7055573176278291
2008-04-03,0.0018912371443352027,1.0415996763729214,1.709102804121367
2008-04-04,0.0005097256823711248,1.0426403321610893,1.7112951822429752
2008-04-07,0.0032149516575624417,1.0492073220827742,1.7155548432501786
2008-04-08,-0.007412263462404303,1.0340180575224087,1.7026134505211785
2008-04-09,-0.007356475025666742,1.01905485448049,1.6809527057426812
2008-04-10,0.002883455454029328,1.0248767092126263,1.6930796030841475
2008-04-11,-0.01987888755740433,0.9846244127925816,1.6383830110270523
2008-04-14,-0.0054476527368249785,0.9738128681786624,1.629500637557519
2008-04-15,0.0059363031633136,0.9855300197518204,1.6416153006460745
2008-04-16,0.02468888969873563,1.0345505514030013,1.7018491155705786
2008-04-17,0.0030439089144961694,1.0407435379634102,1.7036157416908924
2008-04-18,0.020671089185790942,1.0829279296419783,1.7526747900067097
2008-04-21,-0.003042098037449885,1.0765914586750647,1.7484530551835298
2008-04-22,-0.008128676252817216,1.0597115189981294,1.7242992755181428
2008-04-23,-0.00010802258369684231,1.0594890236381773,1.73221667228934
2008-04-24,0.01014121939655248,1.0803747536716837,1.7498183978083706
2008-04-25,0.00832793580099619,1.097699981062275,1.767720780092683
2008-04-28,-0.0017133675169265052,1.0941058500544654,1.7649270884405115
2008-04-29,-0.006582594815638049,1.0803211997424995,1.7542533144885204
2008-04-30,-0.004828023702475509,1.0702773596813806,1.7437673363187094
2008-05-01,0.018040582984731046,1.1076263701901223,1.7913234066644406
2008-05-02,0.005202999929365679,1.118592350045351,1.8003559555884534
2008-05-05,-0.006117741269461246,1.1056313501923136,1.787915861372472
2008-05-06,0.00849842920841348,1.1235259091609389,1.8093383440755324
2008-05-07,-0.022006858933456292,1.0767937740364943,1.7596027415737496
2008-05-08,0.0010781786096667068,1.0790329286603497,1.7698504576681233
2008-05-09,-0.011530663006750163,1.0550603005800303,1.7517978999293313
2008-05-12,0.007569241706607884,1.0706155487167748,1.7822030769757933
2008-05-13,-0.0016342138296861972,1.0672317201510984,1.7817644790089426
2008-05-14,0.0036620911214515434,1.0748021110794466,1.7933903836937133
2008-05-15,0.011358991251819061,1.0983697701084538,1.8234823638656597
2008-05-16,2.4790334793183856e-05,1.0984217893975745,1.827090245049042
2008-05-19,0.000994394627306809,1.1005084487507748,1.8297212211375005
2008-05-20,-0.010553582006728478,1.0783405605810574,1.8034753842243734
2008-05-21,-0.018090535994070945,1.0407422658619283,1.7586631509502029
2008-05-22,0.0042025160539858825,1.0493185179962605,1.7664052920484536
2008-05-23,-0.014272516698879923,1.0200695852268349,1.729886658822486
2008-05-27,0.006928930016223791,1.0340665060107739,1.748590690528776
2008-05-28,0.001775137870280711,1.0376772544962631,1.760016259322133
2008-05-29,0.004933386859887067,1.047729904688286,1.7750747895173395
2008-05-30,0.0006644321304135598,1.0490904822313691,1.7793090644497527
2008-06-02,-0.010829601551616037,1.0268996487655948,1.7502068353382865
2008-06-03,-0.006105793025013875,1.0145238190277586,1.7343965103017136
2008-06-04,-0.0005411349746832549,1.0134336897319502,1.7348476483777975
2008-06-05,0.01993521039500006,1.0535719139531379,1.7883792337014657
2008-06-06,-0.03336693045266097,0.9850505227207258,1.7025632900842433
2008-06-09,-0.0006619956963734457,0.9837364278176008,1.7048058286427854
2008-06-10,-0.000282130213435933,0.98317675583582,1.698216154168728
2008-06-11,-0.018163834985350562,0.9471546604960353,1.6532035850031437
2008-06-12,0.005340432183834296,0.9575533079118514,1.6620981927255878
2008-06-13,0.015520033092344693,0.9879346000306721,1.7022124728820271
2008-06-16,0.002301949600065687,0.9925107252881693,1.7024378889919078
2008-06-17,-0.008942537319960857,0.9746926237668576,1.6841599151432352
2008-06-18,-0.008921624589293554,0.9570751574983625,1.6581394943399892
2008-06-19,0.004471287307246083,0.9658258028094115,1.6688132682919803
2008-06-20,-0.019764079681054793,0.926973065003613,1.6193532423370125
2008-06-23,-0.0037915450558238667,0.9196668598062927,1.6195034177914924
2008-06-24,-0.002003329684955802,0.9158211342008169,1.6121622543323921
2008-06-25,0.0050624349229636545,0.9255198540167466,1.6275590616205813
2008-06-26,-0.02998192439163626,0.867789063339022,1.5511764916383601
2008-06-27,-0.004754327008903177,0.8589089833482553,1.5417680452936642
2008-06-30,-0.0017321541991355805,0.8556890663469379,1.5450001819845252
2008-07-01,0.0061094043085414594,0.867026221124191,1.5552605911162938
2008-07-02,-0.018536870274551608,0.8324173982640255,1.5088823734695458
2008-07-03,-0.0006997422212606814,0.8311351784434875,1.5116760651217174
2008-07-07,-0.010569556259574998,0.8117808921560421,1.4906542542014845
2008-07-08,0.02068895958058854,0.8492647538027411,1.5341760796498929
2008-07-09,-0.023983488713391232,0.804912933451841,1.4767232633401655
2008-07-10,0.0047664317659405885,0.813515927792603,1.4940243320939137
2008-07-11,-0.010572602744611909,0.7943423443170254,1.4665631750822645
2008-07-14,-0.010788285163058787,0.7749844674263819,1.4442885766639697
2008-07-15,-0.01408051353699697,0.7499917746048252,1.4176919225486269
2008-07-16,0.03247202272776075,0.8068175472831876,1.4786024445872576
2008-07-17,0.017757754558040875,0.838902569819004,1.50845646854009
2008-07-18,0.002653737732753022,0.8437825349553894,1.5091830302348277
2008-07-21,0.002830193484952199,0.8490007962734887,1.5079051625182993
2008-07-22,0.016807176439990718,0.8800772788941404,1.541793125512131
2008-07-23,0.002897694768455014,0.885525168989483,1.552116082261906
2008-07-24,-0.028051422721774806,0.832633505421613,1.4931598291976074
2008-07-25,0.002832499975072237,0.8378244397800361,1.5035831068212504
2008-07-28,-0.023339070035671365,0.7949313264667413,1.4570044003549274
2008-07-29,0.026633808117583545,0.8427371830000963,1.514607545047296
2008-07-30,0.018149008117812705,0.8761810350933601,1.5567013273246961
2008-07-31,-0.014283279964606276,0.8493830161048368,1.5236026265717695
2008-08-01,-0.003560705598340473,0.8427979076459167,1.509533847437043
2008-08-04,-0.010205821929576017,0.8239906403482873,1.4870713003084068
2008-08-05,0.03094725333078825,0.8804381407681323,1.558743224135502
2008-08-06,0.0035767561117902085,0.8871640093809683,1.5685024876824136
2008-08-07,-0.023626018969733292,0.8425778366963357,1.5226881161666905
2008-08-08,0.0233556265628886,0.8856123965632705,1.5829597043470565
2008-08-11,0.007909014569513284,0.9005257324801443,1.6015261007081003
2008-08-12,-0.015661681898519367,0.8707603030180899,1.570293888164871
2008-08-13,-0.005024531026252865,0.8613606098328932,1.5636416660728076
2008-08-14,0.005992888966854195,0.8725155372948976,1.5778858538086422
2008-08-15,0.0036411373682092036,0.8793336235902944,1.5887101090714357
2008-08-18,-0.016880113939113553,0.8476102578944831,1.5497984559761235
2008-08-19,-0.009483924365386923,0.8300876619518989,1.5262710700597673
2008-08-20,0.008857013463348684,0.8462967730129154,1.5420937822774121
2008-08-21,0.0007759407856301626,0.8477293899814737,1.548608216096068
2008-08-22,0.012295526043790719,0.8704481948178684,1.5777855329347736
2008-08-25,-0.020163632974552405,0.8327331639196469,1.5272106606833131
2008-08-26,0.005127396880414416,0.8421303142269605,1.5365438663726079
2008-08-27,0.008573881793131531,0.8579245217886868,1.557239940309092
2008-08-28,0.016408908166904063,0.8884110346477565,1.5956004403107742
2008-08-29,-0.012937835012558114,0.8639790842455897,1.5601088726166643
2008-09-02,-0.0022184660601297923,0.8598439099103992,1.5497232153207214
2008-09-03,0.0002882079482769489,0.8603799317077896,1.5458270645531291
2008-09-04,-0.03065141163947683,0.8033566606151923,1.469707683936651
2008-09-05,0.0079431779698194,0.8176810435135178,1.480744815200091
2008-09-08,0.02336229183315964,0.8601462385116829,1.5320464020744504
2008-09-09,-0.038794042349051365,0.7879836465594321,1.4456166048174306
2008-09-10,0.005101359912322981,0.7971047946578795,1.4607878430675774
2008-09-11,0.01443330351131498,0.8230429536008159,1.495552696138788
2008-09-12,-0.0032805619021144283,0.8170623483413149,1.5008895831147835
2008-09-15,-0.05848615285018611,0.7107893620979067,1.383014850242049
2008-09-16,0.018705156679584924,0.742789945161715,1.424757662389072
2008-09-17,-0.05007847795366082,0.6555136773150723,1.3105285839555818
2008-09-18,0.04763733079627616,0.7343779299990898,1.4114279850583165
2008-09-19,0.05140864252874481,0.8235399450121574,1.508481395830393
2008-09-22,-0.03666027158670655,0.7566884753788037,1.4126933126656116
2008-09-23,-0.01467304566748178,0.7309125051560317,1.3750095197780556
2008-09-24,-0.005771590157228246,0.7209223875782498,1.3703366468787914
2008-09-25,0.02017146415531901,0.7556359118333704,1.4169277405261864
2008-09-26,0.006935389010790926,0.7678119298432493,1.4251335598097548
2008-09-29,-0.08876695660051913,0.6108886449889737,1.2120719043746413
2008-09-30,0.060400174768765635,0.7081866006793278,1.3319886869863424
2008-10-01,0.006802698217838339,0.7198068786235046,1.3217409708919687
2008-10-02,-0.03681399380055043,0.6564939188557148,1.2285837108874844
2008-10-03,-0.023898336687233363,0.6169064694625463,1.1985293510432387
2008-10-06,-0.03777552610445205,0.5558269769169066,1.1138784141594433
2008-10-07,-0.06568986020589485,0.45362492029867507,0.9925710557762728
2008-10-08,-0.013062876385697177,0.4346363976536447,0.9710606393804164
2008-10-09,-0.07685068057553984,0.3243836141155214,0.8209517086510616
2008-10-10,-0.004207185504909314,0.3188116865712751,0.7997044816209478
2008-10-13,0.11154068130702591,0.4659128406071029,1.0081307315563364
2008-10-14,0.006607006421871783,0.47559813615889834,0.9974569576043453
2008-10-15,-0.08997767845938319,0.3428272415283278,0.8171682659384094
2008-10-16,0.03856786759290076,0.3946172247797324,0.8944777335067817
2008-10-17,-0.011487923386614696,0.37859596894780956,0.8827391207670707
2008-10-20,0.044903674586371914,0.4404999937235261,0.9725139156980529
2008-10-21,-0.03079755002277261,0.39613612310902213,0.9117788022605304
2008-10-22,-0.05674479829822476,0.31691266040633526,0.7955200612691455
2008-10-23,0.009853076281213305,0.32988830130501423,0.8182581849445967
2008-10-24,-0.03620799195147493,0.2817357163950016,0.7555186420958078
2008-10-27,-0.03145971635972465,0.2414126743090863,0.6997570583228312
2008-10-28,0.10684629550179355,0.37405301974798655,0.8831400984062205
2008-10-29,-0.013404665408468469,0.35563429876476893,0.8625567325246768
2008-10-30,0.02660330964185,0.3916986577759205,0.9109644598011581
2008-10-31,0.015337066485478612,0.41304323261798115,0.9403298782783669
2008-11-03,-0.001745169732861868,0.410577232337191,0.9354439764502942
2008-11-04,0.040291862946371826,0.46741201685779354,1.0144822968831182
2008-11-05,-0.05683203219623557,0.3840160098705885,0.9095111834835217
2008-11-06,-0.050968940404821236,0.31347418034417607,0.8140488373024892
2008-11-07,0.028798680890391958,0.351300504121677,0.8670418096417611
2008-11-10,-0.016143164927629537,0.3294862372168519,0.8436522119988121
2008-11-11,-0.019987897315306303,0.30291260282524846,0.8030367862575156
2008-11-12,-0.05290630702087612,0.23398030863880703,0.7102428835644807
2008-11-13,0.06454435880608322,0.31362677643923154,0.8288441781319531
2008-11-14,-0.040117603434128735,0.2609272183615896,0.7529002061165828
2008-11-17,-0.027190482629237154,0.22664199873399649,0.7077247684591239
2008-11-18,0.006068808241066959,0.23408625380475212,0.7248628157928367
2008-11-19,-0.06476423020918906,0.15416160756534536,0.6195535782284192
2008-11-20,-0.06666160656036665,0.077223340574744,0.5109118830992725
2008-11-21,0.059350926088205636,0.14115754344168563,0.6068126743189941
2008-11-24,0.07044916512985441,0.22155113965878792,0.7108441970950441
2008-11-25,0.007524999128740614,0.23074331092043243,0.7223197733971738
2008-11-26,0.03610531810424368,0.2751796896658847,0.7838441490756014
2008-11-28,0.012329303222625454,0.29090176672310886,0.8011075975016495
2008-12-01,-0.09272220528093521,0.17120650811148685,0.6403874404383101
2008-12-02,0.03973336107513362,0.217742479191827,0.7060335359223722
2008-12-03,0.02799856043742438,0.2518375155926984,0.7510461050879567
2008-12-04,-0.029055150375442738,0.21546518833153194,0.6997946786505311
2008-12-05,0.036671574553363846,0.26003821060245014,0.7618702074225887
2008-12-08,0.04064727408573347,0.31125532910730525,0.8298213890831991
2008-12-09,-0.0233035651526045,0.2806984051137533,0.7875774313513193
2008-12-10,0.010752334803762868,0.2944689031481815,0.8090251472010082
2008-12-11,-0.03195624329462779,0.2531025399418483,0.7579113561088286
2008-12-12,0.007130989183117574,0.26203840059951067,0.7702763625975704
2008-12-15,-0.01367894511993718,0.2447750465784566,0.7479015962335689
2008-12-16,0.051871331530985054,0.30934318570102515,0.8376763911645513
2008-12-17,-0.011534135935982601,0.2942410434102969,0.8201499063009217
2008-12-18,-0.020136061742533566,0.26818012585046613,0.781701778462766
2008-12-19,0.0007782184901314608,0.26916704707322014,0.7869635777115218
2008-12-22,-0.016856663240424955,0.2477731255648623,0.7544287230896196
2008-12-23,-0.01042573925237509,0.23476416831160196,0.737716427757201
2008-12-24,0.0077375612602540444,0.2443182317058794,0.7485906905287671
2008-12-26,0.0045442972483684604,0.24997278362231512,0.7579364363272953
2008-12-29,-0.004204137236184357,0.24471772649847146,0.7517101191646878
2008-12-30,0.02241928804359044,0.2726234117418038,0.7948060396836405
2008-12-31,0.015215901820851611,0.2919875246297843,0.8202751544650957
2009-01-02,0.030454872491164877,0.33133483995255997,0.8781414885232066
2009-01-05,-0.005344874149246101,0.3242190227825068,0.8694219835455479
2009-01-06,0.007918257733457008,0.33470453030044545,0.8840295285928319
2009-01-07,-0.030775103118478427,0.29362886074774885,0.8285435213666703
2009-01-08,0.0020846628192526155,0.2963256407356618,0.8348325390754454
2009-01-09,-0.021722779000206208,0.26816584532966026,0.7957581704164203
2009-01-12,-0.025799933667227118,0.23544725064111205,0.7552429126208307
2009-01-13,0.003391419727033218,0.23963717081864533,0.7584501220213862
2009-01-14,-0.037484565939327065,0.19316990954825308,0.699769598432064
2009-01-15,-0.004057074684698422,0.1883291301136809,0.7020872247178458
2009-01-16,0.006063099841078398,0.19553408827362206,0.7149659169006781
2009-01-20,-0.05503935749518607,0.1297326601914488,0.6244018597287906
2009-01-21,0.04646173938274219,0.182222004621436,0.695434849697621
2009-01-22,-0.018989094166206,0.15977267965031872,0.6697652460965908
2009-01-23,0.008289974675987232,0.16938716579452162,0.6787603276210643
2009-01-26,0.005125631475226789,0.1753810134582443,0.688093533310359
2009-01-27,0.011471252765744257,0.18886410615968052,0.7065221413979954
2009-01-28,0.03584631923379624,0.23148050843468226,0.7640124251072622
2009-01-29,-0.033860331084974035,0.18978217069439185,0.7057203390478568
2009-01-30,-0.02063807100467985,0.1652273617754989,0.6668463062802454
2009-02-02,-0.00039352016771272604,0.16476882130866954,0.6659694162028669
2009-02-03,0.012993662614619523,0.17990343439678225,0.6923781216078682
2009-02-04,-0.005953667567294124,0.17287868158687525,0.6809527057426725
2009-02-05,0.017856491056322768,0.19382217927478296,0.7085765783180349
2009-02-06,0.02854831959405317,0.2279037963871886,0.7552305254397589
2009-02-09,0.0012913989713994566,0.2294895100868204,0.7578988159995952
2009-02-10,-0.050669831263564245,0.16719148407039897,0.6715944198349109
2009-02-11,0.009663074914321324,0.17847014282032925,0.6856255786419367
2009-02-12,0.001134979911840476,0.17980768275913417,0.6889454960974324
2009-02-13,-0.010835206142458184,0.16702422330798306,0.672258280983481
2009-02-17,-0.04448698986586338,0.11510682851246368,0.5963770095142784
2009-02-18,-0.0007637645306695953,0.11425514946893833,0.5951618423439173
2009-02-19,-0.012436322060539507,0.10039791357252814,0.5770338910215627
2009-02-20,-0.012037629408553675,0.08715173128699627,0.5593696178845258
2009-02-23,-0.03218194334319531,0.05216507586526142,0.5052994195764615
2009-02-24,0.04222114795311441,0.09658869320446861,0.5656837158117678
2009-02-25,-0.009272019661440919,0.08642110128056313,0.5493723981184995
2009-02-26,-0.013251777584134315,0.07202409048368286,0.5252562387808128
2009-02-27,-0.026276271071855192,0.04385529488657469,0.4893638463757146
2009-03-02,-0.04541804937799705,-0.003554576440067514,0.4199470012163953
2009-03-03,-0.004867895598580868,-0.008405168731640988,0.41086429185544837
2009-03-04,0.022583288644603006,0.013988303561388582,0.44490243030375987
2009-03-05,-0.04034738060407918,-0.02692346845048732,0.38355346322644013
2009-03-06,-0.0007621899060287731,-0.027665137560627828,0.3855829728561735
2009-03-09,-0.01012339428332385,-0.03750846674852304,0.3718524708144295
2009-03-10,0.0624502274330897,0.022599348405454966,0.4592844063130015
2009-03-11,0.0056624918848468915,0.028389808917250514,0.4633434255724682
2009-03-12,0.03908656132670829,0.06858603025125665,0.5232267291510793
2009-03-13,0.007491097814730894,0.07659091272732388,0.5350655098364971
2009-03-16,-0.0010804486928374887,0.07542771148294691,0.5296911554609625
2009-03-17,0.03164458399142665,0.10945917402567673,0.5788756048691153
2009-03-18,0.02522139150929581,0.1374412782173582,0.6118614446389401
2009-03-19,-0.01396714209529174,0.1215544742594461,0.5909524947018088
2009-03-20,-0.019562360216072203,0.09961422163203548,0.559545026485633
2009-03-23,0.07258443387755083,0.17942909739290047,0.6702287713537467
2009-03-24,-0.020223639341322135,0.1555767486985653,0.6361780927962017
2009-03-25,0.007258479686750754,0.1639644790554753,0.6519381044676789
2009-03-26,0.02053774763764979,0.18786968778550528,0.6904738601423079
2009-03-27,-0.021120103133676307,0.1627817574701076,0.6564230286566017
2009-03-30,-0.03546203107654521,0.12154715465146282,0.5988324240734668
2009-03-31,0.015628022714576747,0.13907471905982471,0.6198291547752328
2009-04-01,0.017378841176644587,0.1588705176906966,0.6469520346938995
2009-04-02,0.026625689625374427,0.18972624441072616,0.6943574708006668
2009-04-03,0.01057408143259609,0.20230650660162186,0.7108818174227438
2009-04-06,-0.009230108597451048,0.19120908697826677,0.6967252575233827
2009-04-07,-0.02199212056617625,0.16501187311791599,0.6573251518806087
2009-04-08,0.010330973822027967,0.17704758028144907,0.6768936864832051
2009-04-09,0.039466769737970156,0.22350184610305202,0.7407356884474146
2009-04-13,0.006438696142765645,0.2313796027202224,0.7452958532917382
2009-04-14,-0.020520529870213657,0.20611104080103027,0.7103054311824857
2009-04-15,0.012710557752694612,0.2214413848412944,0.7318033074691086
2009-04-16,0.013442869551126032,0.23786106204206248,0.7587758590051343
2009-04-17,0.0030482056726344542,0.2416343171533124,0.7674952110546316
2009-04-20,-0.045755723946461935,0.18482244009519166,0.691914596350711
2009-04-21,0.022582120947869152,0.21157824373917067,0.7278695363738152
2009-04-22,-0.008441920857955742,0.20135019609230365,0.7149659169006772
2009-04-23,0.010436994668115183,0.21388868168345798,0.7320037962886832
2009-04-24,0.01700363950452655,0.23452920722542858,0.7610934852909157
2009-04-27,-0.01101347434818666,0.22093275146956404,0.7433539714984776
2009-04-28,-0.004669484416335096,0.21523162501318382,0.738643478271513
2009-04-29,0.022697140941221744,0.24281390848233797,0.776440132142171
2009-04-30,-0.0004942744887714368,0.2421996172730847,0.7748616076603605
2009-05-01,0.0035022223411991277,0.24655007652492755,0.7844830829338649
2009-05-04,0.035134791777812466,0.29034735390424693,0.8449049994968718
2009-05-05,-0.0023874489436681223,0.2872667154772033,0.8381524565309402
2009-05-06,0.021486735887750207,0.3149258754097537,0.8708001721359442
2009-05-07,-0.013018652805562393,0.297807311972744,0.8461828672134006
2009-05-08,0.024978532958711754,0.3302246346889124,0.8906317431761219
2009-05-11,-0.021367926393505408,0.3018004926080522,0.8506176309653892
2009-05-12,-0.0014044050660065835,0.29997223740130363,0.8489013182101712
2009-05-13,-0.028235903330121794,0.26326634697419826,0.7999298977308269
2009-05-14,0.011294395442595109,0.27753417664624735,0.8180076886162473
2009-05-15,-0.01326270998915357,0.26059061136015615,0.7983513732490162
2009-05-18,0.031332311512282066,0.3000878290847506,0.8531733663984462
2009-05-19,-0.0013692190702199933,0.29830772403620687,0.85029189398164
2009-05-20,-0.0049601254636776,0.29186795483452554,0.8409336080738783
2009-05-21,-0.014774677393445247,0.2727810225669154,0.8106287519012847
2009-05-22,-0.0015896920358785596,0.2707576927119233,0.8079477683040535
2009-05-26,0.02614657760647828,0.3039836573434447,0.8555035327934617
2009-05-27,-0.01841435593831646,0.27997163813937487,0.8206510518857779
2009-05-28,0.01584849636194722,0.3002572639898222,0.8490391064835787
2009-05-29,0.0134169659237145,0.31770277139283576,0.874132476772512
2009-06-01,0.024513872888004475,0.3500047696349311,0.9225903644859272
2009-06-02,0.0005111592203207454,0.35069483702040705,0.9263987344888849
2009-06-03,-0.012834963463542601,0.33335871813685447,0.9003283061768661
2009-06-04,0.013128254634886595,0.35086339090820107,0.9225151238305263
2009-06-05,-0.0033930536083327523,0.34627983900531545,0.9177797033132558
2009-06-08,-0.0011612494279012102,0.3447164723124756,0.9162511863402178
2009-06-09,0.0033803029489925702,0.3492620213693922,0.9230664298523172
2009-06-10,-0.00377062487094383,0.34417446043419675,0.9164642152690265
2009-06-11,0.006761661431879607,0.3532633130410321,0.9286663532658941
2009-06-12,0.0015529533086521942,0.3553648677804968,0.9314224245903653
2009-06-15,-0.023190257742336226,0.3239336071617598,0.8855204252381688
2009-06-16,-0.012935195474184483,0.30680826715828013,0.8615420541738896
2009-06-17,-0.002515869330095112,0.3035205083186219,0.8590113989592993
2009-06-18,0.008794488659227656,0.3149843046461007,0.8749091989041842
2009-06-19,0.0036299593522909164,0.3197576442208665,0.8807472314650366
2009-06-22,-0.030766835185608375,0.2791528782961763,0.8234823638656508
2009-06-23,0.0027715617320055947,0.28269812946304684,0.8277167917262254
2009-06-24,0.007548332925800875,0.2923803619875358,0.8396933606850505
2009-06-25,0.02015445652205026,0.3184275858031651,0.8791561668739922
2009-06-26,-0.0014621693342758955,0.31649982141774036,0.8767758400420429
2009-06-29,0.008017888901987912,0.32705537072535473,0.893838799648516
2009-06-30,-0.008408879052087866,0.31589632261750156,0.8778532189389967
2009-07-01,0.004482349521547911,0.3217946298695926,0.8862469869329064
2009-07-02,-0.02769154793119604,0.2851920905213614,0.8313248258377692
2009-07-06,0.00048776276955049915,0.2858189593748386,0.8360602463550395
2009-07-07,-0.019672803229585,0.2605232959981876,0.7999298977308271
2009-07-08,-0.0019874705841574814,0.258018043026746,0.7980005560468004
2009-07-09,0.003463118189907516,0.2623747081947836,0.8043898946294439
2009-07-10,-0.003925802160099769,0.2574188748384971,0.7971236659694219
2009-07-13,0.02598649946570481,0.2900947897576549,0.8421363880631678
2009-07-14,0.00553285982245551,0.2972327033870643,0.8519205789003852
2009-07-15,0.02960847594138884,0.3356417866756829,0.9068552801047556
2009-07-16,0.007967503460078684,0.3462835172324472,0.9234047069452997
2009-07-17,-0.0011465109895385287,0.3447399883849056,0.9226654522131672
2009-07-20,0.00996797650231705,0.35814432499085247,0.9446519339754136
2009-07-21,0.0031696490509707494,0.3624491658616411,0.951730213925094
2009-07-22,-0.0005448959832165718,0.36170677278382635,0.951053659739129
2009-07-23,0.022310762303930767,0.39208748891905887,0.9965048268715639
2009-07-24,0.0015017328475699322,0.39417803242785987,1.0025808156515303
2009-07-27,0.0024474395324514966,0.39759019885969904,1.0085440963765566
2009-07-28,-0.0027178698449455054,0.39379173060262684,1.0033199174555012
2009-07-29,-0.003431226585742761,0.38900931536159455,0.9944376969141293
2009-07-30,0.011663203262260046,0.4052096133398295,1.0184160679784084
2009-07-31,0.0015703555685541242,0.40741629208112373,1.0198818844052786
2009-08-03,0.015077671001720135,0.42863685189558387,1.050888374982304
2009-08-04,0.003135412780891517,0.4331162181402699,1.0571146921449115
2009-08-05,-0.00011152489998019085,0.43295638999738184,1.0518279656058502
2009-08-06,-0.005870524582940128,0.42454418428362106,1.0405652653043678
2009-08-07,0.012361139808581053,0.44215317410905186,1.0680138822067833
2009-08-10,-0.0023731442233648095,0.43873073663470774,1.061161171295145
2009-08-11,-0.013165608861089929,0.4197889704997473,1.0356669762952229
2009-08-12,0.012244344222248668,0.43717335537749813,1.059870763469383
2009-08-13,0.006809543668046737,0.44695985009949424,1.0741901918606187
2009-08-14,-0.007794287156108826,0.43568182952445844,1.056500838505115
2009-08-17,-0.023922067764347184,0.4013373515105325,1.007040812550147
2009-08-18,0.009981743301120925,0.41532514123158326,1.0277618137769369
2009-08-19,0.007000375367972013,0.42523294848793225,1.0419434538947647
2009-08-20,0.011882394432795058,0.44216812854048126,1.0644058480952396
2009-08-21,0.018558115999604934,0.4689320519608686,1.103229720425917
2009-08-24,-0.00022612236752539468,0.4685998935675453,1.1021021810920293
2009-08-25,0.002142620901185817,0.47174654639498237,1.1070884037939699
2009-08-26,-0.00046822957776503397,0.47105743113098675,1.1075519290511262
2009-08-27,0.004037668208964779,0.47699707295422566,1.11365299804956
2009-08-28,-0.0007130880509808924,0.4759438439901682,1.1097568472819677
2009-08-31,-0.008659431999808643,0.46316300863759907,1.0928065957304351
2009-09-01,-0.0230119478555788,0.42949277777861883,1.046591246575562
2009-09-02,-0.0027251152916875567,0.42559724515053743,1.0403649294129544
2009-09-03,0.009730508348297787,0.43946903104578494,1.0579290346042844
2009-09-04,0.012068658543500978,0.45684149126542084,1.0850643017040236
2009-09-08,0.009189756006248441,0.4702295091099291,1.1038310339564812
2009-09-09,0.006881651229018456,0.48034711581823464,1.1203177602508574
2009-09-10,0.009550266534799495,0.4944848253383205,1.142442030286511
2009-09-11,-0.000649042428823214,0.4935148412774435,1.139986615727322
2009-09-14,0.005539905482259577,0.5017887723344725,1.1535918696048921
2009-09-15,0.002349792669598656,0.5053176645829895,1.1603693398611297
2009-09-16,0.015647068175231267,0.5288714727060995,1.1935182010509902
2009-09-17,-0.0031950053842992165,0.5239867201189021,1.1871164752872745
2009-09-18,0.0012122099244071254,0.5258341119456951,1.1929168875204264
2009-09-21,-0.0029043443952758642,0.5214025641945448,1.1854501700408293
2009-09-22,0.007818348095835731,0.533297419035315,1.1998823064870052
2009-09-23,-0.009739164634676074,0.5183643830374063,1.177745496342118
2009-09-24,-0.009340738458242763,0.5041817384511427,1.15732515188061
2009-09-25,-0.006301544908721623,0.4947030696754138,1.1441834232601962
2009-09-28,0.017343970050043376,0.520627154949572,1.1827566463343646
2009-09-29,-0.002667692616795461,0.5165705891154144,1.1779459851616934
2009-09-30,-0.003176636591547042,0.5117529954883664,1.1709053255397133
2009-10-01,-0.025740498218797273,0.4728397202007366,1.1150059534933292
2009-10-02,-0.003344834825301275,0.4679133146125223,1.1055598868209326
2009-10-05,0.013598351886013821,0.48787451640278845,1.1369171946001742
2009-10-06,0.013175490485130645,0.5074779929367217,1.1662449927496827
2009-10-07,0.00491113813320147,0.5148814255927951,1.1732605721531955
2009-10-08,0.007705065501121632,0.5265536862034204,1.1894966491910628
2009-10-09,0.005017119120001524,0.5342125878901802,1.201899276007505
2009-10-12,0.0050574603097375765,0.5419718071601345,1.2115583716087102
2009-10-13,-0.0024847953488060792,0.5381403227857129,1.2055449304467496
2009-10-14,0.01660678372466961,0.5636838864644085,1.2443311824497263
2009-10-15,0.0038834967795797273,0.5697564478017738,1.2536520009579486
2009-10-16,-0.00761895667924694,0.5577965414290036,1.2354113415806536
2009-10-19,0.009137953781915911,0.5720316142262101,1.2564206123916528
2009-10-20,-0.006163601671893926,0.5623422375404954,1.2424019936938606
2009-10-21,-0.00776831808979603,0.5502054660741571,1.2228583863815699
2009-10-22,0.01028873147632771,0.5661551138477297,1.2466738889539744
2009-10-23,-0.008776183271286908,0.5524102495373386,1.2193130528161933
2009-10-26,-0.010880304458723136,0.5355195533775301,1.1933177122314143
2009-10-27,-0.0034322592147460656,0.5302492522410271,1.1860514835713922
2009-10-28,-0.01857857127300115,0.5018194074428106,1.1436321172384045
2009-10-29,0.020930677097147,0.5332535045182245,1.1920774648425865
2009-10-30,-0.027495444175638845,0.49109601837764094,1.130578169382626
2009-11-02,0.005835955555069921,0.49979798846923473,1.144333751642837
2009-11-03,0.002423443963988519,0.5034326648515925,1.1495453904546586
2009-11-04,0.0015453316958902205,0.5057559670012244,1.1525519581074772
2009-11-05,0.018154775864017904,0.5330926290880391,1.194194602308793
2009-11-06,0.0024910930248645685,0.5369117054428314,1.1999824744327112
2009-11-09,0.022323229470733313,0.571220538119688,1.249455193425074
2009-11-10,0.0007465837983502764,0.5723935859170832,1.2498810983545297
2009-11-11,0.004840077446048111,0.5800040926485914,1.2611938061647852
2009-11-12,-0.009604515872343301,0.5648289182623807,1.2383053541066933
2009-11-13,0.0065605280403969995,0.5750950222590652,1.2511715061802922
2009-11-16,0.014093601337393522,0.5972937835712975,1.2841949662778176
2009-11-17,0.001165679029256017,0.5991557154383675,1.2865627530005335
2009-11-18,0.0003884890092616918,0.5997769698579132,1.2858485784868678
2009-11-19,-0.013068851641637898,0.5788697219791312,1.2551678248935914
2009-11-20,-0.002679229629015592,0.5746395674396492,1.248315113981953
2009-11-23,0.013399494218410735,0.5957389412196377,1.2790334879029301
2009-11-24,-0.00017564904753451262,0.5954586511944986,1.2779561090059763
2009-11-25,0.004855128706814914,0.603204808292449,1.2885170219748656
2009-11-27,-0.017274640058700077,0.5755100222888199,1.2496304490980208
2009-11-30,0.004845246694841918,0.583143757017005,1.2583750342941467
2009-12-01,0.012179841928220254,0.6024261977271208,1.2857609506503946
2009-12-02,0.0014530275956909473,0.6047545672124766,1.2868383295473484
2009-12-03,-0.0077556050052691936,0.5923087246587748,1.2677082399834414
2009-12-04,0.003971627631847151,0.5986327819880608,1.2802110347455908
2009-12-07,-0.0025768331200799735,0.5945133720885885,1.274686199059254
2009-12-08,-0.009750366438246762,0.5789662824200401,1.2516475715466826
2009-12-09,0.0035776524640838674,0.5846152750310454,1.2601538946673716
2009-12-10,0.006043701324905854,0.5941922164682167,1.2735713527627617
2009-12-11,0.0033370449827939625,0.599512107605791,1.2819524277192764
2009-12-14,0.006511074496227068,0.6099266500960296,1.2983013657402456
2009-12-15,-0.005345033985391727,0.6013215374372785,1.2855479217215873
2009-12-16,0.0013411598913061354,0.6034691656563742,1.2881536646634175
2009-12-17,-0.011863570441060095,0.5844462962595418,1.2612312735643258
2009-12-18,0.006606065815134107,0.5949132527731777,1.274247754020566
2009-12-21,0.00981000372169018,0.6105593577186557,1.298351373249019
2009-12-22,0.003446644052180539,0.6161103825496204,1.306594812860288
2009-12-23,0.00321339275700759,0.62130357994743,1.3123952250934399
2009-12-24,0.005300400329599341,0.629897137976964,1.3245472026533736
2009-12-28,0.001604252883814028,0.6325119051608838,1.3275413831251202
2009-12-29,-0.0009625270587013241,0.6309405682785143,1.324684990926781
2009-12-30,-0.00016643339647753134,0.6306691253002827,1.3253490050035124
2009-12-31,-0.009761463317323535,0.614751408450972,1.3019970276882642
2010-01-04,0.015095667182201159,0.6391271582949383,1.3390294995364838
2010-01-05,0.0036093959722824777,0.645043417258147,1.3463457357052784
2010-01-06,0.000996310776648186,0.6466823917428155,1.348638281772593
2010-01-07,0.002824525040867514,0.6513334873926488,1.3581719762814628
2010-01-08,0.002923855585994549,0.6561617480341015,1.3649746796843285
2010-01-11,0.0015451838389584568,0.658720822401865,1.3690963994899628
2010-01-12,-0.010347506942946408,0.641557197175652,1.3468718085804405
2010-01-13,0.008481369811825422,0.6554798508321622,1.366640832002612
2010-01-14,0.0022182560349428442,0.659152129001997,1.3724287041265306
2010-01-15,-0.010804389213517857,0.6412260036358226,1.3468468812901353
2010-01-19,0.012291362250032679,0.661398906980684,1.3761870666207154
2010-01-20,-0.010911947278147045,0.6432698096997398,1.3513568856975247
2010-01-21,-0.019150707760749695,0.6118000298021173,1.306870389407103
2010-01-22,-0.022898611458938962,0.5748920471701724,1.2557816785333906
2010-01-25,0.0042515030779768795,0.5815877055561975,1.2662049561570337
2010-01-26,-0.004630888313446104,0.5742635495338473,1.2566961889384696
2010-01-27,0.005140806576807109,0.5823565339429184,1.26780840792915
2010-01-28,-0.010733926520104955,0.565371635178967,1.2411992137045735
2010-01-29,-0.00997410577703367,0.5497584529093238,1.2191878046520213
2010-02-01,0.013953557419102999,0.5713830964677342,1.2508457691965447
2010-02-02,0.011861967124791985,0.5900227910984883,1.280060706362951
2010-02-03,-0.0045873654517771065,0.5827287754790649,1.2683471738417067
2010-02-04,-0.031747205509808404,0.5324815597776436,1.197765169020799
2010-02-05,0.0038016877592647737,0.5383075761647493,1.2041292744568142
2010-02-08,-0.008364606303017932,0.5254402389171815,1.185324921876656
2010-02-09,0.0125981111034468,0.5446579045287285,1.2139010781129596
2010-02-10,-0.001714723270341977,0.5420092436751156,1.209528709050816
2010-02-11,0.009764071776211719,0.5570655326099414,1.231227074157014
2010-02-12,-0.002483431036455344,0.553198667740463,1.2255769903065028
2010-02-16,0.01846386674707028,0.58187672097335,1.2659417667912902
2010-02-17,0.003549457341746635,0.5874915249143471,1.2759389865573159
2010-02-18,0.006680275364616579,0.5980964054397702,1.2911103777356243
2010-02-19,0.0019878178550956894,0.6012731300086676,1.2964721920019255
2010-02-22,-0.001448898147340533,0.5989530483372119,1.294116945388443
2010-02-23,-0.012216747973034653,0.5794190419249607,1.266355284539673
2010-02-24,0.009809078623042394,0.594911687485933,1.2888302188493812
2010-02-25,-0.0018379523943460171,0.5919803157311478,1.284633411316507
2010-02-26,0.0011716209110778615,0.593845513159083,1.287928248553536
2010-03-01,0.010209353013133096,0.6101176446513223,1.3112300654318503
2010-03-02,0.0031981339113682714,0.615267016491974,1.3166171128447801
2010-03-03,2.8270661357470577e-06,0.6152715829586568,1.3179575281793148
2010-03-04,0.003810188564435368,0.6214260722725031,1.326676880228812
2010-03-05,0.013608389827663004,0.643491070340724,1.3593496760522825
2010-03-08,0.00047905128463470744,0.6442783868492563,1.3593622161615162
2010-03-09,0.001716212514568947,0.6471003179942021,1.3635088632574566
2010-03-10,0.0053216411050926345,0.6558655947506513,1.3745083741931965
2010-03-11,0.004592337879937661,0.6634698890455104,1.3849065715983726
2010-03-12,-0.0005286766836051864,0.6625904513012926,1.3844179661227494
2010-03-15,-0.000302760961548854,0.6620870838175945,1.3855453525284758
2010-03-16,0.008176640429363509,0.6756773722642604,1.4041242889987529
2010-03-17,0.005512762278583308,0.6849149832731545,1.4181554478057787
2010-03-18,-0.0011370100306594424,0.6829992180363644,1.4174163460018074
2010-03-19,-0.005891937427038673,0.6730830919539392,1.4051014999499998
2010-03-22,0.0048121470562273744,0.6811342138297094,1.4174288861110411
2010-03-23,0.0074309573483543195,0.6936266504695372,1.4350429988111437
2010-03-24,-0.0052885556752881105,0.6846698116353773,1.4216883941900829
2010-03-25,-0.0013595916335468567,0.6823793486541889,1.4175666743844482
2010-03-26,0.0009723186481223637,0.6840151574681013,1.4193582277950672
2010-03-29,0.006493462487658405,0.6949502467217687,1.433552255093967
2010-03-30,0.00025847989476423844,0.695388357283172,1.4339281525146497
2010-03-31,-0.0033515797665581593,0.6897061279684433,1.4259979097778963
2010-04-01,0.0071818458703525835,0.7018413369457028,1.444075700663317
2010-04-05,0.007802634330556234,0.715120182586515,1.4635313742828115
2010-04-06,0.0023708089633022707,0.7191864048885319,1.4676907144161468
2010-04-07,-0.0046990175961015585,0.711107917720982,1.4542608691396848
2010-04-08,0.003793522863632138,0.7175990447289986,1.4626294039869658
2010-04-09,0.0065597009702256705,0.728865980849166,1.4790910500628751
2010-04-12,0.0019418668848925802,0.7322232084457942,1.483525966743025
2010-04-13,0.00063950456601044,0.7333309730969444,1.4854176880993513
2010-04-14,0.011299208988721167,0.7529162420085902,1.5131669617670487
2010-04-15,0.00039281046099936515,0.7536048058457068,1.5152715591240216
2010-04-16,-0.016874121463452657,0.724014265352972,1.4747062938196591
2010-04-19,0.003986604329519142,0.7308872280873808,1.4859312208652797
2010-04-20,0.008898500899009502,0.7462895296426004,1.5059883609434999
2010-04-21,-0.00045193092464499004,0.7455003274007712,1.5034578586570708
2010-04-22,0.0039326434516222955,0.7523647578331283,1.5092457307809894
2010-04-23,0.007195582050097858,0.7649740422298166,1.5271103398094397
2010-04-26,-0.004054523314358147,0.7578179138263588,1.516286390402969
2010-04-27,-0.022761702942545058,0.7178069846447588,1.4574679256120784
2010-04-28,0.006401585449190109,0.7288036728421778,1.4737917834145802
2010-04-29,0.013006543683898732,0.751289433333884,1.506000901052733
2010-04-30,-0.015638628129839238,0.7239016691382585,1.464295709233411
2010-05-03,0.012136671268210723,0.7448240969953093,1.4966426151449714
2010-05-04,-0.02335688632876995,0.7040704388980912,1.4371352089870437
2010-05-05,-0.006130583275913235,0.6936234931644045,1.4219514306276633
2010-05-06,-0.030679828885433854,0.6416634141977697,1.3439027083271586
2010-05-07,-0.01502069829429461,0.6170044833523234,1.3080353961405278
2010-05-10,0.0436977839135215,0.6876639958530488,1.4095989642481555
2010-05-11,-0.003154684044728742,0.682339949172468,1.4019068306586777
2010-05-12,0.013769804933710321,0.7055054421047608,1.435732093106342
2010-05-13,-0.01186768289400938,0.6852650443438542,1.406304127011127
2010-05-14,-0.018853315173287106,0.6534922113123158,1.3610910690259677
2010-05-17,0.00042785070223574136,0.654199659116067,1.3641477971157205
2010-05-18,-0.014218167168502301,0.6306799718326752,1.3309990888540213
2010-05-19,-0.0055370405589169076,0.6216508306900241,1.31926047611431
2010-05-20,-0.037887263129746836,0.5602109189630986,1.2290848564723391
2010-05-21,0.015212894028707272,0.5839462423357162,1.2625969220454882
2010-05-24,-0.012669033792758584,0.5638791738656519,1.2334319923878545
2010-05-25,0.0005122815221710192,0.5646803202693313,1.2342212546287596
2010-05-26,-0.0053528940379267195,0.5563047523117004,1.2220065765226584
2010-05-27,0.03295645495478543,0.6075950397771794,1.2958708784713608
2010-05-28,-0.011421287634517214,0.5892342344280612,1.2675202912730992
2010-06-01,-0.01668651485208735,0.5627154537718317,1.2286964189424219
2010-06-02,0.025721935483603523,0.6029115198529811,1.2866503808370062
2010-06-03,0.004039596499425067,0.6093866356174673,1.296008666744768
2010-06-04,-0.03411683793120449,0.5544794526014598,1.2170830543668845
2010-06-07,-0.013254297627026203,0.5338759192815832,1.1872041031237468
2010-06-08,0.011243553465338636,0.551122135189221,1.211533291390242
2010-06-09,-0.005837446271577562,0.5420675430643993,1.1985293510432355
2010-06-10,0.029026708973343016,0.5868286888541676,1.2633985714674645
2010-06-11,0.004857455425864968,0.5945366384787605,1.274135045965623
2010-06-14,-0.0016032939204970835,0.5919801275802776,1.2700760267061564
2010-06-15,0.023032243284448254,0.6286470011827137,1.3234322034287165
2010-06-16,-0.0002573306592650817,0.6282279003761893,1.3221919560398883
2010-06-17,0.0016292721197734119,0.6308807266989096,1.3254867932769172
2010-06-18,0.0013398666204690283,0.6330658893465795,1.3285560614759033
2010-06-21,-0.004091583630080538,0.626384063686886,1.3195987532072917
2010-06-22,-0.015738714241207714,0.600786869662064,1.2826415220144733
2010-06-23,-0.0037731139485904694,0.5947469183954215,1.2758764389393082
2010-06-24,-0.016107615331515703,0.5690593484827879,1.2376413400299615
2010-06-25,0.0037079128445592275,0.574877283794903,1.2440430657936772
2010-06-28,-0.0027695348517191025,0.5705156062702521,1.2399088058788093
2010-06-29,-0.03106896737139423,0.5217213081427763,1.1705170409379573
2010-06-30,-0.009304776510084191,0.5075620314598748,1.1488186758317593
2010-07-01,-0.0023930351957177688,0.5039543824588635,1.1419785050293543
2010-07-02,-0.004705761712474154,0.4968771315085809,1.1320689130998014
2010-07-06,0.00548528070515575,0.5050879227560339,1.1434817888557633
2010-07-07,0.031107881487605585,0.551908019485555,1.2116961598821163
2010-07-08,0.008843523991447028,0.5656323552883946,1.2325925697100142
2010-07-09,0.007237761905178269,0.5769640295070153,1.2486783183652408
2010-07-12,0.0006701977820060801,0.5780209073018943,1.2503822439393866
2010-07-13,0.014745792389912808,0.6012900759879098,1.2851720243009024
2010-07-14,-0.00015386417549544026,0.601043694810639,1.2848588274263868
2010-07-15,0.00025215460383245136,0.6014474053492227,1.287589971460552
2010-07-16,-0.028191066013215874,0.5563008958283295,1.221730999975843
2010-07-19,0.006066948834940505,0.5657428937350921,1.2350481371973645
2010-07-20,0.012685898223977808,0.5856057487299318,1.2606299600337598
2010-07-21,-0.011971931499140675,0.5666229853214935,1.231966175960983
2010-07-22,0.022306550027527662,0.601568939317842,1.2822781647030235
2010-07-23,0.007765732490019491,0.6140062952649088,1.3010574370647143
2010-07-26,0.010009858771282546,0.6301622703364713,1.3268397487206847
2010-07-27,-0.0012192543780688919,0.6281746878514007,1.3244094143799625
2010-07-28,-0.006349726698989054,0.6178362235653325,1.3084614539981438
2010-07-29,-0.0043129903840844405,0.6108585114900718,1.299228416254556
2010-07-30,-0.0003986436473139588,0.6102163529777445,1.299366204527963
2010-08-02,0.021012154966996197,0.6440504685169042,1.3500413976532917
2010-08-03,-0.0038767161442714027,0.6376769515236076,1.3387913903892041
2010-08-04,0.006868250968020184,0.6489249278312141,1.353749752638704
2010-08-05,-0.0018023513267091482,0.6459529857998938,1.3508682802218974
2010-08-06,-0.0031448084989196042,0.6407767788613281,1.3424245047192147
2010-08-09,0.006112518396051381,0.6508060571059318,1.355315737011281
2010-08-10,-0.005896457862326274,0.6410721487513336,1.3413095054945607
2010-08-11,-0.026572138694682768,0.5974653520067321,1.2764777524698712
2010-08-12,-0.004687008079751934,0.5899780189947528,1.2645511910198186
2010-08-13,-0.004167570195181299,0.5833516739917968,1.255506101986572
2010-08-16,0.0007823103795800217,0.5845903464408861,1.2558943865883272
2010-08-17,0.012724097526685298,0.6047528285488442,1.2840571780044088
2010-08-18,0.0005569219949689899,0.6056465506955517,1.2877653800616593
2010-08-19,-0.016752680290183758,0.5787476673727128,1.2490542157859226
2010-08-20,-0.0024863104396268916,0.5748224105657873,1.2408234692120486
2010-08-23,-0.003192404764229426,0.5697949399994817,1.2318033074691077
2010-08-24,-0.014004270572088504,0.5478111069170335,1.1994564015575473
2010-08-25,0.0035130937029952836,0.5532487123701699,1.2069355062182168
2010-08-26,-0.007798545387434704,0.5411356317887765,1.1900479552128518
2010-08-27,0.016681330430893856,0.5668438245014695,1.2269550259687358
2010-08-30,-0.014972881237335077,0.5433836579997571,1.1946206601664087
2010-08-31,0.0004839629985783524,0.5441305985828395,1.1955727908991887
2010-09-01,0.02961813990754832,0.5898648746871924,1.260604879815292
2010-09-02,0.0088203559024045,0.6038880487186651,1.281300953751776
2010-09-03,0.012964240725545882,0.6246812394790799,1.3115181820878963
2010-09-07,-0.01067907070962245,0.6073311536420858,1.2851470970105954
2010-09-08,0.005906957527288194,0.6168255904989366,1.3003808828787489
2010-09-09,0.004511786558189727,0.6241203624650866,1.3115056419786626
2010-09-10,0.0030146196503083437,0.6290164676242396,1.3227932695704507
2010-09-13,0.011558751535646375,0.6478458642209843,1.3494902445596613
2010-09-14,-0.0008495308634293963,0.6464459683011541,1.3478113992039824
2010-09-15,0.002983413893778827,0.6513579980783397,1.3561675468701915
2010-09-16,0.00016092804296049244,0.6516237478891975,1.3557040216130352
2010-09-17,0.0007382769377187164,0.6528431036120526,1.357658443515529
2010-09-20,0.014930595798265778,0.6775210359100352,1.3935757632109325
2010-09-21,-0.0028542735095937535,0.6727329320554509,1.3874872343217324
2010-09-22,-0.0039107635708282235,0.6661912690410439,1.376249767166878
2010-09-23,-0.008560718869352078,0.6519274740042145,1.3564556635262397
2010-09-24,0.020581979415787485,0.6859274112705431,1.4064042949568307
2010-09-27,-0.005364046435719809,0.6768840183492351,1.3927990410792606
2010-09-28,0.00446212554035484,0.6843664853557239,1.4048383105842537
2010-09-29,-0.001996419889205056,0.6810037826036492,1.398887569968461
2010-09-30,-0.0028412890553331112,0.676227564954164,1.391508633253499
2010-10-01,0.00512479377297646,0.6848178855411324,1.4021198595874833
2010-10-04,-0.007413606590945242,0.6723273085603423,1.3829897700235763
2010-10-05,0.020198324411230942,0.7061055180604048,1.432687752197658
2010-10-06,-0.00017154385006709226,0.7058128461512159,1.4322869274866692
2010-10-07,-0.002071543552507088,0.7022791805479875,1.42829060877337
2010-10-08,0.005653081580946398,0.7119023036291718,1.4431611902582349
2010-10-11,-0.00013603400535245025,0.7116694267020371,1.4435243946415226
2010-10-12,0.003284452622776442,0.7172913238398948,1.452857753258979
2010-10-13,0.006864727508362468,0.7290800608305306,1.4705971141232554
2010-10-14,-0.00376576527805805,0.7225687511744725,1.4616021855269432
2010-10-15,0.0025208774407801285,0.7269111358795011,1.4665757151914893
2010-10-18,0.007222283301088059,0.7393833773386265,1.4844906375850355
2010-10-19,-0.016139591253910318,0.711310440594535,1.4450278313960938
2010-10-20,0.010514251526661026,0.7293035890071469,1.471135880035813
2010-10-21,0.0018189266206139272,0.7324490653403151,1.475658424552436
2010-10-22,0.0022497902823252042,0.7363467124121412,1.4815590047312948
2010-10-25,0.0022129090412119504,0.7401890897507166,1.4869209719257572
2010-10-26,0.0011782768701019478,0.7422395143047735,1.4869460521442242
2010-10-27,-0.0021721932406360274,0.7384550334082318,1.480581946708209
2010-10-28,0.0012479166394799525,0.7406244803714095,1.4835885143610281
2010-10-29,-0.0001271876624641486,0.7404030944125233,1.4825111354640743
2010-11-01,0.000558524608077464,0.7413751523687269,1.4848663820775565
2010-11-02,0.007649975973810848,0.754696630445739,1.5041468000241047
2010-11-03,0.003780051621618024,0.761329474289103,1.513818282806382
2010-11-04,0.01962606014790925,0.7958974324917862,1.5627271556677198
2010-11-05,0.0043246277430049876,0.8036640203519314,1.5729374043625541
2010-11-08,-0.0018217053987259584,0.8003782758685685,1.5678259334964393
2010-11-09,-0.008229517715351577,0.7855620309529738,1.5479818223470283
2010-11-10,0.004745856263193953,0.7940360517008933,1.5596453473595
2010-11-11,-0.003244992535448423,0.7882144181047985,1.5487710845879339
2010-11-12,-0.011484539138253508,0.7676775996324847,1.518816892689395
2010-11-15,-0.0020544333279415438,0.7640460238587441,1.5159104929822829
2010-11-16,-0.015900995575305395,0.7359959358387311,1.475833833153544
2010-11-17,0.0005763562740080765,0.7369964879880042,1.4767608836678567
2010-11-18,0.01465686618761388,0.7624554130807997,1.5148205739760954
2010-11-19,0.0031699367512474388,0.7680422852671596,1.5213475479039849
2010-11-22,-0.0007297085620808356,0.7667521296734792,1.5175015575733268
2010-11-23,-0.014233463135797514,0.7416051283656799,1.4816342453866955
2010-11-24,0.01498645017201306,0.7677056068412549,1.5188045055083226
2010-11-26,-0.007822544779351485,0.7538776505750284,1.5006014664587282
2010-11-29,0.00012067870323497245,0.7540893062555327,1.4978452422060955
2010-11-30,-0.005595293302410374,0.7442746621084115,1.4828243323385895
2010-12-01,0.020787173298616804,0.7805332017900455,1.5368570632471146
2010-12-02,0.01232431068241277,0.802477046149257,1.5694169980874837
2010-12-03,0.003299877921596019,0.8084250003580284,1.5762320886714218
2010-12-06,-0.00039934723594905043,0.8077028108327144,1.5729750246902552
2010-12-07,0.00023048339891144367,0.808119456320777,1.574340367315096
2010-12-08,0.0031997419810823853,0.8139049720519782,1.5845382288288583
2010-12-09,0.004016954275078749,0.8211913453840489,1.5946733897964527
2010-12-10,0.006440715696831481,0.8329211210691978,1.6102705329760556
2010-12-13,0.0009695534990951796,0.834698236155696,1.6108091459604519
2010-12-14,6.625047466046202e-05,0.8348197857847002,1.6132269401919408
2010-12-15,-0.0052336407982236715,0.8252169980964295,1.5998974157893469
2010-12-16,0.005527769786785644,0.8353063774728346,1.616058252171813
2010-12-17,0.0011906789541117004,0.8374916381508384,1.6182631704026544
2010-12-20,0.0033638175727407293,0.8436726248130142,1.6249907860782806
2010-12-21,0.006283731524057745,0.8552577686055942,1.641201782897681
2010-12-22,0.0031760825393019887,0.8611502204103667,1.6505099083685084
2010-12-23,-0.0015200752814436595,0.8583211319652675,1.646350874091496
2010-12-27,0.0009099491399569428,0.8600121096810631,1.6479792531539177
2010-12-28,0.0009091371421169257,0.8617031157747612,1.650046536039513
2010-12-29,0.0011681071458249737,0.8638777844877024,1.6531910448939002
2010-12-30,-0.0015725870339028806,0.8609466744510375,1.6492696609796798
2010-12-31,-0.00034284567294683025,0.8603086569361171,1.6487561282137508
2011-01-03,0.011373497163073102,0.8814668721682202,1.6788355682764635
2011-01-04,-0.0009005717540353983,0.8797724762469923,1.675365322438327
2011-01-05,0.005161044750065196,0.8894740661168439,1.6891083645893046
2011-01-06,-0.0023887181857183957,0.8849606450536673,1.6844229515808067
2011-01-07,-0.0016001360633021804,0.8819444515476116,1.679474502134728
2011-01-10,-0.0012302853104978792,0.8796291229336997,1.6757788401867106
2011-01-11,0.003955805925857818,0.8870645709566156,1.6857509797342694
2011-01-12,0.009084168196621866,0.9042069829170716,1.7102304963834056
2011-01-13,-0.0018771759632443025,0.9006324513396977,1.7055949379555195
2011-01-14,0.007250230299271298,0.9144124743261788,1.725664618142973
2011-01-18,0.0019166577838240556,0.918081747896546,1.729473141074092
2011-01-19,-0.010065962382040187,0.8987744091765415,1.7022250129912515
2011-01-20,-0.001582863218502802,0.8957689090040217,1.698729686934648
2011-01-21,0.0012917882800010804,0.8982178410622634,1.7053068212994713
2011-01-24,0.0050256236020362055,0.9077575694461124,1.7210920661175773
2011-01-25,-0.00015166480379258645,0.9074682297686585,1.7218937155395548
2011-01-26,0.005093466665097865,0.9171838556117184,1.7334819998966249
2011-01-27,0.0029021148375050695,0.9227477433253144,1.7397584774961667
2011-01-28,-0.017695352080466343,0.8887240450452507,1.6909248452902301
2011-01-31,0.0071171054772106255,0.9021662932911816,1.7115331384620798
2011-02-01,0.015830948733486082,0.9322793903628395,1.7568090499215683
2011-02-02,-0.00234245535410331,0.9277531121592606,1.7497933175898939
2011-02-03,0.0018757731779882039,0.9313691397408321,1.7566585686107659
2011-02-04,0.0019979542535744025,0.9352279269287997,1.7646515118936872
2011-02-07,0.005581424896013463,0.9460292562596209,1.7819400405382027
2011-02-08,0.004542347012554576,0.9548687964381355,1.7944553754095853
2011-02-09,-0.003058378090966372,0.9488900685403954,1.7870010451110603
2011-02-10,0.0005118244560009727,0.9498875581395316,1.7893439045434705
2011-02-11,0.005108526561401058,0.9598486105220327,1.8050915290338754
2011-02-14,0.0028668074618727604,0.9654671191428181,1.8123699919468081
2011-02-15,-0.0028023229506963046,0.9599592455260053,1.8036130195696103
2011-02-16,0.00517655160353917,0.9701050757013043,1.8216533430554915
2011-02-17,0.0033952669562554738,0.9767941083651843,1.8305730309964026
2011-02-18,0.0018871230181362463,0.9805245620291965,1.8360478591739668
2011-02-22,-0.02054358930724281,0.9398374788139618,1.7778684811695018
2011-02-23,-0.005051624277577495,0.9300381487114304,1.7610057045262808
2011-02-24,-0.0010407326918863515,0.9280294949134786,1.7589261873877748
2011-02-25,0.009875482820947426,0.9470697170687767,1.7887676712313736
2011-02-28,0.004363378127513891,0.9555655184849792,1.804427514957144
2011-03-01,-0.015329402016254143,0.9255878684829986,1.7602918358689386
2011-03-02,0.0015536155938651829,0.9285794918228312,1.7652026649873171
2011-03-03,0.01632978150487293,0.9600727735390768,1.8129214508967615
2011-03-04,-0.006943541999433441,0.9464629259140622,1.7921877566325768
2011-03-07,-0.008192512294184641,0.9305165044633368,1.7689861076999693
2011-03-08,0.00856837605401796,0.947057895852067,1.794217113334149
2011-03-09,-0.0013426508099470675,0.9444436769911873,1.7908346482606468
2011-03-10,-0.01869691285072221,0.9080885830193453,1.7381548727958904
2011-03-11,0.007187540682814459,0.9218030473362104,1.7584001145126131
2011-03-14,-0.006190210119239861,0.9099066826654039,1.7418006801632964
2011-03-15,-0.010581718396589028,0.8896965879856751,1.7111073864607862
2011-03-16,-0.019057448020242673,0.8536837934861081,1.658339830231395
2011-03-17,0.013011924074573435,0.8778037862652166,1.6940317338169182
2011-03-18,0.0037851283044025184,0.8849115145267235,1.705632558283222
2011-03-21,0.015439010843544154,0.9140126838386227,1.7462230567342125
2011-03-22,-0.0031351857395706833,0.9080118985668943,1.7368020702802833
2011-03-23,0.003195220596609107,0.9141084174837704,1.744807247816115
2011-03-24,0.008906190969698045,0.9311558325865874,1.7704392310894446
2011-03-25,0.0024711457962098486,0.9359280002041099,1.779208743575876
2011-03-28,-0.002030529466515085,0.9319970413546439,1.771566923351494
2011-03-29,0.007611013047575816,0.9467014960442717,1.7917240784472592
2011-03-30,0.007217375188765411,0.960751571121754,1.810691452447453
2011-03-31,-0.0012104157875616661,0.958378246464582,1.8055423612536377
2011-04-01,0.004518507001280153,0.967227192282387,1.8194985852615848
2011-04-04,0.0007414000348989852,0.9686856945913995,1.820826307558725
2011-04-05,-0.0001588655626295681,0.9683729382308874,1.8203503951204967
2011-04-06,0.002716146736056307,0.973719327962405,1.8276793243266862
2011-04-07,-0.0011153272950002041,0.9715179849232591,1.8234823638656508
2011-04-08,-0.0036437854601427495,0.9643341963553858,1.812182196164629
2011-04-11,-0.0036588107818436412,0.9571470692186166,1.8043773545202106
2011-04-12,-0.007784055602829269,0.9419125276089046,1.7825915145057007
2011-04-13,0.00026872976975744956,0.9424343773153381,1.7834057040369116
2011-04-14,0.0003729243998593578,0.9431587584897645,1.7836812805837265
2011-04-15,0.0033225610962372013,0.9496150221845354,1.794593010754832
2011-04-18,-0.01066174120885761,0.9288287313611026,1.7638370165061543
2011-04-19,0.005561390308847461,0.9395557007751205,1.7797602025258286
2011-04-20,0.013684418341923407,0.9660973923819896,1.8173936820482894
2011-04-21,0.005033225451937462,0.9759932038183143,1.8323521972259509
2011-04-25,-0.001641012904462957,0.9727505734717175,1.8278420398903998
2011-04-26,0.008756120049187983,0.9900242143201401,1.8532360669446146
2011-04-27,0.006949901973596858,1.0038546875347492,1.871551661120988
2011-04-28,0.0027948783920900564,1.0094552177018286,1.8819874788538646
2011-04-29,0.0020148338298763904,1.013503936054076,1.888627313764856
2011-05-02,-0.0017212359587449712,1.0100382206762655,1.8835660033356754
2011-05-03,-0.00306539961818487,1.0038766502820673,1.8738318200072306
2011-05-04,-0.006743194310526578,0.9903641206548881,1.8546390298971556
2011-05-05,-0.008212502034937848,0.9740182512637425,1.828894491497047
2011-05-06,0.003090640008360971,0.9801192310483331,1.8400316377780328
2011-05-09,0.004554524314770001,0.9891377322322863,1.8529730305070329
2011-05-10,0.007482059170572202,1.0040205784432659,1.8760492783473053
2011-05-11,-0.010529701717716326,0.982918839516093,1.8456691815193107
2011-05-12,0.005358534592298166,0.9935443787113598,1.859913522183306
2011-05-13,-0.008219713348544901,0.9771580153707495,1.8369623695790462
2011-05-16,-0.006389407563500512,0.964525146993104,1.819536205589285
2011-05-17,0.0008917239822058029,0.9662769611803239,1.8192104686055361
2011-05-18,0.00853630839172027,0.9830617077044936,1.8445417951135834
2011-05-19,0.001917956339649131,0.9868651334787011,1.8509809882768384
2011-05-20,-0.007129411593043339,0.9726999541622643,1.8290572070607598
2011-05-23,-0.011956193277259473,0.9491139722322592,1.795357345705431
2011-05-24,-0.00013543637203693344,0.9488499913071735,1.7930771868191884
2011-05-25,0.002981266869755,0.9546600332203801,1.8021724362893687
2011-05-26,0.004140968738064898,0.9627542193114906,1.813923436210152
2011-05-27,0.004553628235405571,0.9716918723437087,1.8259628586433063
2011-05-31,0.010437421362003823,0.992271251211398,1.8559294377229176
2011-06-01,-0.022035304958067232,0.9483709466317647,1.7911603852443956
2011-06-02,-0.0012403633809919745,0.945954258656974,1.787903321263229
2011-06-03,-0.009455114451716746,0.9275550384235667,1.760905689508736
2011-06-06,-0.010275545364483527,0.9077483591837066,1.7312520014473178
2011-06-07,-0.0008070775530636174,0.9062086583061153,1.7287589665604282
2011-06-08,-0.003851995655001058,0.8988659508367947,1.717922477044724
2011-06-09,0.0067783643979880395,0.9117371561944982,1.7379921572321773
2011-06-10,-0.013331289316422745,0.886251235068314,1.69975705832283
2011-06-13,0.0006173585977640871,0.8874157284858264,1.7024504291011335
2011-06-14,0.01201119162404858,0.910085840474913,1.7366892092971815
2011-06-15,-0.017228450511829634,0.8771780210989444,1.6890456640431388
2011-06-16,0.0015191979807107913,0.8800298261580326,1.6942198354554217
2011-06-17,0.0027287693405145764,0.8851599939069055,1.7024378889919007
2011-06-20,0.005192125137219937,0.8949479804989511,1.717045586967346
2011-06-21,0.013467616568528943,0.9204684133176193,1.7538147165216618
2011-06-22,-0.00635486238198112,0.9082641008420442,1.7361255160943192
2011-06-23,-0.0021887684158962964,0.9040873526489324,1.7283833749960689
2011-06-24,-0.01138806829310103,0.8824034758409365,1.696387133358563
2011-06-27,0.00931129453356523,0.8999310890354983,1.7211547666637474
2011-06-28,0.012977518284383874,0.924587479482526,1.7569843055945165
2011-06-29,0.008318835764565009,0.9405978066388792,1.780185954527124
2011-06-30,0.009529983234551613,0.9590916712011555,1.8083235127965764
2011-07-01,0.014271146279861757,0.9870501550165258,1.849164507575915
2011-07-05,-0.00023813418252935782,0.986576970452216,1.845443765409431
2011-07-06,0.001890148318797837,0.9903318955730789,1.8493648434673289
2011-07-07,0.010693766588641771,1.0116160402982661,1.879294108075562
2011-07-08,-0.006204731137356648,0.9991345036166215,1.8592620482158093
2011-07-11,-0.017394002785554516,0.9643615524920159,1.8075845639207668
2011-07-12,-0.004108931873434357,0.9562901246980327,1.795156703957696
2011-07-13,0.00341159071834648,0.9629641859298455,1.804101777973397
2011-07-14,-0.006887120593249856,0.9494450148611162,1.7853099655024725
2011-07-15,0.006840240517715159,0.9627796876388273,1.8007942476989736
2011-07-18,-0.0076510805261437624,0.9477623021936235,1.7781189774978516
2011-07-19,0.016333902674732413,0.9795768620711669,1.8234196633194841
2011-07-20,-0.0006072495405225148,0.9783747649312453,1.8219289196023083
2011-07-21,0.012686734770980866,1.0034738808515296,1.8604019747307698
2011-07-22,0.0018124141324918834,1.0071050052272632,1.863045490928462
2011-07-25,-0.005350770727068304,0.9963654465191407,1.8469219690173735
2011-07-26,-0.004439229203705451,0.9875031227276845,1.8352459038956686
2011-07-27,-0.01867449412719372,0.9503875073345271,1.7777932405141024
2011-07-28,-0.0029815825824244177,0.9445722659136804,1.7690738884646051
2011-07-29,-0.006444809899051444,0.9320398673248989,1.751221666617227
2011-08-01,-0.003983528879240118,0.9243435307175669,1.7398462582608039
2011-08-02,-0.02614520000352935,0.8740311842314583,1.6698155594616875
2011-08-03,0.005755161669573782,0.884816536670533,1.6841724552524626
2011-08-04,-0.04576308952141858,0.7985615087714291,1.5559369923740913
2011-08-05,3.909097568336947e-06,0.7985685395238495,1.554483868984616
2011-08-08,-0.0641082538744096,0.6832654509815286,1.3846433822326296
2011-08-09,0.04545118346611925,0.7597718578162702,1.4977576143696267
2011-08-10,-0.04188785364851291,0.6860587917812906,1.3884769853822156
2011-08-11,0.04388461406777197,0.7600508311541865,1.4994864672340782
2011-08-12,0.004824910669485814,0.7685429191882596,1.5126783562914259
2011-08-15,0.021133909362883695,0.805919144946754,1.567600517386563
2011-08-16,-0.009246743777541144,0.789220273330475,1.5430584531194205
2011-08-17,0.0010903815326786756,0.7911712060744087,1.5461778817553409
2011-08-18,-0.04249704600672286,0.7150517209239473,1.4328131532899961
2011-08-19,-0.013795593868374824,0.6913915639188233,1.3962943671358672
2011-08-22,0.0005080257422579809,0.6922508343735321,1.396920760884898
2011-08-23,0.03418227657449058,0.7500958204275006,1.4791286703905766
2011-08-24,0.012772627173357174,0.7724491418594719,1.5120018021054609
2011-08-25,-0.01481019038876927,0.7461988326141225,1.4729523607367412
2011-08-26,0.014932403570429818,0.7722737782969302,1.510723934388932
2011-08-29,0.0273789398025218,0.8207967553865096,1.5820577340512059
2011-08-30,0.002999434347999588,0.8262581157153421,1.588722649180664
2011-08-31,0.005358155705567084,0.8360434910579004,1.6017640569272098
2011-09-01,-0.01137117765653419,0.8151655143359577,1.5710958434431666
2011-09-02,-0.023838904104099272,0.7718939577066348,1.506201389872309
2011-09-06,-0.006668772184832878,0.7600776005670073,1.4876226063301932
2011-09-07,0.027843168764300784,0.8090837382378602,1.559507559086096
2011-09-08,-0.009557552233529026,0.7917933259148238,1.5324097593858963
2011-09-09,-0.02602508775677432,0.7451617473658878,1.464821782108574
2011-09-12,0.006680723308250385,0.7568206901281822,1.4821479310807897
2011-09-13,0.009128715282126193,0.7728582060101108,1.5056751640689847
2011-09-14,0.013007065110893518,0.7959178881280662,1.539450419007876
2011-09-15,0.016405420733037163,0.8253806766847944,1.583561017877615
2011-09-16,0.0060548406295650335,0.8364330657704084,1.5983565116352403
2011-09-19,-0.009505000647263494,0.8189777682916046,1.5728997840348575
2011-09-20,-0.0022493111770718207,0.8148863212665411,1.568702823573822
2011-09-21,-0.02884841943403039,0.7625297194455596,1.4932976174710095
2011-09-22,-0.031489375233197045,0.7070287597502769,1.4138208519994966
2011-09-23,0.005889364046165314,0.7170820735537202,1.4288166816485357
2011-09-26,0.02141281399314668,0.7538496326056925,1.4854927758265917
2011-09-27,0.009863075986929405,0.7711479848017306,1.5120768898327008
2011-09-28,-0.019473129296191573,0.7366581910909973,1.4607251425214072
2011-09-29,0.00704632751979274,0.7488952534953552,1.4808073628180942
2011-09-30,-0.023749622600832215,0.7073596512564537,1.4188696223194444
2011-10-03,-0.027231965878960443,0.6608648914903241,1.3501666458174677
2011-10-04,0.02082209455280566,0.695447577300371,1.4033350267578477
2011-10-05,0.01727510887672979,0.7247366187930226,1.4475334063922212
2011-10-06,0.017801246596709376,0.755439080658532,1.4925585156670391
2011-10-07,-0.007457161078245689,0.7423484886710139,1.4722759594789387
2011-10-10,0.033032441971155756,0.7999025140165703,1.5566386267785242
2011-10-11,-0.0002864099136357934,0.799387004092978,1.5580668228776942
2011-10-12,0.009446734013705096,0.8163853345083618,1.5835233975499157
2011-10-13,-0.002045100425883797,0.8126706440871896,1.5760568329984799
2011-10-14,0.017491967449417542,0.8443778199900775,1.620818905835716
2011-10-17,-0.019055129525635366,0.8092329617359577,1.5701437127103874
2011-10-18,0.018943754999070767,0.8435066276993268,1.6226228464274075
2011-10-19,-0.012918860668642403,0.8196906224343603,1.589862575695625
2011-10-20,0.004578032841149306,0.8280212258645963,1.60172643659951
2011-10-21,0.01793504589025279,0.8608068704388339,1.6507230902254828
2011-10-24,0.01263053589399333,0.8843098584077009,1.684886323909807
2011-10-25,-0.01961276645542222,0.847353329225101,1.6310666219300907
2011-10-26,0.007833590342300087,0.8618247384237347,1.6588160485259498
2011-10-27,0.03381684355354692,0.9247857743271335,1.750144134792114
2011-10-28,0.0017450622176362117,0.9281446452589555,1.7512840613070741
2011-10-31,-0.023832710441307692,0.882191732239541,1.6832328646289185
2011-11-01,-0.026951056425120364,0.831464676661058,1.6082659506366337
2011-11-02,0.01602144080930562,0.8608073795725171,1.650522448477747
2011-11-03,0.018508708628677074,0.8952485211751169,1.7008471302571824
2011-11-04,-0.006029889972231745,0.8838203811223959,1.6838968787056494
2011-11-07,0.006101832009759642,0.8953151366245662,1.7010098458208955
2011-11-08,0.012036823041263538,0.9181287095315442,1.7343466557210978
2011-11-09,-0.03534424174251449,0.850333904728604,1.6342612912214127
2011-11-10,0.007597521639545583,0.8643918566101645,1.6573375390616847
2011-11-11,0.019490434768540094,0.9007296644744223,1.709127884339829
2011-11-14,-0.008912038427310356,0.8837902886646976,1.6835836818311343
2011-11-15,0.004814137580054477,0.8928591142863,1.6970009869983627
2011-11-16,-0.016517657150469895,0.8615935164023767,1.6529527828184687
2011-11-17,-0.016793653665250187,0.83033055962244,1.608428972056669
2011-11-18,-0.0009443470790110645,0.8286020923048358,1.6075768563414345
2011-11-21,-0.018517046163783704,0.7947417829464358,1.55908150122848
2011-11-22,-0.0038865327132294202,0.7877664602952148,1.5486834567514651
2011-11-23,-0.02141588764509167,0.7494798546458694,1.492470887830566
2011-11-25,-0.0027533105049905313,0.7446629933838036,1.4861567899033234
2011-11-28,0.029027888692355577,0.7953068765614206,1.5591943622115818
2011-11-29,0.0030868525634629718,0.8008487241955371,1.5657840366856388
2011-11-30,0.04216876801962343,0.8767882962845734,1.677307204231592
2011-12-01,-0.001395676266543131,0.874168907402123,1.672283514130112
2011-12-02,-0.0006603638552323442,0.8729312739970743,1.6717445952893932
2011-12-05,0.010448434102368464,0.8925004729916979,1.6993560806836836
2011-12-06,0.001007198899775103,0.894406597385919,1.7023880344112925
2011-12-07,0.0020839895220304155,0.8983545208853365,1.7086143515739
2011-12-08,-0.02030685575722453,0.8598049094536429,1.651411878664359
2011-12-09,0.016767363603717216,0.8909889346024302,1.696186491610829
2011-12-12,-0.014465548910267613,0.863634741680164,1.6560972916728565
2011-12-13,-0.008274014331765514,0.848215001118326,1.6335471167077467
2011-12-14,-0.011544295429306874,0.8268786611285392,1.6039313548303515
2011-12-15,0.0039035527034401965,0.8340099782650445,1.6126130865521486
2011-12-16,0.0039715986699405854,0.8412939298553799,1.6210568620548313
2011-12-19,-0.011737918207094515,0.8196809723115179,1.5903510282430875
2011-12-20,0.02907355486382389,0.8725855668946734,1.668023853122909
2011-12-21,0.0011154533924211773,0.874674348817865,1.6732732651905926
2011-12-22,0.007991938172220086,0.8896566303066642,1.6960488562655827
2011-12-23,0.008445280081829348,0.9056153098080897,1.7204280520408508
2011-12-27,0.0005344990693495295,0.9066338594177201,1.720691088478432
2011-12-28,-0.012337553343721651,0.8831106624702081,1.687342044325319
2011-12-29,0.010590594924881298,0.9030539246951548,1.7161937771084372
2011-12-30,-0.004037685003425953,0.8953699924027023,1.7046929676596791
2012-01-03,0.015420506383783795,0.9245975574701804,1.74661118840781
2012-01-04,-6.710349265005812e-05,0.9244684102521283,1.7477138004513924
2012-01-05,0.0025714280250308218,0.9294170422555372,1.7557942186426252
2012-01-06,-0.0018634192190263624,0.9258217294574813,1.7498434780268322
2012-01-09,0.0018043272096561905,0.9292965420048886,1.7561324957356073
2012-01-10,0.00896348720257904,0.9465897668691294,1.7806621728216774
2012-01-11,0.00012167210764827622,0.946826612548791,1.7817895592274038
2012-01-12,0.0019175602785337581,0.9505597699302069,1.7883792337014608
2012-01-13,-0.0045847399785772115,0.9416169605724034,1.7745860311135493
2012-01-17,0.0025782134002835335,0.9466228634383691,1.7844330754250959
2012-01-18,0.011402704294386477,0.9688196283228487,1.8158151575664818
2012-01-19,0.004985103782631766,0.9786343984993209,1.8297964617928963
2012-01-20,0.00021856255820622283,0.9790668538952119,1.8317634238046234
2012-01-23,0.000656531994871398,0.9803661746047838,1.833141306538698
2012-01-24,-0.0012864066507916098,0.9778186183867694,1.8303225346680594
2012-01-25,0.009664959902657907,0.9969341560282079,1.8548898320818306
2012-01-26,-0.004784629152308451,0.9873795666500349,1.8386161347162626
2012-01-27,-0.001372971798889725,0.9846509505513348,1.8342439185822803
2012-01-30,-0.002707636271454734,0.9792772376514449,1.8271905659229053
2012-01-31,0.0002319075606130195,0.9797362470074054,1.8259001580971428
2012-02-01,0.007812822809358761,0.9952035755145392,1.8516450023535742
2012-02-02,0.0012995697146765562,0.9977964816558922,1.855002387208609
2012-02-03,0.014359143373134,1.026483127766332,1.8970585491583085
2012-02-06,-0.0001511629741038433,1.0261767985497676,1.8958810023156478
2012-02-07,0.0016582728931815564,1.029536752611596,1.9017941226037398
2012-02-08,0.0027327580553324245,1.0350829855208885,1.9091105117006957
2012-02-09,0.001185079150023012,1.0374947199355957,1.9134325673977437
2012-02-10,-0.0071033372400729575,1.0230217078150252,1.8934381278656915
2012-02-13,0.006782160643554708,1.036742166022825,1.9137457642722593
2012-02-14,-0.0009674257060251538,1.0347717692948692,1.9114781454952503
2012-02-15,-0.005114801632156399,1.024364315328214,1.8967955127207268
2012-02-16,0.010928733821660663,1.0464880540885044,1.9291676517789154
2012-02-17,0.001884683697988341,1.050345036762173,1.9361203777080993
2012-02-21,0.0004006932388739336,1.0511665961557624,1.9383002157204734
2012-02-22,-0.0030570311463676324,1.0448961159849253,1.9286036527197292
2012-02-23,0.004708207441239086,1.0545239110947664,1.941682986650298
2012-02-24,0.002263593275729841,1.0591745176047467,1.9469822532985934
2012-02-27,0.0009208902868642563,1.0610707914169675,1.951241608449474
2012-02-28,0.003794208924671488,1.0688909246081413,1.9616272657454163
2012-02-29,-0.004552872161508603,1.059471528712295,1.9480970995950861
2012-03-01,0.0061564682574924475,1.0721505998060215,1.9664380798462497
2012-03-02,-0.003269796108642379,1.0653750898382546,1.9569293126276857
2012-03-05,-0.003897754431635625,1.0573247649288477,1.9456542251451312
2012-03-06,-0.014526980024831495,1.027438049164135,1.9004660944502776
2012-03-07,0.006779874217016129,1.0411838241202607,1.9213625042781755
2012-03-08,0.009255523851354586,1.0600760496894046,1.9503270980443954
2012-03-09,0.0030791594670285622,1.0664193523606045,1.9610384923240867
2012-03-12,0.00024435600277326734,1.0669242943336004,1.9617150465100512
2012-03-13,0.017623363039808895,1.103350451548442,2.0164492588948466
2012-03-14,-0.0012701823601976522,1.1006788129075717,2.0129288526197757
2012-03-15,0.006337765974927294,1.113992423612268,2.0309566359964233
2012-03-16,0.0012417886238414244,1.1166175553547966,2.0343641812883924
2012-03-19,0.003908442536557434,1.1248902334417696,2.0464409181929244
2012-03-20,-0.002359010031335711,1.1198775960655931,2.0373331286135103
2012-03-21,-0.00211201267915112,1.1154003877044545,2.031770825527634
2012-03-22,-0.007068519759608965,1.1004476382644812,2.0100850005306694
2012-03-23,0.003449533514259506,1.1076932027876216,2.0194182062199646
2012-03-26,0.01365528113481625,1.136474346017628,2.0613615071865623
2012-03-27,-0.0028899332724780687,1.130300077719276,2.0530556728854488
2012-03-28,-0.005163442348250051,1.1193003960834997,2.038698777094674
2012-03-29,-0.001569730581879525,1.115973665439578,2.033875422884608
2012-03-30,0.0033864467086880297,1.1231392974945762,2.0451128900394617
2012-04-02,0.007290975907218665,1.1386190549602784,2.0681769036268234
2012-04-03,-0.0038453141554496218,1.1303953928351254,2.0566635540688316
2012-04-04,-0.010387712740123931,1.1082654574714708,2.025544508365027
2012-04-05,0.00020233003898796804,1.108692022903678,2.024730012977493
2012-04-09,-0.010743059088464494,1.08603821990225,1.9904413782008339
2012-04-10,-0.016903386692454225,1.0507771092160034,1.9393777475455884
2012-04-11,0.00683334533441145,1.064790777407182,1.9617025064008171
2012-04-12,0.013544058564359446,1.0927564246195343,2.002543195323833
2012-04-13,-0.012162114462280268,1.0673040814416392,1.9651476720204863
2012-04-16,-0.0005230032929646308,1.066222874599486,1.963656622446988
2012-04-17,0.014801642973729382,1.0968063678934605,2.0095589276555073
2012-04-18,-0.0033535016014667476,1.089774724380764,1.997381869877107
2012-04-19,-0.005892528552675308,1.0774606671486913,1.9797299839211426
2012-04-20,0.001825192364485288,1.0812524324958894,1.9832880105239141
2012-04-23,-0.008821456794751121,1.0628927540836561,1.958269880890382
2012-04-24,0.0031980123923230066,1.069489910675249,1.9691565308430201
2012-04-25,0.014016782775370558,1.098497501209005,2.0100850005306707
2012-04-26,0.006320619787350098,1.1117613060388511,2.0303550166095374
2012-04-27,0.0038229486072093267,1.1198344609825308,2.0377341062526617
2012-04-30,-0.002885355646078982,1.1137179846517822,2.026007880694023
2012-05-01,0.005549044698899209,1.1254471002294824,2.0431462338840585
2012-05-02,-0.002331995492180033,1.12049056717288,2.0358674651148028
2012-05-03,-0.007804369284400673,1.1039414757225745,2.013166808838891
2012-05-04,-0.01555197357279552,1.071221033493429,1.964583672961302
2012-05-07,0.00034788746919658194,1.0719415853369179,1.9656737448956503
2012-05-08,-0.004725563737708992,1.0621504933145984,1.9533838261341483
2012-05-09,-0.0055634647116593276,1.0506777918149117,1.934416757990277
2012-05-10,0.0026402354033257195,1.056092063921675,1.9427100521821572
2012-05-11,-0.002575999376621482,1.0507955720467366,1.9330636496183473
2012-05-14,-0.011157415482549558,1.0279139937796384,1.9007667512155595
2012-05-15,-0.0052993157029064385,1.0171674373082582,1.884618454942327
2012-05-16,-0.0036360426482950686,1.0098329304774532,1.8729047694929215
2012-05-17,-0.013761571503504844,0.982174470894589,1.8299591773566095
2012-05-18,-0.007141389548820748,0.9680189908442032,1.8090627675287116
2012-05-21,0.015742292955580443,0.9990001223402183,1.8541505773496976
2012-05-22,0.0005877790683153685,1.0001750927696897,1.8556037007391728
2012-05-23,0.0023662269555175643,1.0049079609899563,1.8605649961508082
2012-05-24,0.0010107212885356002,1.0069343641476833,1.8649622925032578
2012-05-25,-0.0024466286801459007,1.0020241409731891,1.8587607497027943
2012-05-29,0.010951713231222548,1.023949735247112,1.890894932541869
2012-05-30,-0.013887292769883586,0.9958425527222072,1.8503295143093452
2012-05-31,-0.0016873131427235656,0.9924749413521923,1.8441408174744383
2012-06-01,-0.0235610592955815,0.945530121114033,1.7741850534744001
2012-06-04,0.0012944030622303723,0.9480484212604645,1.77454841078585
2012-06-05,0.005275404819638191,0.9583251652908704,1.7905214513861356
2012-06-06,0.022172903277843235,1.0017469197674314,1.8556287809576402
2012-06-07,-6.980825068756243e-05,1.001607181316643,1.8554535252846938
2012-06-08,0.008235738459342674,1.018091894560309,1.8786802544357681
2012-06-11,-0.012320358398739982,0.9932282791377338,1.84249959244646
2012-06-12,0.011252238059716438,1.0156565582419503,1.8756483007081592
2012-06-13,-0.006156796021651643,1.00324657196315,1.8565182111442522
2012-06-14,0.010327854187975466,1.023935810460947,1.887462307031433
2012-06-15,0.01051643040380643,1.045220390553431,1.9173160251279424
2012-06-18,0.0017080946839465863,1.0487138206300344,1.9215882262443795
2012-06-19,0.00922737282279796,1.0676180668602067,1.9503270980443959
2012-06-20,-0.0018267686122241682,1.0638410070735986,1.9454786636158623
2012-06-21,-0.021571711849029833,1.0193204235667954,1.880358793935124
2012-06-22,0.0062303679761244075,1.03190153286732,1.901017247543907
2012-06-25,-0.014697342592673395,1.0020379799241907,1.8550776278640102
2012-06-26,0.005048647979457387,1.0121455649263318,1.8687081148882085
2012-06-27,0.008451112160776196,1.0291504327793328,1.8951668278019822
2012-06-28,-0.0020989342018677823,1.0248913795352372,1.889203547076956
2012-06-29,0.024449394266889826,1.0743987472211205,1.961326608980135
2012-07-02,0.002695328153946905,1.0799899325670177,1.9687931735315711
2012-07-03,0.006672072447524,1.0938677760872255,1.987973423532412
2012-07-05,-0.0041924962016779595,1.085089243389164,1.9740046594152312
2012-07-06,-0.008814516528823644,1.0667101897892377,1.9469822532985939
2012-07-09,-0.0015235539381125494,1.063561445340647,1.9421965194162278
2012-07-10,-0.00856651685859602,1.0458839114303875,1.9183183162976554
2012-07-11,5.872839424472386e-05,1.046004062907317,1.918631513172171
2012-07-12,-0.004444454112171183,1.0369106917364097,1.9040742814899825
2012-07-13,0.016250342445297952,1.0700111880076153,1.9520683380899184
2012-07-16,-0.0022697795201711657,1.0653127190065503,1.9452281672875134
2012-07-17,0.007422421926481239,1.0806423414171453,1.9670519334860463
2012-07-18,0.006260602113361886,1.093668415256972,1.987321949564913
2012-07-19,0.002179485712686785,1.0982315356551284,1.995753184958362
2012-07-20,-0.009396299631727532,1.0785159234493733,1.965673744895649
2012-07-23,-0.00917671037482009,1.0594419848104266,1.9393150469994205
2012-07-24,-0.008702799245090851,1.04151907465971,1.9127560132117782
2012-07-25,-0.0008774551246140726,1.0397277332856523,1.9118916632436331
2012-07-26,0.016854597058155885,1.0741065223385275,1.9601490621374729
2012-07-27,0.01933661297157213,1.1142127174228014,2.016800076097061
2012-07-30,-9.965611907643789e-05,1.114002023188481,2.0154469677251314
2012-07-31,-0.004960382715422212,1.1035157640922892,2.00245572041552
2012-08-01,-0.0032877446967647553,1.096599941294334,1.9938238432743347
2012-08-02,-0.007715664482494633,1.080423279593289,1.9720003829321242
2012-08-03,0.018530804324845468,1.1189751963002856,2.028952053656995
2012-08-06,0.0024775187449954787,1.1242249970693,2.0360803411154484
2012-08-07,0.004599836735157554,1.1339960852445592,2.0516398639673508
2012-08-08,0.000603438672240786,1.1352838210088065,2.0544962561656903
2012-08-09,0.0004302812585102765,1.1362025936185867,2.0570896119264486
2012-08-10,0.0016147984852734943,1.1396521303309992,2.0638670821826857
2012-08-13,-0.001085540160372728,1.1373294520142978,2.0606225583107527
2012-08-14,0.0005015222110090648,1.1384013702067266,2.060760193655999
2012-08-15,0.001716028374485095,1.1420709276340388,2.065345591646951
2012-08-16,0.00654102563682717,1.1560822684875953,2.0873443076621085
2012-08-17,0.0014177900403241684,1.1591391404539766,2.0931323327141884
2012-08-20,1.3218860458850176e-05,1.1591676818129857,2.0931197926049547
2012-08-21,-0.0034067625775847563,1.1518119101558546,2.082370777997563
2012-08-22,0.00027519918772534726,1.1524040870456673,2.0832605140404974
2012-08-23,-0.007986723278727213,1.1352134312184323,2.0584176400799117
2012-08-24,0.00641250144367575,1.1489054904286764,2.078599875394144
2012-08-27,-0.0004328892418789243,1.1479752523600553,2.0771216717862018
2012-08-28,-0.0005639576918369862,1.1467638851946114,2.074828972790726
2012-08-29,0.0005435625736370783,1.1479307856970387,2.0781615832836167
2012-08-30,-0.007589336462674387,1.1316294162658473,2.054546416602626
2012-08-31,0.00530042177113021,1.1429279512318042,2.070081165092384
2012-09-04,-0.0010878623057428176,1.1405967406897362,2.0665732989265466
2012-09-05,-0.0012154270942039199,1.137995001413337,2.064080264039657
2012-09-06,0.01993882503211966,1.1806241096660641,2.1271080764726555
2012-09-07,0.004396411349738768,1.190211030251314,2.139949148327787
2012-09-10,-0.006082470304097313,1.1768891367001038,2.1208315988731137
2012-09-11,0.003334785827823196,1.1841485957419136,2.1306532571098704
2012-09-12,0.002344449147792985,1.189269221055854,2.1380323467529947
2012-09-13,0.016369295408010145,1.2251060156629814,2.1896345903926364
2012-09-14,0.003734120888674237,1.2334148305155832,2.2022875606092653
2012-09-17,-0.003635568392213609,1.2252950981510597,2.192428282044808
2012-09-18,-0.0014392410109614724,1.2220923621843092,2.1884068831130414
2012-09-19,0.0007437623856993143,1.223745070900852,2.1922404862626275
2012-09-20,-4.241652458454397e-05,1.2236507473633824,2.190987698764566
2012-09-21,-0.0006120038995928458,1.2222898644346634,2.190749436689129
2012-09-24,-0.0016154445756638924,1.2186998783276097,2.183621149230676
2012-09-25,-0.010037788540028812,1.1964290381151694,2.1505476816243774
2012-09-26,-0.005052950323429554,1.1853305912966352,2.133121211778293
2012-09-27,0.00940234219085279,1.205877817316145,2.1635765492616894
2012-09-28,-0.0042129546559512305,1.1965845540952236,2.1494199893623285
2012-10-01,0.002402384337155502,1.2018615944232196,2.157913925301945
2012-10-02,0.0010739846666813937,1.2042263600137848,2.1608831784833864
2012-10-03,0.003971270737955457,1.2129799396571377,2.1730476961525538
2012-10-04,0.007194063334499901,1.2289002575010093,2.1958358273367775
2012-10-05,-0.00023272123356920735,1.228381545083581,2.1958985278829455
2012-10-08,-0.0027479946143085642,1.2222579645990668,2.1848488565102717
2012-10-09,-0.00972596931746464,1.2006443518198848,2.153441388294096
2012-10-10,-0.005780084699609849,1.187924441072648,2.1341611232757094
2012-10-11,0.0005602743422122008,1.18915027899968,2.1353010497906695
2012-10-12,-0.0029074122258345514,1.1827855167143273,2.126055624866009
2012-10-15,0.008076495927595552,1.2004147750508851,2.1513117107186552
2012-10-16,0.009332554775165133,1.22095026646713,2.1836838497768447
2012-10-17,0.00456687998800024,1.2310930797934025,2.197176395599474
2012-10-18,-0.0026605285698081656,1.225157192912711,2.1895342695187687
2012-10-19,-0.01576783207136931,1.1900712879624638,2.136729398818
2012-10-22,-0.0005806772862012348,1.1887995633103823,2.138182522207475
2012-10-23,-0.013178845091233786,1.1599537129297546,2.092856756167375
2012-10-24,-0.0031782329177047924,1.1530888769386025,2.083335448839578
2012-10-25,0.0026025069018765085,1.1586923056011886,2.0926313400574945
2012-10-26,-4.634822514312635e-05,1.1585922540441937,2.090376261389719
2012-10-31,0.0011876026238509542,1.1611558038689207,2.0912656915763312
2012-11-01,0.009626057458085662,1.1819592138128385,2.1252912899154093
2012-11-02,-0.008854801593659383,1.162638397889069,2.0960138051309967
2012-11-05,0.0015185768395265707,1.1659225304723742,2.1030793920432824
2012-11-06,0.00842793005615339,1.184176774066242,2.127533828473952
2012-11-07,-0.02213374063443514,1.1358327718493024,2.0561500213029054
2012-11-08,-0.01199627173182233,1.1102107415444666,2.018867053126338
2012-11-09,0.0010538768139382547,1.1124346437175041,2.0241286994469325
2012-11-12,-6.61258269583449e-05,1.112294957229793,2.0245296770860826
2012-11-13,-0.003771565542109696,1.104328298354333,2.0134298452764745
2012-11-14,-0.013227468803257996,1.0764933614360381,1.9727894922448725
2012-11-15,-0.002250024434634663,1.0718212006344503,1.968254560547177
2012-11-16,0.005139078514209996,1.0824684524519155,1.9829121131032341
2012-11-19,0.018546257527914698,1.1210904486648468,2.0423568187149943
2012-11-20,0.0004735171067659625,1.1220948212772877,2.0446369776012365
2012-11-21,0.0028653506203725164,1.1281753669899235,2.051752724950456
2012-11-23,0.012290360959091109,1.1543314104344762,2.0919547858715304
2012-11-26,-0.001964935889534055,1.1500982873281629,2.085766089036623
2012-11-27,-0.005197641966785845,1.1389228462372318,2.0699306837815827
2012-11-28,0.008292998262891746,1.1566609296855366,2.0949738936335818
2012-11-29,0.004016795116117194,1.1653237947750181,2.108691855566092
2012-11-30,0.0005653369390069742,1.1665479323011154,2.1091931540791102
2012-12-03,-0.004781782918015358,1.1561879704073763,2.094472900976886
2012-12-04,-0.001610943913973776,1.1527144725190652,2.0892485691276694
2012-12-05,0.001462128280875473,1.1558620172299854,2.095124374944384
2012-12-06,0.003473720570960995,1.1633508794673904,2.106161200351502
2012-12-07,0.002705716545556409,1.1692042937358091,2.115482171787886
2012-12-10,0.00043815334489042833,1.1701547378528603,2.1166597186305465
2012-12-11,0.006385211386039792,1.1840116345944667,2.137080216020216
2012-12-12,0.0003434995389080495,1.1847618415839194,2.139184813377189
2012-12-13,-0.005772404143918572,1.1721505132760854,2.1201425045779163
2012-12-14,-0.0037386769618979513,1.1640295441943254,2.1073641332689523
2012-12-17,0.011280366399483615,1.1884405903521449,2.1442962842433033
2012-12-18,0.011511427993542328,1.213632666626129,2.1804766403762885
2012-12-19,-0.0069796145751490485,1.1981823638021192,2.1564482618032366
2012-12-20,0.0051621675775131454,1.2095297495299997,2.1744506591050947
2012-12-21,-0.00864453435567631,1.1904293937002985,2.1448975977738676
2012-12-24,-0.0027053563542180355,1.1845035016215855,2.137618829004612
2012-12-26,-0.005351599118544913,1.172812914607849,2.1226229993555727
2012-12-27,-0.0006787911831012869,1.1713380283588846,2.1194032498457838
2012-12-28,-0.010962343824528833,1.14753507433274,2.0852522504143707
2012-12-31,0.016102539912791848,1.1821158435813035,2.137531048239977
2013-01-02,0.02448665782275248,1.2355485675726858,2.217847389317491
2013-01-03,-0.0017600328227454004,1.2316139287169166,2.2111323137510985
2013-01-04,0.004968984262288138,1.2427027832082143,2.2267545371491684
2013-01-07,-0.0027321639185490815,1.236575351583903,2.2166946168369748
2013-01-08,-0.003012675726707556,1.2298372753112337,2.2073488710384463
2013-01-09,0.0024516368671592117,1.2353040265831523,2.215930587742698
2013-01-10,0.0067137976335924065,1.250311405467186,2.2403599439549002
2013-01-11,0.00040540045581036183,1.2512236827366774,2.2405728199555477
2013-01-14,-0.0010679254984418836,1.2488195435631866,2.2375411720842617
2013-01-15,0.001294940470310718,1.2517316310005722,2.241211753813812
2013-01-16,-0.00028234462107657354,1.2510958666864513,2.242239125201993
2013-01-17,0.0057591277488960564,1.2640602153577105,2.2605547193783657
2013-01-18,0.0033649365447211794,1.2716786343158173,2.271704711624908
2013-01-22,0.004179730766500383,1.2811736393952686,2.2863371839624973
2013-01-23,0.0015881450314465771,1.2847964739765412,2.2913608740639773
2013-01-24,0.0006611032381217113,1.286306960323936,2.2914862751563128
2013-01-25,0.00580568399555309,1.2995805360524106,2.3094134318027693
2013-01-28,-0.002174224586485582,1.2945807315123221,2.3033877563878984
2013-01-29,0.004490719147098551,1.304885049137888,2.3204254828477433
2013-01-30,-0.0023863785563205285,1.2993847208818416,2.308323665724744
2013-01-31,-0.0026560627759549486,1.2932774107171077,2.3000426057857744
2013-02-01,0.009416517438842857,1.3148720974472297,2.333291634921342
2013-02-04,-0.011126646892189274,1.2891153330183527,2.2948938204482823
2013-02-05,0.01022726478909643,1.312526721661912,2.329608513082559
2013-02-06,0.000397730215392819,1.3134464834130202,2.331851051641101
2013-02-07,-0.0012408888199873923,1.3105757535361136,2.3272032589603038
2013-02-08,0.005020180039117099,1.3221752598128838,2.346007611540462
2013-02-11,-0.0008174102199640239,1.320277090022965,2.3441535105118367
2013-02-12,0.001757735329520004,1.3243555230383741,2.3496656531607787
2013-02-13,0.0009107704636786602,1.3264724773958458,2.353211139654316
2013-02-14,0.0010231644644862709,1.3288528413623224,2.3559295906510864
2013-02-15,-0.001395811883761097,1.3256022008908181,2.352722381250531
2013-02-19,0.006824979617816416,1.3414743885110467,2.377840831757932
2013-02-20,-0.012284754369937192,1.3127099507846895,2.3360978666827474
2013-02-21,-0.006140195226170622,1.2985094601853642,2.315815310494647
2013-02-22,0.008118557559891038,1.3171700415398329,2.345393757900664
2013-02-25,-0.01713996132694904,1.277453836639875,2.2841322657316563
2013-02-26,0.005910172216474925,1.2909139810294885,2.304715478685039
2013-02-27,0.01262761185199027,1.319842753568227,2.3475861360222727
2013-02-28,-0.00115182175829674,1.31717070820884,2.344842298950712
2013-03-01,0.0026861081081048397,1.323394879236023,2.3526847609228305
2013-03-04,0.005252428176386219,1.3355983439645938,2.3681693489756546
2013-03-05,0.008962182542353866,1.3565304026688239,2.4005038677061425
2013-03-06,0.0012968829698452788,1.3595865468159674,2.4051642004961735
2013-03-07,0.0015251833325532782,1.363185348888888,2.4116786343148293
2013-03-08,0.0035454086684400575,1.3715638067099696,2.4272130769482647
2013-03-11,0.00271550665398431,1.378003804007439,2.4386637259600885
2013-03-12,-0.002221054725063083,1.3727221274223305,2.430570767659622
2013-03-13,0.0014006411652991088,1.3760454597078144,2.4362333916193664
2013-03-14,0.0045063757804489225,1.3867528134206872,2.455563817074687
2013-03-15,-0.0020514924590118583,1.3818564080224296,2.449951353551877
2013-03-18,-0.0056686044881319765,1.3683546060978276,2.430983979551683
2013-03-19,-0.0022698143229957965,1.3629788808909735,2.4227283056875035
2013-03-20,0.006553859666927836,1.3784655128722472,2.4456916925446737
2013-03-21,-0.007989726760345829,1.359462223315492,2.417215857182238
2013-03-22,0.00723646228859808,1.3765363827158863,2.4417204540498414
2013-03-25,-0.0029491353963678056,1.3695276551488629,2.4302324905666395
2013-03-26,0.008395130320406943,1.3894201486116455,2.458094472289277
2013-03-27,-7.436617017050483e-05,1.389242456586265,2.4562529113698854
2013-03-28,0.004397992329069092,1.3997503265826179,2.4702840701769118
2013-04-01,-0.0040785653167916365,1.3899627881316587,2.4549750436533575
2013-04-02,0.005246432318527351,1.4025015661433904,2.4728648858284363
2013-04-03,-0.010043124068093434,1.3783729448408235,2.4368720196213083
2013-04-04,0.0040850971955025545,1.388088829487652,2.451016039411436
2013-04-05,-0.003949229017823698,1.3786577197850987,2.436220851510133
2013-04-08,0.006768598695581265,1.3947578993244703,2.459008982694357
2013-04-09,0.004408090981046546,1.4053142100222722,2.4712738212373915
2013-04-10,0.011921390015018147,1.4339888988286131,2.5138309758437867
2013-04-11,0.0038462136619676957,1.4433505401843654,2.5266218872619843
2013-04-12,-0.002412983190152238,1.4374547764032513,2.5166999081513595
2013-04-15,-0.022338920149441673,1.3830046687853037,2.4359324289977615
2013-04-16,0.013813372983897055,1.415922001097603,2.4850795639345367
2013-04-17,-0.013259085654121271,1.3838890843513738,2.4351558597942513
2013-04-18,-0.00592916354137717,1.3697546161057508,2.4122423275176925
2013-04-19,0.009885908657600206,1.3931817937814985,2.4425848040179865
2013-04-22,0.004531951461953045,1.4040275775105462,2.458695785819841
2013-04-23,0.010470371387524078,1.4291986390729314,2.4947259664983465
2013-04-24,5.6682287213596504e-05,1.4293363316078906,2.495189338827341
2013-04-25,0.004770163649016027,1.4409246634681607,2.50940859927287
2013-04-26,-0.002224288008163708,1.4354953440103775,2.5030945013456276
2013-04-29,0.006959280039499847,1.4524446381442435,2.5283380470890404
2013-04-30,0.0031154023891606522,1.4600849900292023,2.5371451799031726
2013-05-01,-0.008749849909943286,1.4385596156007425,2.5043974492806234
2013-05-02,0.008704999835564123,1.4597872766535605,2.5376464784161907
2013-05-03,0.010569432654828442,1.4857858326193543,2.575305038157118
2013-05-06,0.0008618014741705532,1.487928086514378,2.582145514815846
2013-05-07,0.00498015611596708,1.500318356790519,2.60108750274125
2013-05-08,0.003989452878826784,1.5102932590570002,2.6175618418545543
2013-05-09,-0.0034391792889808172,1.501659910471183,2.6058983168420826
2013-05-10,0.00437850453182184,1.512613439726258,2.6215205402401525
2013-05-13,0.00013535093634468658,1.512953524307997,2.622021532896848
2013-05-14,0.010369718162814866,1.5390121441113234,2.659542763148852
2013-05-15,0.005681372108304609,1.5534372168895243,2.6794118015885693
2013-05-16,-0.00518456793213529,1.5401987481781183,2.6611460619928073
2013-05-17,0.009921389969188423,1.5654010505580374,2.698930328682393
2013-05-20,-0.000255279375675464,1.5647461565794938,2.696387133358569
2013-05-21,0.001458881232783627,1.5684878166141814,2.7028514067402907
2013-05-22,-0.008761584994699116,1.545983792301067,2.672646871441565
2013-05-23,-0.003903003362931781,1.536046808997746,2.662436469818569
2013-05-24,-0.00011212390925203542,1.535762457515475,2.660494588025309
2013-05-28,0.005963015342956611,1.550883247955733,2.683758937504084
2013-05-29,-0.007873676173529597,1.530798419304848,2.658364910449868
2013-05-30,0.0032764619237205675,1.5390904839623127,2.6724086093661272
2013-05-31,-0.01366701753255112,1.504388689801266,2.619879315212173
2013-06-03,0.006264888751939017,1.520078406334485,2.641740395882084
2013-06-04,-0.005517932350463815,1.5061727841704666,2.6218337371146667
2013-06-05,-0.012669338672162874,1.4744212323968537,2.572812003270227
2013-06-06,0.008683153820797599,1.4959070125752034,2.6036432381743064
2013-06-07,0.01267906634448097,1.5275527831772995,2.649946215165653
2013-06-10,-0.0006456848012318748,1.5259207807608908,2.6489063036682388
2013-06-11,-0.010303571976365066,1.4998947741897246,2.6118741376763417
2013-06-12,-0.008161837151710195,1.4794910401463768,2.5824963320180605
2013-06-13,0.01420981017486866,1.5147241371571445,2.6359902970140277
2013-06-14,-0.005760559947605814,1.5002379180133594,2.6145925886731116
2013-06-17,0.008076608262977939,1.520431360241397,2.6420037381759887
2013-06-18,0.0075112453209732165,1.539362938502844,2.6704294131014894
2013-06-19,-0.01418354852244833,1.503345761048482,2.6196162787745916
2013-06-20,-0.025414591693805843,1.4397242506630148,2.5296535351332676
2013-06-21,0.003435726336977825,1.448106475525981,2.5390870616964305
2013-06-24,-0.010679793701649048,1.421961203407692,2.4961038492324183
2013-06-25,0.009364308241901646,1.4446411946663287,2.5296535351332676
2013-06-26,0.009719531440132443,1.4684019616177308,2.564230592422298
2013-06-27,0.006138986152620738,1.4835554470792038,2.586630286076605
2013-06-28,-0.004334896236430422,1.472789491918694,2.5712710991161165
2013-07-01,0.005345100773531314,1.4860068009447285,2.591002502210587
2013-07-02,-0.0005997769241845303,1.484515751432156,2.58983749547716
2013-07-03,0.0004166254040535507,1.4855508638109742,2.592806748658601
2013-07-05,0.009198668256674605,1.5084146216422627,2.6294758631953705
2013-07-08,0.005855393142119473,1.523102375415419,2.6496204781819017
2013-07-09,0.006516013431628727,1.5395429443829998,2.6760669568427646
2013-07-10,0.0001912069823525877,1.54002852272595,2.6768936864832087
2013-07-11,0.01403810681780771,1.5756857144482552,2.727118047388776
2013-07-12,0.002584779772620713,1.582343294783589,2.738618550981211
2013-07-15,0.0017691506472055892,1.5869118490948622,2.7437676421750266
2013-07-16,-0.0034521343898761105,1.577981481737024,2.729874118713247
2013-07-17,0.0019420937696453698,1.5829881635109664,2.740635673429872
2013-07-18,0.00453023340123879,1.5946897027643079,2.759878318120558
2013-07-19,0.000797658435946451,1.5967593788943808,2.766041934736998
2013-07-22,0.002294524751186877,1.6027177075621308,2.773771841582338
2013-07-23,-0.0013837276438393871,1.599116255121067,2.766781189469131
2013-07-24,-0.004245587534443153,1.5880814795477565,2.75247445411529
2013-07-25,0.002919349195592577,1.5956369931332022,2.7621333967883337
2013-07-26,0.0012374834948824212,1.598849051070911,2.765265365533488
2013-07-29,-0.0037785407363343532,1.5890291940638557,2.7514094623994088
2013-07-30,0.00026937242431679273,1.5897266071344878,2.752950366553519
2013-07-31,-0.0007584546210397064,1.587762417022077,2.753000526990453
2013-08-01,0.012029908824120052,1.6188929629573372,2.800443736353082
2013-08-02,0.0008675389807373277,1.6211649546890814,2.806757528424001
2013-08-05,-0.0017395297625142172,1.6166053602379407,2.801495882103407
2013-08-06,-0.004974596777967129,1.6035888036436896,2.7798602175433764
2013-08-07,-0.0038559821790606665,1.5935494116152378,2.7666683284860283
2013-08-08,0.0036836425072781856,1.60310312047259,2.782165456648085
2013-08-09,-0.003022701418586348,1.595234716977611,2.7693745452298875
2013-08-12,-0.0013149271756738225,1.591822172321005,2.765152504550385
2013-08-13,0.001990421685488061,1.5969809913777215,2.7764401321421732
2013-08-14,-0.0048339468824047755,1.5844273232107868,2.757635779562015
2013-08-15,-0.013828507387080576,1.5486885508803936,2.7045929526421317
2013-08-16,-0.003731665159136812,1.5391776986135826,2.6925409900997437
2013-08-19,-0.005449382389353712,1.525340748379318,2.6710056464135814
2013-08-20,0.0037680528312128586,1.534856365736026,2.6851747464221756
2013-08-21,-0.005317431198702618,1.521377441412631,2.6640651547373078
2013-08-22,0.008788432299655948,1.5435363963583657,2.695672958844897
2013-08-23,0.004790804506536395,1.5557219819885786,2.710831809913972
2013-08-26,-0.004351976512411685,1.5445995399507102,2.6958858348455443
2013-08-27,-0.015093883226628,1.506191651636163,2.6372054641843836
2013-08-28,0.002642044263882061,1.5128131209135578,2.6479043183548416
2013-08-29,0.0022131331234707214,1.5183743108645436,2.655583758906924
2013-08-30,-0.0024137044804071065,1.5122956995070678,2.644308671424369
2013-09-03,0.0030330401634746902,1.5199155932661972,2.659680398494091
2013-09-04,0.007876421663813719,1.5397635110359809,2.6902360568513553
2013-09-05,0.0010987198589678471,1.5425539996426378,2.6948086088767513
2013-09-06,0.0004918628345487155,1.5438045874598951,2.695472622953483
2013-09-09,0.010468599590830938,1.5704346591233316,2.732617649928481
2013-09-10,0.0074241733795026715,1.5895180116933458,2.7600664197590583
2013-09-11,0.002763784204371662,1.5966748806709998,2.772067916008189
2013-09-12,-0.003042135840495661,1.588775442950396,2.760392156742807
2013-09-13,0.002987289422022487,1.596508864447113,2.770627332727947
2013-09-16,0.005422159739054019,1.610587550274015,2.7921125159771756
2013-09-17,0.0047330027543290715,1.6229434683398791,2.8081607972328624
2013-09-18,0.013683681300399545,1.6588349908296065,2.854589175316544
2013-09-19,-0.0015079158029492115,1.6548256915295,2.848074741497888
2013-09-20,-0.007260639263183288,1.6355499598766734,2.8203378550112626
2013-09-23,-0.004290738223871764,1.624241504922907,2.802322917600171
2013-09-24,-0.0023578599053836404,1.6180539110964056,2.792839230600074
2013-09-25,-0.003386256195095205,1.609188509820862,2.7825538941779997
2013-09-26,0.0036301349530879,1.618660216229558,2.7964596518926905
2013-09-27,-0.004476230827590515,1.6069384886426863,2.781213325915304
2013-09-30,-0.0056948189122821916,1.5920924460344077,2.7585879102947928
2013-10-01,0.00777994051061162,1.612258771062561,2.7889053065766203
2013-10-02,-4.212605558065748e-05,1.6121487269043802,2.7871139060941625
2013-10-03,-0.009033514950442533,1.58855184232711,2.753113387973552
2013-10-04,0.0065557461601332325,1.605521731127752,2.7797225821981284
2013-10-07,-0.008683070192325747,1.58289780304874,2.7475758592498205
2013-10-08,-0.011067597057172841,1.5543113309247394,2.7025005895380687
2013-10-09,0.0006307060166598029,1.5559223504495758,2.7049936244249584
2013-10-10,0.02159185978047841,1.611109467450274,2.7864624321266653
2013-10-11,0.006188990323721586,1.6272695986785015,2.8102653945898366
2013-10-14,0.0040691159046016695,1.6379602631881602,2.825812683188828
2013-10-15,-0.007011777363056321,1.6194634731300952,2.7987899712158684
2013-10-16,0.014017782958159072,1.6561825435632587,2.8517453232274397
2013-10-17,0.007169427057057308,1.6752258505595643,2.8779033793759314
2013-10-18,0.007007511484593818,1.6939725264312426,2.9033977273040152
2013-10-21,-1.1779842413921508e-05,1.6939407918594136,2.903798704943165
2013-10-22,0.006854841707904383,1.7124073295580766,2.9262109387067055
2013-10-23,-0.004857575379584039,1.699231606494612,2.9076947027825955
2013-10-24,0.003625141392041507,1.709016702718022,2.9204856142007927
2013-10-25,0.006450805628938771,1.7264920429128048,2.9377114422991406
2013-10-28,0.0008326661202763074,1.7287623004641408,2.9429733944760574
2013-10-29,0.005682966320462297,1.7442697647142258,2.9652103725666517
2013-10-30,-0.004914421371338909,1.7307832667337948,2.9461928381295235
2013-10-31,-0.0033793960486186297,1.7215548685525608,2.9313600299005205
2013-11-01,0.00296760594263937,1.7296313709536966,2.9427852928375544
2013-11-04,0.004131978683302791,1.7409101495917518,2.9568916922999815
2013-11-05,-0.002194486155479448,1.7348952602150596,2.946230458457224
2013-11-06,0.00536064769095655,1.7495560701767392,2.9652351469287956
2013-11-07,-0.01257145045852819,1.7149901622575672,2.9138586252553575
2013-11-08,0.012487236500598001,1.748892886510474,2.966463160064713
2013-11-11,0.0011436565982177196,1.7520366759979256,2.9693443266251967
2013-11-12,-0.0028000222587313463,1.7443309120482864,2.9601866824651712
2013-11-13,0.008252647525528537,1.766978907758833,2.993435405744416
2013-11-14,0.005704754846841119,1.7827638440939775,3.0134925458226363
2013-11-15,0.003981219127259734,1.793842636736731,3.0304678775926357
2013-11-18,-0.003765845288467483,1.7833214576064567,3.0157601645996452
2013-11-19,-0.001790957273740818,1.7783366477967975,3.008318680266677
2013-11-20,-0.0035765467765567893,1.76839979681493,2.993936704257435
2013-11-21,0.007630922279408001,1.7895252405027535,3.0266593546615166
2013-11-22,0.004630704143582187,1.802442706592577,3.047180172925054
2013-11-25,-0.0011893489755272584,1.7991096242305171,3.0421564828235743
2013-11-26,-0.0002293266242175988,1.7984677138695773,3.043196394320989
2013-11-27,0.002413091552070888,1.8052206726686588,3.0541955994004066
2013-11-29,-0.0005234410331129436,1.8037523050616473,3.0511639515291202
2013-12-02,-0.0027870470607366388,1.7959381154407916,3.0403149219041827
2013-12-03,-0.0028476021954075966,1.7879763959250385,3.0276491057219976
2013-12-04,-0.0009747002988357322,1.7852589544987834,3.023439911008051
2013-12-05,-0.004596863068930333,1.7724555004734404,3.0061137620358354
2013-12-06,0.011222819238041547,1.8035702674007674,3.051502228622102
2013-12-09,0.0016091209951685434,1.8080815511794723,3.0590189536104715
2013-12-10,-0.0035971384835483114,1.7979804929667829,3.0461528015368726
2013-12-11,-0.010955197274022607,1.7673280646974647,3.0008019552783063
2013-12-12,-0.0035697875645969344,1.7574492913849475,2.986783336580514
2013-12-13,0.00019742857670815213,1.7579936906738904,2.986457599596765
2013-12-16,0.006096744143319865,1.7748084725548199,3.0117011453401776
2013-12-17,-0.003103112636248361,1.766197929320466,2.99931121156113
2013-12-18,0.01649295153219582,1.8118206976972089,3.066034685942146
2013-12-19,-0.0008754153564751784,1.80935918667879,3.064230439494132
2013-12-20,0.005233135744762221,1.8240609446584748,3.0838242072433566
2013-12-23,0.004644532412550008,1.8371773872509576,3.106161506207819
2013-12-24,0.002879634942932339,1.8453474223945827,3.1186016004238004
2013-12-26,0.004963298439275883,1.8594697308153512,3.1381449018797687
2013-12-27,-7.234179338421007e-05,1.8592628716468962,3.137531048239971
2013-12-30,0.00014349578729335526,1.859673163823742,3.13708021602021
2013-12-31,0.0037260681864299027,1.870328501023053,3.1537298108064613
2014-01-02,-0.008278535255896061,1.8465663853313306,3.1175240685986862
2014-01-03,-0.00032742475171838664,1.8456343490393636,3.116258740991391
2014-01-06,-0.0024209213584095272,1.8387452920655503,3.10598594467855
2014-01-07,0.006412432113046246,1.8569485535371504,3.1310040743120826
2014-01-08,-0.0002791887693969502,1.8561509255862578,3.1313674316235316
2014-01-09,0.00040538945629537765,1.857308779057079,3.1327832405416283
2014-01-10,0.00307417052847144,1.866092633496399,3.1423293222315705
2014-01-13,-0.01264746524579818,1.8298438265230152,3.0906894582642286
2014-01-14,0.010836723346650484,1.8605100611852716,3.1349630785540032
2014-01-15,0.004853382153693988,1.8743932096666902,3.156435721693998
2014-01-16,-0.0007656701473830089,1.872192372594208,3.150936119154289
2014-01-17,-0.003282277177605446,1.8627650411199497,3.134837677461668
2014-01-21,0.0023274279319505085,1.8694279204392639,3.1464008816002718
2014-01-22,0.00038615379301238035,1.8705359609145171,3.1492823540170782
2014-01-23,-0.00823538394326516,1.8468959951534365,3.112450218060273
2014-01-24,-0.020397799542505354,1.7888255813259355,3.026634274443051
2014-01-27,-0.004808496566678096,1.7754155230930655,3.0071285933147838
2014-01-28,0.0068477894091103705,1.7944209841179828,3.0317332051999317
2014-01-29,-0.010435331295528245,1.7652602753695357,2.991005071403695
2014-01-30,0.011022638407768036,1.7957407394882994,3.036205742207782
2014-01-31,-0.007708374559382025,1.7741901226973997,3.0101100807491354
2014-02-03,-0.022697019364978532,1.7112242757604048,2.9185565783730905
2014-02-04,0.00691376098246224,1.7299690323728618,2.948710953234882
2014-02-05,-0.002133387547759352,1.7241449504334287,2.9418833225417105
2014-02-06,0.013301134097425836,1.7603791677199694,2.992946953196956
2014-02-07,0.012540630255961058,1.794996062228603,3.0460650207722404
2014-02-10,0.0019587648992993715,1.8004708024089764,3.0525045197918184
2014-02-11,0.011060278470292995,1.8314447893315444,3.0975421691758704
2014-02-12,-0.00020290325106818002,1.8308702799785688,3.0984566795809494
2014-02-13,0.006063289920652307,1.8480346672138368,3.1226982400109717
2014-02-14,0.0050223687185683135,1.8623385474358494,3.1428679352159703
2014-02-18,0.0004435450592168281,1.8636081235563706,3.148317683175067
2014-02-19,-0.00669592051087764,1.8444336311867335,3.121457992622143
2014-02-20,0.0058959753462588796,1.86120434175028,3.147064895677005
2014-02-21,-0.00131843412057091,1.8574320323201907,3.1396610316717366
2014-02-24,0.00585754971385093,1.8741695825034563,3.165318095163533
2014-02-25,-0.0012912488757008103,1.8704583142614752,3.159793106549035
2014-02-26,0.0002834446934477227,1.8712719304384153,3.1606950768448803
2014-02-27,0.004695511983976481,1.8847540221970442,3.181867369075916
2014-02-28,0.0024366790232233488,1.8917832418100908,3.1935556684505313
2014-03-03,-0.007718991871259859,1.8694615904731133,3.162825060276643
2014-03-04,0.01514173485619608,1.9129102170560963,3.2264538803838825
2014-03-05,-0.00048357508764350614,1.9115016062425858,3.2270304195523023
2014-03-06,0.0015277423609205332,1.915949630580331,3.2350355970881335
2014-03-07,7.356861016320543e-05,1.9161641529419584,3.237641492958125
2014-03-10,-0.0010800339182479926,1.9130145967456023,3.2359501074932124
2014-03-11,-0.004106873129036978,1.9010512153737351,3.2145900194799966
2014-03-12,0.0009301436229892709,1.9037496096616806,3.216970499240108
2014-03-13,-0.011076720618341212,1.8715855864898407,3.1681619472526377
2014-03-14,-0.002289530870952889,1.8650110026409892,3.1565109623494
2014-03-17,0.009467349047378573,1.8921350618275716,3.196474761195037
2014-03-18,0.007145782011755073,1.9128016285279452,3.226879938241499
2014-03-19,-0.006386043659460518,1.8942003501568183,3.200959838312121
2014-03-20,0.006005862360537995,1.9115825191036806,3.2264040258032702
2014-03-21,-0.0029685708532647395,1.9029392801005942,3.214026326277134
2014-03-24,-0.004034349306407073,1.8912278090293784,3.1935308940883864
2014-03-25,0.00396692679169932,1.9026970980859232,3.212422721576856
2014-03-26,-0.006595011595557561,1.8835537770656554,3.183057456027808
2014-03-27,-0.0013978070862990227,1.8795231251623488,3.1758288476954863
2014-03-28,0.004188214958230128,1.8915831869877233,3.195372455007777
2014-03-31,0.008249466336669443,1.915437205148458,3.228796739816292
2014-04-01,0.006737203092997847,1.935079097704425,3.2588636397697712
2014-04-02,0.002638963625751959,1.942824664681972,3.2717548720618366
2014-04-03,-0.0014494309446121008,1.938559243548414,3.2669942183979384
2014-04-04,-0.012737529100593992,1.9011292596698968,3.2136378887472175
2014-04-07,-0.009706451584337496,1.872969588971006,3.1683622831440523
2014-04-08,0.005274900037555489,1.8881242163637655,3.185362695132519
2014-04-09,0.010002111693509204,1.9170115573605644,3.2314277159047515
2014-04-10,-0.0207940934633941,1.856354946403008,3.1430685769637057
2014-04-11,-0.009360713513122829,1.829617426057938,3.1041820040868604
2014-04-14,0.008133759352882873,1.8526328532622176,3.137932025879124
2014-04-15,0.0067428759873700474,1.8718678028292621,3.1658943284756296
2014-04-16,0.010620923915304135,1.9023696922579232,3.209704270580086
2014-04-17,0.0009178077499127503,1.9050335096545896,3.2156299309774115
2014-04-21,0.003495333095261588,1.9151875694237295,3.231602971577697
2014-04-22,0.0036532100276233876,1.9258373618847515,3.2489291205499127
2014-04-23,-0.0020489457048286277,1.9198424799890907,3.240059287189613
2014-04-24,0.0021848658490945957,1.9262219441083546,3.247438070976414
2014-04-25,-0.009175746753103982,1.8993716726058407,3.21306165543512
2014-04-28,0.003151405783627524,1.9085087692637765,3.2269551788968993
2014-04-29,0.004222729702909947,1.920790615634921,3.2471499543203652
2014-04-30,0.0028843413752838755,1.929215172856138,3.260053726721665
2014-05-01,6.82663437059313e-05,1.9294151396659167,3.2597279897379163
2014-05-02,-0.0013681508896212793,1.925407257736513,3.2539778908698604
2014-05-05,0.0020381504819660208,1.9313696779488154,3.2622711850617403
2014-05-06,-0.008639766458279047,1.9060433285284573,3.2240486262616264
2014-05-07,0.005971729147503569,1.9233974321773393,3.2495805945174103
2014-05-08,-0.0016774829419813474,1.9184934828522295,3.2448074007442775
2014-05-09,0.0017020894652830965,1.9234610198638897,3.2520234689673657
2014-05-12,0.009530441294929077,1.951322893491716,3.293315295966466
2014-05-13,0.0007888575477618765,1.9536510668321294,3.296184228274039
2014-05-14,-0.004370470562730781,1.9407422217919614,3.276816182491017
2014-05-15,-0.009442384207609868,1.9129746038782613,3.2375787924119566
2014-05-16,0.0037657069003210458,1.9239440124445455,3.253476592356841
2014-05-19,0.0035236056567456943,1.9342468381068025,3.270151267361559
2014-05-20,-0.005748669968958292,1.917378821427067,3.2425397819672686
2014-05-21,0.00804866036833447,1.9408598127265058,3.2775802115852937
2014-05-22,0.0025881814321620207,1.9484712914883957,3.2882790657557512
2014-05-23,0.0042623285905941995,1.9610386449726533,3.306557345460747
2014-05-27,0.0061776939863664206,1.9793310356030998,3.332377124516256
2014-05-28,-0.0010829839336909653,1.9761044679583946,3.3282303244921545
2014-05-29,0.005576746468875537,1.9927014480410867,3.352008512593181
2014-05-30,0.0020833441565985167,1.9989362751153075,3.360063850565947
2014-06-02,-0.00020143405714146678,1.9983321872143023,3.3636341114216286
2014-06-03,-0.0005553434823040682,1.9966670829763506,3.3622060682506207
2014-06-04,0.001968574430180635,2.0025662451716624,3.371238617174633
2014-06-05,0.0074360208308586135,2.024893390316792,3.400052729630051
2014-06-06,0.0048387886803346785,2.039530210213076,3.421062000441051
2014-06-09,0.0005548006635480132,2.0412165435905765,3.4254342165750327
2014-06-10,-0.00042691696742635555,2.0399181966465,3.424369530715474
2014-06-11,-0.003548614527737722,2.029130698770746,3.4092106796463986
2014-06-12,-0.00662210013426045,2.0090714919637236,3.3792064802390867
2014-06-13,0.003620881422439135,2.0199669830277664,3.392999682826998
2014-06-16,0.0008782171866090975,2.0226191699352536,3.3967078848842496
2014-06-17,0.0022541219859902994,2.0294325222614806,3.4063417473388267
2014-06-18,0.00814393617444248,2.054104027367558,3.4404049660056053
2014-06-19,0.0015384370239367954,2.058802574078215,3.446693983714381
2014-06-20,0.001493300524959548,2.0633702855678338,3.4544113504504876
2014-06-23,0.0003999106049162074,2.0645953598318174,3.453834811282068
2014-06-24,-0.005779998843852403,2.046882002195114,3.4255596176673686
2014-06-25,0.004910368735471916,2.061843316319365,3.4473454576818785
2014-06-26,-0.0009406814430555346,2.05896309713016,3.4428603805647944
2014-06-27,0.0022582052816798688,2.065870863752563,3.451592578579848
2014-06-30,0.0001834792744833982,2.0664333875143046,3.4501266092248164
2014-07-01,0.006928169284836402,2.087678157123678,3.4806571873636134
2014-07-02,0.0004175730092012217,2.088967488183193,3.4838643967641687
2014-07-03,0.0048383421005445786,2.1039129696284835,3.5084439284308493
2014-07-07,-0.003464514816428112,2.0931594171563024,3.4909299836764536
2014-07-08,-0.006412668381760724,2.0733240115621587,3.460587507176159
2014-07-09,0.004311276845405844,2.0865739622116366,3.4815716977686924
2014-07-10,-0.004085961517852317,2.0739623397800346,3.463042921735349
2014-07-11,0.0019671516314355383,2.080009289811704,3.47004611395779
2014-07-14,0.005185980176070684,2.095982156930781,3.491706858736287
2014-07-15,-0.001637577042870231,2.090912247625455,3.483049901376635
2014-07-16,0.004466269122192883,2.1047170935564323,3.502405407050423
2014-07-17,-0.011571679035057212,2.068790303855142,3.4495629160219536
2014-07-18,0.010589357228038863,2.101286820640606,3.495264579482736
2014-07-21,-0.002362803361995119,2.0939590897142852,3.4849667029514286
2014-07-22,0.00532768996237847,2.1104427445005656,3.5074667174796037
2014-07-23,0.0017085062105293937,2.1157569552470408,3.5154220404348235
2014-07-24,0.0003079299728126177,2.1167163902015607,3.517677119102599
2014-07-25,-0.006263307985423549,2.097195435546511,3.4958533529040654
2014-07-28,0.00020436507223303376,2.097828394115416,3.4971688409482953
2014-07-29,-0.004793460646655096,2.082979075618133,3.4770239201054407
2014-07-30,-0.0004002505051995896,2.0817451116855974,3.4780262112751545
2014-07-31,-0.020071734139077698,2.0198891431194417,3.388752561929029
2014-08-01,-0.003236756147365516,2.0101144983710872,3.376212146839179
2014-08-04,0.006924818630741807,2.0309589953300735,3.407694855710756
2014-08-05,-0.009663063728131822,2.0016706454008446,3.365413277651176
2014-08-06,0.0012345463718993876,2.0053763470057615,3.3668037004944837
2014-08-07,-0.005075047378552997,1.9901239196543248,3.3435895114526426
2014-08-08,0.011406314641635332,2.0242302138993824,3.393788792139742
2014-08-11,0.003087256261545126,2.0335667875635974,3.4067176447595084
2014-08-12,-0.0016260301685536616,2.0286341164486967,3.399739532755535
2014-08-13,0.007290719619948399,2.050715038623134,3.430382666021111
2014-08-14,0.004277959796805382,2.0637658749098735,3.449863572787234
2014-08-15,0.000729896504019399,2.066002106911104,3.450114069115582
2014-08-18,0.00834397526643825,2.091584752658018,3.4883617081341622
2014-08-19,0.005375142797365111,2.1082024621737117,3.5117012982683384
2014-08-20,0.0023293529256373036,2.1154425626724493,3.523176721642306
2014-08-21,0.002567332974625656,2.1234409410941506,3.536631647137235
2014-08-22,-0.0017536227023104375,2.117963604150522,3.5282004117437857
2014-08-25,0.004488335047576468,2.1319580694720983,3.549948937286918
2014-08-26,0.0009821859309449709,2.1350342346242432,3.554771985640661
2014-08-27,0.00023533370130717662,2.1357720138344023,3.555936992374088
2014-08-28,-0.0016520682026017616,2.130591504599738,3.5488463252433355
2014-08-29,0.003459301117958802,2.1414211632914726,3.564318373186926
2014-09-02,-0.0006687731410888664,2.139320265192615,3.562050754409917
2014-09-03,-0.000619647197060462,2.1373749941896136,3.5593323034131465
2014-09-04,-0.001140082104192935,2.1337981291045955,3.5524670523922746
2014-09-05,0.005329227022432249,2.1504988507770677,3.575505679904846
2014-09-08,-0.0030862051418729343,2.1407757650243346,3.5622260100828633
2014-09-09,-0.006665446403502441,2.1198410924971456,3.5324472267854325
2014-09-10,0.0036303941805902237,2.1311673454437132,3.5494350986646666
2014-09-11,0.0011364761212948747,2.134725842363588,3.5547092850944946
2014-09-12,-0.006821369513893033,2.1133427190680765,3.5276492586501567
2014-09-15,-0.0009104936568182488,2.110508040270864,3.5244671294680687
2014-09-16,0.00760245004562145,2.1341555222635273,3.558392712789601
2014-09-17,0.0008714639718495038,2.136886825883353,3.5644058480952383
2014-09-18,0.004745200074623758,2.1517719814836207,3.587369540808731
2014-09-19,0.00019750879313628646,2.152394484163924,3.5852398632332907
2014-09-22,-0.008004341995544124,2.127161640607809,3.5484955080411194
2014-09-23,-0.005928479904076226,2.1086223256646677,3.522688269094844
2014-09-24,0.007878687148828948,2.1331141884324447,3.558192071041864
2014-09-25,-0.01605408994401474,2.0828148914464815,3.484490790513197
2014-09-26,0.008657174833304788,2.1095033589404495,3.523790575282103
2014-09-29,-0.002287171250033894,2.1023913922559974,3.5126534290011167
2014-09-30,-0.002549501844239118,2.094481839679889,3.500325889911914
2014-10-01,-0.012421304239188812,2.0560443392865806,3.441106600410034
2014-10-02,0.0002531808542373422,2.0568180712029887,3.441507578049184
2014-10-03,0.010683031084737976,2.089474153678039,3.491167939895565
2014-10-06,-0.0011290642456484989,2.0859859388732658,3.484252528437759
2014-10-07,-0.015064824294966684,2.0394961029274024,3.4164392879787178
2014-10-08,0.017670355030713465,2.0932050781806,3.495089323809786
2014-10-09,-0.020255659519884103,2.0305501692917973,3.4024457494993925
2014-10-10,-0.011199673862403762,1.996608995772077,3.3524718849221733
2014-10-13,-0.01616378794128565,1.948172443421468,3.2807874209858454
2014-10-14,0.0016581569070169655,1.9530609759216042,3.287577431351316
2014-10-15,-0.008149803659879822,1.9289941087721902,3.2532511762469563
2014-10-16,-0.0007573574174102552,1.9267758133583608,3.2540152053412337
2014-10-17,0.01191944601246169,1.9616613596562642,3.30882465838143
2014-10-20,0.009472128769461654,1.9897145974264672,3.3482874645703715
2014-10-21,0.019246221459766052,2.047255306670032,3.433489554547797
2014-10-22,-0.006696411358469543,2.02684963162229,3.4016312541118596
2014-10-23,0.01188275140307275,2.0628169333293402,3.455789233184559
2014-10-24,0.006334984567073578,2.0822198313337528,3.4872594019469023
2014-10-27,-0.0018136064921573602,2.07662989743739,3.480556866489744
2014-10-28,0.01211037441965609,2.1138890374460644,3.5340382913764774
2014-10-29,-0.000648281005152629,2.1118703623309347,3.528238032071487
2014-10-30,0.007077712487787229,2.1338952860547793,3.556764027870856
2014-10-31,0.012043024662386891,2.171636864274075,3.6102454527575896
2014-11-03,-0.00034660435014352255,2.1705375611398416,3.6097319199916607
2014-11-04,-0.0029114296836547197,2.1613067639711967,3.5967027464980257
2014-11-05,0.00548644726176809,2.178651106809996,3.624514567783729
2014-11-06,0.0037440829058623753,2.1905522400827038,3.6433941610192884
2014-11-07,0.0010593725873589077,2.1939322236643837,3.645912276124645
2014-11-10,0.0036178377303824833,2.2054873521714407,3.660682689663803
2014-11-11,0.0012744378415472024,2.209572546553649,3.6639275193920584
2014-11-12,-0.001270641605593995,2.205494330139826,3.661998177708032
2014-11-13,0.0007633433923943582,2.2079412230560957,3.664854569906371
2014-11-14,0.00033657974122845605,2.2090209510828283,3.6665331094057274
2014-11-17,0.00030562392780567407,2.210001704670309,3.670216537100834
2014-11-18,0.004734393880499656,2.225199117097293,3.6951218057512643
2014-11-19,-0.0010613080503441034,2.221776187310355,3.6883694157134945
2014-11-20,0.0018725430530388855,2.227809101928349,3.6977904021674233
2014-11-21,0.005101245731495311,2.244274949331643,3.723046488020069
2014-11-24,0.0023855536591131606,2.25201434130819,3.736639048860244
2014-11-25,-0.001546120537744279,2.2469863351460546,3.7317031395233986
2014-11-26,0.002789523778779222,2.2560438807373155,3.7460851155326402
2014-11-28,-0.00142068467979201,2.251418069079221,3.734233794737989
2014-12-01,-0.006549192551324677,2.230123906079965,3.7020999177552376
2014-12-02,0.006326256006317973,2.250558496841955,3.732367153600131
2014-12-03,0.0031330986640699414,2.2607428173258914,3.7514220025086367
2014-12-04,-0.000934622418886316,2.257695253986596,3.745985100515096
2014-12-05,0.000677412188310554,2.2599020564574483,3.7539275775047605
2014-12-08,-0.007287571567182189,2.2361452869190104,3.720127395275563
2014-12-09,-2.0467414976459912e-05,2.236079051390499,3.709065489649978
2014-12-10,-0.01617307793327588,2.1837416926941193,3.6422166141766272
2014-12-11,0.0044608345535478156,2.1979438376464597,3.664528832922623
2014-12-12,-0.015694789996281207,2.147752780694697,3.58908600649211
2014-12-15,-0.006305731305630313,2.1279038974430855,3.5601088726166568
2014-12-16,-0.008824293201614762,2.1003023563455745,3.5213853211598476
2014-12-17,0.020911653050717252,2.1651348035737943,3.613640457940324
2014-12-18,0.023503824242331273,2.239527575700279,3.725163625486277
2014-12-19,0.004188609274743265,2.2530966909496435,3.7467742098278407
2014-12-22,0.00427680123224275,2.267009538886102,3.765528401971065
2014-12-23,0.0020835968916778297,2.273816669806407,3.7740975785660833
2014-12-24,1.1775357525010196e-05,2.273855220168165,3.7736088201622984
2014-12-26,0.0034150119363726642,2.2850354748229957,3.7894066050896376
2014-12-29,0.0008757428460725043,2.2879123211391668,3.7943550545357168
2014-12-30,-0.004984522125839917,2.271523649426627,3.771479142586858
2014-12-31,-0.010131598311149095,2.2383778859452117,3.722307233287939
2015-01-02,0.00021291236142134933,2.2390673766280833,3.721355102555159
2015-01-05,-0.016871424553946086,2.1844196957581548,3.635351363155757
2015-01-06,-0.008500569725037163,2.1573503141005808,3.594147011064969
2015-01-07,0.01195756832240624,2.195104546199209,3.6490191646513335
2015-01-08,0.017657623340978194,2.251522498811042,3.7322793728354977
2015-01-09,-0.008023249098940602,2.225434723852271,3.692528449990508
2015-01-12,-0.008273102826570468,2.1987503707214504,3.6545566933750653
2015-01-13,-0.002161943103567339,2.191834854417436,3.6430182635986066
2015-01-14,-0.00515237372310315,2.1753893283850507,3.616171113154916
2015-01-15,-0.008523061487992168,2.1483252898909106,3.5736014184392877
2015-01-16,0.013242190087649097,2.190016011837399,3.6350507063904756
2015-01-20,0.001768956136158603,2.195659010235983,3.6423793297403426
2015-01-21,0.00535505827005262,2.2127719504470154,3.6649047303433075
2015-01-22,0.015118942037811854,2.261345663346532,3.7361756765312517
2015-01-23,-0.004819918852533542,2.2456262418991395,3.7101803359464727
2015-01-26,0.0024707004717874417,2.2536452121862456,3.7223197733971727
2015-01-27,-0.01413132009895443,2.207666910204411,3.6591041651819944
2015-01-28,-0.013234722537778984,2.165214328654241,3.5966027314804814
2015-01-29,0.01015808726726429,2.197366852024306,3.6407634907871538
2015-01-30,-0.011296969700235433,2.16124629557645,3.58054191011556
2015-02-02,0.012293074364371919,2.2001077313720665,3.640036776164254
2015-02-03,0.013434416980454184,2.243099313017694,3.7071486880751863
2015-02-04,-0.0033611305360281927,2.2321988328853384,3.688983269353293
2015-02-05,0.010853803784799842,2.267280484810935,3.7381802588706794
2015-02-06,-0.004725727216018831,2.2518402085014966,3.723259364020719
2015-02-09,-0.004757817399356053,2.2363685465775625,3.7034154057994693
2015-02-10,0.011221352503461492,2.2726849788698247,3.7538526427056844
2015-02-11,-0.0006186735038070184,2.2706602553870905,3.7553559265320944
2015-02-12,0.010443417589607564,2.3048171262278303,3.802373078037107
2015-02-13,0.0037805642697098826,2.317311199773173,3.8223424373506916
2015-02-17,0.0016115090195247803,2.322657076692178,3.8307987529626075
2015-02-18,0.0002896478815753008,2.323619477275643,3.829495805027612
2015-02-19,-0.0017468154948905208,2.317813727273618,3.825148669112097
2015-02-20,0.006210093829733349,2.3384176618295642,3.8553033498302103
2015-02-23,-0.00013364430419507016,2.3379715013240365,3.85387500080288
2015-02-24,0.002313861590709481,2.345695105371833,3.867417707062443
2015-02-25,-0.00025513030709712524,2.344841517152146,3.86451115442717
2015-02-26,-0.0005597143376296736,2.342969361397897,3.8581221217008492
2015-02-27,-0.003000863267780988,2.3329375674359607,3.8438025403814517
2015-03-02,0.006536222983991587,2.3547223905684445,3.8737443450989186
2015-03-03,-0.00433781889675104,2.340170212389283,3.8516826226812713
2015-03-04,-0.004251022654236039,2.3259710731474117,3.8313875263839376
2015-03-05,0.0018597988432814728,2.3321567103020393,3.837375887327431
2015-03-06,-0.015205701157249724,2.281488931156062,3.769412165557587
2015-03-09,0.0038894253165752896,2.294252037280962,3.7886798904667396
2015-03-10,-0.016710852009485615,2.2392022790040134,3.7077625417149846
2015-03-11,-0.0021573638002009257,2.2322141412657617,3.6994564015575477
2015-03-12,0.012635522885831297,2.2730548570196327,3.7598783181205544
2015-03-13,-0.00574156416130279,2.2542624025545908,3.73107674577437
2015-03-16,0.014056312042738278,2.3000053303538497,3.795194630141717
2015-03-17,-0.003423348879028556,2.288708260805395,3.779271444122042
2015-03-18,0.012406047404220036,2.3295081313875965,3.8375009825634407
2015-03-19,-0.004747540027990091,2.3137011582603155,3.8139864426126406
2015-03-20,0.00913001941342622,2.3439553141655254,3.857382866968714
2015-03-23,-0.0014631424484219582,2.339062631199744,3.8489014711383307
2015-03-24,-0.0059290433391928545,2.3192651841470813,3.8195362055892836
2015-03-25,-0.015267255361049182,2.2685891149696675,3.7494801207153774
2015-03-26,-0.0022576783520429234,2.2612096920830775,3.738305354106691
2015-03-27,0.0024746023195085353,2.2692798891515102,3.750444791557391
2015-03-30,0.012502757978300853,2.310154904368898,3.8090126070917734
2015-03-31,-0.008214644974584323,2.282963157018628,3.767194707217511
2015-04-01,-0.004095560193012784,2.2695175837976147,3.748891347294049
2015-04-02,0.0028688920976620118,2.278897476956939,3.7657788982994145
2015-04-06,0.007017840106518011,2.301908255175888,3.7973117676079253
2015-04-07,-0.002078315115183356,2.2950458493402075,3.787514883733313
2015-04-08,0.0031816747162565526,2.305529613407959,3.8021849763986024
2015-04-09,0.003595906209592515,2.3174159878708047,3.823595224848752
2015-04-10,0.004669886955368965,2.332907945518095,3.8486760550284513
2015-04-13,-0.004608585055910007,2.317547955767657,3.8269024492668517
2015-04-14,0.001560154754363542,2.3227238439836766,3.8347825315666713
2015-04-15,0.005446058422634733,2.3408195921602934,3.859688106073425
2015-04-16,5.5004422402917755e-06,2.3408379681454954,3.856017218487552
2015-04-17,-0.011160727829486603,2.303551784860608,3.801095210320577
2015-04-20,0.00958777149025317,2.33522548448007,3.845556626392532
2015-04-21,-0.0013509569318596582,2.330719738492497,3.8384531132962225
2015-04-22,0.0050469249007859835,2.3475296308782347,3.8632332867106403
2015-04-23,0.002541934811779727,2.356038832980428,3.8751723882699265
2015-04-24,0.00479866942627174,2.3721433539216323,3.8861718992056664
2015-04-27,-0.004034468396997947,2.3585385481300887,3.865952043563734
2015-04-28,0.002434114736418346,2.3667136163029214,3.879870341387658
2015-04-29,-0.003382995449173837,2.355324039460297,3.8619428788848786
2015-04-30,-0.009971057465410644,2.3218679106477644,3.8129339910059947
2015-05-01,0.010343290226616897,2.35622695454208,3.865513445596883
2015-05-04,0.002576948339800114,2.3648757780205796,3.8798076408414905
2015-05-05,-0.01141822804448597,2.326454859045773,3.8224926128051706
2015-05-06,-0.003931232255654866,2.3133777924069125,3.8028113701476336
2015-05-07,0.00431036936249345,2.3276596745296696,3.8221417956029544
2015-05-08,0.013821005485548047,2.3736512771453815,3.887136570047679
2015-05-11,-0.004669397855339154,2.3578983571072167,3.8632332867106403
2015-05-12,-0.002653308372747915,2.3489888172814677,3.84915196746668
2015-05-13,-0.00018644019979193144,2.3483644311372727,3.848738755574619
2015-05-14,0.011156159702558987,2.3857193194734077,3.901556166384621
2015-05-15,0.0009397202203600516,2.3889009483783803,3.9059033023001355
2015-05-18,0.0029285752852370632,2.3988255999399177,3.9211370881682885
2015-05-19,-0.0010674205148632208,2.3951976237681,3.9189572501559145
2015-05-20,-0.0008784493147837667,2.3922151147419455,3.9149107710056814
2015-05-21,0.002375090934829642,2.4002719341099614,3.9270878287840816
2015-05-22,-0.0024067088944445965,2.3920884694026086,3.9161384782852755
2015-05-26,-0.010487836131064084,2.356512801393442,3.865676161160594
2015-05-27,0.009477654659405513,2.388324670584923,3.9110649336031837
2015-05-28,-0.001225759113746585,2.3841714007396213,3.905690426299487
2015-05-29,-0.00595857324964808,2.36400656755895,3.8748215710677076
2015-06-01,0.002377699591327792,2.3720051645998588,3.8853577096744525
2015-06-02,-0.0011501114018927444,2.3681269830128113,3.8806722966659546
2015-06-03,0.0013030894953177355,2.3725159539032714,3.891922303930043
2015-06-04,-0.008550101379321814,2.3436806005940185,3.8498285216526433
2015-06-05,-0.0015718553650218288,2.3384248183030554,3.843063591505639
2015-06-08,-0.006523252350810055,2.3166474307590574,3.8125204732576083
2015-06-09,0.00026001871899569815,2.3175098211753635,3.8146626909422823
2015-06-10,0.012149841938040789,2.3578170411305424,3.8729674700390824
2015-06-11,0.0018528797485258617,2.3640386723253077,3.8828521346783296
2015-06-12,-0.007104121905031256,2.340140131503869,3.8489892519029647
2015-06-15,-0.004714482549952955,2.3243930991394963,3.8266770331569697
2015-06-16,0.006069825473510154,2.3445715850566144,3.854213277895859
2015-06-17,0.0023441310975755502,2.3524116993172135,3.86393492111507
2015-06-18,0.01008669613574938,2.386226457450157,3.9127183928840727
2015-06-19,-0.005484602161131644,2.3676543525035445,3.88667289186236
2015-06-22,0.0056599589223066404,2.3867151378032414,3.9164516751597906
2015-06-23,0.00015986600830073764,2.3872565584335734,3.9199846215440948
2015-06-24,-0.006886320237577191,2.363930825045366,3.8839544408655895
2015-06-25,-0.0029118680005564947,2.354135502519831,3.8696351654025154
2015-06-26,0.00011327960658969382,2.3545154576700047,3.8685952539051005
2015-06-29,-0.020244329416364965,2.2866055417126447,3.767482823873557
2015-06-30,0.002454864159068535,2.294673711861991,3.7804492968210237
2015-07-01,0.0063914694470140684,2.3157315182292373,3.8147880920346173
2015-07-02,0.000163314584500761,2.316273025544453,3.8132848082082074
2015-07-06,-0.003372106609824893,2.3050901993550306,3.7948563530487327
2015-07-07,0.006613216330401295,2.3269474758348547,3.8240585971777445
2015-07-08,-0.015512969065893034,2.2753366425583774,3.745145524909095
2015-07-09,0.0016075966299929799,2.2806020627070462,3.75590707962572
2015-07-10,0.01225512046174556,2.3208062361725723,3.8145877561432036
2015-07-13,0.011481009130073754,2.3589324428892753,3.868294597139818
2015-07-14,0.0050363027399737016,2.375849043554785,3.890018042464483
2015-07-15,-0.001431836529544918,2.371015379575994,3.8864976361894126
2015-07-16,0.008954549552719179,2.401201303835386,3.9257726465961733
2015-07-17,0.0023930303491851734,2.409340481779153,3.931247168917415
2015-07-20,0.00048603009054398456,2.4109975238422074,3.9351685528316356
2015-07-21,-0.0038183660594916535,2.397973086668158,3.914309457475116
2015-07-22,-0.0021145240878897853,2.390787990726397,3.9030970705387285
2015-07-23,-0.0056782786191343915,2.3715341517766375,3.8755859060183067
2015-07-24,-0.00935041727021451,2.3400089006167475,3.8234196633194797
2015-07-27,-0.005028814242862057,2.32321261628604,3.795582761815309
2015-07-28,0.011622736720291764,2.361837441590684,3.855015233174158
2015-07-29,0.007489153906032295,2.387014759597818,3.8911454288702085
2015-07-30,0.0009975098891873558,2.390393340315341,3.891684041854605
2015-07-31,-0.0018950029646970057,2.3839685348839543,3.880609596119786
2015-08-03,-0.0019183464021606958,2.3774769110200347,3.867167210734091
2015-08-04,-0.0020880485252802454,2.3704245753368114,3.856355495580531
2015-08-05,0.003890159066179007,2.3835360630554305,3.8733308273505305
2015-08-06,-0.006703229112941248,2.3608554456128705,3.836912209142108
2015-08-07,-0.002910044750339175,2.351075205866716,3.823181707100364
2015-08-10,0.011649412994749253,2.3901132649163217,3.885069593018402
2015-08-11,-0.00783085167582808,2.363565790774505,3.8392801487929846
2015-08-12,0.0018005524644902587,2.369622067448559,3.844992933189663
2015-08-13,-0.0006415685172256804,2.3674602240151352,3.8395557253397996
2015-08-14,0.004111604620676,2.3813058890321384,3.858510253374437
2015-08-17,0.005401276112773894,2.3995692557605497,3.8847438560346523
2015-08-18,-0.0031646178393360883,2.3888109182477115,3.8728423748030663
2015-08-19,-0.007848265500620209,2.3622146304299028,3.8329284305380407
2015-08-20,-0.02063776746550642,2.2928260267179668,3.7309767307568196
2015-08-21,-0.03174009973878975,2.1883114002074557,3.581030362663017
2015-08-24,-0.039967913952768726,2.0608812445093325,3.400603882723674
2015-08-25,-0.013445569793172867,2.0197259521076685,3.34114663700268
2015-08-26,0.039113905546119446,2.1378392277735734,3.510949503426965
2015-08-27,0.024369883062642483,2.2143080028237874,3.621032087692676
2015-08-28,0.0006726764408585075,2.2164701920909495,3.6244145527661775
2015-08-31,-0.008347931571633013,2.189619319025177,3.5861418335291297
2015-09-01,-0.02981489827469949,2.094521143493425,3.4507153826461376
2015-09-02,0.018435899449358927,2.151571424138785,3.53289836486151
2015-09-03,0.0010278505465454995,2.1548107685495634,3.538423047619686
2015-09-04,-0.015428737592156044,2.1061360210487043,3.4692065383517807
2015-09-08,0.02584291557535508,2.1864076320062353,3.581844858050549
2015-09-09,-0.013811542602167538,2.1423984272489096,3.5185540091799696
2015-09-10,0.005208279307944996,2.1587649159548694,3.542782723644435
2015-09-11,0.00552578178506071,2.1762195615907416,3.564581409624501
2015-09-14,-0.003875315523901058,2.163910708616391,3.54620311490196
2015-09-15,0.012591142781727429,2.203747960097216,3.6045953689070718
2015-09-16,0.009090191206889623,2.2328706416331823,3.6448601303743127
2015-09-17,-0.0008470059445219927,2.230132380981848,3.6337352183462377
2015-09-18,-0.01538015420790147,2.180452446850411,3.5588811653370556
2015-09-21,0.004944081972333217,2.1961768644567474,3.579739954837252
2015-09-22,-0.012261079617420964,2.1569882854502844,3.5234397580798795
2015-09-23,-0.001626266942754525,2.1518541797629935,3.5144072091558662
2015-09-24,-0.0031185936659812825,2.142024827281888,3.499223583724647
2015-09-25,-0.00013009392616980054,2.141616068935984,3.497143760729818
2015-09-28,-0.02508409232679228,2.0628114814074596,3.383015003170197
2015-09-29,0.0013551206051718727,2.066961960355672,3.3886773212736188
2015-09-30,0.018746877864836663,2.12445792164256,3.4726642440806827
2015-10-01,0.001729940229465168,2.1298630470964808,3.4818096539877974
2015-10-02,0.014491225910329735,2.175218599580349,3.546415990902606
2015-10-05,0.01834647305978053,2.2334726620764638,3.6298141402883397
2015-10-06,-0.0042317523002138755,2.219789406701043,3.613177085611323
2015-10-07,0.008483436596230964,2.2471042859860075,3.6520511183789335
2015-10-08,0.00791942182417709,2.2728194745338244,3.6930924490496855
2015-10-09,0.0015725788720288162,2.2779662412914408,3.6966501697961336
2015-10-12,0.0018697008429890555,2.284095057536073,3.702625990630394
2015-10-13,-0.006120386142377707,2.263995127655678,3.670993106304338
2015-10-14,-0.005252195310579531,2.2468519877524504,3.6492323465082954
2015-10-15,0.014322050841304706,2.2933535669952323,3.718536330684513
2015-10-16,0.004572194847142049,2.3084114212040645,3.7400967545891417
2015-10-19,0.000858943604037751,2.3112531600338335,3.7414498629610717
2015-10-20,-0.001914366326644705,2.304914208485269,3.7348351082685474
2015-10-21,-0.0052902718750788115,2.287430313798571,3.707862556732522
2015-10-22,0.01638009693485233,2.3412787410051643,3.786262096235242
2015-10-23,0.012001943854194692,2.381380580855923,3.839079507045244
2015-10-26,-0.00149291219026903,2.3763324765668243,3.8298591623390514
2015-10-27,-0.0027215776272835153,2.367143525636329,3.817531623249849
2015-10-28,0.011004319796007841,2.404196649791489,3.8750222128154377
2015-10-29,-0.0008173155285776167,2.4014143470072824,3.8733935278966927
2015-10-30,-0.0041308562624812525,2.387363593250654,3.8499539227449713
2015-11-02,0.011232515449199947,2.4254122071438995,3.907544527328106
2015-11-03,0.002872670379699195,2.435252287329622,3.921011992932269
2015-11-04,-0.0018629918822865906,2.4288524402047207,3.9053145288787974
2015-11-05,-0.0006817162911421178,2.4265149356363107,3.9007667512155457
2015-11-06,-4.449939312914418e-05,2.426362457801127,3.8996268247005856
2015-11-09,-0.009339696787775038,2.394361271360249,3.852509658178028
2015-11-10,0.0018905594332839686,2.4007785130817925,3.8611036091351902
2015-11-11,-0.0026601561024884946,2.3917319113670064,3.8454186851909524
2015-11-12,-0.013667758747284185,2.345374537866977,3.7784948749185236
2015-11-13,-0.011728837786266048,2.30613718257803,3.7250009099225565
2015-11-16,0.015193357655710131,2.35636850725178,3.796246775892034
2015-11-17,-0.0012916372038629046,2.3520332968179396,3.7908346482606374
2015-11-18,0.016298137080200482,2.4066651949868745,3.868657954451262
2015-11-19,-6.692125681521016e-05,2.4064372166704775,3.8633963081306675
2015-11-20,0.004182079288445859,2.4206832072017064,3.8826765731490545
2015-11-23,-0.0008687206405956463,2.4177115890946714,3.8768512336255974
2015-11-24,0.0006636008735935338,2.4199795854908857,3.8829521496958694
2015-11-25,1.819898617084074e-05,2.420041825652067,3.882827054459857
2015-11-27,0.0008107066221465098,2.422814476208141,3.8867982929546887
2015-11-30,-0.0047089056973181435,2.4066967656202616,3.864373519081915
2015-12-01,0.011002091267404887,2.444177554355989,3.9167272517065994
2015-12-02,-0.010582746669354912,2.407728695813961,3.863796979913495
2015-12-03,-0.014206946369041042,2.35931527699229,3.7940920180981275
2015-12-04,0.020538530757704725,2.428310677133623,3.8925236174606006
2015-12-07,-0.007143206838261095,2.4038215448610387,3.858698355012936
2015-12-08,-0.005616859368401955,2.3847027579284177,3.8275915435620425
2015-12-09,-0.008665703635727532,2.3553719269331803,3.790533991495356
2015-12-10,0.0018551540444303942,2.361596658733999,3.801846699305612
2015-12-11,-0.01891475820005508,2.2980128707679324,3.709341066196788
2015-12-14,0.006216548352787916,2.318515127247178,3.7320539567256112
2015-12-15,0.01090179065617428,2.3546928844537742,3.7823410181773465
2015-12-16,0.015038333953798177,2.405141876362621,3.8521964613035156
2015-12-17,-0.014996019028731714,2.354078303989156,3.7799605384172352
2015-12-18,-0.01776859276588063,2.2944810525006973,3.6948963896413787
2015-12-21,0.007706485619940114,2.319869923356959,3.7319661759609755
2015-12-22,0.008404624085102159,2.3477721820742112,3.774185359330711
2015-12-23,0.011757701766766541,2.3871342889741167,3.833842940943118
2015-12-24,-0.0017838641865425713,2.3810921014210056,3.8261258800633344
2015-12-28,-0.0008545425178704427,2.3782028144635055,3.8156399018935234
2015-12-29,0.01115949419404666,2.415901849157823,3.8677685242646502
2015-12-30,-0.006992859631665626,2.3920149270111155,3.8331287664294527
2015-12-31,-0.010003030349638068,2.3580844987497978,3.7876528249348738
2016-01-04,-0.01586559202695869,2.3048065001005793,3.715479602594761
2016-01-05,0.001988369193759133,2.3113776755367144,3.724975829704091
2016-01-06,-0.011960003890604877,2.271773585654033,3.664679008377096
2016-01-07,-0.023619241206683437,2.1944967761608147,3.5542459127654915
2016-01-08,-0.01067724182334011,2.1603883615778656,3.5049109820465363
2016-01-11,0.002114899158502415,2.167072264264308,3.5087445851961228
2016-01-12,0.007606628637479214,2.191163006846627,3.5439354961249503
2016-01-13,-0.024771804680471174,2.1121121401374774,3.431009059770134
2016-01-14,0.016316920443377972,2.1628922263389714,3.5050614633573396
2016-01-15,-0.021932443196955892,2.0935222722466986,3.4079453520390963
2016-01-19,0.0013526491350580282,2.0977067224725356,3.4103129858336505
2016-01-20,-0.01161999795803377,2.0617113766828172,3.3593872963799747
2016-01-21,0.005207028807923113,2.0776537960227506,3.3821754275641984
2016-01-22,0.020797848821583604,2.1416623743976047,3.4710731794896397
2016-01-25,-0.014275966180157139,2.0968121085912323,3.401180421892092
2016-01-26,0.013598996602275645,2.1389256459338504,3.4634438993744903
2016-01-27,-0.01096737411006777,2.1044998740712075,3.415236660917585
2016-01-28,0.006490344010642116,2.124649146234925,3.4400416086941465
2016-01-29,0.02331279399361452,2.197493448083423,3.5500740325229234
2016-02-01,-0.0004958170238271488,2.1959080763982874,3.548194851275831
2016-02-02,-0.018556734735889736,2.136602457984277,3.4630805420630404
2016-02-03,0.004200315961144076,2.1497771793523124,3.4868960446354453
2016-02-04,0.0012317783488405044,2.1536570066855103,3.494638185733696
2016-02-05,-0.01943988895038277,2.0923502646879477,3.411816575516382
2016-02-08,-0.01331566441741015,2.0511735663022734,3.349778514143864
2016-02-09,-0.00039934474394004503,2.049955096175722,3.347799012022903
2016-02-10,0.000566740462720165,2.051683629138204,3.348475566208868
2016-02-11,-0.011153005709070315,2.0176481842001492,3.295795790744112
2016-02-12,0.018433232957854824,2.0732731961643585,3.380095910425691
2016-02-16,0.016952776111097967,2.125373708587171,3.4539100519374593
2016-02-17,0.016497563887156667,2.176934761015828,3.5277743538861612
2016-02-18,-0.004535648485993415,2.1625253016769266,3.5068904841674975
2016-02-19,0.0003290803160854775,2.163566026502831,3.507429097151893
2016-02-22,0.014133925647164427,2.2082796335013173,3.5725740470510976
2016-02-23,-0.011959585753852038,2.1699099381021214,3.5158979528730416
2016-02-24,0.004341500233052774,2.1836721028371477,3.536180814917465
2016-02-25,0.011596543658911693,2.2205916953733578,3.5887602695083523
2016-02-26,-0.003226207540623955,2.210201398160473,3.5807171657884975
2016-02-29,-0.00761675192156253,2.1857500904924314,3.5439354961249485
2016-03-01,0.02355885253518447,2.2608027070882932,3.6524768703802266
2016-03-02,0.004441591089606744,2.275285859337062,3.6723838350039673
2016-03-03,0.003217099254820343,2.285822779034459,3.6892086854631643
2016-03-04,0.003196237625813353,2.296325049432564,3.7048058286427663
2016-03-07,0.00010972601627608653,2.2966867420485895,3.7092909057598504
2016-03-08,-0.010061856483140117,2.263515953180226,3.657224983934891
2016-03-09,0.005041637895044894,2.279969418880863,3.681566559382458
2016-03-10,0.0005040524545294683,2.2816226955172314,3.682593930770638
2016-03-11,0.01604270058690773,2.3342687858606155,3.760680273398844
2016-03-14,-0.00036915769380802617,2.333037914885091,3.754992569220632
2016-03-15,-0.001178654292558128,2.3291094154394525,3.7463359177173023
2016-03-16,0.006037693932382076,2.3492095591572872,3.7732332285979275
2016-03-17,0.006348786528512914,2.370472975687632,3.804765792050115
2016-03-18,0.003619273650538859,2.382671639718392,3.8259252383155937
2016-03-21,0.0009401873799886276,2.3858519849047,3.8307109721979593
2016-03-22,-0.0006882341398281781,2.3835217259762835,3.8272156461413553
2016-03-23,-0.005967307459768583,2.3633312115405762,3.796397257202833
2016-03-24,0.00024212189316253653,2.364145547660847,3.794593010754819
2016-03-28,0.00020834226873142617,2.364846441376589,3.7972490670617445
2016-03-29,0.010148754331688485,2.3989954412739762,3.8405203961818044
2016-03-30,0.004728402863035469,2.4150672610499404,3.862080820086434
2016-03-31,-0.0017599851639658716,2.4090567933365468,3.8521839211942766
2016-04-01,0.006338274717256544,2.430664331819443,3.8829396095866313
2016-04-04,-0.002911860377474257,2.420674716283204,3.8683322174675085
2016-04-05,-0.009164170409584654,2.389327070267427,3.8189599722771757
2016-04-06,0.010731843755815474,2.425700798822893,3.8713513252295604
2016-04-07,-0.011928958169452867,2.3848357572926737,3.813184487334329
2016-04-08,0.003646186183077549,2.3971774986629013,3.826639412829258
2016-04-11,-0.002429023001974568,2.388925676376859,3.813422443553443
2016-04-12,0.009693611748919176,2.4217766061295998,3.860088777856239
2016-04-13,0.010007660181254104,2.4560205836199103,3.9096115043573736
2016-04-14,0.00017391264841005522,2.4566216293125676,3.9109646127293036
2016-04-15,-6.393656462314235e-05,2.4564006248003873,3.9061287184100033
2016-04-18,0.006818125436692019,2.4799667978197366,3.938313061686012
2016-04-19,0.0015762889689275503,2.485452231095374,3.953534307444931
2016-04-20,-0.000496788483492165,2.4837206985672036,3.957593326704398
2016-04-21,-0.006112904243365434,2.4624250475262324,3.9319738835403015
2016-04-22,-0.0018272614218203327,2.4560982918109433,3.932224379868649
2016-04-25,-0.0008646155421532707,2.4531100955126344,3.9233043860714156
2016-04-26,0.0011022291356167996,2.4569162140684013,3.932512496524698
2016-04-27,0.001780501404519865,2.4630712582428576,3.9410189725735485
2016-04-28,-0.010436225648648795,2.4269298651544853,3.89574306111406
2016-04-29,-0.0027612724838403245,2.4174671780137835,3.8710005080273433
2016-05-02,0.008647210013011202,2.447018734414642,3.90908543148221
2016-05-03,-0.00804008022230816,2.419304427262149,3.866615751784127
2016-05-04,-0.004874384408237908,2.4026374230748835,3.8387663101707226
2016-05-05,0.000587931050714814,2.4046379392702337,3.8387663101707226
2016-05-06,0.004463479836284387,2.419834472062015,3.8547769710987083
2016-05-09,0.0010186132930455473,2.423317960915273,3.858485173155959
2016-05-10,0.012549541158685578,2.4662790305650466,3.9192328267027143
2016-05-11,-0.008634339568664337,2.4363500003754073,3.874758870521527
2016-05-12,0.00045038041679152426,2.4378976651208175,3.874408359175634
2016-05-13,-0.008413233947695855,2.4089738277759185,3.833467043522427
2016-05-16,0.010340737661446182,2.444225131823685,3.881311230524206
2016-05-17,-0.0101196813981887,2.4093706708259948,3.8368620487051626
2016-05-18,-0.0006818483531770392,2.407045997048722,3.8385785143885425
2016-05-19,-0.0027424613292339013,2.3977023051548945,3.820688672213464
2016-05-20,0.005931086320368744,2.4178543708176843,3.8504799956201277
2016-05-23,-0.002110381892075199,2.4106413928437602,3.840545476400269
2016-05-24,0.013803300547972155,2.4577195010505366,3.9068805132513678
2016-05-25,0.006540074745587016,2.480333245036681,3.941407410103464
2016-05-26,0.00025157549665265745,2.481208811601318,3.9410565929012478
2016-05-27,0.004325741715430278,2.4962676217777853,3.9631305495718054
2016-05-31,-0.00045886543792805724,2.4946633054044045,3.958470216781775
2016-06-01,0.0008533905336801032,2.4976456179876356,3.9649222559105857
2016-06-02,0.0025894783611099463,2.506702695630246,3.9795296480297084
2016-06-03,-0.0022066283088007445,2.498964706191521,3.9650849714742993
2016-06-06,0.004658234052843015,2.5152637027355977,3.9895268677957345
2016-06-07,0.0014327795663231146,2.5203003007391147,3.9960663818328577
2016-06-08,0.0036138022110836806,2.5330219697496044,4.013630487024187
2016-06-09,-0.0009781122608321425,2.529566277643203,4.005236871958439
2016-06-10,-0.008868356133208818,2.498264826897299,3.959384727186854
2016-06-13,-0.00738714990689271,2.4724226202069985,3.920611015293111
2016-06-14,-0.0013488285039055265,2.4677389175992572,3.9120919991350274
2016-06-15,-0.0017307282401620376,2.4617372039250593,3.9034353476316976
2016-06-16,0.0031904934927679696,2.472781853947855,3.919608724123398
2016-06-17,-0.0036860138675249244,2.4599811318753146,3.9035980631954112
2016-06-20,0.005712625426251597,2.479746708063616,3.932111518885547
2016-06-21,0.002850621320916725,2.489666148221012,3.945929801691925
2016-06-22,-0.0018619479040775115,2.4831685716504017,3.9377992230637577
2016-06-23,0.012969758739857508,2.528344427674962,4.003858683368042
2016-06-24,-0.034408463417625955,2.4069395175105237,3.824108757614665
2016-06-27,-0.01659590900233782,2.3503982593014503,3.7368146103895006
2016-06-28,0.017251537915042508,2.4081977819022815,3.8220417805853923
2016-06-29,0.016682943638198205,2.465056553405589,3.9047884560036277
2016-06-30,0.013439459118510303,2.51162503929841,3.97132382874614
2016-07-01,0.0026051117836221028,2.5207732150679485,3.9819349021519628
2016-07-05,-0.0039324406612408335,2.5069279833180076,3.948159800141233
2016-07-06,0.005358737587501676,2.5257206901188756,3.9763976792845543
2016-07-07,-0.0008756049566525123,2.5226335516068352,3.972551536025734
2016-07-08,0.01479431936961316,2.5747485173914213,4.048420420313865
2016-07-11,0.003741245470824014,2.5881225290914474,4.065633708302979
2016-07-12,0.00633382429481056,2.6108490667389637,4.101162896324789
2016-07-13,0.00033969264689469184,2.612075645615981,4.102315362948983
2016-07-14,0.00442103430156751,2.628044755945106,4.129262834266542
2016-07-15,-0.001022683169209154,2.6243344156360635,4.124514720711876
2016-07-18,0.002134554168074928,2.6320707537694568,4.1369297347093905
2016-07-19,-0.0014974305065463846,2.6266319802208273,4.129676352014925
2016-07-20,0.004650818252276746,2.6434987864287285,4.152226221123711
2016-07-21,-0.003691878294098125,2.6300474323445395,4.133697445090368
2016-07-22,0.004772696131947901,2.6473725456836776,4.157099735770712
2016-07-25,-0.003054905600053953,2.6362301668683856,4.141602607608655
2016-07-26,5.283151013469936e-05,2.6364222743992984,4.143406548200346
2016-07-27,-0.001520579234165763,2.6308928062021892,4.137443573331643
2016-07-28,0.0020053325982241988,2.638173953907124,4.146137845162674
2016-07-29,0.0024736746856278266,2.6471736127188144,4.1546063950275
2016-08-01,-0.00045107993337142286,2.645528445888595,4.148054340881143
2016-08-02,-0.006313193224261628,2.622513520405158,4.115444551460163
2016-08-03,0.0021833619907412143,2.630422778736557,4.133045971122871
2016-08-04,0.0008772573019456649,2.6336075936283536,4.135438990992215
2016-08-05,0.007514314045620884,2.6609116622054296,4.179725151391223
2016-08-08,-0.0009245994597017577,2.6575267852605386,4.17550311071172
2016-08-09,0.0007110059895391363,2.660127308711759,4.177720569051795
2016-08-10,-0.002218033087393126,2.652009025236965,4.164804256541262
2016-08-11,0.004472819580873212,2.6683438027145705,4.189948093123452
2016-08-12,-0.0005720829772371187,2.6662452056703843,4.186076563789842
2016-08-15,0.0022651911268146726,2.674549951778996,4.201185254421984
2016-08-16,-0.005537108965423801,2.654203568297103,4.173611695211717
2016-08-17,0.002116290332486102,2.661936923981626,4.1845607398541995
2016-08-18,0.0026525599019256744,2.6716504310295606,4.196111709739891
2016-08-19,-0.0016952431598085578,2.66542609075115,4.189333933627331
2016-08-22,-0.0003630203344107301,2.6640954665459273,4.186502927503782
2016-08-23,0.0017681379414520824,2.6705740927614294,4.1967631837073895
2016-08-24,-0.005196361172799808,2.6515004640639193,4.169815406533508
2016-08-25,-0.0009439414437611306,2.6480536614439765,4.162849834638768
2016-08-26,-0.0016502277918158902,2.642033541905826,4.154819882740792
2016-08-29,0.004999896914622404,2.660243334174952,4.18246868260646
2016-08-30,-0.002429377549982081,2.651351221191436,4.173185331497777
2016-08-31,-0.0020391235788648444,2.6439056648215877,4.161847849325377
2016-09-01,0.00034333544093327975,2.6451567467797386,4.161697368014575
2016-09-02,0.004074235506066679,2.6600079738226476,4.183659075414676
2016-09-06,0.0035641701727552304,2.6730528650749923,4.1992057523010216
2016-09-07,-0.00034697579413995076,2.671778404640215,4.199706744957717
2016-09-08,-0.0026743716929682124,2.661958704411993,4.188369262785318
2016-09-09,-0.02485967177917873,2.5709236129514044,4.061198791622829
2016-09-12,0.014873409447406786,2.624035421952244,4.1357650338322856
2016-09-13,-0.014147604682350743,2.572764001447627,4.061161171295128
2016-09-14,-0.00046790881465331687,2.5710922736786737,4.058543041172226
2016-09-15,0.010726349495088322,2.6093970574853604,4.11052118223255
2016-09-16,-0.0030747474280154105,2.598299073166171,4.091290771794775
2016-09-19,3.633125885062578e-05,2.59842980390122,4.091253151467074
2016-09-20,0.0008973826423930322,2.601658972347111,4.092831675948885
2016-09-21,0.011150801197802662,2.641820355530036,4.148492938847993
2016-09-22,0.007029847173340001,2.6674217960621713,4.182042930605165
2016-09-23,-0.005316868358949813,2.647922597155765,4.152326541997579
2016-09-26,-0.008043525387299355,2.61858043913464,4.108504059783889
2016-09-27,0.00670405489678588,2.642839601047034,4.141665614011144
2016-09-28,0.005568400347628766,2.66312439034786,4.170041128499711
2016-09-29,-0.008779523041414976,2.630963905359232,4.121984065497284
2016-09-30,0.007789656386107915,2.659247866532341,4.162812520167389
2016-10-03,-0.0037822369533798677,2.6454077240299663,4.1466137576009
2016-10-04,-0.005459518097250225,2.625505554588769,4.121608168076602
2016-10-05,0.00409085855988787,2.6403369850206793,4.145699247195821
2016-10-06,0.00028502753051435004,2.64137458128176,4.148317989031368
2016-10-07,-0.003405871696174878,2.6289725266602018,4.131730788934963
2016-10-10,0.004403994865291288,2.644954503033896,4.1553710358344205
2016-10-11,-0.012899726478309148,2.5979355869188776,4.091228071248607
2016-10-12,0.0015690406828710885,2.6035808942291028,4.097492008738915
2016-10-13,-0.0023083430652700836,2.5952625932617694,4.081869785340845
2016-10-14,0.00010954588132173302,2.595656439471132,4.082909696838259
2016-10-17,-0.0028774673323315398,2.585310055528266,4.067613210423938
2016-10-18,0.006684569512871584,2.6092763098196428,4.098832577001611
2016-10-19,0.0019332139069806519,2.616253812975922,4.1107465983424305
2016-10-20,-0.0015102729912240796,2.6107922825127736,4.104081683212972
2016-10-21,-0.00024363885468206954,2.6099125532165677,4.103668471320911
2016-10-24,0.0057478697943844186,2.6306618605415704,4.127934806113077
2016-10-25,-0.003453696855908235,2.618122655088952,4.10861692076699
2016-10-26,-0.0023094069282680336,2.609766937561966,4.099797247843625
2016-10-27,-0.0038653237412260193,2.5958140197179147,4.084751257757652
2016-10-28,-0.0032058028044744885,2.5842865490491342,4.069229355233451
2016-10-31,0.0006843617518679401,2.5867394976710383,4.068640275955798
2016-11-01,-0.007083161380796499,2.5613340429781575,4.034288940632972
2016-11-02,-0.006525836758350671,2.5380933583717247,4.002079822994819
2016-11-03,-0.0028506367735555626,2.5280075393360777,3.9817847266974846
2016-11-04,-0.001937453601641889,2.5211721884223715,3.97359144752315
2016-11-07,0.022997984528362096,2.602152051933408,4.08418756455479
2016-11-08,0.004286499540324519,2.6175926750481993,4.105873389551753
2016-11-09,0.006885541930994283,2.6425017611015016,4.162774593983366
2016-11-10,-0.0015837226422152097,2.6367330485881366,4.1733358128085785
2016-11-11,-0.0008636502710764902,2.6335921831048905,4.166107204476257
2016-11-14,-0.001439278016136207,2.6283624337561435,4.166257685787059
2016-11-15,0.008840981030526277,2.660440717204856,4.206108929505916
2016-11-16,-0.00043988441283467235,2.658830546389252,4.199331153393357
2016-11-17,0.003973887782902641,2.673370328397259,4.223961151353294
2016-11-18,-0.0017610229393507644,2.666901438984221,4.21232270655929
2016-11-21,0.007284110119331871,2.693611552862519,4.251284520091535
2016-11-22,0.002421415677262406,2.702555321782338,4.262897884667073
2016-11-23,6.598076844296962e-05,2.7027996192276715,4.267332801347222
2016-11-25,0.00426928411121986,2.7186079228090714,4.288041109536617
2016-11-28,-0.0045689261469240555,2.70161787784039,4.260943462764579
2016-11-29,0.0014639250628559848,2.7070367690248767,4.269211982594315
2016-11-30,-0.004311616587013961,2.6910534478028785,4.256358064773627
2016-12-01,-0.005389887727746677,2.6711590841221087,4.238092325177865
2016-12-02,0.0011715125897863933,2.6754598932082665,4.240172148172694
2016-12-05,0.006337541428616332,2.698753272550692,4.27119087300263
2016-12-06,0.00339926716440719,2.711326323099317,4.289318977253146
2016-12-07,0.013601247412679802,2.7618049906489825,4.359976069801292
2016-12-08,0.0022580442632571408,2.7702993128276097,4.372078192780614
2016-12-09,0.006197648109492696,2.7936663012359775,4.404036508234096
2016-12-12,-0.0003258816107169196,2.7924300151512083,4.398186088492172
2016-12-13,0.0068065598878163155,2.8182434171696875,4.434416605062091
2016-12-14,-0.008002402912731464,2.787688294926611,4.390657129250891
2016-12-15,0.00373376046584849,2.801830615739165,4.4118413498785145
2016-12-16,-0.001511584121058743,2.7960838289494583,4.4025206842984534
2016-12-19,0.002555085079692926,2.805783146102071,4.41331985934278
2016-12-20,0.003890466364514511,2.820589417422617,4.4337902113130605
2016-12-21,-0.0023307484374998876,2.8116845846076304,4.420623708330503
2016-12-22,-0.0016301495728358762,2.805470968610247,4.411202721876573
2016-12-23,0.0012410197443948334,2.8101936332190136,4.418518805117206
2016-12-27,0.0025640040417049623,2.8199629850942656,4.430746329188864
2016-12-28,-0.008177623804781415,2.788724764853975,4.386297453226143
2016-12-29,0.00020179435697473134,2.789489308131653,4.38496942507268
2016-12-30,-0.005172934564177334,2.7698865279090383,4.36025195220443
2017-01-03,0.008116995207671122,2.80048667878954,4.405878375009812
2017-01-04,0.006107575410973692,2.823698437778648,4.438037332211031
2017-01-05,9.192744916632566e-05,2.824049940622414,4.433903378152485
2017-01-06,0.004329657507541832,2.8406067671570447,4.454699161250192
2017-01-09,-0.003251849048868534,2.828117693694187,4.435369041651194
2017-01-10,-4.650774227128295e-07,2.8281159133230767,4.435394121869661
2017-01-11,0.003115888882742261,2.8400438971392488,4.451279075848989
2017-01-12,-0.0020259029124152657,2.832264341024232,4.439715871710386
2017-01-13,0.0015802608070532608,2.83832031816462,4.449763251913346
2017-01-17,-0.002269996194362709,2.829607345649641,4.433590181277969
2017-01-18,0.0017326753086085245,2.8362428117391136,4.444075547735134
2017-01-19,-0.0034193854586187424,2.823125218852922,4.424519706169933
2017-01-20,0.003521444074030501,2.8365881404991287,4.442948161329408
2017-01-23,-0.002103553412365509,2.828517672424341,4.4284536301933874
2017-01-24,0.006603435826304443,2.853799043184068,4.464107913451209
2017-01-25,0.007618870328064593,2.8831606383645068,4.507967710136277
2017-01-26,-0.0006361957310374412,2.8806901881434466,4.5040343978254676
2017-01-27,-0.0006158159758336205,2.878300397128327,4.499549320708383
2017-01-30,-0.006100070979157603,2.854642489427349,4.466751123792577
2017-01-31,-0.0011690565149258688,2.850136194512374,4.4619155353296005
2017-02-01,-0.0003107415463577878,2.848939797237603,4.464784467637173
2017-02-02,0.00143632673384233,2.8544681323653256,4.4682296332568425
2017-02-03,0.00624730292889838,2.8785481624179967,4.50844423428715
2017-02-06,-0.002063010898664683,2.8705466752879327,4.496818023746056
2017-02-07,0.00104002454270743,2.8745721388239267,4.4983216134287884
2017-02-08,0.0013617684764642983,2.8798484090223644,4.503883916514664
2017-02-09,0.005253769968777935,2.9002322400770972,4.5365689465910455
2017-02-10,0.0032293465420840783,2.912827441574915,4.556638626778499
2017-02-13,0.005627715421239941,2.9348477209085164,4.587219365354231
2017-02-14,0.0035702473990052684,2.948896100749572,4.611210123599581
2017-02-15,0.004910629000291666,2.9682876644610516,4.640037082020555
2017-02-16,-0.0007056680921585317,2.965487370475735,4.635739800685651
2017-02-17,0.0021211985694131468,2.9738989566130143,4.645311268450382
2017-02-21,0.006542132790585823,2.9998967312835476,4.6794619620254725
2017-02-22,-0.0014538806576537009,2.994081358793322,4.673837264249752
2017-02-23,0.0007349233932230608,2.9970167026183354,4.676868912121038
2017-02-24,0.002269800621805521,3.0060891336153057,4.686715650576263
2017-02-27,0.000988408928634917,3.0100487878838784,4.693305019193997
2017-02-28,-0.0024310980915765337,3.0002999659285257,4.678798253805065
2017-03-01,0.01277929792822638,3.0514209909954007,4.757473063998278
2017-03-02,-0.005486333376909879,3.0291935447885896,4.724198954644243
2017-03-03,0.0002540580829128043,3.030217193976264,4.727243448481086
2017-03-06,-0.0033348578899012765,3.016776992368916,4.708602117320964
2017-03-07,-0.0023335101467462345,3.007403802500006,4.69235319431754
2017-03-08,-0.0020224902281719024,2.999298867469111,4.680990631926673
2017-03-09,0.0005096686105219993,3.0013371845659558,4.685600498423447
2017-03-10,0.003661587809357022,3.0159884320220893,4.704291990020504
2017-03-13,0.0006803452938525261,3.018720690851982,4.708250994262425
2017-03-14,-0.0031606509798997344,3.006018917362497,4.689233459825297
2017-03-15,0.008660752299465729,3.0407140549127476,4.737065106717843
2017-03-16,-0.001723217241592599,3.0337510267849765,4.727945082885518
2017-03-17,-0.0009784708254470082,3.0298041190881504,4.720440592150059
2017-03-20,-0.0015863499813087755,3.0234114393991565,4.709103109977659
2017-03-21,-0.01127003583553711,2.978067448296018,4.6387714485569385
2017-03-22,0.0025551404584068307,2.98823196937943,4.64963301829111
2017-03-23,-0.0015972525771099477,2.981861755588226,4.643707357893784
2017-03-24,-0.0006107943773193617,2.9794296568166496,4.638934164120652
2017-03-27,-0.0011009006870772282,2.975048699973285,4.6331962995055065
2017-03-28,0.0067197680260921416,3.0017601051295246,4.674087454721779
2017-03-29,0.0019081053403314492,3.009395884956847,4.681403537962412
2017-03-30,0.0028857859098571914,3.020966143108695,4.698253774496399
2017-03-31,-0.0015709635922228598,3.0146493516923103,4.685412702641267
2017-04-03,-0.00110810607610351,3.0102006943522746,4.6763550734987875
2017-04-04,0.0007573133028359392,3.0132376726851495,4.680451713085955
2017-04-05,-0.0024666567448437303,3.00333839291116,4.66367671720737
2017-04-06,0.0017071472969342639,3.0101726812273313,4.676292678808944
2017-04-07,-0.000782565134920152,3.007034459901994,4.67161980590968
2017-04-10,0.000711152592888574,3.0098840728479477,4.675841234876538
2017-04-11,-0.0009611807910614408,3.0060298493027426,4.668500071417437
2017-04-12,-0.003372676817315825,2.992518805300524,4.647265078640234
2017-04-13,-0.006576086118529938,2.966263657807018,4.60881710373024
2017-04-17,0.008892569190387827,3.0015339318113874,4.65714974327948
2017-04-18,-0.002211320665860259,2.9926852571328317,4.640876351770236
2017-04-19,-0.0017565818762775036,2.985671778572472,4.631981438191469
2017-04-20,0.007098860770930541,3.0139655076071854,4.674688768252342
2017-04-21,-0.002466785134425078,3.0040639171629246,4.657462940153995
2017-04-24,0.010197171971781147,3.0448940455122386,4.718887453743038
2017-04-25,0.005932823846347546,3.0688916893614033,4.7537275474696505
2017-04-26,-0.000853536756236092,3.06541874074739,4.750996250507324
2017-04-27,0.0012898748422683975,3.0706626221043667,4.75476684725442
2017-04-28,-0.0012210356368715304,3.0656921979770964,4.743804956646381
2017-05-01,0.0021108899048831284,3.074274426594169,4.753777096193939
2017-05-02,0.0008523300336194925,3.0777470530531623,4.76061787870899
2017-05-03,-0.0008259080297234908,3.074379209018865,4.754453650379904
2017-05-04,0.0011088693481620102,3.078897163236534,4.758112303712867
2017-05-05,0.003762636557829189,3.094244570818553,4.781726858681213
2017-05-08,0.00037403686379195713,3.095775969217419,4.782528813959513
2017-05-09,-0.000330863097599251,3.0944208280931713,4.776866189999769
2017-05-10,0.0018752567759516934,3.102098918494651,4.785610622267733
2017-05-11,-0.0017849100858659886,3.0947770407618096,4.774961928534209
2017-05-12,-0.0007976959861190811,3.0915106535523416,4.76653069314076
2017-05-15,0.0052150205374095066,3.112847965639647,4.794780806536992
2017-05-16,-0.00017445001109727548,3.1121304792663995,4.791962034666353
2017-05-17,-0.017147875210408094,3.041616178959024,4.6883819558227104
2017-05-18,0.004459324582237648,3.059639057337826,4.709466467289111
2017-05-19,0.0066432799417725785,3.086608376058275,4.748227639073621
2017-05-22,0.005845890627177202,3.1104982416608182,4.778006422371051
2017-05-23,0.0021733775589263746,3.11943190629525,4.788755436978443
2017-05-24,0.003037889599406954,3.1319462856388496,4.803375369206798
2017-05-25,0.005267523139406127,3.1537114083092357,4.829959177356584
2017-05-26,0.000653714100818328,3.1564267480275774,4.832539993008109
2017-05-30,-0.0006429923943892603,3.15375419724076,4.826413690863047
2017-05-31,-0.0001850053322425525,3.1529857305654456,4.824634830489822
2017-06-01,0.007234297969716472,3.1830296668043365,4.869447063763992
2017-06-02,0.004476631003000683,3.2017555470972248,4.891308450290227
2017-06-05,-0.0009172449598729412,3.197901507999032,4.884342878395486
2017-06-06,-0.0027638872603399037,3.1862989815009115,4.868006480483751
2017-06-07,0.0021759077777603734,3.19540798201479,4.878442298216627
2017-06-08,-0.00047152321146423746,3.1934297497697077,4.880170998152917
2017-06-09,-0.0031416751305111674,3.180255355813311,4.875310329471473
2017-06-12,-0.001613487900884015,3.1735105643741006,4.869985982604711
2017-06-13,0.005057898246090445,3.194619756137689,4.897973059563362
2017-06-14,-0.0008304371438712923,3.1911363880877754,4.892523311604265
2017-06-15,-0.0020748767117598757,3.1824402968003227,4.880408954372032
2017-06-16,5.768186125941949e-05,3.1826815477412485,4.882125420055412
2017-06-19,0.008121993351826156,3.2166532594648087,4.931297329354332
2017-06-20,-0.006214701028130841,3.190448020117942,4.891633881417654
2017-06-21,0.00020565257903816525,3.1913097965606045,4.888727634638704
2017-06-22,-0.00017569580143153292,3.1905734010268505,4.886096658550246
2017-06-23,0.0017561731619564762,3.1979327735669427,4.8952796887850605
2017-06-26,-0.00013417829664268523,3.197369502097965,4.897209030469087
2017-06-27,-0.008716297692342681,3.160783979992919,4.849603105542745
2017-06-28,0.008485802228365839,3.1960915699620918,4.902295421116735
2017-06-29,-0.00963496802029781,3.1556623618752653,4.851720243008952
2017-06-30,0.0013308920880642262,3.1611931000333513,4.860990748152079
2017-07-03,0.0010195812686637283,3.165435774573438,4.875084607505272
2017-07-05,0.0024249490263692844,3.175536743999393,4.884768630396783
2017-07-06,-0.008635163057148336,3.139480303363844,4.831750883695367
2017-07-07,0.006659471492754103,3.167047054438913,4.869158947107947
2017-07-10,0.0010575934187586435,3.171454095979345,4.874633775285511
2017-07-11,-0.000625785045382381,3.168843662388582,4.870111383697049
2017-07-12,0.007599401623212033,3.200524379683455,4.913507502196799
2017-07-13,0.0019620687378994906,3.2087660972516163,4.924745275207975
2017-07-14,0.005279584536878168,3.230986633658003,4.952532322131535
2017-07-17,9.859512477713048e-05,3.231403788313079,4.9524069210392
2017-07-18,0.001455353177920451,3.237561975263465,4.9560900428779835
2017-07-19,0.005270850899631822,3.259897532613028,4.988637437609119
2017-07-20,0.00024899281469865984,3.2609582164900015,4.988123598986867
2017-07-21,-0.0001184354563608945,3.2604535679590967,4.985906140646792
2017-07-24,-0.000981143346321787,3.25627345228858,4.979680129340507
2017-07-25,0.0024806212892491035,3.266831654827193,4.997143913657969
2017-07-26,0.0015265445497499501,3.27334516343457,4.998860379341348
2017-07-27,-0.001858208980793014,3.2654043950738476,4.9936608218542755
2017-07-28,-0.0016590746732063938,3.2583277706709977,4.985843745956947
2017-07-31,-0.001132151002807238,3.2535067006151506,4.981509150150665
2017-08-01,0.002364703515627685,3.2635649828638416,4.9961792428159555
2017-08-02,0.00089052818350528,3.2673618076432875,5.000275882403123
2017-08-03,-0.0018144501264611421,3.259618892471754,4.988312006481693
2017-08-04,0.0018743833192385712,3.2676030510701164,4.9997369635624045
2017-08-07,0.0021456175190475305,3.276759694940833,5.009784343765364
2017-08-08,-0.0020757983750197954,3.267882004115725,4.995991447033775
2017-08-09,-0.0006775117003823496,3.264990464122085,4.99451293756951
2017-08-10,-0.01404093371894491,3.2051060157034144,4.909899621013416
2017-08-11,0.0017437181990031369,3.212438535591734,4.917829863750169
2017-08-14,0.010363796773273076,3.256095392494511,4.977588072092767
2017-08-15,0.000160084065701836,3.2567767255489564,4.975984161536167
2017-08-16,0.0018859724750533273,3.264804889285789,4.986169177084373
2017-08-17,-0.015276211837113213,3.199654826353103,4.894026901286999
2017-08-18,-0.0017482305690255677,3.1923128614063163,4.883365973300565
2017-08-21,0.0013394003712133217,3.1979280468091265,4.890381093919594
2017-08-22,0.009823607520542219,3.2391668443404553,4.949149551201713
2017-08-23,-0.0033553998593286766,3.2249427445072847,4.929142265704105
2017-08-24,-0.0021103451087110224,3.21602665725183,4.916952667816471
2017-08-25,0.0016211892886107086,3.222861634509064,4.927513886641683
2017-08-28,0.00042870105343857244,3.224671979740303,4.930658701352394
2017-08-29,0.0011951312521781988,3.2297210172534925,4.936484040875851
2017-08-30,0.0049668984928696435,3.250729612199348,4.965423554423603
2017-08-31,0.005736792857013296,3.2751151674757084,4.999825050183364
2017-09-01,0.0016899437035997676,3.2823398714351475,5.012114968944865
2017-09-05,-0.006322988284126197,3.2552626865994165,4.966713656393042
2017-09-06,0.0030282857915102605,3.2681488381323893,4.985430228208565
2017-09-07,0.0013842261053115552,3.2740569211754877,4.985731190830169
2017-09-08,-0.0017819944049531993,3.2664405756555013,4.977074233470517
2017-09-11,0.010636813202072057,3.3118219070964896,5.041943300966585
2017-09-12,0.0027095312573507035,3.3235049233298968,5.062627140650158
2017-09-13,0.0006812187564315605,3.326450175977193,5.067300013549422
2017-09-14,-0.00026776073875653275,3.3252917224818797,5.062602060431692
2017-09-15,0.0014092802882061262,3.331387270847115,5.074565936353123
2017-09-18,0.0012979597133568727,3.3370092370276216,5.083636411461159
2017-09-19,0.0004892657272902901,3.339131187006241,5.090451502045097
2017-09-20,0.0003866277392915959,3.340808815487563,5.09432241966606
2017-09-21,-0.003337168903478651,3.3263228032925714,5.0759569709090755
2017-09-22,0.00032795437956149545,3.3277416398033086,5.080028530277776
2017-09-25,-0.0026348129613603345,3.3163388500373356,5.066510904236679
2017-09-26,0.00032302513162196274,3.317733135962494,5.067425414641759
2017-09-27,0.0036221982402170516,3.333372821329305,5.092218128165411
2017-09-28,0.001963846591244269,3.3418829007730633,5.10083715934104
2017-09-29,0.003649168457298466,3.357727162899848,5.123587976053885
2017-10-02,0.003496226788541571,3.3729627653439342,5.147327932114566
2017-10-03,0.002209326814546413,3.382624069240422,5.16087063837413
2017-10-04,0.0020768159995345464,3.3917259730273663,5.168963596674597
2017-10-05,0.006336096055054837,3.4195523706399475,5.20486868211709
2017-10-06,-0.00034268978310803423,3.4180378351966185,5.200157883033802
2017-10-09,-0.0010078926801389014,3.4135849272019474,5.188970882172205
2017-10-10,0.003001392087606264,3.426831826080429,5.20351557374516
2017-10-11,0.0026657088398894906,3.438632470811916,5.2148157414461815
2017-10-12,-0.0010085096695317557,3.4341560670456044,5.204868682117089
2017-10-13,0.0003071770831593345,3.4355181381725526,5.210405904984498
2017-10-16,0.001137096341312376,3.4405617496192935,5.221405110063915
2017-10-17,0.0008123514926099384,3.4441690465846238,5.225576990306484
2017-10-18,0.0006591485665024733,3.4470984142409744,5.230462739206395
2017-10-19,0.00011211892155603659,3.4475970181192324,5.233018474639453
2017-10-20,0.005392457454797786,3.471580495815526,5.2653279131514745
2017-10-23,-0.0036341168620099024,3.455330249735848,5.240598206030313
2017-10-24,0.0019507730029467048,3.4640215877062444,5.2508584622339205
2017-10-25,-0.004500461374101001,3.44393143097762,5.22170607268552
2017-10-26,0.0018677579660583467,3.4522316193084457,5.229611235203806
2017-10-27,0.011054336868425586,3.501448087444537,5.279910530908451
2017-10-30,-0.003412194809575798,3.486088269644984,5.26036692359616
2017-10-31,0.001352101841635945,3.492153917856113,5.266480379775666
2017-11-01,0.00091483913719394,3.496263516070467,5.27645313103587
2017-11-02,0.001610429336955415,3.5035044307434298,5.278319466317407
2017-11-03,0.004097345144481478,3.5219568427558867,5.29837691225195
2017-11-06,0.0012336239006415627,3.5275352367947805,5.306907856806622
2017-11-07,0.00020633203041145606,3.5284694123329485,5.305755390182429
2017-11-08,0.0023381755500651675,3.539057768792083,5.314976346601267
2017-11-09,-0.0035346443997794135,3.5230138136693467,5.292763837016495
2017-11-10,-0.00048826467251978804,3.520805385810813,5.289381677799316
2017-11-13,0.0016518842544004915,3.5282732330448425,5.29570800997947
2017-11-14,-0.0011132176691834238,3.5232322792709265,5.28214022350144
2017-11-15,-0.006134547155025366,3.4954842975606057,5.248853879894494
2017-11-16,0.008914601694003722,3.5355597494950075,5.30212242878058
2017-11-17,-0.0035617861082069425,3.519405055786314,5.285798876834401
2017-11-20,0.0014023889273597086,3.5257430193948025,5.294016624514558
2017-11-21,0.006811101517546778,3.556568314542229,5.3352839830078365
2017-11-22,-0.0006426702008458441,3.5536399438683546,5.331087022546801
2017-11-24,0.0028134305307996998,3.566451293512703,5.344404006840162
2017-11-27,0.0002819168153666867,3.567738652918897,5.342675306903872
2017-11-28,0.008532430565801765,3.6067125658176558,5.405389922462354
2017-11-29,-0.0021207778540823,3.596942751827947,5.403849018308244
2017-11-30,0.008642309274110563,3.636670952804625,5.458670705601351
2017-12-01,-0.0024091574854266137,3.6255004822712156,5.445854713964687
2017-12-04,-0.0032630297365968683,3.6104073366509217,5.439215184910019
2017-12-05,-0.003354332475343452,3.5949424975970317,5.415424456699759
2017-12-06,0.0002897242455212706,3.596273763845362,5.414848223387661
2017-12-07,0.003097054127029403,3.6105086724746362,5.4347802682298685
2017-12-08,0.005693642362311429,3.636759259964043,5.4708853837074525
2017-12-11,0.003080855011687924,3.651044442968093,5.49163161808087
2017-12-12,0.0009703470096868255,3.6555575700352483,5.501916954502945
2017-12-13,0.0001382025057214974,3.6562009797569575,5.499060868160928
2017-12-14,-0.0035656345430486775,3.639598668704159,5.473717001543647
2017-12-15,0.009097034195523466,3.681805256446866,5.532159415985692
2017-12-18,0.005263397098618899,3.706447456649947,5.567462576184976
2017-12-19,-0.003105869636316103,3.691829844399421,5.546353596212754
2017-12-20,-0.0011339294485050836,3.686509640371481,5.541793278440268
2017-12-21,4.060901317483735e-05,3.6866999549032107,5.554784831606202
2017-12-22,-0.0005278468851336655,3.684226094930459,5.551815578424761
2017-12-26,-0.0006620899014679428,3.6811247161368126,5.545200517875914
2017-12-27,0.001098022387393901,3.686264695873314,5.550838061617192
2017-12-28,0.0020478842885524426,3.6958616237159916,5.564092651220708
2017-12-29,-0.0051523275622025605,3.6716670064438306,5.530480264773692
2018-01-02,0.008275090815021143,3.7103254751796912,5.58500160115784
2018-01-03,0.006324646679489317,3.7401166195556,5.627145543872174
2018-01-04,0.004120953685876877,3.759650420610444,5.655220707451781
2018-01-05,0.007522389931200794,3.7954543670104792,5.702024677099822
2018-01-08,0.0023322122879551863,3.8066383846115492,5.713287530329466
2018-01-09,0.0016651749052017618,3.814642278227984,5.724035933224212
2018-01-10,-0.001702896907999552,3.806443438779266,5.7166072948568
2018-01-11,0.007164366624370605,3.840878561733981,5.764375935346855
2018-01-12,0.00810085010448024,3.880093793336579,5.8100525185891705
2018-01-16,-0.003237719437873487,3.864293418803248,5.786174315470598
2018-01-17,0.010235901423119587,3.9140838467312467,5.850054243618831
2018-01-18,-0.0016606843039426653,3.905923104818722,5.839593345667487
2018-01-19,0.004188472026293803,3.9264714265064047,5.869747720529279
2018-01-22,0.008205501636331436,3.9668955958579426,5.925271653939465
2018-01-23,0.002865820464179939,3.9811298268999984,5.940605454825164
2018-01-24,-0.0006818998966939703,3.977733194985616,5.936721691238644
2018-01-25,0.0011907019607483396,3.9836601916609675,5.94091865169968
2018-01-26,0.011988108307881683,4.043404849808278,6.0232270350073875
2018-01-29,-0.005596713428412728,4.015178358160434,5.976360058956855
2018-01-30,-0.010419725029581745,3.9629215786940932,5.900804371543241
2018-01-31,0.001659378858476121,3.971156945838054,5.904374938255245
2018-02-01,-0.0028980467025533146,3.956750300843293,5.90123073525718
2018-02-02,-0.019834322683413577,3.85843651591526,5.75529322598591
2018-02-05,-0.040073360153586236,3.6637426396296533,5.478489583604134
2018-02-06,0.017555922389546237,3.745618943455809,5.592192895018783
2018-02-07,-0.00538495423561595,3.7200640026256275,5.559394698102977
2018-02-08,-0.03748686272636519,3.543123611299543,5.314124230886035
2018-02-09,0.015284487621803374,3.6125629279007736,5.410501393328469
2018-02-12,0.014663644839348594,3.6801999124746567,5.499925218129074
2018-02-13,0.0037510693899649407,3.697755667105257,5.517276447319756
2018-02-14,0.01316633391898037,3.7596078868881477,5.6064873961197135
2018-02-15,0.012915778276311601,3.821081927037379,5.687818262619852
2018-02-16,0.0005263975696921248,3.8236197328470576,5.690912305180983
2018-02-20,-0.0057291560877797375,3.795984462489483,5.6522893804543655
2018-02-21,-0.005609269420419127,3.7690824935032357,5.615858222136709
2018-02-22,0.0011063855061548243,3.774358937251704,5.622848874249916
2018-02-23,0.016228860426556163,3.851841342070643,5.729423286493467
2018-02-26,0.011520013238044812,3.90773461856019,5.809375964403207
2018-02-27,-0.012282534978917962,3.847455196440478,5.723823057223567
2018-02-28,-0.009780182812532942,3.800046198443728,5.64990859483793
2018-03-01,-0.013179523024075778,3.7367838790547117,5.56232663681304
2018-03-02,0.0056623680870707006,3.7636052929268216,5.596227139916106
2018-03-05,0.010849885613918841,3.815289865464935,5.669038684401837
2018-03-06,0.0028379306369643235,3.8289553241000025,5.686991227123084
2018-03-07,-0.00022515823167893465,3.8278680450583717,5.684210381436468
2018-03-08,0.005342977325373365,3.8536632345530126,5.715855500015435
2018-03-09,0.01712875196293252,3.936800428209277,5.8327403288995265
2018-03-12,-0.0006576609682707698,3.9335536872595007,5.824058903034053
2018-03-13,-0.005696670429858766,3.905448857855169,5.781025530133107
2018-03-14,-0.005019922063044436,3.8808238869044853,5.744093379158755
2018-03-15,-0.0006978884396528946,3.8774176163378327,5.739232710477311
2018-03-16,0.0019642014885074576,3.8869978472799165,5.750946395926716
2018-03-19,-0.013243250297035254,3.822278111587316,5.655095306359445
2018-03-20,0.003067603421897202,3.8370709484237615,5.66508029187256
2018-03-21,-0.0026287755555931057,3.8243553745538756,5.6535042417684
2018-03-22,-0.024810438368299395,3.7046610028667324,5.486332351432573
2018-03-23,-0.020971673518457655,3.605996388299592,5.350417142145797
2018-03-26,0.028268924933675485,3.736202954445213,5.522876064877008
2018-03-27,-0.018095285665880728,3.650500009012939,5.410200430706862
2018-03-28,-0.00433431780760495,3.630343264009607,5.392586165078598
2018-03-29,0.014203432894179222,3.696110033836982,5.480907683691942
2018-04-02,-0.023149459426050283,3.587397625148405,5.336210727665824
2018-04-03,0.012752945074515347,3.6459004550968857,5.416401973507325
2018-04-04,0.01168400463657395,3.7001831775552994,5.491080464987237
2018-04-05,0.007108775484212023,3.73359572449921,5.536569252447372
2018-04-06,-0.02234021951193945,3.6278461569331197,5.393413200575364
2018-04-09,0.0037558562516169032,3.645227681853158,5.416652163979349
2018-04-10,0.015814463296076515,3.718689464529744,5.524179012812002
2018-04-11,-0.005661204753179009,3.6919759973043726,5.488424408680312
2018-04-12,0.008591145173515745,3.7322854442478652,5.542745103316724
2018-04-13,-0.002994879152253946,3.718112821228373,5.523978371064267
2018-04-16,0.00796491669669901,3.755692196815085,5.577059124168173
2018-04-17,0.012409786875922762,3.814709323425049,5.6471650636226896
2018-04-18,0.0015451752279675044,3.8221488930014704,5.652702286490099
2018-04-19,-0.005397397044371982,3.796121840818863,5.615431858422765
2018-04-20,-0.009076967839664041,3.7525875971146396,5.559282142976195
2018-04-23,-0.0006713922759719383,3.7493967465110574,5.559645500287645
2018-04-24,-0.013892196380779213,3.6834171942182916,5.472025616078732
2018-04-25,0.0014635501671685447,3.6902716102358095,5.483914251344761
2018-04-26,0.010881456712372482,3.7413085977318605,5.551589856458556
2018-04-27,0.002087907503412946,3.7512080115290614,5.5592570627577285
2018-04-30,-0.007594236067675624,3.7151262162828784,5.505775637870995
2018-05-01,0.0033065867770120634,3.7307171902815828,5.522400152438778
2018-05-02,-0.007575096656349389,3.6948815503113464,5.475395541043
2018-05-03,-0.000991346070478623,3.690227297935083,5.461502323437544
2018-05-04,0.01241878379049818,3.7484742166764313,5.545451320060583
2018-05-07,0.003649118405512346,3.765801961338606,5.5682021367734285
2018-05-08,-0.0007973471797397208,3.7620019625855345,5.566522985561427
2018-05-09,0.009050599525730106,3.805100935289637,5.630878826147888
2018-05-10,0.009386890088171783,3.8502058896317726,5.694520798077006
2018-05-11,0.002089638727956692,3.860341067697311,5.708288614590128
2018-05-14,0.0009220615660800254,3.8648226013938753,5.714515237609057
2018-05-15,-0.007207401112976892,3.8297598735621543,5.66887596883812
2018-05-16,0.004602077728044411,3.851986803908077,5.697815482385874
2018-05-17,-0.0014438185059037793,3.844981415570194,5.694006959454755
2018-05-18,-0.0017751699199902386,3.8363807502983622,5.67693161266721
2018-05-21,0.007760609196570067,3.8739140112272423,5.726454033312022
2018-05-22,-0.0033953958599182606,3.857365143771924,5.705482688685046
2018-05-23,0.004260850094356063,3.8780616485030865,5.727456630338058
2018-05-24,-0.0016305367634121069,3.870107789651012,5.714088873895118
2018-05-25,-0.0015020857400348969,3.8627924701877445,5.699043189665468
2018-05-29,-0.010870368455223487,3.8099321243155178,5.621859123189431
2018-05-30,0.01258563561282991,3.8704681773545984,5.707123302000377
2018-05-31,-0.006479378334706365,3.8389105713663705,5.662449315784098
2018-06-01,0.01109942991434408,3.8926197201150305,5.735348946890787
2018-06-04,0.004969695921386434,3.9169345523829815,5.765678883281848
2018-06-05,0.0008356668865033043,3.9210434717715117,5.770840514584897
2018-06-06,0.008348845306658595,3.962128502464675,5.829057207060739
2018-06-07,-0.0014974027737075207,3.9546981974815916,5.825412011405978
2018-06-08,0.0028946647100451693,3.9690403875027664,5.847009749781985
2018-06-11,0.000733356196280807,3.972684464060511,5.854363759206642
2018-06-12,0.0021265336616444596,3.9832590449620726,5.866615751784121
2018-06-13,-0.003896395638454596,3.9638422961539934,5.839229988356034
2018-06-14,0.0033152982199981906,3.980298913682785,5.858222442574695
2018-06-15,-0.0008506396789337345,3.9760624738138555,5.8519585050843865
2018-06-18,-0.0021385258662272723,3.9654210355016417,5.837501288419744
2018-06-19,-0.003750141043977271,3.9468000062757786,5.810315555026748
2018-06-20,0.0014123237967987453,3.9537864896426456,5.821966845786309
2018-06-21,-0.006344006886264342,3.9223596340392692,5.779334144668191
2018-06-22,0.0016799878221805922,3.930629138280848,5.792150136304856
2018-06-25,-0.01456998655346693,3.8587899380359634,5.698942868791599
2018-06-26,0.0024747168997009206,3.870814067607718,5.713700436365201
2018-06-27,-0.008974840777837292,3.827099286892489,5.655922341856209
2018-06-28,0.0071298706867894465,3.861515880600326,5.697953117731118
2018-06-29,0.0011617044335334335,3.8671635251525123,5.70345302612715
2018-07-02,0.003266249993110752,3.88306089798301,5.724324661592903
2018-07-03,-0.005113617209858715,3.858090793738296,5.691050552238869
2018-07-05,0.008714703405121146,3.9004276141208747,5.750369550901969
2018-07-06,0.008412604125700381,3.9416529716851247,5.808098096686673
2018-07-09,0.008800230189123372,3.98514065535072,5.870149004024746
2018-07-10,0.00392524851657294,4.004708571313042,5.894151996523009
2018-07-11,-0.006156243814227942,3.973898365128883,5.845243123661671
2018-07-12,0.00925659288520033,4.019939717347245,5.90581552153548
2018-07-13,0.0012629085217293141,4.026279441994849,5.913294932052472
2018-07-16,-0.0009983238513604884,4.021261587344303,5.9065171559399126
2018-07-17,0.004385786636537369,4.043283769312636,5.934066246644358
2018-07-18,0.00138104583760502,4.050248775370107,5.949036690218606
2018-07-19,-0.0035768098781121184,4.032184995663439,5.922289554792461
2018-07-20,-0.0008591843761635188,4.0278614209372,5.916013383049242
2018-07-23,0.0014789313888934955,4.035297283011631,5.928741899777594
2018-07-24,0.004520874134172499,4.058061228256267,5.962203804913808
2018-07-25,0.010099941195439662,4.109147349224588,6.025620054876724
2018-07-26,0.00048564676602492075,4.111628590111884,6.004322667409676
2018-07-27,-0.007459625615122194,4.073497754546095,5.9583702017642235
2018-07-30,-0.007479542135000371,4.035550314319138,5.918907395575282
2018-07-31,0.004952987188520214,4.060491330513108,5.952920453805127
2018-08-01,-0.00022275710439858144,4.059364070117489,5.945691845472806
2018-08-02,0.005805784575178967,4.088737647995991,5.9806322600732855
2018-08-03,0.004665791012494622,4.1124806343789535,6.013993844335633
2018-08-06,0.0030051529694711983,4.127844420738722,6.039475346298159
2018-08-07,0.0031880899387200044,4.1441924499438,6.059432471358833
2018-08-08,1.5155986209157971e-05,4.1442704152536285,6.057791246330854
2018-08-09,-0.0009340652286438402,4.139465331131999,6.049435251592806
2018-08-10,-0.006596012275767493,4.105565354716971,6.0014035746651695
2018-08-13,-0.0035095815771119315,4.0876469566073155,5.973466046430808
2018-08-14,0.006357684556939606,4.119992611094498,6.0186294027635165
2018-08-15,-0.007506041945317088,4.081561731795909,5.966563480938557
2018-08-16,0.008824674290527468,4.126404858966217,6.023828348537943
2018-08-17,0.0030781637026571435,4.142184772328212,6.047756712093449
2018-08-20,0.0021375461781096513,4.153176429735437,6.065132409789953
2018-08-21,0.0018233678952511876,4.162572566195982,6.0799909099500695
2018-08-22,0.0004995516309781612,4.165151537741468,6.077385014080078
2018-08-23,-0.001284479471283757,4.1585170066251695,6.065846890159942
2018-08-24,0.006574992845059921,4.19243421903485,6.109719532810566
2018-08-27,0.0075431680957380905,4.231601623175092,6.165067292978836
2018-08-28,0.0009077869623067436,4.236350802920593,6.167059641065353
2018-08-29,0.007126636436509952,4.273668371347035,6.2085392638466335
2018-08-30,-0.004136348956035152,4.251854638684738,6.177783575454279
2018-08-31,0.0005480079022098471,4.254732696527994,6.179474349206545
2018-09-04,-0.0006479901313335553,4.251327681597848,6.168274502379393
2018-09-05,-0.004256762946127598,4.228974024504848,6.148229902410407
2018-09-06,-0.0033848294640715796,4.211274839159839,6.124226909912144
2018-09-07,-0.002428385179849957,4.198619856572298,6.109042978624602
2018-09-10,0.0020720452899531403,4.209391632360366,6.122522678481676
2018-09-11,0.004233751864929639,4.231446903899021,6.1496460171848275
2018-09-12,0.0008492050114676687,4.235889474827038,6.152264147307729
2018-09-13,0.006135836822845759,4.2680160382670325,6.191939829497318
2018-09-14,-3.134839309990278e-05,4.267850894429408,6.1949965575870705
2018-09-17,-0.006730418527067562,4.232396053171711,6.1550327587414335
2018-09-18,0.006015430041393302,4.263871165578427,6.193731535836098
2018-09-19,-0.00033688686960607644,4.2620978364994455,6.202764084760109
2018-09-20,0.008171019711065639,4.305094541643038,6.259553039921267
2018-09-21,-0.00045235016720331675,4.302694781240096,6.257047464925143
2018-09-24,-0.002873997506280527,4.287454849662246,6.231540271031503
2018-09-25,-0.0005474717109469397,4.284560117709146,6.2226331231998255
2018-09-26,-0.003598241890288455,4.265544992121858,6.198855240955122
2018-09-27,0.0034966703498472383,4.283956867171597,6.220090233732324
2018-09-28,0.001072022562582011,4.289621388152915,6.220340424204349
2018-10-01,0.003941052793350421,4.31046806530046,6.246686887847668
2018-10-02,-0.0006576918426111634,4.306975413773465,6.244080991977676
2018-10-03,-0.0004983617051264232,4.3043306204571925,6.249229777315168
2018-10-04,-0.009348789255059733,4.254741551347378,6.191701873278202
2018-10-05,-0.005732427895459625,4.224619124295003,6.152038425341524
2018-10-08,-0.0016237714229554233,4.2161355370651465,6.149232499436441
2018-10-09,-0.0004837084892344597,4.21361244802487,6.141176855607353
2018-10-10,-0.034150304004998674,4.035565997960576,5.906542236158378
2018-10-11,-0.020133261236143257,3.934183632251795,5.764476256220719
2018-10-12,0.01604005364388708,4.013328202401904,5.861304250882914
2018-10-15,-0.006985607772174532,3.9783070579467434,5.820939168541805
2018-10-16,0.02266666594433217,4.0911486809975335,5.96775326203413
2018-10-17,-2.9396211658999465e-05,4.090999020513319,5.96627536428251
2018-10-18,-0.015160474759362825,4.0138170583628865,5.866690992439521
2018-10-19,-0.0002981162618887673,4.012322357963653,5.8643982934440455
2018-10-22,-0.0028563799280199057,3.9980052609875996,5.835058108113466
2018-10-23,-0.005630972319724842,3.969861631709139,5.797725285356287
2018-10-24,-0.030330952623129195,3.819120994014262,5.587920693902341
2018-10-25,0.020212613083948866,3.916528022071007,5.710606393804069
2018-10-26,-0.018399426921368506,3.826066724022051,5.594347958669007
2018-10-29,-0.009325663111347528,3.781060451600937,5.551176338710169
2018-10-30,0.015500406864725574,3.8551688338456005,5.654393671955007
2018-10-31,0.01147925595061703,3.910902559572772,5.726830236589024
2018-11-01,0.011394964348197832,3.966862119156578,5.798038482230799
2018-11-02,-0.006445765902440728,3.9348468886667938,5.755693897768729
2018-11-05,0.004641890350938835,3.9577539068226573,5.793716120677429
2018-11-06,0.0060439826811431495,3.987718485572863,5.836774573796841
2018-11-07,0.023038633910830407,4.102628705812258,5.981859967352876
2018-11-08,-0.001944912451623236,4.092704539706314,5.968004064218797
2018-11-09,-0.009322649524411954,4.04522704015125,5.905101652878134
2018-11-12,-0.021137270138145182,3.938584713295299,5.7690488082461115
2018-11-13,-0.001565035796065338,3.9308556514370903,5.759252230227822
2018-11-14,-0.008369992494286169,3.889584426644153,5.709854598962699
2018-11-15,0.010255839153914835,3.9397312180533026,5.783130433346393
2018-11-16,0.002663275585410275,3.9528870836048338,5.798702190451206
2018-11-19,-0.01868571337743932,3.860338855169773,5.685751285590569
2018-11-20,-0.017039969539702153,3.777518829125049,5.564894606498999
2018-11-21,0.003130151001632407,3.7924731844733524,5.585415118906214
2018-11-23,-0.006050222737002623,3.7634776542461763,5.54259523371856
2018-11-26,0.01630874810467151,3.841164011411509,5.644997765719542
2018-11-27,0.0037211508753750367,3.8591787131104063,5.66673375115344
2018-11-28,0.025171864414662615,3.981493300843436,5.820325620758325
2018-11-29,-0.002219756886061011,3.9704355967860216,5.807008636464965
2018-11-30,0.00895695210482156,4.014955550366534,5.863910146752901
2018-12-03,0.012502241076064402,4.077653733642964,5.939014390234108
2018-12-04,-0.033149264495833934,3.909333247008175,5.714828434483567
2018-12-06,-0.00014753794420570212,3.9086089340734906,5.706710395964634
2018-12-07,-0.024550342673046816,3.7881009026940076,5.551376980457902
2018-12-10,0.002891028470838184,3.8019434387249413,5.562978110780528
2018-12-11,0.00020524242007045375,3.802929001217347,5.5609735284411
2018-12-12,0.005258015011576249,3.8281828740052823,5.5965898855148986
2018-12-13,0.0003037296541489779,3.829649336319772,5.596502410606587
2018-12-14,-0.020108118570378503,3.732534174811704,5.471399222329693
2018-12-17,-0.021804113290748894,3.6293454635117683,5.337325879818632
2018-12-18,0.0015823542944721361,3.6366707281865516,5.338277704695089
2018-12-19,-0.014945090814138634,3.567375263078545,5.2412869944691804
2018-12-20,-0.01613971328253883,3.493659135878697,5.142993336308277
2018-12-21,-0.02097715653213074,3.39939494478333,5.016524193693897
2018-12-24,-0.0273936868002172,3.278879297555477,4.853850226440711
2018-12-26,0.05066338901665908,3.495661823962859,5.144284049990363
2018-12-27,0.00853680048648833,3.5340403920087518,5.197464512255491
2018-12-28,-0.0005669245001929369,3.531469933425658,5.1907870570167995
2018-12-31,0.009269343483751923,3.573473684724875,5.24416877274231
2019-01-02,0.00037230033269032044,3.575176390499248,5.252111249731975
2019-01-03,-0.025661980774494927,3.4577683019263334,5.098945132128384
2019-01-04,0.03530972421865257,3.6151708712980035,5.308349051799502
2019-01-07,0.008090684618041239,3.6525107632760463,5.352584440048931
2019-01-08,0.010182133540506889,3.6998832491663682,5.414322150512489
2019-01-09,0.004306400261911494,3.720122827621532,5.442660350529678
2019-01-10,0.0048102244062500875,3.7428276776474547,5.471762579641144
2019-01-11,-0.00035911802057278974,3.74112444275994,5.470835223270509
2019-01-14,-0.006170990543864293,3.7118670086563847,5.437548879663564
2019-01-15,0.012201821816865313,3.7693603703207765,5.506702382528979
2019-01-16,0.0021673639269432516,3.7796973099420024,5.52132292646998
2019-01-17,0.007788871027711889,3.816925755840642,5.5714717408638235
2019-01-18,0.012540758292150928,3.8773336574558757,5.658289669794437
2019-01-22,-0.014241218679033793,3.807874482269435,5.564293292968436
2019-01-23,0.0022247564257839958,3.818570831918227,5.578750509633078
2019-01-24,0.0017814827199247952,3.8271550325900225,5.5880210147762055
2019-01-25,0.0078010535498351,3.864811927492614,5.644170730222776
2019-01-28,-0.008562672003356078,3.8231561385994803,5.592017333489506
2019-01-29,-0.0022219260069030904,3.8124394425397723,5.582533952345732
2019-01-30,0.017152905299323437,3.8949867605563853,5.685625884498235
2019-01-31,0.008541044841646427,3.9367950619775636,5.744544211378509
2019-02-01,-0.0006125677731189986,3.9337709404201027,5.751509783273249
2019-02-04,0.007605822682960166,3.971296327351279,5.7973741622977455
2019-02-05,0.005391031795556732,3.9980967439171646,5.829445644590653
2019-02-06,-0.00224509557225597,3.9868755390476895,5.814913187270609
2019-02-07,-0.008725912993119856,3.9433604969864415,5.752136177022281
2019-02-08,0.001124306433475104,3.94891834899619,5.758939033353308
2019-02-11,0.0006856020853999772,3.9523113377367363,5.763799702034753
2019-02-12,0.013187965147302087,4.017622247057398,5.851469746680601
2019-02-13,0.003228069410126976,4.033819479944697,5.872754899894738
2019-02-14,-0.002100483446956081,4.023246025452107,5.856919494639698
2019-02-15,0.010214044709337837,4.074553684942078,5.932011503867995
2019-02-19,0.0018683701738025935,4.084034829692384,5.9429232340391
2019-02-20,0.0015592979464498756,4.0919623547620025,5.956603575643909
2019-02-21,-0.0026653826383705526,4.0783903267063835,5.9326752120884025
2019-02-22,0.0068571203163056964,4.1132134601897725,5.977337575764416
2019-02-25,0.0009466954329787957,4.11805411602038,5.986908431816501
2019-02-26,-0.00051338561433365,4.115426580663834,5.981459295570049
2019-02-27,6.920329726743451e-05,4.115780585050144,5.978740232860633
2019-02-28,-0.0012761287881726446,4.1092521901715875,5.961101498726547
2019-03-01,0.0071632271491584775,4.145850924172121,6.009483687000077
2019-03-04,-0.0039440190295035975,4.125555590204198,5.982448434917884
2019-03-05,-0.0013580017728889765,4.11859507662566,5.974768994365801
2019-03-06,-0.00685328270373008,4.083515897519623,5.929593403780181
2019-03-07,-0.008217088442943426,4.041744197788596,5.874746636268607
2019-03-08,-0.0020373368037975795,4.031472466779108,5.860753097789281
2019-03-11,0.014681000803135657,4.105339518104847,5.961452010072441
2019-03-12,0.0026828429551054964,4.119036342264416,5.961452010072441
2019-03-13,0.007043114369816838,4.155090300686234,6.031345073526311
2019-03-14,-0.0004637671416647185,4.152699539192461,6.027624025503504
2019-03-15,0.005993102660599631,4.183580196510066,6.0629277974154325
2019-03-18,0.004116370691482597,4.20491773410793,6.089186174437793
2019-03-19,0.0005095969477772596,4.207570144298663,6.088459459814894
2019-03-20,-0.002149808615784187,4.19637486513515,6.067901632936302
2019-03-21,0.011546126568288687,4.256372867024274,6.144997612791381
2019-03-22,-0.019207107588107876,4.155413147844128,6.0099724454038626
2019-03-25,-0.0004193859218892467,4.153251040148399,6.004623018318634
2019-03-26,0.006655942559173544,4.187550783064628,6.054935159988836
2019-03-27,-0.004910831842452575,4.162075593494815,6.022274598418276
2019-03-28,0.0038727113990826238,4.182066822488668,6.048583135877571
2019-03-29,0.0068996699845725075,4.217821373401842,6.0963646223331835
2019-04-01,0.011372800968111978,4.277162617368702,6.178522524330089
2019-04-02,0.00023590649792978245,4.278407534320771,6.178910961860005
2019-04-03,0.0026892157801088473,4.292602311155912,6.194345083619572
2019-04-04,0.0016426555864354072,4.301296233909114,6.210994678405823
2019-04-05,0.004532914516904183,4.3253265565662105,6.244494509726061
2019-04-08,0.0007543785207645491,4.329343868536542,6.252211264749522
2019-04-09,-0.006066020738183787,4.297015958109087,6.210406210840816
2019-04-10,0.0037832541953974202,4.317055915955691,6.236088354551079
2019-04-11,0.00011551834638095091,4.317670133462717,6.236451100149884
2019-04-12,0.00626307033897489,4.35097507554806,6.285009461665328
2019-04-15,-0.000619665035403398,4.347659263388428,6.280586779238089
2019-04-16,0.00045537111029422106,4.350094432924672,6.284282747042429
2019-04-17,-0.0020233308540776357,4.339269421786306,6.268460187752946
2019-04-18,0.0018320085316481942,4.349051008919787,6.280110866799861
2019-04-22,0.0011648103552128041,4.355281638925539,6.287665517972255
2019-04-23,0.008842722984267058,4.40263691096129,6.352459344812921
2019-04-24,-0.0020823256407501377,4.391386861593932,6.336360903120299
2019-04-25,-0.00048225378446047627,4.388786844876438,6.333655298089085
2019-04-26,0.004574758036165058,4.4134392408002165,6.3682445896310265
2019-04-29,-3.5557148189920186e-05,4.413246754338914,6.376475183276738
2019-04-30,0.000639609295375159,4.416709117281148,6.383691557356149
2019-05-01,-0.007493897031509256,4.376116856906606,6.328368265693701
2019-05-02,-0.001797723899638452,4.366452083145695,6.313096859497847
2019-05-03,0.010301347476156186,4.421733770768322,6.384305105139623
2019-05-06,-0.003965507312006022,4.40023384585659,6.351921037684846
2019-05-07,-0.01642531174203324,4.3115333214585165,6.230575600189491
2019-05-08,-0.0016436178489332822,4.302803190486164,6.21916287736169
2019-05-09,-0.0029362128516896148,4.287233031608277,6.19987007223407
2019-05-10,0.004234387975535564,4.309621227581174,6.229135016909249
2019-05-13,-0.02418743643039367,4.181195101669585,6.054960240207305
2019-05-14,0.008702663072366328,4.226285296951611,6.112325428680558
2019-05-15,0.006578333499626958,4.2606655445991555,6.155283560926104
2019-05-16,0.009688742135636079,4.3116347765226015,6.221004744137405
2019-05-17,-0.006195398088399497,4.278727084581857,6.17958751604597
2019-05-20,-0.007322842285417449,4.240071798673703,6.131242030531173
2019-05-21,0.008083757687125175,4.2824312693573185,6.192015070152718
2019-05-22,-0.0021966115715436993,4.270827819705164,6.171845069091397
2019-05-23,-0.011350206538574967,4.211002835322243,6.08714427762699
2019-05-24,0.001575163924553126,4.219211018999187,6.097792971360513
2019-05-28,-0.007935031508416478,4.177796415114353,6.038385886076454
2019-05-29,-0.007086447848718454,4.141104230847364,5.989940079687789
2019-05-30,0.0026405115703503276,4.154679376053293,6.005550374689271
2019-05-31,-0.012706382135761009,4.089182050113834,5.914472478895132
2019-06-03,-0.004155976062738982,4.06803153133464,5.89540478402107
2019-06-04,0.021589344974829477,4.177447012407937,6.043559751632415
2019-06-05,0.009048672256837049,4.224296033550356,6.101914691166149
2019-06-06,0.006943553284423889,4.260571211432918,6.1474285588447515
2019-06-07,0.011313536663001243,4.320086876701794,6.223146961822079
2019-06-10,0.005457367028495429,4.349120543411437,6.256846823177408
2019-06-11,-0.000760692995493024,4.345051504882016,6.254679525274267
2019-06-12,-0.001388552590526712,4.337629619768413,6.240009432608977
2019-06-13,0.004138412883724562,4.359718934955413,6.271842346970123
2019-06-14,-0.00204549620642977,4.3487556502064315,6.261106178328287
2019-06-17,0.0007429614238694224,4.352729569320238,6.267921268912225
2019-06-18,0.010132209085979456,4.406964544497296,6.338766768955199
2019-06-19,0.00345085518810977,4.4256231961476,6.360690550171277
2019-06-20,0.009253939509969212,4.475831585008636,6.43110968650031
2019-06-21,-0.0016301246227159363,4.466905297112067,6.422189692703076
2019-06-24,-0.00169043892776699,4.4576638275834135,6.409348620847944
2019-06-25,-0.010741020012459444,4.399042951190064,6.3389918792087565
2019-06-26,-0.0007678424875902192,4.394897336619816,6.329934250066277
2019-06-27,0.0032703818516904466,4.41254071096123,6.359061559396211
2019-06-28,0.005014462304850793,4.439681692329815,6.401781735422641
2019-07-01,0.007938445891110741,4.482864311109241,6.458633085273642
2019-07-02,0.003350046224662784,4.50123215999501,6.480757508237457
2019-07-03,0.007840418233993132,4.544364120931664,6.4953021998104115
2019-07-05,-0.0018090564645589949,4.534334053176823,6.527135725884204
2019-07-08,-0.00463418177907361,4.508686943148285,6.490842202911795
2019-07-09,0.0018630597793720452,4.518949956229217,6.5022928519236185
2019-07-10,0.005094905719685258,4.547068485927865,6.536218435245151
2019-07-11,0.0022715756519918946,4.559669071640431,6.553469343561965
2019-07-12,0.00416693277287125,4.582835838901368,6.5890985466013205
2019-07-15,0.0007845860314652293,4.587216053916534,6.590426574754784
2019-07-16,-0.003624741474119984,4.566963840161034,6.564831905952833
2019-07-17,-0.005258648945596953,4.537689131632796,6.515534595561578
2019-07-18,0.0031840296568757622,4.555321298058472,6.543221321611269
2019-07-19,-0.00607327020508098,4.521582330739322,6.496931190585479
2019-07-22,0.0031726881269018795,4.5391005894417695,6.51832828721375
2019-07-23,0.006737871038131995,4.57642233488067,6.569943376818948
2019-07-24,0.004156701314913981,4.599601856932584,6.605735295422017
2019-07-25,-0.0056555704017916125,4.567932914408699,6.565746416357913
2019-07-26,0.007829157197976661,4.611525136463393,6.621733416240771
2019-07-29,-0.0016419690445448555,4.602311185896634,6.609443497479268
2019-07-30,-0.0028180915299703064,4.586523360195401,6.590589290318499
2019-07-31,-0.011398826350088494,4.522843550511821,6.508168351884012
2019-08-01,-0.007778938533913432,4.479881689999969,6.441344862485451
2019-08-02,-0.007361800419888048,4.43953989467359,6.387813277161783
2019-08-05,-0.030018865972371137,4.2762510756240175,6.168199261723991
2019-08-06,0.013245817282757153,4.346139333309685,6.262058614917391
2019-08-07,0.001327093603107286,4.35323416062024,6.267820948038358
2019-08-08,0.019298770484266366,4.456544998034585,6.406053936539078
2019-08-09,-0.006492284550928337,4.4211195552424,6.358210055393622
2019-08-12,-0.011795304064822165,4.357175801716561,6.268848625282862
2019-08-13,0.01504212218436953,4.437759094689129,6.379119005330753
2019-08-14,-0.02834670261665747,4.283616554730952,6.165067292978837
2019-08-15,0.0034010325279536465,4.301586306498827,6.1840976733815225
2019-08-16,0.014442525258157013,4.3781546006387355,6.288930539723228
2019-08-19,0.012307910427315157,4.44434844572765,6.377578101176645
2019-08-20,-0.007702217154235155,4.402414891735333,6.319736388552517
2019-08-21,0.008715084524938408,4.449497394155593,6.380409107300195
2019-08-22,-0.0006378457330773608,4.446021455495314,6.376876466772213
2019-08-23,-0.02585686443884135,4.30520441698955,6.185525410696209
2019-08-26,0.011248741182946016,4.364881288398888,6.265340453260705
2019-08-27,-0.002751222727378091,4.35012130506856,6.2421014898567195
2019-08-28,0.006141059034022305,4.382976715842167,6.289769809472907
2019-08-29,0.012715237114131462,4.451422541163949,6.383490915608416
2019-08-30,0.0005440913578637996,4.45438861305666,6.389228780223561
2019-09-03,-0.006297789367822867,4.420038022441378,6.338766768955203
2019-09-04,0.010374130713031206,4.476266205355784,6.418957403084058
2019-09-05,0.013144006277075085,4.548246282733914,6.517200900808028
2019-09-06,0.0009675098220779488,4.553614265507767,6.5243291882664805
2019-09-09,-0.001507505542680426,4.545242161220606,6.524229479105258
2019-09-10,-0.0005311006571245332,4.542297079464866,6.526897769665094
2019-09-11,0.0070952549245495485,4.5816210901112555,6.581707222705291
2019-09-12,0.0037669329257532472,4.602646682374674,6.6047082298901625
2019-09-13,-0.0009649957318670564,4.597240152239023,6.601288144488961
2019-09-16,-0.003533949550884058,4.577459787916828,6.577698058026437
2019-09-17,0.003479778726117686,4.596868113832597,6.597291825775661
2019-09-18,0.00043740411326993175,4.599316206967018,6.5999350361170315
2019-09-19,0.00032228026590302907,4.601120756083074,6.600536349647596
2019-09-20,-0.005297146490645299,4.571450798926309,6.563704519547113
2019-09-23,8.178392238614316e-05,4.571906454026026,6.562952724705747
2019-09-24,-0.007986080187322046,4.527408762287917,6.499912678019838
2019-09-25,0.006458788823851545,4.563109128226642,6.546115334137316
2019-09-26,-0.0022347410150134503,4.550677020086798,6.528238032071472
2019-09-27,-0.005867720606332087,4.518107198156941,6.489301298757693
2019-09-30,0.005291576914973722,4.5473066868210585,6.527486237230105
2019-10-01,-0.011552089851574132,4.4832237015406635,6.435544603180466
2019-10-02,-0.01806150660962073,4.384188420413258,6.30241085129295
2019-10-03,0.00812859983853324,4.427954333538062,6.362456564578951
2019-10-04,0.014541324754528405,4.506883980254788,6.4671524072880535
2019-10-07,-0.004496937763649726,4.482119865723942,6.4337400508761275
2019-10-08,-0.015380973482939824,4.397799525438945,6.3182456448353435
2019-10-09,0.009624945646422817,4.449753052481581,6.387186883412756
2019-10-10,0.006088566065531912,4.48293423398245,6.434742647902164
2019-10-11,0.010483804881783534,4.540416246671173,6.516775148806734
2019-10-14,-0.0012531799401334608,4.533473108170855,6.506352177039413
2019-10-15,0.009505100981522317,4.586069328842558,6.581105909174727
2019-10-16,-0.0021076715610200557,4.574295729380269,6.5664480507623475
2019-10-17,0.0027865039890609023,4.589828526666392,6.587933234011576
2019-10-18,-0.004526497364800031,4.564526182570752,6.558392406933259
2019-10-21,0.0063057230189182065,4.599614543409562,6.610558649632086
2019-10-22,-0.004016718391969512,4.577122468685109,6.583648798642228
2019-10-23,0.002643508644437788,4.591865640142166,6.605510185168462
2019-10-24,0.0032700720964890058,4.610151443939311,6.620130117396817
2019-10-25,0.0036733730288913153,4.630759622941474,6.651299323537557
2019-10-28,0.005602405675748427,4.662305422611817,6.69400665359843
2019-10-29,-0.0014869197486458972,4.65388602885607,6.687693167383833
2019-10-30,0.004069116720309726,4.676892351030815,6.7133251506571625
2019-10-31,-0.0032424225090830613,4.658485467490191,6.690524173507383
2019-11-01,0.008599923703379742,4.70714801078729,6.765515861861812
2019-11-04,0.003139353419315193,4.725064765409493,6.794380134754165
2019-11-05,-0.0015417644971681072,4.716238063810196,6.785172024300882
2019-11-06,0.0009478364661859742,4.7216561226964755,6.791210851537633
2019-11-07,0.0031097584961337675,4.739449091435986,6.816128966153618
2019-11-08,0.002620211639886006,4.7544876627519,6.837576223218823
2019-11-11,-0.0017054238338069787,4.744673822340494,6.822167181677724
2019-11-12,0.0012287611244899224,4.75173265420626,6.834820457750675
2019-11-13,0.0015614468749002765,4.760713679184433,6.840670877492599
2019-11-14,0.0013330074130565221,4.7683927532232815,6.8492397482312946
2019-11-15,0.007499461600452324,4.811652593172407,6.9110276191317865
2019-11-18,0.0009190778127865205,4.816993954126415,6.915136492971865
2019-11-19,8.678634068045541e-05,4.8174987897454535,6.910927298257919
2019-11-20,-0.003202098144967935,4.798870587662456,6.882751813804442
2019-11-21,-0.002012286136661441,4.787201600770609,6.870750011698989
2019-11-22,0.0019318600547358286,4.79838166437184,6.887975839797336
2019-11-25,0.008139478090342184,4.845577464888436,6.948134719922761
2019-11-26,0.0029345008815470793,4.862731317112303,6.965799145987958
2019-11-27,0.004000331050486679,4.8861841832408075,6.999999999999983
2019-11-29,-0.00393907567519787,4.862998058304869,6.969682909574479
2019-12-02,-0.009067258004680301,4.809836742229279,6.901180268963916
2019-12-03,-0.0062522992240657965,4.77351190447389,6.848989557759268
2019-12-04,0.006114836775725652,4.808815987392456,6.899439334774715
2019-12-05,0.001543549164459371,4.817782180456294,6.913470187725417
2019-12-06,0.009004402086248862,4.870167830459335,6.986144708578547
2019-12-09,-0.0032130116976991723,4.851306912552612,6.961552025089987
2019-12-10,-0.0011970645227263182,4.844302520636012,6.953083475225161
2019-12-11,0.003020222373222073,4.861953613864715,6.9762973584106795
2019-12-12,0.008642947705028256,4.912618172398649,7.045839910518657
2019-12-13,0.0007670669822310164,4.917153546577236,7.047819412639617
2019-12-16,0.006399781040162733,4.955022033656353,7.1055724269301415
2019-12-17,0.0004919278890255874,4.957951475074471,7.1083416500764915
2019-12-18,-0.0005276263663765844,4.954807902786629,7.105535112458764
2019-12-19,0.004663983478359374,4.982581028462029,7.142191381029976
2019-12-20,0.004938118341240973,5.012123721566637,7.182894740464068
2019-12-23,0.0011119417180260513,5.018808852746582,7.1899728674855865
2019-12-24,-2.671959523305001e-05,5.018648032610251,7.188945801953729
2019-12-26,0.005845149958088453,5.053827932905812,7.231703292451536
2019-12-27,2.793574298818425e-05,5.053997051087041,7.232103964234364
2019-12-30,-0.005630333388716619,5.0199110293551135,7.185600957207926
2019-12-31,0.0028168228183744672,5.036868052107185,7.210230343455219
2020-01-02,0.00919903995437336,5.092401442517799,7.280035932000777
2020-01-03,-0.007205807992356046,5.048500767510663,7.22244502156132
2020-01-06,0.003487517265560475,5.069595018368112,7.251535016419876
2020-01-07,-0.002665395185335767,5.053417149029215,7.229235643639436
2020-01-08,0.0048129074236428395,5.0825516853641854,7.269838070487015
2020-01-09,0.007102077442799462,5.125750438483472,7.327077857867934
2020-01-10,-0.0027242698463531083,5.109062241277627,7.303312821588786
2020-01-13,0.007150491299355783,5.152745037681106,7.361266477627048
2020-01-14,-0.001479886394823005,5.143639674009027,7.349402922579486
2020-01-15,0.0017060890732529734,5.154121270526857,7.3651753214320355
2020-01-16,0.008912753236921665,5.208971434801154,7.435456822415823
2020-01-17,0.0037034308638938195,5.231965931245832,7.468229327400515
2020-01-21,-0.002219675347561615,5.2181329901014015,7.445929954620077
2020-01-22,0.0004115094900131936,5.220691810836993,7.4486734858353145
2020-01-23,0.0018542772078040167,5.232226697878601,7.458933742038923
2020-01-24,-0.00848785435364946,5.179328465368081,7.382677031933522
2020-01-27,-0.016081060973031237,5.07995830754411,7.2507960675440675
2020-01-28,0.010430996425242596,5.143378330915727,7.333918028670341
2020-01-29,-0.000758404414204856,5.13871916567143,7.326890062085756
2020-01-30,0.0050805532932661785,5.169907255545019,7.354238511042466
2020-01-31,-0.01588564352840425,5.071894308280116,7.207010899801757
2020-02-03,0.007864345510228318,5.119645783022019,7.266681021523398
2020-02-04,0.014974433517842563,5.211284011952627,7.390532034014877
2020-02-05,0.010211555420088069,5.274710882870589,7.4851046441529725
2020-02-06,0.004048053909178768,5.30011125078896,7.514745792105158
2020-02-07,-0.005003123038052914,5.26859101904784,7.470421705522128
2020-02-10,0.00859153567995056,5.322447842451008,7.533775560795199
2020-02-11,0.0025928749488639013,5.338841159077198,7.548508048150335
2020-02-12,0.006535333434373925,5.3802675996393,7.604044215813431
2020-02-13,-0.001500055529737494,5.370696843945256,7.592769128330877
2020-02-14,0.00222568327980184,5.384875997391511,7.610007802394781
2020-02-18,-0.0024129775926658805,5.369469434677855,7.585402884653309
2020-02-19,0.005094827342657062,5.40192078171187,7.627283790930063
2020-02-20,-0.004154810908256381,5.37532201141422,7.594773710670305
2020-02-21,-0.011702790414838595,5.300712954087532,7.504673331683735
2020-02-24,-0.03380462466853991,5.087719717530396,7.220716321625039
2020-02-25,-0.030289458830477258,4.903325981774774,6.971950528351493
2020-02-26,-0.003283015979349213,4.8839452682453,6.941895862650925
2020-02-27,-0.0446879966699423,4.621003541691832,6.592731508003178
2020-02-28,-0.007841525929259682,4.5769262966711945,6.53142016125356
2020-03-02,0.04676730216467672,4.837744093937747,6.878329743089853
2020-03-03,-0.027542078749834838,4.67696048638113,6.657124663061017
2020-03-04,0.04227238906235902,4.916939168753073,6.980694960619458
2020-03-05,-0.03348126298358154,4.718832572386197,6.711633765192255
2020-03-06,-0.01654871492796943,4.624193242424992,6.580366348586276
2020-03-09,-0.07552998527721205,4.199398009628437,6.00526225803323
2020-03-10,0.04992704874550105,4.458988607502417,6.351494673970914
2020-03-11,-0.04900166666121427,4.191489067450217,5.9927588515584365
2020-03-12,-0.09585011375614001,3.693884249771356,5.329045125735997
2020-03-13,0.09387302312282222,4.1345133544859936,5.918957556012225
2020-03-16,-0.11919205227511613,3.522520170330817,5.090075910480741
2020-03-17,0.061028127401585155,3.7985211074620047,5.455401101510954
2020-03-18,-0.04979186824140214,3.559593776725669,5.120843833126007
2020-03-19,0.0050822666273964735,3.582766848011606,5.150096543548275
2020-03-20,-0.04280093206576212,3.386620155476635,4.884455433522275
2020-03-23,-0.025439117779975463,3.2750284086854506,4.712084597412021
2020-03-24,0.09185377163118154,3.6677058918536574,5.248653238146761
2020-03-25,0.010905703889660818,3.718610510154238,5.320751525687795
2020-03-26,0.06285155979760607,4.015182540794809,5.715555149106478
2020-03-27,-0.033993442588124693,3.844699221025336,5.489338919085396
2020-03-30,0.03348505567297337,4.00692424416018,5.707913023025773
2020-03-31,-0.016146784926324053,3.926078515247328,5.601188129471419
2020-04-01,-0.04284702430648002,3.7150107093688964,5.309839795516688
2020-04-02,0.023396934934522648,3.8253275081515783,5.45495026929119
2020-04-03,-0.014698664794981914,3.7544016365832524,5.3580971944105285
2020-04-06,0.07038658286059668,4.089047721329176,5.8053545654714425
2020-04-07,-0.0030656848986051325,4.073446304581616,5.794518075955739
2020-04-08,0.03292052803244266,4.240466835872688,6.02757386506658
2020-04-09,0.013891430446387396,4.313264416429813,6.130290205654723
2020-04-13,-0.007491002908541305,4.273462737232488,6.058392559861425
2020-04-14,0.03249710994836642,4.444835035612945,6.275062402336244
2020-04-15,-0.020161231062796506,4.335060458361142,6.115243909712428
2020-04-16,0.00797733999783994,4.377620049546521,6.156673983769419
2020-04-17,0.02489363959157277,4.5114885849203485,6.348726062537209
2020-04-20,-0.017557091491967318,4.414722875577969,6.2173087763330726
2020-04-21,-0.03051091705513958,4.249514715044643,5.996116542269792
2020-04-22,0.022760882272136802,4.368998301459624,6.156736378459263
2020-04-23,-0.0006457769510763237,4.365531126106173,6.153466774368862
2020-04-24,0.0130843623211646,4.435735679405632,6.253201015810007
2020-04-27,0.013483510071484604,4.509028476184826,6.360051310456695
2020-04-28,-0.006485996637698361,4.473296936011306,6.32151586063839
2020-04-29,0.02577237355215299,4.614356789208044,6.516399557242376
2020-04-30,-0.00840097538495758,4.567190716019538,6.447421004193584
2020-05-01,-0.029008205444412283,4.4056965039810185,6.239269872020528
2020-05-04,0.005319755870987546,4.434453489694849,6.2700763325624616
2020-05-05,0.009620960066988562,4.4867381497051095,6.335797515773763
2020-05-06,-0.006099794243212404,4.453270175925525,6.285172177229045
2020-05-07,0.012287574398353868,4.520277638926534,6.3715772001239195
2020-05-08,0.01636283117239405,4.61060500995703,6.4973691768396895
2020-05-11,0.0014782578054730773,4.618898930606425,6.498760211395642
2020-05-12,-0.02069587703750637,4.502610889252418,6.345945216850589
2020-05-13,-0.016004582551140338,4.414543899028574,6.218185972266769
2020-05-14,0.011571713300093493,4.477199448678903,6.3029118439496425
2020-05-15,0.004612402250711213,4.5024624957435835,6.332364584407002
2020-05-18,0.030202132100685487,4.668648594919099,6.564205512203805
2020-05-19,-0.0102984676085705,4.610270200979956,6.485593096700438
2020-05-20,0.015752202282563632,4.698644312045631,6.611635875600878
2020-05-21,-0.008794653732429561,4.64852670857691,6.552968350905274
2020-05-22,0.0023901489646626674,4.662027528841286,6.572048280032246
2020-05-26,0.010548282362639135,4.721752193960539,6.665230467327035
2020-05-27,0.013728335725718938,4.800302329018598,6.7790334879029075
2020-05-28,-0.0009129930765305416,4.7950066931504205,6.763549205706407
2020-05-29,0.006004806364787775,4.829804586225437,6.802122581708737
2020-06-01,0.003434461649840006,4.84982682650289,6.831775963913832
2020-06-02,0.007720837758478505,4.894992390345514,6.896319600282474
2020-06-03,0.013084929993212275,4.972127953083705,7.004898594865452
2020-06-04,-0.003820908702371359,4.949308997416092,6.9796801293405055
2020-06-05,0.025127288141466315,5.098798998836784,7.188945801953732
2020-06-08,0.011843921805345062,5.171032697285524,7.287690292334398
2020-06-09,-0.006405506113329868,5.131504109617502,7.223635414369541
2020-06-10,-0.002850284749154098,5.114027576964484,7.179975647719564
2020-06-11,-0.05743033708146274,4.762896912294055,6.698754767153095
2020-06-12,0.012558962344272735,4.8352729176094815,6.801633823304951
2020-06-15,0.008416919661861366,4.884387940962036,6.8667536929856885
2020-06-16,0.019083959599982568,4.9966853626979795,7.016061127221226
2020-06-17,-0.0029325276162731947,4.979099917265766,6.987196854328874
2020-06-18,0.0008013075478497057,4.983891015158819,6.9922330845395875
2020-06-19,-0.0055804110489286254,4.950498443622243,6.9485610836367
2020-06-22,0.007630748865570672,4.995905202870493,7.000188407494807
2020-06-23,0.00435015647890394,5.021988328735654,7.034677378162879
2020-06-24,-0.024804047025567266,4.872618647042278,6.826990535887785
2020-06-25,0.010704238545270348,4.9354805579256205,6.913169836816456
2020-06-26,-0.022883407247214455,4.799656539110685,6.72155574430287
2020-06-29,0.014257876762656139,4.8823473273110585,6.835909917972372
2020-06-30,0.015392671055803225,4.9728923647563406,6.957292669939104
2020-07-01,0.0060186330175568525,5.0088410119531765,6.997494425003856
2020-07-02,0.005059356408472968,5.0392418802344965,7.035579654315045
2020-07-06,0.01669293005210643,5.140054522509002,7.163225732059441
2020-07-07,-0.010652805688687886,5.074645714762765,7.074954373883029
2020-07-08,0.008749523974833306,5.1277959730827,7.1382831489376315
2020-07-09,-0.003035107241348354,5.109197455151291,7.094648462506122
2020-07-10,0.009796986699720655,5.169049181365375,7.179399414407463
2020-07-13,-0.011059922718808572,5.100819974170944,7.102828895714902
2020-07-14,0.012862041195712215,5.179288972006356,7.212523042450696
2020-07-15,0.008059428443630615,5.229090509308757,7.287276774586012
2020-07-16,-0.004303801440474793,5.202281740601946,7.2593147778458285
2020-07-17,0.0026020243420490866,5.218420228667239,7.283255375654244
2020-07-20,0.011460621221116962,5.289687187501726,7.352898248636089
2020-07-21,0.00046770116611939173,5.2926288815338465,7.367042268426216
2020-07-22,0.005873680062412203,5.32958977033547,7.415336981791434
2020-07-23,-0.013639663517725387,5.243256295662858,7.312295210075865
2020-07-24,-0.005961305401603837,5.206038338183926,7.261006163310739
2020-07-27,0.007978734336466013,5.2555546693662185,7.322129714278178
2020-07-28,-0.006901282850932208,5.212383317203453,7.268360172735397
2020-07-29,0.01200345774477098,5.286953397845824,7.371138296300739
2020-07-30,-0.00311251571134033,5.267385156618565,7.3410842423128155
2020-07-31,0.00721042106940456,5.312575642601922,7.40596615577444
2020-08-03,0.006860305191696654,5.355881838055842,7.466588714085184
2020-08-04,0.004397762232769713,5.383833495159191,7.497156606695359
2020-08-05,0.006830631979069723,5.427439112380282,7.551803344171843
2020-08-06,0.005595364950006338,5.463402979907993,7.607727337652211
2020-08-07,-0.0007007085857651785,5.4588740179467115,7.614981026202999
2020-08-10,0.002418084790258474,5.474492122971704,7.638708748010769
2020-08-11,-0.008858730858407843,5.4171363398094154,7.569905756491247
2020-08-12,0.015141004874123789,5.514298232408387,7.691138027147177
2020-08-13,-0.001394179017430426,5.505216134499479,7.6755032636398735
2020-08-14,-0.0003418194520615655,5.502992525084842,7.674651147924639
2020-08-17,0.00390881213209625,5.528411501161825,7.698379481445054
2020-08-18,0.0037121978719911615,5.5526462564439205,7.719776578073324
2020-08-19,-0.004858013070292514,5.5208134152851125,7.682819346880505
2020-08-20,0.0037694081395775255,5.545393022449355,7.710531153148663
2020-08-21,0.0037298608033976962,5.569806427326622,7.741036651068994
2020-08-24,0.009357934105681785,5.631286242960629,7.829859162339034
2020-08-25,0.0034114183217943453,5.653908334346927,7.861717768631294
2020-08-26,0.009796229433183902,5.719091547017564,7.952131344492377
2020-08-27,0.002365889976265306,5.734988178358262,7.967678633091369
2020-08-28,0.007315269380921655,5.784256431160276,8.02896489962252
2020-08-31,-0.0013964620908770353,5.774782474239372,8.010185321404506
2020-09-01,0.008846200797996364,5.834713560369241,8.078161889139906
2020-09-02,0.01494636911371612,5.9368677120290405,8.218624570233612
2020-09-03,-0.03665969955975338,5.682564225820302,7.896519936173881
2020-09-04,-0.008560488105289813,5.625358214252332,7.824159223907911
2020-09-08,-0.028628339796653413,5.435685208020168,7.579614859601222
2020-09-09,0.021590587663006085,5.5746354336754385,7.752925286335021
2020-09-10,-0.018074886757062154,5.455799642742787,7.599421503351092
2020-09-11,-0.00022172355666467492,5.454368239884883,7.604420419090427
2020-09-14,0.01310565289361798,5.538956949684406,7.716782856386057
2020-09-15,0.005840486043663733,5.577147636489157,7.76240927919144
2020-09-16,-0.00552476625325709,5.540810433184392,7.722269918816533
2020-09-17,-0.008427854732845113,5.485685433018436,7.649019164651305
2020-09-18,-0.012157435110661571,5.406836133218351,7.552429737920869
2020-09-21,-0.009806888657048988,5.34400500461592,7.453910357793761
2020-09-22,0.01200162195541216,5.420143354364564,7.542858270156136
2020-09-23,-0.024684591478500627,5.261664738428664,7.340833440128142
2020-09-24,0.0035138223590788745,5.28366711599161,7.366165072492512
2020-09-25,0.016878976724413085,5.389728986986393,7.500100779658327
2020-09-28,0.016424521073270956,5.494677225385641,7.637055288729872
2020-09-29,-0.004859564605618328,5.463115921816241,7.596577651261983
2020-09-30,0.008238480871991936,5.516362178711591,7.667823823087783
2020-10-01,0.007445083828759896,5.564877041390659,7.714640638701383
2020-10-02,-0.012177840430810254,5.484931016332713,7.631204868987949
2020-10-05,0.018469174507567403,5.604702338942898,7.787264387404933
2020-10-06,-0.014753050329430114,5.507262832925569,7.664817255434965
2020-10-07,0.018373413012999704,5.626823460539054,7.815727988514459
2020-10-08,0.007460652661880904,5.67626388862974,7.889028291403974
2020-10-09,0.010118621627610777,5.743818476804866,7.9673776704697605
2020-10-12,0.01726561526797261,5.860254652062424,8.114567967239092
2020-10-13,-0.005373089917304475,5.823393886961286,8.057089611926413
2020-10-14,-0.0060902657469722255,5.7818376048934255,7.997995723516869
2020-10-15,-0.00240565533001517,5.765522841111917,7.98450317769424
2020-10-16,-0.000908127773111774,5.759378881920281,7.985869132031727
2020-10-19,-0.0165131503006938,5.647760242503796,7.8391425134477135
2020-10-20,0.003801230559266436,5.673029911888278,7.8810858144143126
2020-10-21,-0.0035502222145541136,5.649339172856708,7.861780163321136
2020-10-22,0.0048047817231525874,5.681287796185493,7.9087847747169135
2020-10-23,0.002506010773111629,5.698031175380993,7.939653629948694
2020-10-26,-0.0174750478223724,5.580982760275469,7.773533885363193
2020-10-27,-0.002209093482282306,5.566444754152732,7.747137872995587
2020-10-28,-0.03551210090861716,5.3332565054324,7.438463390068641
2020-10-29,0.011834759222849383,5.408209071270737,7.539989337848567
2020-10-30,-0.013081637654137371,5.324379202188417,7.437323157697358
2020-11-02,0.012126416325650391,5.401071257395438,7.541367526438963
2020-11-03,0.018747437543064602,5.521074941002165,7.693468040614025
2020-11-04,0.02223268417740242,5.6660559406626385,7.885144527817456
2020-11-05,0.020601652983415326,5.803387711920205,8.05974566823334
2020-11-06,9.112304595109498e-05,5.804007657331302,8.058292238987542
2020-11-09,0.009128436113114723,5.866117606544394,8.165105219162854
2020-11-10,-0.003936674592591036,5.839087935812969,8.153805051461832
2020-11-11,0.009238653341145665,5.9022718984215565,8.223835750260948
2020-11-12,-0.009710048678121443,5.835250502298254,8.133685210837443
2020-11-13,0.012900285107452048,5.923427182558756,8.258863639769737
2020-11-16,0.010818850421576195,5.998330705651534,8.366829086569242
2020-11-17,-0.0026704608237429644,5.979641937670493,8.3232947210116
2020-11-18,-0.008734930458243806,5.918675250721499,8.21718337524072
2020-11-19,0.004989634579571238,5.953196911997323,8.254165686652007
2020-11-20,-0.0071915698748717845,5.9031925105509515,8.19140091065659
2020-11-23,0.006662201762263165,5.949182971859985,8.244243707541381
2020-11-24,0.01628809868665993,6.062371949897297,8.393764017777565
2020-11-25,0.0004556600713448728,6.065589990803851,8.37921932620461
2020-11-27,0.00334751735084527,6.089242175892025,8.402646085390776
2020-11-30,-0.0045972567439494915,6.056651109489414,8.360903426171914
2020-12-01,0.011652001530057198,6.138875219014265,8.466700963355631
2020-12-02,0.0006470216036657668,6.143494225506842,8.48455318520301
2020-12-03,0.0010377221025504315,6.1509071873540915,8.480394150925997
2020-12-04,0.008550609271111273,6.212051800647137,8.56474443104451
2020-12-07,0.00015020126168447442,6.213135059926928,8.546240735229633
2020-12-08,0.0033652208780653413,6.237408852626898,8.573088191529648
2020-12-09,-0.01088687577536195,6.158616081512844,8.497457263460632
2020-12-10,-7.720771476107008e-05,6.158063381124339,8.485944219758963
2020-12-11,-0.0013226661252853952,6.1485956531674795,8.474155293654157
2020-12-14,-0.0020622196831185,6.133853678504862,8.434579932338437
2020-12-15,0.012092021502962517,6.220116390584331,8.556613546560023
2020-12-16,0.002115134841134082,6.2353879103190994,8.57357633822079
2020-12-17,0.007172607306903759,6.287284506512938,8.62915043206791
2020-12-18,-0.0017360388155221508,6.274633497749878,8.596039038277588
2020-12-21,-0.004519871734483072,6.241753087424675,8.558856085118567
2020-12-22,-0.001264677123015537,6.232594607964481,8.539763921738684
2020-12-23,-0.0002302097976880212,6.230929593823022,8.547029844542383
2020-12-24,0.004043433128490525,6.260167374092467,8.58180754357915
2020-12-28,0.009079650063558767,6.326087153252094,8.66538094863783
2020-12-29,-0.0019486048975179385,6.3118115039456235,8.643870685170135
2020-12-30,0.002173930390263017,6.327706873181926,8.657864223649462
2020-12-31,0.006080832185879794,6.372265428985064,8.720816795427059
2021-01-04,-0.014116946960666964,6.268191548944123,8.577898699774165
2021-01-05,0.007385841492380968,6.321873259660887,8.646889487075867
2021-01-06,0.004768685564464798,6.356788970979073,8.702125303830003
2021-01-07,0.016418321259952587,6.4775750957462845,8.84828792335483
2021-01-08,0.0074733025529310475,6.533457276799059,8.9036356835231
2021-01-11,-0.007994696238980865,6.47322957424171,8.838704221337188
2021-01-12,0.001333392720234868,6.483194324152647,8.842800860924356
2021-01-13,0.0027238035005829457,6.503577075048317,8.865388350360844
2021-01-14,-0.004151085115509473,6.472429087939006,8.829496110883907
2021-01-15,-0.00804597657176363,6.412306098563284,8.75895157346254
2021-01-19,0.008184186304761054,6.472969792621843,8.838729301555658
2021-01-20,0.015224779872886993,6.586744112711245,8.975846526190917
2021-01-21,0.000734164423220828,6.592314030326878,8.979842844904216
2021-01-22,-0.0033338066958904736,6.567002722975271,8.949889111790162
2021-01-25,0.004168658820542055,6.598546975621468,8.98586882617541
2021-01-26,-0.0015445894278462932,6.586810340295929,8.971061098164874
2021-01-27,-0.025754615634885687,6.391414956086831,8.715041616340539
2021-01-28,0.009638939054944388,6.462660354378356,8.810854779723787
2021-01-29,-0.01967607119756197,6.315824517922384,8.622673006864316
2021-02-01,0.01820697363668071,6.44902354205078,8.777142072402903
2021-02-02,0.014442693903790398,6.556607508950749,8.913144756597992
2021-02-03,8.308336274329966e-05,6.557235337313523,8.923141976364018
2021-02-04,0.010713663936005643,6.638201017002807,9.031846372039332
2021-02-05,0.003923873686822308,6.668172352988083,9.07199796666715
2021-02-08,0.0074016285595821215,6.724929316475758,9.146739464549553
2021-02-09,-0.001970723779184666,6.709705614579259,9.137180842750377
2021-02-10,-0.0018846148009806936,6.695175789266819,9.133935707165799
2021-02-11,0.0024879009690492826,6.7143206245699405,9.152827840510593
2021-02-12,0.004628663098928985,6.750027615778194,9.2011855602783
2021-02-16,-0.0014678825140784688,6.738651485757368,9.196638088471373
2021-02-17,-0.00014523512751669681,6.737527561722026,9.195034177914772
2021-02-18,-0.004604174540781607,6.7019026343137496,9.15038527191696
2021-02-19,-0.0018175662646040332,6.687903915912356,9.132144612539665
2021-02-22,-0.010516038116342948,6.6070576252978395,9.054634503223557
2021-02-23,0.00037477956496007617,6.609908595045274,9.067475575078689
2021-02-24,0.012164924706964893,6.702482560130885,9.181879909185126
2021-02-25,-0.025760551160673183,6.5040623640764395,8.934053706535126
2021-02-26,-0.004096706084910238,6.473320426127982,8.888013765981361
2021-03-01,0.024137508389708504,6.653707760612625,9.123499889432924
2021-03-02,-0.008892608838476312,6.5856463313334865,9.04176835114996
2021-03-03,-0.015074500784254413,6.471296499762723,8.911064933603166
2021-03-04,-0.014326797767566533,6.3642567457490955,8.779823208928299
2021-03-05,0.01810528785756297,6.497588733987882,8.970910616854077
2021-03-08,-0.007393166072647173,6.442157815333101,8.917579673278146
2021-03-09,0.017977099656471686,6.575946228038534,9.058881624121529
2021-03-10,0.005434952861028757,6.6171211386656115,9.120079804031723
2021-03-11,0.01160591583059336,6.705524805472399,9.225978273801955
2021-03-12,0.0008245244834520524,6.711878199332358,9.238906820565399
2021-03-15,0.006780802621862694,6.764170923245877,9.305831242550473
2021-03-16,-0.002262292970057829,6.74660609394789,9.289932830892942
2021-03-17,0.003102918658939112,6.770643182540252,9.319648607787881
2021-03-18,-0.01709279161034829,6.637821197942718,9.167836210268867
2021-03-19,-0.0007392768104045019,6.632174733849062,9.162774899839686
2021-03-22,0.007814442548761485,6.691815924828834,9.234196633194754
2021-03-23,-0.006861138266229349,6.639041312250199,9.156135370785016
2021-03-24,-0.005939749437106881,6.593667320915725,9.101225596870952
2021-03-25,0.00525256419484213,6.63355354599311,9.154481299791483
2021-03-26,0.01612042421159149,6.756609667396418,9.323444896466091
2021-03-29,-0.0012688773626611492,6.746767480978461,9.314500434163037
2021-03-30,-0.0028806826180717247,6.724451502549763,9.283004573469581
2021-03-31,0.005037418658012497,6.763362798671619,9.321065334274948
2021-04-01,0.012266749928986966,6.858594028730925,9.443124028715
2021-04-05,0.01560506469933818,6.9812278969951045,9.595325475476576
2021-04-06,-0.000823298309521944,6.974656965559599,9.585478125308708
2021-04-07,0.000976035100914815,6.9824405106757395,9.6013129188511
2021-04-08,0.005379229852836656,7.025379892969259,9.648505326029058
2021-04-09,0.007935519850326084,7.089065454416325,9.730839401267877
2021-04-12,-1.1529656859775046e-05,7.088972190267318,9.728910059583852
2021-04-13,0.005232467032870768,7.1312974705827,9.76426338022007
2021-04-14,-0.004986469409685534,7.090751004484586,9.721556050159196
2021-04-15,0.011551016832793018,7.184207405527324,9.840733578038764
2021-04-16,0.0034829345640050944,7.212712464379022,9.879845261169166
2021-04-19,-0.0057013158279731555,7.165889196815266,9.822104481131552
2021-04-20,-0.006689956402327285,7.111259754102337,9.74885433867897
2021-04-21,0.009495477064614597,7.1882800350625455,9.848888931029077
2021-04-22,-0.0095788108510894,7.10984604941093,9.749831855486542
2021-04-23,0.01088849459448997,7.198150064282087,9.867680743500001
2021-04-26,0.0023696860522216152,7.217577106143436,9.887048789283023
2021-04-27,-0.0011890816465774902,7.2078057360271846,9.88478178221866
2021-04-28,-0.0013309150541886293,7.196881843811251,9.87566114667369
2021-04-29,0.004701410219310831,7.23541874787823,9.949800719312883
2021-04-30,-0.005904016806577084,7.186796697181556,9.871890549926594
2021-05-03,0.0012965585430482465,7.197411358379487,9.901781276638157
2021-05-04,-0.007843719010126914,7.133113167073935,9.828982578117982
2021-05-05,0.00018669224220026857,7.1346315562071645,9.836662018670063
2021-05-06,0.007814834933908985,7.198202359067089,9.9268627185305
2021-05-07,0.007609959011955769,7.260590342991309,10.009271422712075
2021-05-10,-0.011953839625857637,7.1618445708162835,9.894603440455413
2021-05-11,-0.008168685624383535,7.095173028402204,9.80025655228352
2021-05-12,-0.022463982985185156,6.913323199230048,9.570069083767605
2021-05-13,0.011744691022827568,7.006262735168779,9.700546167635549
2021-05-14,0.015352543963867513,7.129179235796732,9.86102898019242
2021-05-17,-0.0025570865415044243,7.108392220979399,9.833567976108933
2021-05-18,-0.007893874522512095,7.044385590207673,9.742628327372685
2021-05-19,-0.0029075588010806152,7.020996066085578,9.712523501235182
2021-05-20,0.011414166094089743,7.11254904742392,9.826565089742813
2021-05-21,-0.00121960847766228,7.102654913830232,9.818508834201078
2021-05-24,0.010686253909583259,7.189241941581155,9.926812558093564
2021-05-25,-0.0017510065093218365,7.174902525635035,9.903748544506202
2021-05-26,0.0021422518623275153,7.192415225794923,9.924357143534374
2021-05-27,0.0004409219968591493,7.19602744187538,9.938049719392096
2021-05-28,0.0011931847989570055,7.20580681723086,9.947821217191917
2021-06-01,-0.0005714781235773886,7.20111737814851,9.942773364440939
2021-06-02,0.0014772000872969142,7.213232069455444,9.959760624607526
2021-06-03,-0.004655888085073846,7.1749921801233185,9.921763481917294
2021-06-04,0.009667207742745352,7.254021527823889,10.018366366325932
2021-06-07,-0.0005872440658183743,7.249174402662538,10.00984765602417
2021-06-08,0.0008499683197674652,7.256185939569036,10.012002107961756
2021-06-09,-0.0013419078642544061,7.2451068987279825,9.992345333810041
2021-06-10,0.005733426197309283,7.292379610620765,10.044022818105082
2021-06-11,0.001954136400804983,7.308584051467172,10.06579734143565
2021-06-14,0.002715637214860778,7.331147151520133,10.088635021344162
2021-06-15,-0.002583254212504219,7.309625680545976,10.066723474380995
2021-06-16,-0.0047652233628356425,7.270028458116618,10.007216068223068
2021-06-17,0.0012996053311129083,7.280776231189243,10.002706522600162
2021-06-18,-0.01208733115491236,7.1806837466631315,9.858861070576632
2021-06-21,0.013266193201299615,7.289210277765097,10.011400182718546
2021-06-22,0.005214618725224974,7.3324353488968566,10.067825780568253
2021-06-23,-0.0005280427661236118,7.3280354666866785,10.055861904646822
2021-06-24,0.00571113161343117,7.375597973318248,10.121069249235873
2021-06-25,0.002673392602597889,7.397989234982452,10.158315208797385
2021-06-28,0.002306764145741001,7.417361415446029,10.18413559956554
2021-06-29,0.0005698940454473969,7.422158419595071,10.18823162744006
2021-06-30,0.0013679539090627085,7.4336795441279016,10.203403324474692
2021-07-01,0.004678906785709943,7.473139944575426,10.262659928447949
2021-07-02,0.00855331733874682,7.545613399376991,10.34857619293904
2021-07-06,-0.000527476131882645,7.5411057922765234,10.32615080735362
2021-07-07,0.003246234932180162,7.568832228258858,10.3642103447337
2021-07-08,-0.0069543686805353284,7.509241409781893,10.269148976191817
2021-07-09,0.0102930961741034,7.596827849981441,10.39640722811894
2021-07-12,0.0037956455445727396,7.629458361307682,10.435719552997082
2021-07-13,-0.003590072590480832,7.5984779793740564,10.395543489863444
2021-07-14,0.001711699512448445,7.61319598993915,10.410200124850531
2021-07-15,-0.003360644719576241,7.584250098316886,10.373218425151892
2021-07-16,-0.007013997213876039,7.524040192044076,10.287477110477425
2021-07-19,-0.014983372507117336,7.39632132258104,10.10855483193346
2021-07-20,0.014809520268222773,7.520666813386315,10.27730432918213
2021-07-21,0.007661873972536768,7.5859510886724575,10.370261406223362
2021-07-22,0.002420325691937371,7.606731886682088,10.394039900180712
2021-07-23,0.009171379984384208,7.685667495238565,10.510160088257882
2021-07-26,0.002771685986440611,7.709741438118002,10.537709178962327
2021-07-27,-0.005125718064591067,7.665097759090722,10.48338787261327
2021-07-28,-0.00012332883879603157,7.6640291026460385,10.481321507296641
2021-07-29,0.005508729403367864,7.711756894515419,10.53096932903379
2021-07-30,-0.0061992311660831745,7.657750699663598,10.469532581191835
2021-08-02,-0.0010214194633221831,7.648907504590371,10.448423601219613
2021-08-03,0.008370089500205537,7.72129963448279,10.542369205896032
2021-08-04,-0.004386364826938775,7.683044832520901,10.489013182101633
2021-08-05,0.005930371484056554,7.7345385139904685,10.558831616612748
2021-08-06,0.0006328726839084874,7.740066364822519,10.5795527707677
2021-08-09,-0.00016029989315784416,7.738665333118046,10.569554939289029
2021-08-10,0.00024315987083831038,7.740790225851747,10.58104290277223
2021-08-11,0.001771249972515148,7.756272350299048,10.610083348906498
2021-08-12,0.0036086971231619877,7.787871085139194,10.647416171663675
2021-08-13,0.0019304387860869798,7.804835532329079,10.66659580995187
2021-08-16,0.001903389130429426,7.821594560576534,10.697501979655026
2021-08-17,-0.006977341090010628,7.7600432863696085,10.615632806026815
2021-08-18,-0.010258016268635763,7.670182619824075,10.492984420596464
2021-08-19,0.0015114312838510825,7.68328700507238,10.50819404381512
2021-08-20,0.008347045042348539,7.75576679281936,10.602452845366056
2021-08-23,0.009364618327196282,7.837761206996053,10.702400574520494
2021-08-24,0.0014107856070747077,7.850229393305645,10.71996529142447
2021-08-25,0.001872463524623083,7.866801125029156,10.746135581825873
2021-08-26,-0.005496823645182152,7.818061882947967,10.67815962580312
2021-08-27,0.008544825338725127,7.893410681563827,10.781402039266426
2021-08-30,0.00499357876800131,7.9378206283184,10.832878881813732
2021-08-31,-0.0010168199761611265,7.928732473760181,10.818271183838286
2021-09-01,0.0005544549336056503,7.933683053531102,10.822744026702459
2021-09-02,0.0029526230386980722,7.960060851935383,10.858222136718366
2021-09-03,0.00012849880372666246,7.961212209036175,10.854551860845138
2021-09-07,-0.0028277911183833826,7.935871772741514,10.81463761072379
2021-09-08,-0.0008753302698873443,7.9280499336910015,10.79946713711445
2021-09-09,-0.0047871070681149396,7.885310402748946,10.746123347572961
2021-09-10,-0.008134900847091087,7.813029283626955,10.655972808149459
2021-09-13,0.0018180349185695308,7.829051678602964,10.68260677673618
2021-09-14,-0.004995777762398964,7.784943698563927,10.618339022770677
2021-09-15,0.008687923058420106,7.861266613489603,10.717108593369808
2021-09-16,-0.0013338992845443787,7.849446576293712,10.699294297706453
2021-09-17,-0.00894259401750751,7.770309568282295,10.59275719993428
2021-09-20,-0.01716319631121722,7.619783023451719,10.396005944623468
2021-09-21,-0.0005364301142670682,7.615159112259491,10.38727435832106
2021-09-22,0.011066294149574522,7.710496997141142,10.495678403087416
2021-09-23,0.011743108603666532,7.812785309370483,10.635639479811779
2021-09-24,0.0012425153199207351,7.823735330128548,10.652790678967373
2021-09-27,-0.003437194337820756,7.793406437013401,10.620694116455999
2021-09-28,-0.02061992904612169,7.612087020208476,10.38466846245107
2021-09-29,0.0017346123221448134,7.6270256524731135,10.40364868241682
2021-09-30,-0.011577914922095965,7.52714268343804,10.268610669063746
2021-10-01,0.011229466697718599,7.6228979482284025,10.398173854239255
2021-10-04,-0.012680526709303043,7.513555060484297,10.250833076159122
2021-10-05,0.010374892327831892,7.60188227756389,10.370537900339144
2021-10-06,0.004457486462564889,7.6402250513687076,10.41721646889485
2021-10-07,0.009055052989158029,7.718462747047102,10.514608462616232
2021-10-08,-0.0022917131610467696,7.698482531225597,10.49274707609
2021-10-11,-0.006233296283574639,7.644262312390969,10.413845932217939
2021-10-12,-0.001809876435554632,7.628617265729019,10.38624790450185
2021-10-13,0.003440368296685374,7.658302887014267,10.420898979020992
2021-10-14,0.01686299099865322,7.8043077706616035,10.617060543341507
2021-10-15,0.008449180498037969,7.878696956176203,10.703729214386607
2021-10-18,0.0038283286107270156,7.912687525759507,10.74322872333428
2021-10-19,0.006881375115775168,7.974019071913949,10.830222825506809
2021-10-20,0.0029493566228229687,8.000486654497037,10.873694796374606
2021-10-21,0.003857553200102206,8.035206510593568,10.910138188945172
2021-10-22,-0.0006476319049480601,8.029355022589513,10.897547919274711
2021-10-25,0.006384220987526036,8.087000420428552,10.954086072251197
2021-10-26,0.0029432532231336407,8.113745763704596,10.975883840662295
2021-10-27,-0.0033580347503053133,8.083141488724628,10.915599559444535
2021-10-28,0.010376058558244219,8.177388696704453,11.033312647250686
2021-10-29,0.002503765116270035,8.200366722381712,11.058104137349048
2021-11-01,0.002217230973527176,8.220766060446385,11.07992882111655
2021-11-02,0.0036418042153196794,8.254346285153796,11.12441501155065
2021-11-03,0.0073128861775757165,8.322022266184996,11.202738698685321
2021-11-04,0.005482661464069852,8.373131758431011,11.255369231282113
2021-11-05,0.0035615754542000417,8.40651487443082,11.302348762459426
2021-11-08,0.000121503215080566,8.407657796230767,11.31340975051604
2021-11-09,-0.004919615530962217,8.361375736826453,11.271204024824506
2021-11-10,-0.007717587463675681,8.289128500797164,11.172984995606358
2021-11-11,0.0004065657630847033,8.292905142414483,11.179700377029073
2021-11-12,0.006236871329229598,8.350863796062457,11.268823239208073
2021-11-15,-0.0005114631224062782,8.346081174068127,11.269212288450635
2021-11-16,0.005087164491865527,8.39362622635494,11.317294125815206
2021-11-17,-0.001508864545398217,8.37945251678927,11.287677446368843
2021-11-18,0.004863659615710718,8.425070981212654,11.330372542176805
2021-11-19,-0.0008979399164709437,8.416607833763052,11.313397516263128
2021-11-22,-0.0039712956003535565,8.379211700502575,11.275175263319337
2021-11-23,0.0005989221921983365,8.38482911853533,11.29567130722073
2021-11-24,0.0027650509621802047,8.410778649319433,11.324421801561012
2021-11-26,-0.02306911912337068,8.193680275614609,11.044612203239064
2021-11-29,0.014793415004653483,8.329686203351875,11.204380535425944
2021-11-30,-0.01763609223585048,8.165146996938018,10.974556424221479
2021-12-01,-0.012257042185731964,8.052809403558115,10.834093743127774
2021-12-02,0.013697307906199007,8.176808521374785,11.003946769988993
2021-12-03,-0.00970600828461903,8.087738341839959,10.903085142142121
2021-12-06,0.01077649819790839,8.18567233770386,11.043070687372307
2021-12-07,0.021991169699164332,8.387676016883225,11.292601733165421
2021-12-08,0.003128166500844747,8.417042230520021,11.33078605992519
2021-12-09,-0.008395248164886172,8.337983824015593,11.243730786488108
2021-12-10,0.01020979239205335,8.433322700219145,11.360778330935913
2021-12-13,-0.01044250946615656,8.334815138624798,11.248115542731323
2021-12-14,-0.008162992107174277,8.258615116326272,11.158377297630913
2021-12-15,0.0173085838082847,8.418868632015856,11.35739556000609
2021-12-16,-0.010660391060289511,8.318459809053074,11.249868711173436
2021-12-17,-0.00978376385245383,8.227290198812717,11.124515332424517
2021-12-20,-0.011570546974963722,8.120525404115732,10.986558226326935
2021-12-21,0.01833189877604986,8.287721952608374,11.200559778241916
2021-12-22,0.011691871201614957,8.396312801434682,11.326051404048725
2021-12-23,0.006756128660262764,8.45979549965325,11.402971822374536
2021-12-27,0.013563595896657798,8.58810434307557,11.575067387794297
2021-12-28,-0.0012284787184003877,8.5763255609403,11.562364562997058
2021-12-29,0.0012309769674163705,8.588113797138297,11.58000390884379
2021-12-30,-0.0035124707079951705,8.554435828280923,11.54354705859502
2021-12-31,-0.0025041839156068023,8.530509763757044,11.511213151577177
2022-01-03,0.009447554783676575,8.620549776866502,11.591028194141673
2022-01-04,-0.002584552647830224,8.59568495946712,11.583937221154597
2022-01-05,-0.02072569981104764,8.396807673515818,11.340834051840796
2022-01-06,-0.002365765483949631,8.374577030262502,11.329834235048732
2022-01-07,-0.00530895801970326,8.324807794356365,11.282140223501433
2022-01-10,-0.0005667759291520904,8.319522717754554,11.264438482964856
2022-01-11,0.00917144209013111,8.404996180668102,11.37677584004202
2022-01-12,0.0037821977333631833,8.440567735904914,11.411841655734836
2022-01-13,-0.016016637442424153,8.289361585228278,11.236413479822184
2022-01-14,0.0009469855513907803,8.298158476431134,11.246662113485527
2022-01-18,-0.01852565259020683,8.125904022768083,11.021660744778483
2022-01-19,-0.01058243945670898,8.029329695959403,10.905414543896333
2022-01-20,-0.01119517722417614,7.928244749797621,10.774899533844366
2022-01-21,-0.019826089005603117,7.751232574724325,10.552304642684867
2022-01-24,0.0022238583068331947,7.770694075980655,10.584325352828195
2022-01-25,-0.012970514613763733,7.656933660295296,10.44337452504335
2022-01-26,-0.0003390635297693455,7.653998409811457,10.42636157294565
2022-01-27,-0.007808760424241241,7.586421409517474,10.36558914503675
2022-01-28,0.025188304130899248,7.802698803376465,10.643670043422409
2022-01-31,0.02118646949265332,7.989196913027216,10.863797285769808
2022-02-01,0.006534584841536878,8.047937582912674,10.945266399327837
2022-02-02,0.009018017928138139,8.129532046248054,11.057941421785335
2022-02-03,-0.020619026016134002,7.941289987471336,10.76438908716873
2022-02-04,0.007880626405917331,8.011752953449566,10.827040696324723
2022-02-07,-0.0034445387698525927,7.980711621017075,10.78351856501999
2022-02-08,0.008984632018117613,8.061400010192747,10.882627024424751
2022-02-09,0.014346128881964203,8.191396022590004,11.056626239597426
2022-02-10,-0.01860889882026523,8.020354263988638,10.839743521121962
2022-02-11,-0.02038324149216059,7.836490204680917,10.615594879842797
2022-02-14,-0.002608486776824725,7.8134403368284655,10.571823169778687
2022-02-15,0.017101166144918592,7.964160444336896,10.755619574682298
2022-02-16,0.0015432034273040968,7.9779939674575004,10.767545524419704
2022-02-17,-0.021796600619481663,7.782304218584715,10.519819030930927
2022-02-18,-0.007856209588977007,7.713308595969355,10.438964076869016
2022-02-22,-0.010765764453463984,7.6195031680148055,10.323094690976518
2022-02-23,-0.019939891998380033,7.447631205764896,10.114668288112968
2022-02-24,0.01713348836277439,7.592368596721878,10.281815098230327
2022-02-25,0.021569827334304216,7.777704503745866,10.535478874656695
2022-02-28,-0.0010732699533812816,7.7682836572423355,10.508569635379482
2022-03-01,-0.015013292875984855,7.636642846676445,10.33079860003442
2022-03-02,0.018189892774753847,7.793742453991335,10.542419366332968
2022-03-03,-0.006532289438985648,7.736299183029967,10.483212922796646
2022-03-04,-0.007805573596864896,7.668107356792596,10.392899667809429
2022-03-07,-0.03009477506352893,7.407242615663403,10.05675133483344
2022-03-08,-0.00696920893090289,7.348650785342054,9.977062305073925
2022-03-09,0.026553987630551532,7.5703407550278214,10.260868833821819
2022-03-10,-0.0037696894047905384,7.538033232288148,10.213576105769993
2022-03-11,-0.013435158116584203,7.4233234058077056,10.068879149743875
2022-03-14,-0.008926462099968321,7.348132928669987,9.989138736122136
2022-03-15,0.02278010616155085,7.538304283035828,10.224650551504812
2022-03-16,0.023207776174586442,7.736459337747036,10.476172110246507
2022-03-17,0.012588217823320216,7.8464357908951765,10.618564133024238
2022-03-18,0.01269860789266393,7.9587732102513815,10.75419061394232
2022-03-21,-0.0002303950198710694,7.956709153519585,10.749693302572327
2022-03-22,0.012917688455974083,8.072409131955522,10.882514469297973
2022-03-23,-0.011952660341249352,7.963969707124409,10.737341600833627
2022-03-24,0.01467127135656199,8.095482539129634,10.906730949509528
2022-03-25,0.0042653558496349026,8.134278008783163,10.967127785854068
2022-03-28,0.009474996610836606,8.220825261958822,11.052642766849685
2022-03-29,0.012350609957564606,8.334708078256133,11.200395839252913
2022-03-30,-0.006642442074954113,8.27270282055971,11.124852997804854
2022-03-31,-0.015461606072260124,8.12933194232308,10.935882727345284
2022-04-01,0.0038417359976600386,8.164404425480491,10.976586086779376
2022-04-04,0.009746580786278124,8.253726033571562,11.073576797005284
2022-04-05,-0.01357411196294153,8.128114920317474,10.923956777607875
2022-04-06,-0.01083974161979834,8.029168513105406,10.80813632872702
2022-04-07,0.004256924104150513,8.067604998189282,10.859838281527884
2022-04-08,-0.004066053296875032,8.030735632991634,10.828618914950212
2022-04-11,-0.018202419154647875,7.866354397725106,10.628975482251297
2022-04-12,-0.0030911069926329105,7.838947547647136,10.589625231189135
2022-04-13,0.01273628236447976,7.951522879418794,10.721342868302232
2022-04-14,-0.01316509670451716,7.833675215058548,10.578988771708522
2022-04-18,-0.00021937358455284263,7.831737340061846,10.57662144377029
2022-04-19,0.016948603759450193,7.981422956746094,10.762684855738263
2022-04-20,-0.0019850599642272674,7.963594293612866,10.755581648498277
2022-04-21,-0.014591864706863496,7.8327987383932545,10.583098257261243
2022-04-22,-0.027587719540953154,7.589121964036776,10.261945448077968
2022-04-25,0.0059591383897750275,7.640305730467128,10.326276820158608
2022-04-26,-0.030205612317815454,7.379320005265239,10.007579425534523
2022-04-27,0.002123475374834768,7.39711328495428,10.030793920432686
2022-04-28,0.025538831335995382,7.611565744847974,10.304427667885284
2022-04-29,-0.037734797039171486,7.286610059276654,9.895054884387823
2022-05-02,0.00636172811065236,7.339327219432768,9.956941852736893
2022-05-03,0.004480309935299806,7.37668999002771,10.009947976898044
2022-05-04,0.030136365159271657,7.629132978393201,10.338854855576155
2022-05-05,-0.03729051432874832,7.307348171417756,9.93584510701758
2022-05-06,-0.006159948824409733,7.256175331815269,9.875410344489017
2022-05-09,-0.03350398695279712,6.979560541218126,9.527799739960939
2022-05-10,0.002994831194093689,7.003457978042125,9.553732685855874
2022-05-11,-0.01795887406362961,6.859724884140914,9.38037209868514
2022-05-12,-0.0009396424601542954,6.852339552914644,9.370625069391139
2022-05-13,0.025548059610537594,7.052951591894688,9.619341313940396
2022-05-16,-0.005031053124720561,7.012436764625063,9.57797363457325
2022-05-17,0.02005873151770704,7.173156082489282,9.791899334120183
2022-05-18,-0.04151326312658188,6.833861703462281,9.358448317469058
2022-05-19,-0.005587414280766413,6.790090672706807,9.299128095380665
2022-05-20,-0.0005008863089344844,6.786188722943489,9.30080663488002
2022-05-23,0.018474483051192266,6.930034534538893,9.493185368200528
2022-05-24,-0.009487409442861207,6.8547990500136935,9.408120607712027
2022-05-25,0.010083438961054705,6.934002436785857,9.506652833804692
2022-05-26,0.02101749648827566,7.100755305138975,9.71594297492374
2022-05-27,0.026121023423337865,7.312355324211238,9.982975119505694
2022-05-31,-0.005619048377429259,7.265647797514113,9.915035866241672
2022-06-01,-0.007242593291266608,7.205783072227865,9.834457406295545
2022-06-02,0.019688816378235267,7.367345228376589,10.036030180678488
2022-06-03,-0.017741622049121605,7.218894951780211,9.856405656017445
2022-06-06,0.0036011231941059894,7.2484922050209875,9.890556349592535
2022-06-07,0.00910310272522805,7.323579076891535,9.994575638115673
2022-06-08,-0.010510866999430627,7.236091044255085,9.876299774675628
2022-06-09,-0.023902527902648563,7.039227648261024,9.618514278443625
2022-06-10,-0.029302453030476093,6.803658557696551,9.309726628677254
2022-06-13,-0.03963378727781209,6.4943700144321275,8.910088028508238
2022-06-14,-0.0025739043867596123,6.475080222575981,8.876149599221149
2022-06-15,0.016068493692711988,6.5951935019849595,9.020571284556775
2022-06-16,-0.03258909633578071,6.347673009259876,8.695811205902764
2022-06-17,0.002996941183504604,6.369693553104253,8.717358783841837
2022-06-21,0.025488018198350084,6.557532436502037,8.955764611750551
2022-06-22,-0.0009305713102056009,6.550499613640681,8.942960854366797
2022-06-23,0.01053446666173079,6.630040100099991,9.038185550185037
2022-06-24,0.03067633774281932,6.864101787201913,9.345168035934426
2022-06-27,-0.0035371304226071735,6.836285433523922,9.314725544416588
2022-06-28,-0.02134390260321844,6.669028520459769,9.106938381267627
2022-06-29,-0.0003027280016796119,6.6667068907809455,9.100875085525056
2022-06-30,-0.00877205991096699,6.599454078615191,9.014069390847354
2022-07-01,0.010876439695932388,6.682109082623257,9.119879773996628
2022-07-05,0.0032346543899997226,6.706958050491821,9.137744230096917
2022-07-06,0.003904271611939993,6.737048108022768,9.174150308196106
2022-07-07,0.015437458587433011,6.856488467779347,9.327592308202835
2022-07-08,-0.00046459935310578745,6.852838348319533,9.319837015282705
2022-07-11,-0.012425694987945907,6.75526137421367,9.201047924933054
2022-07-12,-0.009641151066227132,6.6804917277468,9.106938381267629
2022-07-13,-0.004069844476374269,6.649233320912791,9.062088221809436
2022-07-14,-0.002022534208309745,6.633762484853902,9.033211714664173
2022-07-15,0.018826900799127147,6.777482573880344,9.225877952928082
2022-07-18,-0.008410120425173287,6.712073008829323,9.140350125966908
2022-07-19,0.027705515159347965,6.925739964485442,9.420937211061336
2022-07-20,0.006363885806712964,6.976178468553129,9.482536674467003
2022-07-21,0.011539193563263621,7.068217135796898,9.586855702186455
2022-07-22,-0.009476775411935695,6.99175645402622,9.48817421820828
2022-07-25,0.000536794470673436,6.996046384701709,9.501967114939868
2022-07-26,-0.012833521241492486,6.893428953575681,9.380835776870452
2022-07-27,0.027664759807080396,7.111798769630607,9.652476564523889
2022-07-28,0.012968127607975458,7.216993611205394,9.783042958438083
2022-07-29,0.01576676339257224,7.346549005271548,9.937411091390157
2022-08-01,-0.002442919665148961,7.326159056570441,9.906605242560868
2022-08-02,-0.006322157886890113,7.273519764423442,9.833993728110228
2022-08-03,0.016278708748349524,7.408201982992205,10.003583718533866
2022-08-04,-0.00012038644625495589,7.407189749436078,9.99600459885565
2022-08-05,-0.0027316631444146634,7.384224139049444,9.979529953886024
2022-08-08,-0.001467285652524106,7.37192208726267,9.966137117224617
2022-08-09,-0.004639654923230487,7.3330792577335995,9.920235423728744
2022-08-10,0.02185861449940695,7.515228824821401,10.153215972184185
2022-08-11,-0.001435605385059325,7.503004316465475,10.148355303502742
2022-08-12,0.018071684884798336,7.656667931046719,10.342912957266655
2022-08-15,0.004494581183828788,7.695576027844256,10.388289801312656
2022-08-16,0.0017664490146536032,7.710936319550488,10.410225816781645
2022-08-17,-0.0071537464852487395,7.648620489471279,10.329696293847162
2022-08-18,0.002282467392100395,7.668360683725149,10.357132829424827
2022-08-19,-0.013197308844843537,7.553961650603529,10.2109702099
2022-08-22,-0.021492427218665313,7.370116252396679,9.97221387064539
2022-08-23,-0.0020266904572862924,7.35315261766157,9.94780898293901
2022-08-24,0.002792723440071885,7.376480662775412,9.979955705887319
2022-08-25,0.014084437934863732,7.494458684782858,10.134937998335513
2022-08-26,-0.0340124144523007,7.205541635448078,9.760129426161527
2022-08-29,-0.0066824805740856984,7.150708262869346,9.688907722841549
2022-08-30,-0.011011075767367522,7.060960196629184,9.571885870324856
2022-08-31,-0.007509915354614029,7.000423067875586,9.491368581643284
2022-09-01,0.0033464008985446105,7.027195690818662,9.524617610778852
2022-09-02,-0.01085785021298146,6.940037602377462,9.412442969265403
2022-09-06,-0.0036213256554832925,6.91128414050247,9.370336341022446
2022-09-07,0.01890162369214624,7.060820256247892,9.560835893095861
2022-09-08,0.006657571775784291,7.114485745675557,9.63194381786377
2022-09-09,0.015818482561489218,7.24284459693898,9.795245402291277
2022-09-12,0.010914143504578217,7.33280818575591,9.909486409121355
2022-09-13,-0.043753843326007506,6.968215801930673,9.438100644469843
2022-09-14,0.004254738686586859,7.002118477966219,9.476310663160723
2022-09-15,-0.011472681349240996,6.910312722549639,9.358798217102308
2022-09-16,-0.007213766569981302,6.8532495730736125,9.284570557842157
2022-09-19,0.006976247035336728,6.908035782125527,9.355203793597127
2022-09-20,-0.011038856630149802,6.820740108900549,9.23858138943797
2022-09-21,-0.01720120048552305,6.6862139903421784,9.064005329240553
2022-09-22,-0.008930588565468061,6.617571575568288,8.979655049122039
2022-09-23,-0.01782876462534017,6.481759684930799,8.807910606760817
2022-09-26,-0.00957373626270162,6.4101312909263575,8.706510060073226
2022-09-27,-0.0019272918978565613,6.395849804927302,8.686540700759641
2022-09-28,0.019711456000632933,6.541632772944415,8.877665423156795
2022-09-29,-0.02212476768204897,6.374775899899693,8.67037925266453
2022-09-30,-0.015218049881805858,6.26254619238788,8.525118909291871
2022-10-03,0.025156730204294053,6.445248107546005,8.771742484880743
2022-10-04,0.030610082453840302,6.673147766007286,9.071471893791989
2022-10-05,-0.0020815587757818214,6.657175657937083,9.052128928227434
2022-10-06,-0.009795763807494301,6.582167773759437,8.951680206416299
2022-10-07,-0.028874765357194018,6.363234458393255,8.673323425627501
2022-10-10,-0.007521702576513436,6.307850398796086,8.600837312269196
2022-10-11,-0.006733585954763021,6.258642359991243,8.538410813366761
2022-10-12,-0.0031168864562598564,6.236017995928552,8.5072789216974
2022-10-13,0.02521566889681857,6.418479029845308,8.755406086969005
2022-10-14,-0.02459435048674398,6.236026356506732,8.524931113509687
2022-10-17,0.027521607096134233,6.435173430827782,8.77716715262137
2022-10-18,0.011366054051072626,6.5196820139216705,8.889103837915705
2022-10-19,-0.006380430259366532,6.471703207259231,8.823094538048355
2022-10-20,-0.007693688350935656,6.414218251331892,8.746097655641854
2022-10-21,0.024135198970445387,6.593161884038095,8.977512831437362
2022-10-24,0.011558513795376176,6.680927550425275,9.096063965567899
2022-10-25,0.016711000316345936,6.809283533150262,9.260354689343243
2022-10-26,-0.00852562894229878,6.742704479441419,9.18468644680285
2022-10-27,-0.006823619615895162,6.689871209275423,9.122923656120825
2022-10-28,0.024297692813354876,6.876717337692659,9.373218731008217
2022-10-31,-0.007205875245976826,6.819958695209423,9.296284855004206
2022-11-01,-0.005096348950214065,6.780105456922375,9.254153146542782
2022-11-02,-0.025888207034063,6.578692476106725,8.997833313809489
2022-11-03,-0.01043069579897807,6.499641440334452,8.89327510644563
2022-11-04,0.01371684552193316,6.602512863441408,9.030117672103042
2022-11-07,0.009271671261325286,6.673000863471233,9.126757259270413
2022-11-08,0.005231084151034083,6.713138976679009,9.18353398017866
2022-11-09,-0.021193627337916715,6.549669583601713,8.974092746036165
2022-11-10,0.056728022745698464,6.97794741146278,9.527775271455118
2022-11-11,0.00935445587936157,7.052576768531177,9.62505348662443
2022-11-14,-0.009174027512215455,6.978702207712445,9.532497693078673
2022-11-15,0.009342536068507813,7.0532435208678805,9.625065720877341
2022-11-16,-0.008166135760313845,6.9874796409656055,9.539813776319304
2022-11-17,-0.0030450496534689293,6.963157368852793,9.509433679491309
2022-11-18,0.004429467517708365,6.9984299157565255,9.559758055414422
2022-11-21,-0.0045326684397275436,6.962175684910004,9.519945349592232
2022-11-22,0.013478145243681156,7.069491045246927,9.663076321245775
2022-11-23,0.006523426094003729,7.12213177369682,9.726704223784045
2022-11-25,-0.00046589496654364493,7.118347713385852,9.723973538534365
2022-11-28,-0.015315137213138291,6.99401410421138,9.558430638973606
2022-11-29,-0.002101160921769988,6.977217394167533,9.542544461568987
2022-11-30,0.032511880857493944,7.236571735661036,9.87168990817886
2022-12-01,-0.00043723272849394796,7.232970436927616,9.864048393810801
2022-12-02,-0.0011772209316904235,7.223278411799276,9.851934036578568
2022-12-05,-0.01812325256355502,7.074245860241808,9.657888998011614
2022-12-06,-0.014845894426893862,6.954376458623873,9.504823812994537
2022-12-07,-0.002047525589280919,6.938089669278067,9.48550592764845
2022-12-08,0.008009513008224578,7.001669901744602,9.56588496927213
2022-12-09,-0.007387466484868517,6.942557833522483,9.488662364899424
2022-12-12,0.013825745420754713,7.052369616118385,9.63849648372277
2022-12-13,0.007367555767783951,7.111695898327946,9.716469047798904
2022-12-14,-0.005778810221723607,7.064819947155176,9.65366695733211
2022-12-15,-0.02507602470661351,6.862586322905923,9.388915277492721
2022-12-16,-0.011287560385142103,6.77383690500273,9.273985482223768
2022-12-19,-0.009394692114697584,6.700804100730355,9.18211786540424
2022-12-20,0.0007217821143138763,6.706362403396098,9.193054675793814
2022-12-21,0.015004007496358902,6.821988722666312,9.346057466121048
2022-12-22,-0.01518315885547462,6.703226225324339,9.196524921631951
2022-12-23,0.005663620475549098,6.746854375101873,9.256646487285998
2022-12-27,-0.004767001312273618,6.70992511012977,9.215943127851906
2022-12-28,-0.012099280668671997,6.616640562287869,9.093232959444356
2022-12-29,0.01795839601791929,6.753423209831582,9.27080335304168
2022-12-30,-0.0023655167724583185,6.735082357184758,9.245321239366508
2023-01-03,-0.003965791929245814,6.704406630000582,9.204705966553373
2023-01-04,0.007280863755976625,6.76050136499426,9.282153069466991
2023-01-05,-0.011877570590136059,6.668325462216694,9.164052767556216
2023-01-06,0.023127891679753185,6.845677662871935,9.39639529972236
2023-01-09,0.00014552944600872912,6.846819439995776,9.390368706738522
2023-01-10,0.007168172296878165,6.903066793724158,9.462879900315295
2023-01-11,0.013560089124642617,7.010233083805062,9.597554556356922
2023-01-12,0.00364317591865272,7.039415772078776,9.635013391919081
2023-01-13,0.004375776613845705,7.074594459603221,9.67790912947478
2023-01-17,-0.0016697088944447253,7.061112237414987,9.656248384696283
2023-01-18,-0.01543863023031793,6.936659706336447,9.49041675676683
2023-01-19,-0.007858733303572006,6.874287614383142,9.411603699515727
2023-01-20,0.01945968056630688,7.027518736046266,9.608792941080745
2023-01-23,0.012319908975389137,7.126417036172587,9.73484734252145
2023-01-24,-0.0007388508098608367,7.120412826364143,9.727456630338061
2023-01-25,-0.00036629003633059036,7.117438400054954,9.725615375274993
2023-01-26,0.011717310309129265,7.21255294470364,9.844454014348933
2023-01-27,0.003407285169655129,7.240535454557136,9.871702142431774
2023-01-30,-0.013370392206164315,7.1303562635409055,9.731728831454499
2023-01-31,0.01488858598991633,7.2514057718992895,9.889078451840923
2023-02-01,0.011484487065239404,7.346168934756708,10.00294386710664
2023-02-02,0.015877470689765104,7.478684987390135,10.16528016897949
2023-02-03,-0.010857123644458039,7.3866308561396306,10.050174200468621
2023-02-06,-0.006207344798941968,7.334572146714127,9.983063206126657
2023-02-07,0.01274184367788027,7.440769962129574,10.124640427660532
2023-02-08,-0.011127110157676857,7.346848584945349,10.001716771539689
2023-02-09,-0.008642361962726497,7.27471209822618,9.906241885249424
2023-02-10,0.0016961775677512404,7.288747479266792,9.932412175650827
2023-02-13,0.011770529837342628,7.386310428785702,10.059256909829568
2023-02-14,0.0006464796883036899,7.391732008137721,10.057503741387455
2023-02-15,0.0033356122642051495,7.419723572341988,10.090952188845469
2023-02-16,-0.014455909846938406,7.29800880744407,9.939027236199674
2023-02-17,-0.002433033996504871,7.277819469912261,9.910789357056354
2023-02-21,-0.020184832289944128,7.110733072185647,9.692203630575712
2023-02-22,-0.0014739610290857052,7.09877816771993,9.675566270042372
2023-02-23,0.00551982478585414,7.143482004185245,9.733344976264009
2023-02-24,-0.011016616767863457,7.0537683837891425,9.620706656565241
2023-02-27,0.0033129175395914838,7.080449854327604,9.654656708392595
2023-02-28,-0.002839690944461643,7.057503874049093,9.62338718137799
2023-03-01,-0.005196403036614788,7.015633836450448,9.573839680514709
2023-03-02,0.007416732015631397,7.075083644550828,9.655646459453076
2023-03-03,0.01665070170817832,7.209539453584833,9.828606986553627
2023-03-06,0.0004370631443916702,7.213127540712424,9.836461376922335
2023-03-07,-0.014961480145210964,7.090246996081969,9.670667675176905
2023-03-08,0.00159793730809615,7.103174703588721,9.686690876214124
2023-03-09,-0.017861992454998185,6.958435858171686,9.491155705642642
2023-03-10,-0.014491897184074724,6.843103023969008,9.340070022746525
2023-03-13,-0.00019991297228657027,6.841535085931537,9.324709918217069
2023-03-14,0.017723950309457493,6.980518064144455,9.497307088006172
2023-03-15,-0.005894258912757381,6.93347882441645,9.424394610933927
2023-03-16,0.01807500846187604,7.0768765212998925,9.609018051334305
2023-03-17,-0.010110780684111208,6.995212994180382,9.49235833270377
2023-03-20,0.008268873104644607,7.061324395873864,9.586029890114988
2023-03-21,0.01314592488781582,7.16729796087834,9.72424880922486
2023-03-22,-0.016243906596756223,7.0346291356539545,9.548495202184782
2023-03-23,0.003673343316217923,7.064143086887698,9.580880493064848
2023-03-24,0.005350521046177333,7.1072904541934765,9.640613009476334
2023-03-27,0.0012246958041417498,7.1172194187956865,9.658139800196286
2023-03-28,-0.001953683638913124,7.101360940023717,9.641614994789725
2023-03-29,0.014487166545412275,7.218726705206338,9.793127653112427
2023-03-30,0.006180305647398335,7.2695209482769485,9.85628086663776
2023-03-31,0.014915055797202524,7.392861314636633,10.013417611023538
2023-04-03,0.003298797552947378,7.420547665003584,10.054171130894563
2023-04-04,-0.005356374985789691,7.3754440541241095,9.991092546311986
2023-04-05,-0.002999201811582195,7.350324407144175,9.965072737221385
2023-04-06,0.0039888837829234,7.383632880753982,10.006615366405157
2023-04-10,0.000643405338546658,7.389026954905875,10.017828059197866
2023-04-11,-0.0004743444864796854,7.385047666222887,10.017376615265459
2023-04-12,-0.004419225455373485,7.347992250131796,9.972051155081683
2023-04-13,0.01393515327533237,7.464322801678669,10.11930384654086
2023-04-14,-0.0023054152578757224,7.444809022744094,10.096326696149164
2023-04-17,0.0030395187986382043,7.470477178519635,10.133221532652136
2023-04-18,0.0007909094279255975,7.477176558779156,10.142729994014376
2023-04-19,5.184171804200298e-06,7.477220505918853,10.141790403390829
2023-04-20,-0.00644072163595311,7.422621088393635,10.076671145422736
2023-04-21,0.0012018651961900105,7.432743943540471,10.086868395223853
2023-04-24,0.0005425257663246202,7.4373189244106594,10.096314461896249
2023-04-25,-0.016088870235622492,7.3015719950992555,9.921337729916004
2023-04-26,-0.003119468739122508,7.275675500774968,9.879445201098987
2023-04-27,0.02009962238435481,7.442013453316001,10.092581791333178
2023-04-28,0.007818727742221605,7.508019258103651,10.18532476894847
2023-05-01,-0.0007972425398342076,7.501236303221363,10.181028099326213
2023-05-02,-0.011162679080639327,7.406339730579823,10.05157746927748
2023-05-03,-0.006559303977904423,7.351199992945416,9.974356088330067
2023-05-04,-0.006254873045403718,7.298964297212766,9.896344374644618
2023-05-05,0.018788949125652647,7.454893115188703,10.09826949551139
2023-05-08,0.0006821339729761314,7.460660485020455,10.103467829573173
2023-05-09,-0.0044059252938316576,7.423383446986982,10.05340649008764
2023-05-10,0.00515847664731527,7.466835273789645,10.103267187825436
2023-05-11,-0.0011385516626768383,7.45719534441106,10.086781532028189
2023-05-12,-0.0013821757046742012,7.445506014476331,10.071734624373248
2023-05-15,0.0027935752708903123,7.469099171228528,10.105999096500407
2023-05-16,-0.00587922893999167,7.419307398285381,10.035742675735086
2023-05-17,0.012063915678415941,7.52087721280896,10.169138852347539
2023-05-18,0.01006450247333992,7.606635602592302,10.276653466927282
2023-05-19,-0.0015287718386147722,7.593478020457839,10.260630265890063
2023-05-22,0.0004548742972422386,7.597386972733263,10.263674148014259
2023-05-23,-0.01128836235191779,7.500336553305393,10.137481499515662
2023-05-24,-0.006727335376182626,7.443151938500884,10.056175101521346
2023-05-25,0.0097734749665279,7.525670872610414,10.153366453494991
2023-05-26,0.013872932502156486,7.643946929161739,10.299691788583532
2023-05-30,0.0004711762479788635,7.648019751643549,10.30063137920708
2023-05-31,-0.005609338476889925,7.59951008170175,10.233946136866411
2023-06-01,0.010380625692431955,7.68877837699819,10.346709245944869
2023-06-02,0.014010043064055025,7.810508536233966,10.512290071689652
2023-06-05,-0.0014992375556763218,7.797299490951838,10.489426699850027
2023-06-06,0.0020820028000367997,7.815615493124762,10.516762914553826
2023-06-07,-0.004859860173977028,7.77277283448063,10.473202857065072
2023-06-08,0.007197391764027581,7.835913917427206,10.545514632319398
2023-06-09,0.0014896225081446287,7.849076093678635,10.55909465305034
2023-06-12,0.010428733760891115,7.941360752289475,10.666858846389463
2023-06-13,0.006979939433018381,8.003770908789223,10.748203170567804
2023-06-14,0.0016454688281710775,8.018586333155628,10.76059279849053
2023-06-15,0.012242353653699065,8.128995056502538,10.905903914012768
2023-06-16,-0.003862408855009688,8.093735145158963,10.862406251213859
2023-06-20,-0.004455176320365343,8.053220951676577,10.806293850238665
2023-06-21,-0.005731414996791178,8.001333185344874,10.745145830765404
2023-06-22,0.004481013295518499,8.041668279025796,10.789770268257394
2023-06-23,-0.007862314637792989,7.970579838165543,10.699581802649867
2023-06-26,-0.005332827016393652,7.922741287651856,10.647315850789816
2023-06-27,0.011978651724108176,8.02962369796096,10.78073771933338
2023-06-28,-8.095489175309742e-05,8.02889270575192,10.776578073343723
2023-06-29,0.004252372725806078,8.06728692283809,10.830648577508109
2023-06-30,0.012540493199439572,8.180995172831308,10.976234963720838
2023-07-03,0.001860412874603073,8.198075614452513,10.990867130202105
2023-07-05,-0.0016475116239894568,8.182921677959369,10.96874393066358
2023-07-06,-0.00815906304064919,8.107997641091554,10.874835028745892
2023-07-07,-0.0029554328831916266,8.08107956536304,10.842725008556316
2023-07-10,0.0019346426039850853,8.09864820878037,10.871289542252354
2023-07-11,0.006512590011266143,8.157903974220897,10.951530336818145
2023-07-12,0.007677205053299176,8.228211080889414,11.040377928306652
2023-07-13,0.009339463358355459,8.31439762014255,11.143644810275779
2023-07-14,-0.0004563705520954375,8.31014680335821,11.131606305411593
2023-07-17,0.004114728241533983,8.348455527342814,11.178385194841168
2023-07-18,0.007091925155642497,8.414754074263582,11.265040408208067
2023-07-19,0.002329751774603862,8.436688114275558,11.294179951790912
2023-07-20,-0.008602520101928869,8.355508815076869,11.212297320484499
2023-07-21,0.0002322202446692766,8.35768135362291,11.216256324726421
2023-07-24,0.00399702419680586,8.39508423241934,11.265741430899856
2023-07-25,0.0028874703475041483,8.422212259552754,11.300481815465245
2023-07-26,-0.00032357913186710583,8.41916342828954,11.298753115528955
2023-07-27,-0.006560763337857818,8.357366526195927,11.220590920532704
2023-07-28,0.010856627348936197,8.458955967538245,11.342474665156132
2023-07-31,0.0014145690004988185,8.472336313427007,11.360965515005454
2023-08-01,-0.0028899655948615177,8.444961587378245,11.328318411113095
2023-08-02,-0.014674557525494243,8.306360955238178,11.157838990502846
2023-08-03,-0.002283804538716558,8.28510704584967,11.12743442516903
2023-08-04,-0.004753402399236661,8.24097119574076,11.064054877964848
2023-08-07,0.00862061519786287,8.320634052473777,11.173223563538125
2023-08-08,-0.0043502471708546,8.28008699055643,11.121971831244377
2023-08-09,-0.007363100867694802,8.211756773983982,11.03769740349391
2023-08-10,0.0005477171252342367,8.216802210922586,11.042244875300838
2023-08-11,-0.0012720762716862402,8.205077735529246,11.031082342945062
2023-08-14,0.00608136863253646,8.261057206530154,11.100999874904753
2023-08-15,-0.011408456439881632,8.155402838802203,10.963080694991193
2023-08-16,-0.0078727815290888,8.083324352441515,10.874596460814134
2023-08-17,-0.007995716205141262,8.010696668720144,10.78530965964613
2023-08-18,-0.00019591426029396254,8.008931344747557,10.784345600516762
2023-08-21,0.008096713155602226,8.081874077684493,10.865638540832876
2023-08-22,-0.0024962245956059626,8.05920368023758,10.832853189882627
2023-08-23,0.011319878351111146,8.161752763855809,10.963782941108269
2023-08-24,-0.01441785127459923,8.029659975091887,10.803099486803664
2023-08-25,0.007303472549835092,8.095607848854316,10.883803959554772
2023-08-28,0.006382326468594072,8.15365898757601,10.958408433804575
2023-08-29,0.01562252840753308,8.296662285142288,11.132269401919359
2023-08-30,0.003963732370568754,8.333511766380152,11.180802683216339
2023-08-31,-0.000881792780278129,8.325281543089917,11.164165322682999
2023-09-01,0.0010256591108876686,8.33484610306618,11.186665337211176
2023-09-05,-0.003147326377816478,8.305466295693144,11.136077924850483
2023-09-06,-0.007316416950469763,8.237383624355308,11.051791262847106
2023-09-07,-0.0027948811990560103,8.21156623453513,11.014733710780419
2023-09-08,0.0014840827037688766,8.225236960658426,11.032735190513309
2023-09-11,0.008109093301666577,8.300045267902387,11.113653762690355
2023-09-12,-0.006885190573774284,8.236012683888152,11.045126041861325
2023-09-13,0.0018552173073794493,8.253147494470477,11.060183960343887
2023-09-14,0.008619206228294823,8.332902280986147,11.165243160364442
2023-09-15,-0.012294290626145878,8.218160867958284,11.017815519088643
2023-09-18,9.876064101984206e-05,8.219071259434628,11.02667189477074
2023-09-19,-0.0022055916138530524,8.198737753177305,11.00078910931274
2023-09-20,-0.009608432493453282,8.11035230245092,10.88885303573105
2023-09-21,-0.016989899180949668,7.955568335329346,10.694257455783113
2023-09-22,-0.0024815282673587304,7.933344839354964,10.66758556101237
2023-09-25,0.004125003309857855,7.970194916385406,10.714691104994662
2023-09-26,-0.015089110852692336,7.834842650921809,10.542832884081369
2023-09-27,0.0002656686957398797,7.837189792045946,10.545714050641852
2023-09-28,0.006376073349383339,7.893536362362452,10.615281682968297
2023-09-29,-0.00205118513199021,7.8752940728051595,10.584200563448515
2023-10-02,0.0009756084205253457,7.883952884437226,10.585164622577883
2023-10-03,-0.014148011674226163,7.758262615314933,10.4268497196368
2023-10-04,0.009253853783964382,7.839310296958619,10.519555994493361
2023-10-05,-0.001229392498528894,7.828443315187368,10.506614601764362
2023-10-06,0.012218567676220399,7.93631424730966,10.644434684229344
2023-10-09,0.00622878133939223,7.991976594736247,10.717835307992729
2023-10-10,0.005327856423644191,8.03988455499777,10.779095882592769
2023-10-11,0.0047782117502619586,8.083079037599472,10.830235059759739
2023-10-12,-0.005935732384963108,8.029164311200812,10.757611311056186
2023-10-13,-0.005911511056409625,7.9757883065450095,10.698642212026332
2023-10-16,0.01106114743693181,8.075070824366392,10.822943445024928
2023-10-17,-0.000431747356437718,8.071152686528487,10.821754275642002
2023-10-18,-0.013721131623878155,7.946686206536334,10.66335128607996
2023-10-19,-0.008967105923557605,7.86646032365749,10.565396516724684
2023-10-20,-0.013164994313678346,7.749733423914085,10.420210190582134
2023-10-23,-0.001103260606315885,7.740080187711715,10.400980391857004
2023-10-24,0.0075656364604014615,7.8062044570467,10.484052192546345
2023-10-25,-0.015361674904621044,7.6709264070339245,10.31943664935622
2023-10-26,-0.012648228646863546,7.561254547257633,10.185675892007028
2023-10-27,-0.003176010628406091,7.534063911823052,10.13219507883294
2023-10-30,0.011877674507435024,7.635428745193334,10.266894203380387
2023-10-31,0.0065798120629569756,7.692248243419762,10.340620258271198
2023-11-01,0.01143456592004673,7.791640328952555,10.459811243828968
2023-11-02,0.01901813903973603,7.958840967115924,10.676680504626232
2023-11-03,0.00929994745487188,8.042157717366655,10.786925804455654
2023-11-06,0.002465469334811134,8.064450879939349,10.80794792123221
2023-11-07,0.0036316812267633116,8.097370076030943,10.841698554737118
2023-11-08,0.0012733553357691628,8.108954260758724,10.85418850353371
2023-11-09,-0.008271835377626439,8.0336064906514,10.760655193180382
2023-11-10,0.016278708345051147,8.180661936016675,10.946117903330439
2023-11-13,-0.0003030505092659224,8.177879731741566,10.936872478405778
2023-11-14,0.019579196911367447,8.357575246238182,11.167084415427516
2023-11-15,0.0013946830273985304,8.370626097611716,11.188757394458923
2023-11-16,0.0008582321153180902,8.378668269869324,11.206183864305006
2023-11-17,0.0013433876294964024,8.391267456804217,11.222094510215447
2023-11-20,0.0078067140019861215,8.464582395955647,11.313672786953635
2023-11-21,-0.0019751334454154706,8.445888582718505,11.28908071517772
2023-11-22,0.003990334046594747,8.483580833530468,11.33963142477968
2023-11-24,0.0004950151554558252,8.488275349771056,11.34727293914774
2023-11-27,-0.0016923215903319484,8.472218136541624,11.32335742155779
2023-11-28,0.0014105570717959663,8.485579240819716,11.335484013042933
2023-11-29,-0.0010273485604294704,8.475834244641819,11.32595108317487
2023-11-30,0.0033976256137697013,8.50802958178325,11.376312161856715
2023-12-01,0.005754965561496437,8.562747964584101,11.450063908678638
2023-12-04,-0.005864725409005825,8.506665073616286,11.382764506841848
2023-12-05,0.00013759860651986445,8.507973177483068,11.376249767166868
2023-12-06,-0.003995553885941024,8.469983558306353,11.328243782170343
2023-12-07,0.008706224662371701,8.552431362713934,11.428453324337074
2023-12-08,0.004255261331617243,8.593079454514617,11.479642661940977
2023-12-11,0.003459664729918224,8.626268293154705,11.528676324182006
2023-12-12,0.004205388186608071,8.666750488115857,11.586806153462183
2023-12-13,0.013591046156177265,8.79813174018009,11.758863792697921
2023-12-14,0.002758174982818585,8.825156702024215,11.79558367938427
2023-12-15,0.0007417733259653278,8.832444741189207,11.795320642946688
2023-12-18,0.004755866153821294,8.879206532343147,11.853411322617552
2023-12-19,0.005904034235756852,8.937533705932214,11.929844817677514
2023-12-20,-0.014587812466220228,8.792566827853333,11.741487483288774
2023-12-21,0.010677298947531003,8.897124991337998,11.872767134147665
2023-12-22,0.001442664960613333,8.911403226773812,11.89415260823567
2023-12-26,0.004324144057575826,8.954261562139104,11.948787111459243
2023-12-27,0.0016688273390910616,8.970873505974465,11.96835457556471
2023-12-28,0.00020720930445267672,8.972939563738425,11.974606278802106
2023-12-29,-0.002939480572122748,8.943624301643862,11.938576403979924
2024-01-02,-0.006006708867409472,8.883895845376989,11.865739779275726
2024-01-03,-0.00842114685109469,8.800662107002143,11.763135993814362
2024-01-04,-0.0034262574775190766,8.767082515173389,11.721055057502518
2024-01-05,0.0016761335847221281,8.783453450201824,11.744294020906503
2024-01-08,0.014390965870652011,8.92424679490079,11.924406692258684
2024-01-09,-0.0012592200223122023,8.911749984630283,11.907131927148694
2024-01-10,0.00586650559021884,8.969897321323968,11.980468932796944
2024-01-11,-0.0005726319184905455,8.964188239893705,11.972226716610965
2024-01-12,0.0007034356818097798,8.971197405441917,11.983074828666936
2024-01-16,-0.0035958954226157904,8.93534202233369,11.934818041485741
2024-01-17,-0.005755804628652925,8.878156134734294,11.862431637288658
2024-01-18,0.00894249499854278,8.96649149656398,11.976736262233873
2024-01-19,0.012401291878182237,9.090088866614291,12.137281469480588
2024-01-22,0.002000289701038966,9.110271967456747,12.166095581936007
2024-01-23,0.002918511405271949,9.13977891150417,12.20485614200787
2024-01-24,0.0007249775876611308,9.14713002395885,12.21570547748913
2024-01-25,0.004385136755770815,9.191626576792498,12.285974132507361
2024-01-26,-0.0007784028607935688,9.183693385508983,12.27733063282591
2024-01-29,0.008044324111168483,9.26561431575078,12.377891298051178
2024-01-30,-0.0009112909507237494,9.256259354321216,12.370938572121995
2024-01-31,-0.016300248670839675,9.089079776413154,12.155997429583467
2024-02-01,0.013009087208775763,9.22032949508081,12.321064416705998
2024-02-02,0.011158035051793185,9.334368289827797,12.464020438542915
2024-02-05,-0.0031445524268089663,9.30187132694248,12.421250713792196
2024-02-06,0.0022406743306080095,9.324954465581987,12.452645030186494
2024-02-07,0.008399294890053512,9.411676802864786,12.563691673581571
2024-02-08,0.0007150645156381254,9.419121823494809,12.573151197932171
2024-02-09,0.006283654851488367,9.48459198888926,12.652390007184568
2024-02-12,-0.0012102417974106006,9.47190309743551,12.63961133001928
2024-02-13,-0.013642609478009327,9.32903901298564,12.454699161250208
2024-02-14,0.009901326351371479,9.431310199149259,12.5861292934199
2024-02-15,0.0060099671998258995,9.494002031297356,12.668299429669716
2024-02-16,-0.005044409504132311,9.441065987714296,12.604808550764046
2024-02-20,-0.006344525772389122,9.374822375464028,12.523590239390687
2024-02-21,0.0008947979572846791,9.384105745332784,12.541291979927264
2024-02-22,0.02175800305908049,9.61004314990555,12.828043293350778
2024-02-23,2.8738717579348746e-05,9.610348068939139,12.833154764216893
2024-02-26,-0.0032395572091644233,9.575975239360663,12.781288872427025
2024-02-27,0.0017398622653898143,9.594375979599324,12.805017205947442
2024-02-28,-0.0016595644668184876,9.576793929675466,12.78341885585879
2024-02-29,0.005658573960053457,9.636643500386779,12.85847355061571
2024-03-01,0.008320148305602501,9.72514195178382,12.970259142886599
2024-03-04,-0.0010068441478596297,9.714343405374702,12.954085460538577
2024-03-05,-0.010469211014455446,9.602172683382495,12.812182807877276
2024-03-06,0.00495529960226289,9.654709625463582,12.884205854762909
2024-03-07,0.010822845319137284,9.770023899660297,13.029202549985342
2024-03-08,-0.0069904463465175655,9.69473662543901,12.938601790054724
2024-03-11,-0.0013541617584006552,9.680254222084674,12.922992106765887
2024-03-12,0.01192758371078681,9.807643848371074,13.079402136528767
2024-03-13,-0.0022870411610204956,9.782926322036198,13.052892957321736
2024-03-14,-0.0025638397107148555,9.75528062733405,13.015998120818763
2024-03-15,-0.006849001728032859,9.681617691731962,12.92559800263588
2024-03-18,0.0066814170908347445,9.752986034735262,13.0137311137544
2024-03-19,0.005460176257376293,9.811699233778022,13.092895294064043
2024-03-20,0.009058102169634324,9.90963271006494,13.220252643439746
2024-03-21,0.0032814306169981645,9.945431912859952,13.266605780868026
2024-03-22,-0.0012366680323005353,9.931896047113597,13.247313587453052
2024-03-25,-0.0029321800522844116,9.899841759590602,13.20377922189541
2024-03-26,-0.002847783955684347,9.868801365108142,13.164027687337773
2024-03-27,0.008534837101049565,9.961564814243006,13.28797902070312
2024-03-28,0.0008459513993160658,9.970837765336308,13.304365579051789
2024-04-01,-0.001524583502662974,9.954111807068884,13.275613861286216
2024-04-02,-0.007517260634060464,9.871766893600508,13.172660176191604
2024-04-03,0.0014004522094999588,9.88699228356782,13.188795932355605
2024-04-04,-0.01228103209328314,9.753288781933998,13.015547900311649
2024-04-05,0.011247405724949287,9.874235383741954,13.171156586508872
2024-04-08,-4.022152599936468e-05,9.873798005400744,13.166095276079691
2024-04-09,0.001615301779009107,9.891362470663452,13.188607524860778
2024-04-10,-0.009021495194195343,9.793106096476121,13.054685275373163
2024-04-11,0.008138177279490025,9.880942307285588,13.15966862302567
2024-04-12,-0.014500967314540224,9.723158118536242,12.955275853346798
2024-04-15,-0.012426554563065958,9.589906209087868,12.787691056975232
2024-04-16,-0.0017819410627770722,9.571035620362936,12.759352856958042
2024-04-17,-0.006227416610966615,9.505205377545568,12.679800850831128
2024-04-18,-0.002889100970586472,9.474854778493091,12.650460665500548
2024-04-19,-0.009892849881348278,9.371228612640534,12.53155840831147
2024-04-22,0.00869839294116662,9.461441634395952,12.649708258946536
2024-04-23,0.012330829448377623,9.590439886973845,12.813309582570358
2024-04-24,0.0007566536512108627,9.598453181982254,12.816316761935822
2024-04-25,-0.00437443592623322,9.55209092762049,12.753351955905313
2024-04-26,0.011120677710253312,9.669437329995846,12.893989586815641
2024-04-29,0.003796747953401133,9.70994649434245,12.938864826492303
2024-04-30,-0.016216590096584667,9.536267682087344,12.720102926769744
2024-05-01,-0.003410873207432352,9.500329808944176,12.673061000902587
2024-05-02,0.009535840686779751,9.600459281160914,12.79808894852408
2024-05-03,0.012903954284632337,9.73724712312112,12.97203800325982
2024-05-06,0.010672647197845213,9.85184197354227,13.116698256527206
2024-05-07,0.0012478314401507173,9.865383243140403,13.136403967690564
2024-05-08,-0.00017836762190788833,9.863445210570207,13.136341573000719
2024-05-09,0.005104853719315033,9.918901509257962,13.21105737895201
2024-05-10,0.0015104157653300383,9.93539359023763,13.236727288409364
2024-05-13,-0.00025599399408036993,9.932594195155625,13.233494998790341
2024-05-14,0.005521495062325885,9.99295846002259,13.304478134178561
2024-05-15,0.01204612881496276,10.125381053689557,13.474756913041077
2024-05-16,-0.0016640319694616618,10.106868063943775,13.447596871579194
2024-05-17,0.0012551366373806999,10.120808700977385,13.465035575678188
2024-05-20,0.0014568224708616786,10.137009744987123,13.479517260848652
2024-05-21,0.0028695473954536196,10.168967922293993,13.516111134730023
2024-05-22,-0.0028452860141212977,10.13718901407252,13.477011685852531
2024-05-23,-0.007276687905020939,10.056147165477887,13.370700921759209
2024-05-24,0.007423785589447363,10.138225631479772,13.471649412801748
2024-05-28,0.0006486417128951386,10.14545034923199,13.475270751663333
2024-05-29,-0.007273839609415,10.064380131016978,13.368796048581004
2024-05-30,-0.006667628671327156,9.990606952824947,13.284407842278467
2024-05-31,0.0073331854467548595,10.071203111782406,13.40041669865415
2024-06-03,0.0014406879316772514,10.087153260494699,13.418193068133483
2024-06-04,0.0019401111923430703,10.108663570626609,13.440642922224725
2024-06-05,0.012610320222836643,10.24874737549997,13.611949378331742
2024-06-06,-0.00018931302390485887,10.246617841119173,13.60921869308206
2024-06-07,-0.0010931907362984965,10.234323142680571,13.595588511914183
2024-06-10,0.003377960562401191,10.272272243201817,13.63448731904394
2024-06-11,0.003084297496567943,10.307039284262157,13.674275556360309
2024-06-12,0.0092800838661003,10.4119695570974,13.79939159060276
2024-06-13,0.002666009065115239,10.44239397138744,13.834281233053659
2024-06-14,-0.00018231224314958224,10.440307882875516,13.832088854932051
2024-06-17,0.008276279240537358,10.534991065511914,13.947609564616593
2024-06-18,0.0023595693873897164,10.56220867731391,13.985755965192336
2024-06-20,-0.002883869957145323,10.52886477107116,13.948009624686774
2024-06-21,-0.0015017591365997433,10.51155119306658,13.925434981215844
2024-06-24,-0.003488071022046624,10.471398084931238,13.88066006241305
2024-06-25,0.004471278142573131,10.522689896453146,13.939177717510498
2024-06-26,0.0021815519737097893,10.5478272433392,13.962705409283178
2024-06-27,0.001310305366206604,10.562958423344174,13.976448145577832
2024-06-28,-0.004376490927645958,10.512353240707661,13.91712914691473
2024-07-01,0.0038816356857123147,10.557040001873318,13.957505851796105
2024-07-02,0.006910209676083362,10.636901571521145,14.050237818583778
2024-07-03,0.005567630260253543,10.70169153684634,14.127196163093611
2024-07-05,0.006024188761909088,10.772184735497936,14.212022355650353
2024-07-08,0.0013034159350104153,10.787528788672072,14.227969704319525
2024-07-09,0.0009198686486088426,10.798371766849346,14.239621606791731
2024-07-10,0.010278960297962438,10.919646761821392,14.397021387615093
2024-07-11,-0.010303646916222957,10.796830930221484,14.262672162700893
2024-07-12,0.005406300000213704,10.860608137282062,14.346885419186808
2024-07-15,0.0026304860398682706,10.89180730141153,14.391809595875113
2024-07-16,0.005715719343670421,10.959777534435409,14.49016564872586
2024-07-17,-0.015236672814701265,10.777550317206602,14.274599335863591
2024-07-18,-0.0078318922346985,10.6853098123335,14.155283560926131
2024-07-19,-0.0069399421759533545,10.604214437927805,14.047995280025237
2024-07-22,0.01103328359885591,10.7322470267634,14.211032604589874
2024-07-23,-0.0009896382742644045,10.720636346062589,14.187329963000572
2024-07-24,-0.02498629873795806,10.4277810249209,13.835960995978306
2024-07-25,-0.005476017930539193,10.365202291122158,13.759803995034128
2024-07-26,0.010883010688813975,10.488889909136974,13.924507624845209
2024-07-29,0.0011082820989491344,10.501622840160069,13.936847092330998
2024-07-30,-0.005917717408815533,10.433559486449223,13.862820074818583
2024-07-31,0.017064384875648944,10.628666146024619,14.09870748176562
2024-08-01,-0.013944148344078203,10.466514300240691,13.892561543644636
2024-08-02,-0.019633898388221216,10.241381923602681,13.619002425134791
2024-08-05,-0.030255503465207514,9.9012682538594,13.181504317620789
2024-08-06,0.010212488046007216,10.012597325588256,13.328531898826409
2024-08-07,-0.00827527637612087,9.921465039100083,13.218186278123117
2024-08-08,0.02375790623286691,10.180936181424558,13.545914998245923
2024-08-09,0.005258394669723772,10.239729956643483,13.615633111883168
2024-08-12,0.0003494621310991655,10.24365781662711,13.618263476258981
2024-08-13,0.017419456646074458,10.439516226507141,13.864687021812765
2024-08-14,0.0034999358113927083,10.479553799013303,13.921976357917972
2024-08-15,0.0174682166946576,10.680081132332447,14.167096955536758
2024-08-16,0.0020726648218732458,10.704290025612057,14.19941985172698
2024-08-19,0.009884185132492564,10.819977395069595,14.34882699512374
2024-08-20,-0.0017367334201676195,10.79944924530195,14.318834724113017
2024-08-21,0.004392202303518577,10.851274813457415,14.384455586450452
2024-08-22,-0.009686635657143425,10.736475832266773,14.247313281596725
2024-08-23,0.011572693571613009,10.872298470684237,14.422603210451484
2024-08-26,-0.0036134955167507954,10.829397973386891,14.374308497086266
2024-08-27,0.0012785086137053273,10.844521960590814,14.400065269739285
2024-08-28,-0.006526014244331585,10.7672244415587,14.308099167183824
2024-08-29,-2.271762718288094e-05,10.766957118140859,14.308286351253361
2024-08-30,0.010615082556736799,10.891864339391505,14.464947183200909
2024-09-03,-0.021745935002239564,10.633264630411647,14.139398606946799
2024-09-04,-0.0015655051001867144,10.615052695300916,14.115746125794429
2024-09-05,-0.0018391201085152778,10.593691218327523,14.070682478622942
2024-09-06,-0.018052597746079178,10.384394974370807,13.81242106995271
2024-09-09,0.012158736819817767,10.522814836717037,13.985518620685864
2024-09-10,0.0057080195660282815,10.588587289260738,14.052956269580546
2024-09-11,0.011658238756171817,10.723689806725679,14.213662968965684
2024-09-12,0.00804835247083145,10.8180461945489,14.327929667726874
2024-09-13,0.005762874464120502,10.886152111179262,14.413370019779737
2024-09-16,0.0012307716627621649,10.900781250376983,14.435857800055004
2024-09-17,-3.3234930200337154e-05,10.900385728742798,14.440292716735154
2024-09-18,-0.0029729612103373193,10.865006343583193,14.395830994806877
2024-09-19,0.017584760918728022,11.073649643434296,14.658077099650141
2024-09-20,-0.0014249482515014292,11.056445317485643,14.627823015627127
2024-09-23,0.003257859845204089,11.095723526561377,14.671883454059932
2024-09-24,0.0026020611684530017,11.127197339054186,14.711320568317763
2024-09-25,-0.0015012805951712266,11.108991013015252,14.68216879048201
2024-09-26,0.0036212888449088246,11.152841167093785,14.746448778700422
2024-09-27,-0.0014527985507817964,11.13518553705835,14.727218979975293
2024-09-30,0.004349107070338389,11.187962758277438,14.795232862182072
2024-10-01,-0.008867410771988058,11.0798870860261,14.648405922724189
2024-10-02,-7.553544671719725e-05,11.078974626358763,14.651512199538228
2024-10-03,-0.001767799094140081,11.057621425956144,14.625253822515868
2024-10-04,0.009360856282789338,11.170491087236801,14.76872368297504
2024-10-07,-0.009810960209723973,11.051086883447121,14.617762789458613
2024-10-08,0.009960719758799457,11.171124382682082,14.769149434976333
2024-10-09,0.007081182870131163,11.257310340170966,14.881787754675102
2024-10-10,-0.0020115841759038976,11.232653728651535,14.851319571226151
2024-10-11,0.005664915066115729,11.301950673057549,14.947382925081426
2024-10-14,0.007502775143795138,11.394249442787558,15.070294346949357
2024-10-15,-0.007428523270079163,11.302178472386645,14.949362427202386
2024-10-16,0.004525779569556148,11.357855420378005,15.024204245958657
2024-10-17,-7.499119794412718e-05,11.35692868999601,15.021624042019777
2024-10-18,0.00409755461116195,11.407561880129503,15.086167066675774
2024-10-21,-0.0018108822974263388,11.385093245966555,15.057465509347136
2024-10-22,-0.00031213468148459016,11.381227428831068,15.049912081600034
2024-10-23,-0.00939010979519592,11.264966343875052,14.902659390140858
2024-10-24,0.003462115682945235,11.30742907620498,14.936772157531927
2024-10-25,-2.5224641450141092e-05,11.307118625719358,14.93212436485113
2024-10-28,0.0022886774477168838,11.335285650564419,14.974568658474425
2024-10-29,0.0019313095728725417,11.359108905825472,15.000351123058557
2024-10-30,-0.003180838757945183,11.319796573204158,14.947647184944302
2024-10-31,-0.01877726200654109,11.088464525081816,14.652001569654667
2024-11-01,0.004476085824287126,11.142573529779932,14.716720767552577
2024-11-04,-0.002595103391435377,11.111062296032047,14.673286722868802
2024-11-05,0.01275030117348239,11.265481987837264,14.865702158948043
2024-11-06,0.025645303581703586,11.580033996991268,15.26710799695002
2024-11-07,0.008295905216009888,11.68439676664449,15.388377582077329
2024-11-08,0.004569273046550003,11.742355238902066,15.453446679608486
2024-11-11,0.0014973688856994396,11.761435245167327,15.469395251702952
2024-11-12,-0.003118386868674307,11.721640153073361,15.422728917400157
2024-11-13,0.00042434158510765553,11.727038474021086,15.427264154954173
2024-11-14,-0.006686083782210259,11.641944428484367,15.329822000795858
2024-11-15,-0.013377771019174676,11.472823390682972,15.116384447940064
2024-11-18,0.004410610107582351,11.527836151600006,15.182005310277496
2024-11-19,0.004714186467938656,11.586894707258432,15.246348916611048
2024-11-20,-2.338138137511966e-05,11.586600408272954,15.247212654866548
2024-11-21,0.0051839978226777715,11.651849317384356,15.336449295597617
2024-11-22,0.0036794677392156775,11.698401388789089,15.39380224981796
2024-11-25,0.00267363201576525,11.732352241291192,15.44341214537108
2024-11-26,0.00635614407794341,11.813280906587964,15.538636229476676
2024-11-27,-0.004232312495183879,11.759051097702711,15.476761495380519
2024-11-29,0.006081321200110181,11.83664298563646,15.570782952424985
2024-12-02,0.002960560492239812,11.874646643712722,15.613315332669234
2024-12-03,0.0009686221677163674,11.887117311853338,15.62114525453212
2024-12-04,0.00655229278418161,11.971557477624698,15.722057042815926
2024-12-05,-0.0014915475542017238,11.952209782794759,15.691815193045823
2024-12-06,0.00349310827797105,11.997453254005055,15.735361792856377
2024-12-09,-0.006188893058739885,11.917013405780047,15.634875756573866
2024-12-10,-0.0025998695116531433,11.883430856444745,15.585916723275595
2024-12-11,0.00914538494041443,12.001254790980145,15.72159336463061
2024-12-12,-0.005574331257391608,11.928781490013472,15.631054999389836
2024-12-13,0.000457609705388275,11.934697825902148,15.632707846958077
2024-12-16,0.004951432860830975,11.998743113762238,15.698129290973064
2024-12-17,-0.003720524227833627,11.9503809750761,15.633948400203227
2024-12-18,-0.03044686427177256,11.556082483260212,15.143682736459834
2024-12-19,-0.0009521074719340091,11.544127743309682,15.129751592670353
2024-12-20,0.010311136190589078,11.673471952863094,15.305856322768967
2024-12-23,0.007366656651664502,11.766833069324338,15.425672478650476
2024-12-24,0.011793292822996158,11.917396070133192,15.60703916092601
2024-12-26,-0.0006003831055315499,11.909640683765224,15.6016389616912
2024-12-27,-0.011488496510091584,11.761328321823251,15.419521096286946
2024-12-30,-0.010954850270242827,11.62152988080827,15.243917970557671
2024-12-31,-0.004578379762649602,11.5637437238283,15.175767064718293
2025-01-02,-0.002136391203093186,11.536902652258796,15.140388052150964
2025-01-03,0.013437110744708216,11.705362401592824,15.344968005899371
2025-01-06,0.0059505031707217885,11.780965700848672,15.436746924385297
2025-01-07,-0.011877186716960919,11.629163784796619,15.254403948727482
2025-01-08,0.0017824056196973134,11.651674077298718,15.28013625287468
2025-01-10,-0.014847614854915266,11.463826893329072,15.032409759385903
2025-01-13,0.0012224505914347227,11.479063305886362,15.057678385347781
2025-01-14,0.0005483457479928744,11.485906147189079,15.076132532438368
2025-01-15,0.019020617635954265,11.723395793853172,15.372128047361251
2025-01-16,-0.002385556838777463,11.693043410004673,15.337840330153561
2025-01-17,0.010303021674626121,11.823820111374921,15.501403727593363
2025-01-21,0.009466570821856153,11.945217712665995,15.646514201367864
2025-01-22,0.006904510935375311,12.034598109923913,15.748967505518426
2025-01-23,0.005387912578685109,12.104827385038476,15.83822861475532
2025-01-24,-0.00290360854908511,12.066776096208994,15.79174946452206
2025-01-27,-0.0166547983149821,11.849151575699604,15.547055842329858
2025-01-28,0.010013221040176417,11.977812970605816,15.699594954471774
2025-01-29,-0.0047851549258322275,11.915712124942992,15.62154653802759
2025-01-30,0.005919205997760917,11.992162885618308,15.709491241651286
2025-01-31,-0.004675388357468634,11.931419478524552,15.626218799214211
2025-02-03,-0.007525461554233038,11.834104578397255,15.500727173407402
2025-02-04,0.007567751818942515,11.93122989666492,15.620042948344864
2025-02-05,0.003388272658669779,11.975044429366763,15.685162206312956
2025-02-06,0.003880943210562311,12.025399839951657,15.745960326152971
2025-02-07,-0.009668276915392075,11.899466667365301,15.588585013835434
2025-02-10,0.0072576047024227675,11.993085897309118,15.702351331652576
2025-02-11,-0.00033325093102398403,11.988755939336965,15.708426861648057
2025-02-12,-0.002621977876733116,11.954699708617737,15.664704088595588
2025-02-13,0.010720397429645919,12.093579238075836,15.838628674825507
2025-02-14,0.0002543735152481633,12.096909897853807,15.841347125822278
2025-02-18,0.0024378250895034873,12.12883787339776,15.885094367380567
2025-02-19,0.0023899558144891138,12.160215215810771,15.925522456124167
2025-02-20,-0.005100838845279551,12.093087078825723,15.854426765609169
2025-02-21,-0.017934653053920672,11.858267104662211,15.567425873426274
2025-02-24,-0.006196817673505991,11.77858676781738,15.485693723430664
2025-02-25,-0.0051711913860779555,11.712506249997393,15.408822242116496
2025-02-26,0.0006644241838905226,11.72095274658775,15.411403669480666
2025-02-27,-0.016990500873931003,11.504817387829615,15.151187227195294
2025-02-28,0.01607757822821553,11.705864567611993,15.409285920301816
2025-03-03,-0.018075049650678972,11.476205434697604,15.122059917865364
2025-03-04,-0.012038500315473426,11.326010631636086,14.925259725542908
2025-03-05,0.011505891267657374,11.46783236972768,15.103318265831373
2025-03-06,-0.01913519659005789,11.229257946281052,14.81682998884544
2025-03-07,0.005465105517960627,11.296092131363837,14.906518073508915
2025-03-10,-0.02832325013701765,10.947826838219404,14.480307287730376
2025-03-11,-0.007120033751433273,10.862757907875002,14.363320914547126
2025-03-12,0.005815391056306232,10.931744484115583,14.438726732362582
2025-03-13,-0.01462866701483344,10.75719896715138,14.225539981691457
2025-03-14,0.021561218068601357,11.010698497958066,14.5524551239957
2025-03-17,0.006255907640197527,11.08583631845555,14.653354678026597
2025-03-18,-0.011417020606320728,10.947852076163123,14.487159692785692
2025-03-19,0.011277756857566271,11.08259704684826,14.65450714465079
2025-03-20,-0.0022435482304851385,11.05548915762414,14.62222217464459
2025-03-21,0.0013458974683658175,11.071714609961296,14.63552692468504
2025-03-24,0.01865125384775935,11.296867223529391,14.911541457754074
2025-03-25,0.0015179666632352423,11.315533458036938,14.937223601464337
2025-03-26,-0.012210668999292268,11.16515255543114,14.759415863360543
2025-03-27,-0.0035187350037974834,11.122346607307808,14.70736156407585
2025-03-28,-0.020158325981583704,10.877980392735951,14.397836188858959
2025-03-31,0.0052070804908225824,10.93982999270934,14.484716512479416
2025-04-01,0.004473057186797878,10.993237535067374,14.543659919578158
2025-04-02,0.007254483981036832,11.08024228464629,14.648693427667597
2025-04-03,-0.04953646788626087,10.48182975065466,13.892073396953505
2025-04-04,-0.05960766087121821,9.797424736696573,13.004260578576188
2025-04-07,-0.0019010479911335553,9.776898314091461,12.971787201075163
2025-04-08,-0.016381451166602945,9.600357080631726,12.752474759971621
2025-04-09,0.09774105147300083,10.63644712768194,14.061274338134583
2025-04-10,-0.03508508153306092,10.228181431452066,13.542632548189975
2025-04-11,0.018013879620626935,10.4304445401168,13.80610697202548
2025-04-14,0.007826934315997201,10.519909878734943,13.923768675969406
2025-04-15,-0.00154801931977998,10.502076835680537,13.899389480194138
2025-04-16,-0.02287420509924708,10.23897597107388,13.565897203525072
2025-04-17,0.0016390037787551862,10.25739669515981,13.585453656802917
2025-04-21,-0.024026287155674543,9.98692324953656,13.242916596956928
2025-04-22,0.02539013616653276,10.265882726893537,13.60102541390773
2025-04-23,0.017365869710216694,10.461524578499349,13.84459226140685
2025-04-24,0.021529541038624186,10.708285942277351,14.145335889884398
2025-04-25,0.007870385805611772,10.800434669765494,14.257060310890735
2025-04-28,0.0006811775409569491,10.808472860836067,14.26711931363396
2025-04-29,0.005822390642136995,10.877226402718929,14.35575402912182
2025-04-30,0.0013369019178072453,10.893105089474956,14.379707472895793
2025-05-01,0.006904158529680711,10.975216972422844,14.476774035489749
2025-05-02,0.014955025578178006,11.15430664854966,14.70519487788535
2025-05-05,-0.005440257211466961,11.088184094154506,14.605773221606075
2025-05-06,-0.007955186223306803,10.992020338583892,14.48590690528763
2025-05-07,0.003996550603911242,11.039947054710176,14.553332319929401
2025-05-08,0.006262344803651633,11.11534535458448,14.643557488295663
2025-05-09,-0.00038117750658487725,11.110727257450806,14.635175801626502
2025-05-12,0.03371112970809267,11.518993554886064,15.146087990582092
2025-05-13,0.008351390425767928,11.62354455780059,15.26354905277828
2025-05-14,0.0020123796493152503,11.648947921970933,15.280951054118546
2025-05-15,0.00399272673500658,11.699451714508692,15.352284089140014
2025-05-16,0.00720196498771333,11.790912721119739,15.468993968207485
2025-05-19,0.0008656577330635297,11.801985273629716,15.485818512810361
2025-05-20,-0.0038501950695205376,11.752695133049112,15.4221893868468
2025-05-21,-0.01634231492543984,11.5442865730367,15.157726435376105
2025-05-22,-1.649639135125335e-05,11.54407963757617,15.15087403032079
2025-05-23,-0.006638150232335337,11.46081015241556,15.043497662798938
2025-05-27,0.021170298206200373,11.724609219233045,15.373081095663018
2025-05-28,-0.005469157808810841,11.65501632335761,15.282065594558723
2025-05-29,0.0038215196824808004,11.703377717319439,15.347636296459225
2025-05-30,5.425806087174141e-05,11.704066977960903,15.347786777770029
2025-06-02,0.004419016858118712,11.76020646410318,15.416828337221311
2025-06-03,0.006007007398981717,11.836857118745582,15.512303223511577
2025-06-04,0.00011197075420018215,11.838294471318727,15.514206873264488
2025-06-05,-0.006061745457855221,11.760471998120604,15.428390929647268
2025-06-06,0.010663595685604068,11.896544512266034,15.599195781384942
2025-06-09,0.0015085132857106187,11.915999121002546,15.615883302355218
2025-06-10,0.005971646647159788,11.993128903848199,15.707537431461454
2025-06-11,-0.0028822175390066152,11.955679879834953,15.661911008656073
2025-06-12,0.004026656833198554,12.007847956751824,15.725777479126105
2025-06-13,-0.010398381076044912,11.872587396718266,15.539625980537174
2025-06-16,0.009551990076804354,11.995546223794516,15.697690081293587
2025-06-17,-0.008432704027748376,11.885958628810334,15.558743224135522
2025-06-18,-0.00010730172210154319,11.884575943258534,15.554183518075682
2025-06-20,-0.002527231978952475,11.85201363089949,15.519055307693023
2025-06-23,0.010091626182957603,11.981711348160802,15.678046764820074
2025-06-24,0.01114710744167539,12.126419879335566,15.8638973007874
2025-06-25,2.20105556639776e-05,12.126708799130991,15.86398538740836
2025-06-26,0.008185245034164526,12.234154127144004,15.999436918509819
2025-06-27,0.005423116197057352,12.30592448274527,16.089399050438498
2025-06-30,0.005187373319477217,12.374947280398041,16.179111603607797
2025-07-01,-0.0012109058902826113,12.358751477953987,16.16028186495285
2025-07-02,0.00557908555351164,12.433281095337593,16.242164496259264
2025-07-03,0.008606585007858016,12.548895771019069,16.388666004589723
2025-07-07,-0.007951036698095267,12.441168003525028,16.252274882864718
2025-07-08,-0.0009168127636534358,12.428844969140988,16.240022278574596
2025-07-09,0.006096709009549695,12.510716729252195,16.344742589789522
2025-07-10,0.0029799320615288213,12.550977747207929,16.394816163527963
2025-07-11,-0.0031854979581926136,12.507811135262685,16.33746443273291
2025-07-14,0.00164515327170206,12.530033554945396,16.361906023198024
2025-07-15,-0.0038660549329141295,12.477725701977805,16.294831731614792
2025-07-16,0.0035222738312037606,12.525197942522023,16.350066936656283
2025-07-17,0.0054578742093743075,12.599016771549197,16.443499926135743
2025-07-18,0.0002001595900092641,12.601738745170717,16.442998321766403
2025-07-21,0.0015033659413294046,12.622187135943069,16.467816727221166
2025-07-22,0.00047596591601313846,12.628670832721332,16.479329159210188
2025-07-23,0.008056369667456108,12.73846844302581,16.616095872499553
2025-07-24,0.0007780373287410378,12.749157484314214,16.628536884284504
2025-07-25,0.00410998542148805,12.80566632113249,16.699532253925632
2025-07-28,0.00048789148488646134,12.812401988173754,16.702651988417873
2025-07-29,-0.0028345238640404865,12.773250405118555,16.6503481103738
2025-07-30,-0.0012894218446426026,12.755490875174461,16.628398637226606
2025-07-31,-0.0035145658924781594,12.70714629611028,16.564656956136265
2025-08-01,-0.01657680179186869,12.479925648827512,16.284496234755775
2025-08-04,0.015591462654897343,12.690097406172,16.539889934543723
2025-08-05,-0.004829646850307738,12.623979070353876,16.454937729182
2025-08-06,0.0077705379326752705,12.729844716514036,16.582057734051233
2025-08-07,-0.0004786543933520454,12.723272866020436,16.568277071572556
2025-08-08,0.008041916925894343,12.83363428636035,16.706922966109012
2025-08-11,-0.002035071408416576,12.805481852749688,16.664341648853117
2025-08-12,0.011238349178213496,12.96063267838438,16.86528802948703
2025-08-13,0.0024216859860408356,12.994440946897887,16.923580574330916
2025-08-14,0.0003673087207591392,12.999581227099831,16.929656104326398
2025-08-15,-0.002425730193352179,12.96562202022297,16.881750440203742
2025-08-18,-2.188889777122782e-05,12.965316328150257,16.881311230524247
2025-08-19,-0.006491751092638909,12.87465697061794,16.77805658280803
2025-08-20,-0.002675076437991989,12.837541202670618,16.7352746238044
2025-08-21,-0.004222201999828585,12.779116308531991,16.666546261227634
2025-08-22,0.015767120186399593,12.996373291430993,16.935594610689282
2025-08-25,-0.0040831470530211834,12.939224041073103,16.859437609745104
2025-08-26,0.004137325346544958,12.996895146009402,16.934404217881063
2025-08-27,0.002159420799591076,13.02712033251739,16.977325647367874
2025-08-28,0.003297987127734518,13.073381594813215,17.034514662599214
2025-08-29,-0.006654933514350526,12.97972417597765,16.920723876276252
2025-09-02,-0.006622947358826688,12.887137198669231,16.80023116620878
2025-09-03,0.0053539190838442375,12.96148780753715,16.891346988186942
2025-09-04,0.008711637388462538,13.083115226719855,17.04228218977226
2025-09-05,-0.002543388711279574,13.047296390432566,16.987661144226887
2025-09-08,0.003002369643931688,13.089471566694511,17.02652202517262
2025-09-09,0.002966175954679302,13.131263418469779,17.07553121890783
2025-09-10,0.004623548884248939,13.196600005681272,17.12997731463658
2025-09-11,0.008211116610565661,13.313169943801478,17.283982090277203
2025-09-12,-0.0004130196226756819,13.307258323751997,17.275889131976736
2025-09-15,0.005616115141746002,13.387609533860891,17.366027437147327
2025-09-16,-0.000755684259858368,13.376737043799164,17.34302581824981
2025-09-17,-0.0009516166908444778,13.363055900868403,17.325524719460972
2025-09-18,0.004748722178812674,13.431262062980384,17.413570967383826
2025-09-19,0.005192625304434827,13.506198199543546,17.50358325974944
2025-09-22,0.004734979812364183,13.574884755172537,17.586692986622804
2025-09-23,-0.005908243618128331,13.488772785332833,17.484415855714158
2025-09-24,-0.002926992770147743,13.44636425214185,17.431911335922347
2025-09-25,-0.005485949547167992,13.367112226714589,17.339781294377882
2025-09-26,0.005870039924645165,13.451447749087261,17.448524227949868
2025-09-29,0.0026563058398020993,13.489835214136757,17.497307088006224
2025-09-30,0.003919632334410184,13.546630040762363,17.574829431575246
2025-10-01,0.004601916553372218,13.613572418342727,17.638922235724127
2025-10-02,0.0002116887729970273,13.61666594755707,17.65064876713909
2025-10-03,-0.00016243096980839958,13.614291748331844,17.653805204390064
2025-10-06,0.004270341284727697,13.676699761731799,17.723197886899886
2025-10-07,-0.004422151968162409,13.611797164994327,17.651963949326998
2025-10-08,0.006206259057799224,13.702481763500296,17.760655499036755
2025-10-09,-0.002565687527918325,13.664759789410237,17.709604408490744
2025-10-10,-0.02731247109820603,13.264228961499835,17.204768972955925
2025-10-13,0.01624207132898979,13.495909585745556,17.488725983014625
2025-10-14,-0.0017638384989664595,13.470341142340681,17.46008682037583
2025-10-15,0.004718967904991712,13.538626217765668,17.53581806931872
2025-10-16,-0.005916608147412201,13.452606863433454,17.419196276872206
2025-10-17,0.0046876629095319,13.520355812573216,17.516650665283432
2025-10-20,0.010335574000919256,13.670432024593744,17.714503003356214
2025-10-21,-3.73933425681823e-05,13.669883448103425,17.71517955754218
2025-10-22,-0.005432236541707082,13.590193171174054,17.615582951446278
2025-10-23,0.006457155502345361,13.684404317289582,17.724324661592973
2025-10-24,0.007982939999868648,13.801629035888315,17.873131103171815
2025-10-27,0.012598157418815245,13.988102288537341,18.10518429525662
2025-10-28,0.0024931105535945467,14.02546928453125,18.14898169725184
2025-10-29,0.0007286977102262009,14.03641830959396,18.148268440307145
2025-10-30,-0.010690592936354356,13.875670082225346,17.958721936535476
2025-10-31,0.0035005700031812,13.927743406692404,18.009735100897462
2025-11-03,0.0023240818537607127,13.962436704261492,18.04362275803497
2025-11-04,-0.012788172683525608,13.771094479921075,17.820313386505482
2025-11-05,0.004145197682988695,13.832323586534452,17.88916653846194
2025-11-06,-0.011705516582188021,13.658703576839894,17.67815993165951
2025-11-07,0.0008566025551747221,13.671260259779363,17.70365366787495
2025-11-10,0.016150037457373694,13.908201662521678,17.99409972567751
2025-11-11,0.0019185480423365244,13.936803763636068,18.03352582910772
2025-11-12,8.709005683952344e-05,13.938104610724842,18.046291048594806
2025-11-13,-0.017898418500144606,13.670736162803149,17.73151595545391
2025-11-14,1.0999559054053303e-05,13.670897534431937,17.72606559578217
2025-11-17,-0.008549215825640478,13.54547286505422,17.556312889794818
2025-11-18,-0.008545288808368249,13.421177598568049,17.404462566091777
2025-11-19,0.004275383789510721,13.482833667498621,17.474156211223203
2025-11-20,-0.015795585688953007,13.254068827284794,17.18915928966709
2025-11-21,0.00945161552602711,13.388792805521819,17.369221800582334
2025-11-24,0.016380538067602313,13.624488973819512,17.653592328389415
2025-11-25,0.009425979445212417,13.762339106283472,17.823808712562084
2025-11-26,0.007178687085722833,13.86831331938081,17.954136538544518
2025-11-28,0.005432665400948614,13.949087890721474,18.05632558283221
2025-12-01,-0.005130707891145338,13.872388487515124,17.957180420668713
2025-12-02,0.0025952862396295268,13.910986592707197,18.00432266740974
2025-12-03,0.0036857507805534203,13.96594477318009,18.061587535009124
2025-12-04,0.0012725944297385966,13.984990351134215,18.083473390041178
2025-12-05,0.002191262820574842,14.01782640335733,18.123349713978506
2025-12-08,-0.003474603706466077,13.96564540807316,18.05845556626397
2025-12-09,-0.0003577883271835595,13.960290874837382,18.04194421853561
2025-12-10,0.006915327145189535,14.063746180424078,18.171093885962733
2025-12-11,0.0013067982504889593,14.083431457578463,18.211170851647797
2025-12-12,-0.010868810153109929,13.919492504608597,18.00745463615489
2025-12-15,-0.0014255927841267657,13.898223383751192,17.980306828945917
2025-12-16,-0.0018657464562198516,13.870427076268987,17.935782712327793
2025-12-17,-0.012550001997496724,13.683803186758183,17.716657455293785
2025-12-18,0.008570524212811811,13.809651077506457,17.865363575998757
2025-12-19,0.009288694872421444,13.947213407532441,18.03215926305758
2025-12-22,0.0064874824362393495,14.044183191984528,18.155809633801322
2025-12-23,0.004342306291447661,14.109509643308773,18.243041080480317
2025-12-24,0.0032393980485723147,14.158455359362192,18.305079753565483
2025-12-26,-0.0002672106713496567,14.154404858328993,18.301046120380807
2025-12-29,-0.003742650838720751,14.097687212275655,18.23424709948807
2025-12-30,-0.0015210305704742178,14.074723168482326,18.207826006901996
2025-12-31,-0.00739665886983118,13.96322058364792,18.06798971955732
2026-01-02,0.0029142012815729723,14.006826420249247,18.10854259768061
2026-01-05,0.006316360849657462,14.101614951127715,18.230012824555654
2026-01-06,0.006395284636515957,14.198194077211243,18.350593621244084
2026-01-07,-0.003478299796849133,14.145330201840006,18.284145723409882
2026-01-08,-0.00022403321216226085,14.14193714486563,18.285635855414412
2026-01-09,0.007159044983227177,14.250338954018922,18.41132812296896
2026-01-12,0.002172761067313404,14.283474296761549,18.44358740104405
2026-01-13,-0.001479848363030548,14.260857072342068,18.40624234403396
2026-01-14,-0.005525868282974869,14.176527586275,18.303138177628547
2026-01-15,0.0026465113479399905,14.2166924387544,18.353436861620544
2026-01-16,-0.0005456968360262854,14.208388737835788,18.342374650138638
2026-01-20,-0.020686477725761408,13.893780742965829,17.94405062044488
2026-01-21,0.01209380447047103,14.073903215097324,18.1639148263547
2026-01-22,0.005635814767650264,14.158856941443101,18.269399778376545
2026-01-23,0.00019443756605633808,14.161804392690991,18.27743034198717
2026-01-26,0.004645361598138643,14.232236456575286,18.37393290552194
2026-01-27,0.004511044668142529,14.300949755626606,18.45305915964756
2026-01-28,0.00021621481727197443,14.304258047682106,18.451643656585784
2026-01-29,-0.0014353461296376176,14.282291140126391,18.426775090694086
2026-01-30,-0.0042309244839055385,14.217632920371459,18.34448016506458
2026-02-02,0.005697405953700359,14.30433395277321,18.449664154464823
2026-02-03,-0.00822008864384053,14.178530971046476,18.286350335784405
2026-02-04,-0.006062459714982382,14.086511738501892,18.1886329109356
2026-02-05,-0.012649605281467313,13.89567331993562,17.95371078654322
2026-02-06,0.02024035779485705,14.197167077526423,18.327792644094306
2026-02-09,0.005498603312796915,14.280730270764037,18.42027380869731
2026-02-10,-0.0035491564575520817,14.226496568247445,18.357220916045843
2026-02-11,0.0006925620115607197,14.237041861339772,18.356819632550373
2026-02-12,-0.015339136284425986,14.003318799657178,18.05527343708188
2026-02-13,0.0008504310688068813,14.01607808809962,18.06758843606185
2026-02-17,0.0004899929452975415,14.023435860428826,18.089775253715512
2026-02-18,0.005590588471984301,14.107425707759734,18.196751561167183
2026-02-19,-0.002518797375075339,14.069373163542885,18.145211100504742
2026-02-20,0.0068900559654427665,14.173201988003838,18.278695363738155
2026-02-23,-0.010221933129720502,14.01810253191872,18.07905193103924
2026-02-24,0.007961541649221969,14.137669780718877,18.22620430162455
2026-02-25,0.008239893158290157,14.262402562377478,18.383202798952436
2026-02-26,-0.006172385667062231,14.168197127556525,18.27930952323428
2026-02-27,-0.004115184275966081,14.10577720124245,18.19746481811189
2026-03-02,0.0013684986855664835,14.12644943748681,18.20671024303655
2026-03-03,-0.010019637082599687,13.9748879037749,18.026071498809205
2026-03-04,0.007966139654199355,14.094179952122353,18.173924892086298
2026-03-05,-0.006478764932251356,13.996388308367452,18.06634788281671
2026-03-06,-0.013622620035992745,13.792098208530357,17.81586623557243
2026-03-09,0.009119797474573855,13.92699914841616,17.973942570581755
2026-03-10,-0.0016053609092703503,13.903035927490581,17.935507441637316
2026-03-11,-0.0004507580651690584,13.89631826385076,17.920311276096864
2026-03-12,-0.015447569392523251,13.666206353776815,17.632983729361253
2026-03-13,-0.0057036419572542765,13.582555563863664,17.522551245462296
2026-03-16,0.010220495145356197,13.73159650221102,17.712097749233962
2026-03-17,0.0026154787429035374,13.770126679711584,17.759465106228543
2026-03-18,-0.01341070780945849,13.572048826501284,17.50427327161362
2026-03-19,-0.0024768808094293533,13.535955598408856,17.45448720281858
2026-03-20,-0.015923929940185762,13.304486059846143,17.17559150318906
2026-03-23,0.011913188869084127,13.474898103952272,17.384869410055202
2026-03-24,-0.00356065737460483,13.42335795127178,17.31622913409939
2026-03-25,0.005686540423689929,13.505376959307036,17.416201331759652
2026-03-26,-0.017943334678455866,13.245102125889026,17.09571406593472
2026-03-27,-0.016525649944556284,13.00969255473213,16.793641797591064
2026-03-30,-0.004463719547536564,12.947157216220594,16.723572560895278
2026-03-31,0.029610887676879777,13.360144921961885,17.24152556240101
2026-04-01,0.007957062445001752,13.474409491825211,17.372980163076523
2026-04-02,0.0008764694921407144,13.48709587016155,17.394929636223715
2026-04-06,0.004535807757197846,13.552806551988697,17.477750634728384
2026-04-07,0.0005800247196863905,13.561247539529663,17.49194481495545
2026-04-08,0.0257134738036562,13.935667796685912,17.95575268335404
2026-04-09,0.006457504849431608,14.03211494391251,18.073914768242016
2026-04-10,-0.0006879435106179276,14.021773697985983,18.0541209704577
2026-04-13,0.010414197131017072,14.178213410534335,18.24796536727692
2026-04-14,0.012454858748715528,14.367255914620399,18.47527044580706
2026-04-15,0.00847318325673796,14.497465490138168,18.632144153755256
2026-04-16,0.0026255436851678297,14.538154762791908,18.68354636735981
2026-04-17,0.012501101538585066,14.732398813203817,18.920611932862155
2026-04-20,-0.0022806832137214125,14.696518195318973,18.87381958575438
2026-04-21,-0.006140877560922509,14.600127798948726,18.747713800451447
2026-04-22,0.010864995324900633,14.769623114552157,18.954599910873533
2026-04-23,-0.004318846514202991,14.701516532733578,18.872404082692604
2026-04-24,0.008046309928968454,14.827855801110776,19.03168426818835
2026-04-27,0.0009337682141854274,14.842635349756563,19.056489215964913
2026-04-28,-0.005407465938941102,14.75696683871969,18.958432902310477
2026-04-29,-6.313689943351756e-05,14.755971992689016,18.950516117251926
2026-04-30,0.011572375666498323,14.938306019579239,19.15554629150745
2026-05-01,0.003435641814798317,14.993064330197155,19.215016994906648
2026-05-04,-0.003694702361636303,14.933974717646574,19.134099646154894
2026-05-05,0.008701743618866005,15.07262808046903,19.298138956032922
2026-05-06,0.01508778163048847,15.315128383175203,19.5942727180137
2026-05-07,-0.004128701196997538,15.247768093090421,19.516086054511625
2026-05-08,0.009367232538080365,15.399964715043204,19.692041526724733
2026-05-11,0.0018488822013492943,15.430286317907605,19.732693502296602
2026-05-12,-0.002166184411623674,15.394695287807242,19.700169964358643
2026-05-13,0.0066904710909943335,15.504383522675976,19.822067166660272
2026-05-14,0.007520491686408693,15.628504601747562,19.981949277399224
2026-05-15,-0.012825984379565093,15.41522766147002,19.726466267565023
2026-05-18,-0.0014159882897515808,15.391983891327772,19.712472729085697
2026-05-19,-0.006455273017020733,15.286169160018645,19.575505374048596
2026-05-20,0.011220039591471527,15.468900622787455,19.79805132819645
2026-05-21,0.0016788966403159648,15.49655020471275,19.83627358114024
2026-05-22,0.003673788745079843,15.557155045187471,19.91515025650648
2026-05-26,0.0069180808447397175,15.671698782348969,20.04422407156556
2026-05-27,0.000388034961601837,15.678167984345816,20.047906581691695
2026-05-28,0.006209475771395181,15.78173066435587,20.169152921738473
2026-05-29,0.002110925378174172,15.81715564550494,20.216394265928074
2026-06-01,0.002674439032445095,15.862132102977984,20.273709293964394
2026-06-02,0.0022039080797375994,15.899294692161341,20.30186030991205
2026-06-03,-0.007153907220065082,15.778398705849082,20.14516155178048
2026-06-04,0.004452420942767501,15.853103199633107,20.23455968464997
2026-06-05,-0.028046501790542366,15.380432610568402,19.675955930997663
2026-06-08,0.0039502937423873214,15.44514013100753,19.738367748796605
2026-06-09,-0.003188146390556771,15.392710616856657,19.68566503410764
2026-06-10,-0.016491115278124434,15.12237653635314,19.351094919757134
2026-06-11,0.018230700785600733,15.416298758940183,19.707875096841832
2026-06-12,0.0051386277014700225,15.500656006498481,19.812935520287677
2026-06-15,0.017485140696674523,15.789172298359535,20.16180992314144
2026-06-16,-0.006334633064877431,15.68281905238642,20.042168717076553
2026-06-17,-0.012084843550066386,15.481209794164265,19.786812943472626
2026-06-18,0.011528548881881859,15.671214226908837,20.01255448448077
2026-06-22,-0.003749325685737569,15.608708415195455,19.935882421489048
2026-06-23,-0.015088107695515676,15.358114433943566,19.63541406370199
2026-06-24,-0.001270219379407834,15.337336039979,
