ticker,name,weight,shares_held,market_value,isin,cusip,sedol
FLEX,Flex Ltd.,0.69,8461162,1275774006.36,SG9999000020,Y2573F102,2353058
ALAB,Astera Labs Inc.,0.62,3329805,1141623644.25,US04626A1034,04626A103,BMTQ7V2
CIEN,Ciena Corp.,0.51,1627965,944594131.95,US1717793095,171779309,B1FLZ21
RKLB,Rocket Lab Corp.,0.5,6529791,936894412.68,US7731211089,773121108,BT6C8Z3
CRDO,Credo Technology Group Holding Ltd.,0.48,3741149,883023398.47,KYG254571055,G25457105,BLD13F2
BE,Bloom Energy Corp. Class A,0.47,3066942,874078470.0,US0937121079,093712107,BDD1BB8
EME,EMCOR Group Inc.,0.46,1024848,847364823.36,US29084Q1004,29084Q100,2474164
JBL,Jabil Inc.,0.45,2308740,841674254.4,US4663131039,466313103,2471789
COHR,Coherent Corp.,0.42,2157471,779861042.37,US19247G1076,19247G107,BNG8Z81
FIX,Comfort Systems USA Inc.,0.4,404768,740000905.28,US1999081045,199908104,2036047
RVMD,Revolution Medicines Inc.,0.39,4563537,718665806.76,US76155X1000,76155X100,BL71K91
LITE,Lumentum Holdings Inc.,0.38,821642,702471044.32,US55024U1097,55024U109,BYM9ZP2
NTRA,Natera Inc.,0.37,3048520,680947912.4,US6323071042,632307104,BYQRG48
TPR,Tapestry Inc.,0.37,4659600,677785416.0,US8760301072,876030107,BF09HX3
ASTS,AST SpaceMobile Inc. Class A,0.37,5974113,677524155.33,US00217D1000,00217D100,BNLZ3X8
TWLO,Twilio Inc. Class A,0.36,3486771,664718023.44,US90138F1021,90138F102,BD6P5Q0
NRG,NRG Energy Inc.,0.35,4887227,655279396.16,US6293775085,629377508,2212922
CASY,Casey's General Stores Inc.,0.35,853077,654429489.78,US1475281036,147528103,2179414
ATO,Atmos Energy Corp.,0.35,3807145,643902433.85,US0495601058,049560105,2315359
CW,Curtiss-Wright Corp.,0.34,848463,634319423.43,US2315611010,231561101,2241205
FTI,TechnipFMC plc,0.34,9205203,629819989.26,GB00BDSFG982,G87110105,BDSFG98
NVT,nVent Electric plc,0.33,3721531,621458461.69,IE00BDVJJQ56,G6700G107,BDVJJQ5
FTAI,FTAI Aviation Ltd.,0.33,2360506,614534132.04,KYG3730V1059,G3730V105,BLKFTK4
STRL,Sterling Construction Co. Inc.,0.31,669992,576755913.28,US8592411016,859241101,2632876
P,Pure Storage Inc. Class A,0.31,7218115,573912323.65,US74624M1027,74624M102,BYZ62T3
MTSI,MACOM Technology Solutions Holdings Inc.,0.31,1553661,566526947.04,US55405Y1001,55405Y100,B5B15Y5
UTHR,United Therapeutics Corp.,0.3,1008573,561593617.86,US91307C1027,91307C102,2430412
WSM,Williams-Sonoma Inc.,0.3,2747283,559264400.31,US9699041011,969904101,2967589
ATI,Allegheny Technologies Inc.,0.3,3151517,552019717.72,US01741R1023,01741R102,2526117
MTZ,MasTec Inc.,0.3,1452650,549639180.5,US5763231090,576323109,2155306
XPO,XPO Logistics Inc.,0.3,2561105,548716746.25,US9837931008,983793100,B6Z1355
ILMN,Illumina Inc.,0.29,3342675,544722318.0,US4523271090,452327109,2613990
FN,Fabrinet,0.29,824461,539329407.76,KYG3323L1005,G3323L100,B4JSZL8
SOFI,SoFi Technologies Inc.,0.29,29347471,534710921.62,US83406F1021,83406F102,BM8J4C2
OMC,Omnicom Group Inc.,0.28,7141477,519256792.67,US6819191064,681919106,2279303
EXE,Expand Energy Corp.,0.28,5531563,514324727.74,US1651677353,165167735,BMZ5LZ5
CRS,Carpenter Technology Corp.,0.28,1088977,510708433.46,US1442851036,144285103,2177504
NXT,Nextpower Inc. Class A,0.27,3245967,507669238.8,US65290E1010,65290E101,BR1GTS6
MKSI,MKS Instruments Inc.,0.27,1547747,501872442.22,US55306N1046,55306N104,2404871
FFIV,F5 Networks Inc.,0.27,1300521,498684777.45,US3156161024,315616102,2427599
AKAM,Akamai Technologies Inc.,0.27,3334266,498606137.64,US00971T1016,00971T101,2507457
SW,Smurfit Westrock plc,0.27,12019021,494582714.15,IE00028FXN24,G8267P108,BRK49M5
CHRW,CH Robinson Worldwide Inc.,0.26,2729949,487705388.85,US12541W2098,12541W209,2116228
ENTG,Entegris Inc.,0.26,3498482,485554316.78,US29362U1043,29362U104,2599700
JBHT,JB Hunt Transport Services Inc.,0.26,1741995,481539677.85,US4456581077,445658107,2445416
OKTA,Okta Inc.,0.26,3899497,480690995.19,US6792951054,679295105,BDFZSP1
WWD,Woodward Inc.,0.26,1371942,480220858.26,US9807451037,980745103,2948089
ALB,Albemarle Corp.,0.26,2712050,478459861.0,US0126531013,012653101,2046853
IONQ,IonQ Inc.,0.25,6543575,471595450.25,US46222L1089,46222L108,BP484B3
AA,Alcoa Corp.,0.25,6071948,471426042.72,US0138721065,013872106,BYNF418
FWONK,Liberty Media Corp-Liberty Formula One,0.25,5143769,467002787.51,US5312297550,531229755,BPLYVN5
LSCC,Lattice Semiconductor Corp.,0.25,3147979,463004751.32,US5184151042,518415104,2506658
DD,DuPont de Nemours Inc.,0.25,9410610,455661736.2,US26614N1028,26614N102,BK0VN47
RBA,RB Global Inc.,0.25,4278050,454970617.5,CA74935Q1072,74935Q107,BMWGSD8
RS,Reliance Steel & Aluminum Co.,0.24,1190590,453340954.3,US7595091023,759509102,2729068
AFRM,Affirm Holdings Inc.,0.24,6056171,446036994.15,US00827B1061,00827B106,BMF9NM8
BG,Bunge Global SA,0.24,3561776,439166980.8,CH1300646267,H11356104,BQ6BPG9
RGLD,Royal Gold Inc.,0.24,1951734,438125248.32,US7802871084,780287108,2755706
SNX,SYNNEX Corp.,0.24,1670039,436347789.92,US87162W1009,87162W100,2002554
VTRS,Viatris Inc.,0.23,26495103,430810374.78,US92556V1061,92556V106,BMWS3X9
RBC,RBC Bearings Inc.,0.22,727675,416200993.0,US75524B1044,75524B104,B0GLYB5
USFD,US Foods Holding Corp.,0.22,5075922,415464215.7,US9120081099,912008109,BYVFC94
STLD,Steel Dynamics Inc.,0.22,1596334,415286290.1,US8581191009,858119100,2849472
BWXT,BWX Technologies Inc.,0.22,2104505,412230439.4,US05605H1005,05605H100,BZ0W624
TLN,Talen Energy Corp.,0.22,1051541,406736058.8,US87422Q1094,87422Q109,BRRF114
WCC,WESCO International Inc.,0.22,1119866,404462003.22,US95082P1057,95082P105,2416973
CF,CF Industries Holdings Inc.,0.21,3536189,397290834.15,US1252691001,125269100,B0G4K50
SATS,EchoStar Corp. Class A,0.21,3062205,395606263.95,US2787681061,278768106,B2NC471
EQT,EQT Corp.,0.21,7182513,394535439.09,US26884L1098,26884L109,2319414
TTMI,TTM Technologies Inc.,0.21,2260744,392736447.68,US87305R1095,87305R109,2635659
ROKU,Roku Inc.,0.21,3008388,391631949.84,US77543R1023,77543R102,BZ1LFG7
EWBC,East West Bancorp Inc.,0.21,3165370,387884439.8,US27579R1041,27579R104,2487407
MRNA,Moderna Inc.,0.21,8179458,385988623.02,US60770K1079,60770K107,BGSXTS3
ITT,ITT Inc.,0.21,1978984,385901880.0,US45073V1089,45073V108,BZBY209
WPC,WP Carey Inc.,0.21,5182375,385672347.5,US92936U1097,92936U109,B826YT8
PTC,PTC Inc.,0.2,2738139,379862023.47,US69370C1009,69370C100,B95N910
INCY,Incyte Corp.,0.2,3892445,376555129.3,US45337C1027,45337C102,2471950
KIM,Kimco Realty Corp.,0.2,15632784,376437438.72,US49446R1095,49446R109,2491594
Q,Qnity Electronics Inc.,0.2,2412398,376334088.0,US74743L1008,74743L100,BW1P234
FCNCA,First Citizens BancShares Inc./NC Class A,0.2,188635,375479853.85,US31946M1036,31946M103,2355582
GNRC,Generac Holdings Inc.,0.2,1350293,375259927.63,US3687361044,368736104,B6197Q2
DECK,Deckers Outdoor Corp.,0.2,3266854,371931327.9,US2435371073,243537107,2267278
GH,Guardant Health Inc.,0.2,2867662,371907084.78,US40131M1099,40131M109,BFXC911
TXT,Textron Inc.,0.2,4008411,367811793.36,US8832031012,883203101,2885937
NBIX,Neurocrine Biosciences Inc.,0.2,2309376,365574220.8,US64125C1099,64125C109,2623911
OVV,Ovintiv Inc.,0.2,6520365,365401254.6,US69047Q1022,69047Q102,BJ01KB6
SITM,SiTime Corp.,0.2,514468,365375173.6,US82982T1060,82982T106,BKS48R6
HST,Host Hotels & Resorts Inc.,0.2,15828671,363742859.58,US44107P1049,44107P104,2567503
LII,Lennox International Inc.,0.2,720740,361926798.4,US5261071071,526107107,2442053
NLY,Annaly Capital Management Inc.,0.19,16541314,361427710.9,US0357108390,035710839,BPMQ7X2
RMBS,Rambus Inc.,0.19,2480588,360826330.48,US7509171069,750917106,2721967
IEX,IDEX Corp.,0.19,1710772,360682060.76,US45167R1041,45167R104,2456612
FSLR,First Solar Inc.,0.19,1172995,359863136.05,US3364331070,336433107,B1HMF22
BBY,Best Buy Co. Inc.,0.19,4580842,357076633.9,US0865161014,086516101,2094670
THC,Tenet Healthcare Corp.,0.19,2001396,350884746.72,US88033G4073,88033G407,B8DMK08
SUI,Sun Communities Inc.,0.19,2834986,350574368.76,US8666741041,866674104,2860257
NDSN,Nordson Corp.,0.19,1219502,350399509.66,US6556631025,655663102,2641838
RIVN,Rivian Automotive Inc. Class A,0.19,21350577,348014405.1,US76954A1034,76954A103,BL98841
MAA,Mid-America Apartment Communities Inc.,0.19,2690225,347227340.75,US59522J1034,59522J103,2589132
APG,API Group Corp.,0.19,8441286,346092726.0,US00187Y1001,00187Y100,BMBPH06
BWA,BorgWarner Inc.,0.18,4764375,342177412.5,US0997241064,099724106,2111955
PR,Permian Resources Corp. Class A,0.18,17751790,341366921.7,US71424F1057,71424F105,BQPCHB2
PNFP,Pinnacle Financial Partners Inc.,0.18,3479662,340102163.88,US72348N1090,72348N109,BV6GRD0
MOD,Modine Manufacturing Co.,0.18,1213516,338461747.56,US6078281002,607828100,2598354
PFGC,Performance Food Group Co.,0.18,3434886,337271456.34,US71377A1034,71377A103,BYVYD43
CNC,Centene Corp.,0.18,5658517,337247613.2,US15135B1017,15135B101,2807061
BALL,Ball Corp.,0.18,6122789,334732874.63,US0584981064,058498106,2073022
DY,Dycom Industries Inc.,0.18,655075,334088250.0,US2674751019,267475101,2289841
APTV,Aptiv plc,0.18,4903960,333175042.4,JE00BTDN8H13,G3265R107,BTDN8H1
DKS,Dick's Sporting Goods Inc.,0.18,1451683,330359500.31,US2533931026,253393102,2969637
MAS,Masco Corp.,0.18,4684813,329108113.25,US5745991068,574599106,2570200
MLI,Mueller Industries Inc.,0.18,2553676,328402733.6,US6247561029,624756102,2609717
DTM,DT Midstream Inc.,0.18,2341043,327699199.14,US23345M1071,23345M107,BN7L880
LECO,Lincoln Electric Holdings Inc.,0.18,1261100,325981739.0,US5339001068,533900106,2516851
REG,Regency Centers Corp.,0.18,4209498,325604670.3,US7588491032,758849103,2726177
SGI,Tempur Sealy International Inc.,0.18,4589012,324947939.72,US88023U1016,88023U101,2216991
SMTC,Semtech Corp.,0.18,2129474,324829963.96,US8168501018,816850101,2795542
CSL,Carlisle Cos. Inc.,0.17,940701,324363111.81,US1423391002,142339100,2176318
NTNX,Nutanix Inc.,0.17,6221975,323978238.25,US67059N1081,67059N108,BYQBFT8
J,Jacobs Solutions Inc.,0.17,2702620,323936033.2,US46982L1089,46982L108,BNGC0D3
GEN,NortonLifeLock Inc.,0.17,12542036,323459108.44,US6687711084,668771108,BJN4XN5
ARMK,Aramark,0.17,6049081,322899943.78,US03852U1060,03852U106,BH3XG17
ROIV,Roivant Sciences Ltd.,0.17,10704492,321027715.08,BMG762791017,G76279101,BMW4NZ9
JAZZ,Jazz Pharmaceuticals plc,0.17,1345740,318254052.6,IE00B4Q5ZN47,G50871105,B4Q5ZN4
OHI,Omega Healthcare Investors Inc.,0.17,6802114,318066850.64,US6819361006,681936100,2043274
PL,Planet Labs PBC,0.17,6212334,317698760.76,US72703X1063,72703X106,BM8JV32
TRU,TransUnion,0.17,4427314,316818589.84,US89400J1079,89400J107,BYMWL86
RPM,RPM International Inc.,0.17,2947065,312300478.05,US7496851038,749685103,2756174
SANM,Sanmina Corp.,0.17,1193716,310043856.68,US8010561020,801056102,B92RRW2
CRCL,Circle Internet Group Inc. Class A,0.17,2739986,309618418.0,US1725731079,172573107,BL6K237
RRX,Regal Beloit Corp.,0.17,1530298,308752924.48,US7587501039,758750103,2730082
CLH,Clean Harbors Inc.,0.17,1095837,307963072.11,US1844961078,184496107,2202473
SOLS,Solstice Advanced Materials Inc.,0.17,3653234,307711899.82,US83443Q1031,83443Q103,BW2K5V7
RL,Ralph Lauren Corp. Class A,0.17,845040,307510056.0,US7512121010,751212101,B4V9661
DOC,Healthpeak Properties Inc.,0.17,15994717,306298830.55,US42250P1030,42250P103,BJBLRK3
LAMR,Lamar Advertising Co. Class A,0.16,2000101,304935398.46,US5128161099,512816109,BSPHGN6
JLL,Jones Lang LaSalle Inc.,0.16,1078066,304348812.46,US48020Q1076,48020Q107,2040640
RGA,Reinsurance Group of America Inc. Class A,0.16,1508832,302882935.68,US7593516047,759351604,2731193
TOL,Toll Brothers Inc.,0.16,2180336,302063749.44,US8894781033,889478103,2896092
EG,Everest Re Group Ltd.,0.16,929557,301204354.71,BMG3223R1088,G3223R108,2556868
GWRE,Guidewire Software Inc.,0.16,1956229,298657481.43,US40171V1008,40171V100,B7JYSG3
TOST,Toast Inc. Class A,0.16,11454737,298166804.11,US8887871080,888787108,BP6D7B7
UNM,Unum Group,0.16,3580015,297964648.45,US91529Y1064,91529Y106,2433842
APA,APA Corp.,0.16,8128917,296136446.31,US03743Q1085,03743Q108,BNNF1C1
ONTO,Onto Innovation Inc.,0.16,1143725,295355544.0,US6833441057,683344105,BKZ7N95
EVR,Evercore Inc. Class A,0.16,865841,295130563.26,US29977A1051,29977A105,B1BHXZ2
WSO,Watsco Inc.,0.16,803573,294991648.3,US9426222009,942622200,2943039
DT,Dynatrace Inc.,0.16,6862318,292266123.62,US2681501092,268150109,BJV2RD9
GLPI,Gaming and Leisure Properties Inc.,0.16,6192050,290840588.5,US36467J1088,36467J108,BFPK4S5
SAIA,Saia Inc.,0.16,613772,289927479.64,US78709Y1055,78709Y105,2982399
HUBB,Hubbell Inc. Class B,0.16,611671,289693502.31,US4435106079,443510607,BDFG6S3
FIVE,Five Below Inc.,0.16,1269242,288574861.12,US33829M1018,33829M101,B85KFY9
GGG,Graco Inc.,0.15,3803870,287001991.5,US3841091040,384109104,2380443
EXEL,Exelixis Inc.,0.15,5676939,286571880.72,US30161Q1040,30161Q104,2576941
AIZ,Assurant Inc.,0.15,1143808,284659496.96,US04621X1081,04621X108,2331430
SWK,Stanley Black & Decker Inc.,0.15,3568192,283385808.64,US8545021011,854502101,B3Q2FJ4
AVY,Avery Dennison Corp.,0.15,1768830,281367788.1,US0536111091,053611109,2066408
FNF,Fidelity National Financial Inc.,0.15,5927677,280675505.95,US31620R3030,31620R303,BNBRDD4
RNR,RenaissanceRe Holdings Ltd.,0.15,1000911,280605398.85,BMG7496G1033,G7496G103,2728429
UDR,UDR Inc.,0.15,7561295,279011785.5,US9026531049,902653104,2727910
HAS,Hasbro Inc.,0.15,3237491,278974599.47,US4180561072,418056107,2414580
HII,Huntington Ingalls Industries Inc.,0.15,903078,278301547.26,US4464131063,446413106,B40SSC9
PNW,Pinnacle West Capital Corp.,0.15,2782010,277477677.4,US7234841010,723484101,2048804
GL,Globe Life Inc.,0.15,1809575,277299273.0,US37959E1029,37959E102,BK6YKG1
AUR,Aurora Innovation Inc. Class A,0.15,37760011,277158480.74,US0517741072,051774107,BMF0P92
IONS,Ionis Pharmaceuticals Inc.,0.15,3611001,276241576.5,US4622221004,462222100,BDJ0LS6
IVZ,Invesco Ltd.,0.15,9699643,276051839.78,BMG491BT1088,G491BT108,B28XP76
ZBRA,Zebra Technologies Corp.,0.15,1131975,275783069.25,US9892071054,989207105,2989356
DOCN,DigitalOcean Holdings Inc.,0.15,1766933,275553201.35,US25402D1028,25402D102,BNC23Q1
TXRH,Texas Roadhouse Inc. Class A,0.15,1522190,274937957.8,US8826811098,882681109,B033TJ7
COO,Cooper Cos. Inc.,0.15,4489228,274785645.88,US2166485019,216648501,BQPDXR3
ALGN,Align Technology Inc.,0.15,1568359,274384407.05,US0162551016,016255101,2679204
ALLY,Ally Financial Inc.,0.15,6401521,274049114.01,US02005N1000,02005N100,B72XK05
DOW,Dow Inc.,0.15,8119837,274044498.75,US2605571031,260557103,BHXCF84
PEN,Penumbra Inc.,0.15,857821,273044424.3,US70975L1070,70975L107,BZ0V201
ELAN,Elanco Animal Health Inc.,0.15,11440001,272844023.85,US28414H1032,28414H103,BF5L3T2
KTOS,Kratos Defense & Security Solutions Inc.,0.15,4247995,272423919.35,US50077B2079,50077B207,2512149
BLD,TopBuild Corp.,0.15,647514,270324144.72,US89055F1030,89055F103,BZ0P3W2
WBS,Webster Financial Corp.,0.15,3711481,269898898.32,US9478901096,947890109,2945143
LFUS,Littelfuse Inc.,0.15,577714,269717335.18,US5370081045,537008104,2531832
FHN,First Horizon National Corp.,0.15,11118702,269406149.46,US3205171057,320517105,2341484
SWKS,Skyworks Solutions Inc.,0.15,3460062,269365826.7,US83088M1027,83088M102,2961053
RVTY,PerkinElmer Inc.,0.14,2573647,269074793.85,US7140461093,714046109,2305844
KNX,Knight-Swift Transportation Holdings Inc.,0.14,3551088,268568785.44,US4990491049,499049104,BF0LKD0
EQH,Equitable Holdings Inc.,0.14,6450572,266731152.2,US29452E1010,29452E101,BKRMR96
QXO,QXO Inc.,0.14,15438295,266310588.75,US82846H4056,82846H405,BRDY9L1
PNR,Pentair plc,0.14,3757582,266187108.88,IE00BLS09M33,G7S00T104,BLS09M3
BBIO,Bridgebio Pharma Inc.,0.14,4014799,266020581.74,US10806X1028,10806X102,BK1KWG8
NYT,New York Times Co. Class A,0.14,3532454,265675865.34,US6501111073,650111107,2632003
AGNC,AGNC Investment Corp.,0.14,25515689,265618322.49,US00123Q1040,00123Q104,BYYHJL8
INSM,Insmed Inc.,0.14,2480015,265138403.65,US4576693075,457669307,2614487
TPL,Texas Pacific Land Corp.,0.14,674227,264971211.0,US88262P1021,88262P102,BM99VY2
DKNG,DraftKings Inc.,0.14,10777395,263938403.55,US26142V1052,26142V105,BLDDH12
CG,Carlyle Group Inc.,0.14,5805373,263738095.39,US14316J1088,14316J108,BKRTG56
AEIS,Advanced Energy Industries Inc.,0.14,868666,262493491.88,US0079731008,007973100,2049175
ELS,Equity LifeStyle Properties Inc.,0.14,4239397,261867552.69,US29472R1086,29472R108,2563125
RBRK,Rubrik Inc. Class A,0.14,3320112,261060406.56,US7811541090,781154109,BSLQK57
CACI,CACI International Inc. Class A,0.14,508232,260982214.32,US1271903049,127190304,2159267
AIT,Applied Industrial Technologies Inc.,0.14,858415,260795061.15,US03820C1053,03820C105,2086309
HL,Hecla Mining Co.,0.14,14653315,260389407.55,US4227041062,422704106,2418601
IOT,Samsara Inc. Class A,0.14,7417316,259531886.84,US79589L1061,79589L106,BPK3058
APLD,Applied Digital Corp.,0.14,5468621,258556400.88,US0381692070,038169207,BMCNFN8
VIAV,Viavi Solutions Inc.,0.14,5324329,258549416.24,US9255501051,925550105,BYXB201
ALLE,Allegion plc,0.14,1982269,257833728.83,IE00BFRT3W74,G0176J109,BFRT3W7
CDE,Coeur Mining Inc.,0.14,13296757,256893345.24,US1921085049,192108504,2208136
BJ,BJ's Wholesale Club Holdings Inc.,0.14,3010768,256758295.04,US05550J1016,05550J101,BFZNZF8
NI,NiSource Inc.,0.14,5504935,254438095.7,US65473P1057,65473P105,2645409
SOLV,Solventum Corp.,0.14,3392164,254242691.8,US83444M1018,83444M101,BMTQB43
CPT,Camden Property Trust,0.14,2379532,253562929.92,US1331311027,133131102,2166320
BMRN,BioMarin Pharmaceutical Inc.,0.14,4425041,253510598.89,US09061G1013,09061G101,2437071
ARW,Arrow Electronics Inc.,0.14,1175479,252293057.77,US0427351004,042735100,2051404
DINO,HF Sinclair Corp,0.14,3597606,251436683.34,US4039491000,403949100,BMZQ9C1
CGNX,Cognex Corp.,0.14,3812785,251071892.25,US1924221039,192422103,2208288
CLX,Clorox Co.,0.13,2781857,250422767.14,US1890541097,189054109,2204026
IT,Gartner Inc.,0.13,1540005,249788811.0,US3666511072,366651107,2372763
WMS,Advanced Drainage Systems Inc.,0.13,1792390,249428992.4,US00790R1041,00790R104,BP7RS59
SPXC,SPX Technologies Inc.,0.13,1147643,248648332.38,US78473E1038,78473E103,BQ1L7V3
CCK,Crown Holdings Inc.,0.13,2609784,248138262.72,US2283681060,228368106,2427986
EGP,EastGroup Properties Inc.,0.13,1227277,247799499.07,US2772761019,277276101,2455761
U,Unity Software Inc.,0.13,7970758,242868996.26,US91332U1016,91332U101,BLFDXH8
EHC,Encompass Health Corp.,0.13,2287463,242127958.55,US29261A1007,29261A100,BYX2YJ7
DOCU,DocuSign Inc. Class A,0.13,4607878,242005752.56,US2561631068,256163106,BFYT7B7
QBTS,D-Wave Quantum Inc.,0.13,8016967,241631385.38,US26740W1099,26740W109,BMCCXH5
AMH,American Homes 4 Rent Class A,0.13,7519970,241240637.6,US02665T3068,02665T306,BCF5RR9
AR,Antero Resources Corp.,0.13,6743774,241089920.5,US03674X1063,03674X106,BFD2WR8
SJM,JM Smucker Co.,0.13,2331323,240592533.6,US8326964058,832696405,2951452
AES,AES Corp./VA,0.13,16385190,240370737.3,US00130H1059,00130H105,2002479
WTRG,Essential Utilities Inc.,0.13,6512593,240249555.77,US29670G1022,29670G102,BLCF3J9
VSAT,ViaSat Inc.,0.13,2969159,239373598.58,US92552V1008,92552V100,2946243
ARWR,Arrowhead Pharmaceuticals Inc.,0.13,3060913,238475731.83,US04280A1007,04280A100,BYQBFJ8
MP,MP Materials Corp.,0.13,3679229,238046116.3,US5533681012,553368101,BN15Y35
ESI,Element Solutions Inc.,0.13,5607974,237946336.82,US28618M1062,28618M106,BJ1C2K1
FRT,Federal Realty Investment Trust,0.13,1985148,237483255.24,US3137451015,313745101,BN7P9B2
SF,Stifel Financial Corp.,0.13,3383758,237370623.7,US8606301021,860630102,2849234
CYTK,Cytokinetics Inc.,0.13,3089886,237179649.36,US23282W6057,23282W605,BBBSBJ5
MOG.A,Moog Inc. Class A,0.13,654109,235459616.73,US6153942023,615394202,2601218
AXSM,Axsome Therapeutics Inc.,0.13,1000403,234574495.44,US05464T1043,05464T104,BYZR4X4
BURL,Burlington Stores Inc.,0.13,723950,234436728.5,US1220171060,122017106,BF311Y5
MEDP,Medpace Holdings Inc.,0.13,522420,233579206.2,US58506Q1094,58506Q109,BDCBC61
LUMN,Lumen Technologies Inc.,0.13,21213819,233139870.81,US5502411037,550241103,BMDH249
OC,Owens Corning,0.13,1849506,232704844.92,US6907421019,690742101,B1FW7Q2
WTFC,Wintrust Financial Corp.,0.13,1547797,232525543.31,US97650W1080,97650W108,2425258
SCI,Service Corp. International/US,0.12,3043101,228810764.19,US8175651046,817565104,2797560
JKHY,Jack Henry & Associates Inc.,0.12,1661499,226495543.68,US4262811015,426281101,2469193
BPOP,Popular Inc.,0.12,1518654,225565678.62,PR7331747001,733174700,B86QM90
COKE,Coca-Cola Consolidated Inc.,0.12,1300335,225296042.1,US1910981026,191098102,2206721
ENSG,Ensign Group Inc.,0.12,1337852,224290887.8,US29358P1012,29358P101,B1YWPP8
OGE,OGE Energy Corp.,0.12,4745479,224128973.17,US6708371033,670837103,2657802
AFG,American Financial Group Inc./OH,0.12,1725127,223921484.6,US0259321042,025932104,2134532
AAON,AAON Inc.,0.12,1596562,223837992.4,US0003602069,000360206,2268130
FORM,FormFactor Inc.,0.12,1792762,223360217.58,US3463751087,346375108,2891826
BEN,Franklin Resources Inc.,0.12,7189677,223023780.54,US3546131018,354613101,2350684
SEIC,SEI Investments Co.,0.12,2532029,222514708.52,US7841171033,784117103,2793610
AAL,American Airlines Group Inc.,0.12,15196780,222480859.2,US02376R1023,02376R102,BCV7KT2
BAX,Baxter International Inc.,0.12,11837425,222306841.5,US0718131099,071813109,2085102
VMI,Valmont Industries Inc.,0.12,427225,222075827.25,US9202531011,920253101,2926825
WULF,Terawulf Inc.,0.12,8678435,221820798.6,US88080T1043,88080T104,BNBRMS2
FLS,Flowserve Corp.,0.12,2927914,221086786.14,US34354P1057,34354P105,2288406
NWSA,News Corp. Class A,0.12,8468886,221037924.6,US65249B1098,65249B109,BBGVT40
BAH,Booz Allen Hamilton Holding Corp. Class A,0.12,2774729,219703042.22,US0995021062,099502106,B5367T7
BXP,Boston Properties Inc.,0.12,3647731,218900337.31,US1011211018,101121101,2019479
DCI,Donaldson Co. Inc.,0.12,2664717,218160380.79,US2576511099,257651109,2276467
ALSN,Allison Transmission Holdings Inc.,0.12,1905186,216295766.58,US01973R1014,01973R101,B4PZ892
DPZ,Domino's Pizza Inc.,0.12,696388,216284185.04,US25754A2015,25754A201,B01SD70
BRX,Brixmor Property Group Inc.,0.12,7053702,215561133.12,US11120U1051,11120U105,BFTDJL8
AYI,Acuity Brands Inc.,0.12,705476,215247782.36,US00508Y1029,00508Y102,2818461
DAR,Darling Ingredients Inc.,0.12,3639446,215091258.6,US2372661015,237266101,2250289
GTLS,Chart Industries Inc.,0.12,1034329,214954252.78,US16115Q3083,16115Q308,B19HNF4
CNM,Core & Main Inc. Class A,0.12,4344144,214817920.8,US21874C1027,21874C102,BNXKS92
SSB,SOUTHSTATE BANK Corp.,0.12,2256505,213803848.75,US84472E1029,84472E102,BVDCQB2
ZION,Zions Bancorp NA,0.11,3402673,212496928.85,US9897011071,989701107,2989828
GMED,Globus Medical Inc.,0.11,2592695,212289866.6,US3795772082,379577208,B7D65M0
RRC,Range Resources Corp.,0.11,5415392,210929518.4,US75281A1097,75281A109,2523334
MDGL,Madrigal Pharmaceuticals Inc.,0.11,422242,209968279.34,US5588681057,558868105,BD59BS7
CUBE,CubeSmart,0.11,5246968,209878720.0,US2296631094,229663109,B6SW913
CTRE,CareTrust REIT Inc.,0.11,5139891,209810350.62,US14174T1079,14174T107,BMP8TL6
FDS,FactSet Research Systems Inc.,0.11,853677,209552093.19,US3030751057,303075105,2329770
AHR,American Healthcare REIT Inc.,0.11,4284266,209457764.74,US3981823038,398182303,BQWNKQ4
CIFR,Cipher Digital Inc.,0.11,8855473,209431936.45,US17253J1060,17253J106,BMZ8604
RIOT,Riot Blockchain Inc.,0.11,7699334,208728944.74,US7672921050,767292105,BD9F675
UMBF,UMB Financial Corp.,0.11,1576524,206934540.24,US9027881088,902788108,2918510
MANH,Manhattan Associates Inc.,0.11,1376845,206595592.25,US5627501092,562750109,2239471
CR,Crane Co.,0.11,1127885,206402955.0,US2244081046,224408104,BNYD4F8
ACM,AECOM,0.11,2974555,206344880.35,US00766T1007,00766T100,B1VZ431
EVRG,Evergy Inc.,0.11,2510441,205956579.64,US30034W1062,30034W106,BFMXGR0
MOH,Molina Healthcare Inc.,0.11,1184893,205697424.8,US60855R1005,60855R100,2212706
R,Ryder System Inc.,0.11,816403,204794692.55,US7835491082,783549108,2760669
ADC,Agree Realty Corp.,0.11,2761495,204764854.25,US0084921008,008492100,2062161
CRL,Charles River Laboratories International Inc.,0.11,1132567,204666182.57,US1598641074,159864107,2604336
OKLO,Oklo Inc. Class A,0.11,3055661,204362607.68,US02156V1098,02156V109,BMD78K7
BTSG,BrightSpring Health Services Inc.,0.11,3305232,203866709.76,US10950A1060,10950A106,BPJM8Q3
WY,Weyerhaeuser Co.,0.11,8290499,203200130.49,US9621661043,962166104,2958936
VNOM,Viper Energy Inc. Class A,0.11,4465869,203197039.5,US64361Q1013,64361Q101,BW0WZZ9
ESS,Essex Property Trust Inc.,0.11,741729,202224994.56,US2971781057,297178105,2316619
TTC,Toro Co.,0.11,2242747,201578100.36,US8910921084,891092108,2897040
COLB,Columbia Banking System Inc.,0.11,6800854,201577312.56,US1972361026,197236102,2176608
CRUS,Cirrus Logic Inc.,0.11,1173430,199424428.5,US1727551004,172755100,2197308
EMN,Eastman Chemical Co.,0.11,2624969,199156398.03,US2774321002,277432100,2298386
QRVO,Qorvo Inc.,0.11,1919538,198787355.28,US74736K1016,74736K101,BR9YYP4
PRI,Primerica Inc.,0.11,734293,198237081.21,US74164M1080,74164M108,B50K3X8
ARE,Alexandria Real Estate Equities Inc.,0.11,3987122,198080220.96,US0152711091,015271109,2009210
AMKR,Amkor Technology Inc.,0.11,2846818,198024660.08,US0316521006,031652100,2242929
LYB,LyondellBasell Industries NV Class A,0.11,2966955,197747550.75,NL0009434992,N53745100,B3SPXZ3
GME,GameStop Corp. Class A,0.11,9276959,196485991.62,US36467W1099,36467W109,B0LLFT5
ENPH,Enphase Energy Inc.,0.11,2865978,195918256.08,US29355A1079,29355A107,B65SQW4
WTS,Watts Water Technologies Inc. Class A,0.11,630941,194948150.18,US9427491025,942749102,2943620
INVH,Invitation Homes Inc.,0.1,6659581,194792744.25,US46187W1071,46187W107,BD81GW9
NNN,National Retail Properties Inc.,0.1,4369922,194505228.22,US6374171063,637417106,2211811
MUSA,Murphy USA Inc.,0.1,383798,194213301.94,US6267551025,626755102,BCZWJ63
CMC,Commercial Metals Co.,0.1,2553448,194189720.4,US2017231034,201723103,2213260
ONB,Old National Bancorp/IN,0.1,8068543,193725717.43,US6800331075,680033107,2658441
MTCH,Match Group Inc.,0.1,5356405,193526912.65,US57667L1070,57667L107,BK80XH9
ENS,EnerSys,0.1,848364,193401541.08,US29275Y1029,29275Y102,B020GQ5
NCLH,Norwegian Cruise Line Holdings Ltd.,0.1,10473536,192084650.24,BMG667211046,G66721104,B9CGTC3
WAL,Western Alliance Bancorp,0.1,2401563,191284492.95,US9576381092,957638109,B0CCGJ4
CNH,CNH Industrial NV,0.1,18557387,189470921.27,NL0010545661,N20944109,BDX85Z1
ORI,Old Republic International Corp.,0.1,5087760,189417304.8,US6802231042,680223104,2659109
REXR,Rexford Industrial Realty Inc.,0.1,5333980,189196270.6,US76169C1009,76169C100,BC9ZHL9
FCFS,FirstCash Holdings Inc.,0.1,860150,189155586.5,US33768G1076,33768G107,BMF5Q83
FR,First Industrial Realty Trust Inc.,0.1,3048816,188630245.92,US32054K1034,32054K103,2360757
MASI,Masimo Corp.,0.1,1051085,187566118.25,US5747951003,574795100,B1YWR63
OSK,Oshkosh Corp.,0.1,1440095,187212350.0,US6882392011,688239201,2663520
CFR,Cullen/Frost Bankers Inc.,0.1,1381396,187206785.92,US2298991090,229899109,2239556
KRYS,Krystal Biotech Inc.,0.1,605704,187180707.12,US5011471027,501147102,BD6JX35
CDW,CDW Corp./DE,0.1,1485017,186295382.65,US12514G1085,12514G108,BBM5MD6
FROG,JFrog Ltd.,0.1,2341194,186078099.12,IL0011684185,M6191J100,BMX6JW3
TECH,Bio-Techne Corp.,0.1,3599338,186013787.84,US09073M1045,09073M104,BSHZ3Q0
LDOS,Leidos Holdings Inc.,0.1,1453990,185819922.0,US5253271028,525327102,BDV82B8
BLDR,Builders FirstSource Inc.,0.1,2419265,184493148.9,US12008R1077,12008R107,B0BV2M7
TKR,Timken Co.,0.1,1440049,184297471.02,US8873891043,887389104,2892807
RGTI,Rigetti Computing Inc.,0.1,7213912,184243312.48,US76655K1034,76655K103,BN45WL6
ORA,Ormat Technologies Inc.,0.1,1329927,182505882.21,US6866881021,686688102,B03L311
CORZ,Core Scientific Inc.,0.1,6777677,181980627.45,US21874A1060,21874A106,BN70TG2
WYNN,Wynn Resorts Ltd.,0.1,1795469,181737372.18,US9831341071,983134107,2963811
SSD,Simpson Manufacturing Co. Inc.,0.1,953709,180956745.66,US8290731053,829073105,2809250
HALO,Halozyme Therapeutics Inc.,0.1,2715252,180672868.08,US40637H1095,40637H109,2975098
MGM,MGM Resorts International,0.1,4123011,180051890.37,US5529531015,552953101,2547419
SFM,Sprouts Farmers Market Inc.,0.1,2177554,179909511.48,US85208M1027,85208M102,BCGCR79
AVAV,AeroVironment Inc.,0.1,861495,178536223.8,US0080731088,008073108,B1P5YY8
CLF,Cleveland-Cliffs Inc.,0.1,13123704,178482374.4,US1858991011,185899101,BYVZ186
VICR,Vicor Corp.,0.1,530319,177572013.96,US9258151029,925815102,2930774
IDA,IDACORP Inc.,0.1,1263808,177274348.16,US4511071064,451107106,2296937
HLI,Houlihan Lokey Inc. Class A,0.1,1250577,177156737.82,US4415931009,441593100,BYQ3PM7
ULS,UL Solutions Inc. Class A,0.1,1778021,176913089.5,US9037311076,903731107,BPW6WJ3
AMG,Affiliated Managers Group Inc.,0.1,583652,176759008.2,US0082521081,008252108,2127899
CAVA,Cava Group Inc.,0.1,2275776,176736764.16,US1489291021,148929102,BRBD9F4
MXL,MaxLinear Inc.,0.09,1889415,175583335.95,US57776J1007,57776J100,B3RDWC8
JEF,Jefferies Financial Group Inc.,0.09,3326152,175354733.44,US47233W1099,47233W109,BG0Q4Z2
ECG,Everus Construction Group Inc.,0.09,1174478,174727092.06,US3004261034,300426103,BSVLTM2
MOS,Mosaic Co.,0.09,7302807,174537087.3,US61945C1036,61945C103,B3NPHP6
SNEX,StoneX Group Inc.,0.09,1538952,174440209.2,US8618961085,861896108,BMQ8XV3
ESE,ESCO Technologies Inc.,0.09,596198,174030196.2,US2963151046,296315104,2321583
KEX,Kirby Corp.,0.09,1235024,173632024.16,US4972661064,497266106,2493534
VOYA,Voya Financial Inc.,0.09,2135630,173455868.6,US9290891004,929089100,BKWQ2N2
HQY,HealthEquity Inc.,0.09,1965742,172965638.58,US42226A1079,42226A107,BP8XZL1
CHRD,Chord Energy Corp.,0.09,1308813,172593170.31,US6742152076,674215207,BLDDYB1
UGI,UGI Corp.,0.09,4937266,172409328.72,US9026811052,902681105,2910118
UHS,Universal Health Services Inc. Class B,0.09,1176532,171903090.52,US9139031002,913903100,2923785
HSIC,Henry Schein Inc.,0.09,2244627,171893535.66,US8064071025,806407102,2416962
W,Wayfair Inc.,0.09,2377410,171791646.6,US94419L1017,94419L101,BQXZP64
ATR,AptarGroup Inc.,0.09,1481018,171575935.3,US0383361039,038336103,2045247
ZWS,Zurn Elkay Water Solutions Corp.,0.09,3644998,171314906.0,US98983L1089,98983L108,BMV1ZD3
WFRD,Weatherford International plc,0.09,1651113,171121351.32,IE00BLNN3691,G48833118,BLNN369
PCVX,Vaxcyte Inc.,0.09,3313503,170314054.2,US92243G1085,92243G108,BKPVGH6
CRBG,Corebridge Financial Inc.,0.09,6280378,169570206.0,US21871X1090,21871X109,BMTX0G9
BROS,Dutch Bros Inc. Class A,0.09,2922679,169515382.0,US26701L1008,26701L100,BMWP7H2
NFG,National Fuel Gas Co.,0.09,2187625,168994031.25,US6361801011,636180101,2626103
SM,SM Energy Co.,0.09,5487583,168523673.93,US78454L1008,78454L100,2764188
JXN,Jackson Financial Inc. Class A,0.09,1627148,167775230.28,US46817M1071,46817M107,BMFX6P4
CBSH,Commerce Bancshares Inc./MO,0.09,3209453,167597635.66,US2005251036,200525103,2213204
LEA,Lear Corp.,0.09,1167777,167132244.24,US5218652049,521865204,B570P91
STAG,STAG Industrial Inc.,0.09,4394596,166423350.52,US85254J1025,85254J102,B64BRQ5
ST,Sensata Technologies Holding plc,0.09,3353939,165651047.21,GB00BFMBMT84,G8060N102,BFMBMT8
NOV,NOV Inc.,0.09,8297276,165613628.96,US62955J1034,62955J103,BN2RYW9
PLXS,Plexus Corp.,0.09,616255,165378191.8,US7291321005,729132100,2692160
SLAB,Silicon Laboratories Inc.,0.09,758741,165102041.6,US8269191024,826919102,2568131
TTEK,Tetra Tech Inc.,0.09,6004598,165066399.02,US88162G1031,88162G103,2883890
CWAN,Clearwater Analytics Holdings Inc. Class A,0.09,6771290,164813198.6,US1851231068,185123106,BNZJHY5
BF.B,Brown-Forman Corp. Class B,0.09,6405008,164736805.76,US1156372096,115637209,2146838
H,Hyatt Hotels Corp. Class A,0.09,904232,163991515.52,US4485791028,448579102,B5B82X4
AVT,Avnet Inc.,0.09,1883231,163709270.83,US0538071038,053807103,2066505
LSTR,Landstar System Inc.,0.09,783502,162106563.8,US5150981018,515098101,2503994
ALKS,Alkermes plc,0.09,3833392,161730808.48,IE00B56GVS15,G01767105,B3P6D26
HRL,Hormel Foods Corp.,0.09,6961593,161717805.39,US4404521001,440452100,2437264
MIDD,Middleby Corp.,0.09,1042900,161659929.0,US5962781010,596278101,2590930
FPS,Forgent Power Solutions Inc. Class A,0.09,2950505,161274603.3,US34631F1021,34631F102,BV9C843
JBTM,John Bean Technologies Corp.,0.09,1195672,160686360.08,US4778391049,477839104,B3BRJZ8
EXP,Eagle Materials Inc.,0.09,723578,160040982.04,US26969P1084,26969P108,2191399
HR,Healthcare Trust of America Inc. Class A,0.09,8031962,159996683.04,US42226K1051,42226K105,BPQWHP8
AXS,Axis Capital Holdings Ltd.,0.09,1683850,159847880.5,BMG0692U1099,G0692U109,2677606
AM,Antero Midstream Corp.,0.09,7617339,159659425.44,US03676B1026,03676B102,BJBT0Q4
LKQ,LKQ Corp.,0.09,5868200,159145584.0,US5018892084,501889208,2971029
RAL,Ralliant Corp.,0.09,2571528,159100437.36,US7509401086,750940108,BTNMGM9
RHP,Ryman Hospitality Properties Inc.,0.09,1377120,158547825.6,US78377T1079,78377T107,B8QV5C9
JOBY,Joby Aviation Inc.,0.09,13314220,158439218.0,KYG651631007,G65163100,BMCRLL0
TRNO,Terreno Realty Corp.,0.08,2396383,157418399.27,US88146M1018,88146M101,B3N4753
HXL,Hexcel Corp.,0.08,1746840,156848763.6,US4282911084,428291108,2416779
LAD,Lithia Motors Inc. Class A,0.08,538218,156562234.02,US5367971034,536797103,2515030
GPC,Genuine Parts Co.,0.08,1584442,156384425.4,US3724601055,372460105,2367480
AWI,Armstrong World Industries Inc.,0.08,986181,155717979.9,US04247X1028,04247X102,B1FT462
FIG,Figma Inc. Class A,0.08,6094098,155399499.0,US3168411052,316841105,BSML6T7
TYL,Tyler Technologies Inc.,0.08,494433,154831693.95,US9022521051,902252105,2909644
VFC,VF Corp.,0.08,9008280,154762250.4,US9182041080,918204108,2928683
KNSL,Kinsale Capital Group Inc.,0.08,506422,154342232.94,US49714P1084,49714P108,BD1MGQ3
FLR,Fluor Corp.,0.08,3371979,154301759.04,US3434121022,343412102,2696838
LNC,Lincoln National Corp.,0.08,4372232,154296067.28,US5341871094,534187109,2516378
CART,Maplebear Inc.,0.08,3875451,154242949.8,US5653941030,565394103,BN4L6W3
UEC,Uranium Energy Corp.,0.08,11120035,153122881.95,US9168961038,916896103,B0VLLY2
PB,Prosperity Bancshares Inc.,0.08,2219430,153051892.8,US7436061052,743606105,2310257
RGEN,Repligen Corp.,0.08,1232238,152735900.1,US7599161095,759916109,2731654
KRMN,Karman Holdings Inc.,0.08,2650954,152429855.0,US4859241048,485924104,BTRFVH4
TEX,Terex Corp.,0.08,2618039,152317509.02,US8807791038,880779103,2884224
TRMB,Trimble Inc.,0.08,2690555,151774207.55,US8962391004,896239100,2903958
OMF,OneMain Holdings Inc.,0.08,2739990,151548846.9,US68268W1036,68268W103,BYSZB89
GTES,Gates Industrial Corp. plc,0.08,5845358,151511679.36,GB00BD9G2S12,G39108108,BD9G2S1
MSGS,Madison Square Garden Co. Class A,0.08,404662,151460939.98,US55825T1034,55825T103,BYQCZ35
AXTA,Axalta Coating Systems Ltd.,0.08,4909261,151057960.97,BMG0750C1082,G0750C108,BSFWCF5
NPO,EnPro Industries Inc.,0.08,489309,150212969.91,US29355X1072,29355X107,2951292
VLY,Valley National Bancorp,0.08,10881472,149837869.44,US9197941076,919794107,2935326
AGCO,AGCO Corp.,0.08,1332465,149609170.2,US0010841023,001084102,2010278
FSS,Federal Signal Corp.,0.08,1400848,149470481.6,US3138551086,313855108,2333986
DVA,DaVita Inc.,0.08,768428,149351666.08,US23918K1088,23918K108,2898087
IDCC,InterDigital Inc.,0.08,590988,148982164.92,US45867G1013,45867G101,2465737
PRIM,Primoris Services Corp.,0.08,1182015,148673846.7,US74164F1030,74164F103,B1GC200
PAYC,Paycom Software Inc.,0.08,1062310,148372837.7,US70432V1026,70432V102,BL95MY0
TXNM,PNM Resources Inc.,0.08,2505366,148342720.86,US69349H1077,69349H107,2707826
VSH,Vishay Intertechnology Inc.,0.08,2846465,148158503.25,US9282981086,928298108,2930149
AOS,AO Smith Corp.,0.08,2610125,148046290.0,US8318652091,831865209,2816023
MSA,MSA Safety Inc.,0.08,892659,148002862.2,US5534981064,553498106,BKM4S16
EPRT,Essential Properties Realty Trust Inc.,0.08,4828654,147660239.32,US29670E1073,29670E107,BFFK0X2
FAF,First American Financial Corp.,0.08,2228811,147614152.53,US31847R1023,31847R102,B4NFPK4
CELH,Celsius Holdings Inc.,0.08,4436191,147592074.57,US15118V2079,15118V207,B19HX21
LNTH,Lantheus Holdings Inc.,0.08,1486174,147577078.2,US5165441032,516544103,BP8S8J5
TKO,TKO Group Holdings Inc. Class A,0.08,717370,147189976.6,US87256C1018,87256C101,BQBBFD1
INGR,Ingredion Inc.,0.08,1447910,146875990.4,US4571871023,457187102,B7K24P7
JHG,Janus Henderson Group plc,0.08,2835643,146631099.53,JE00BYPZJM29,G4474Y214,BYPZJQ6
CAG,Conagra Brands Inc.,0.08,11014716,146275428.48,US2058871029,205887102,2215460
PTGX,Protagonist Therapeutics Inc.,0.08,1467688,146123017.28,US74366E1029,74366E102,BDCBCD8
KMX,CarMax Inc.,0.08,3265196,145693045.52,US1431301027,143130102,2983563
MAC,Macerich Co.,0.08,6459966,145478434.32,US5543821012,554382101,2543967
RYN,Rayonier Inc.,0.08,6954000,145269060.0,US7549071030,754907103,2473138
HUT,Hut 8 Corp.,0.08,1163409,145228345.47,US44812J1043,44812J104,BQQ8816
CORT,Corcept Therapeutics Inc.,0.08,2080483,144572763.67,US2183521028,218352102,B00SCY1
BRKR,Bruker Corp.,0.08,2448896,144215485.44,US1167941087,116794108,2616137
FNB,FNB Corp./PA,0.08,8227953,143824618.44,US3025201019,302520101,2041308
TAP,Molson Coors Brewing Co. Class B,0.08,3635068,143694238.04,US60871R2094,60871R209,B067BM3
VSNT,Versant Media Group Inc.,0.08,3317167,143102584.38,US9252831030,925283103,BVV5S84
AVTR,Avantor Inc.,0.08,15688952,143083242.24,US05352A1007,05352A100,BJLT387
ACA,Arcosa Inc.,0.08,1128342,143017348.5,US0396531008,039653100,BGPZ5W8
ETSY,Etsy Inc.,0.08,2103488,142868904.96,US29786A1060,29786A106,BWTN5N1
EAT,Brinker International Inc.,0.08,1002098,142678713.24,US1096411004,109641100,2193544
AN,AutoNation Inc.,0.08,759249,142526222.28,US05329W1027,05329W102,2732635
GBCI,Glacier Bancorp Inc.,0.08,2991578,142249533.9,US37637Q1058,37637Q105,2370585
NEU,NewMarket Corp.,0.08,183775,142164664.5,US6515871076,651587107,B01CGF1
RIG,Transocean Ltd.,0.08,22839302,141375279.38,CH0048265513,H8817H100,B3KFWW1
SNAP,Snap Inc.,0.08,24757125,141363183.75,US83304A1060,83304A106,BD8DJ71
PTCT,PTC Therapeutics Inc.,0.08,1904008,140610990.8,US69366J2006,69366J200,B17VCN9
UBSI,United Bankshares Inc./WV,0.08,3230482,140235223.62,US9099071071,909907107,2905794
IESC,IES Holdings Inc.,0.08,206305,139946996.75,US44951W1062,44951W106,BD978B9
NUVL,Nuvalent Inc. Class A,0.08,1263714,139501388.46,US6707031075,670703107,BMVBZD3
CHE,Chemed Corp.,0.07,326095,139050168.95,US16359R1032,16359R103,2190084
WH,Wyndham Hotels & Resorts Inc.,0.07,1730273,138871710.98,US98311A1051,98311A105,BF108P4
MRCY,Mercury Systems Inc.,0.07,1242253,138759660.1,US5893781089,589378108,2144047
RYTM,Rhythm Pharmaceuticals Inc.,0.07,1571011,138751691.52,US76243J1051,76243J105,BF2YWG4
STWD,Starwood Property Trust Inc.,0.07,8097518,138305607.44,US85571B1052,85571B105,B3PQ520
POOL,Pool Corp.,0.07,762396,138298634.4,US73278L1052,73278L105,2781585
GATX,GATX Corp.,0.07,817383,138203117.64,US3614481030,361448103,2362128
LW,Lamb Weston Holdings Inc.,0.07,3197634,138073836.12,US5132721045,513272104,BDQZFJ3
MTDR,Matador Resources Co.,0.07,2572944,137909798.4,US5764852050,576485205,B7MSLL8
GVA,Granite Construction Inc.,0.07,1001137,136995587.08,US3873281071,387328107,2381189
PCOR,Procore Technologies Inc.,0.07,2762006,136691676.94,US74275K1088,74275K108,BLH11J8
LLYVK,Liberty Live Holdings Inc.,0.07,1377807,136540673.7,US5309093087,530909308,BW9HRR1
NE,Noble Corp. plc,0.07,2929906,136182030.88,GB00BMXNWH07,G65431127,BN2QTL0
SWX,Southwest Gas Holdings Inc.,0.07,1573600,135660056.0,US8448951025,844895102,2831888
TPG,TPG Inc. Class A,0.07,3185447,135604478.79,US8726571016,872657101,BNKBB55
THG,Hanover Insurance Group Inc.,0.07,727714,135500346.8,US4108671052,410867105,2020415
Z,Zillow Group Inc.,0.07,3866186,135316510.0,US98954M2008,98954M200,BYXJF62
COMP,Compass Inc.,0.07,16427190,135195773.7,US20464U1007,20464U100,BN770G0
PRMB,Primo Brands Corp. Class A,0.07,5446844,135081731.2,US7416231022,741623102,BNDXX18
BIO,Bio-Rad Laboratories Inc. Class A,0.07,429078,134078293.44,US0905722072,090572207,2098508
CE,Celanese Corp. Class A,0.07,2520869,133933769.97,US1508701034,150870103,B05MZT4
ESTC,Elastic NV,0.07,2062498,133443620.6,NL0013056914,N14506104,BFXCLC6
VNO,Vornado Realty Trust,0.07,3950947,133344461.25,US9290421091,929042109,2933632
POR,Portland General Electric Co.,0.07,2658546,133246325.52,US7365088472,736508847,B125XQ6
ALGM,Allegro MicroSystems Inc.,0.07,2772896,132738531.52,US01749D1054,01749D105,BN4LSB6
GXO,GXO Logistics Inc.,0.07,2638812,132230869.32,US36262G1013,36262G101,BNNTGF1
GDDY,GoDaddy Inc. Class A,0.07,1535278,131772910.74,US3802371076,380237107,BWFRFC6
TGTX,TG Therapeutics Inc.,0.07,3469021,131614656.74,US88322Q1085,88322Q108,B828K63
GKOS,Glaukos Corp.,0.07,1269442,131196830.7,US3773221029,377322102,BYMWL19
TEM,Tempus AI Inc. Class A,0.07,2598740,131158407.8,US88023B1035,88023B103,BSLSJJ0
NOVT,Novanta Inc.,0.07,823060,131138149.8,CA67000B1040,67000B104,BD8S5H8
HWC,Hancock Whitney Corp.,0.07,1923474,131027048.88,US4101201097,410120109,2415497
TFX,Teleflex Inc.,0.07,1017664,130912296.96,US8793691069,879369106,2881407
KRG,Kite Realty Group Trust,0.07,4757645,130454625.9,US49803T3005,49803T300,BPBSZJ1
CROX,Crocs Inc.,0.07,1098228,130326716.76,US2270461096,227046109,B0T7Z62
ACI,Albertsons Cos. Inc. Class A,0.07,8281971,129281567.31,US0130911037,013091103,BYNQ369
MHK,Mohawk Industries Inc.,0.07,1203077,129234531.34,US6081901042,608190104,2598699
CZR,Caesars Entertainment Inc.,0.07,4447874,129210739.7,US12769G1004,12769G100,BMWWGB0
G,Genpact Ltd.,0.07,3911372,128879707.4,BMG3922B1072,G3922B107,B23DBK6
PINS,Pinterest Inc. Class A,0.07,6402896,128378064.8,US72352L1061,72352L106,BJ2Z0H2
NJR,New Jersey Resources Corp.,0.07,2319884,128173591.0,US6460251068,646025106,2630513
AROC,Archrock Inc.,0.07,3823394,128045465.06,US03957W1062,03957W106,BYRGSX7
FND,Floor & Decor Holdings Inc. Class A,0.07,2484023,127678782.2,US3397501012,339750101,BYQHP96
OSCR,Oscar Health Inc. Class A,0.07,5731100,127402353.0,US6877931096,687793109,BKY83Q6
HUBS,HubSpot Inc.,0.07,576787,127256515.81,US4435731009,443573100,BR4T3B3
S,SentinelOne Inc. Class A,0.07,7674816,127018204.8,US81730H1095,81730H109,BP7L1B8
M,Macy's Inc.,0.07,5816074,126557770.24,US55616P1049,55616P104,2345022
BKH,Black Hills Corp.,0.07,1737517,126525987.94,US0921131092,092113109,2101741
PLUG,Plug Power Inc.,0.07,32009396,126437114.2,US72919P2020,72919P202,2508386
HIMS,Hims & Hers Health Inc.,0.07,4797983,125467255.45,US4330001060,433000106,BN46048
ABCB,Ameris Bancorp,0.07,1483549,125078016.19,US03076K1088,03076K108,2038849
SIRI,Sirius XM Holdings Inc.,0.07,4235020,125017790.4,US8299331004,829933100,BQWS627
BC,Brunswick Corp./DE,0.07,1492260,124991697.6,US1170431092,117043109,2149309
MTG,MGIC Investment Corp.,0.07,4950036,124839907.92,US5528481030,552848103,2548616
ERIE,Erie Indemnity Co. Class A,0.07,584442,124527056.94,US29530P1021,29530P102,2311711
COGT,Cogent Biosciences Inc.,0.07,3547076,124005776.96,US19240Q2012,19240Q201,BLR6XK8
CHWY,Chewy Inc.,0.07,5487612,123690774.48,US16679L1098,16679L109,BJLFHW7
MATX,Matson Inc.,0.07,681451,123547066.3,US57686G1058,57686G105,B8GNC91
AUB,Atlantic Union Bankshares Corp.,0.07,3279365,123369711.3,US04911A1079,04911A107,BFZ9DB8
GLXY,Galaxy Digital Inc. Class A,0.07,4168651,123308696.58,US36317J2096,36317J209,BV97X10
TMHC,Taylor Morrison Home Corp. Class A,0.07,2107494,123288399.0,US87724P1066,87724P106,B832462
ESAB,Esab Corp.,0.07,1328667,122808690.81,US29605J1060,29605J106,BJLTMN5
LYFT,Lyft Inc. Class A,0.07,8701145,122773155.95,US55087P1049,55087P104,BJT1RW7
KYMR,Kymera Therapeutics Inc.,0.07,1504243,122475465.06,US5015751044,501575104,BMPRZV5
PIPR,Piper Sandler Cos.,0.07,1557977,122160976.57,US7240782091,724078209,BVLNNN8
LAZ,Lazard Ltd. Class A,0.07,2570865,121679040.45,US52110M1099,52110M109,BRT46K3
ALK,Alaska Air Group Inc.,0.07,2637436,121374804.72,US0116591092,011659109,2012605
EPAM,EPAM Systems Inc.,0.07,1183180,121228622.8,US29414B1044,29414B104,B44Z3T8
HASI,Hannon Armstrong Sustainable Infrastructure Capital Inc.,0.07,2949063,120911583.0,US41068X1000,41068X100,B9HHD96
CVLT,CommVault Systems Inc.,0.06,1012484,120232475.0,US2041661024,204166102,B142B38
ESNT,Essent Group Ltd.,0.06,2068287,119733134.43,BMG3198U1027,G3198U102,BFWGXR8
GNTX,Gentex Corp.,0.06,4953315,119672090.4,US3719011096,371901109,2366799
SIGI,Selective Insurance Group Inc.,0.06,1382519,119643194.26,US8163001071,816300107,2766173
RITM,New Residential Investment Corp.,0.06,12801303,119308143.96,US64828T2015,64828T201,BRJ9GW0
CHYM,Chime Financial Inc. Class A,0.06,6398975,119020935.0,US16935C1099,16935C109,BTCHBL9
MARA,MARA Holdings Inc.,0.06,8272612,118960160.56,US5657881067,565788106,BLR7B52
BOOT,Boot Barn Holdings Inc.,0.06,700072,118921230.64,US0994061002,099406100,BRS6600
CHDN,Churchill Downs Inc.,0.06,1363108,118876648.68,US1714841087,171484108,2194105
NXST,Nexstar Media Group Inc. Class A,0.06,662975,118294629.25,US65336K1034,65336K103,2949758
CWST,Casella Waste Systems Inc. Class A,0.06,1439489,118282811.13,US1474481041,147448104,2120490
OZK,Bank OZK,0.06,2443860,118258385.4,US06417N1037,06417N103,BZ56Q65
VAL,Valaris Ltd.,0.06,1274434,118050821.42,BMG9460G1015,G9460G101,BMY0YX0
OUT,Outfront Media Inc.,0.06,3648834,117638408.16,US69007J3041,69007J304,BTFK8V4
GAP,Gap Inc.,0.06,5561625,117628368.75,US3647601083,364760108,2360326
PODD,Insulet Corp.,0.06,810419,117462129.86,US45784P1012,45784P101,B1XGNW4
PECO,Phillips Edison & Co. Inc.,0.06,2897218,116323302.7,US71844V2016,71844V201,BN48ZR2
UHAL.B,U-Haul Holding Co.,0.06,2234863,116257573.26,US0235865062,023586506,BP0VMC3
SYNA,Synaptics Inc.,0.06,846371,116189810.88,US87157D1090,87157D109,2839268
CRC,California Resources Corp.,0.06,1951403,115698683.87,US13057Q3056,13057Q305,BMBK002
ROAD,Construction Partners Inc. Class A,0.06,993124,115669152.28,US21044C1071,21044C107,BDT5M66
BCPC,Balchem Corp.,0.06,737402,115573015.46,US0576652004,057665200,2072074
SBRA,Sabra Health Care REIT Inc.,0.06,5802111,115403987.79,US78573L1061,78573L106,B5NLBP6
OLLI,Ollie's Bargain Outlet Holdings Inc.,0.06,1412293,115285477.59,US6811161099,681116109,BZ22B38
WTM,White Mountains Insurance Group Ltd.,0.06,55796,115208696.72,BMG9618E1075,G9618E107,2339252
HOMB,Home BancShares Inc./AR,0.06,4294310,114915735.6,US4368932004,436893200,B17MTL9
CWEN,Clearway Energy Inc.,0.06,2784689,114617799.24,US18539C2044,18539C204,BGJRH57
WEX,WEX Inc.,0.06,789468,114441281.28,US96208T1043,96208T104,B8383P2
HCC,Warrior Met Coal Inc.,0.06,1209223,114319942.42,US93627C1018,93627C101,BF2X272
PCTY,Paylocity Holding Corp.,0.06,992503,114068369.79,US70438V1061,70438V106,BKM4N88
MC,Moelis & Co. Class A,0.06,1690007,113720571.03,US60786M1053,60786M105,BLG38Q1
YOU,Clear Secure Inc. Class A,0.06,2048985,113616218.25,US18467V1098,18467V109,BLD30T1
PRAX,Praxis Precision Medicines Inc.,0.06,324508,113568064.76,US74006W2070,74006W207,BQ721R4
MUR,Murphy Oil Corp.,0.06,3122168,112991259.92,US6267171022,626717102,2611206
MSM,MSC Industrial Direct Co. Inc. Class A,0.06,1026836,112407736.92,US5535301064,553530106,2567655
HRB,H&R Block Inc.,0.06,2918273,112324327.77,US0936711052,093671105,2105505
OGS,ONE Gas Inc.,0.06,1442127,112110952.98,US68235P1084,68235P108,BJ0KXV4
PATH,UiPath Inc. Class A,0.06,9540900,111819348.0,US90364P1057,90364P105,BMD02L5
SXT,Sensient Technologies Corp.,0.06,978834,111440250.9,US81725T1007,81725T100,2923741
SITE,SiteOne Landscape Supply Inc.,0.06,1023884,111193802.4,US82982L1035,82982L103,BYQ7X81
IBP,Installed Building Products Inc.,0.06,527273,110716784.54,US45780R1014,45780R101,BJSP4C9
SON,Sonoco Products Co.,0.06,2270917,110548239.56,US8354951027,835495102,2821395
LPX,Louisiana-Pacific Corp.,0.06,1446269,110466026.22,US5463471053,546347105,2535243
MTN,Vail Resorts Inc.,0.06,823890,110071704.0,US91879Q1094,91879Q109,2954194
BSY,Bentley Systems Inc. Class B,0.06,3361704,109726018.56,US08265T2087,08265T208,BMC1PR6
SARO,StandardAero Inc.,0.06,3828069,109635896.16,US85423L1035,85423L103,BQPDNZ1
TTD,Trade Desk Inc. Class A,0.06,5066906,109242493.36,US88339J1051,88339J105,BD8FDD1
MGY,Magnolia Oil & Gas Corp. Class A,0.06,3957697,108282589.92,US5596631094,559663109,BF2GC59
SAIC,Science Applications International Corp.,0.06,1038554,108217326.8,US8086251076,808625107,BDTZZG7
FCN,FTI Consulting Inc.,0.06,703445,107753705.1,US3029411093,302941109,2351449
AX,Axos Financial Inc.,0.06,1239614,107734852.74,US05465C1009,05465C100,BGK38H3
FLG,Flagstar Bank NA,0.06,7661941,107726890.46,US6494454001,649445400,BT6MM39
FBIN,Fortune Brands Home & Security Inc.,0.06,2762606,107575877.64,US34964C1062,34964C106,B3MC7D6
POWI,Power Integrations Inc.,0.06,1276613,107235492.0,US7392761034,739276103,2133045
RDN,Radian Group Inc.,0.06,3134914,107057313.1,US7502361014,750236101,2173911
SR,Spire Inc.,0.06,1292969,106359629.94,US84857L1017,84857L101,BYXJQG9
MKTX,MarketAxess Holdings Inc.,0.06,817756,106340990.24,US57060D1081,57060D108,B03Q9D0
ACLS,Axcelis Technologies Inc.,0.06,706692,106293543.72,US0545402085,054540208,BD420Q8
IRDM,Iridium Communications Inc.,0.06,2052553,106281194.34,US46269C1027,46269C102,B2QH310
RLI,RLI Corp.,0.06,2114823,105825742.92,US7496071074,749607107,2719070
DIOD,Diodes Inc.,0.06,1002855,105620688.6,US2545431015,254543101,2270500
UFPI,UFP Industries Inc.,0.06,1301183,105395823.0,US90278Q1085,90278Q108,BMQ60Q1
CBT,Cabot Corp.,0.06,1201082,105106685.82,US1270551013,127055101,2162500
MTRN,Materion Corp.,0.06,477561,105082522.44,US5766901012,576690101,2149622
CSW,CSW Industrials Inc.,0.06,378947,104956950.59,US1264021064,126402106,BYQD1J6
URBN,Urban Outfitters Inc.,0.06,1444347,104931809.55,US9170471026,917047102,2933438
CNX,CNX Resources Corp.,0.06,3111408,104823335.52,US12653C1080,12653C108,BF3FTF4
ZETA,Zeta Global Holdings Corp. Class A,0.06,4565547,104505370.83,US98956A1051,98956A105,BN0TQF4
MAT,Mattel Inc.,0.06,6957484,103944810.96,US5770811025,577081102,2572303
LBRT,Liberty Oilfield Services Inc. Class A,0.06,3545350,103736941.0,US53115L1044,53115L104,BDCWFT8
CUZ,Cousins Properties Inc.,0.06,3867650,103691696.5,US2227955026,222795502,BJP0MF6
LGN,Legence Corp. Class A,0.06,1237982,103668612.68,US52476L1098,52476L109,BT6CC17
INDV,Indivior Pharmaceuticals Inc.,0.06,2876823,103623164.46,US45579U1097,45579U109,BTZRLN8
COLD,Americold Realty Trust,0.06,6559156,102913157.64,US03064D1081,03064D108,B3SKZK7
BMNR,BitMine Immersion Technologies Inc.,0.06,5334433,102794523.91,US09175A2069,09175A206,BNYD8N4
AGX,Argan Inc.,0.06,153584,102443599.68,US04010E1091,04010E109,2804501
PSMT,PriceSmart Inc.,0.06,602550,102427474.5,US7415111092,741511109,2092942
KNF,Knife River Corp.,0.06,1303220,102315802.2,US4988941047,498894104,BPLL4V5
ACIW,ACI Worldwide Inc.,0.06,2342070,102278196.9,US0044981019,004498101,2889155
HRI,Herc Holdings Inc.,0.06,767870,102126710.0,US42704L1044,42704L104,BZBZ020
WSC,WillScot Holdings Corp.,0.05,3953854,101732663.42,US9713781048,971378104,BMHL0Z4
KBR,KBR Inc.,0.05,2910369,101717396.55,US48242W1062,48242W106,B1HHB18
VSCO,Victoria's Secret & Co.,0.05,1846199,101540945.0,US9264001028,926400102,BNNTGH3
CPB,Campbell's Co.,0.05,4804982,101433170.02,US1344291091,134429109,2162845
WMG,Warner Music Group Corp. Class A,0.05,3215056,101402866.24,US9345502036,934550203,BLGJ610
LTH,Life Time Group Holdings Inc.,0.05,3062420,101304853.6,US53190C1027,53190C102,BPH0546
TCBI,Texas Capital Bancshares Inc.,0.05,1017534,101234457.66,US88224Q1076,88224Q107,2977209
ASB,Associated Banc-Corp,0.05,3631248,100985006.88,US0454871056,045487105,2055718
TTAN,ServiceTitan Inc.,0.05,1393458,100830620.88,US81764X1037,81764X103,BPGN2Q7
FTDR,frontdoor Inc.,0.05,1624194,100813721.58,US35905A1097,35905A109,BFYF094
TREX,Trex Co. Inc.,0.05,2434624,100793433.6,US89531P1057,89531P105,2483074
BYD,Boyd Gaming Corp.,0.05,1215859,100527222.12,US1033041013,103304101,2117232
MRP,Millrose Properties Inc.,0.05,3548224,100130881.28,US6011371027,601137102,BRCFZ51
NWE,Northwestern Energy Group Inc.,0.05,1413712,99822204.32,US6680743050,668074305,B03PGL4
PI,Impinj Inc.,0.05,660607,99751657.0,US4532041096,453204109,BYYGJZ9
LGND,Ligand Pharmaceuticals Inc.,0.05,430002,99743263.92,US53220K5048,53220K504,2501578
XMTR,Xometry Inc. Class A,0.05,1043246,99410911.34,US98423F1093,98423F109,BP7L5C7
EXLS,ExlService Holdings Inc.,0.05,3419321,99262888.63,US3020811044,302081104,B07LST0
WING,Wingstop Inc.,0.05,632240,99236390.4,US9741551033,974155103,BYYXHN4
MDU,MDU Resources Group Inc.,0.05,4700957,99096173.56,US5526901096,552690109,2547323
VVV,Valvoline Inc.,0.05,2927735,98811056.25,US92047W1018,92047W101,BDG22J3
CNR,Core Natural Resources Inc.,0.05,1114179,98537990.76,US2189371006,218937100,BR1Z682
BCO,Brink's Co.,0.05,946508,98455762.16,US1096961040,109696104,2691305
CGON,CG oncology Inc.,0.05,1579220,98369613.8,US1569441009,156944100,BRBCSP4
PVH,PVH Corp.,0.05,1054111,98327474.08,US6936561009,693656100,B3V9F12
GSAT,Globalstar Inc.,0.05,1166913,98265743.73,US3789735079,378973507,BRJMM32
PLNT,Planet Fitness Inc. Class A,0.05,1834264,98151466.64,US72703H1014,72703H101,BYSFJV8
PTEN,Patterson-UTI Energy Inc.,0.05,8733683,97904586.43,US7034811015,703481101,2672537
MIR,Mirion Technologies Inc. Class A,0.05,5348444,97769556.32,US60471A1016,60471A101,BMG3PQ7
AIR,AAR Corp.,0.05,865929,97520923.98,US0003611052,000361105,2001119
DUOL,Duolingo Inc.,0.05,875176,97459599.36,US26603R1068,26603R106,BMCM6P4
SHC,Sotera Health Co.,0.05,6229819,97434369.16,US83601L1026,83601L102,BNKVRZ7
RUSHA,Rush Enterprises Inc. Class A,0.05,1399828,97050075.24,US7818462092,781846209,2966876
RXO,RXO Inc.,0.05,3776930,96613869.4,US74982T1034,74982T103,BN6QSL9
FULT,Fulton Financial Corp.,0.05,4454263,96612964.47,US3602711000,360271100,2356585
POWL,Powell Industries Inc.,0.05,339510,96563434.2,US7391281067,739128106,2697422
EBC,Eastern Bankshares Inc.,0.05,4878825,96259217.25,US27627N1054,27627N105,BMXL9H3
GTLB,Gitlab Inc. Class A,0.05,3099536,96240592.8,US37637K1088,37637K108,BMTVT22
SLM,SLM Corp.,0.05,4332494,95834767.28,US78442P1066,78442P106,2101967
EPR,EPR Properties,0.05,1672726,95429018.3,US26884U1097,26884U109,B8XXZP1
DAN,Dana Inc.,0.05,2691074,95290930.34,US2358252052,235825205,B2PFJR3
MTH,Meritage Homes Corp.,0.05,1460271,95268080.04,US59001A1025,59001A102,2601326
SKT,Tanger Factory Outlet Centers Inc.,0.05,2637270,95126328.9,US8754651060,875465106,2874582
QS,QuantumScape Corp. Class A,0.05,10588968,95088932.64,US74767V1098,74767V109,BMC73Z8
FHI,Federated Investors Inc. Class B,0.05,1695899,95072097.94,US3142111034,314211103,2246288
VIRT,Virtu Financial Inc. Class A,0.05,1892791,94923468.65,US9282541013,928254101,BWTVWD4
OLED,Universal Display Corp.,0.05,1029744,94860017.28,US91347P1057,91347P105,2277880
CNO,CNO Financial Group Inc.,0.05,2062675,94821169.75,US12621E1038,12621E103,2657750
OPEN,Opendoor Technologies Inc.,0.05,18733026,94414451.04,US6837121036,683712103,BL96T19
BBWI,Bath & Body Works Inc.,0.05,4708898,94272137.96,US0708301041,070830104,BNNTGJ5
BDC,Belden Inc.,0.05,891185,93645719.8,US0774541066,077454106,B01WL78
SKY,Skyline Champion Corp.,0.05,1271610,93628644.3,US8308301055,830830105,2814005
LOPE,Grand Canyon Education Inc.,0.05,624520,93584322.0,US38526M1062,38526M106,B3F1XM1
KRC,Kilroy Realty Corp.,0.05,2728349,93500520.23,US49427F1084,49427F108,2495529
OPLN,KAR Auction Services Inc.,0.05,2447748,93259198.8,US48238T1097,48238T109,B4Y1MH7
SFBS,ServisFirst Bancshares Inc.,0.05,1194902,93190406.98,US81768T1088,81768T108,BMH0MP5
AZZ,AZZ Inc.,0.05,687340,93141443.4,US0024741045,002474104,2067672
IBOC,International Bancshares Corp.,0.05,1285344,92750423.04,US4590441030,459044103,2243911
TNL,Travel + Leisure Co.,0.05,1363555,92721740.0,US8941641024,894164102,BMXYT16
REZI,Resideo Technologies Inc.,0.05,2956637,92454038.99,US76118Y1047,76118Y104,BFD1TJ6
VNT,Vontier Corp.,0.05,3256952,92432297.76,US9288811014,928881101,BH4GV32
DBX,Dropbox Inc. Class A,0.05,3433359,92288689.92,US26210C1045,26210C104,BG0T321
LBRDK,Liberty Broadband Corp.,0.05,2727353,92075437.28,US5303073051,530307305,BRTLC06
WHD,Cactus Inc. Class A,0.05,1584963,91991252.52,US1272031071,127203107,BF1GM16
KTB,Kontoor Brands Inc.,0.05,1278774,91777609.98,US50050N1037,50050N103,BJTJGC4
LMND,Lemonade Inc.,0.05,1581203,91709774.0,US52567D1072,52567D107,BMGNTQ5
FFIN,First Financial Bankshares Inc.,0.05,2804570,91653347.6,US32020R1095,32020R109,2266026
THO,Thor Industries Inc.,0.05,1154981,91335897.48,US8851601018,885160101,2889876
MORN,Morningstar Inc.,0.05,501272,91241529.44,US6177001095,617700109,B081VR8
STEP,StepStone Group Inc. Class A,0.05,1844562,90955352.22,US85914M1071,85914M107,BLFDXF6
UCB,United Community Banks Inc./GA,0.05,2755104,90780676.8,US90984P3038,90984P303,2862156
MWA,Mueller Water Products Inc. Class A,0.05,3595222,90635546.62,US6247581084,624758108,B15RZR4
INDB,Independent Bank Corp.,0.05,1141903,90301689.24,US4538361084,453836108,2447821
CENX,Century Aluminum Co.,0.05,1365582,90087444.54,US1564311082,156431108,2186254
TWST,Twist Bioscience Corp.,0.05,1341504,89706372.48,US90184D1000,90184D100,BGKG6G7
QLYS,Qualys Inc.,0.05,820745,89699221.05,US74758T3032,74758T303,B7XJTN8
GFF,Griffon Corp.,0.05,1017475,89517450.5,US3984331021,398433102,2463344
DRS,Leonardo DRS Inc.,0.05,1833953,89423548.28,US52661A1088,52661A108,BNSNZQ2
LAUR,Laureate Education Inc. Class A,0.05,2793342,89359010.58,US5186132032,518613203,BYMYT66
BNL,Broadstone Net Lease Inc.,0.05,4402250,89057517.5,US11135E2037,11135E203,BN93088
CVSA,Adtalem Global Education Inc.,0.05,754092,88832037.6,US00737L1035,00737L103,BZ12TX5
NVST,Envista Holdings Corp.,0.05,3770031,88784230.05,US29415F1049,29415F104,BK63SF3
RNST,Renasant Corp.,0.05,2179787,88760926.64,US75970E1073,75970E107,2670809
RDNT,RadNet Inc.,0.05,1597374,88702178.22,US7504911022,750491102,B1JNG19
IRT,Independence Realty Trust Inc.,0.05,5463540,88673254.2,US45378A1060,45378A106,BCRYTK1
UNF,UniFirst Corp./MA,0.05,333980,88644971.6,US9047081040,904708104,2466428
WSFS,WSFS Financial Corp.,0.05,1230213,87898718.85,US9293281021,929328102,2940375
FLY,Firefly Aerospace Inc.,0.05,1890176,87874282.24,US31816X1063,31816X106,BPK4SR9
ATMU,Atmus Filtration Technologies Inc.,0.05,1876993,87805732.54,US04956D1072,04956D107,BNRR1B2
VRNS,Varonis Systems Inc.,0.05,2567479,87679407.85,US9222801022,922280102,BJZ2ZR5
OII,Oceaneering International Inc.,0.05,2288684,87496389.32,US6752321025,675232102,2655583
BGC,BGC Group Inc. Class A,0.05,8365371,87418126.95,US0889291045,088929104,BRJTVC5
PII,Polaris Inc.,0.05,1238436,87396428.52,US7310681025,731068102,2692933
ADT,ADT Inc.,0.05,12984650,87127001.5,US00090Q1031,00090Q103,BFWCP81
SPHR,Sphere Entertainment Co.,0.05,625896,86674078.08,US55826T1025,55826T102,BM8MM05
KAI,Kadant Inc.,0.05,271028,86506717.04,US48282T1043,48282T104,2769978
FBP,First BanCorp/Puerto Rico,0.05,3601784,86370780.32,PR3186727065,318672706,2296926
MMSI,Merit Medical Systems Inc.,0.05,1367575,86239279.5,US5898891040,589889104,2580555
POST,Post Holdings Inc.,0.05,938156,86160247.04,US7374461041,737446104,B6T0518
LRN,Stride Inc.,0.05,930658,85974186.04,US86333M1080,86333M108,BLD5321
TDS,Telephone & Data Systems Inc.,0.05,2198181,85970858.91,US8794338298,879433829,B6YR5K3
YETI,YETI Holdings Inc.,0.05,1789018,85819193.46,US98585X1046,98585X104,BGR7KH2
APPF,Appfolio Inc.,0.05,532259,85784183.03,US03783C1009,03783C100,BYN7H48
RUN,Sunrun Inc.,0.05,5129428,85764036.16,US86771W1053,86771W105,BYXB1Y8
CRNX,Crinetics Pharmaceuticals Inc.,0.05,2409399,85654134.45,US22663K1079,22663K107,BDD19F8
RYAN,Ryan Specialty Holdings Inc. Class A,0.05,2686212,85555852.2,US78351F1075,78351F107,BNXKSK3
ITRI,Itron Inc.,0.05,1034249,85304857.52,US4657411066,465741106,2471949
FELE,Franklin Electric Co. Inc.,0.05,865475,85145430.5,US3535141028,353514102,2350383
VCYT,Veracyte Inc.,0.05,1830391,84820318.94,US92337F1075,92337F107,BFTWZY0
CATY,Cathay General Bancorp,0.05,1470608,84795257.28,US1491501045,149150104,2264235
BOX,Box Inc.,0.05,3134907,84517092.72,US10316T1043,10316T104,BVB3BV2
IRTC,iRhythm Technologies Inc.,0.05,741954,84508560.6,US4500561067,450056106,BYT4ST5
KFY,Korn Ferry,0.05,1201284,84065854.32,US5006432000,500643200,2386849
NWS,News Corp. Class B,0.05,2816671,83993129.22,US65249B2088,65249B208,BBGVT51
BFH,Alliance Data Systems Corp.,0.05,941975,83901713.25,US0185811082,018581108,2762030
OTTR,Otter Tail Corp.,0.05,965952,83709400.32,US6896481032,689648103,2664103
CDP,Corporate Office Properties Trust,0.05,2607618,83600233.08,US22002T1088,22002T108,2756152
AAP,Advance Auto Parts Inc.,0.04,1382883,83304871.92,US00751Y1064,00751Y106,2822019
BMI,Badger Meter Inc.,0.04,671465,83194513.5,US0565251081,056525108,2069128
ABG,Asbury Automotive Group Inc.,0.04,443128,83179556.88,US0434361046,043436104,2855855
VKTX,Viking Therapeutics Inc.,0.04,2525133,82672854.42,US92686J1060,92686J106,BQQG1V1
GPI,Group 1 Automotive Inc.,0.04,260709,82472685.06,US3989051095,398905109,2121352
BHF,Brighthouse Financial Inc.,0.04,1315298,82271889.9,US10922N1037,10922N103,BF429K9
MAIR,Madison Air Solutions Corp. Class A,0.04,1892213,82254499.11,US55658T1051,55658T105,BVH8NY8
BRC,Brady Corp. Class A,0.04,955257,82228522.56,US1046741062,104674106,2117726
PBF,PBF Energy Inc. Class A,0.04,2019854,82208057.8,US69318G1067,69318G106,B7F4TJ7
ACHR,Archer Aviation Inc. Class A,0.04,11997905,81705733.05,US03945R1023,03945R102,BMHVDS8
GHC,Graham Holdings Co. Class B,0.04,74343,81575830.47,US3846371041,384637104,BGM1B98
ANF,Abercrombie & Fitch Co.,0.04,1054875,81457447.5,US0028962076,002896207,2004185
ASO,Academy Sports & Outdoors Inc.,0.04,1533450,80966160.0,US00402L1070,00402L107,BN7K304
PJT,PJT Partners Inc.,0.04,528253,80769883.7,US69343T1079,69343T107,BYNWB63
SOUN,SoundHound AI Inc. Class A,0.04,8927315,80345835.0,US8361001071,836100107,BLDBS68
VECO,Veeco Instruments Inc.,0.04,1390427,80144212.28,US9224171002,922417100,2938422
FUL,HB Fuller Co.,0.04,1249033,80038034.64,US3596941068,359694106,2354664
OGN,Organon & Co.,0.04,5994843,79971205.62,US68622V1061,68622V106,BLDC8J4
SKYW,SkyWest Inc.,0.04,931142,79752312.3,US8308791024,830879102,2814210
BFAM,Bright Horizons Family Solutions Inc.,0.04,1268388,79426456.56,US1091941005,109194100,B7MJWP2
HLNE,Hamilton Lane Inc. Class A,0.04,910107,79297622.91,US4074971064,407497106,BF0SR29
PSKY,Paramount Skydance Corp. Class B,0.04,7456797,79116616.17,US69932A2042,69932A204,BSNMNQ5
SMR,NuScale Power Corp.,0.04,6232100,78960707.0,US67079K1007,67079K100,BNXK803
HP,Helmerich & Payne Inc.,0.04,2066026,78818891.9,US4234521015,423452101,2420101
GNW,Genworth Financial Inc. Class A,0.04,9199028,78743679.68,US37247D1063,37247D106,B011WL6
OWL,Blue Owl Capital Inc. Class A,0.04,7651489,78657306.92,US09581B1035,09581B103,BN7CQS9
AVA,Avista Corp.,0.04,1894983,78584945.01,US05379B1070,05379B107,2942605
BKU,BankUnited Inc.,0.04,1691732,78479447.48,US06652K1034,06652K103,B3NNTZ4
DLB,Dolby Laboratories Inc. Class A,0.04,1401818,78235462.58,US25659T1079,25659T107,B04NJM9
AMTM,Amentum Holdings Inc.,0.04,3366933,78213853.59,US0239391016,023939101,BMZLFJ5
CVBF,CVB Financial Corp.,0.04,3840897,78200662.92,US1266001056,126600105,2160645
OSIS,OSI Systems Inc.,0.04,360056,78042138.0,US6710441055,671044105,2111579
DORM,Dorman Products Inc.,0.04,628855,77927711.6,US2582781009,258278100,2718594
MMS,MAXIMUS Inc.,0.04,1254795,77709454.35,US5779331041,577933104,2018669
GPK,Graphic Packaging Holding Co.,0.04,6900397,77698470.22,US3886891015,388689101,B2Q8249
SIG,Signet Jewelers Ltd.,0.04,888995,77689273.05,BMG812761002,G81276100,B3CTNK6
NHI,National Health Investors Inc.,0.04,1058882,77605461.78,US63633D1046,63633D104,2626125
RELY,Remitly Global Inc.,0.04,3876072,77598961.44,US75960P1049,75960P104,BNZJHH8
SLGN,Silgan Holdings Inc.,0.04,2063486,77504534.16,US8270481091,827048109,2809324
SXI,Standex International Corp.,0.04,279145,77325956.45,US8542311076,854231107,2840174
CBU,Community Bank System Inc.,0.04,1213676,77238340.64,US2036071064,203607106,2222062
TENB,Tenable Holdings Inc.,0.04,2729709,77059685.07,US88025T1025,88025T102,BF7J7N6
ICUI,ICU Medical Inc.,0.04,568009,76902738.51,US44930G1076,44930G107,2451918
LION,Lionsgate Studios Corp.,0.04,5339514,76622025.9,CA53626N1024,53626N102,BVDGYR6
TXG,10X Genomics Inc. Class A,0.04,2706875,76618096.88,US88025U1097,88025U109,BKS3RS7
WSBC,WesBanco Inc.,0.04,2210432,76591468.8,US9508101014,950810101,2953782
CC,Chemours Co.,0.04,3451656,76488696.96,US1638511089,163851108,BZ0CTP8
PEGA,Pegasystems Inc.,0.04,2140146,76467416.58,US7055731035,705573103,2675860
FHB,First Hawaiian Inc.,0.04,2823192,76169720.16,US32051X1081,32051X108,BDC6HG1
BILL,Bill.Com Holdings Inc.,0.04,2050525,75910435.5,US0900431000,090043100,BKDS4H5
NSIT,Insight Enterprises Inc.,0.04,712782,75825749.16,US45765U1034,45765U103,2475060
BTU,Peabody Energy Corp.,0.04,2803039,75822204.95,US7045511000,704551100,BDVPZV0
NATL,NCR Atleos Corp.,0.04,1699789,75810589.4,US63001N1063,63001N106,BRRD6G8
RNG,RingCentral Inc. Class A,0.04,1744327,75546802.37,US76680R2067,76680R206,BDZCRX3
OPCH,Option Care Health Inc.,0.04,3597767,75085397.29,US68404L2016,68404L201,BKM5C62
AGO,Assured Guaranty Ltd.,0.04,1008173,74816518.33,BMG0585R1060,G0585R106,B00V7H8
AVNT,Avient Corp.,0.04,2107448,74645808.16,US05368V1061,05368V106,BMHWY55
SLG,SL Green Realty Corp.,0.04,1634710,74215834.0,US78440X8873,78440X887,BPGKM57
BEAM,Beam Therapeutics Inc.,0.04,2225519,73286340.67,US07373V1052,07373V105,BK6L288
VC,Visteon Corp.,0.04,617876,73088552.04,US92839U2069,92839U206,B4N0JJ6
HGV,Hilton Grand Vacations Inc.,0.04,1404563,73065367.26,US43283X1054,43283X105,BYSLHX4
LIF,Life360 Inc.,0.04,1713622,72811798.78,US5322061095,532206109,BSLSTH8
SHOO,Steven Madden Ltd.,0.04,1670651,72573079.44,US5562691080,556269108,2553911
HAE,Haemonetics Corp.,0.04,1068436,72450645.16,US4050241003,405024100,2401195
ELF,elf Beauty Inc.,0.04,1290412,72263072.0,US26856L1035,26856L103,BDDQ975
VGNT,Versigent plc,0.04,1636578,72205821.36,JE00BWK75100,G9600F104,BWK7510
PSN,Parsons Corp.,0.04,1216413,71890008.3,US70202L1026,70202L102,BJN4N02
APLE,Apple Hospitality REIT Inc.,0.04,4883050,71732004.5,US03784Y2000,03784Y200,BXRTX56
RRR,Red Rock Resorts Inc. Class A,0.04,1226181,71584446.78,US75700L1089,75700L108,BYY9947
SFNC,Simmons First National Corp. Class A,0.04,3336648,71571099.6,US8287302009,828730200,2810133
TDW,Tidewater Inc.,0.04,970246,71303378.54,US88642R1095,88642R109,BDFGDQ0
CTRI,Centuri Holdings Inc.,0.04,2318200,71261468.0,US1559231055,155923105,BMDPVF7
CALM,Cal-Maine Foods Inc.,0.04,948554,70875954.88,US1280302027,128030202,2158781
ITGR,Integer Holdings Corp.,0.04,791488,70743197.44,US45826H1095,45826H109,BD06LM7
FIBK,First Interstate BancSystem Inc. Class A,0.04,1977792,70409395.2,US32055Y2019,32055Y201,B4RGHN0
FFBC,First Financial Bancorp,0.04,2288735,70401488.6,US3202091092,320209109,2352806
ARCB,ArcBest Corp.,0.04,513043,70127847.67,US03937C1053,03937C105,BLTFST7
BOH,Bank of Hawaii Corp.,0.04,913511,69974942.6,US0625401098,062540109,2074070
CRGY,Crescent Energy Co. Class A,0.04,6033085,69742462.6,US44952J1043,44952J104,BNR4QY1
LINE,Lineage Inc.,0.04,1567295,69603570.95,US53566V1061,53566V106,BP5DSY8
AWR,American States Water Co.,0.04,900081,69549258.87,US0298991011,029899101,2267171
KN,Knowles Corp.,0.04,1856086,69436177.26,US49926D1090,49926D109,BJTD9L6
TDC,Teradata Corp.,0.04,2036817,69353618.85,US88076W1036,88076W103,B247H10
TOWN,Towne Bank/Portsmouth VA,0.04,2009703,68470581.21,US89214P1093,89214P109,B018PR4
UNFI,United Natural Foods Inc.,0.04,1330902,68341817.7,US9111631035,911163103,2895163
CAKE,Cheesecake Factory Inc.,0.04,1032401,68179762.04,US1630721017,163072101,2192392
NSA,National Storage Affiliates Trust,0.04,1596958,68110258.7,US6378701063,637870106,BWWCK85
MIRM,Mirum Pharmaceuticals Inc.,0.04,669120,67915680.0,US6047491013,604749101,BJDX8Y8
AMBA,Ambarella Inc.,0.04,940556,67889332.08,KYG037AX1015,G037AX101,B7KH3G6
OLN,Olin Corp.,0.04,2612622,67588531.14,US6806652052,680665205,2658526
BXMT,Blackstone Mortgage Trust Inc. Class A,0.04,3691438,67479486.64,US09257W1009,09257W100,B94QHZ0
HAYW,Hayward Holdings Inc.,0.04,4753420,67070756.2,US4212981009,421298100,BMFQC33
EXPO,Exponent Inc.,0.04,1147536,66924299.52,US30214U1025,30214U102,2330318
BKD,Brookdale Senior Living Inc.,0.04,5196258,66875840.46,US1124631045,112463104,B0PZN33
LXP,LXP Industrial Trust,0.04,1293001,66770571.64,US5290434084,529043408,BSLN6B6
CNK,Cinemark Holdings Inc.,0.04,2382185,66701180.0,US17243V1026,17243V102,B1W7RQ0
IPGP,IPG Photonics Corp.,0.04,582418,66698509.36,US44980X1090,44980X109,2698782
GEO,GEO Group Inc.,0.04,2936036,66559936.12,US36162J1060,36162J106,BNLYWQ1
AKR,Acadia Realty Trust,0.04,3018303,66463032.06,US0042391096,004239109,2566522
CWK,Cushman & Wakefield UK Holdco London Ltd.,0.04,5336611,66387440.84,GB00BFZ4N465,G2717C106,BFZ4N46
CON,Concentra Group Holdings Parent Inc.,0.04,2667152,66332070.24,US20603L1026,20603L102,BSWW195
IAC,IAC Inc.,0.04,1472356,66094060.84,US44891N2080,44891N208,BNDYF48
HIW,Highwoods Properties Inc.,0.04,2529999,66032973.9,US4312841087,431284108,2420640
BHE,Benchmark Electronics Inc.,0.04,780420,65914273.2,US08160H1014,08160H101,2090816
DBRG,DigitalBridge Group Inc.,0.04,4198018,65657001.52,US25401T6038,25401T603,BPW6ZP0
NTCT,NetScout Systems Inc.,0.04,1577405,65651596.1,US64115T1043,64115T104,2447285
DNLI,Denali Therapeutics Inc.,0.04,3106803,65367135.12,US24823R1059,24823R105,BD2B4V0
RHI,Robert Half International Inc.,0.04,2212348,65131525.12,US7703231032,770323103,2110703
UE,Urban Edge Properties,0.04,2901710,65114372.4,US91704F1049,91704F104,BTPSGQ9
UPST,Upstart Holdings Inc.,0.03,1919422,64857269.38,US91680M1071,91680M107,BL53QN5
ALHC,Alignment Healthcare Inc.,0.03,4227002,64757670.64,US01625V1044,01625V104,BNNLSZ1
KD,Kyndryl Holdings Inc.,0.03,5192155,64746172.85,US50155Q1004,50155Q100,BP6JW21
QTWO,Q2 Holdings Inc.,0.03,1364745,64620675.75,US74736L1098,74736L109,BKM4KV0
ATKR,Atkore International Group Inc.,0.03,776667,64315794.27,US0476491081,047649108,BDHF495
CAR,Avis Budget Group Inc.,0.03,365590,64285345.6,US0537741052,053774105,B1CL8J2
PRK,Park National Corp.,0.03,374671,64278556.76,US7006581075,700658107,2673251
PHIN,Phinia Inc.,0.03,829766,64107721.16,US71880K1016,71880K101,BPW7PC0
BANF,BancFirst Corp.,0.03,579675,63932355.75,US05945F1030,05945F103,2078782
WLK,Westlake Chemical Corp.,0.03,735643,63875881.69,US9604131022,960413102,B01ZP20
ACAD,ACADIA Pharmaceuticals Inc.,0.03,2946189,63814453.74,US0042251084,004225108,2713317
ADEA,Adeia Inc.,0.03,2386292,63761722.24,US00676P1075,00676P107,BPMQ8J5
CURB,Curbline Properties Corp.,0.03,2184710,63640602.3,US23128Q1013,23128Q101,BSNR2T6
MGEE,MGE Energy Inc.,0.03,842241,63589195.5,US55277P1049,55277P104,2554163
PAG,Penske Automotive Group Inc.,0.03,379348,63491474.76,US70959W1036,70959W103,2943523
PFS,Provident Financial Services Inc.,0.03,2858531,63430802.89,US74386T1051,74386T105,2171603
WHR,Whirlpool Corp.,0.03,1459203,63358594.26,US9633201069,963320106,2960384
CHH,Choice Hotels International Inc.,0.03,581730,63338762.4,US1699051066,169905106,2106780
HLIO,Helios Technologies Inc.,0.03,761716,63290982.44,US42328H1095,42328H109,BK8MDM0
DOCS,Doximity Inc. Class A,0.03,2927410,62646574.0,US26622P1075,26622P107,BMD22Y4
MCY,Mercury General Corp.,0.03,637928,62536081.84,US5894001008,589400100,2578464
LOAR,Loar Holdings Inc.,0.03,968907,62475123.36,US53947R1059,53947R105,BLDCK32
RSI,Rush Street Interactive Inc. Class A,0.03,2463546,62426255.64,US7820111000,782011100,BN6R7F9
CCC,CCC Intelligent Solutions Holdings Inc.,0.03,13282107,62425902.9,US12510Q1004,12510Q100,BP4CXL8
IMVT,Immunovant Inc.,0.03,1873319,62381522.7,US45258J1025,45258J102,BJRFSB7
IBRX,ImmunityBio Inc.,0.03,8288977,62333107.04,US45256X1037,45256X103,BNSP0B8
EEFT,Euronet Worldwide Inc.,0.03,859991,62332147.68,US2987361092,298736109,2320148
HOG,Harley-Davidson Inc.,0.03,2575881,62284802.58,US4128221086,412822108,2411053
MSGE,Madison Square Garden Entertainment Corp. Class A,0.03,882614,62250765.42,US5582561032,558256103,BN71J76
WDFC,WD-40 Co.,0.03,310690,62128679.3,US9292361071,929236107,2944742
WAFD,Washington Federal Inc.,0.03,1744641,62039433.96,US9388241096,938824109,2941981
CWT,California Water Service Group,0.03,1373910,61963341.0,US1307881029,130788102,2165383
MGRC,McGrath RentCorp,0.03,566928,61789482.72,US5805891091,580589109,2551551
UNIT,Uniti Group Inc.,0.03,5499529,61704715.38,US9129321009,912932100,BSNMCG8
KALU,Kaiser Aluminum Corp.,0.03,335947,61155791.88,US4830077040,483007704,B15CJ33
ASH,Ashland Global Holdings Inc.,0.03,1052299,60928112.1,US0441861046,044186104,BYND5N1
VAC,Marriott Vacations Worldwide Corp.,0.03,716601,60825092.88,US57164Y1073,57164Y107,B45K9N8
KBH,KB Home,0.03,1236772,60428679.92,US48666K1097,48666K109,2485070
PTON,Peloton Interactive Inc. Class A,0.03,9441905,60428192.0,US70614W1009,70614W100,BJ7WJS2
TRN,Trinity Industries Inc.,0.03,1839575,59675813.0,US8965221091,896522109,2904627
IVT,InvenTrust Properties Corp.,0.03,1790000,59302700.0,US46124J2015,46124J201,BKP4ZK1
SMG,Scotts Miracle-Gro Co.,0.03,1002853,59168327.0,US8101861065,810186106,2781518
JOE,St. Joe Co.,0.03,925734,58904454.42,US7901481009,790148100,2768663
WU,Western Union Co.,0.03,7216118,58667039.34,US9598021098,959802109,B1F76F9
DK,Delek US Holdings Inc.,0.03,1314656,58515338.56,US24665A1034,24665A103,BF5P189
HUN,Huntsman Corp.,0.03,3798867,58312608.45,US4470111075,447011107,B0650B9
FRPT,Freshpet Inc.,0.03,1128950,58253820.0,US3580391056,358039105,BS7K7M9
FRVO,Fervo Energy Co. Class A,0.03,1587692,58204788.72,US31556C1062,31556C106,BVK0QZ3
ROG,Rogers Corp.,0.03,410509,58095233.68,US7751331015,775133101,2746700
SUPN,Supernus Pharmaceuticals Inc.,0.03,1257512,58071904.16,US8684591089,868459108,B72ZBG4
WK,Workiva Inc. Class A,0.03,1163463,57917188.14,US98139A1051,98139A105,BSS6HY8
PENN,Penn National Gaming Inc.,0.03,3074782,57898145.06,US7075691094,707569109,2682105
APAM,Artisan Partners Asset Management Inc. Class A,0.03,1544014,57807884.16,US04316A1088,04316A108,B8FW545
LCII,LCI Industries,0.03,529106,57683136.12,US50189K1034,50189K103,BYQ44Y5
KMT,Kennametal Inc.,0.03,1756062,57598833.6,US4891701009,489170100,2488121
WRBY,Warby Parker Inc. Class A,0.03,2336798,57298286.96,US93403J1060,93403J106,BLGZN51
BCC,Boise Cascade Co.,0.03,821591,57281324.52,US09739D1000,09739D100,B9BP4R1
TRMK,Trustmark Corp.,0.03,1288507,56900469.12,US8984021027,898402102,2340210
CACC,Credit Acceptance Corp.,0.03,98958,56766267.12,US2253101016,225310101,2232050
SHAK,Shake Shack Inc. Class A,0.03,880258,56609391.98,US8190471016,819047101,BV0LCR0
HHH,Howard Hughes Holdings Inc.,0.03,892408,56534046.8,US44267T1025,44267T102,BR1W702
BBT,Berkshire Hills Bancorp Inc.,0.03,1930963,56171713.67,US0846801076,084680107,2606570
WT,WisdomTree Inc.,0.03,2934525,55902701.25,US97717P1049,97717P104,2476513
FRME,First Merchants Corp.,0.03,1386412,55872403.6,US3208171096,320817109,2342410
FSLY,Fastly Inc. Class A,0.03,3141688,55812087.32,US31188V1008,31188V100,BJN4MY9
AEO,American Eagle Outfitters Inc.,0.03,3508094,55427885.2,US02553E1064,02553E106,2048592
VSEC,VSE Corp.,0.03,299113,55380771.95,US9182841000,918284100,2926773
PFSI,PennyMac Financial Services Inc.,0.03,659326,55297671.62,US70932M1071,70932M107,BGYTGH3
NGVT,Ingevity Corp.,0.03,813091,55143831.62,US45688C1071,45688C107,BD4LHG4
MTX,Minerals Technologies Inc.,0.03,713960,54989199.2,US6031581068,603158106,2595612
DNOW,NOW Inc.,0.03,4285867,54816238.93,US67011P1003,67011P100,BMH0MV1
PRVA,Privia Health Group Inc.,0.03,2545380,54751123.8,US74276R1023,74276R102,BMDP209
WERN,Werner Enterprises Inc.,0.03,1310130,54383496.3,US9507551086,950755108,2948852
CALX,Calix Inc.,0.03,1357472,53959512.0,US13100M5094,13100M509,B3S4L67
GOLF,Acushnet Holdings Corp.,0.03,607141,53901977.98,US0050981085,005098108,BD3WG50
BOKF,BOK Financial Corp.,0.03,418350,53565534.0,US05561Q2012,05561Q201,2109091
NBTB,NBT Bancorp Inc.,0.03,1143866,52892363.84,US6287781024,628778102,2626459
FRSH,Freshworks Inc. Class A,0.03,5446783,52888262.93,US3580541049,358054104,BPF0BB7
CARG,Cargurus Inc.,0.03,1768128,52796302.08,US1417881091,141788109,BF5D6S8
WAY,Waystar Holding Corp.,0.03,2650107,52763630.37,US9467841055,946784105,BSWYNW8
NHC,National HealthCare Corp.,0.03,286077,52758320.34,US6359061008,635906100,2139731
MPT,Medical Properties Trust Inc.,0.03,10322773,52749370.03,US58463J3041,58463J304,B0JL5L9
ABM,ABM Industries Inc.,0.03,1349263,52702212.78,US0009571003,000957100,2024901
LEVI,Levi Strauss & Co. Class A,0.03,2269117,52643514.4,US52736R1023,52736R102,BHRWS81
AMRX,Amneal Pharmaceuticals Inc.,0.03,3976912,52375931.04,US03168L1052,03168L105,BFNF1D6
ANDE,Andersons Inc.,0.03,739790,52221776.1,US0341641035,034164103,2274922
HUBG,Hub Group Inc. Class A,0.03,1255526,52154550.04,US4433201062,443320106,2407632
RAMP,LiveRamp Holdings Inc.,0.03,1381726,51897628.56,US53815P1084,53815P108,BGLN838
PBH,Prestige Consumer Healthcare Inc.,0.03,1090587,51835600.11,US74112D1019,74112D101,B0650P3
SPNT,SiriusPoint Ltd.,0.03,2420455,51676714.25,BMG8192H1060,G8192H106,BMCQX44
DRH,DiamondRock Hospitality Co.,0.03,4687980,51520900.2,US2527843013,252784301,B090B96
RH,RH,0.03,345686,51330914.14,US74967X1037,74967X103,BYXR425
KNTK,Kinetik Holdings Inc. Class A,0.03,1113578,51168909.1,US02215L2097,02215L209,BLPNQJ1
BANR,Banner Corp.,0.03,785377,51049505.0,US06652V2088,06652V208,2346003
ALGT,Allegiant Travel Co. Class A,0.03,556347,50966948.67,US01748X1028,01748X102,B15M2C3
PK,Park Hotels & Resorts Inc.,0.03,4176730,50663734.9,US7005171050,700517105,BYVMVV0
RARE,Ultragenyx Pharmaceutical Inc.,0.03,2113920,50607244.8,US90400D1081,90400D108,BJ62Z18
TMDX,TransMedics Group Inc.,0.03,749744,50382796.8,US89377M1099,89377M109,BK6TM04
KVYO,Klaviyo Inc. Class A,0.03,3179875,50369220.0,US49845K1016,49845K101,BN4JNC6
HE,Hawaiian Electric Industries Inc.,0.03,3779071,50261644.3,US4198701009,419870100,2415204
PBI,Pitney Bowes Inc.,0.03,3110858,50084813.8,US7244791007,724479100,2690506
VCTR,Victory Capital Holdings Inc. Class A,0.03,590178,49899549.9,US92645B1035,92645B103,BFYVKR0
BRZE,Braze Inc. Class A,0.03,1942514,49786633.82,US10576N1028,10576N102,BPLQR66
NOG,Northern Oil & Gas Inc.,0.03,2286250,49771662.5,US6655313079,665531307,BN6RJM0
UUUU,Energy Fuels Inc./Canada,0.03,2728291,49709462.02,CA2926717083,292671708,BFV4XW8
MZTI,Lancaster Colony Corp.,0.03,441177,49385353.38,US5138471033,513847103,2503206
ACHC,Acadia Healthcare Co. Inc.,0.03,2122353,49238589.6,US00404A1097,00404A109,B65VZ37
ALRM,Alarm.com Holdings Inc.,0.03,1084687,48930230.57,US0116421050,011642105,BYN7H26
CALY,Callaway Golf Co.,0.03,3172726,48859980.4,US1311931042,131193104,2173933
SPSC,SPS Commerce Inc.,0.03,860353,48825032.75,US78463M1071,78463M107,B57VWJ3
HNI,HNI Corp.,0.03,1550500,48360095.0,US4042511000,404251100,2435246
CPRI,Capri Holdings Ltd.,0.03,2605013,48218790.63,VGG1890L1076,G1890L107,BJ1N1M9
XRAY,Dentsply Sirona Inc.,0.03,4599433,48156063.51,US24906P1093,24906P109,BYNPPC6
CVCO,Cavco Industries Inc.,0.03,89285,47903188.2,US1495681074,149568107,2787022
NWBI,Northwest Bancshares Inc.,0.03,3368621,47665987.15,US6673401039,667340103,B523Z73
SHO,Sunstone Hotel Investors Inc.,0.03,4376759,47356532.38,US8678921011,867892101,B034LG1
IOSP,Innospec Inc.,0.03,570776,47340161.44,US45768S1050,45768S105,2245597
ARR,ARMOUR Residential REIT Inc.,0.03,2745716,47089029.4,US0423157058,042315705,BRJ8H91
AMR,Alpha Metallurgical Resources Inc.,0.03,236575,47071327.75,US0207641061,020764106,BMFND53
SMMT,Summit Therapeutics Inc.,0.03,2677877,46969962.58,US86627T1088,86627T108,BMTVQS7
FWONA,Liberty Media Corp-Liberty Formula One,0.03,554192,46541044.16,US5312297717,531229771,BPLYVM4
PCT,PureCycle Technologies Inc.,0.02,3742740,46372548.6,US74623V1035,74623V103,BLNB073
GNL,Global Net Lease Inc.,0.02,4929014,46184861.18,US3793782018,379378201,BZCFW78
KNSA,Kiniksa Pharmaceuticals International plc Class A,0.02,950688,45994285.44,GB00BRXB0C07,G52694109,BRXB0C0
FOUR,Shift4 Payments Inc. Class A,0.02,1029985,45896131.6,US82452J1097,82452J109,BLF0L75
KWR,Quaker Chemical Corp.,0.02,319646,45878790.38,US7473161070,747316107,2715186
PGNY,Progyny Inc.,0.02,1783462,45585288.72,US74340E1038,74340E103,BKWD3M9
MGNI,Magnite Inc.,0.02,3158740,45264744.2,US55955D1000,55955D100,BLPNRR6
OFG,OFG Bancorp,0.02,991576,45176202.56,PR67103X1020,67103X102,B87LKR8
CNS,Cohen & Steers Inc.,0.02,646201,45104829.8,US19247A1007,19247A100,B02H882
CXW,CoreCivic Inc.,0.02,2136746,45042605.68,US21871N1019,21871N101,BZ8VC58
SNDR,Schneider National Inc. Class B,0.02,1272405,44966792.7,US80689H1023,80689H102,BYVN953
NWN,Northwest Natural Holding Co.,0.02,927326,44966037.74,US66765N1054,66765N105,BFNR303
LC,LendingClub Corp.,0.02,2515050,44893642.5,US52603A2087,52603A208,BK95GR4
NEOG,Neogen Corp.,0.02,5004707,44892221.79,US6404911066,640491106,2630085
GTY,Getty Realty Corp.,0.02,1376573,44779919.69,US3742971092,374297109,2698146
FUN,Six Flags Entertainment Corp.,0.02,2107601,44280697.01,US83001C1080,83001C108,BPBPD09
LLYVA,Liberty Live Holdings Inc. Class A,0.02,459106,44221089.92,US5309091008,530909100,BVV5T25
OMCL,Omnicell Inc.,0.02,995247,43930202.58,US68213N1090,68213N109,2789523
INSW,International Seaways Inc.,0.02,568951,43917327.69,MHY410531021,Y41053102,BYX60M4
NTLA,Intellia Therapeutics Inc.,0.02,3106673,43710889.11,US45826J1051,45826J105,BYZM6C2
CXT,Crane NXT Co.,0.02,1123333,43630253.72,US2244411052,224441105,BQ7W2W6
NMRK,Newmark Group Inc. Class A,0.02,3121218,43603415.46,US65158N1028,65158N102,BF1Q6P8
HMN,Horace Mann Educators Corp.,0.02,937022,42850016.06,US4403271046,440327104,2437112
ARXS,Arxis Inc. Class A,0.02,951269,42740516.17,US04339D1054,04339D105,BVH8P08
FCF,First Commonwealth Financial Corp.,0.02,2249532,42606136.08,US3198291078,319829107,2351546
DEI,Douglas Emmett Inc.,0.02,3658679,42587023.56,US25960P1093,25960P109,B1G3M58
NVCR,Novocure Ltd.,0.02,2484868,42342150.72,JE00BYSS4X48,G6674U108,BYSS4X4
AIN,Albany International Corp. Class A,0.02,652343,42200068.67,US0123481089,012348108,2012757
FLYW,Flywire Corp.,0.02,2613353,41918182.12,US3024921039,302492103,BMBP1Q0
LTC,LTC Properties Inc.,0.02,1116849,41781321.09,US5021751020,502175102,2498788
SONO,Sonos Inc.,0.02,2646831,41766993.18,US83570H1086,83570H108,BYWPZW7
HURN,Huron Consulting Group Inc.,0.02,388869,41760641.91,US4474621020,447462102,B018V76
HNGE,Hinge Health Inc. Class A,0.02,740717,41635702.57,US4333131039,433313103,BV99FG5
PRLB,Proto Labs Inc.,0.02,546220,41381627.2,US7437131094,743713109,B6T6J81
SRPT,Sarepta Therapeutics Inc.,0.02,2310799,41293978.13,US8036071004,803607100,B8DPDT7
NVAX,Novavax Inc.,0.02,3756790,41211986.3,US6700024010,670002401,BJDQXG4
MD,MEDNAX Inc.,0.02,1911991,41184286.14,US58502B1061,58502B106,2677640
RXRX,Recursion Pharmaceuticals Inc. Class A,0.02,11405407,40945411.13,US75629V1044,75629V104,BM9FJ13
FIVN,Five9 Inc.,0.02,1670527,40677332.45,US3383071012,338307101,BKY7X18
EPAC,Enerpac Tool Group Corp. Class A,0.02,1214486,40673136.14,US2927651040,292765104,BH3T5K7
AVPT,AvePoint Inc.,0.02,3725791,40648379.81,US0536041041,053604104,BP2Q7W1
SEM,Select Medical Holdings Corp.,0.02,2428644,40072626.0,US81619Q1058,81619Q105,B4MF0Q6
CRVL,CorVel Corp.,0.02,648426,40040305.5,US2210061097,221006109,2347277
PEB,Pebblebrook Hotel Trust,0.02,2624085,40017296.25,US70509V1008,70509V100,B4XBDV9
SPB,Spectrum Brands Holdings Inc.,0.02,507809,39959490.21,US84790A1051,84790A105,BDRYFB1
AGIO,Agios Pharmaceuticals Inc.,0.02,1350774,39712755.6,US00847X1046,00847X104,BCBVTX1
DDS,Dillard's Inc. Class A,0.02,66889,39478556.69,US2540671011,254067101,2269768
FMC,FMC Corp.,0.02,2876624,39294683.84,US3024913036,302491303,2328603
ZD,j2 Global Inc.,0.02,867904,39116433.28,US48123V1026,48123V102,B75DGJ3
CHCO,City Holding Co.,0.02,314087,39044154.97,US1778351056,177835105,2161778
NBHC,National Bank Holdings Corp. Class A,0.02,933307,39040231.81,US6337071046,633707104,B888DV3
WOR,Worthington Industries Inc.,0.02,685482,38914813.14,US9818111026,981811102,2981932
EXTR,Extreme Networks Inc.,0.02,1467911,38914320.61,US30226D1063,30226D106,2407052
STBA,S&T Bancorp Inc.,0.02,862080,38871187.2,US7838591011,783859101,2781109
DXC,DXC Technology Co.,0.02,3909712,38745245.92,US23355L1061,23355L106,BYXD7B3
CENTA,Central Garden & Pet Co. Class A,0.02,1128229,38506455.77,US1535272058,153527205,B1P36Y6
CMPR,Cimpress plc,0.02,390633,38500788.48,IE00BKYC3F77,G2143T103,BKYC3F7
IPAR,Inter Parfums Inc.,0.02,405767,38292231.79,US4583341098,458334109,2473150
ZG,Zillow Group Inc. Class A,0.02,1081895,38255807.2,US98954M1018,98954M101,BVYJBR3
NCNO,nCino Inc.,0.02,2377039,38222787.12,US63947X1019,63947X101,BMC8TD1
GT,Goodyear Tire & Rubber Co.,0.02,6262011,38198267.1,US3825501014,382550101,2378200
CAI,Caris Life Sciences Inc.,0.02,2274092,38022818.24,US1421521071,142152107,BT18HP9
NNI,Nelnet Inc. Class A,0.02,290992,37994825.44,US64031N1081,64031N108,2196190
ECPG,Encore Capital Group Inc.,0.02,468991,37486450.63,US2925541029,292554102,2443078
FLNC,Fluence Energy Inc. Class A,0.02,1985452,37485333.76,US34379V1035,34379V103,BMXC0N9
IIPR,Innovative Industrial Properties Inc.,0.02,646165,37471108.35,US45781V1017,45781V101,BD0NN55
WD,Walker & Dunlop Inc.,0.02,745785,37430949.15,US93148P1021,93148P102,B4TZV44
JBLU,JetBlue Airways Corp.,0.02,6812177,37262608.19,US4771431016,477143101,2852760
LFST,LifeStance Health Group Inc.,0.02,4831684,37252283.64,US53228F1012,53228F101,BN0TRB7
STRA,Strategic Education Inc.,0.02,485268,37244319.0,US86272C1036,86272C103,BGGJFV8
MHO,M/I Homes Inc.,0.02,282125,37133292.5,US55305B1017,55305B101,2549385
WS,Worthington Steel Inc.,0.02,876270,36969831.3,US9821041012,982104101,BS70KN1
XHR,Xenia Hotels & Resorts Inc.,0.02,2117185,36775503.45,US9840171030,984017103,BVV6CY1
HTFL,HeartFlow Inc.,0.02,1174610,36389417.8,US42238D1072,42238D107,BV6KV30
BL,Blackline Inc.,0.02,1234596,36297122.4,US09239B1098,09239B109,BD3WZS6
CBZ,CBIZ Inc.,0.02,1092237,36262268.4,US1248051021,124805102,2730781
GRC,Gorman-Rupp Co.,0.02,483493,36237800.35,US3830821043,383082104,2379281
DJT,Trump Media & Technology Group Corp.,0.02,3871290,36041709.9,US25400Q1058,25400Q105,BM8V9W3
EVTC,EVERTEC Inc.,0.02,1471782,36014505.54,PR30040P1032,30040P103,B7KY3Z6
WLY,John Wiley & Sons Inc. Class A,0.02,855523,36000407.84,US9682232064,968223206,2965668
COLM,Columbia Sportswear Co.,0.02,541487,35835609.66,US1985161066,198516106,2229126
HRMY,Harmony Biosciences Holdings Inc.,0.02,1128784,35658286.56,US4131971040,413197104,BKSGZN7
MIAX,Miami International Holdings Inc.,0.02,748902,35385619.5,US59356Q1085,59356Q108,BRT7Y75
TNC,Tennant Co.,0.02,410500,35348155.0,US8803451033,880345103,2883641
LZB,La-Z-Boy Inc.,0.02,940142,35330536.36,US5053361078,505336107,2508405
SYM,Symbotic Inc. Class A,0.02,760891,35324364.68,US87151X1019,87151X101,BPG82M8
ARI,Apollo Commercial Real Estate Finance Inc.,0.02,3218265,35272184.4,US03762U1051,03762U105,B4JTYX6
KSS,Kohl's Corp.,0.02,2449206,35170598.16,US5002551043,500255104,2496113
HOPE,Hope Bancorp Inc.,0.02,2798186,35089252.44,US43940T1097,43940T109,BYN87K7
MQ,Marqeta Inc. Class A,0.02,8632799,35049163.94,US57142B1044,57142B104,BN0TQD2
PRGO,Perrigo Co. plc,0.02,3171430,35044301.5,IE00BGH1M568,G97822103,BGH1M56
XPRO,Expro Group Holdings NV,0.02,2358784,34839239.68,NL0010556684,N3144W105,BCRY5H0
INVA,Innoviva Inc.,0.02,1621469,34731865.98,US45781M1018,45781M101,BDDXF67
GEF,Greif Inc. Class A,0.02,547663,34683497.79,US3976241071,397624107,2388016
BWIN,BRP Group Inc. Class A,0.02,1784026,34645784.92,US05589G1022,05589G102,BKTPCS7
TRS,TriMas Corp.,0.02,840877,34417095.61,US8962152091,896215209,B1XHRL4
CNXC,Concentrix Corp.,0.02,1202156,34008993.24,US20602D1019,20602D101,BNKVVY4
ENVX,Enovix Corp.,0.02,4252975,33938740.5,US2935941078,293594107,BNNTCT7
ECVT,Ecovyst Inc.,0.02,2568767,33882036.73,US27923Q1094,27923Q109,BM8NHT2
HLMN,Hillman Solutions Corp.,0.02,4530783,33799641.18,US4316361090,431636109,BNT8W21
GBTG,Global Business Travel Group I,0.02,3616727,33780230.18,US37890B1008,37890B100,BPY03W3
MAN,ManpowerGroup Inc.,0.02,1067118,33752942.34,US56418H1005,56418H100,2562490
FLO,Flowers Foods Inc.,0.02,4386329,33511553.56,US3434981011,343498101,2744243
HTH,Hilltop Holdings Inc.,0.02,887459,33474953.48,US4327481010,432748101,2365428
HCSG,Healthcare Services Group Inc.,0.02,1620766,33387779.6,US4219061086,421906108,2417619
KMPR,Kemper Corp.,0.02,1352478,33365632.26,US4884011002,488401100,B52KRV2
PACS,PACS Group Inc.,0.02,902440,33074426.0,US69380Q1076,69380Q107,BPW6WD7
WWW,Wolverine World Wide Inc.,0.02,1883015,33046913.25,US9780971035,978097103,2977500
PAYO,Payoneer Global Inc.,0.02,6337313,32954027.6,US70451X1046,70451X104,BLSPX60
PLMR,Palomar Holdings Inc. Class A,0.02,307611,32926681.44,US69753M1053,69753M105,BJYLZK6
DYN,Dyne Therapeutics Inc.,0.02,1699851,32858119.83,US26818M1080,26818M108,BN15WD1
NWL,Newell Brands Inc.,0.02,9656548,32832263.2,US6512291062,651229106,2635701
DV,DoubleVerify Holdings Inc.,0.02,3360182,32593765.4,US25862V1052,25862V105,BMDX9Z7
ASTH,Apollo Medical Holdings Inc.,0.02,865982,32578242.84,US03763A2078,03763A207,BX3SQS1
PRCT,Procept Biorobotics Corp.,0.02,1235449,32529372.17,US74276L1052,74276L105,BMYRFV6
BLKB,Blackbaud Inc.,0.02,1057743,32462132.67,US09227Q1004,09227Q100,2458878
BKE,Buckle Inc.,0.02,707358,32446511.46,US1184401065,118440106,2149934
AI,C3.ai Inc. Class A,0.02,3010782,32426122.14,US12468P1049,12468P104,BMGNBJ2
WKC,World Fuel Services Corp.,0.02,1119934,32265298.54,US9814751064,981475106,2469450
ARRY,Array Technologies Inc.,0.02,3516766,31932235.28,US04271T1007,04271T100,BLBLMD5
GBX,Greenbrier Cos. Inc.,0.02,676206,31856064.66,US3936571013,393657101,2387530
PRGS,Progress Software Corp.,0.02,968298,31789223.34,US7433121008,743312100,2705198
INGM,Ingram Micro Holding Corp.,0.02,1125035,31782238.75,US4571521065,457152106,BS5YN47
PRG,PROG Holdings Inc.,0.02,863982,31768618.14,US74319R1014,74319R101,BLFGN66
NEO,NeoGenomics Inc.,0.02,2985970,31412404.4,US64049M2098,64049M209,2598246
WABC,Westamerica Bancorporation,0.02,565716,31391580.84,US9570901036,957090103,2950374
TDOC,Teladoc Health Inc.,0.02,4107550,31258455.5,US87918A1051,87918A105,BYQRFY1
AESI,Atlas Energy Solutions Inc.,0.02,1856268,30981112.92,US6420451089,642045108,BL6JGD2
PPC,Pilgrim's Pride Corp.,0.02,1093608,30960042.48,US72147K1088,72147K108,B5L3PZ2
SAM,Boston Beer Co. Inc. Class A,0.02,173679,30789813.12,US1005571070,100557107,2113393
OI,O-I Glass Inc.,0.02,3516186,30766627.5,US67098H1041,67098H104,BKLKXD2
CRI,Carter's Inc.,0.02,795756,30708224.04,US1462291097,146229109,2980939
PAY,Paymentus Holdings Inc. Class A,0.02,1305188,30658866.12,US70439P1084,70439P108,BMBP1P9
YELP,Yelp Inc. Class A,0.02,1342235,30602958.0,US9858171054,985817105,B7KCD72
EYE,National Vision Holdings Inc.,0.02,1823523,30544010.25,US63845R1077,63845R107,BYP71H7
LEG,Leggett & Platt Inc.,0.02,2967155,30472681.85,US5246601075,524660107,2510682
RLJ,RLJ Lodging Trust,0.02,3127359,30429203.07,US74965L1017,74965L101,B3PY1N7
ATRC,AtriCure Inc.,0.02,1092120,30218960.4,US04963C2098,04963C209,B0C8KV2
MWH,Solv Energy Inc. Class A,0.02,846626,30080621.78,US78475V1035,78475V103,BWTRBN5
INTA,Intapp Inc.,0.02,1299132,29996957.88,US45827U1097,45827U109,BP7L594
ENOV,Enovis Corp.,0.02,1321262,29966222.16,US1940145022,194014502,BJLTMX5
TNET,TriNet Group Inc.,0.02,652798,29819812.64,US8962881079,896288107,2693914
TWO,Two Harbors Investment Corp.,0.02,2414895,29775655.35,US90187B8046,90187B804,BP9S504
SBH,Sally Beauty Holdings Inc.,0.02,2227981,29587587.68,US79546E1047,79546E104,B1GZ005
TRIP,TripAdvisor Inc.,0.02,2638820,29502007.6,US8969452015,896945201,B6ZC3N6
FA,First Advantage Corp.,0.02,1806332,28901312.0,US31846B1089,31846B108,BNKGY06
ALKT,Alkami Technology Inc.,0.02,1586865,28833337.05,US01644J1088,01644J108,BMHR7L7
ENR,Energizer Holdings Inc.,0.02,1575216,28700435.52,US29272W1099,29272W109,BYZFPN5
PRA,ProAssurance Corp.,0.02,1181171,28336292.29,US74267C1062,74267C106,2612737
FIGR,Figure Technology Solutions Inc. Class A,0.02,798948,28242811.8,US3493811034,349381103,BVLD6Y0
SLDE,Slide Insurance Holdings Inc.,0.02,1566431,28242750.93,US8313491057,831349105,BT18HJ3
UVV,Universal Corp./VA,0.02,543054,28168210.98,US9134561094,913456109,2923804
FDP,Fresh Del Monte Produce Inc.,0.02,873566,28076411.24,KYG367381053,G36738105,2118707
SEB,Seaboard Corp.,0.02,5517,28037007.81,US8115431079,811543107,2786687
JAN,Janus Living Inc.,0.02,1040723,27860154.71,US4710241096,471024109,BV6NBP1
ACT,Enact Holdings Inc.,0.01,663726,27737109.54,US29249E1091,29249E109,BNZFTG9
VOYG,Voyager Technologies Inc. Class A,0.01,558739,27674342.67,US92892B1035,92892B103,BQMJ1G9
INVX,Innovex International Inc.,0.01,1033180,27596237.8,US4576511079,457651107,BSPRSL8
VIR,Vir Biotechnology Inc.,0.01,2891650,27586341.0,US92764N1028,92764N102,BK4PZ38
INSP,Inspire Medical Systems Inc.,0.01,658586,27239116.96,US4577301090,457730109,BDT5KT5
HLF,Herbalife Nutrition Ltd.,0.01,2266415,27106323.4,KYG4412G1010,G4412G101,B0539H3
TNDM,Tandem Diabetes Care Inc.,0.01,1575533,27099167.6,US8753722037,875372203,BF3W461
NSP,Insperity Inc.,0.01,782555,26974670.85,US45778Q1076,45778Q107,2007281
WEN,Wendy's Co.,0.01,3501134,26958731.8,US95058W1009,95058W100,B3NXMJ9
BF.A,Brown-Forman Corp. Class A,0.01,1002735,26803106.55,US1156371007,115637100,2146816
GIII,G-III Apparel Group Ltd.,0.01,825100,26675483.0,US36237H1014,36237H101,2369721
JJSF,J&J Snack Foods Corp.,0.01,349547,26607517.64,US4660321096,466032109,2469171
COUR,Coursera Inc.,0.01,4934270,26595715.3,US22266M1045,22266M104,BNSNZL7
ASTE,Astec Industries Inc.,0.01,526336,26506280.96,US0462241011,046224101,2060370
LNN,Lindsay Corp.,0.01,240006,26230255.74,US5355551061,535555106,2516613
KW,Kennedy-Wilson Holdings Inc.,0.01,2381395,26219158.95,US4893981070,489398107,B298495
REYN,Reynolds Consumer Products Inc.,0.01,1208954,26198033.18,US76171L1061,76171L106,BKV9674
SCL,Stepan Co.,0.01,494733,26146639.05,US8585861003,858586100,2845005
CSR,Centerspace,0.01,385935,26042893.8,US15202L1070,15202L107,BN47P80
FG,F&G Annuities & Life Inc.,0.01,936519,25960306.68,US30190A1043,30190A104,BM9XCN0
TMP,Tompkins Financial Corp.,0.01,298572,25721977.8,US8901101092,890110109,2888613
BCRX,BioCryst Pharmaceuticals Inc.,0.01,2882400,25682184.0,US09058V1035,09058V103,2100362
RCUS,Arcus Biosciences Inc.,0.01,1009359,25577157.06,US03969F1093,03969F109,BDZT9Y9
ADPT,Adaptive Biotechnologies Corp.,0.01,1683053,25498252.95,US00650F1093,00650F109,BJ5FZ74
LADR,Ladder Capital Corp. Class A,0.01,2487024,25417385.28,US5057431042,505743104,BJ367P1
MLKN,Herman Miller Inc.,0.01,1569333,25391807.94,US6005441000,600544100,2594222
CNMD,CONMED Corp.,0.01,709169,25317333.3,US2074101013,207410101,2216010
UPWK,Upwork Inc.,0.01,2856958,25198369.56,US91688F1049,91688F104,BGRFWV4
UAA,Under Armour Inc. Class A,0.01,4289828,25181290.36,US9043111072,904311107,B0PZN11
ACVA,ACV Auctions Inc. Class A,0.01,3811282,25040122.74,US00091G1040,00091G104,BMFPJK6
CIM,Chimera Investment Corp.,0.01,1822158,24817791.96,US16934Q8024,16934Q802,BN13RW9
AAT,American Assets Trust Inc.,0.01,1060218,24703079.4,US0240131047,024013104,B3NTLD4
XE,X-Energy Inc.,0.01,916973,24675743.43,US98386P1021,98386P102,BW0TQY6
SAH,Sonic Automotive Inc. Class A,0.01,297893,24611919.66,US83545G1022,83545G102,2125246
PZZA,Papa John's International Inc.,0.01,717047,24530177.87,US6988131024,698813102,2696117
IART,Integra LifeSciences Holdings Corp.,0.01,1521005,24396920.2,US4579852082,457985208,2248693
SAIL,SailPoint Inc.,0.01,1293672,24359843.76,US78781J1097,78781J109,BRXZ3P6
GPGI,GPGI Inc. Class A,0.01,2000871,24330591.36,US20459V1052,20459V105,BMYS5T7
SAFT,Safety Insurance Group Inc.,0.01,342464,24030698.88,US78648T1007,78648T100,2958538
SHLS,Shoals Technologies Group Inc. Class A,0.01,1922545,23935685.25,US82489W1071,82489W107,BMDJ085
DLX,Deluxe Corp.,0.01,984181,23905756.49,US2480191012,248019101,2260363
STAA,STAAR Surgical Co.,0.01,799755,23904676.95,US8523123052,852312305,2836292
PDM,Piedmont Office Realty Trust Inc. Class A,0.01,2875364,23894274.84,US7201902068,720190206,B3M3278
SGRY,Surgery Partners Inc.,0.01,1785572,23855241.92,US86881A1007,86881A100,BYTC1B2
LZ,Legalzoom.com Inc.,0.01,3780896,23781835.84,US52466B1035,52466B103,B82GC49
AHCO,AdaptHealth Corp.,0.01,2344575,23750544.75,US00653Q1022,00653Q102,BKDRF35
FIGS,Figs Inc. Class A,0.01,1998442,23501677.92,US30260D1037,30260D103,BMXXBD9
ALH,Alliance Laundry Holdings Inc.,0.01,924651,23347437.75,US01862Q1076,01862Q107,BT6BF59
THRM,Gentherm Inc.,0.01,668569,23192658.61,US37253A1034,37253A103,B8JFD24
UPBD,Rent-A-Center Inc./TX,0.01,1204771,23143650.91,US76009N1000,76009N100,2733092
CVI,CVR Energy Inc.,0.01,693923,23052122.06,US12662P1084,12662P108,B23PS12
VYX,NCR Corp.,0.01,3201829,23021150.51,US62886E1082,62886E108,2632650
WMK,Weis Markets Inc.,0.01,313159,22851212.23,US9488491047,948849104,2946845
PRKS,SeaWorld Entertainment Inc.,0.01,565553,22695641.89,US81282V1008,81282V100,B84KWJ4
CRK,Comstock Resources Inc.,0.01,1695021,22594629.93,US2057683029,205768302,BD82PS1
MFA,MFA Financial Inc.,0.01,2348990,22550304.0,US55272X6076,55272X607,BMZM2X1
BRBR,BellRing Brands Inc.,0.01,2696607,22543634.52,US07831C1036,07831C103,BN70ZC0
SMPL,Simply Good Foods Co.,0.01,1914881,22059429.12,US82900L1026,82900L102,BF27XF9
AZTA,Brooks Automation Inc.,0.01,955198,21854930.24,US1143401024,114340102,2145460
BJRI,BJ's Restaurants Inc.,0.01,463365,21801323.25,US09180C1062,09180C106,2200552
SCSC,ScanSource Inc.,0.01,470955,21791087.85,US8060371072,806037107,2767756
LGIH,LGI Homes Inc.,0.01,453615,21687333.15,US50187T1060,50187T106,BG3G1B4
VERX,Vertex Inc. Class A,0.01,1612077,21521227.95,US92538J1060,92538J106,BMX6DM1
SDGR,Schrodinger Inc./United States,0.01,1412700,21473040.0,US80810D1037,80810D103,BKV28S8
VRTS,Virtus Investment Partners Inc.,0.01,147895,21153421.85,US92828Q1094,92828Q109,B3KKGQ8
ARX,Accelerant Holdings Class A,0.01,1321523,21078291.85,KYG008941083,G00894108,BVPDLS5
PMT,PennyMac Mortgage Investment Trust,0.01,2001573,20936453.58,US70931T1034,70931T103,B3V8JL7
CFFN,Capitol Federal Financial Inc.,0.01,2692090,20917539.3,US14057J1016,14057J101,B3KWJV0
ADMA,ADMA Biologics Inc.,0.01,2605783,20794148.34,US0008991046,000899104,B9NSBM2
TFSL,TFS Financial Corp.,0.01,1293587,20580969.17,US87240R1077,87240R107,B1W8J67
PCRX,Pacira BioSciences Inc.,0.01,885751,20567138.22,US6951271005,695127100,B3X26D8
EFOR,ASGN Inc.,0.01,902002,20457405.36,US00191U1025,00191U102,BFY8W20
EIG,Employers Holdings Inc.,0.01,468759,20391016.5,US2922181043,292218104,B1Q1RR9
ABR,Arbor Realty Trust Inc.,0.01,3545533,20386814.75,US0389231087,038923108,B00N2S0
QDEL,QuidelOrtho Corp.,0.01,1564761,20373188.22,US2197981051,219798105,BM9VY27
BV,BrightView Holdings Inc.,0.01,1627587,20116975.32,US10948C1071,10948C107,BG0ZML1
FIZZ,National Beverage Corp.,0.01,539278,19947893.22,US6350171061,635017106,2638625
LCID,Lucid Group Inc.,0.01,3025779,19818852.45,US5494982029,549498202,BVY4KF9
APPN,Appian Corp. Class A,0.01,838607,19623403.8,US03782L1017,03782L101,BYPBTB9
KLRA,Kailera Therapeutics Inc.,0.01,853185,19572063.9,US4829311020,482931102,BVH8P19
CCOI,Cogent Communications Holdings Inc.,0.01,1094434,19437147.84,US19239V3024,19239V302,B06RWD1
EPC,Edgewell Personal Care Co.,0.01,1075508,18842900.16,US28035Q1022,28035Q102,BX8ZSB4
TILE,Interface Inc. Class A,0.01,635160,18800736.0,US4586653044,458665304,B86V808
AD,United States Cellular Corp.,0.01,369345,18784886.7,US9116841084,911684108,2918996
TFIN,Triumph Financial Inc.,0.01,261165,18608006.25,US89679E3009,89679E300,BS7T2S7
SAFE,Safehold Inc.,0.01,1240275,18566916.75,US78646V1070,78646V107,BMDBB99
RVLV,Revolve Group Inc.,0.01,946756,18556417.6,US76156B1070,76156B107,BJ1FD74
GSHD,Goosehead Insurance Inc. Class A,0.01,538675,18525033.25,US38267D1090,38267D109,BZ2YT30
IOVA,Iovance Biotherapeutics Inc.,0.01,4510934,18494829.4,US4622601007,462260100,BF0DMK7
DRVN,Driven Brands Holdings Inc.,0.01,1330708,18416998.72,US26210V1026,26210V102,BL0P090
NP,Neptune Insurance Holdings Inc. Class A,0.01,649614,18234664.98,US64073B1035,64073B103,BRWFZV7
EE,Excelerate Energy Inc. Class A,0.01,552984,18215292.96,US30069T1016,30069T101,BN2QTD2
GO,Grocery Outlet Holding Corp.,0.01,2139450,18206719.5,US39874R1014,39874R101,BK1KWF7
RUM,Rumble Inc.,0.01,1977505,18173270.95,US78137L1052,78137L105,BMGCGK5
APOG,Apogee Enterprises Inc.,0.01,471636,18115538.76,US0375981091,037598109,2046176
MATW,Matthews International Corp. Class A,0.01,681940,18098687.6,US5771281012,577128101,2568090
JBGS,JBG SMITH Properties,0.01,1222732,17937478.44,US46590V1008,46590V100,BD3BX01
ESRT,Empire State Realty Trust Inc.,0.01,3122094,17889598.62,US2921041065,292104106,BF321D7
UWMC,UWM Holdings Corp.,0.01,5770219,17656870.14,US91823B1098,91823B109,BMDJ3B9
GTM,ZoomInfo Technologies Inc. Class A,0.01,5263423,17527198.59,US98980F1049,98980F104,BMWF095
GLIBK,Liberty Capital Corp.,0.01,782090,17495353.3,US36164V8000,36164V800,BRJW0G1
FLOC,Flowco Holdings Inc. Class A,0.01,746978,17471815.42,US3429091081,342909108,BSHT908
COTY,Coty Inc. Class A,0.01,8112763,17280185.19,US2220702037,222070203,BBBSMJ2
NAVN,Navan Inc. Class A,0.01,800741,17111835.17,US6391931010,639193101,BT04MG4
NIQ,NIQ Global Intelligence plc,0.01,2036147,16981465.98,IE000JMT8VI3,G63755105,BTMJ438
AMPL,Amplitude Inc. Class A,0.01,2163233,16916482.06,US03213A1043,03213A104,BMV1Z44
VSTS,Vestis Corp.,0.01,1297427,16762756.84,US29430C1027,29430C102,BP5JNQ3
VG,Venture Global Inc. Class A,0.01,1380395,16619955.8,US92333F1012,92333F101,BSZBFJ7
FTRE,Fortrea Holdings Inc.,0.01,1068549,16444969.11,US34965K1079,34965K107,BRXYZ57
TRUP,Trupanion Inc.,0.01,750328,16372156.96,US8982021060,898202106,BP3YM85
JBI,Janus International Group Inc.,0.01,3043512,16252354.08,US47103N1063,47103N106,BKPG0T1
CERT,Certara Inc.,0.01,2751522,16013858.04,US15687V1098,15687V109,BM9GT61
HTZ,Hertz Global Holdings Inc.,0.01,2861288,15450955.2,US42806J7000,42806J700,BNM5672
EQPT,EquipmentShare.com Inc. Class A,0.01,739213,15405198.92,US29445S1006,29445S100,BVMZK21
ASAN,Asana Inc.,0.01,1991517,15334680.9,US04342Y1047,04342Y104,BLFDQC4
UA,Under Armour Inc. Class C,0.01,2663321,15260829.33,US9043112062,904311206,BDF9YM2
RES,RPC Inc.,0.01,2290637,15164016.94,US7496601060,749660106,2719456
HLX,Helix Energy Solutions Group Inc.,0.01,1614903,15099343.05,US42330P1075,42330P107,2037062
AVEX,Aevex Corp. Class A,0.01,390586,15025843.42,US00835T1079,00835T107,BVPKF40
LOB,Live Oak Bancshares Inc.,0.01,394071,14986520.13,US53803X1054,53803X105,BYN5Z59
TR,Tootsie Roll Industries Inc.,0.01,397272,14981127.12,US8905161076,890516107,2896809
CXM,Sprinklr Inc. Class A,0.01,2682816,14970113.28,US85208T1079,85208T107,BNKCPP6
VRRM,Verra Mobility Corp. Class A,0.01,3307269,14915783.19,US92511U1025,92511U102,BFXX5X8
MMI,Marcus & Millichap Inc.,0.01,525411,14837606.64,US5663241090,566324109,BFWGXV2
YSS,York Space Systems Inc.,0.01,438491,14312346.24,US9870841007,987084100,BV4MN09
GCMG,GCM Grosvenor Inc. Class A,0.01,1335145,14192591.35,US36831E1082,36831E108,BNDQ9Y2
BETA,Beta Technologies Inc.,0.01,747491,13708984.94,US0869211039,086921103,BT3CTW0
NTSK,Netskope Inc. Class A,0.01,1094470,13286865.8,US64119N6085,64119N608,BQT3J26
ROCK,Gibraltar Industries Inc.,0.01,341868,13213198.2,US3746891072,374689107,2369226
FOR,Forestar Group Inc.,0.01,470679,12929552.13,US3462321015,346232101,BF16ZX9
AMRC,Ameresco Inc. Class A,0.01,358225,12888935.5,US02361E1082,02361E108,B3SWPT2
LBRDA,Liberty Broadband Corp. Class A,0.01,380026,12837278.28,US5303071071,530307107,BRTLBY3
SBGI,Sinclair Inc.,0.01,903385,12493814.55,US8292421067,829242106,BRJX4J5
NAVI,Navient Corp.,0.01,1414787,12110576.72,US63938C1080,63938C108,BLP5GX1
UTZ,Utz Brands Inc.,0.01,1636225,11977167.0,US9180901012,918090101,BL989M6
CLBK,Columbia Financial Inc.,0.01,594128,11959796.64,US1976411033,197641103,BFMB9P3
RPC,Ridgepost Capital Inc. Class A,0.01,1429960,11840068.8,US69376K1060,69376K106,BLB56T1
RUSHB,Rush Enterprises Inc. Class B,0.01,182338,11833736.2,US7818463082,781846308,2966865
UHAL,AMERCO,0.01,200873,11628537.97,US0235861004,023586100,2028174
VTS,Vitesse Energy Inc.,0.01,671137,11597247.36,US92852X1037,92852X103,BMBX3P7
ALX,Alexander's Inc.,0.01,46741,11503427.51,US0147521092,014752109,2014021
ULCC,Frontier Group Holdings Inc.,0.01,1842640,11147972.0,US35909R1086,35909R108,BFMKYK0
AGNT,eXp World Holdings Inc.,0.01,2237714,11009552.88,US30212W1009,30212W100,BDH2902
SG,Sweetgreen Inc. Class A,0.01,1095218,10908371.28,US87043Q1085,87043Q108,BMQ89L5
BFS,Saul Centers Inc.,0.01,306866,10635975.56,US8043951016,804395101,2777777
HGTY,Hagerty Inc. Class A,0.01,1039530,10623996.6,US4051661092,405166109,BP2RPZ3
HAWK,Hawkeye 360 Inc.,0.01,320939,10594196.39,US4202011056,420201105,BX566N8
AMC,AMC Entertainment Holdings Inc. Class A,0.01,6052069,10470079.37,US00165C3025,00165C302,BN4G703
OPK,OPKO Health Inc.,0.01,6954792,10153996.32,US68375N1037,68375N103,2115902
XNCR,Xencor Inc.,0.01,842141,10004635.08,US98401F1057,98401F105,BGCYWN8
CWH,Camping World Holdings Inc. Class A,0.01,1360768,9974429.44,US13462K1097,13462K109,BDCBXH9
PD,PagerDuty Inc.,0.01,996436,9914538.2,US69553P1003,69553P100,BJ7JPH4
PTRN,Pattern Group Inc. Class A,0.01,526110,9885606.9,US70339W1045,70339W104,BMYH4Y2
NX,Quanex Building Products Corp.,0.01,525458,9778773.38,US7476191041,747619104,B2QXCJ9
DFH,Dream Finders Homes Inc. Class A,0.01,622590,9625241.4,US26154D1000,26154D100,BMFZ3F9
GEF.B,Greif Inc. Class B,0.01,116947,9390844.1,US3976242061,397624206,2394080
BLLN,Billiontoone Inc.,0.0,91757,9083025.43,US0901681058,090168105,BMDJC90
FOXF,Fox Factory Holding Corp.,0.0,477798,8619475.92,US35138V1026,35138V102,BCRY5K3
BRSP,BrightSpire Capital Inc. Class A,0.0,1469915,8481409.55,US10949T1097,10949T109,BN7VBP8
FBRT,Franklin BSP Realty Trust Inc.,0.0,925340,8022697.8,US35243J1016,35243J101,BN14T59
ARHS,Arhaus Inc. Class A,0.0,1175672,7959299.44,US04035M1027,04035M102,BNV08M7
SVV,Savers Value Village Inc.,0.0,887995,7947555.25,US80517M1099,80517M109,BQLSDL6
MH,McGraw Hill Inc.,0.0,655042,7886705.68,US5809071039,580907103,BTMJ5B3
CNNE,Cannae Holdings Inc.,0.0,479679,7113639.57,US13765N1072,13765N107,BFMQPR2
AIV,Apartment Investment and Management Co.,0.0,1564252,6569858.4,US03748R7474,03748R747,BN2W9T6
EVGO,EVgo Inc. Class A,0.0,2943276,6534072.72,US30052F1003,30052F100,BP2Q7L0
CENT,Central Garden & Pet Co. Class A,0.0,165971,6386564.08,US1535271068,153527106,2183868
NABL,N-able Inc./US,0.0,1724347,6380083.9,US62878D1000,62878D100,BMBR683
BOBS,Bob's Discount Furniture Inc.,0.0,446866,6077377.6,US09681N1063,09681N106,BV9C5G4
RPD,Rapid7 Inc.,0.0,715527,5996116.26,US7534221046,753422104,BZ22CY6
OLPX,Olaplex Holdings Inc.,0.0,2328265,4749660.6,US6793691089,679369108,BNKJ933
WRLD,World Acceptance Corp.,0.0,28230,4660490.7,US9814191048,981419104,2981181
ALIT,Alight Inc. Class A,0.0,4791832,4515343.29,US01626W1018,01626W101,BNG7BZ7
CRCT,Cricut Inc.,0.0,973694,4040830.1,US22658D1000,22658D100,BMXDS27
VIA,Via Transportation Inc. Class A,0.0,259600,3953708.0,US92556W1045,92556W104,BVZNXR8
YEXT,Yext Inc.,0.0,912291,3813376.38,US98585N1063,98585N106,BD8ZJW2
GDRX,GoodRx Holdings Inc. Class A,0.0,1117069,3261841.48,US38246G1085,38246G108,BMTVQT8
NRDS,NerdWallet Inc. Class A,0.0,360986,3104479.6,US64082B1026,64082B102,BMTW8S4
FWRD,Forward Air Corp.,0.0,286279,3028831.82,US34986A1043,34986A104,BTJZB05
WOOF,Petco Health & Wellness Co. Inc. Class A,0.0,973717,2930888.17,US71601V1052,71601V105,BNRQM83
TASK,TaskUS Inc. Class A,0.0,404425,2560010.25,US87652V1098,87652V109,BN44TB2
LUCK,Lucky Strike Entertainment Corp.,0.0,271450,2223175.5,US10258P1021,10258P102,BPG5F19
RNA,Atrium Therapeutics Inc.,0.0,168392,2189096.0,US04965N1046,04965N104,BVPN4Z3
ELME,Washington REIT,0.0,1008103,2066611.15,US9396531017,939653101,2942304
OPTU,Altice USA Inc. Class A,0.0,2956069,1945684.62,US02156K1034,02156K103,BDRY7P9
AAOI,Applied Optoelectronics Inc.,0.0,11440,1812210.4,US03823U1025,03823U102,BDW0D09
GLIBA,Liberty Capital Corp.,0.0,73440,1638446.4,US36164V6020,36164V602,BRJW0F0
GMRS,GMR Solutions Inc.,0.0,85563,1069537.5,US38013D1063,38013D106,BX73DV4
KGS,Kodiak Gas Services Inc.,0.0,13301,889171.85,US50012A1088,50012A108,BQLSDK5
GEMI,Gemini Space Station Inc. Class A,0.0,167660,883568.2,US36866J1051,36866J105,BT6CC06
CELC,Celcuity Inc.,0.0,6546,869832.48,US15102K1007,15102K100,BDH6M05
SYRE,Spyre Therapeutics Inc.,0.0,11589,851791.5,US00773J2024,00773J202,BQBBDY8
SRRK,Scholar Rock Holding Corp.,0.0,16141,795751.3,US80706P1030,80706P103,BFZQ0L8
APGE,Apogee Therapeutics Inc.,0.0,8830,725296.2,US03770N1019,03770N101,BM9HHL5
,PIVOTAL SOFTWARE INC - TempLine,0.0,2049947,20.5,US725ESC0166,725ESC016,99X9580
