ticker,name,weight,shares_held,market_value,isin,cusip,sedol
MRVL,Marvell Technology Inc.,2.11,9860620,2021427100.0,US5738741041,573874104,BNKJSM5
SNOW,Snowflake Inc.,1.03,3870383,989076375.65,US8334451098,833445109,BN134B7
NET,Cloudflare Inc. Class A,0.9,3588924,867873601.68,US18915M1071,18915M107,BJXC5M2
BE,Bloom Energy Corp. Class A,0.87,2919183,831967155.0,US0937121079,093712107,BDD1BB8
RKLB,Rocket Lab Corp.,0.8,5316382,762794489.36,US7731211089,773121108,BT6C8Z3
FLEX,Flex Ltd.,0.65,4158149,626965706.22,SG9999000020,Y2573F102,2353058
MSTR,MicroStrategy Inc. Class A,0.59,3545076,563986140.84,US5949724083,594972408,2974329
LNG,Cheniere Energy Inc.,0.57,2433953,547298671.58,US16411R2085,16411R208,2654364
ALAB,Astera Labs Inc.,0.54,1501617,514829388.45,US04626A1034,04626A103,BMTQ7V2
FERG,Ferguson Enterprises Inc./DE,0.52,2211230,499671643.1,US31488V1070,31488V107,BS6VHW3
ALNY,Alnylam Pharmaceuticals Inc.,0.47,1499836,452920475.28,US02043Q1076,02043Q107,B00FWN1
CRDO,Credo Technology Group Holding Ltd.,0.44,1797787,424331665.61,KYG254571055,G25457105,BLD13F2
RBLX,ROBLOX Corp.,0.37,7483339,352839433.85,US7710491033,771049103,BMWBC20
RVMD,Revolution Medicines Inc.,0.36,2219073,349459616.04,US76155X1000,76155X100,BL71K91
NTRA,Natera Inc.,0.36,1564326,349423498.62,US6323071042,632307104,BYQRG48
TWLO,Twilio Inc. Class A,0.34,1714772,326904134.08,US90138F1021,90138F102,BD6P5Q0
ASTS,AST SpaceMobile Inc. Class A,0.33,2818155,319606958.55,US00217D1000,00217D100,BNLZ3X8
AMRZ,Amrize Ltd.,0.33,5817317,316403871.63,CH1430134226,,BV5F675
FTI,TechnipFMC plc,0.33,4572710,312864818.2,GB00BDSFG982,G87110105,BDSFG98
CW,Curtiss-Wright Corp.,0.32,416899,311677861.39,US2315611010,231561101,2241205
MDB,MongoDB Inc.,0.32,920567,308896256.85,US60937P1066,60937P106,BF2FJ99
ZM,Zoom Video Communications Inc. Class A,0.32,3003134,305088383.06,US98980L1017,98980L101,BGSP7M9
NVT,nVent Electric plc,0.32,1825326,304811188.74,IE00BDVJJQ56,G6700G107,BDVJJQ5
FTAI,FTAI Aviation Ltd.,0.31,1160087,302017049.58,KYG3730V1059,G3730V105,BLKFTK4
CRWV,CoreWeave Inc. Class A,0.31,2731539,299185466.67,US21873S1087,21873S108,BTTRKN7
STRL,Sterling Construction Co. Inc.,0.31,347415,299068728.6,US8592411016,859241101,2632876
IONQ,IonQ Inc.,0.3,4007054,288788381.78,US46222L1089,46222L108,BP484B3
XPO,XPO Logistics Inc.,0.3,1324852,283849541.0,US9837931008,983793100,B6Z1355
P,Pure Storage Inc. Class A,0.29,3547578,282067926.78,US74624M1027,74624M102,BYZ62T3
ILMN,Illumina Inc.,0.29,1730058,281930251.68,US4523271090,452327109,2613990
UTHR,United Therapeutics Corp.,0.28,486850,271087817.0,US91307C1027,91307C102,2430412
ATI,Allegheny Technologies Inc.,0.28,1536444,269123531.04,US01741R1023,01741R102,2526117
MTSI,MACOM Technology Solutions Holdings Inc.,0.28,729535,266017642.4,US55405Y1001,55405Y100,B5B15Y5
FN,Fabrinet,0.28,405187,265057127.92,KYG3323L1005,G3323L100,B4JSZL8
CRS,Carpenter Technology Corp.,0.28,563342,264196131.16,US1442851036,144285103,2177504
NXT,Nextpower Inc. Class A,0.27,1679309,262643927.6,US65290E1010,65290E101,BR1GTS6
MTZ,MasTec Inc.,0.27,693446,262379163.02,US5763231090,576323109,2155306
SOFI,SoFi Technologies Inc.,0.27,14369425,261810923.5,US83406F1021,83406F102,BM8J4C2
MKL,Markel Corp.,0.27,142586,258877715.74,US5705351048,570535104,2566436
INSM,Insmed Inc.,0.27,2412173,257885415.43,US4576693075,457669307,2614487
RDDT,Reddit Inc. Class A,0.27,1453092,255744192.0,US75734B1008,75734B100,BMVNLY2
CPNG,Coupang Inc.,0.26,15287642,253774857.2,US22266T1097,22266T109,BNYHDF3
LPLA,LPL Financial Holdings Inc.,0.26,905466,247889426.82,US50212V1008,50212V100,B75JX34
MKSI,MKS Instruments Inc.,0.26,759437,246255041.62,US55306N1046,55306N104,2404871
AFRM,Affirm Holdings Inc.,0.25,3307483,243596122.95,US00827B1061,00827B106,BMF9NM8
ENTG,Entegris Inc.,0.25,1718939,238571543.81,US29362U1043,29362U104,2599700
RPRX,Royalty Pharma plc Class A,0.25,4262532,237678784.32,GB00BMVP7Y09,G7709Q104,BMVP7Y0
OKTA,Okta Inc.,0.25,1916933,236300330.91,US6792951054,679295105,BDFZSP1
WWD,Woodward Inc.,0.25,674163,235977274.89,US9807451037,980745103,2948089
FWONK,Liberty Media Corp-Liberty Formula One,0.24,2523041,229066892.39,US5312297550,531229755,BPLYVN5
BURL,Burlington Stores Inc.,0.24,703249,227733123.67,US1220171060,122017106,BF311Y5
LSCC,Lattice Semiconductor Corp.,0.24,1546889,227516434.12,US5184151042,518415104,2506658
AA,Alcoa Corp.,0.24,2928654,227380696.56,US0138721065,013872106,BYNF418
CDE,Coeur Mining Inc.,0.24,11703457,226110789.24,US1921085049,192108504,2208136
RS,Reliance Steel & Aluminum Co.,0.23,591302,225150062.54,US7595091023,759509102,2729068
RBA,RB Global Inc.,0.23,2100078,223343295.3,CA74935Q1072,74935Q107,BMWGSD8
SNX,SYNNEX Corp.,0.23,847809,221515535.52,US87162W1009,87162W100,2002554
FCNCA,First Citizens BancShares Inc./NC Class A,0.23,109920,218796859.2,US31946M1036,31946M103,2355582
HEI.A,HEICO Corp. Class A,0.23,836178,217247406.18,US4228062083,422806208,2237561
TEAM,Atlassian Corp. Class A,0.22,1918426,206441821.86,US0494681010,049468101,BQ1PC76
RGLD,Royal Gold Inc.,0.21,916365,205705615.2,US7802871084,780287108,2755706
RBC,RBC Bearings Inc.,0.21,357538,204497434.48,US75524B1044,75524B104,B0GLYB5
USFD,US Foods Holding Corp.,0.21,2493667,204106643.95,US9120081099,912008109,BYVFC94
TTMI,TTM Technologies Inc.,0.21,1168645,203017009.4,US87305R1095,87305R109,2635659
BWXT,BWX Technologies Inc.,0.21,1034014,202542662.32,US05605H1005,05605H100,BZ0W624
TLN,Talen Energy Corp.,0.21,516807,199900947.6,US87422Q1094,87422Q109,BRRF114
WCC,WESCO International Inc.,0.21,550124,198688285.08,US95082P1057,95082P105,2416973
ROKU,Roku Inc.,0.2,1479509,192602481.62,US77543R1023,77543R102,BZ1LFG7
FLUT,Flutter Entertainment plc,0.2,1982408,192253927.84,IE00BWT6H894,G3643J108,BWZMZF4
EWBC,East West Bancorp Inc.,0.2,1555142,190567100.68,US27579R1041,27579R104,2487407
ITT,ITT Inc.,0.2,972415,189620925.0,US45073V1089,45073V108,BZBY209
GH,Guardant Health Inc.,0.2,1457200,188984268.0,US40131M1099,40131M109,BFXC911
WPC,WP Carey Inc.,0.19,2476832,184325837.44,US92936U1097,92936U109,B826YT8
NBIX,Neurocrine Biosciences Inc.,0.19,1134904,179655303.2,US64125C1099,64125C109,2623911
APG,API Group Corp.,0.19,4339574,177922534.0,US00187Y1001,00187Y100,BMBPH06
SITM,SiTime Corp.,0.18,249861,177451282.2,US82982T1060,82982T106,BKS48R6
NLY,Annaly Capital Management Inc.,0.18,8118700,177393595.0,US0357108390,035710839,BPMQ7X2
RMBS,Rambus Inc.,0.18,1217512,177099295.52,US7509171069,750917106,2721967
OVV,Ovintiv Inc.,0.18,3139645,175945705.8,US69047Q1022,69047Q102,BJ01KB6
PFGC,Performance Food Group Co.,0.18,1776595,174443863.05,US71377A1034,71377A103,BYVYD43
THC,Tenet Healthcare Corp.,0.18,993824,174237223.68,US88033G4073,88033G407,B8DMK08
DY,Dycom Industries Inc.,0.18,338924,172851240.0,US2674751019,267475101,2289841
DKS,Dick's Sporting Goods Inc.,0.18,750843,170869341.51,US2533931026,253393102,2969637
HEI,HEICO Corp.,0.18,484615,168733250.7,US4228061093,422806109,2419217
BWA,BorgWarner Inc.,0.18,2341321,168153674.22,US0997241064,099724106,2111955
SGI,Tempur Sealy International Inc.,0.18,2374163,168114482.03,US88023U1016,88023U101,2216991
MDLN,Medline Inc. Class A,0.17,4553303,166468757.68,US58507V1070,58507V107,BNBV4B1
PNFP,Pinnacle Financial Partners Inc.,0.17,1702624,166414469.76,US72348N1090,72348N109,BV6GRD0
MOD,Modine Manufacturing Co.,0.17,596367,166332719.97,US6078281002,607828100,2598354
SUI,Sun Communities Inc.,0.17,1314182,162511746.12,US8666741041,866674104,2860257
JAZZ,Jazz Pharmaceuticals plc,0.17,687039,162477853.11,IE00B4Q5ZN47,G50871105,B4Q5ZN4
PL,Planet Labs PBC,0.17,3161091,161658193.74,US72703X1063,72703X106,BM8JV32
MLI,Mueller Industries Inc.,0.17,1255164,161414090.4,US6247561029,624756102,2609717
ZS,Zscaler Inc.,0.17,1154304,161290897.92,US98980G1022,98980G102,BZ00V34
PR,Permian Resources Corp. Class A,0.17,8370766,160969830.18,US71424F1057,71424F105,BQPCHB2
DTM,DT Midstream Inc.,0.17,1149721,160937945.58,US23345M1071,23345M107,BN7L880
LECO,Lincoln Electric Holdings Inc.,0.17,622197,160831702.53,US5339001068,533900106,2516851
SANM,Sanmina Corp.,0.17,617595,160407949.35,US8010561020,801056102,B92RRW2
SSNC,SS&C Technologies Holdings Inc.,0.17,2372874,160216452.48,US78467J1007,78467J100,B58YSC6
SMTC,Semtech Corp.,0.17,1046555,159641499.7,US8168501018,816850101,2795542
CLH,Clean Harbors Inc.,0.17,567904,159598061.12,US1844961078,184496107,2202473
NTNX,Nutanix Inc.,0.17,3058093,159234902.51,US67059N1081,67059N108,BYQBFT8
CSL,Carlisle Cos. Inc.,0.17,461241,159040509.21,US1423391002,142339100,2176318
RKT,Rocket Cos. Inc. Class A,0.17,10937891,158708798.41,US77311W1018,77311W101,BMD6Y84
ARMK,Aramark,0.17,2972326,158662761.88,US03852U1060,03852U106,BH3XG17
OHI,Omega Healthcare Investors Inc.,0.16,3341659,156255974.84,US6819361006,681936100,2043274
TRU,TransUnion,0.16,2176373,155741251.88,US89400J1079,89400J107,BYMWL86
RPM,RPM International Inc.,0.16,1448348,153481437.56,US7496851038,749685103,2756174
ROIV,Roivant Sciences Ltd.,0.16,5098838,152914151.62,BMG762791017,G76279101,BMW4NZ9
RRX,Regal Beloit Corp.,0.16,750956,151512882.56,US7587501039,758750103,2730082
SOLS,Solstice Advanced Materials Inc.,0.16,1795421,151228310.83,US83443Q1031,83443Q103,BW2K5V7
JLL,Jones Lang LaSalle Inc.,0.16,533618,150645697.58,US48020Q1076,48020Q107,2040640
RIVN,Rivian Automotive Inc. Class A,0.16,9236817,150560117.1,US76954A1034,76954A103,BL98841
GLPI,Gaming and Leisure Properties Inc.,0.16,3198535,150235188.95,US36467J1088,36467J108,BFPK4S5
LAMR,Lamar Advertising Co. Class A,0.16,982102,149731270.92,US5128161099,512816109,BSPHGN6
RGA,Reinsurance Group of America Inc. Class A,0.16,742838,149117300.12,US7593516047,759351604,2731193
EVR,Evercore Inc. Class A,0.16,437320,149064895.2,US29977A1051,29977A105,B1BHXZ2
TOL,Toll Brothers Inc.,0.15,1071014,148378279.56,US8894781033,889478103,2896092
EXEL,Exelixis Inc.,0.15,2936783,148248805.84,US30161Q1040,30161Q104,2576941
GWRE,Guidewire Software Inc.,0.15,961676,146819074.92,US40171V1008,40171V100,B7JYSG3
ONTO,Onto Innovation Inc.,0.15,561458,144990913.92,US6833441057,683344105,BKZ7N95
WSO,Watsco Inc.,0.15,394962,144990550.2,US9426222009,942622200,2943039
DT,Dynatrace Inc.,0.15,3373018,143656836.62,US2681501092,268150109,BJV2RD9
UNM,Unum Group,0.15,1723560,143451898.8,US91529Y1064,91529Y106,2433842
SAIA,Saia Inc.,0.15,301359,142352950.83,US78709Y1055,78709Y105,2982399
FIVE,Five Below Inc.,0.15,623728,141810798.08,US33829M1018,33829M101,B85KFY9
IOT,Samsara Inc. Class A,0.15,4051647,141767128.53,US79589L1061,79589L106,BPK3058
GGG,Graco Inc.,0.15,1874183,141407107.35,US3841091040,384109104,2380443
PEN,Penumbra Inc.,0.15,443528,141174962.4,US70975L1070,70975L107,BZ0V201
DOCN,DigitalOcean Holdings Inc.,0.15,898764,140162245.8,US25402D1028,25402D102,BNC23Q1
TOST,Toast Inc. Class A,0.15,5383727,140138413.81,US8887871080,888787108,BP6D7B7
IONS,Ionis Pharmaceuticals Inc.,0.15,1831511,140110591.5,US4622221004,462222100,BDJ0LS6
KNX,Knight-Swift Transportation Holdings Inc.,0.14,1835955,138853276.65,US4990491049,499049104,BF0LKD0
RNR,RenaissanceRe Holdings Ltd.,0.14,491532,137800996.2,BMG7496G1033,G7496G103,2728429
NYT,New York Times Co. Class A,0.14,1827528,137448380.88,US6501111073,650111107,2632003
DKNG,DraftKings Inc.,0.14,5599666,137135820.34,US26142V1052,26142V105,BLDDH12
FNF,Fidelity National Financial Inc.,0.14,2884477,136579985.95,US31620R3030,31620R303,BNBRDD4
ALLY,Ally Financial Inc.,0.14,3173192,135844349.52,US02005N1000,02005N100,B72XK05
HUT,Hut 8 Corp.,0.14,1087474,135749379.42,US44812J1043,44812J104,BQQ8816
ELS,Equity LifeStyle Properties Inc.,0.14,2191183,135349373.91,US29472R1086,29472R108,2563125
TXRH,Texas Roadhouse Inc. Class A,0.14,748077,135117667.74,US8826811098,882681109,B033TJ7
RBRK,Rubrik Inc. Class A,0.14,1718327,135112052.01,US7811541090,781154109,BSLQK57
HL,Hecla Mining Co.,0.14,7578818,134675595.86,US4227041062,422704106,2418601
ELAN,Elanco Animal Health Inc.,0.14,5619389,134022427.65,US28414H1032,28414H103,BF5L3T2
KTOS,Kratos Defense & Security Solutions Inc.,0.14,2088304,133922935.52,US50077B2079,50077B207,2512149
CG,Carlyle Group Inc.,0.14,2934914,133333143.02,US14316J1088,14316J108,BKRTG56
APLD,Applied Digital Corp.,0.14,2814349,133062420.72,US0381692070,038169207,BMCNFN8
PINS,Pinterest Inc. Class A,0.14,6622399,132779099.95,US72352L1061,72352L106,BJ2Z0H2
FHN,First Horizon National Corp.,0.14,5478859,132752753.57,US3205171057,320517105,2341484
EQH,Equitable Holdings Inc.,0.14,3204933,132523979.55,US29452E1010,29452E101,BKRMR96
WBS,Webster Financial Corp.,0.14,1820072,132355635.84,US9478901096,947890109,2945143
BLD,TopBuild Corp.,0.14,315664,131783406.72,US89055F1030,89055F103,BZ0P3W2
HUBS,HubSpot Inc.,0.14,596530,131612413.9,US4435731009,443573100,BR4T3B3
LFUS,Littelfuse Inc.,0.14,281603,131471992.61,US5370081045,537008104,2531832
TW,Tradeweb Markets Inc. Class A,0.14,1307981,131125095.25,US8926721064,892672106,BJXMVK2
AGNC,AGNC Investment Corp.,0.14,12520134,130334594.94,US00123Q1040,00123Q104,BYYHJL8
AEIS,Advanced Energy Industries Inc.,0.13,426813,128974352.34,US0079731008,007973100,2049175
CACI,CACI International Inc. Class A,0.13,249824,128287122.24,US1271903049,127190304,2159267
AIT,Applied Industrial Technologies Inc.,0.13,421828,128155564.68,US03820C1053,03820C105,2086309
BBIO,Bridgebio Pharma Inc.,0.13,1918079,127091914.54,US10806X1028,10806X102,BK1KWG8
VIAV,Viavi Solutions Inc.,0.13,2616394,127052092.64,US9255501051,925550105,BYXB201
BJ,BJ's Wholesale Club Holdings Inc.,0.13,1479962,126211159.36,US05550J1016,05550J101,BFZNZF8
QBTS,D-Wave Quantum Inc.,0.13,4183113,126079025.82,US26740W1099,26740W109,BMCCXH5
BMRN,BioMarin Pharmaceutical Inc.,0.13,2172457,124460061.53,US09061G1013,09061G101,2437071
ARW,Arrow Electronics Inc.,0.13,577675,123986385.25,US0427351004,042735100,2051404
VSAT,ViaSat Inc.,0.13,1536244,123851991.28,US92552V1008,92552V100,2946243
DINO,HF Sinclair Corp,0.13,1768097,123572299.33,US4039491000,403949100,BMZQ9C1
CGNX,Cognex Corp.,0.13,1874155,123413106.75,US1924221039,192422103,2208288
ARWR,Arrowhead Pharmaceuticals Inc.,0.13,1583639,123381314.49,US04280A1007,04280A100,BYQBFJ8
SPXC,SPX Technologies Inc.,0.13,563737,122139258.42,US78473E1038,78473E103,BQ1L7V3
EGP,EastGroup Properties Inc.,0.13,601842,121517918.22,US2772761019,277276101,2455761
SF,Stifel Financial Corp.,0.13,1724097,120945404.55,US8606301021,860630102,2849234
CCK,Crown Holdings Inc.,0.13,1267383,120502775.64,US2283681060,228368106,2427986
EHC,Encompass Health Corp.,0.13,1137699,120425439.15,US29261A1007,29261A100,BYX2YJ7
U,Unity Software Inc.,0.12,3917909,119378687.23,US91332U1016,91332U101,BLFDXH8
DOCU,DocuSign Inc. Class A,0.12,2265089,118962474.28,US2561631068,256163106,BFYT7B7
AR,Antero Resources Corp.,0.12,3315329,118523011.75,US03674X1063,03674X106,BFD2WR8
SCI,Service Corp. International/US,0.12,1574235,118366729.65,US8175651046,817565104,2797560
AMH,American Homes 4 Rent Class A,0.12,3687125,118282970.0,US02665T3068,02665T306,BCF5RR9
WTRG,Essential Utilities Inc.,0.12,3197198,117944634.22,US29670G1022,29670G102,BLCF3J9
LUMN,Lumen Technologies Inc.,0.12,10673148,117297896.52,US5502411037,550241103,BMDH249
OC,Owens Corning,0.12,929430,116940882.6,US6907421019,690742101,B1FW7Q2
VMI,Valmont Industries Inc.,0.12,222784,115805351.04,US9202531011,920253101,2926825
MOG.A,Moog Inc. Class A,0.12,321502,115731074.94,US6153942023,615394202,2601218
AAOI,Applied Optoelectronics Inc.,0.12,725920,114992987.2,US03823U1025,03823U102,BDW0D09
CYTK,Cytokinetics Inc.,0.12,1494662,114730255.12,US23282W6057,23282W605,BBBSBJ5
WTFC,Wintrust Financial Corp.,0.12,757222,113757461.06,US97650W1080,97650W108,2425258
MEDP,Medpace Holdings Inc.,0.12,253550,113364740.5,US58506Q1094,58506Q109,BDCBC61
WMS,Advanced Drainage Systems Inc.,0.12,810316,112763574.56,US00790R1041,00790R104,BP7RS59
AXSM,Axsome Therapeutics Inc.,0.12,479046,112326706.08,US05464T1043,05464T104,BYZR4X4
R,Ryder System Inc.,0.12,445927,111860787.95,US7835491082,783549108,2760669
COKE,Coca-Cola Consolidated Inc.,0.12,639627,110821774.02,US1910981026,191098102,2206721
BPOP,Popular Inc.,0.12,742866,110337886.98,PR7331747001,733174700,B86QM90
OGE,OGE Energy Corp.,0.11,2322020,109669004.6,US6708371033,670837103,2657802
ENSG,Ensign Group Inc.,0.11,652164,109335294.6,US29358P1012,29358P101,B1YWPP8
AAL,American Airlines Group Inc.,0.11,7467424,109323087.36,US02376R1023,02376R102,BCV7KT2
FORM,FormFactor Inc.,0.11,876568,109211607.12,US3463751087,346375108,2891826
ESI,Element Solutions Inc.,0.11,2572550,109153296.5,US28618M1062,28618M106,BJ1C2K1
WULF,Terawulf Inc.,0.11,4269805,109136215.8,US88080T1043,88080T104,BNBRMS2
FLS,Flowserve Corp.,0.11,1436417,108463847.67,US34354P1057,34354P105,2288406
BAH,Booz Allen Hamilton Holding Corp. Class A,0.11,1364273,108023136.14,US0995021062,099502106,B5367T7
AAON,AAON Inc.,0.11,765467,107318473.4,US0003602069,000360206,2268130
ALSN,Allison Transmission Holdings Inc.,0.11,941160,106849894.8,US01973R1014,01973R101,B4PZ892
DCI,Donaldson Co. Inc.,0.11,1304334,106785824.58,US2576511099,257651109,2276467
SSB,SOUTHSTATE BANK Corp.,0.11,1120104,106129854.0,US84472E1029,84472E102,BVDCQB2
UMBF,UMB Financial Corp.,0.11,807047,105932989.22,US9027881088,902788108,2918510
BRX,Brixmor Property Group Inc.,0.11,3464414,105872491.84,US11120U1051,11120U105,BFTDJL8
DAR,Darling Ingredients Inc.,0.11,1788834,105720089.4,US2372661015,237266101,2250289
CNM,Core & Main Inc. Class A,0.11,2135706,105610661.7,US21874C1027,21874C102,BNXKS92
GTLS,Chart Industries Inc.,0.11,507802,105531411.64,US16115Q3083,16115Q308,B19HNF4
AYI,Acuity Brands Inc.,0.11,344487,105106428.57,US00508Y1029,00508Y102,2818461
MDGL,Madrigal Pharmaceuticals Inc.,0.11,210627,104738488.29,US5588681057,558868105,BD59BS7
AGX,Argan Inc.,0.11,156902,104656772.04,US04010E1091,04010E109,2804501
RRC,Range Resources Corp.,0.11,2679851,104380196.45,US75281A1097,75281A109,2523334
ZION,Zions Bancorp NA,0.11,1667962,104164226.9,US9897011071,989701107,2989828
AUR,Aurora Innovation Inc. Class A,0.11,14108688,103557769.92,US0517741072,051774107,BMF0P92
CUBE,CubeSmart,0.11,2579040,103161600.0,US2296631094,229663109,B6SW913
CTRE,CareTrust REIT Inc.,0.11,2526458,103130015.56,US14174T1079,14174T107,BMP8TL6
GMED,Globus Medical Inc.,0.11,1259516,103129170.08,US3795772082,379577208,B7D65M0
CNH,CNH Industrial NV,0.11,10010721,102209461.41,NL0010545661,N20944109,BDX85Z1
PRAX,Praxis Precision Medicines Inc.,0.11,291381,101974608.57,US74006W2070,74006W207,BQ721R4
MANH,Manhattan Associates Inc.,0.11,676885,101566594.25,US5627501092,562750109,2239471
AFG,American Financial Group Inc./OH,0.11,782356,101549808.8,US0259321042,025932104,2134532
ACM,AECOM,0.11,1462334,101442109.58,US00766T1007,00766T100,B1VZ431
CR,Crane Co.,0.11,553854,101355282.0,US2244081046,224408104,BNYD4F8
ENPH,Enphase Energy Inc.,0.11,1480115,101180661.4,US29355A1079,29355A107,B65SQW4
MOH,Molina Healthcare Inc.,0.11,582530,101127208.0,US60855R1005,60855R100,2212706
ADC,Agree Realty Corp.,0.1,1354819,100459828.85,US0084921008,008492100,2062161
QXO,QXO Inc.,0.1,5751994,99221896.5,US82846H4056,82846H405,BRDY9L1
BMNR,BitMine Immersion Technologies Inc.,0.1,5144738,99139101.26,US09175A2069,09175A206,BNYD8N4
TTC,Toro Co.,0.1,1102159,99062050.92,US8910921084,891092108,2897040
RIOT,Riot Blockchain Inc.,0.1,3653603,99049177.33,US7672921050,767292105,BD9F675
COLB,Columbia Banking System Inc.,0.1,3338913,98965381.32,US1972361026,197236102,2176608
QRVO,Qorvo Inc.,0.1,953909,98786816.04,US74736K1016,74736K101,BR9YYP4
ALV,Autoliv Inc.,0.1,776852,98753426.24,US0528001094,052800109,2064253
GME,GameStop Corp. Class A,0.1,4662453,98750754.54,US36467W1099,36467W109,B0LLFT5
JEF,Jefferies Financial Group Inc.,0.1,1870124,98592937.28,US47233W1099,47233W109,BG0Q4Z2
MP,MP Materials Corp.,0.1,1523507,98570902.9,US5533681012,553368101,BN15Y35
AHR,American Healthcare REIT Inc.,0.1,2005710,98059161.9,US3981823038,398182303,BQWNKQ4
CRUS,Cirrus Logic Inc.,0.1,576667,98004556.65,US1727551004,172755100,2197308
EMN,Eastman Chemical Co.,0.1,1290411,97903482.57,US2774321002,277432100,2298386
PRI,Primerica Inc.,0.1,360899,97431903.03,US74164M1080,74164M108,B50K3X8
SN,SharkNinja Inc.,0.1,798214,97294304.46,KYG8068L1086,G8068L108,BRS7681
CFR,Cullen/Frost Bankers Inc.,0.1,714261,96796650.72,US2298991090,229899109,2239556
MUSA,Murphy USA Inc.,0.1,191079,96691706.37,US6267551025,626755102,BCZWJ63
MTCH,Match Group Inc.,0.1,2669794,96459657.22,US57667L1070,57667L107,BK80XH9
AMG,Affiliated Managers Group Inc.,0.1,318050,96321442.5,US0082521081,008252108,2127899
FCFS,FirstCash Holdings Inc.,0.1,437823,96281655.93,US33768G1076,33768G107,BMF5Q83
ORI,Old Republic International Corp.,0.1,2574383,95844279.09,US6802231042,680223104,2659109
WTS,Watts Water Technologies Inc. Class A,0.1,310120,95820877.6,US9427491025,942749102,2943620
VNOM,Viper Energy Inc. Class A,0.1,2101699,95627304.5,US64361Q1013,64361Q101,BW0WZZ9
NNN,National Retail Properties Inc.,0.1,2146633,95546634.83,US6374171063,637417106,2211811
CMC,Commercial Metals Co.,0.1,1254239,95384875.95,US2017231034,201723103,2213260
RGTI,Rigetti Computing Inc.,0.1,3733045,95341969.3,US76655K1034,76655K103,BN45WL6
ENS,EnerSys,0.1,416631,94979369.07,US29275Y1029,29275Y102,B020GQ5
ORA,Ormat Technologies Inc.,0.1,687518,94348095.14,US6866881021,686688102,B03L311
CORZ,Core Scientific Inc.,0.1,3506891,94160023.35,US21874A1060,21874A106,BN70TG2
ONB,Old National Bancorp/IN,0.1,3919890,94116558.9,US6800331075,680033107,2658441
OKLO,Oklo Inc. Class A,0.1,1396218,93379059.84,US02156V1098,02156V109,BMD78K7
OSK,Oshkosh Corp.,0.1,715396,93001480.0,US6882392011,688239201,2663520
FR,First Industrial Realty Trust Inc.,0.1,1498433,92708049.71,US32054K1034,32054K103,2360757
WAL,Western Alliance Bancorp,0.1,1161362,92502483.3,US9576381092,957638109,B0CCGJ4
REXR,Rexford Industrial Realty Inc.,0.1,2604091,92367107.77,US76169C1009,76169C100,BC9ZHL9
SEIC,SEI Investments Co.,0.1,1050530,92320576.4,US7841171033,784117103,2793610
BTSG,BrightSpring Health Services Inc.,0.1,1496618,92311398.24,US10950A1060,10950A106,BPJM8Q3
MASI,Masimo Corp.,0.1,516111,92100007.95,US5747951003,574795100,B1YWR63
TKR,Timken Co.,0.1,716639,91715459.22,US8873891043,887389104,2892807
POWL,Powell Industries Inc.,0.1,321293,91382155.06,US7391281067,739128106,2697422
SFM,Sprouts Farmers Market Inc.,0.09,1101388,90996676.56,US85208M1027,85208M102,BCGCR79
KRYS,Krystal Biotech Inc.,0.09,291841,90187624.23,US5011471027,501147102,BD6JX35
SNEX,StoneX Group Inc.,0.09,792086,89782948.1,US8618961085,861896108,BMQ8XV3
AMKR,Amkor Technology Inc.,0.09,1286184,89466959.04,US0316521006,031652100,2242929
SSD,Simpson Manufacturing Co. Inc.,0.09,468977,88983695.98,US8290731053,829073105,2809250
HALO,Halozyme Therapeutics Inc.,0.09,1329705,88478570.7,US40637H1095,40637H109,2975098
CLF,Cleveland-Cliffs Inc.,0.09,6451516,87740617.6,US1858991011,185899101,BYVZ186
CAVA,Cava Group Inc.,0.09,1128300,87623778.0,US1489291021,148929102,BRBD9F4
W,Wayfair Inc.,0.09,1208826,87349766.76,US94419L1017,94419L101,BQXZP64
HLI,Houlihan Lokey Inc. Class A,0.09,614660,87072735.6,US4415931009,441593100,BYQ3PM7
ULS,UL Solutions Inc. Class A,0.09,873927,86955736.5,US9037311076,903731107,BPW6WJ3
VOYA,Voya Financial Inc.,0.09,1062980,86335235.6,US9290891004,929089100,BKWQ2N2
KEX,Kirby Corp.,0.09,612844,86159737.96,US4972661064,497266106,2493534
VICR,Vicor Corp.,0.09,256941,86034124.44,US9258151029,925815102,2930774
ECG,Everus Construction Group Inc.,0.09,576904,85826008.08,US3004261034,300426103,BSVLTM2
IDA,IDACORP Inc.,0.09,610879,85687997.33,US4511071064,451107106,2296937
ESE,ESCO Technologies Inc.,0.09,292902,85498093.8,US2963151046,296315104,2321583
MXL,MaxLinear Inc.,0.09,919021,85404621.53,US57776J1007,57776J100,B3RDWC8
HQY,HealthEquity Inc.,0.09,966421,85035383.79,US42226A1079,42226A107,BP8XZL1
CHRD,Chord Energy Corp.,0.09,643235,84823399.45,US6742152076,674215207,BLDDYB1
H,Hyatt Hotels Corp. Class A,0.09,467542,84793417.12,US4485791028,448579102,B5B82X4
UGI,UGI Corp.,0.09,2427091,84754017.72,US9026811052,902681105,2910118
ATR,AptarGroup Inc.,0.09,728211,84363244.35,US0383361039,038336103,2045247
WFRD,Weatherford International plc,0.09,810809,84032244.76,IE00BLNN3691,G48833118,BLNN369
FLR,Fluor Corp.,0.09,1823270,83432835.2,US3434121022,343412102,2696838
BROS,Dutch Bros Inc. Class A,0.09,1436993,83345594.0,US26701L1008,26701L100,BMWP7H2
NFG,National Fuel Gas Co.,0.09,1074437,83000258.25,US6361801011,636180101,2626103
CART,Maplebear Inc.,0.09,2078818,82736956.4,US5653941030,565394103,BN4L6W3
AXS,Axis Capital Holdings Ltd.,0.09,870932,82677574.76,BMG0692U1099,G0692U109,2677606
JXN,Jackson Financial Inc. Class A,0.09,800934,82584304.74,US46817M1071,46817M107,BMFX6P4
LEA,Lear Corp.,0.09,573526,82083041.12,US5218652049,521865204,B570P91
RHP,Ryman Hospitality Properties Inc.,0.09,712683,82051193.79,US78377T1079,78377T107,B8QV5C9
STAG,STAG Industrial Inc.,0.09,2160842,81831086.54,US85254J1025,85254J102,B64BRQ5
MYRG,MYR Group Inc.,0.09,175532,81632911.92,US55405W1045,55405W104,B3CLS18
JOBY,Joby Aviation Inc.,0.09,6857168,81600299.2,KYG651631007,G65163100,BMCRLL0
ST,Sensata Technologies Holding plc,0.08,1647362,81363209.18,GB00BFMBMT84,G8060N102,BFMBMT8
NOV,NOV Inc.,0.08,4076063,81358217.48,US62955J1034,62955J103,BN2RYW9
PLXS,Plexus Corp.,0.08,302995,81311738.2,US7291321005,729132100,2692160
MIDD,Middleby Corp.,0.08,524209,81257637.09,US5962781010,596278101,2590930
TTEK,Tetra Tech Inc.,0.08,2950222,81101602.78,US88162G1031,88162G103,2883890
SLAB,Silicon Laboratories Inc.,0.08,372641,81086681.6,US8269191024,826919102,2568131
CBSH,Commerce Bancshares Inc./MO,0.08,1549920,80936822.4,US2005251036,200525103,2213204
AVT,Avnet Inc.,0.08,925642,80466059.06,US0538071038,053807103,2066505
CBRS,Cerebras Systems Inc.,0.08,339152,80375632.48,US15675D1037,15675D103,BQ732F2
LAD,Lithia Motors Inc. Class A,0.08,274232,79771346.48,US5367971034,536797103,2515030
LSTR,Landstar System Inc.,0.08,385291,79716707.9,US5150981018,515098101,2503994
CWAN,Clearwater Analytics Holdings Inc. Class A,0.08,3263070,79423123.8,US1851231068,185123106,BNZJHY5
RAL,Ralliant Corp.,0.08,1277164,79018136.68,US7509401086,750940108,BTNMGM9
JBTM,John Bean Technologies Corp.,0.08,587814,78996323.46,US4778391049,477839104,B3BRJZ8
ZWS,Zurn Elkay Water Solutions Corp.,0.08,1678853,78906091.0,US98983L1089,98983L108,BMV1ZD3
ALKS,Alkermes plc,0.08,1867441,78787335.79,IE00B56GVS15,G01767105,B3P6D26
PB,Prosperity Bancshares Inc.,0.08,1142462,78784179.52,US7436061052,743606105,2310257
HR,Healthcare Trust of America Inc. Class A,0.08,3948973,78663542.16,US42226K1051,42226K105,BPQWHP8
EXP,Eagle Materials Inc.,0.08,355573,78645636.14,US26969P1084,26969P108,2191399
SM,SM Energy Co.,0.08,2560672,78638237.12,US78454L1008,78454L100,2764188
LKQ,LKQ Corp.,0.08,2895403,78523329.36,US5018892084,501889208,2971029
AM,Antero Midstream Corp.,0.08,3745313,78501760.48,US03676B1026,03676B102,BJBT0Q4
CIFR,Cipher Digital Inc.,0.08,3306700,78203455.0,US17253J1060,17253J106,BMZ8604
CRBG,Corebridge Financial Inc.,0.08,2887590,77964930.0,US21871X1090,21871X109,BMTX0G9
TRNO,Terreno Realty Corp.,0.08,1178256,77399636.64,US88146M1018,88146M101,B3N4753
PAYC,Paycom Software Inc.,0.08,552903,77223962.01,US70432V1026,70432V102,BL95MY0
HXL,Hexcel Corp.,0.08,858107,77049427.53,US4282911084,428291108,2416779
AWI,Armstrong World Industries Inc.,0.08,487636,76997724.4,US04247X1028,04247X102,B1FT462
PRIM,Primoris Services Corp.,0.08,611096,76863654.88,US74164F1030,74164F103,B1GC200
FAF,First American Financial Corp.,0.08,1152504,76330339.92,US31847R1023,31847R102,B4NFPK4
AGCO,AGCO Corp.,0.08,679515,76295944.2,US0010841023,001084102,2010278
KNSL,Kinsale Capital Group Inc.,0.08,250013,76196462.01,US49714P1084,49714P108,BD1MGQ3
MSGS,Madison Square Garden Co. Class A,0.08,203345,76110000.05,US55825T1034,55825T103,BYQCZ35
ETSY,Etsy Inc.,0.08,1116291,75818484.72,US29786A1060,29786A106,BWTN5N1
UEC,Uranium Energy Corp.,0.08,5467724,75290559.48,US9168961038,916896103,B0VLLY2
TEX,Terex Corp.,0.08,1286230,74832861.4,US8807791038,880779103,2884224
PCVX,Vaxcyte Inc.,0.08,1453247,74696895.8,US92243G1085,92243G108,BKPVGH6
AVAV,AeroVironment Inc.,0.08,359771,74558942.04,US0080731088,008073108,B1P5YY8
THG,Hanover Insurance Group Inc.,0.08,400218,74520591.6,US4108671052,410867105,2020415
LNTH,Lantheus Holdings Inc.,0.08,749966,74471623.8,US5165441032,516544103,BP8S8J5
GTES,Gates Industrial Corp. plc,0.08,2871821,74437600.32,GB00BD9G2S12,G39108108,BD9G2S1
VLY,Valley National Bancorp,0.08,5405362,74431834.74,US9197941076,919794107,2935326
AXTA,Axalta Coating Systems Ltd.,0.08,2413909,74275979.93,BMG0750C1082,G0750C108,BSFWCF5
RGEN,Repligen Corp.,0.08,598408,74172671.6,US7599161095,759916109,2731654
BRKR,Bruker Corp.,0.08,1255737,73950351.93,US1167941087,116794108,2616137
CORT,Corcept Therapeutics Inc.,0.08,1058789,73575247.61,US2183521028,218352102,B00SCY1
OWL,Blue Owl Capital Inc. Class A,0.08,7143681,73437040.68,US09581B1035,09581B103,BN7CQS9
FSS,Federal Signal Corp.,0.08,687968,73406185.6,US3138551086,313855108,2333986
OMF,OneMain Holdings Inc.,0.08,1324408,73253006.48,US68268W1036,68268W103,BYSZB89
IDCC,InterDigital Inc.,0.08,290503,73232901.27,US45867G1013,45867G101,2465737
NPO,EnPro Industries Inc.,0.08,238317,73160935.83,US29355X1072,29355X107,2951292
VSH,Vishay Intertechnology Inc.,0.08,1396364,72680746.2,US9282981086,928298108,2930149
EPRT,Essential Properties Realty Trust Inc.,0.08,2373573,72583862.34,US29670E1073,29670E107,BFFK0X2
INGR,Ingredion Inc.,0.08,711901,72215237.44,US4571871023,457187102,B7K24P7
JHG,Janus Henderson Group plc,0.07,1390599,71907874.29,JE00BYPZJM29,G4474Y214,BYPZJQ6
KMX,CarMax Inc.,0.07,1603651,71554907.62,US1431301027,143130102,2983563
SNAP,Snap Inc.,0.07,12496006,71352194.26,US83304A1060,83304A106,BD8DJ71
VSNT,Versant Media Group Inc.,0.07,1644395,70939200.3,US9252831030,925283103,BVV5S84
MTDR,Matador Resources Co.,0.07,1321327,70823127.2,US5764852050,576485205,B7MSLL8
Z,Zillow Group Inc.,0.07,2019915,70697025.0,US98954M2008,98954M200,BYXJF62
KGS,Kodiak Gas Services Inc.,0.07,1055692,70573010.2,US50012A1088,50012A108,BQLSDK5
FNB,FNB Corp./PA,0.07,4029150,70429542.0,US3025201019,302520101,2041308
AVTR,Avantor Inc.,0.07,7722233,70426764.96,US05352A1007,05352A100,BJLT387
ACA,Arcosa Inc.,0.07,554698,70307971.5,US0396531008,039653100,BGPZ5W8
MAC,Macerich Co.,0.07,3114877,70147030.04,US5543821012,554382101,2543967
EAT,Brinker International Inc.,0.07,492592,70135248.96,US1096411004,109641100,2193544
FPS,Forgent Power Solutions Inc. Class A,0.07,1278414,69878109.24,US34631F1021,34631F102,BV9C843
PRMB,Primo Brands Corp. Class A,0.07,2811956,69736508.8,US7416231022,741623102,BNDXX18
RIG,Transocean Ltd.,0.07,11225635,69486680.65,CH0048265513,H8817H100,B3KFWW1
GBCI,Glacier Bancorp Inc.,0.07,1456817,69271648.35,US37637Q1058,37637Q105,2370585
CRCL,Circle Internet Group Inc. Class A,0.07,612122,69169786.0,US1725731079,172573107,BL6K237
WH,Wyndham Hotels & Resorts Inc.,0.07,854444,68577675.44,US98311A1051,98311A105,BF108P4
UBSI,United Bankshares Inc./WV,0.07,1577786,68491690.26,US9099071071,909907107,2905794
MSA,MSA Safety Inc.,0.07,412333,68364811.4,US5534981064,553498106,BKM4S16
CHE,Chemed Corp.,0.07,160144,68287003.04,US16359R1032,16359R103,2190084
GATX,GATX Corp.,0.07,403860,68284648.8,US3614481030,361448103,2362128
NEU,NewMarket Corp.,0.07,88207,68235171.06,US6515871076,651587107,B01CGF1
AXTI,AXT Inc.,0.07,658758,67957475.28,US00246W1036,00246W103,2247979
ESTC,Elastic NV,0.07,1048708,67851407.6,NL0013056914,N14506104,BFXCLC6
LW,Lamb Weston Holdings Inc.,0.07,1570683,67822091.94,US5132721045,513272104,BDQZFJ3
VAL,Valaris Ltd.,0.07,728170,67450387.1,BMG9460G1015,G9460G101,BMY0YX0
LNC,Lincoln National Corp.,0.07,1910527,67422497.83,US5341871094,534187109,2516378
CROX,Crocs Inc.,0.07,568105,67417020.35,US2270461096,227046109,B0T7Z62
STWD,Starwood Property Trust Inc.,0.07,3940889,67310384.12,US85571B1052,85571B105,B3PQ520
GVA,Granite Construction Inc.,0.07,491881,67308996.04,US3873281071,387328107,2381189
IESC,IES Holdings Inc.,0.07,99167,67269934.45,US44951W1062,44951W106,BD978B9
ALGM,Allegro MicroSystems Inc.,0.07,1403979,67208474.73,US01749D1054,01749D105,BN4LSB6
ONDS,Ondas Inc.,0.07,5082607,67192064.54,US68236H2040,68236H204,BMD2S79
GKOS,Glaukos Corp.,0.07,649710,67147528.5,US3773221029,377322102,BYMWL19
KRG,Kite Realty Group Trust,0.07,2447429,67108503.18,US49803T3005,49803T300,BPBSZJ1
PTCT,PTC Therapeutics Inc.,0.07,908161,67067689.85,US69366J2006,69366J200,B17VCN9
CZR,Caesars Entertainment Inc.,0.07,2308414,67059426.7,US12769G1004,12769G100,BMWWGB0
PCOR,Procore Technologies Inc.,0.07,1354030,67010944.7,US74275K1088,74275K108,BLH11J8
MRCY,Mercury Systems Inc.,0.07,598000,66796600.0,US5893781089,589378108,2144047
AROC,Archrock Inc.,0.07,1983239,66418674.11,US03957W1062,03957W106,BYRGSX7
PTGX,Protagonist Therapeutics Inc.,0.07,664717,66179224.52,US74366E1029,74366E102,BDCBCD8
NE,Noble Corp. plc,0.07,1422343,66110502.64,GB00BMXNWH07,G65431127,BN2QTL0
CE,Celanese Corp. Class A,0.07,1238589,65806233.57,US1508701034,150870103,B05MZT4
RYN,Rayonier Inc.,0.07,3148953,65781628.17,US7549071030,754907103,2473138
NUVL,Nuvalent Inc. Class A,0.07,594922,65673439.58,US6707031075,670703107,BMVBZD3
TXNM,PNM Resources Inc.,0.07,1106629,65523503.09,US69349H1077,69349H107,2707826
M,Macy's Inc.,0.07,3004629,65380727.04,US55616P1049,55616P104,2345022
CHDN,Churchill Downs Inc.,0.07,749209,65338516.89,US1714841087,171484108,2194105
ACI,Albertsons Cos. Inc. Class A,0.07,4183916,65310928.76,US0130911037,013091103,BYNQ369
VG,Venture Global Inc. Class A,0.07,5424146,65306717.84,US92333F1012,92333F101,BSZBFJ7
GXO,GXO Logistics Inc.,0.07,1294662,64875512.82,US36262G1013,36262G101,BNNTGF1
TMHC,Taylor Morrison Home Corp. Class A,0.07,1105082,64647297.0,US87724P1066,87724P106,B832462
GLXY,Galaxy Digital Inc. Class A,0.07,2179532,64470556.56,US36317J2096,36317J209,BV97X10
NOVT,Novanta Inc.,0.07,404631,64469857.23,CA67000B1040,67000B104,BD8S5H8
TFX,Teleflex Inc.,0.07,499827,64297745.28,US8793691069,879369106,2881407
BIO,Bio-Rad Laboratories Inc. Class A,0.07,205576,64238388.48,US0905722072,090572207,2098508
MATX,Matson Inc.,0.07,352492,63906799.6,US57686G1058,57686G105,B8GNC91
VFC,VF Corp.,0.07,3715612,63834214.16,US9182041080,918204108,2928683
UHAL.B,U-Haul Holding Co.,0.07,1225569,63754099.38,US0235865062,023586506,BP0VMC3
POR,Portland General Electric Co.,0.07,1271624,63733794.88,US7365088472,736508847,B125XQ6
LYFT,Lyft Inc. Class A,0.07,4500666,63504397.26,US55087P1049,55087P104,BJT1RW7
HWC,Hancock Whitney Corp.,0.07,929762,63335387.44,US4101201097,410120109,2415497
ROAD,Construction Partners Inc. Class A,0.07,542460,63180316.2,US21044C1071,21044C107,BDT5M66
NJR,New Jersey Resources Corp.,0.07,1141754,63081908.5,US6460251068,646025106,2630513
MHK,Mohawk Industries Inc.,0.07,587206,63077668.52,US6081901042,608190104,2598699
FND,Floor & Decor Holdings Inc. Class A,0.07,1220016,62708822.4,US3397501012,339750101,BYQHP96
SWX,Southwest Gas Holdings Inc.,0.07,726393,62622340.53,US8448951025,844895102,2831888
SIRI,Sirius XM Holdings Inc.,0.07,2119991,62582134.32,US8299331004,829933100,BQWS627
MTG,MGIC Investment Corp.,0.07,2481141,62574376.02,US5528481030,552848103,2548616
ESNT,Essent Group Ltd.,0.07,1079706,62504180.34,BMG3198U1027,G3198U102,BFWGXR8
S,SentinelOne Inc. Class A,0.07,3773591,62452931.05,US81730H1095,81730H109,BP7L1B8
SYRE,Spyre Therapeutics Inc.,0.06,846422,62212017.0,US00773J2024,00773J202,BQBBDY8
PLUG,Plug Power Inc.,0.06,15737011,62161193.45,US72919P2020,72919P202,2508386
BKH,Black Hills Corp.,0.06,853526,62153763.32,US0921131092,092113109,2101741
TPG,TPG Inc. Class A,0.06,1458068,62069954.76,US8726571016,872657101,BNKBB55
HIMS,Hims & Hers Health Inc.,0.06,2355496,61596220.4,US4330001060,433000106,BN46048
BC,Brunswick Corp./DE,0.06,735231,61582948.56,US1170431092,117043109,2149309
MARA,MARA Holdings Inc.,0.06,4281999,61575145.62,US5657881067,565788106,BLR7B52
SARO,StandardAero Inc.,0.06,2145372,61443454.08,US85423L1035,85423L103,BQPDNZ1
IRDM,Iridium Communications Inc.,0.06,1186528,61438419.84,US46269C1027,46269C102,B2QH310
VNO,Vornado Realty Trust,0.06,1813561,61207683.75,US9290421091,929042109,2933632
ABCB,Ameris Bancorp,0.06,725965,61206109.15,US03076K1088,03076K108,2038849
CRSP,CRISPR Therapeutics AG,0.06,1086795,61056143.1,CH0334081137,H17182108,BDHF4K6
RYTM,Rhythm Pharmaceuticals Inc.,0.06,687717,60739165.44,US76243J1051,76243J105,BF2YWG4
COGT,Cogent Biosciences Inc.,0.06,1735936,60688322.56,US19240Q2012,19240Q201,BLR6XK8
LAZ,Lazard Ltd. Class A,0.06,1274852,60338745.16,US52110M1099,52110M109,BRT46K3
AUB,Atlantic Union Bankshares Corp.,0.06,1603060,60307117.2,US04911A1079,04911A107,BFZ9DB8
VSEC,VSE Corp.,0.06,325683,60300207.45,US9182841000,918284100,2926773
KLIC,Kulicke & Soffa Industries Inc.,0.06,591467,60264572.63,US5012421013,501242101,2498001
CELH,Celsius Holdings Inc.,0.06,1807091,60121917.57,US15118V2079,15118V207,B19HX21
SYNA,Synaptics Inc.,0.06,437888,60113264.64,US87157D1090,87157D109,2839268
PIPR,Piper Sandler Cos.,0.06,764661,59957069.01,US7240782091,724078209,BVLNNN8
GNTX,Gentex Corp.,0.06,2474989,59795734.24,US3719011096,371901109,2366799
ESAB,Esab Corp.,0.06,646292,59736769.56,US29605J1060,29605J106,BJLTMN5
ALK,Alaska Air Group Inc.,0.06,1296301,59655772.02,US0116591092,011659109,2012605
NVTS,Navitas Semiconductor Corp. Class A,0.06,2241437,59622224.2,US63942X1063,63942X106,BMGMH68
HASI,Hannon Armstrong Sustainable Infrastructure Capital Inc.,0.06,1443192,59170872.0,US41068X1000,41068X100,B9HHD96
G,Genpact Ltd.,0.06,1792158,59051606.1,BMG3922B1072,G3922B107,B23DBK6
CVLT,CommVault Systems Inc.,0.06,497244,59047725.0,US2041661024,204166102,B142B38
SIGI,Selective Insurance Group Inc.,0.06,679242,58781602.68,US8163001071,816300107,2766173
RITM,New Residential Investment Corp.,0.06,6294154,58661515.28,US64828T2015,64828T201,BRJ9GW0
BOOT,Boot Barn Holdings Inc.,0.06,343946,58426107.02,US0994061002,099406100,BRS6600
TGTX,TG Therapeutics Inc.,0.06,1537737,58341741.78,US88322Q1085,88322Q108,B828K63
TEM,Tempus AI Inc. Class A,0.06,1154816,58283563.52,US88023B1035,88023B103,BSLSJJ0
CWST,Casella Waste Systems Inc. Class A,0.06,707020,58095833.4,US1474481041,147448104,2120490
COMP,Compass Inc.,0.06,7026561,57828597.03,US20464U1007,20464U100,BN770G0
NXST,Nexstar Media Group Inc. Class A,0.06,322773,57592386.39,US65336K1034,65336K103,2949758
BCPC,Balchem Corp.,0.06,366338,57416154.74,US0576652004,057665200,2072074
PECO,Phillips Edison & Co. Inc.,0.06,1422805,57125620.75,US71844V2016,71844V201,BN48ZR2
WTM,White Mountains Insurance Group Ltd.,0.06,27653,57098467.46,BMG9618E1075,G9618E107,2339252
LTH,Life Time Group Holdings Inc.,0.06,1720388,56910435.04,US53190C1027,53190C102,BPH0546
PCTY,Paylocity Holding Corp.,0.06,494345,56815070.85,US70438V1061,70438V106,BKM4N88
SBRA,Sabra Health Care REIT Inc.,0.06,2853265,56751440.85,US78573L1061,78573L106,B5NLBP6
PATH,UiPath Inc. Class A,0.06,4841743,56745227.96,US90364P1057,90364P105,BMD02L5
OZK,Bank OZK,0.06,1172285,56726871.15,US06417N1037,06417N103,BZ56Q65
MSM,MSC Industrial Direct Co. Inc. Class A,0.06,517992,56704584.24,US5535301064,553530106,2567655
OLLI,Ollie's Bargain Outlet Holdings Inc.,0.06,694300,56675709.0,US6811161099,681116109,BZ22B38
KYMR,Kymera Therapeutics Inc.,0.06,695650,56639823.0,US5015751044,501575104,BMPRZV5
MC,Moelis & Co. Class A,0.06,836689,56300802.81,US60786M1053,60786M105,BLG38Q1
WEX,WEX Inc.,0.06,387791,56214183.36,US96208T1043,96208T104,B8383P2
HCC,Warrior Met Coal Inc.,0.06,594307,56185783.78,US93627C1018,93627C101,BF2X272
KRMN,Karman Holdings Inc.,0.06,975787,56107752.5,US4859241048,485924104,BTRFVH4
AX,Axos Financial Inc.,0.06,641658,55766496.78,US05465C1009,05465C100,BGK38H3
LUNR,Intuitive Machines Inc. Class A,0.06,1270833,55700610.39,US46125A1007,46125A100,BNHTR54
CWEN,Clearway Energy Inc.,0.06,1351896,55644039.36,US18539C2044,18539C204,BGJRH57
YOU,Clear Secure Inc. Class A,0.06,1002657,55597330.65,US18467V1098,18467V109,BLD30T1
HOMB,Home BancShares Inc./AR,0.06,2071212,55425633.12,US4368932004,436893200,B17MTL9
AN,AutoNation Inc.,0.06,294351,55255569.72,US05329W1027,05329W102,2732635
HRB,H&R Block Inc.,0.06,1432984,55155554.16,US0936711052,093671105,2105505
BSY,Bentley Systems Inc. Class B,0.06,1684256,54974115.84,US08265T2087,08265T208,BMC1PR6
MUR,Murphy Oil Corp.,0.06,1518913,54969461.47,US6267171022,626717102,2611206
SR,Spire Inc.,0.06,668092,54957247.92,US84857L1017,84857L101,BYXJQG9
LPX,Louisiana-Pacific Corp.,0.06,716761,54746205.18,US5463471053,546347105,2535243
OSCR,Oscar Health Inc. Class A,0.06,2460349,54693558.27,US6877931096,687793109,BKY83Q6
SXT,Sensient Technologies Corp.,0.06,480360,54688986.0,US81725T1007,81725T100,2923741
MKTX,MarketAxess Holdings Inc.,0.06,420536,54686501.44,US57060D1081,57060D108,B03Q9D0
DIOD,Diodes Inc.,0.06,518555,54614212.6,US2545431015,254543101,2270500
SITE,SiteOne Landscape Supply Inc.,0.06,502649,54587681.4,US82982L1035,82982L103,BYQ7X81
USAR,USA Rare Earth Inc.,0.06,1946440,54519784.4,US91733P1075,91733P107,BSBGKF7
MIRM,Mirum Pharmaceuticals Inc.,0.06,534975,54299962.5,US6047491013,604749101,BJDX8Y8
SON,Sonoco Products Co.,0.06,1114596,54258533.28,US8354951027,835495102,2821395
GAP,Gap Inc.,0.06,2565405,54258315.75,US3647601083,364760108,2360326
CELC,Celcuity Inc.,0.06,408149,54234839.12,US15102K1007,15102K100,BDH6M05
CNX,CNX Resources Corp.,0.06,1609667,54229681.23,US12653C1080,12653C108,BF3FTF4
MTN,Vail Resorts Inc.,0.06,404350,54021160.0,US91879Q1094,91879Q109,2954194
BYD,Boyd Gaming Corp.,0.06,652438,53943573.84,US1033041013,103304101,2117232
CHWY,Chewy Inc.,0.06,2387169,53806789.26,US16679L1098,16679L109,BJLFHW7
IBP,Installed Building Products Inc.,0.06,256074,53770418.52,US45780R1014,45780R101,BJSP4C9
LBRT,Liberty Oilfield Services Inc. Class A,0.06,1832444,53617311.44,US53115L1044,53115L104,BDCWFT8
UFPI,UFP Industries Inc.,0.06,658796,53362476.0,US90278Q1085,90278Q108,BMQ60Q1
SAIC,Science Applications International Corp.,0.06,511032,53249534.4,US8086251076,808625107,BDTZZG7
OUT,Outfront Media Inc.,0.06,1644746,53026611.04,US69007J3041,69007J304,BTFK8V4
WSC,WillScot Holdings Corp.,0.06,2059847,52999863.31,US9713781048,971378104,BMHL0Z4
DBX,Dropbox Inc. Class A,0.06,1970657,52971260.16,US26210C1045,26210C104,BG0T321
CLSK,Cleanspark Inc.,0.06,2895830,52964730.7,US18452B2097,18452B209,BJDRX78
FBIN,Fortune Brands Home & Security Inc.,0.06,1358214,52888853.16,US34964C1062,34964C106,B3MC7D6
POWI,Power Integrations Inc.,0.06,628384,52784256.0,US7392761034,739276103,2133045
CRC,California Resources Corp.,0.05,889471,52736735.59,US13057Q3056,13057Q305,BMBK002
OGS,ONE Gas Inc.,0.05,678312,52731974.88,US68235P1084,68235P108,BJ0KXV4
MAT,Mattel Inc.,0.05,3514323,52503985.62,US5770811025,577081102,2572303
WMG,Warner Music Group Corp. Class A,0.05,1663753,52474769.62,US9345502036,934550203,BLGJ610
FCN,FTI Consulting Inc.,0.05,342321,52436730.78,US3029411093,302941109,2351449
ZETA,Zeta Global Holdings Corp. Class A,0.05,2286418,52336108.02,US98956A1051,98956A105,BN0TQF4
RDN,Radian Group Inc.,0.05,1531756,52309467.4,US7502361014,750236101,2173911
ACMR,ACM Research Inc. Class A,0.05,603109,52205115.04,US00108J1097,00108J109,BF5C2N2
ACLS,Axcelis Technologies Inc.,0.05,347041,52198436.81,US0545402085,054540208,BD420Q8
RLI,RLI Corp.,0.05,1039941,52038647.64,US7496071074,749607107,2719070
SEDG,SolarEdge Technologies Inc.,0.05,677076,51694752.6,US83417M1045,83417M104,BWC52Q6
CBT,Cabot Corp.,0.05,590284,51655752.84,US1270551013,127055101,2162500
CSW,CSW Industrials Inc.,0.05,186480,51649365.6,US1264021064,126402106,BYQD1J6
LGND,Ligand Pharmaceuticals Inc.,0.05,222488,51608316.48,US53220K5048,53220K504,2501578
EXLS,ExlService Holdings Inc.,0.05,1777459,51599634.77,US3020811044,302081104,B07LST0
MTRN,Materion Corp.,0.05,234379,51572755.16,US5766901012,576690101,2149622
CNR,Core Natural Resources Inc.,0.05,580133,51306962.52,US2189371006,218937100,BR1Z682
ASB,Associated Banc-Corp,0.05,1844758,51302719.98,US0454871056,045487105,2055718
PRM,Perimeter Solutions Inc.,0.05,1588785,51285979.8,US71385M1071,71385M107,BL9XML1
CUZ,Cousins Properties Inc.,0.05,1901208,50971386.48,US2227955026,222795502,BJP0MF6
ACIW,ACI Worldwide Inc.,0.05,1165487,50896817.29,US0044981019,004498101,2889155
INDV,Indivior Pharmaceuticals Inc.,0.05,1411506,50842446.12,US45579U1097,45579U109,BTZRLN8
MIR,Mirion Technologies Inc. Class A,0.05,2770642,50647335.76,US60471A1016,60471A101,BMG3PQ7
FTDR,frontdoor Inc.,0.05,815255,50602877.85,US35905A1097,35905A109,BFYF094
COLD,Americold Realty Trust,0.05,3223934,50583524.46,US03064D1081,03064D108,B3SKZK7
LLYVK,Liberty Live Holdings Inc.,0.05,510137,50554576.7,US5309093087,530909308,BW9HRR1
DUOL,Duolingo Inc.,0.05,452344,50373027.84,US26603R1068,26603R106,BMCM6P4
KNF,Knife River Corp.,0.05,641604,50372330.04,US4988941047,498894104,BPLL4V5
PLNT,Planet Fitness Inc. Class A,0.05,938089,50197142.39,US72703H1014,72703H101,BYSFJV8
TREX,Trex Co. Inc.,0.05,1212413,50193898.2,US89531P1057,89531P105,2483074
KBR,KBR Inc.,0.05,1436011,50188584.45,US48242W1062,48242W106,B1HHB18
GTLB,Gitlab Inc. Class A,0.05,1611352,50032479.6,US37637K1088,37637K108,BMTVT22
VSCO,Victoria's Secret & Co.,0.05,907330,49903150.0,US9264001028,926400102,BNNTGH3
APGE,Apogee Therapeutics Inc.,0.05,607078,49865386.92,US03770N1019,03770N101,BM9HHL5
SLM,SLM Corp.,0.05,2251956,49813266.72,US78442P1066,78442P106,2101967
AIR,AAR Corp.,0.05,441324,49701908.88,US0003611052,000361105,2001119
TCBI,Texas Capital Bancshares Inc.,0.05,499147,49660135.03,US88224Q1076,88224Q107,2977209
TNL,Travel + Leisure Co.,0.05,726636,49411248.0,US8941641024,894164102,BMXYT16
WING,Wingstop Inc.,0.05,314639,49385737.44,US9741551033,974155103,BYYXHN4
MTH,Meritage Homes Corp.,0.05,755546,49291821.04,US59001A1025,59001A102,2601326
MRP,Millrose Properties Inc.,0.05,1742439,49171628.58,US6011371027,601137102,BRCFZ51
CNO,CNO Financial Group Inc.,0.05,1069392,49159950.24,US12621E1038,12621E103,2657750
EPR,EPR Properties,0.05,861560,49151998.0,US26884U1097,26884U109,B8XXZP1
NWE,Northwestern Energy Group Inc.,0.05,695512,49110102.32,US6680743050,668074305,B03PGL4
GTX,Garrett Motion Inc.,0.05,1495094,48979279.44,US3665051054,366505105,BGLRLT7
BCO,Brink's Co.,0.05,469767,48865163.34,US1096961040,109696104,2691305
MDU,MDU Resources Group Inc.,0.05,2309992,48694631.36,US5526901096,552690109,2547323
REZI,Resideo Technologies Inc.,0.05,1557144,48691892.88,US76118Y1047,76118Y104,BFD1TJ6
VVV,Valvoline Inc.,0.05,1440893,48630138.75,US92047W1018,92047W101,BDG22J3
PSMT,PriceSmart Inc.,0.05,285606,48550163.94,US7415111092,741511109,2092942
LAUR,Laureate Education Inc. Class A,0.05,1515703,48487338.97,US5186132032,518613203,BYMYT66
CGON,CG oncology Inc.,0.05,776354,48359090.66,US1569441009,156944100,BRBCSP4
EBC,Eastern Bankshares Inc.,0.05,2448859,48315988.07,US27627N1054,27627N105,BMXL9H3
PVH,PVH Corp.,0.05,517705,48291522.4,US6936561009,693656100,B3V9F12
GSAT,Globalstar Inc.,0.05,573463,48291319.23,US3789735079,378973507,BRJMM32
FFIN,First Financial Bankshares Inc.,0.05,1474562,48188686.16,US32020R1095,32020R109,2266026
LQDA,Liquidia Technologies Inc.,0.05,776906,48059405.16,US53635D2027,53635D202,BYVJ8J8
TVTX,Travere Therapeutics Inc.,0.05,1011473,47721296.14,US89422G1076,89422G107,BLFGJD5
FLG,Flagstar Bank NA,0.05,3391022,47677769.32,US6494454001,649445400,BT6MM39
RXO,RXO Inc.,0.05,1859284,47560484.72,US74982T1034,74982T103,BN6QSL9
QS,QuantumScape Corp. Class A,0.05,5285642,47465065.16,US74767V1098,74767V109,BMC73Z8
ACHR,Archer Aviation Inc. Class A,0.05,6967966,47451848.46,US03945R1023,03945R102,BMHVDS8
MORN,Morningstar Inc.,0.05,260008,47326656.16,US6177001095,617700109,B081VR8
THO,Thor Industries Inc.,0.05,598065,47294980.2,US8851601018,885160101,2889876
SRRK,Scholar Rock Holding Corp.,0.05,958703,47264057.9,US80706P1030,80706P103,BFZQ0L8
XMTR,Xometry Inc. Class A,0.05,495926,47256788.54,US98423F1093,98423F109,BP7L5C7
CVCO,Cavco Industries Inc.,0.05,87865,47141329.8,US1495681074,149568107,2787022
SKT,Tanger Factory Outlet Centers Inc.,0.05,1302456,46979587.92,US8754651060,875465106,2874582
TTAN,ServiceTitan Inc.,0.05,648979,46960120.44,US81764X1037,81764X103,BPGN2Q7
FULT,Fulton Financial Corp.,0.05,2164687,46952061.03,US3602711000,360271100,2356585
FHI,Federated Investors Inc. Class B,0.05,835061,46813519.66,US3142111034,314211103,2246288
LOPE,Grand Canyon Education Inc.,0.05,312270,46793659.5,US38526M1062,38526M106,B3F1XM1
BDC,Belden Inc.,0.05,445047,46765538.76,US0774541066,077454106,B01WL78
SHC,Sotera Health Co.,0.05,2987182,46719526.48,US83601L1026,83601L102,BNKVRZ7
TWST,Twist Bioscience Corp.,0.05,694257,46424965.59,US90184D1000,90184D100,BGKG6G7
LASR,nLight Inc.,0.05,625787,46383332.44,US65487K1007,65487K100,BFZP4R9
BBWI,Bath & Body Works Inc.,0.05,2313425,46314768.5,US0708301041,070830104,BNNTGJ5
SKY,Skyline Champion Corp.,0.05,626126,46101657.38,US8308301055,830830105,2814005
HRI,Herc Holdings Inc.,0.05,346581,46095273.0,US42704L1044,42704L104,BZBZ020
OLED,Universal Display Corp.,0.05,499796,46041207.52,US91347P1057,91347P105,2277880
CVSA,Adtalem Global Education Inc.,0.05,390685,46022693.0,US00737L1035,00737L103,BZ12TX5
PI,Impinj Inc.,0.05,304673,46005623.0,US4532041096,453204109,BYYGJZ9
OPLN,KAR Auction Services Inc.,0.05,1201187,45765224.7,US48238T1097,48238T109,B4Y1MH7
AZZ,AZZ Inc.,0.05,337484,45732456.84,US0024741045,002474104,2067672
OPEN,Opendoor Technologies Inc.,0.05,9055837,45641418.48,US6837121036,683712103,BL96T19
LIVN,LivaNova plc,0.05,617365,45561537.0,GB00BYMT0J19,G5509L101,BYMT0J1
VNT,Vontier Corp.,0.05,1601535,45451563.3,US9288811014,928881101,BH4GV32
VRNS,Varonis Systems Inc.,0.05,1329768,45411577.2,US9222801022,922280102,BJZ2ZR5
LGN,Legence Corp. Class A,0.05,541991,45386326.34,US52476L1098,52476L109,BT6CC17
VCTR,Victory Capital Holdings Inc. Class A,0.05,536554,45365640.7,US92645B1035,92645B103,BFYVKR0
VIRT,Virtu Financial Inc. Class A,0.05,902429,45256814.35,US9282541013,928254101,BWTVWD4
WHD,Cactus Inc. Class A,0.05,779419,45237478.76,US1272031071,127203107,BF1GM16
ENVA,Enova International Inc.,0.05,279341,45116364.91,US29357K1034,29357K103,BRYQ4L1
LBRDK,Liberty Broadband Corp.,0.05,1334179,45041883.04,US5303073051,530307305,BRTLC06
DAN,Dana Inc.,0.05,1269204,44942513.64,US2358252052,235825205,B2PFJR3
UCB,United Community Banks Inc./GA,0.05,1363942,44941888.9,US90984P3038,90984P303,2862156
MWA,Mueller Water Products Inc. Class A,0.05,1767677,44563137.17,US6247581084,624758108,B15RZR4
BFH,Alliance Data Systems Corp.,0.05,498579,44408431.53,US0185811082,018581108,2762030
QLYS,Qualys Inc.,0.05,405988,44370428.52,US74758T3032,74758T303,B7XJTN8
SFBS,ServisFirst Bancshares Inc.,0.05,568743,44356266.57,US81768T1088,81768T108,BMH0MP5
INDB,Independent Bank Corp.,0.05,560767,44345454.36,US4538361084,453836108,2447821
APPF,Appfolio Inc.,0.05,275080,44334643.6,US03783C1009,03783C100,BYN7H48
URBN,Urban Outfitters Inc.,0.05,609213,44259324.45,US9170471026,917047102,2933438
ADT,ADT Inc.,0.05,6590916,44225046.36,US00090Q1031,00090Q103,BFWCP81
IBOC,International Bancshares Corp.,0.05,611845,44150735.2,US4590441030,459044103,2243911
UCTT,Ultra Clean Holdings Inc.,0.05,513822,43967748.54,US90385V1070,90385V107,B00G0F2
LRN,Stride Inc.,0.05,474894,43870707.72,US86333M1080,86333M108,BLD5321
POST,Post Holdings Inc.,0.05,477632,43865722.88,US7374461041,737446104,B6T0518
RUN,Sunrun Inc.,0.05,2622192,43843050.24,US86771W1053,86771W105,BYXB1Y8
PTEN,Patterson-UTI Energy Inc.,0.05,3910032,43831458.72,US7034811015,703481101,2672537
CATY,Cathay General Bancorp,0.05,759878,43814565.48,US1491501045,149150104,2264235
RDNT,RadNet Inc.,0.05,788788,43801397.64,US7504911022,750491102,B1JNG19
BOX,Box Inc.,0.05,1621616,43718767.36,US10316T1043,10316T104,BVB3BV2
NVST,Envista Holdings Corp.,0.05,1852659,43630119.45,US29415F1049,29415F104,BK63SF3
RNST,Renasant Corp.,0.05,1070696,43598741.12,US75970E1073,75970E107,2670809
UNF,UniFirst Corp./MA,0.05,164122,43561261.24,US9047081040,904708104,2466428
IRT,Independence Realty Trust Inc.,0.05,2679737,43492131.51,US45378A1060,45378A106,BCRYTK1
TDS,Telephone & Data Systems Inc.,0.05,1110285,43423246.35,US8794338298,879433829,B6YR5K3
BNL,Broadstone Net Lease Inc.,0.05,2139797,43288093.31,US11135E2037,11135E203,BN93088
OII,Oceaneering International Inc.,0.04,1129115,43166066.45,US6752321025,675232102,2655583
WSFS,WSFS Financial Corp.,0.04,604108,43163516.6,US9293281021,929328102,2940375
HP,Helmerich & Payne Inc.,0.04,1130030,43110644.5,US4234521015,423452101,2420101
ATMU,Atmus Filtration Technologies Inc.,0.04,921304,43098601.12,US04956D1072,04956D107,BNRR1B2
BGC,BGC Group Inc. Class A,0.04,4111481,42964976.45,US0889291045,088929104,BRJTVC5
RUSHA,Rush Enterprises Inc. Class A,0.04,619346,42939258.18,US7818462092,781846209,2966876
VKTX,Viking Therapeutics Inc.,0.04,1308369,42836001.06,US92686J1060,92686J106,BQQG1V1
ITRI,Itron Inc.,0.04,517737,42702947.76,US4657411066,465741106,2471949
PII,Polaris Inc.,0.04,604912,42688639.84,US7310681025,731068102,2692933
FELE,Franklin Electric Co. Inc.,0.04,433319,42629923.22,US3535141028,353514102,2350383
DRS,Leonardo DRS Inc.,0.04,873906,42611656.56,US52661A1088,52661A108,BNSNZQ2
KAI,Kadant Inc.,0.04,133348,42562014.64,US48282T1043,48282T104,2769978
BRC,Brady Corp. Class A,0.04,493230,42457238.4,US1046741062,104674106,2117726
KRC,Kilroy Realty Corp.,0.04,1233855,42284210.85,US49427F1084,49427F108,2495529
MMSI,Merit Medical Systems Inc.,0.04,670424,42276937.44,US5898891040,589889104,2580555
FBP,First BanCorp/Puerto Rico,0.04,1759773,42199356.54,PR3186727065,318672706,2296926
YETI,YETI Holdings Inc.,0.04,879164,42173497.08,US98585X1046,98585X104,BGR7KH2
GPI,Group 1 Automotive Inc.,0.04,133302,42168754.68,US3989051095,398905109,2121352
GHC,Graham Holdings Co. Class B,0.04,38397,42132644.13,US3846371041,384637104,BGM1B98
PJT,PJT Partners Inc.,0.04,274808,42018143.2,US69343T1079,69343T107,BYNWB63
LMND,Lemonade Inc.,0.04,719250,41716500.0,US52567D1072,52567D107,BMGNTQ5
SPHR,Sphere Entertainment Co.,0.04,300898,41668355.04,US55826T1025,55826T102,BM8MM05
IRTC,iRhythm Technologies Inc.,0.04,364887,41560629.3,US4500561067,450056106,BYT4ST5
KTB,Kontoor Brands Inc.,0.04,578028,41485069.56,US50050N1037,50050N103,BJTJGC4
VCYT,Veracyte Inc.,0.04,895089,41478424.26,US92337F1075,92337F107,BFTWZY0
BMI,Badger Meter Inc.,0.04,333726,41348651.4,US0565251081,056525108,2069128
KFY,Korn Ferry,0.04,590370,41314092.6,US5006432000,500643200,2386849
CRNX,Crinetics Pharmaceuticals Inc.,0.04,1160617,41259934.35,US22663K1079,22663K107,BDD19F8
ABG,Asbury Automotive Group Inc.,0.04,219604,41221866.84,US0434361046,043436104,2855855
STEP,StepStone Group Inc. Class A,0.04,834777,41162853.87,US85914M1071,85914M107,BLFDXF6
RYAN,Ryan Specialty Holdings Inc. Class A,0.04,1291557,41136090.45,US78351F1075,78351F107,BNXKSK3
OTTR,Otter Tail Corp.,0.04,474332,41105611.12,US6896481032,689648103,2664103
CDP,Corporate Office Properties Trust,0.04,1277900,40969474.0,US22002T1088,22002T108,2756152
AAP,Advance Auto Parts Inc.,0.04,679507,40933501.68,US00751Y1064,00751Y106,2822019
CPRX,Catalyst Pharmaceuticals Inc.,0.04,1306017,40786910.91,US14888U1016,14888U101,B1G7Q03
AMTM,Amentum Holdings Inc.,0.04,1740459,40430862.57,US0239391016,023939101,BMZLFJ5
BHF,Brighthouse Financial Inc.,0.04,645909,40401607.95,US10922N1037,10922N103,BF429K9
MAIR,Madison Air Solutions Corp. Class A,0.04,929345,40398627.15,US55658T1051,55658T105,BVH8NY8
HLNE,Hamilton Lane Inc. Class A,0.04,462669,40312349.97,US4074971064,407497106,BF0SR29
SIG,Signet Jewelers Ltd.,0.04,460500,40243095.0,BMG812761002,G81276100,B3CTNK6
EXTR,Extreme Networks Inc.,0.04,1517851,40238230.01,US30226D1063,30226D106,2407052
BFAM,Bright Horizons Family Solutions Inc.,0.04,640117,40084126.54,US1091941005,109194100,B7MJWP2
ANF,Abercrombie & Fitch Co.,0.04,518249,40019187.78,US0028962076,002896207,2004185
ASO,Academy Sports & Outdoors Inc.,0.04,754795,39853176.0,US00402L1070,00402L107,BN7K304
CENX,Century Aluminum Co.,0.04,601101,39654632.97,US1564311082,156431108,2186254
SOUN,SoundHound AI Inc. Class A,0.04,4388534,39496806.0,US8361001071,836100107,BLDBS68
NHI,National Health Investors Inc.,0.04,538904,39496274.16,US63633D1046,63633D104,2626125
VECO,Veeco Instruments Inc.,0.04,682565,39343046.6,US9224171002,922417100,2938422
FUL,HB Fuller Co.,0.04,613963,39342749.04,US3596941068,359694106,2354664
OGN,Organon & Co.,0.04,2938287,39196748.58,US68622V1061,68622V106,BLDC8J4
LEU,Centrus Energy Corp. Class A,0.04,214509,39141457.23,US15643U1043,15643U104,BQXKDH6
DORM,Dorman Products Inc.,0.04,314973,39031454.16,US2582781009,258278100,2718594
MHO,M/I Homes Inc.,0.04,295843,38938855.66,US55305B1017,55305B101,2549385
BKU,BankUnited Inc.,0.04,838702,38907385.78,US06652K1034,06652K103,B3NNTZ4
GFF,Griffon Corp.,0.04,442152,38900532.96,US3984331021,398433102,2463344
SKYW,SkyWest Inc.,0.04,454113,38894778.45,US8308791024,830879102,2814210
DNTH,Dianthus Therapeutics Inc.,0.04,417698,38850090.98,US2528281080,252828108,BN4J951
CACC,Credit Acceptance Corp.,0.04,67718,38845753.52,US2253101016,225310101,2232050
RELY,Remitly Global Inc.,0.04,1937508,38788910.16,US75960P1049,75960P104,BNZJHH8
GNW,Genworth Financial Inc. Class A,0.04,4520150,38692484.0,US37247D1063,37247D106,B011WL6
DLB,Dolby Laboratories Inc. Class A,0.04,688122,38404088.82,US25659T1079,25659T107,B04NJM9
CVBF,CVB Financial Corp.,0.04,1886204,38403113.44,US1266001056,126600105,2160645
TDW,Tidewater Inc.,0.04,521773,38345097.77,US88642R1095,88642R109,BDFGDQ0
AVA,Avista Corp.,0.04,920906,38189971.82,US05379B1070,05379B107,2942605
MMS,MAXIMUS Inc.,0.04,616620,38187276.6,US5779331041,577933104,2018669
PBF,PBF Energy Inc. Class A,0.04,938031,38177861.7,US69318G1067,69318G106,B7F4TJ7
OSIS,OSI Systems Inc.,0.04,175330,38002777.5,US6710441055,671044105,2111579
SXI,Standex International Corp.,0.04,137189,38002724.89,US8542311076,854231107,2840174
BELFB,Bel Fuse Inc. Class B,0.04,138363,37983410.76,US0773473006,077347300,2279897
CBU,Community Bank System Inc.,0.04,595801,37916775.64,US2036071064,203607106,2222062
INOD,Innodata Inc.,0.04,360769,37873529.62,US4576422053,457642205,2226741
TENB,Tenable Holdings Inc.,0.04,1341074,37858519.02,US88025T1025,88025T102,BF7J7N6
ICUI,ICU Medical Inc.,0.04,279584,37852877.76,US44930G1076,44930G107,2451918
CALM,Cal-Maine Foods Inc.,0.04,506115,37816912.8,US1280302027,128030202,2158781
LIF,Life360 Inc.,0.04,887737,37719945.13,US5322061095,532206109,BSLSTH8
TXG,10X Genomics Inc. Class A,0.04,1331971,37701439.16,US88025U1097,88025U109,BKS3RS7
WSBC,WesBanco Inc.,0.04,1086088,37632949.2,US9508101014,950810101,2953782
GPK,Graphic Packaging Holding Co.,0.04,3341917,37629985.42,US3886891015,388689101,B2Q8249
CC,Chemours Co.,0.04,1697133,37608467.28,US1638511089,163851108,BZ0CTP8
OPCH,Option Care Health Inc.,0.04,1793912,37438943.44,US68404L2016,68404L201,BKM5C62
FHB,First Hawaiian Inc.,0.04,1387034,37422177.32,US32051X1081,32051X108,BDC6HG1
ELF,elf Beauty Inc.,0.04,667355,37371880.0,US26856L1035,26856L103,BDDQ975
NSIT,Insight Enterprises Inc.,0.04,351003,37339699.14,US45765U1034,45765U103,2475060
COCO,Vita Coco Co. Inc.,0.04,496371,37292353.23,US92846Q1076,92846Q107,BMHRMK1
LION,Lionsgate Studios Corp.,0.04,2595579,37246558.65,CA53626N1024,53626N102,BVDGYR6
NATL,NCR Atleos Corp.,0.04,835080,37244568.0,US63001N1063,63001N106,BRRD6G8
BTU,Peabody Energy Corp.,0.04,1376571,37236245.55,US7045511000,704551100,BDVPZV0
SLGN,Silgan Holdings Inc.,0.04,991324,37234129.44,US8270481091,827048109,2809324
MGY,Magnolia Oil & Gas Corp. Class A,0.04,1358515,37168970.4,US5596631094,559663109,BF2GC59
RNG,RingCentral Inc. Class A,0.04,856693,37103373.83,US76680R2067,76680R206,BDZCRX3
PEGA,Pegasystems Inc.,0.04,1031546,36857138.58,US7055731035,705573103,2675860
BEAM,Beam Therapeutics Inc.,0.04,1117417,36796541.81,US07373V1052,07373V105,BK6L288
AVNT,Avient Corp.,0.04,1036221,36702947.82,US05368V1061,05368V106,BMHWY55
HWKN,Hawkins Inc.,0.04,236653,36626784.81,US4202611095,420261109,2415594
SLG,SL Green Realty Corp.,0.04,805378,36564161.2,US78440X8873,78440X887,BPGKM57
VC,Visteon Corp.,0.04,308951,36545813.79,US92839U2069,92839U206,B4N0JJ6
APLE,Apple Hospitality REIT Inc.,0.04,2487339,36539009.91,US03784Y2000,03784Y200,BXRTX56
AGO,Assured Guaranty Ltd.,0.04,489306,36311398.26,BMG0585R1060,G0585R106,B00V7H8
SEI,Solaris Oilfield Infrastructure Inc. Class A,0.04,518377,36047936.58,US83418M1036,83418M103,BD93QN5
FFBC,First Financial Bancorp,0.04,1170029,35990092.04,US3202091092,320209109,2352806
KN,Knowles Corp.,0.04,961334,35963504.94,US49926D1090,49926D109,BJTD9L6
TPC,Tutor Perini Corp.,0.04,501553,35856023.97,US9011091082,901109108,2681760
TDC,Teradata Corp.,0.04,1052778,35847090.9,US88076W1036,88076W103,B247H10
HAE,Haemonetics Corp.,0.04,526363,35692675.03,US4050241003,405024100,2401195
SHOO,Steven Madden Ltd.,0.04,820788,35655030.72,US5562691080,556269108,2553911
DAVE,Dave Inc.,0.04,125609,35492079.04,US23834J2015,23834J201,BPXYZZ3
PSN,Parsons Corp.,0.04,599393,35424126.3,US70202L1026,70202L102,BJN4N02
UNFI,United Natural Foods Inc.,0.04,689791,35420767.85,US9111631035,911163103,2895163
FIBK,First Interstate BancSystem Inc. Class A,0.04,994402,35400711.2,US32055Y2019,32055Y201,B4RGHN0
ITGR,Integer Holdings Corp.,0.04,396031,35397250.78,US45826H1095,45826H109,BD06LM7
VGNT,Versigent plc,0.04,801290,35352914.8,JE00BWK75100,G9600F104,BWK7510
DNLI,Denali Therapeutics Inc.,0.04,1679543,35337584.72,US24823R1059,24823R105,BD2B4V0
INSW,International Seaways Inc.,0.04,457580,35320600.2,MHY410531021,Y41053102,BYX60M4
HGV,Hilton Grand Vacations Inc.,0.04,677564,35246879.28,US43283X1054,43283X105,BYSLHX4
GEO,GEO Group Inc.,0.04,1548368,35101502.56,US36162J1060,36162J106,BNLYWQ1
SFNC,Simmons First National Corp. Class A,0.04,1636171,35095867.95,US8287302009,828730200,2810133
KBH,KB Home,0.04,714437,34907391.82,US48666K1097,48666K109,2485070
PAG,Penske Automotive Group Inc.,0.04,208240,34853128.8,US70959W1036,70959W103,2943523
ERAS,Erasca Inc.,0.04,2699234,34658164.56,US29479A1088,29479A108,BNLYBF3
BKD,Brookdale Senior Living Inc.,0.04,2690308,34624263.96,US1124631045,112463104,B0PZN33
ARCB,ArcBest Corp.,0.04,253057,34590361.33,US03937C1053,03937C105,BLTFST7
LXP,LXP Industrial Trust,0.04,668153,34503420.92,US5290434084,529043408,BSLN6B6
BOH,Bank of Hawaii Corp.,0.04,449911,34463182.6,US0625401098,062540109,2074070
CAKE,Cheesecake Factory Inc.,0.04,518884,34267099.36,US1630721017,163072101,2192392
NSA,National Storage Affiliates Trust,0.04,800763,34152541.95,US6378701063,637870106,BWWCK85
BHE,Benchmark Electronics Inc.,0.04,403956,34118123.76,US08160H1014,08160H101,2090816
PATK,Patrick Industries Inc.,0.04,376809,34108750.68,US7033431039,703343103,2673154
FOUR,Shift4 Payments Inc. Class A,0.04,765086,34092232.16,US82452J1097,82452J109,BLF0L75
AWR,American States Water Co.,0.04,437507,33806165.89,US0298991011,029899101,2267171
BILL,Bill.Com Holdings Inc.,0.04,912298,33773271.96,US0900431000,090043100,BKDS4H5
CAR,Avis Budget Group Inc.,0.04,191305,33639071.2,US0537741052,053774105,B1CL8J2
CON,Concentra Group Holdings Parent Inc.,0.03,1349740,33568033.8,US20603L1026,20603L102,BSWW195
AMBA,Ambarella Inc.,0.03,463009,33419989.62,KYG037AX1015,G037AX101,B7KH3G6
QTWO,Q2 Holdings Inc.,0.03,705090,33386011.5,US74736L1098,74736L109,BKM4KV0
SDRL,Seadrill Ltd.,0.03,705730,33289284.1,BMG7997W1029,G7997W102,BNTBRX6
OLN,Olin Corp.,0.03,1286066,33270527.42,US6806652052,680665205,2658526
SBCF,Seacoast Banking Corp. of Florida,0.03,1095408,33201816.48,US8117078019,811707801,BH65L93
PHIN,Phinia Inc.,0.03,429309,33168413.34,US71880K1016,71880K101,BPW7PC0
RHI,Robert Half International Inc.,0.03,1125257,33127566.08,US7703231032,770323103,2110703
IAC,IAC Inc.,0.03,737198,33092818.22,US44891N2080,44891N208,BNDYF48
KALU,Kaiser Aluminum Corp.,0.03,181700,33076668.0,US4830077040,483007704,B15CJ33
TOWN,Towne Bank/Portsmouth VA,0.03,970359,33060131.13,US89214P1093,89214P109,B018PR4
ADEA,Adeia Inc.,0.03,1237072,33054563.84,US00676P1075,00676P107,BPMQ8J5
UPST,Upstart Holdings Inc.,0.03,977005,33012998.95,US91680M1071,91680M107,BL53QN5
CPK,Chesapeake Utilities Corp.,0.03,267520,32990566.4,US1653031088,165303108,2190750
EXPO,Exponent Inc.,0.03,565009,32951324.88,US30214U1025,30214U102,2330318
BXMT,Blackstone Mortgage Trust Inc. Class A,0.03,1794012,32794539.36,US09257W1009,09257W100,B94QHZ0
WLK,Westlake Chemical Corp.,0.03,377620,32788744.6,US9604131022,960413102,B01ZP20
IPGP,IPG Photonics Corp.,0.03,286155,32770470.6,US44980X1090,44980X109,2698782
PFS,Provident Financial Services Inc.,0.03,1476437,32762137.03,US74386T1051,74386T105,2171603
CNK,Cinemark Holdings Inc.,0.03,1168171,32708788.0,US17243V1026,17243V102,B1W7RQ0
AKR,Acadia Realty Trust,0.03,1481910,32631658.2,US0042391096,004239109,2566522
CWK,Cushman & Wakefield UK Holdco London Ltd.,0.03,2621435,32610651.4,GB00BFZ4N465,G2717C106,BFZ4N46
HIW,Highwoods Properties Inc.,0.03,1243580,32457438.0,US4312841087,431284108,2420640
DOCS,Doximity Inc. Class A,0.03,1514539,32411134.6,US26622P1075,26622P107,BMD22Y4
ORKA,Oruka Therapeutics Inc.,0.03,552301,32326177.53,US6876041087,687604108,BKVF0J2
HOG,Harley-Davidson Inc.,0.03,1336828,32324501.04,US4128221086,412822108,2411053
DBD,Diebold Nixdorf Inc.,0.03,398134,32304592.76,US2536512021,253651202,BPLJQW4
NTCT,NetScout Systems Inc.,0.03,775837,32290335.94,US64115T1043,64115T104,2447285
KD,Kyndryl Holdings Inc.,0.03,2588908,32283682.76,US50155Q1004,50155Q100,BP6JW21
MSGE,Madison Square Garden Entertainment Corp. Class A,0.03,457307,32253862.71,US5582561032,558256103,BN71J76
PLMR,Palomar Holdings Inc. Class A,0.03,300000,32112000.0,US69753M1053,69753M105,BJYLZK6
EEFT,Euronet Worldwide Inc.,0.03,442664,32084286.72,US2987361092,298736109,2320148
RRR,Red Rock Resorts Inc. Class A,0.03,549566,32083663.08,US75700L1089,75700L108,BYY9947
UE,Urban Edge Properties,0.03,1424302,31961336.88,US91704F1049,91704F104,BTPSGQ9
CURB,Curbline Properties Corp.,0.03,1096367,31937170.71,US23128Q1013,23128Q101,BSNR2T6
PARR,Par Pacific Holdings Inc.,0.03,568044,31901351.04,US69888T2078,69888T207,BJH08C3
CRGY,Crescent Energy Co. Class A,0.03,2750762,31798808.72,US44952J1043,44952J104,BNR4QY1
HAYW,Hayward Holdings Inc.,0.03,2252960,31789265.6,US4212981009,421298100,BMFQC33
ATKR,Atkore International Group Inc.,0.03,381788,31615864.28,US0476491081,047649108,BDHF495
DYN,Dyne Therapeutics Inc.,0.03,1628493,31478769.69,US26818M1080,26818M108,BN15WD1
CHEF,Chefs' Warehouse Inc.,0.03,409872,31371602.88,US1630861011,163086101,B63RTD5
OUST,Ouster Inc.,0.03,679452,31288764.6,US68989M2026,68989M202,BMHVMY7
VISN,CommScope Holding Co. Inc.,0.03,2502446,31230526.08,US20337X1090,20337X109,BFRBX34
MGEE,MGE Energy Inc.,0.03,413550,31223025.0,US55277P1049,55277P104,2554163
PRK,Park National Corp.,0.03,181780,31186176.8,US7006581075,700658107,2673251
WHR,Whirlpool Corp.,0.03,717676,31161491.92,US9633201069,963320106,2960384
HLIO,Helios Technologies Inc.,0.03,374961,31155509.49,US42328H1095,42328H109,BK8MDM0
ATRO,Astronics Corp.,0.03,357979,31144173.0,US0464331083,046433108,2060518
CCC,CCC Intelligent Solutions Holdings Inc.,0.03,6615577,31093211.9,US12510Q1004,12510Q100,BP4CXL8
SYM,Symbotic Inc. Class A,0.03,669241,31069513.43,US87151X1019,87151X101,BPG82M8
NIC,Nicolet Bankshares Inc.,0.03,220875,30982136.25,US65406E1029,65406E102,2012865
EOSE,Eos Energy Enterprises Inc.,0.03,3669353,30932645.79,US29415C1018,29415C101,BN7KCQ3
NMIH,NMI Holdings Inc. Class A,0.03,861005,30910079.5,US6292093050,629209305,BGDW5G5
FCPT,Four Corners Property Trust Inc.,0.03,1240538,30889396.2,US35086T1097,35086T109,BZ16HK0
ACAD,ACADIA Pharmaceuticals Inc.,0.03,1417785,30709223.1,US0042251084,004225108,2713317
BOKF,BOK Financial Corp.,0.03,239400,30652776.0,US05561Q2012,05561Q201,2109091
SMMT,Summit Therapeutics Inc.,0.03,1746400,30631856.0,US86627T1088,86627T108,BMTVQS7
RSI,Rush Street Interactive Inc. Class A,0.03,1206307,30567819.38,US7820111000,782011100,BN6R7F9
WDFC,WD-40 Co.,0.03,152610,30517421.7,US9292361071,929236107,2944742
WAFD,Washington Federal Inc.,0.03,857832,30504505.92,US9388241096,938824109,2941981
CWT,California Water Service Group,0.03,673543,30376789.3,US1307881029,130788102,2165383
MGRC,McGrath RentCorp,0.03,278611,30365812.89,US5805891091,580589109,2551551
DK,Delek US Holdings Inc.,0.03,679885,30261681.35,US24665A1034,24665A103,BF5P189
PENG,Penguin Solutions Inc.,0.03,541381,30225301.23,US7069151055,706915105,BRJHSZ1
AEHR,Aehr Test Systems,0.03,325954,30095332.82,US00760J1088,00760J108,2096977
ASH,Ashland Global Holdings Inc.,0.03,517895,29986120.5,US0441861046,044186104,BYND5N1
SUPN,Supernus Pharmaceuticals Inc.,0.03,649089,29974930.02,US8684591089,868459108,B72ZBG4
AMPX,Amprius Technologies Inc.,0.03,1477391,29961489.48,US03214Q1085,03214Q108,BPSKN52
APAM,Artisan Partners Asset Management Inc. Class A,0.03,796988,29839230.72,US04316A1088,04316A108,B8FW545
LCII,LCI Industries,0.03,273330,29798436.6,US50189K1034,50189K103,BYQ44Y5
GPOR,Gulfport Energy Corp.,0.03,176689,29787998.51,US4026355028,402635502,BND7X43
SMG,Scotts Miracle-Gro Co.,0.03,504701,29777359.0,US8101861065,810186106,2781518
PTON,Peloton Interactive Inc. Class A,0.03,4638159,29684217.6,US70614W1009,70614W100,BJ7WJS2
WK,Workiva Inc. Class A,0.03,593747,29556725.66,US98139A1051,98139A105,BSS6HY8
DX,Dynex Capital Inc.,0.03,2256350,29535621.5,US26817Q8868,26817Q886,BJN4K01
MCY,Mercury General Corp.,0.03,300783,29485757.49,US5894001008,589400100,2578464
TRMK,Trustmark Corp.,0.03,666940,29452070.4,US8984021027,898402102,2340210
TRN,Trinity Industries Inc.,0.03,907826,29449875.44,US8965221091,896522109,2904627
DBRG,DigitalBridge Group Inc.,0.03,1880484,29410769.76,US25401T6038,25401T603,BPW6ZP0
SHAK,Shake Shack Inc. Class A,0.03,455687,29305230.97,US8190471016,819047101,BV0LCR0
IDYA,Ideaya Biosciences Inc.,0.03,992549,29250419.03,US45166A1025,45166A102,BK0VHF6
BCC,Boise Cascade Co.,0.03,419248,29229970.56,US09739D1000,09739D100,B9BP4R1
BANC,Banc of California Inc.,0.03,1517967,29175325.74,US05990K1060,05990K106,BCD47X4
IMVT,Immunovant Inc.,0.03,875748,29162408.4,US45258J1025,45258J102,BJRFSB7
WU,Western Union Co.,0.03,3586477,29158058.01,US9598021098,959802109,B1F76F9
IVT,InvenTrust Properties Corp.,0.03,878462,29103446.06,US46124J2015,46124J201,BKP4ZK1
CTRI,Centuri Holdings Inc.,0.03,946748,29103033.52,US1559231055,155923105,BMDPVF7
XXI,Twenty One Capital Inc. Class A,0.03,3924062,28724133.84,US90138L1098,90138L109,BQ5JC96
JOE,St. Joe Co.,0.03,451019,28698338.97,US7901481009,790148100,2768663
LINE,Lineage Inc.,0.03,645961,28687128.01,US53566V1061,53566V106,BP5DSY8
EWTX,Edgewise Therapeutics Inc.,0.03,839022,28660991.52,US28036F1057,28036F105,BKY5JZ8
FRVO,Fervo Energy Co. Class A,0.03,780326,28606751.16,US31556C1062,31556C106,BVK0QZ3
MPT,Medical Properties Trust Inc.,0.03,5580786,28517816.46,US58463J3041,58463J304,B0JL5L9
FRPT,Freshpet Inc.,0.03,552593,28513798.8,US3580391056,358039105,BS7K7M9
HUBG,Hub Group Inc. Class A,0.03,685719,28484767.26,US4433201062,443320106,2407632
DGII,Digi International Inc.,0.03,426081,28462210.8,US2537981027,253798102,2269661
BRZE,Braze Inc. Class A,0.03,1110081,28451376.03,US10576N1028,10576N102,BPLQR66
HUN,Huntsman Corp.,0.03,1848683,28377284.05,US4470111075,447011107,B0650B9
KMT,Kennametal Inc.,0.03,862527,28290885.6,US4891701009,489170100,2488121
FSLY,Fastly Inc. Class A,0.03,1590239,28250595.84,US31188V1008,31188V100,BJN4MY9
AEO,American Eagle Outfitters Inc.,0.03,1784435,28194073.0,US02553E1064,02553E106,2048592
PRVA,Privia Health Group Inc.,0.03,1308972,28155987.72,US74276R1023,74276R102,BMDP209
FRME,First Merchants Corp.,0.03,698301,28141530.3,US3208171096,320817109,2342410
WERN,Werner Enterprises Inc.,0.03,677890,28139213.9,US9507551086,950755108,2948852
LLYVA,Liberty Live Holdings Inc. Class A,0.03,290734,28003498.88,US5309091008,530909100,BVV5T25
UI,Ubiquiti Inc.,0.03,47853,27939452.58,US90353W1036,90353W103,BK9Z6V8
ICHR,Ichor Holdings Ltd.,0.03,389818,27879783.36,KYG4740B1059,G4740B105,BD2B5Y0
COHU,Cohu Inc.,0.03,528363,27871148.25,US1925761066,192576106,2208426
ALHC,Alignment Healthcare Inc.,0.03,1812475,27767117.0,US01625V1044,01625V104,BNNLSZ1
GOLF,Acushnet Holdings Corp.,0.03,312286,27724751.08,US0050981085,005098108,BD3WG50
PFSI,PennyMac Financial Services Inc.,0.03,330050,27681293.5,US70932M1071,70932M107,BGYTGH3
NGVT,Ingevity Corp.,0.03,407136,27611963.52,US45688C1071,45688C107,BD4LHG4
WRBY,Warby Parker Inc. Class A,0.03,1125131,27588212.12,US93403J1060,93403J106,BLGZN51
FBNC,First Bancorp/Southern Pines NC,0.03,468892,27584916.36,US3189101062,318910106,2351494
BBT,Berkshire Hills Bancorp Inc.,0.03,948049,27578745.41,US0846801076,084680107,2606570
AMSC,American Superconductor Corp.,0.03,539015,27457424.1,US0301112076,030111207,BWH64F7
CARG,Cargurus Inc.,0.03,919298,27450238.28,US1417881091,141788109,BF5D6S8
PK,Park Hotels & Resorts Inc.,0.03,2260087,27414855.31,US7005171050,700517105,BYVMVV0
OSW,OneSpaWorld Holdings Ltd.,0.03,1153888,27404840.0,BSP736841136,P73684113,BJY21L2
NBTB,NBT Bancorp Inc.,0.03,591303,27341850.72,US6287781024,628778102,2626459
CLDX,Celldex Therapeutics Inc.,0.03,869388,27324864.84,US15117B2025,15117B202,BJLV8T9
CALX,Calix Inc.,0.03,683155,27155411.25,US13100M5094,13100M509,B3S4L67
MTX,Minerals Technologies Inc.,0.03,352532,27152014.64,US6031581068,603158106,2595612
PENN,Penn National Gaming Inc.,0.03,1441619,27145685.77,US7075691094,707569109,2682105
BUSE,First Busey Corp.,0.03,990156,27100569.72,US3193832041,319383204,BZ1LBM5
ARQT,Arcutis Biotherapeutics Inc.,0.03,1262128,27085266.88,US03969K1088,03969K108,BKX9VD3
CUBI,Customers Bancorp Inc.,0.03,359755,27031990.7,US23204G1004,23204G100,B6XHXY4
PBI,Pitney Bowes Inc.,0.03,1676273,26987995.3,US7244791007,724479100,2690506
DFTX,Definium Therapeutics Inc.,0.03,1114958,26970834.02,CA24477V1058,24477V105,BV2DHY6
DNOW,NOW Inc.,0.03,2101914,26883480.06,US67011P1003,67011P100,BMH0MV1
RAMP,LiveRamp Holdings Inc.,0.03,714712,26844582.72,US53815P1084,53815P108,BGLN838
ANDE,Andersons Inc.,0.03,380152,26834929.68,US0341641035,034164103,2274922
ROG,Rogers Corp.,0.03,189350,26796812.0,US7751331015,775133101,2746700
VAC,Marriott Vacations Worldwide Corp.,0.03,313340,26596299.2,US57164Y1073,57164Y107,B45K9N8
TBBK,Bancorp Inc.,0.03,479494,26448889.04,US05969A1051,05969A105,B05BRL7
TARS,Tarsus Pharmaceuticals Inc.,0.03,442095,26260443.0,US87650L1035,87650L103,BMH5RL1
RARE,Ultragenyx Pharmaceutical Inc.,0.03,1092326,26150284.44,US90400D1081,90400D108,BJ62Z18
KVYO,Klaviyo Inc. Class A,0.03,1647726,26099979.84,US49845K1016,49845K101,BN4JNC6
TMDX,TransMedics Group Inc.,0.03,386992,26005862.4,US89377M1099,89377M109,BK6TM04
IBRX,ImmunityBio Inc.,0.03,3457550,26000776.0,US45256X1037,45256X103,BNSP0B8
HE,Hawaiian Electric Industries Inc.,0.03,1954002,25988226.6,US4198701009,419870100,2415204
LOAR,Loar Holdings Inc.,0.03,402948,25982087.04,US53947R1059,53947R105,BLDCK32
BATRK,Atlanta Braves Holdings Inc.,0.03,523309,25956126.4,US0477263026,047726302,BRF2GD4
BANF,BancFirst Corp.,0.03,235170,25936899.3,US05945F1030,05945F103,2078782
ABM,ABM Industries Inc.,0.03,663519,25917052.14,US0009571003,000957100,2024901
NHC,National HealthCare Corp.,0.03,140496,25910272.32,US6359061008,635906100,2139731
VERA,Vera Therapeutics Inc. Class A,0.03,729440,25909708.8,US92337R1014,92337R101,BL55460
RH,RH,0.03,174306,25882697.94,US74967X1037,74967X103,BYXR425
WAY,Waystar Holding Corp.,0.03,1299173,25866534.43,US9467841055,946784105,BSWYNW8
QUBT,Quantum Computing Inc.,0.03,2156876,25796236.96,US74766W1080,74766W108,BFYDQ34
CLMT,Calumet Inc.,0.03,726788,25779170.36,US1314281049,131428104,BPLZLN8
MZTI,Lancaster Colony Corp.,0.03,229624,25704110.56,US5138471033,513847103,2503206
NOG,Northern Oil & Gas Inc.,0.03,1180681,25703425.37,US6655313079,665531307,BN6RJM0
CECO,CECO Environmental Corp.,0.03,343016,25640446.0,US1251411013,125141101,2011970
IMNM,Immunome Inc.,0.03,1174115,25630930.45,US45257U1088,45257U108,BM8FWX7
LEVI,Levi Strauss & Co. Class A,0.03,1100799,25538536.8,US52736R1023,52736R102,BHRWS81
ALRM,Alarm.com Holdings Inc.,0.03,565037,25488819.07,US0116421050,011642105,BYN7H26
HYMC,Hycroft Mining Holding Corp. Class A,0.03,770812,25475336.6,US44862P2083,44862P208,BS70KX1
CHH,Choice Hotels International Inc.,0.03,233856,25462241.28,US1699051066,169905106,2106780
PBH,Prestige Consumer Healthcare Inc.,0.03,535680,25460870.4,US74112D1019,74112D101,B0650P3
EFSC,Enterprise Financial Services Corp.,0.03,417898,25328797.78,US2937121059,293712105,2768889
DRH,DiamondRock Hospitality Co.,0.03,2303661,25317234.39,US2527843013,252784301,B090B96
AMRX,Amneal Pharmaceuticals Inc.,0.03,1921234,25302651.78,US03168L1052,03168L105,BFNF1D6
NMRK,Newmark Group Inc. Class A,0.03,1804124,25203612.28,US65158N1028,65158N102,BF1Q6P8
SPNT,SiriusPoint Ltd.,0.03,1176621,25120858.35,BMG8192H1060,G8192H106,BMCQX44
BANR,Banner Corp.,0.03,385604,25064260.0,US06652V2088,06652V208,2346003
AGYS,Agilysys Inc.,0.03,288843,25002250.08,US00847J1051,00847J105,2689162
IRON,Disc Medicine Inc.,0.03,359021,24977090.97,US2546041011,254604101,BMGJZJ8
CPRI,Capri Holdings Ltd.,0.03,1349016,24970286.16,VGG1890L1076,G1890L107,BJ1N1M9
BBAI,BigBear.ai Holdings Inc.,0.03,4943285,24914156.4,US08975B1098,08975B109,BM92RJ8
WT,WisdomTree Inc.,0.03,1300448,24773534.4,US97717P1049,97717P104,2476513
GPGI,GPGI Inc. Class A,0.03,2031646,24704815.36,US20459V1052,20459V105,BMYS5T7
RLAY,Relay Therapeutics Inc.,0.03,1755640,24666742.0,US75943R1023,75943R102,BN2R582
HNI,HNI Corp.,0.03,785380,24496002.2,US4042511000,404251100,2435246
TNGX,Tango Therapeutics Inc.,0.03,1113240,24469015.2,US87583X1090,87583X109,BP2P6L0
HTO,H2O America,0.03,422221,24417040.43,US7843051043,784305104,2811932
ATEN,A10 Networks Inc.,0.03,809324,24393025.36,US0021211018,002121101,BKQVBN6
CALY,Callaway Golf Co.,0.03,1581893,24361152.2,US1311931042,131193104,2173933
AMR,Alpha Metallurgical Resources Inc.,0.03,122276,24329255.72,US0207641061,020764106,BMFND53
RCUS,Arcus Biosciences Inc.,0.03,959740,24319811.6,US03969F1093,03969F109,BDZT9Y9
PLUS,ePlus Inc.,0.03,296059,24303483.31,US2942681071,294268107,2597748
BCRX,BioCryst Pharmaceuticals Inc.,0.03,2725301,24282431.91,US09058V1035,09058V103,2100362
TE,T1 Energy Inc.,0.03,2297786,24264620.16,US35834F1049,35834F104,BSKPBK7
BLBD,Blue Bird Corp.,0.03,357693,24240854.61,US0953061068,095306106,BW0FQV1
ACHC,Acadia Healthcare Co. Inc.,0.03,1044504,24232492.8,US00404A1097,00404A109,B65VZ37
SPSC,SPS Commerce Inc.,0.03,426967,24230377.25,US78463M1071,78463M107,B57VWJ3
FUN,Six Flags Entertainment Corp.,0.03,1148608,24132254.08,US83001C1080,83001C108,BPBPD09
FBK,FB Financial Corp.,0.03,456476,24051720.44,US30257X1046,30257X104,BYY5Z69
GRAL,GRAIL Inc.,0.03,335431,24043694.08,US3847471014,384747101,BSLSSX7
CXW,CoreCivic Inc.,0.02,1132966,23882923.28,US21871N1019,21871N101,BZ8VC58
DCO,Ducommun Inc.,0.02,155664,23695174.08,US2641471097,264147109,2283229
XRAY,Dentsply Sirona Inc.,0.02,2259433,23656263.51,US24906P1093,24906P109,BYNPPC6
KNTK,Kinetik Holdings Inc. Class A,0.02,514600,23645870.0,US02215L2097,02215L209,BLPNQJ1
SHLS,Shoals Technologies Group Inc. Class A,0.02,1895460,23598477.0,US82489W1071,82489W107,BMDJ085
FWONA,Liberty Media Corp-Liberty Formula One,0.02,278627,23399095.46,US5312297717,531229771,BPLYVM4
NWBI,Northwest Bancshares Inc.,0.02,1649791,23344542.65,US6673401039,667340103,B523Z73
MGNI,Magnite Inc.,0.02,1626356,23305681.48,US55955D1000,55955D100,BLPNRR6
LC,LendingClub Corp.,0.02,1303657,23270277.45,US52603A2087,52603A208,BK95GR4
IOSP,Innospec Inc.,0.02,280460,23261352.4,US45768S1050,45768S105,2245597
SHO,Sunstone Hotel Investors Inc.,0.02,2146680,23227077.6,US8678921011,867892101,B034LG1
PGNY,Progyny Inc.,0.02,907775,23202729.0,US74340E1038,74340E103,BKWD3M9
GRBK,Green Brick Partners Inc.,0.02,344766,23188961.16,US3927091013,392709101,BS7T2R6
NKTR,Nektar Therapeutics,0.02,356813,23150027.44,US6402683063,640268306,BVDKG05
WTTR,Select Energy Services Inc. Class A,0.02,1275552,22870647.36,US81617J3014,81617J301,BDHSLL5
SEZL,Sezzle Inc.,0.02,193338,22842884.7,US78435P1057,78435P105,BQC4R22
FRSH,Freshworks Inc. Class A,0.02,2349068,22809450.28,US3580541049,358054104,BPF0BB7
UNIT,Uniti Group Inc.,0.02,2029069,22766154.18,US9129321009,912932100,BSNMCG8
NWN,Northwest Natural Holding Co.,0.02,469060,22744719.4,US66765N1054,66765N105,BFNR303
THR,Thermon Group Holdings Inc.,0.02,371237,22697430.18,US88362T1034,88362T103,B3N6F00
ALGT,Allegiant Travel Co. Class A,0.02,247098,22636618.62,US01748X1028,01748X102,B15M2C3
MANE,VeraDermics Inc.,0.02,223846,22588299.86,US9229671048,922967104,BWRNHH1
OMCL,Omnicell Inc.,0.02,508214,22432565.96,US68213N1090,68213N109,2789523
AXGN,Axogen Inc.,0.02,567541,22406518.68,US05463X1063,05463X106,B7254K9
LMAT,LeMaitre Vascular Inc.,0.02,236428,22377910.2,US5255582018,525558201,B1G6TJ0
OFG,OFG Bancorp,0.02,489301,22292553.56,PR67103X1020,67103X102,B87LKR8
KWR,Quaker Chemical Corp.,0.02,155057,22255331.21,US7473161070,747316107,2715186
SYBT,Stock Yards Bancorp Inc.,0.02,309921,22233732.54,US8610251048,861025104,BLY2FB4
STC,Stewart Information Services Corp.,0.02,342015,22224134.7,US8603721015,860372101,2848736
NTST,NETSTREIT Corp.,0.02,1096778,22220722.28,US64119V3033,64119V303,BMFLYL0
PRDO,Perdoceo Education Corp.,0.02,684041,22149247.58,US71363P1066,71363P106,BKRQQR9
NEOG,Neogen Corp.,0.02,2463208,22094975.76,US6404911066,640491106,2630085
DEI,Douglas Emmett Inc.,0.02,1897385,22085561.4,US25960P1093,25960P109,B1G3M58
LBTYK,Liberty Global Ltd.,0.02,1815652,22078328.32,BMG611881274,G61188127,BS71BR5
HHH,Howard Hughes Holdings Inc.,0.02,347165,21992902.75,US44267T1025,44267T102,BR1W702
FCF,First Commonwealth Financial Corp.,0.02,1157518,21923390.92,US3198291078,319829107,2351546
SMR,NuScale Power Corp.,0.02,1729106,21907773.02,US67079K1007,67079K100,BNXK803
CRVL,CorVel Corp.,0.02,353341,21818806.75,US2210061097,221006109,2347277
CNS,Cohen & Steers Inc.,0.02,311648,21753030.4,US19247A1007,19247A100,B02H882
CXT,Crane NXT Co.,0.02,559305,21723406.2,US2244411052,224441105,BQ7W2W6
ARR,ARMOUR Residential REIT Inc.,0.02,1265445,21702381.75,US0423157058,042315705,BRJ8H91
PLAB,Photronics Inc.,0.02,668566,21628110.1,US7194051022,719405102,2687315
AAMI,Brightsphere Investment Group Inc.,0.02,299029,21622786.99,US10948W1036,10948W103,BJBLBN4
SONO,Sonos Inc.,0.02,1368397,21593304.66,US83570H1086,83570H108,BYWPZW7
RDW,Redwire Corp.,0.02,878010,21572705.7,US75776W1036,75776W103,BL5FDV8
FIVN,Five9 Inc.,0.02,885710,21567038.5,US3383071012,338307101,BKY7X18
ADMA,ADMA Biologics Inc.,0.02,2695090,21506818.2,US0008991046,000899104,B9NSBM2
UTI,Universal Technical Institute Inc.,0.02,573010,21436304.1,US9139151040,913915104,2002543
NBHC,National Bank Holdings Corp. Class A,0.02,509121,21296531.43,US6337071046,633707104,B888DV3
SRPT,Sarepta Therapeutics Inc.,0.02,1186551,21203666.37,US8036071004,803607100,B8DPDT7
RCAT,Red Cat Holdings Inc.,0.02,1460984,21184268.0,US75644T1007,75644T100,BJBLT85
CTS,CTS Corp.,0.02,328922,21120081.62,US1265011056,126501105,2239244
NTLA,Intellia Therapeutics Inc.,0.02,1501027,21119449.89,US45826J1051,45826J105,BYZM6C2
HMN,Horace Mann Educators Corp.,0.02,460023,21036851.79,US4403271046,440327104,2437112
AIN,Albany International Corp. Class A,0.02,324911,21018492.59,US0123481089,012348108,2012757
RXRX,Recursion Pharmaceuticals Inc. Class A,0.02,5819853,20893272.27,US75629V1044,75629V104,BM9FJ13
TALO,Talos Energy Inc.,0.02,1423364,20880749.88,US87484T1088,87484T108,BDT56V9
GNL,Global Net Lease Inc.,0.02,2227740,20873923.8,US3793782018,379378201,BZCFW78
DXPE,DXP Enterprises Inc./TX,0.02,143788,20857887.28,US2333774071,233377407,2276627
FIGS,Figs Inc. Class A,0.02,1768556,20798218.56,US30260D1037,30260D103,BMXXBD9
NN,NextNav Inc.,0.02,1007537,20775412.94,US65345N1063,65345N106,BNTCBL5
EZPW,EZCORP Inc. Class A,0.02,664654,20763790.96,US3023011063,302301106,2326287
BAND,Bandwidth Inc. Class A,0.02,319016,20726469.52,US05988J1034,05988J103,BD3FZ18
SPB,Spectrum Brands Holdings Inc.,0.02,262452,20652347.88,US84790A1051,84790A105,BDRYFB1
NNI,Nelnet Inc. Class A,0.02,157536,20569475.52,US64031N1081,64031N108,2196190
MD,MEDNAX Inc.,0.02,953070,20529127.8,US58502B1061,58502B106,2677640
DHC,Diversified Healthcare Trust,0.02,2465923,20516479.36,US25525P1075,25525P107,BKRN595
SKWD,Skyward Specialty Insurance Group Inc.,0.02,464928,20512623.36,US8309401029,830940102,BNNMQS3
SEM,Select Medical Holdings Corp.,0.02,1242598,20502867.0,US81619Q1058,81619Q105,B4MF0Q6
SOC,Sable Offshore Corp.,0.02,1395234,20440178.1,US78574H1041,78574H104,BNM6GH5
BW,Babcock & Wilcox Enterprises Inc.,0.02,1104738,20382416.1,US05614L2097,05614L209,BKDWYT9
PRLB,Proto Labs Inc.,0.02,268035,20306331.6,US7437131094,743713109,B6T6J81
ADPT,Adaptive Biotechnologies Corp.,0.02,1340231,20304499.65,US00650F1093,00650F109,BJ5FZ74
PDFS,PDF Solutions Inc.,0.02,415712,20299216.96,US6932821050,693282105,2782425
ADNT,Adient plc,0.02,886880,20274076.8,IE00BD845X29,G0084W101,BD845X2
CASH,Meta Financial Group Inc.,0.02,246189,20246583.36,US59100U1088,59100U108,2420316
CHCO,City Holding Co.,0.02,162823,20240527.13,US1778351056,177835105,2161778
GTY,Getty Realty Corp.,0.02,622081,20236294.93,US3742971092,374297109,2698146
NVAX,Novavax Inc.,0.02,1839965,20184416.05,US6700024010,670002401,BJDQXG4
ECPG,Encore Capital Group Inc.,0.02,252461,20179207.73,US2925541029,292554102,2443078
DDS,Dillard's Inc. Class A,0.02,34182,20174558.22,US2540671011,254067101,2269768
STRA,Strategic Education Inc.,0.02,262845,20173353.75,US86272C1036,86272C103,BGGJFV8
ZD,j2 Global Inc.,0.02,446967,20144802.69,US48123V1026,48123V102,B75DGJ3
QURE,uniQure NV,0.02,705358,20123863.74,NL0010696654,N90064101,BJFSR88
LTC,LTC Properties Inc.,0.02,537917,20123474.97,US5021751020,502175102,2498788
WOR,Worthington Industries Inc.,0.02,353328,20058430.56,US9818111026,981811102,2981932
EPAC,Enerpac Tool Group Corp. Class A,0.02,597588,20013222.12,US2927651040,292765104,BH3T5K7
PCT,PureCycle Technologies Inc.,0.02,1611425,19965555.75,US74623V1035,74623V103,BLNB073
ELVN,Enliven Therapeutics Inc.,0.02,503917,19939995.69,US29337E1029,29337E102,BMFD115
SNDR,Schneider National Inc. Class B,0.02,564209,19939146.06,US80689H1023,80689H102,BYVN953
MBC,Masterbrand Inc.,0.02,2292586,19899646.05,US57638P1049,57638P104,BPDJN76
FLYW,Flywire Corp.,0.02,1238680,19868427.2,US3024921039,302492103,BMBP1Q0
ALMS,Alumis Inc.,0.02,917688,19822060.8,US0223071020,022307102,BPLQG36
MLYS,Mineralys Therapeutics Inc.,0.02,627174,19755981.0,US6031701013,603170101,BP9N0G0
GT,Goodyear Tire & Rubber Co.,0.02,3233670,19725387.0,US3825501014,382550101,2378200
LFST,LifeStance Health Group Inc.,0.02,2555152,19700221.92,US53228F1012,53228F101,BN0TRB7
NVCR,Novocure Ltd.,0.02,1153864,19661842.56,JE00BYSS4X48,G6674U108,BYSS4X4
PEB,Pebblebrook Hotel Trust,0.02,1285062,19597195.5,US70509V1008,70509V100,B4XBDV9
TILE,Interface Inc. Class A,0.02,661222,19572171.2,US4586653044,458665304,B86V808
SMA,Smartstop Self Storage REIT Inc.,0.02,625909,19559656.25,US83192D4025,83192D402,BMHSG57
LBTYA,Liberty Global Ltd. Class A,0.02,1562153,19542534.03,BMG611881019,G61188101,BS71B31
IPAR,Inter Parfums Inc.,0.02,206920,19527040.4,US4583341098,458334109,2473150
AGIO,Agios Pharmaceuticals Inc.,0.02,663318,19501549.2,US00847X1046,00847X104,BCBVTX1
HURN,Huron Consulting Group Inc.,0.02,181046,19442529.94,US4474621020,447462102,B018V76
NRIX,Nurix Therapeutics Inc.,0.02,1094479,19437947.04,US67080M1036,67080M103,BMVLGP2
MBLY,Mobileye Global Inc. Class A,0.02,1872532,19361980.88,US60741F1049,60741F104,BLFH8G4
WD,Walker & Dunlop Inc.,0.02,385495,19347994.05,US93148P1021,93148P102,B4TZV44
FMC,FMC Corp.,0.02,1413767,19312057.22,US3024913036,302491303,2328603
VVX,Vectrus Inc.,0.02,232087,19293392.31,US92242T1016,92242T101,BQS2V17
SNDX,Syndax Pharmaceuticals Inc.,0.02,984026,19277069.34,US87164F1057,87164F105,BN7Q7R7
STEL,Stellar Bancorp Inc.,0.02,516211,19275318.74,US8589271068,858927106,BQBCZY5
HLIT,Harmonic Inc.,0.02,1273000,19235030.0,US4131601027,413160102,2510659
UFPT,UFP Technologies Inc.,0.02,87352,19226175.2,US9026731029,902673102,2908652
GEF,Greif Inc. Class A,0.02,303378,19212928.74,US3976241071,397624107,2388016
VCEL,Vericel Corp.,0.02,572771,19090457.43,US92346J1088,92346J108,BSBMN89
EFC,Ellington Financial Inc.,0.02,1405731,19075769.67,US28852N1090,28852N109,BJ7MB31
DXC,DXC Technology Co.,0.02,1923125,19058168.75,US23355L1061,23355L106,BYXD7B3
STBA,S&T Bancorp Inc.,0.02,422116,19033210.44,US7838591011,783859101,2781109
WOLF,Wolfspeed Inc.,0.02,320983,19027872.24,US97785W1062,97785W106,BVBFJH0
NCNO,nCino Inc.,0.02,1181432,18997426.56,US63947X1019,63947X101,BMC8TD1
WLY,John Wiley & Sons Inc. Class A,0.02,451001,18978122.08,US9682232064,968223206,2965668
COLM,Columbia Sportswear Co.,0.02,286645,18970166.1,US1985161066,198516106,2229126
NVRI,Harsco Corp.,0.02,913049,18945766.75,US4158641070,415864107,2412700
ADUS,Addus HomeCare Corp.,0.02,206487,18930728.16,US0067391062,006739106,B55BN47
SILA,Sila Realty Trust Inc.,0.02,623102,18842604.48,US1462805086,146280508,BSMR3P0
AGM,Federal Agricultural Mortgage Corp.,0.02,105702,18792758.58,US3131483063,313148306,2363381
HCI,HCI Group Inc.,0.02,121571,18730443.97,US40416E1038,40416E103,BBN23F5
TCBK,TriCo Bancshares,0.02,367247,18656147.6,US8960951064,896095106,2904133
XHR,Xenia Hotels & Resorts Inc.,0.02,1072018,18620952.66,US9840171030,984017103,BVV6CY1
TRVI,Trevi Therapeutics Inc.,0.02,1313808,18577245.12,US89532M1018,89532M101,BJH9ZN0
GABC,German American Bancorp Inc.,0.02,423607,18520098.04,US3738651047,373865104,2502151
CBZ,CBIZ Inc.,0.02,557407,18505912.4,US1248051021,124805102,2730781
ALG,Alamo Group Inc.,0.02,122116,18404102.36,US0113111076,011311107,2021634
IIPR,Innovative Industrial Properties Inc.,0.02,317143,18391122.57,US45781V1017,45781V101,BD0NN55
ASTH,Apollo Medical Holdings Inc.,0.02,488419,18374322.78,US03763A2078,03763A207,BX3SQS1
JBLU,JetBlue Airways Corp.,0.02,3351629,18333410.63,US4771431016,477143101,2852760
TPB,Turning Point Brands Inc.,0.02,215861,18333074.73,US90041L1052,90041L105,BYQ7X92
KOS,Kosmos Energy Ltd.,0.02,6519381,18254266.8,US5006881065,500688106,BHK15K6
FLO,Flowers Foods Inc.,0.02,2387457,18240171.48,US3434981011,343498101,2744243
TFIN,Triumph Financial Inc.,0.02,255858,18229882.5,US89679E3009,89679E300,BS7T2S7
KSS,Kohl's Corp.,0.02,1269377,18228253.72,US5002551043,500255104,2496113
PACS,PACS Group Inc.,0.02,496515,18197274.75,US69380Q1076,69380Q107,BPW6WD7
HOPE,Hope Bancorp Inc.,0.02,1447718,18154383.72,US43940T1097,43940T109,BYN87K7
FLNC,Fluence Energy Inc. Class A,0.02,959518,18115699.84,US34379V1035,34379V103,BMXC0N9
WKC,World Fuel Services Corp.,0.02,628509,18107344.29,US9814751064,981475106,2469450
STOK,Stoke Therapeutics Inc.,0.02,581949,17988043.59,US86150R1077,86150R107,BJQ05Z6
CLOV,Clover Health Investments Corp. Class A,0.02,4515738,17972637.24,US18914F1030,18914F103,BNQS7K7
SLS,SELLAS Life Sciences Group Inc.,0.02,1923244,17905401.64,US81642T2096,81642T209,BG0WPH9
LWLG,Lightwave Logic Inc.,0.02,1646810,17884356.6,US5322751042,532275104,B01Y8Q2
OCUL,Ocular Therapeutix Inc.,0.02,1971679,17764827.79,US67576A1007,67576A100,BNZB1X8
HTH,Hilltop Holdings Inc.,0.02,470586,17750503.92,US4327481010,432748101,2365428
DCH,American Axle & Manufacturing Holdings Inc.,0.02,2672248,17743726.72,US0240611030,024061103,2382416
EVTC,EVERTEC Inc.,0.02,724308,17723816.76,PR30040P1032,30040P103,B7KY3Z6
TNC,Tennant Co.,0.02,205157,17666069.27,US8803451033,880345103,2883641
GRC,Gorman-Rupp Co.,0.02,235249,17631912.55,US3830821043,383082104,2379281
MQ,Marqeta Inc. Class A,0.02,4334057,17596271.42,US57142B1044,57142B104,BN0TQD2
ZG,Zillow Group Inc. Class A,0.02,497129,17578481.44,US98954M1018,98954M101,BVYJBR3
LZB,La-Z-Boy Inc.,0.02,466790,17541968.2,US5053361078,505336107,2508405
ENVX,Enovix Corp.,0.02,2192478,17495974.44,US2935941078,293594107,BNNTCT7
QCRH,QCR Holdings Inc.,0.02,188834,17401053.1,US74727A1043,74727A104,2714257
AVPT,AvePoint Inc.,0.02,1588348,17328876.68,US0536041041,053604104,BP2Q7W1
LKFN,Lakeland Financial Corp.,0.02,285069,17283733.47,US5116561003,511656100,2537528
DCOM,Dime Community Bancshares Inc.,0.02,461033,17251854.86,US25432X1028,25432X102,BMFZ702
BWIN,BRP Group Inc. Class A,0.02,887732,17239755.44,US05589G1022,05589G102,BKTPCS7
INVA,Innoviva Inc.,0.02,803855,17218574.1,US45781M1018,45781M101,BDDXF67
VPG,Vishay Precision Group Inc.,0.02,137376,17214586.56,US92835K1034,92835K103,B603LG3
PRGO,Perrigo Co. plc,0.02,1557334,17208540.7,IE00BGH1M568,G97822103,BGH1M56
CNOB,ConnectOne Bancorp Inc.,0.02,566954,17048306.78,US20786W1071,20786W107,BNQ4YF9
ECVT,Ecovyst Inc.,0.02,1290285,17018859.15,US27923Q1094,27923Q109,BM8NHT2
PAYO,Payoneer Global Inc.,0.02,3268248,16994889.6,US70451X1046,70451X104,BLSPX60
VRDN,Viridian Therapeutics Inc.,0.02,961722,16945541.64,US92790C1045,92790C104,BMDH2B6
DJT,Trump Media & Technology Group Corp.,0.02,1814504,16893032.24,US25400Q1058,25400Q105,BM8V9W3
XPRO,Expro Group Holdings NV,0.02,1143505,16889568.85,NL0010556684,N3144W105,BCRY5H0
STAA,STAAR Surgical Co.,0.02,563207,16834257.23,US8523123052,852312305,2836292
BKSY,BlackSky Technology Inc. Class A,0.02,346258,16783125.26,US09263B2079,09263B207,BSQNQM2
TIC,TIC Solutions Inc.,0.02,2054091,16781923.47,US00510N1028,00510N102,BMCG195
LPG,Dorian LPG Ltd.,0.02,415979,16730675.38,MHY2106R1100,Y2106R110,BM4QJF5
KOD,Kodiak Sciences Inc.,0.02,455317,16714687.07,US50015M1099,50015M109,BFXC933
HLMN,Hillman Solutions Corp.,0.02,2235798,16679053.08,US4316361090,431636109,BNT8W21
PRCT,Procept Biorobotics Corp.,0.02,632794,16661466.02,US74276L1052,74276L105,BMYRFV6
BL,Blackline Inc.,0.02,565861,16636313.4,US09239B1098,09239B109,BD3WZS6
ARDX,Ardelyx Inc.,0.02,2751033,16616239.32,US0396971071,039697107,BN89V40
MAN,ManpowerGroup Inc.,0.02,524471,16589017.73,US56418H1005,56418H100,2562490
GBX,Greenbrier Cos. Inc.,0.02,349804,16479266.44,US3936571013,393657101,2387530
MCRI,Monarch Casino & Resort Inc.,0.02,137016,16477544.16,US6090271072,609027107,2599197
PRG,PROG Holdings Inc.,0.02,447592,16457957.84,US74319R1014,74319R101,BLFGN66
PUMP,ProPetro Holding Corp.,0.02,1077209,16438209.34,US74347M1080,74347M108,BYXR9C0
HCSG,Healthcare Services Group Inc.,0.02,797684,16432290.4,US4219061086,421906108,2417619
RLJ,RLJ Lodging Trust,0.02,1684894,16394018.62,US74965L1017,74965L101,B3PY1N7
KMPR,Kemper Corp.,0.02,664474,16392573.58,US4884011002,488401100,B52KRV2
VSTS,Vestis Corp.,0.02,1266951,16369006.92,US29430C1027,29430C102,BP5JNQ3
IE,Ivanhoe Electric Inc. / US,0.02,1211470,16306386.2,US46578C1080,46578C108,BPF0KH6
WWW,Wolverine World Wide Inc.,0.02,928140,16288857.0,US9780971035,978097103,2977500
ARI,Apollo Commercial Real Estate Finance Inc.,0.02,1483048,16254206.08,US03762U1051,03762U105,B4JTYX6
MIAX,Miami International Holdings Inc.,0.02,344003,16254141.75,US59356Q1085,59356Q108,BRT7Y75
CMPR,Cimpress plc,0.02,164713,16234113.28,IE00BKYC3F77,G2143T103,BKYC3F7
ALKT,Alkami Technology Inc.,0.02,891628,16200880.76,US01644J1088,01644J108,BMHR7L7
NWL,Newell Brands Inc.,0.02,4744945,16132813.0,US6512291062,651229106,2635701
FTRE,Fortrea Holdings Inc.,0.02,1046734,16109236.26,US34965K1079,34965K107,BRXYZ57
BFC,Bank First Corp.,0.02,115417,16045271.34,US06211J1007,06211J100,BNZLBS3
ARLO,Arlo Technologies Inc.,0.02,1200373,16012975.82,US04206A1016,04206A101,BYWPZY9
ANIP,ANI Pharmaceuticals Inc.,0.02,203460,15973644.6,US00182C1036,00182C103,BCDWBX6
CRI,Carter's Inc.,0.02,412899,15933772.41,US1462291097,146229109,2980939
LEG,Leggett & Platt Inc.,0.02,1532687,15740695.49,US5246601075,524660107,2510682
ARRY,Array Technologies Inc.,0.02,1729034,15699628.72,US04271T1007,04271T100,BLBLMD5
MBIN,Merchants Bancorp/IN,0.02,332609,15679188.26,US58844R1086,58844R108,BYZ1PQ6
OBK,Origin Bancorp Inc.,0.02,328614,15661743.24,US68621T1025,68621T102,BDFFBM9
PRGS,Progress Software Corp.,0.02,476787,15652917.21,US7433121008,743312100,2705198
CAPR,Capricor Therapeutics Inc.,0.02,521187,15614762.52,US14070B3096,14070B309,BK7Y2Z3
BKE,Buckle Inc.,0.02,340334,15611120.58,US1184401065,118440106,2149934
ATRC,AtriCure Inc.,0.02,563298,15586455.66,US04963C2098,04963C209,B0C8KV2
SAIL,SailPoint Inc.,0.02,824493,15525203.19,US78781J1097,78781J109,BRXZ3P6
WS,Worthington Steel Inc.,0.02,367940,15523388.6,US9821041012,982104101,BS70KN1
TTI,TETRA Technologies Inc.,0.02,1514264,15490920.72,US88162F1057,88162F105,2884280
IOVA,Iovance Biotherapeutics Inc.,0.02,3775470,15479427.0,US4622601007,462260100,BF0DMK7
LINC,Lincoln Educational Services Corp.,0.02,333040,15426412.8,US5335351004,533535100,B0BV2Y9
SAM,Boston Beer Co. Inc. Class A,0.02,87012,15425487.36,US1005571070,100557107,2113393
NEO,NeoGenomics Inc.,0.02,1466229,15424729.08,US64049M2098,64049M209,2598246
WABC,Westamerica Bancorporation,0.02,277680,15408463.2,US9570901036,957090103,2950374
NBR,Nabors Industries Ltd.,0.02,165571,15336841.73,BMG6359F1370,G6359F137,BK953M8
TDOC,Teladoc Health Inc.,0.02,2007235,15275058.35,US87918A1051,87918A105,BYQRFY1
LOB,Live Oak Bancshares Inc.,0.02,400766,15241130.98,US53803X1054,53803X105,BYN5Z59
SRCE,1st Source Corp.,0.02,206325,15230911.5,US3369011032,336901103,2341848
AI,C3.ai Inc. Class A,0.02,1413259,15220799.43,US12468P1049,12468P104,BMGNBJ2
TNET,TriNet Group Inc.,0.02,332208,15175261.44,US8962881079,896288107,2693914
NSSC,Napco Security Technologies Inc.,0.02,403776,15153713.28,US6304021057,630402105,2622253
OI,O-I Glass Inc.,0.02,1725148,15095045.0,US67098H1041,67098H104,BKLKXD2
YELP,Yelp Inc. Class A,0.02,660757,15065259.6,US9858171054,985817105,B7KCD72
EYE,National Vision Holdings Inc.,0.02,897689,15036290.75,US63845R1077,63845R107,BYP71H7
CCS,Century Communities Inc.,0.02,284513,15027976.66,US1565043007,156504300,BN7ZZ47
REX,REX American Resources Corp.,0.02,320343,14979238.68,US7616241052,761624105,2063670
KW,Kennedy-Wilson Holdings Inc.,0.02,1358579,14957954.79,US4893981070,489398107,B298495
TRS,TriMas Corp.,0.02,363574,14881083.82,US8962152091,896215209,B1XHRL4
SEB,Seaboard Corp.,0.02,2916,14818907.88,US8115431079,811543107,2786687
TSHA,Taysha Gene Therapies Inc.,0.02,2513965,14756974.55,US8776191061,877619106,BNC1BX1
SLVM,Sylvamo Corp.,0.02,375013,14726760.51,US8713321029,871332102,BMW72C8
ENOV,Enovis Corp.,0.02,647518,14685708.24,US1940145022,194014502,BJLTMX5
DV,DoubleVerify Holdings Inc.,0.02,1513329,14679291.3,US25862V1052,25862V105,BMDX9Z7
TWO,Two Harbors Investment Corp.,0.02,1185173,14613183.09,US90187B8046,90187B804,BP9S504
UVV,Universal Corp./VA,0.02,281643,14608822.41,US9134561094,913456109,2923804
SBH,Sally Beauty Holdings Inc.,0.02,1097295,14572077.6,US79546E1047,79546E104,B1GZ005
AESI,Atlas Energy Solutions Inc.,0.02,870289,14525123.41,US6420451089,642045108,BL6JGD2
INTA,Intapp Inc.,0.02,628641,14515320.69,US45827U1097,45827U109,BP7L594
FA,First Advantage Corp.,0.02,906919,14510704.0,US31846B1089,31846B108,BNKGY06
TRIP,TripAdvisor Inc.,0.02,1295150,14479777.0,US8969452015,896945201,B6ZC3N6
HLX,Helix Energy Solutions Group Inc.,0.02,1547621,14470256.35,US42330P1075,42330P107,2037062
WLDN,Willdan Group Inc.,0.02,158650,14411766.0,US96924N1000,96924N100,B1HP598
ICFI,ICF International Inc.,0.01,208749,14370281.16,US44925C1036,44925C103,B1FP363
RYZ,Ryerson Holding Corp.,0.01,499723,14292077.8,US7837541041,783754104,B3TPPZ6
BHVN,Biohaven Ltd.,0.01,1292144,14226505.44,VGG1110E1079,G1110E107,BPLZ7S5
HRMY,Harmony Biosciences Holdings Inc.,0.01,449038,14185110.42,US4131971040,413197104,BKSGZN7
CENTA,Central Garden & Pet Co. Class A,0.01,412280,14071116.4,US1535272058,153527205,B1P36Y6
ORC,Orchid Island Capital Inc.,0.01,2071394,14044051.32,US68571X3017,68571X301,BMYSHK2
PURR,Hyperliquid Strategies Inc.,0.01,1403256,14018527.44,US44916Y1064,44916Y106,BVLJ392
HLF,Herbalife Nutrition Ltd.,0.01,1170035,13993618.6,KYG4412G1010,G4412G101,B0539H3
NSP,Insperity Inc.,0.01,405862,13990063.14,US45778Q1076,45778Q107,2007281
CNXC,Concentrix Corp.,0.01,493933,13973364.57,US20602D1019,20602D101,BNKVVY4
PRA,ProAssurance Corp.,0.01,578850,13886611.5,US74267C1062,74267C106,2612737
NPKI,Newpark Resources Inc.,0.01,956129,13882993.08,US6517185046,651718504,2636878
SAH,Sonic Automotive Inc. Class A,0.01,167802,13863801.24,US83545G1022,83545G102,2125246
ADTN,ADTRAN Holdings Inc.,0.01,834897,13817545.35,US00486H1059,00486H105,BPLJ828
GLUE,Monte Rosa Therapeutics Inc.,0.01,699151,13780266.21,US61225M1027,61225M102,BP7KZP7
WEN,Wendy's Co.,0.01,1787911,13766914.7,US95058W1009,95058W100,B3NXMJ9
PPC,Pilgrim's Pride Corp.,0.01,484514,13716591.34,US72147K1088,72147K108,B5L3PZ2
UMH,UMH Properties Inc.,0.01,912938,13712328.76,US9030021037,903002103,2908191
PEBO,Peoples Bancorp Inc./OH,0.01,394024,13704154.72,US7097891011,709789101,2679419
ACT,Enact Holdings Inc.,0.01,327544,13688063.76,US29249E1091,29249E109,BNZFTG9
USLM,United States Lime & Minerals Inc.,0.01,119649,13638789.51,US9119221029,911922102,2724115
GIII,G-III Apparel Group Ltd.,0.01,421234,13618495.22,US36237H1014,36237H101,2369721
SBET,SHARPLINK Inc.,0.01,2227002,13606982.22,US8200144058,820014405,BQ71Y50
ATEX,Anterix Inc.,0.01,211825,13561036.5,US03676C1009,03676C100,BJVNMJ3
AMLX,Amylyx Pharmaceuticals Inc.,0.01,944554,13554349.9,US03237H1014,03237H101,BPCK358
IMKTA,Ingles Markets Inc. Class A,0.01,152694,13507311.24,US4570301048,457030104,2460550
PAY,Paymentus Holdings Inc. Class A,0.01,571297,13419766.53,US70439P1084,70439P108,BMBP1P9
PNTG,Pennant Group Inc.,0.01,391595,13412128.75,US70805E1091,70805E109,BKTC976
REYN,Reynolds Consumer Products Inc.,0.01,618916,13411909.72,US76171L1061,76171L106,BKV9674
COUR,Coursera Inc.,0.01,2472383,13326144.37,US22266M1045,22266M104,BNSNZL7
ALNT,Allied Motion Technologies Inc.,0.01,168311,13323498.76,US0193301092,019330109,2414717
CDNA,CareDx Inc.,0.01,582390,13290139.8,US14167L1035,14167L103,BP3YM74
TNDM,Tandem Diabetes Care Inc.,0.01,767808,13206297.6,US8753722037,875372203,BF3W461
HROW,Harrow Inc.,0.01,373186,13139879.06,US4158581094,415858109,BHNDW86
AIP,Arteris Inc.,0.01,365497,13139617.15,US04302A1043,04302A104,BMG97J2
JJSF,J&J Snack Foods Corp.,0.01,171874,13083048.88,US4660321096,466032109,2469171
MNKD,MannKind Corp.,0.01,3469167,13078759.59,US56400P7069,56400P706,BF081J4
UPWK,Upwork Inc.,0.01,1479715,13051086.3,US91688F1049,91688F104,BGRFWV4
ASTE,Astec Industries Inc.,0.01,258880,13037196.8,US0462241011,046224101,2060370
AVNS,Avanos Medical Inc.,0.01,525644,13035971.2,US05350V1061,05350V106,BFFVV54
XPEL,XPEL Inc.,0.01,284652,13014289.44,US98379L1008,98379L100,BJV2ZZ7
UA,Under Armour Inc. Class C,0.01,2266344,12986151.12,US9043112062,904311206,BDF9YM2
NUVB,Nuvation Bio Inc.,0.01,2712574,12966103.72,US67080N1019,67080N101,BLNB9R6
PWP,Perella Weinberg Partners Class A,0.01,754767,12951801.72,US71367G1022,71367G102,BLFB3Y9
AGL,agilon health Inc.,0.01,139955,12915047.4,US00857U2069,00857U206,BWBR5L9
ROCK,Gibraltar Industries Inc.,0.01,333634,12894954.1,US3746891072,374689107,2369226
LNN,Lindsay Corp.,0.01,117966,12892504.14,US5355551061,535555106,2516613
SCL,Stepan Co.,0.01,243425,12865011.25,US8585861003,858586100,2845005
CIM,Chimera Investment Corp.,0.01,943727,12853561.74,US16934Q8024,16934Q802,BN13RW9
NWPX,Northwest Pipe Co.,0.01,108675,12819303.0,US6677461013,667746101,2035925
LCID,Lucid Group Inc.,0.01,1956296,12813738.8,US5494982029,549498202,BVY4KF9
ACVA,ACV Auctions Inc. Class A,0.01,1949452,12807899.64,US00091G1040,00091G104,BMFPJK6
LADR,Ladder Capital Corp. Class A,0.01,1251766,12793048.52,US5057431042,505743104,BJ367P1
RAPP,Rapport Therapeutics Inc.,0.01,323186,12765847.0,US75383L1026,75383L102,BR3T9B6
IDT,IDT Corp. Class B,0.01,231218,12753984.88,US4489475073,448947507,2757304
CSR,Centerspace,0.01,188827,12742045.96,US15202L1070,15202L107,BN47P80
ABR,Arbor Realty Trust Inc.,0.01,2214008,12730546.0,US0389231087,038923108,B00N2S0
GBTG,Global Business Travel Group I,0.01,1362235,12723274.9,US37890B1008,37890B100,BPY03W3
TGLS,Tecnoglass Inc.,0.01,295252,12722408.68,KYG872641009,G87264100,BHCVTN5
HFWA,Heritage Financial Corp./WA,0.01,466731,12718419.75,US42722X1063,42722X106,2619880
CLVT,Clarivate plc,0.01,5024126,12711038.78,JE00BJJN4441,G21810109,BJJN444
PZZA,Papa John's International Inc.,0.01,371420,12706278.2,US6988131024,698813102,2696117
OSBC,Old Second Bancorp Inc.,0.01,595002,12685442.64,US6802771005,680277100,2658429
AOSL,Alpha & Omega Semiconductor Ltd.,0.01,279692,12684032.2,BMG6331P1041,G6331P104,B5Q3KZ2
UVSP,Univest Financial Corp.,0.01,321565,12682523.6,US9152711001,915271100,2690636
WINA,Winmark Corp.,0.01,33482,12675280.74,US9742501029,974250102,2391092
FIGR,Figure Technology Solutions Inc. Class A,0.01,358339,12667283.65,US3493811034,349381103,BVLD6Y0
AMN,AMN Healthcare Services Inc.,0.01,435461,12615305.17,US0017441017,001744101,2813552
ENR,Energizer Holdings Inc.,0.01,690454,12580071.88,US29272W1099,29272W109,BYZFPN5
NEXT,NextDecade Corp.,0.01,1588407,12564299.37,US65342K1051,65342K105,BYX38K9
WGS,GeneDx Holdings Corp. Class A,0.01,241411,12550957.89,US81663L2007,81663L200,BR841G5
CMP,Compass Minerals International Inc.,0.01,393038,12545772.96,US20451N1019,20451N101,2202763
AAT,American Assets Trust Inc.,0.01,538139,12538638.7,US0240131047,024013104,B3NTLD4
CNMD,CONMED Corp.,0.01,350833,12524738.1,US2074101013,207410101,2216010
MLKN,Herman Miller Inc.,0.01,772910,12505683.8,US6005441000,600544100,2594222
AMRC,Ameresco Inc. Class A,0.01,347389,12499056.22,US02361E1082,02361E108,B3SWPT2
SKYT,SkyWater Technology Inc.,0.01,319265,12444949.7,US83089J1088,83089J108,BMDXB06
PVLA,Palvella Therapeutics Inc.,0.01,105052,12444459.92,US6979471090,697947109,BTCG280
BLKB,Blackbaud Inc.,0.01,405340,12439884.6,US09227Q1004,09227Q100,2458878
GPRE,Green Plains Inc.,0.01,791446,12401958.82,US3932221043,393222104,B11FJD6
ANAB,AnaptysBio Inc.,0.01,222565,12390193.55,US0327241065,032724106,BDRW1L7
DLX,Deluxe Corp.,0.01,509477,12375196.33,US2480191012,248019101,2260363
MUX,McEwen Inc.,0.01,564691,12361085.99,US58039P3055,58039P305,BQGD8H7
PRKS,SeaWorld Entertainment Inc.,0.01,307665,12346596.45,US81282V1008,81282V100,B84KWJ4
AHCO,AdaptHealth Corp.,0.01,1216019,12318272.47,US00653Q1022,00653Q102,BKDRF35
TMP,Tompkins Financial Corp.,0.01,142798,12302047.7,US8901101092,890110109,2888613
CEVA,CEVA Inc.,0.01,307329,12287013.42,US1572101053,157210105,2986937
BY,Byline Bancorp Inc.,0.01,369823,12237443.07,US1244111092,124411109,BD5G2C9
PFBC,Preferred Bank/Los Angeles CA,0.01,127565,12223278.3,US7403674044,740367404,2763602
BHRB,Burke & Herbert Financial Services Corp.,0.01,191972,12209419.2,US12135Y1082,12135Y108,BQ1PC32
NNE,NANO Nuclear Energy Inc.,0.01,422697,12207489.36,US63010H1086,63010H108,BPDH477
OCFC,OceanFirst Financial Corp.,0.01,648784,12190651.36,US6752341080,675234108,2125901
INSP,Inspire Medical Systems Inc.,0.01,294532,12181843.52,US4577301090,457730109,BDT5KT5
IART,Integra LifeSciences Holdings Corp.,0.01,758492,12166211.68,US4579852082,457985208,2248693
VIR,Vir Biotechnology Inc.,0.01,1274236,12156211.44,US92764N1028,92764N102,BK4PZ38
UAMY,US Antimony Corp.,0.01,1348372,12108380.56,US9115491030,911549103,2910668
UMAC,Unusual Machines Inc. /US,0.01,378834,12039344.52,US91532F1021,91532F102,BQXNTY4
COLL,Collegium Pharmaceutical Inc.,0.01,357170,12004483.7,US19459J1043,19459J104,BX7RSN3
KALV,KalVista Pharmaceuticals Inc.,0.01,446272,11991328.64,US4834971032,483497103,BD06CS0
SG,Sweetgreen Inc. Class A,0.01,1203612,11987975.52,US87043Q1085,87043Q108,BMQ89L5
FDP,Fresh Del Monte Produce Inc.,0.01,372602,11975428.28,KYG367381053,G36738105,2118707
EYPT,EyePoint Inc.,0.01,880623,11958860.34,US30233G2093,30233G209,BMGS7L1
CRK,Comstock Resources Inc.,0.01,896229,11946732.57,US2057683029,205768302,BD82PS1
DFIN,Donnelley Financial Solutions Inc.,0.01,300873,11941649.37,US25787G1004,25787G100,BYND5T7
THRM,Gentherm Inc.,0.01,344034,11934539.46,US37253A1034,37253A103,B8JFD24
DEA,Easterly Government Properties Inc. Class A,0.01,494699,11862882.02,US27616P3010,27616P301,BTTRRD6
VTOL,Bristow Group Inc.,0.01,284620,11851576.8,US11040G1031,11040G103,BMBT0Z4
FG,F&G Annuities & Life Inc.,0.01,425945,11807195.4,US30190A1043,30190A104,BM9XCN0
SAFT,Safety Insurance Group Inc.,0.01,168180,11801190.6,US78648T1007,78648T100,2958538
GHM,Graham Corp.,0.01,117810,11797493.4,US3845561063,384556106,2380904
KOPN,Kopin Corp.,0.01,2065673,11794992.83,US5006001011,500600101,2492412
INVX,Innovex International Inc.,0.01,437475,11684957.25,US4576511079,457651107,BSPRSL8
PRCH,Porch Group Inc.,0.01,1121292,11683862.64,US7332451043,733245104,BNGJQZ8
NTSK,Netskope Inc. Class A,0.01,961295,11670121.3,US64119N6085,64119N608,BQT3J26
PDM,Piedmont Office Realty Trust Inc. Class A,0.01,1404301,11669741.31,US7201902068,720190206,B3M3278
PLOW,Douglas Dynamics Inc.,0.01,261325,11642028.75,US25960R1059,25960R105,B3N5WD9
SVC,Service Properties Trust,0.01,6485317,11608717.43,US81761L1026,81761L102,BKRT1C8
RUM,Rumble Inc.,0.01,1262945,11606464.55,US78137L1052,78137L105,BMGCGK5
CTBI,Community Trust Bancorp Inc.,0.01,173481,11598939.66,US2041491083,204149108,2706470
XERS,Xeris Biopharma Holdings Inc.,0.01,1878014,11568566.24,US98422E1038,98422E103,BLR7H87
LIND,Lindblad Expeditions Holdings Inc.,0.01,501107,11500405.65,US5352191093,535219109,BYMBW46
SGRY,Surgery Partners Inc.,0.01,857862,11461036.32,US86881A1007,86881A100,BYTC1B2
INDI,indie Semiconductor Inc. Class A,0.01,2294970,11451900.3,US45569U1016,45569U101,BP4W0C8
FCEL,FuelCell Energy Inc.,0.01,528109,11438840.94,US35952H7008,35952H700,BSPS0J3
CVI,CVR Energy Inc.,0.01,341538,11345892.36,US12662P1084,12662P108,B23PS12
UPBD,Rent-A-Center Inc./TX,0.01,589949,11332920.29,US76009N1000,76009N100,2733092
INBX,Inhibrx Biosciences Inc.,0.01,108623,11297878.23,US45720N1037,45720N103,BNSP8K3
VYX,NCR Corp.,0.01,1567832,11272712.08,US62886E1082,62886E108,2632650
MRTN,Marten Transport Ltd.,0.01,652482,11248789.68,US5730751089,573075108,2568357
BJRI,BJ's Restaurants Inc.,0.01,238978,11243914.9,US09180C1062,09180C106,2200552
VERX,Vertex Inc. Class A,0.01,834411,11139386.85,US92538J1060,92538J106,BMX6DM1
MCB,Metropolitan Bank Holding Corp.,0.01,124081,11107731.12,US5917741044,591774104,BDBRDR8
BRBR,BellRing Brands Inc.,0.01,1328519,11106418.84,US07831C1036,07831C103,BN70ZC0
SMPL,Simply Good Foods Co.,0.01,962075,11083104.0,US82900L1026,82900L102,BF27XF9
MFA,MFA Financial Inc.,0.01,1152786,11066745.6,US55272X6076,55272X607,BMZM2X1
EIG,Employers Holdings Inc.,0.01,253936,11046216.0,US2922181043,292218104,B1Q1RR9
USPH,US Physical Therapy Inc.,0.01,171827,11041603.02,US90337L1089,90337L108,2911166
UFCS,United Fire Group Inc.,0.01,247936,10991002.88,US9103401082,910340108,B4WXG84
EFOR,ASGN Inc.,0.01,484330,10984604.4,US00191U1025,00191U102,BFY8W20
BKV,BKV Corp.,0.01,413572,10976200.88,US05603J1088,05603J108,BSRK6R7
TDAY,Gannett Co. Inc.,0.01,1404359,10968043.79,US36472T1097,36472T109,BKPH157
LGIH,LGI Homes Inc.,0.01,229013,10949111.53,US50187T1060,50187T106,BG3G1B4
BLFS,BioLife Solutions Inc.,0.01,439172,10944166.24,US09062W2044,09062W204,BJH08B2
FMBH,First Mid Bancshares Inc.,0.01,248091,10928408.55,US3208661062,320866106,B016HX8
PRSU,Viad Corp.,0.01,243052,10881438.04,US92552R4065,92552R406,B01KGF5
PLPC,Preformed Line Products Co.,0.01,29371,10861983.22,US7404441047,740444104,2798466
CBC,Central BanCo Inc.,0.01,380946,10818866.4,US1524131000,152413100,B3KKGR9
PCRX,Pacira BioSciences Inc.,0.01,465470,10808213.4,US6951271005,695127100,B3X26D8
GRDN,Guardian Pharmacy Services Inc. Class A,0.01,278462,10787617.88,US40145W1018,40145W101,BS3D8K7
WVE,WaVe Life Sciences Ltd.,0.01,1638017,10778151.86,SG9999014716,Y95308105,BYZG9R0
MSEX,Middlesex Water Co.,0.01,205070,10772327.1,US5966801087,596680108,2589466
FLY,Firefly Aerospace Inc.,0.01,231583,10766293.67,US31816X1063,31816X106,BPK4SR9
ALH,Alliance Laundry Holdings Inc.,0.01,424568,10720342.0,US01862Q1076,01862Q107,BT6BF59
APPS,Digital Turbine Inc.,0.01,1219409,10706411.02,US25400W1027,25400W102,BVFNZL6
TROX,Tronox Holdings plc Class A,0.01,1346083,10701359.85,GB00BJT16S69,G9087Q102,BJT16S6
REAL,RealReal Inc.,0.01,1109577,10696322.28,US88339P1012,88339P101,BKBDP79
RUSHB,Rush Enterprises Inc. Class B,0.01,164383,10668456.7,US7818463082,781846308,2966865
HBNC,Horizon Bancorp Inc./IN,0.01,574950,10665322.5,US4404071049,440407104,2949316
APPN,Appian Corp. Class A,0.01,454736,10640822.4,US03782L1017,03782L101,BYPBTB9
AZTA,Brooks Automation Inc.,0.01,463833,10612499.04,US1143401024,114340102,2145460
TRST,TrustCo Bank Corp. NY,0.01,204468,10593487.08,US8983492047,898349204,BN0ZBP7
AORT,CryoLife Inc.,0.01,476908,10582588.52,US2289031005,228903100,2239017
BFST,Business First Bancshares Inc.,0.01,371465,10579323.2,US12326C1053,12326C105,BF5HDJ0
UVE,Universal Insurance Holdings Inc.,0.01,285764,10578983.28,US91359V1070,91359V107,2912374
BFLY,Butterfly Network Inc. Class A,0.01,2324447,10576233.85,US1241551027,124155102,BMHYQY4
NBN,Northeast Bank,0.01,83824,10540029.76,US66405S1006,66405S100,BJXSDM6
GCT,GigaCloud Technology Inc. Class A,0.01,291363,10500722.52,KYG386441037,G38644103,BP0WTV4
CCB,Coastal Financial Corp./WA,0.01,147422,10493497.96,US19046P2092,19046P209,BF7J9X0
LILAK,Liberty Latin America Ltd.,0.01,1278389,10482789.8,BMG9001E1286,G9001E128,BD9Q3Q6
CFFN,Capitol Federal Financial Inc.,0.01,1348091,10474667.07,US14057J1016,14057J101,B3KWJV0
MWH,Solv Energy Inc. Class A,0.01,294712,10471117.36,US78475V1035,78475V103,BWTRBN5
AVBP,ArriVent Biopharma Inc.,0.01,344534,10429044.18,US04272N1028,04272N102,BMGTLY5
SBSI,Southside Bancshares Inc.,0.01,317986,10417221.36,US84470P1093,84470P109,2485876
GNK,Genco Shipping & Trading Ltd.,0.01,431251,10375899.06,MHY2685T1313,Y2685T131,BD08758
PD,PagerDuty Inc.,0.01,1041745,10365362.75,US69553P1003,69553P100,BJ7JPH4
CRVS,Corvus Pharmaceuticals Inc.,0.01,834426,10355226.66,US2210151005,221015100,BYP80F1
SCSC,ScanSource Inc.,0.01,223742,10352542.34,US8060371072,806037107,2767756
CRAI,CRA International Inc.,0.01,74419,10325636.25,US12618T1051,12618T105,2240622
CPF,Central Pacific Financial Corp.,0.01,300427,10322671.72,US1547604090,154760409,2230946
MBWM,Mercantile Bank Corp.,0.01,194557,10309575.43,US5873761044,587376104,2620257
VRTS,Virtus Investment Partners Inc.,0.01,72051,10305454.53,US92828Q1094,92828Q109,B3KKGQ8
PMT,PennyMac Mortgage Investment Trust,0.01,983840,10290966.4,US70931T1034,70931T103,B3V8JL7
DEC,Diversified Energy Co.,0.01,706655,10281830.25,US25520W1071,25520W107,BMHXS56
CNA,CNA Financial Corp.,0.01,244073,10265710.38,US1261171003,126117100,2204866
EVLV,Evolv Technologies Holdings Inc.,0.01,1581378,10199888.1,US30049H1023,30049H102,BP48CK8
ASST,Strive Inc. Class A,0.01,577130,10197887.1,US8629453007,862945300,BMWGYW9
UTL,Unitil Corp.,0.01,203560,10184106.8,US9132591077,913259107,2925037
CDRE,Cadre Holdings Inc.,0.01,326902,10179728.28,US12763L1052,12763L105,BKVKB49
ABSI,Absci Corp.,0.01,1500109,10125735.75,US00091E1091,00091E109,BN94K69
GTM,ZoomInfo Technologies Inc. Class A,0.01,3040147,10123689.51,US98980F1049,98980F104,BMWF095
AMC,AMC Entertainment Holdings Inc. Class A,0.01,5845572,10112839.56,US00165C3025,00165C302,BN4G703
CCNE,CNB Financial Corp./PA,0.01,329693,10111684.31,US1261281075,126128107,2619705
APEI,American Public Education Inc.,0.01,204150,10099300.5,US02913V1035,02913V103,B292GM4
HAFC,Hanmi Financial Corp.,0.01,334661,10079989.32,US4104952043,410495204,B6TPXR5
ATEC,Alphatec Holdings Inc.,0.01,1295930,10043457.5,US02081G2012,02081G201,BD60BG7
KURA,Kura Oncology Inc.,0.01,983535,10032057.0,US50127T1097,50127T109,BYZD465
QDEL,QuidelOrtho Corp.,0.01,769332,10016702.64,US2197981051,219798105,BM9VY27
HYLN,Hyliion Holdings Corp.,0.01,1432896,10015943.04,US4491091074,449109107,BLF8447
LPTH,LightPath Technologies Inc. Class A,0.01,588428,9991507.44,US5322578056,532257805,2449128
AMAL,Amalgamated Bank Class A,0.01,240189,9963039.72,US0226711010,022671101,BLR7B41
AMTB,Amerant Bancorp Inc. Class A,0.01,435305,9890129.6,US0235761014,023576101,BKDSMB5
ATAI,AtaiBeckley Inc.,0.01,2178656,9869311.68,US04650F1012,04650F101,BWJDYK1
JBGS,JBG SMITH Properties,0.01,669282,9818366.94,US46590V1008,46590V100,BD3BX01
FSUN,Firstsun Capital Bancorp,0.01,276262,9793487.9,US33767U1079,33767U107,BPQYJV4
ASPI,ASP Isotopes Inc.,0.01,1257901,9786469.78,US00218A1051,00218A105,BPBJFJ4
FIZZ,National Beverage Corp.,0.01,264555,9785889.45,US6350171061,635017106,2638625
BV,BrightView Holdings Inc.,0.01,790213,9767032.68,US10948C1071,10948C107,BG0ZML1
WSR,Whitestone REIT,0.01,509073,9713112.84,US9660842041,966084204,B6452T5
GSHD,Goosehead Insurance Inc. Class A,0.01,282423,9712526.97,US38267D1090,38267D109,BZ2YT30
LMB,Limbach Holdings Inc.,0.01,125223,9698521.35,US53263P1057,53263P105,BDCD1P9
MYE,Myers Industries Inc.,0.01,425075,9691710.0,US6284641098,628464109,2613086
NX,Quanex Building Products Corp.,0.01,520375,9684178.75,US7476191041,747619104,B2QXCJ9
GOLD,A-Mark Precious Metals Inc.,0.01,228881,9683955.11,US00181T1079,00181T107,BK6MJ46
DAKT,Daktronics Inc.,0.01,467977,9677764.36,US2342641097,234264109,2254010
CAC,Camden National Corp.,0.01,192885,9650036.55,US1330341082,133034108,2116659
LQDT,Liquidity Services Inc.,0.01,266320,9643447.2,US53635B1070,53635B107,B0ZN8Z4
SDGR,Schrodinger Inc./United States,0.01,632728,9617465.6,US80810D1037,80810D103,BKV28S8
XNCR,Xencor Inc.,0.01,805716,9571906.08,US98401F1057,98401F105,BGCYWN8
CCOI,Cogent Communications Holdings Inc.,0.01,537852,9552251.52,US19239V3024,19239V302,B06RWD1
GO,Grocery Outlet Holding Corp.,0.01,1121070,9540305.7,US39874R1014,39874R101,BK1KWF7
CGEM,Cullinan Therapeutics Inc.,0.01,579658,9529577.52,US2300311063,230031106,BM90J52
WGO,Winnebago Industries Inc.,0.01,319165,9476008.85,US9746371007,974637100,2972721
APOG,Apogee Enterprises Inc.,0.01,245274,9420974.34,US0375981091,037598109,2046176
BBSI,Barrett Business Services Inc.,0.01,289444,9418507.76,US0684631080,068463108,2082675
HNGE,Hinge Health Inc. Class A,0.01,167348,9406631.08,US4333131039,433313103,BV99FG5
MATW,Matthews International Corp. Class A,0.01,352314,9350413.56,US5771281012,577128101,2568090
THFF,First Financial Corp./IN,0.01,135010,9339991.8,US3202181000,320218100,2362515
DRVN,Driven Brands Holdings Inc.,0.01,673764,9324893.76,US26210V1026,26210V102,BL0P090
EPC,Edgewell Personal Care Co.,0.01,530687,9297636.24,US28035Q1022,28035Q102,BX8ZSB4
SMP,Standard Motor Products Inc.,0.01,236644,9274078.36,US8536661056,853666105,2838306
CENT,Central Garden & Pet Co. Class A,0.01,240995,9273487.6,US1535271068,153527106,2183868
SCHL,Scholastic Corp.,0.01,228288,9245664.0,US8070661058,807066105,2779234
KOP,Koppers Holdings Inc.,0.01,223197,9106437.6,US50060P1066,50060P106,B0X46B1
TFSL,TFS Financial Corp.,0.01,569188,9055781.08,US87240R1077,87240R107,B1W8J67
FMNB,Farmers National Banc Corp.,0.01,635679,9013928.22,US3096271073,309627107,B019BK2
ESRT,Empire State Realty Trust Inc.,0.01,1569040,8990599.2,US2921041065,292104106,BF321D7
RVLV,Revolve Group Inc.,0.01,457293,8962942.8,US76156B1070,76156B107,BJ1FD74
MBX,MBX Biosciences Inc.,0.01,284544,8954599.68,US55287L1017,55287L101,BQXJKH2
FCBC,First Community Bankshares Inc.,0.01,207652,8951877.72,US31983A1034,31983A103,2648710
EE,Excelerate Energy Inc. Class A,0.01,271556,8945054.64,US30069T1016,30069T101,BN2QTD2
CNXN,PC Connection Inc.,0.01,128468,8940088.12,US69318J1007,69318J100,2157175
ODC,Oil-Dri Corp. of America,0.01,116552,8934876.32,US6778641000,677864100,2657794
COTY,Coty Inc. Class A,0.01,4185097,8914256.61,US2220702037,222070203,BBBSMJ2
TRNS,Transcat Inc.,0.01,105378,8906548.56,US8935291075,893529107,2901714
TYRA,Tyra Biosciences Inc.,0.01,265722,8877772.02,US90240B1061,90240B106,BMVNDH9
NAVN,Navan Inc. Class A,0.01,415116,8871028.92,US6391931010,639193101,BT04MG4
OMER,Omeros Corp.,0.01,802581,8860494.24,US6821431029,682143102,B4NB858
AEVA,Aeva Technologies Inc.,0.01,313824,8843560.32,US00835Q2021,00835Q202,BSB8D21
RBCAA,Republic Bancorp Inc./KY Class A,0.01,108982,8822092.9,US7602812049,760281204,2277114
NBBK,NB Bancorp Inc.,0.01,439161,8796394.83,US63945M1071,63945M107,BQT2053
MITK,Mitek Systems Inc.,0.01,511879,8794081.22,US6067102003,606710200,2597072
UWMC,UWM Holdings Corp.,0.01,2854730,8735473.8,US91823B1098,91823B109,BMDJ3B9
ADAM,Adamas Trust Inc.,0.01,949254,8733136.8,US6496048405,649604840,BR4NQJ4
CYRX,CryoPort Inc.,0.01,555817,8720768.73,US2290503075,229050307,BY2ZKK0
PGEN,Precigen Inc.,0.01,2002638,8691448.92,US74017N1054,74017N105,BKM5C84
CCO,Clear Channel Outdoor Holdings Inc.,0.01,3596941,8668627.81,US18453H1068,18453H106,BJHVCH9
NP,Neptune Insurance Holdings Inc. Class A,0.01,307567,8633405.69,US64073B1035,64073B103,BRWFZV7
CBRL,Cracker Barrel Old Country Store Inc.,0.01,254923,8621495.86,US22410J1060,22410J106,2231091
KFRC,Kforce Inc.,0.01,183451,8620362.49,US4937321010,493732101,2746982
TR,Tootsie Roll Industries Inc.,0.01,228591,8620166.61,US8905161076,890516107,2896809
SXC,SunCoke Energy Inc.,0.01,955605,8610001.05,US86722A1034,86722A103,B3R0638
STGW,Stagwell Inc. Class A,0.01,1227320,8603513.2,US85256A1097,85256A109,BM8BPB4
BRSP,BrightSpire Capital Inc. Class A,0.01,1482017,8551238.09,US10949T1097,10949T109,BN7VBP8
FOXF,Fox Factory Holding Corp.,0.01,473191,8536365.64,US35138V1026,35138V102,BCRY5K3
EGBN,Eagle Bancorp Inc.,0.01,312214,8520320.06,US2689481065,268948106,2648055
RDVT,Red Violet Inc.,0.01,149747,8511619.48,US75704L1044,75704L104,BFXSFB1
LYTS,LSI Industries Inc.,0.01,350875,8501701.25,US50216C1080,50216C108,2499026
ESPR,Esperion Therapeutics Inc.,0.01,2706393,8471010.09,US29664W1053,29664W105,BBNBTD2
AMPL,Amplitude Inc. Class A,0.01,1073223,8392603.86,US03213A1043,03213A104,BMV1Z44
CBL,CBL & Associates Properties Inc.,0.01,174425,8388098.25,US1248308785,124830878,BNTC8Y7
TRUP,Trupanion Inc.,0.01,384338,8386255.16,US8982021060,898202106,BP3YM85
KDK,Kodiak AI Inc.,0.01,1189923,8377057.92,US5000811043,500081104,BVBFG46
JBI,Janus International Group Inc.,0.01,1565395,8359209.3,US47103N1063,47103N106,BKPG0T1
NTGR,NETGEAR Inc.,0.01,321454,8354589.46,US64111Q1040,64111Q104,2688363
ESQ,Esquire Financial Holdings Inc.,0.01,75955,8346694.95,US29667J1016,29667J101,BD5G1Z5
AD,United States Cellular Corp.,0.01,163004,8290383.44,US9116841084,911684108,2918996
TALK,Talkspace Inc.,0.01,1594269,8290198.8,US87427V1035,87427V103,BP7L970
ANNX,Annexon Inc.,0.01,1529121,8287835.82,US03589W1027,03589W102,BMVV9R5
IRMD,iRadimed Corp.,0.01,91123,8261211.18,US46266A1097,46266A109,BP4GNJ8
HNRG,Hallador Energy Co.,0.01,428264,8248364.64,US40609P1057,40609P105,2404978
GLIBK,Liberty Capital Corp.,0.01,368587,8245291.19,US36164V8000,36164V800,BRJW0G1
LZ,Legalzoom.com Inc.,0.01,1301345,8185460.05,US52466B1035,52466B103,B82GC49
AURA,Aura Biosciences Inc.,0.01,1095622,8184296.34,US05153U1079,05153U107,BP81R42
ALRS,Alerus Financial Corp.,0.01,286320,8183025.6,US01446U1034,01446U103,2679141
SHEN,Shenandoah Telecommunications Co.,0.01,512941,8181408.95,US82312B1061,82312B106,2676692
FSBC,Five Star Bancorp,0.01,193496,8171336.08,US33830T1034,33830T103,BP2C8W6
VRRM,Verra Mobility Corp. Class A,0.01,1807515,8151892.65,US92511U1025,92511U102,BFXX5X8
ORRF,Orrstown Financial Services Inc.,0.01,219478,8149218.14,US6873801053,687380105,B019FW2
FISI,Financial Institutions Inc.,0.01,223264,8088854.72,US3175854047,317585404,2596949
QNST,QuinStreet Inc.,0.01,645582,8082686.64,US74874Q1004,74874Q100,B3PGPB9
ROOT,Root Inc./OH Class A,0.01,155192,8079295.52,US77664L2079,77664L207,BNV0HC0
MCHB,HomeStreet Inc.,0.01,545434,8028788.48,US43785V1026,43785V102,B4WHS46
FLOC,Flowco Holdings Inc. Class A,0.01,342666,8014957.74,US3429091081,342909108,BSHT908
IBCP,Independent Bank Corp./MI,0.01,233300,8006856.0,US4538386099,453838609,2492133
SVRA,Savara Inc.,0.01,1536658,7990621.6,US8051111016,805111101,BYXGN81
ASAN,Asana Inc.,0.01,1036422,7980449.4,US04342Y1047,04342Y104,BLFDQC4
EQBK,Equity Bancshares Inc. Class A,0.01,173082,7979080.2,US29460X1090,29460X109,BYZG9Q9
MTUS,TimkenSteel Corp.,0.01,405589,7969823.85,US8873991033,887399103,BNBPMX1
JANX,Janux Therapeutics Inc.,0.01,546183,7968809.97,US47103J1051,47103J105,BMFX8Y7
ETON,Eton Pharmaceuticals Inc.,0.01,261515,7963131.75,US29772L1089,29772L108,BGL0JK3
ABUS,Arbutus Biopharma Corp.,0.01,1746071,7962083.76,CA03879J1003,03879J100,BZ0QMB7
SATL,Satellogic Inc. Class A,0.01,835467,7945291.17,US80401C1009,80401C100,BT8QHD4
FBRT,Franklin BSP Realty Trust Inc.,0.01,915265,7935347.55,US35243J1016,35243J101,BN14T59
KODK,Eastman Kodak Co.,0.01,797634,7912529.28,US2774614067,277461406,BDZDSJ9
SABR,Sabre Corp.,0.01,4486828,7896817.28,US78573M1045,78573M104,BLLHH27
SEPN,Septerna Inc.,0.01,260886,7878757.2,US81734D1046,81734D104,BQNKXX2
MCBS,Metrocity Bankshares Inc.,0.01,240587,7857571.42,US59165J1051,59165J105,BD9MTK0
SPIR,Spire Global Inc. Class A,0.01,343997,7856891.48,US8485603067,848560306,BRC45W5
ACEL,Accel Entertainment Inc.,0.01,660425,7852453.25,US00436Q1067,00436Q106,BK7FYL6
SAFE,Safehold Inc.,0.01,524138,7846345.86,US78646V1070,78646V107,BMDBB99
WMK,Weis Markets Inc.,0.01,107481,7842888.57,US9488491047,948849104,2946845
CERT,Certara Inc.,0.01,1344413,7824483.66,US15687V1098,15687V109,BM9GT61
BCAX,Bicara Therapeutics Inc.,0.01,358742,7802638.5,US0554771032,055477103,BQB42F1
CXM,Sprinklr Inc. Class A,0.01,1395973,7789529.34,US85208T1079,85208T107,BNKCPP6
JBIO,Jade Biosciences Inc.,0.01,369486,7773985.44,US0080642061,008064206,BVDFZW5
OLMA,Olema Pharmaceuticals Inc.,0.01,588430,7761391.7,US68062P1066,68062P106,BMZ4LN0
PGC,Peapack Gladstone Financial Corp.,0.01,179246,7752389.5,US7046991078,704699107,2307732
LBRX,LB Pharmaceuticals Inc.,0.01,276249,7726684.53,US50180M1080,50180M108,BVLDP87
HTLD,Heartland Express Inc.,0.01,514893,7718246.07,US4223471040,422347104,2414018
JBSS,John B Sanfilippo & Son Inc.,0.01,102721,7694830.11,US8004221078,800422107,2772998
LXU,LSB Industries Inc.,0.01,612005,7674542.7,US5021601043,502160104,2536882
MMI,Marcus & Millichap Inc.,0.01,271575,7669278.0,US5663241090,566324109,BFWGXV2
RWT,Redwood Trust Inc.,0.01,1413036,7658655.12,US7580754023,758075402,2730877
BZH,Beazer Homes USA Inc.,0.01,301573,7656938.47,US07556Q8814,07556Q881,B8KHZT0
SWBI,Smith & Wesson Brands Inc.,0.01,502764,7652068.08,US8317541063,831754106,BMYGG87
MPB,Mid Penn Bancorp Inc.,0.01,234098,7643299.7,US59540G1076,59540G107,2618348
HTZ,Hertz Global Holdings Inc.,0.01,1414144,7636377.6,US42806J7000,42806J700,BNM5672
CDNL,Cardinal Infrastructure Group Inc. Class A,0.01,146949,7625183.61,US14154A1025,14154A102,BVV8ZS2
GERN,Geron Corp.,0.01,6078426,7598032.5,US3741631036,374163103,2370381
NPK,National Presto Industries Inc.,0.01,59669,7552305.33,US6372151042,637215104,2626802
AMPH,Amphastar Pharmaceuticals Inc.,0.01,400586,7551046.1,US03209R1032,03209R103,BNFWZS4
HZO,MarineMax Inc.,0.01,219114,7546286.16,US5679081084,567908108,2250353
GCMG,GCM Grosvenor Inc. Class A,0.01,709430,7541240.9,US36831E1082,36831E108,BNDQ9Y2
NUTX,Nutex Health Inc.,0.01,58393,7539120.23,US67079U3068,67079U306,BSMNX92
AVO,Mission Produce Inc.,0.01,673810,7506243.4,US60510V1089,60510V108,BLNPMM4
GDOT,Green Dot Corp. Class A,0.01,582605,7498126.35,US39304D1028,39304D102,B3WNNP3
CNNE,Cannae Holdings Inc.,0.01,503529,7467335.07,US13765N1072,13765N107,BFMQPR2
AVR,Anteris Technologies Global Corp.,0.01,863396,7442473.52,US03675P1021,03675P102,BTLT1F0
HPP,Hudson Pacific Properties Inc.,0.01,621217,7442179.66,US4440974065,444097406,BTTQTR1
TRTX,TPG RE Finance Trust Inc.,0.01,885161,7435352.4,US87266M1071,87266M107,BF2F1Q0
BTBT,Bit Digital Inc.,0.01,3667737,7408828.74,KYG1144A1058,G1144A105,BMH6DN8
UAA,Under Armour Inc. Class A,0.01,1261364,7404206.68,US9043111072,904311107,B0PZN11
REPL,Replimune Group Inc.,0.01,851990,7403793.1,US76029N1063,76029N106,BDDVW37
CCSI,Consensus Cloud Solutions Inc.,0.01,215044,7386761.4,US20848V1052,20848V105,BMXZF55
ZVRA,Zevra Therapeutics Inc.,0.01,637038,7383270.42,US4884452065,488445206,BLFBZ32
ORIC,ORIC Pharmaceuticals Inc.,0.01,870942,7359459.9,US68622P1093,68622P109,BKVDFF7
SMBC,Southern Missouri Bancorp Inc.,0.01,106379,7346533.74,US8433801060,843380106,2570501
CSV,Carriage Services Inc. Class A,0.01,178310,7344588.9,US1439051079,143905107,2177786
CTMX,CytomX Therapeutics Inc.,0.01,2019688,7270876.8,US23284F1057,23284F105,BYWVTY5
VOYG,Voyager Technologies Inc. Class A,0.01,146673,7264713.69,US92892B1035,92892B103,BQMJ1G9
BLMN,Bloomin' Brands Inc.,0.01,856914,7232354.16,US0942351083,094235108,B847RJ0
CHYM,Chime Financial Inc. Class A,0.01,387270,7203222.0,US16935C1099,16935C109,BTCHBL9
PAHC,Phibro Animal Health Corp. Class A,0.01,233695,7195469.05,US71742Q1067,71742Q106,BL95N25
NXRT,NexPoint Residential Trust Inc.,0.01,247567,7194297.02,US65341D1028,65341D102,BWC6PW6
CLB,Core Laboratories Inc.,0.01,525252,7180194.84,US21867A1051,21867A105,BNKT9M2
CCBG,Capital City Bank Group Inc.,0.01,157225,7175749.0,US1396741050,139674105,2186759
PAR,PAR Technology Corp.,0.01,463573,7157567.12,US6988841036,698884103,2670036
SHBI,Shore Bancshares Inc.,0.01,346304,7154640.64,US8251071051,825107105,2748869
OXM,Oxford Industries Inc.,0.01,160024,7140270.88,US6914973093,691497309,2665300
HTB,HomeTrust Bancshares Inc.,0.01,153135,7116183.45,US4378721041,437872104,B84T2F7
OPK,OPKO Health Inc.,0.01,4860930,7096957.8,US68375N1037,68375N103,2115902
KE,Kimball Electronics Inc.,0.01,273215,7084464.95,US49428J1097,49428J109,BRKFN59
EQPT,EquipmentShare.com Inc. Class A,0.01,338833,7061279.72,US29445S1006,29445S100,BVMZK21
CRMD,CorMedix Inc.,0.01,833889,7038023.16,US21900C3088,21900C308,BJ0LT31
RGR,Sturm Ruger & Co. Inc.,0.01,179974,7035183.66,US8641591081,864159108,2856289
SLDP,Solid Power Inc.,0.01,2125108,7034107.48,US83422N1054,83422N105,BMG79C3
SMBK,SmartFinancial Inc.,0.01,168496,7026283.2,US83190L2088,83190L208,BYVYKX1
YSS,York Space Systems Inc.,0.01,214884,7013813.76,US9870841007,987084100,BV4MN09
HELE,Helen of Troy Ltd.,0.01,257471,6987762.94,BMG4388N1065,G4388N106,2419530
WASH,Washington Trust Bancorp Inc.,0.01,213631,6957961.67,US9406101082,940610108,2942025
CSTL,Castle Biosciences Inc.,0.01,329671,6949464.68,US14843C1053,14843C105,BKLCWZ3
SION,Sionna Therapeutics Inc.,0.01,161764,6926734.48,US8294011080,829401108,BQKXDX4
RYAM,Rayonier Advanced Materials Inc.,0.01,756239,6919586.85,US75508B1044,75508B104,BN458W9
PSNL,Personalis Inc.,0.01,605745,6905493.0,US71535D1063,71535D106,BJQ0608
CTO,CTO Realty Growth Inc.,0.01,335442,6893333.1,US22948Q1013,22948Q101,BN7JWR1
INN,Summit Hotel Properties Inc.,0.01,1193509,6886546.93,US8660821005,866082100,B3M7R64
GOOD,Gladstone Commercial Corp.,0.01,544169,6861971.09,US3765361080,376536108,2918479
ARKO,Arko Corp.,0.01,883487,6855859.12,US0412421085,041242108,BMH73N1
PRAA,PRA Group Inc.,0.01,447430,6827781.8,US69354N1063,69354N106,BSHZ3P9
CVLG,Covenant Logistics Group Inc. Class A,0.01,171861,6822881.7,US22284P1057,22284P105,2200853
ASIX,AdvanSix Inc.,0.01,303408,6808475.52,US00773T1016,00773T101,BYMMZL7
CARE,Carter Bankshares Inc.,0.01,248400,6781320.0,US1461031064,146103106,BMWKK45
MOV,Movado Group Inc.,0.01,176929,6772842.12,US6245801062,624580106,2643168
TBPH,Theravance Biopharma Inc.,0.01,419375,6735162.5,KYG8807B1068,G8807B106,BMNDK09
MRVI,Maravai LifeSciences Holdings Inc. Class A,0.01,1398938,6714902.4,US56600D1072,56600D107,BMCWKZ2
SPRY,ARS Pharmaceuticals Inc.,0.01,740076,6712489.32,US82835W1080,82835W108,BMCR7V2
GSBC,Great Southern Bancorp Inc.,0.01,93524,6710347.0,US3909051076,390905107,2387002
MPLT,MapLight Therapeutics Inc.,0.01,227226,6659994.06,US56565P1030,56565P103,BTMJLW6
DC,Dakota Gold Corp.,0.01,1154103,6647633.28,US46655E1001,46655E100,BMFTC10
CTOS,Custom Truck One Source Inc.,0.01,693556,6644266.48,US23204X1037,23204X103,BL66YS4
RES,RPC Inc.,0.01,1003375,6642342.5,US7496601060,749660106,2719456
HSTM,HealthStream Inc.,0.01,265789,6636751.33,US42222N1037,42222N103,2577870
BHB,Bar Harbor Bankshares,0.01,189752,6629934.88,US0668491006,066849100,2618111
MSBI,Midland States Bancorp Inc.,0.01,237650,6606670.0,US5977421057,597742105,B6VRG58
PKE,Park Aerospace Corp.,0.01,205845,6560280.15,US70014A1043,70014A104,BK9TGC1
AMSF,AMERISAFE Inc.,0.01,213041,6529706.65,US03071H1005,03071H100,B0PPHS6
CRNC,Cerence Inc.,0.01,507569,6527337.34,US1567271093,156727109,BJNPYY6
ALT,Altimmune Inc.,0.01,2139777,6526319.85,US02155H2004,02155H200,BFY7DC4
ARVN,Arvinas Inc.,0.01,724343,6504600.14,US04335A1051,04335A105,BDZ30Q0
EVC,Entravision Communications Corp. Class A,0.01,716194,6503041.52,US29382R1077,29382R107,2615112
NRGV,Energy Vault Holdings Inc.,0.01,1287150,6500107.5,US29280W1099,29280W109,BNYF0L2
CARS,Cars.com Inc.,0.01,632169,6498697.32,US14575E1055,14575E105,BYXHTC0
UTZ,Utz Brands Inc.,0.01,886796,6491346.72,US9180901012,918090101,BL989M6
GRPN,Groupon Inc. Class A,0.01,320613,6486000.99,US3994732069,399473206,BMTD360
BETA,Beta Technologies Inc.,0.01,352849,6471250.66,US0869211039,086921103,BT3CTW0
FET,Forum Energy Technologies Inc.,0.01,128621,6459346.62,US34984V2097,34984V209,BMCKSV8
CERS,Cerus Corp.,0.01,2121065,6448037.6,US1570851014,157085101,2222471
SENEA,Seneca Foods Corp. Class A,0.01,44825,6445386.75,US8170705011,817070501,2781626
ACNB,ACNB Corp.,0.01,118718,6445200.22,US0008681092,000868109,2412012
NAVI,Navient Corp.,0.01,752064,6437667.84,US63938C1080,63938C108,BLP5GX1
PHR,Phreesia Inc.,0.01,648243,6391675.98,US71944F1066,71944F106,BKF9DQ8
CRSR,Corsair Gaming Inc.,0.01,525710,6382119.4,US22041X1028,22041X102,BMGWSJ8
MLAB,Mesa Laboratories Inc.,0.01,62552,6381555.04,US59064R1095,59064R109,2553814
HIFS,Hingham Institution for Savings,0.01,22029,6374972.31,US4333231029,433323102,2428439
METC,Ramaco Resources Inc. Class A,0.01,406977,6352910.97,US75134P6007,75134P600,BRXYZ91
IDR,Idaho Strategic Resources Inc.,0.01,162429,6352598.19,US6458272050,645827205,BMB5CZ6
PSTL,Postal Realty Trust Inc. Class A,0.01,275400,6345216.0,US73757R1023,73757R102,BKBS530
OPY,Oppenheimer Holdings Inc. Class A,0.01,69150,6338980.5,US6837971042,683797104,B42G8D2
CABA,Cabaletta Bio Inc.,0.01,1676955,6338889.9,US12674W1099,12674W109,BK5MWR1
IVR,Invesco Mortgage Capital Inc.,0.01,805426,6338702.62,US46131B7047,46131B704,BNBV530
MAZE,Maze Therapeutics Inc.,0.01,239230,6330025.8,US5787841007,578784100,BSRK699
CWBC,Community West Bancshares,0.01,262459,6301640.59,US2039371073,203937107,BNK9G76
URG,Ur-Energy Inc.,0.01,3882861,6290234.82,CA91688R1082,91688R108,B0WW4L2
SERV,Serve Robotics Inc.,0.01,671824,6281554.4,US81758H1068,81758H106,BPBJW48
HTFL,HeartFlow Inc.,0.01,202501,6273480.98,US42238D1072,42238D107,BV6KV30
GRND,Grindr Inc.,0.01,501783,6272287.5,US39854F1012,39854F101,BP4XXM2
RIGL,Rigel Pharmaceuticals Inc.,0.01,205506,6265877.94,US7665597024,766559702,BQD3J33
TCMD,Tactile Systems Technology Inc.,0.01,254548,6264426.28,US87357P1003,87357P100,BZB1XF2
AMBQ,Ambiq Micro Inc.,0.01,78416,6246618.56,US0231931058,023193105,BV2D081
AHRT,Armada Hoffler Properties Inc.,0.01,916563,6241794.03,US04208T1088,04208T108,B96FTB5
TH,Target Hospitality Corp.,0.01,359420,6239531.2,US87615L1070,87615L107,BJMYWL7
OSPN,OneSpan Inc.,0.01,430691,6219178.04,US68287N1000,68287N100,BFNSSD4
CLBK,Columbia Financial Inc.,0.01,308574,6211594.62,US1976411033,197641103,BFMB9P3
PFIS,Peoples Financial Services Corp.,0.01,104445,6205077.45,US7110401053,711040105,2956907
MLR,Miller Industries Inc./TN,0.01,129344,6196871.04,US6005512040,600551204,2801193
NRIM,Northrim BanCorp Inc.,0.01,250633,6193141.43,US6667621097,666762109,2640277
SBGI,Sinclair Inc.,0.01,447185,6184568.55,US8292421067,829242106,BRJX4J5
SIBN,SI-BONE Inc.,0.01,438097,6177167.7,US8257041090,825704109,BZ0WN34
ALLO,Allogene Therapeutics Inc.,0.01,2846281,6176429.77,US0197701065,019770106,BFZNYB7
LBRDA,Liberty Broadband Corp. Class A,0.01,182528,6165795.84,US5303071071,530307107,BRTLBY3
AVTX,Avalo Therapeutics Inc.,0.01,385535,6149283.25,US05338F3064,05338F306,BSKSFB5
EGY,VAALCO Energy Inc.,0.01,1177960,6148951.2,US91851C2017,91851C201,2933353
HIPO,Hippo Holdings Inc.,0.01,237603,6146789.61,US4335392027,433539202,BMHG0X7
FFIC,Flushing Financial Corp.,0.01,384381,6138564.57,US3438731057,343873105,2360111
WLFC,Willis Lease Finance Corp.,0.01,34663,6135697.63,US9706461053,970646105,2036779
CTGO,Contango Silver & Gold Inc.,0.01,304661,6126732.71,US21077F1003,21077F100,B3ZY290
CPS,Cooper-Standard Holdings Inc.,0.01,201827,6121412.91,US21676P1030,21676P103,B51JS17
ANRO,Alto Neuroscience Inc.,0.01,304239,6106076.73,US02157Q1094,02157Q109,BQWNKK8
BDN,Brandywine Realty Trust,0.01,1969197,6104510.7,US1053682035,105368203,2518954
ILPT,Industrial Logistics Properties Trust,0.01,678774,6088602.78,US4562371066,456237106,BFFK7S6
CLFD,Clearfield Inc.,0.01,128783,6081133.26,US18482P1030,18482P103,2002059
SANA,Sana Biotechnology Inc.,0.01,1841817,6077996.1,US7995661045,799566104,BMFJJ97
BATRA,Atlanta Braves Holdings Inc.,0.01,113327,6074327.2,US0477261046,047726104,BRF2GC3
CIVB,Civista Bancshares Inc.,0.01,234379,6070416.1,US1788671071,178867107,BWT3JH3
IIIN,Insteel Industries Inc.,0.01,219923,6045683.27,US45774W1080,45774W108,2325875
ALX,Alexander's Inc.,0.01,24538,6039047.18,US0147521092,014752109,2014021
UHT,Universal Health Realty Income Trust,0.01,145652,6037275.4,US91359E1055,91359E105,2927497
EVER,EverQuote Inc. Class A,0.01,312986,6021850.64,US30041R1086,30041R108,BG88WS9
FOR,Forestar Group Inc.,0.01,218711,6007991.17,US3462321015,346232101,BF16ZX9
FWRG,First Watch Restaurant Group Inc.,0.01,515518,5995474.34,US33748L1017,33748L101,BMDTR28
RLMD,Relmada Therapeutics Inc.,0.01,829718,5982266.78,US75955J4022,75955J402,BK71LV3
CASS,Cass Information Systems Inc.,0.01,129937,5981000.11,US14808P1093,14808P109,2086558
ONT,Onterris Inc.,0.01,373281,5976228.81,US6151111019,615111101,BLCB610
RXT,Rackspace Technology Inc.,0.01,1155194,5972352.98,US7501021056,750102105,BN4RCJ0
CLDT,Chatham Lodging Trust,0.01,549697,5964212.45,US16208T1025,16208T102,B5LYMC1
ZBIO,Zenas Biopharma Inc.,0.01,323982,5961268.8,US98937L1052,98937L105,BQB42H3
MAMA,Mama's Creations Inc.,0.01,429925,5932965.0,US56146T1034,56146T103,B8X64T7
DDD,3D Systems Corp.,0.01,1660671,5928595.47,US88554D2053,88554D205,2889768
AROW,Arrow Financial Corp.,0.01,161077,5911525.9,US0427441029,042744102,2051374
IHRT,iHeartMedia Inc. Class A,0.01,1370546,5907053.26,US45174J5092,45174J509,BJVR9Y9
EBF,Ennis Inc.,0.01,288525,5903221.5,US2933891028,293389102,2316103
IMMX,Immix Biopharma Inc.,0.01,654891,5894019.0,US45258H1068,45258H106,BPBLY59
FEIM,Frequency Electronics Inc.,0.01,77481,5879258.28,US3580101067,358010106,2352884
MBUU,Malibu Boats Inc. Class A,0.01,213746,5869465.16,US56117J1007,56117J100,BJ38KJ2
FIP,FTAI Infrastructure Inc.,0.01,1312498,5853741.08,US35953C1062,35953C106,BPSJQ05
BIOA,BioAge Labs Inc.,0.01,338504,5852734.16,US09077V1008,09077V100,BT9K6D8
HOV,Hovnanian Enterprises Inc. Class A,0.01,52984,5847314.24,US4424874018,442487401,BJ5KPZ7
ORN,Orion Group Holdings Inc.,0.01,422556,5814370.56,US68628V3087,68628V308,B1WTHL1
NFBK,Northfield Bancorp Inc.,0.01,409491,5806582.38,US66611T1088,66611T108,B8NB2R6
IRWD,Ironwood Pharmaceuticals Inc. Class A,0.01,1621065,5787202.05,US46333X1081,46333X108,B3MZ6K5
RPC,Ridgepost Capital Inc. Class A,0.01,698914,5787007.92,US69376K1060,69376K106,BLB56T1
AVAH,Aveanna Healthcare Holdings Inc.,0.01,802065,5750806.05,US05356F1057,05356F105,BNYK9Y3
SPFI,South Plains Financial Inc.,0.01,140324,5695751.16,US83946P1075,83946P107,BGV1W52
ULCC,Frontier Group Holdings Inc.,0.01,940908,5692493.4,US35909R1086,35909R108,BFMKYK0
MNRO,Monro Inc.,0.01,342454,5633368.3,US6102361010,610236101,2600088
MRAM,Everspin Technologies Inc.,0.01,212821,5614217.98,US30041T1043,30041T104,BDBBW73
VTS,Vitesse Energy Inc.,0.01,324010,5598892.8,US92852X1037,92852X103,BMBX3P7
TRC,Tejon Ranch Co.,0.01,288332,5573457.56,US8790801091,879080109,2880448
RPD,Rapid7 Inc.,0.01,662616,5552722.08,US7534221046,753422104,BZ22CY6
BBNX,Beta Bionics Inc.,0.01,457992,5550863.04,US08659B1026,08659B102,BSPRWL6
MATV,Schweitzer-Mauduit International Inc.,0.01,624505,5545604.4,US8085411069,808541106,2782038
IMSR,Terrestrial Energy Inc.,0.01,602824,5503783.12,US8814541020,881454102,BVK6BG7
ATLC,Atlanticus Holdings Corp.,0.01,63790,5499973.8,US04914Y1029,04914Y102,B9B9F36
EBS,Emergent BioSolutions Inc.,0.01,597390,5448196.8,US29089Q1058,29089Q105,B1HJLW5
TCBX,Third Coast Bancshares Inc.,0.01,142329,5445507.54,US88422P1093,88422P109,BL55Q42
HRTG,Heritage Insurance Holdings Inc.,0.01,250634,5433745.12,US42727J1025,42727J102,BMN9870
FBIZ,First Business Financial Services Inc.,0.01,94454,5432994.08,US3193901002,319390100,B0M02F6
CAL,Caleres Inc.,0.01,372394,5422056.64,US1295001044,129500104,BWX4MD9
NXDR,Nextdoor Holdings Inc.,0.01,2565179,5412527.69,US65345M1080,65345M108,BMFPWT6
NVEC,NVE Corp.,0.01,55132,5399628.08,US6294452064,629445206,2072126
KRNY,Kearny Financial Corp./MD,0.01,655032,5397463.68,US48716P1084,48716P108,BY3H7G0
PHAT,Phathom Pharmaceuticals Inc.,0.01,562542,5394777.78,US71722W1071,71722W107,BJLKVS6
BLZE,Backblaze Inc. Class A,0.01,650998,5390263.44,US05637B1052,05637B105,BMDW0L7
ETD,Ethan Allen Interiors Inc.,0.01,261019,5382211.78,US2976021046,297602104,2320825
RR,Richtech Robotics Inc. Class B,0.01,1782066,5381839.32,US7655041058,765504105,BNV0DF5
ABAT,American Battery Technology Co.,0.01,1490245,5379784.45,US02451V3096,02451V309,BQC80B4
LXRX,Lexicon Pharmaceuticals Inc.,0.01,2466159,5376226.62,US5288723027,528872302,BWFZX59
OIS,Oil States International Inc.,0.01,631837,5370614.5,US6780261052,678026105,2724472
WRLD,World Acceptance Corp.,0.01,32431,5354033.79,US9814191048,981419104,2981181
DJCO,Daily Journal Corp.,0.01,10304,5328404.48,US2339121046,233912104,2251583
GDYN,Grid Dynamics Holdings Inc.,0.01,736486,5302699.2,US39813G1094,39813G109,BLCHF11
ANDG,Andersen Group Inc. Class A,0.01,143082,5294034.0,US0338531025,033853102,BVJZGX7
ANGO,AngioDynamics Inc.,0.01,460868,5290764.64,US03475V1017,03475V101,B00CR04
SPCE,Virgin Galactic Holdings Inc.,0.01,850324,5255002.32,US92766K4031,92766K403,BSNTQK1
CMCO,Columbus McKinnon Corp./NY,0.01,328906,5249339.76,US1993331057,199333105,2211071
IBTA,Ibotta Inc. Class A,0.01,153072,5242716.0,US4510511060,451051106,BNZD2W0
TDUP,ThredUp Inc. Class A,0.01,1124853,5230566.45,US88556E1029,88556E102,BMFPHK2
CWH,Camping World Holdings Inc. Class A,0.01,711376,5214386.08,US13462K1097,13462K109,BDCBXH9
CTKB,Cytek Biosciences Inc.,0.01,1240398,5197267.62,US23285D1090,23285D109,BP0TJS2
SD,SandRidge Energy Inc.,0.01,353034,5179008.78,US80007P8692,80007P869,BD1XH30
PLSE,Pulse Biosciences Inc.,0.01,207120,5178000.0,US74587B1017,74587B101,BD02SG8
PACB,Pacific Biosciences of California Inc.,0.01,3473913,5176130.37,US69404D1081,69404D108,B4N8MH9
LXFR,Luxfer Holdings plc,0.01,303575,5169882.25,GB00BNK03D49,G5698W116,BF5GRT5
CWCO,Consolidated Water Co. Ltd.,0.01,171144,5165125.92,KYG237731073,G23773107,2099095
AIOT,Powerfleet Inc.,0.01,1320593,5163518.63,US73931J1097,73931J109,BKLX9J9
BOW,Bowhead Specialty Holdings Inc.,0.01,193945,5162815.9,US10240L1026,10240L102,BNRR231
OCGN,Ocugen Inc.,0.01,3723522,5138460.36,US67577C1053,67577C105,BK71M09
BWMN,Bowman Consulting Group Ltd.,0.01,162935,5137340.55,US1030021018,103002101,BNYKJK9
DIN,Dine Brands Global Inc.,0.01,163681,5136309.78,US2544231069,254423106,2456957
DMRA,Damora Therapeutics Inc.,0.01,204972,5099703.36,US36322Q2066,36322Q206,BSY4V44
HBCP,Home Bancorp Inc.,0.01,79042,5088723.96,US43689E1073,43689E107,B39XGV3
BSRR,Sierra Bancorp,0.01,133929,5086623.42,US82620P1021,82620P102,2586315
XRN,Chiron Real Estate Inc.,0.01,141017,5082252.68,US37954A3032,37954A303,BW0WPK4
OOMA,Ooma Inc.,0.01,287508,5074516.2,US6834161019,683416101,BY7R2L6
VOR,Vor BioPharma Inc.,0.01,338753,5071132.41,US9290332074,929033207,BRJJYT3
BLLN,Billiontoone Inc.,0.01,51054,5053835.46,US0901681058,090168105,BMDJC90
AGNT,eXp World Holdings Inc.,0.01,1022959,5032958.28,US30212W1009,30212W100,BDH2902
ACRS,Aclaris Therapeutics Inc.,0.01,1105443,5029765.65,US00461U1051,00461U105,BYV2W40
TITN,Titan Machinery Inc.,0.01,230285,5024818.7,US88830R1014,88830R101,B29H3T5
SFST,Southern First Bancshares Inc.,0.01,86928,5021830.56,US8428731017,842873101,2508030
DFH,Dream Finders Homes Inc. Class A,0.01,324584,5018068.64,US26154D1000,26154D100,BMFZ3F9
WLTH,Wealthfront Corp.,0.01,410023,5010481.06,US9470021018,947002101,BVLJR34
BBBY,Bed Bath & Beyond Inc.,0.01,816382,5004421.66,US6903701018,690370101,2855930
BBW,Build-A-Bear Workshop Inc.,0.01,134461,5003293.81,US1200761047,120076104,B034L50
GEVO,Gevo Inc.,0.01,2684809,4993744.74,US3743964062,374396406,BGDLVV9
ALIT,Alight Inc. Class A,0.01,5295736,4990172.03,US01626W1018,01626W101,BNG7BZ7
STRO,Sutro Biopharma Inc.,0.01,170292,4977635.16,US8693672011,869367201,BTFHQP5
YORW,York Water Co.,0.01,166362,4974223.8,US9871841089,987184108,2425292
ASPN,Aspen Aerogels Inc.,0.01,776713,4970963.2,US04523Y1055,04523Y105,BN65SM7
CHCT,Community Healthcare Trust Inc.,0.01,288566,4969106.52,US20369C1062,20369C106,BXC87C3
IMXI,International Money Express Inc.,0.01,331073,4956162.81,US46005L1017,46005L101,BG216W6
SRTA,Strata Critical Medical Inc.,0.01,783629,4944698.99,US0926671043,092667104,BL9ZHM3
VLGEA,Village Super Market Inc. Class A,0.01,106063,4927686.98,US9271074091,927107409,2929211
EVH,Evolent Health Inc. Class A,0.01,1245114,4918200.3,US30050B1017,30050B101,BYLY8H1
BFS,Saul Centers Inc.,0.01,141618,4908479.88,US8043951016,804395101,2777777
RHLD,Resolute Holdings Management Inc.,0.01,41209,4903046.82,US76134H1014,76134H101,BTJWV40
RRBI,Red River Bancshares Inc.,0.01,53920,4902406.4,US75686R2022,75686R202,BJRFD78
NGS,Natural Gas Services Group Inc.,0.01,124698,4900631.4,US63886Q1094,63886Q109,2986153
MDXG,MiMedx Group Inc.,0.01,1329432,4892309.76,US6024961012,602496101,B1Z3TW5
VREX,Varex Imaging Corp.,0.01,477714,4887014.22,US92214X1063,92214X106,BDQYWV1
PRTA,Prothena Corp. plc,0.01,479718,4883529.24,IE00B91XRN20,G72800108,B91XRN2
BCAL,California BanCorp,0.01,257153,4880763.94,US84252A1060,84252A106,BLBCWZ0
ERII,Energy Recovery Inc.,0.01,596992,4877424.64,US29270J1007,29270J100,B3B5J07
EOLS,Evolus Inc.,0.01,743218,4875510.08,US30052C1071,30052C107,BDRJH21
BBOT,BridgeBio Oncology Therapeutics Inc.,0.01,543228,4872755.16,US1079241022,107924102,BTXNNP4
TREE,LendingTree Inc.,0.01,127393,4866412.6,US52603B1070,52603B107,BV8TD84
OEC,Orion Engineered Carbons SA,0.01,636942,4866236.88,LU1092234845,L72967109,BP8FKJ0
COFS,ChoiceOne Financial Services Inc.,0.01,154036,4836730.4,US1703861062,170386106,2713395
TIPT,Tiptree Inc.,0.01,264716,4828419.84,US88822Q1031,88822Q103,BC30V41
SFIX,Stitch Fix Inc. Class A,0.01,1354250,4821130.0,US8608971078,860897107,BF3FPW3
CBAN,Colony Bankcorp Inc.,0.01,242282,4797183.6,US19623P1012,19623P101,2492917
ALTO,Alto Ingredients Inc.,0.0,878469,4787656.05,US0215131063,021513106,BMTLCT0
SLDE,Slide Insurance Holdings Inc.,0.0,265215,4781826.45,US8313491057,831349105,BT18HJ3
NIQ,NIQ Global Intelligence plc,0.0,572847,4777543.98,IE000JMT8VI3,G63755105,BTMJ438
GIC,Global Industrial Co.,0.0,157030,4773712.0,US37892E1029,37892E102,BNBY595
MCS,Marcus Corp.,0.0,251457,4755051.87,US5663301068,566330106,2564827
MTW,Manitowoc Co. Inc.,0.0,401725,4752406.75,US5635714059,563571405,BDFCGV4
BWB,Bridgewater Bancshares Inc.,0.0,251710,4747250.6,US1086211034,108621103,BFMZC67
FPI,Farmland Partners Inc.,0.0,458305,4706792.35,US31154R1095,31154R109,BKZH191
BMRC,Bank of Marin Bancorp,0.0,181333,4685644.72,US0634251021,063425102,2647375
HY,Hyster-Yale Materials Handling Inc.,0.0,128906,4681865.92,US4491721050,449172105,B7LG306
KMTS,Kestra Medical Technologies Ltd.,0.0,219423,4664932.98,BMG524411052,G52441105,BSJQPL0
DNA,Ginkgo Bioworks Holdings Inc.,0.0,494890,4637119.3,US37611X2099,37611X209,BQ2JNX0
RJET,Republic Airways Holdings Inc.,0.0,227127,4622034.45,US5904794089,590479408,BTZ9W97
PUBM,PubMatic Inc. Class A,0.0,395597,4620572.96,US74467Q1031,74467Q103,BNHP503
MEI,Methode Electronics Inc.,0.0,399650,4611961.0,US5915202007,591520200,2583297
WEAV,Weave Communications Inc.,0.0,765944,4610982.88,US94724R1086,94724R108,BMDW0R3
SGMT,Sagimet Biosciences Inc. Class A,0.0,632009,4607345.61,US7867001049,786700104,BP2NYN2
BXC,BlueLinx Holdings Inc.,0.0,88234,4587285.66,US09624H2085,09624H208,BYQLZ65
PTRN,Pattern Group Inc. Class A,0.0,243900,4582881.0,US70339W1045,70339W104,BMYH4Y2
SPT,Sprout Social Inc. Class A,0.0,611876,4576832.48,US85209W1099,85209W109,BKTNTS0
CCRN,Cross Country Healthcare Inc.,0.0,348728,4564849.52,US2274831047,227483104,2809056
IPI,Intrepid Potash Inc.,0.0,116737,4560914.59,US46121Y2019,46121Y201,BMDNMT2
NPCE,NeuroPace Inc.,0.0,275306,4553561.24,US6412881053,641288105,BNBW7R1
FSTR,LB Foster Co. Class A,0.0,110482,4545229.48,US3500601097,350060109,2348225
GLRE,Greenlight Capital Re Ltd. Class A,0.0,289513,4536668.71,KYG4095J1094,G4095J109,B1XRCZ3
IIIV,I3 Verticals Inc. Class A,0.0,222554,4531199.44,US46571Y1073,46571Y107,BF2G4D1
OSS,One Stop Systems Inc.,0.0,248175,4511821.5,US68247W1099,68247W109,BD58J68
XOMA,XOMA Corp.,0.0,107776,4495336.96,US98419J2069,98419J206,BYP7GF0
PRME,Prime Medicine Inc.,0.0,1260348,4474235.4,US74168J1016,74168J101,BPBJFM7
TSSI,TSS Inc./MD,0.0,270708,4461267.84,US87288V1017,87288V101,BBK3WF4
BVS,Bioventus Inc.,0.0,523687,4456576.37,US09075A1088,09075A108,BD6P6L2
OLP,One Liberty Properties Inc.,0.0,188531,4439905.05,US6824061039,682406103,2659615
MAGN,Magnera Corp.,0.0,390168,4436210.16,US55939A1079,55939A107,BT9NC28
FDMT,4D Molecular Therapeutics Inc.,0.0,445816,4418036.56,US35104E1001,35104E100,BKLXFX5
PDLB,Ponce Financial Group Inc.,0.0,233933,4416655.04,US7323441060,732344106,BMF8HX4
CBLL,Ceribell Inc.,0.0,239195,4413147.75,US15678C1027,15678C102,BQFN254
BLND,Blend Labs Inc. Class A,0.0,2460630,4404527.7,US09352U1088,09352U108,BP8K987
FVR,FrontView REIT Inc.,0.0,248116,4401577.84,US35922N1000,35922N100,BRC3PL1
AKTS,Aktis Oncology Inc.,0.0,211381,4384041.94,US01021M1045,01021M104,BTZC360
XRX,Xerox Holdings Corp.,0.0,1352463,4381980.12,US98421M1062,98421M106,BJJD5G3
LOCO,El Pollo Loco Holdings Inc.,0.0,294591,4380568.17,US2686031079,268603107,BP857F5
MEC,Mayville Engineering Co. Inc.,0.0,162694,4368333.9,US5786051079,578605107,BJLD0Y4
NEWT,NewtekOne Inc.,0.0,314245,4361720.6,US6525262035,652526203,BRWZXQ8
GCO,Genesco Inc.,0.0,113301,4347359.37,US3715321028,371532102,2367101
VNDA,Vanda Pharmaceuticals Inc.,0.0,670344,4323718.8,US9216591084,921659108,B12W3P6
HGTY,Hagerty Inc. Class A,0.0,421385,4306554.7,US4051661092,405166109,BP2RPZ3
CZNC,Citizens & Northern Corp.,0.0,203178,4278928.68,US1729221069,172922106,2420662
CLPT,ClearPoint Neuro Inc.,0.0,337400,4274858.0,US18507C1036,18507C103,BKT1TK6
FLGT,Fulgent Genetics Inc.,0.0,234328,4250709.92,US3596641098,359664109,BYQBFQ5
VITL,Vital Farms Inc.,0.0,424253,4246772.53,US92847W1036,92847W103,BL6JSP8
LTBR,Lightbridge Corp.,0.0,368340,4228543.2,US53224K3023,53224K302,BKDNG30
LILA,Liberty Latin America Ltd. Class A,0.0,523281,4222877.67,BMG9001E1021,G9001E102,BD9Q3P5
XMAX,XMAX Inc.,0.0,492885,4214166.75,US66979P3001,66979P300,BR1XW55
BWFG,Bankwell Financial Group Inc.,0.0,80494,4211446.08,US06654A1034,06654A103,BCRXSS9
MYGN,Myriad Genetics Inc.,0.0,1059278,4205333.66,US62855J1043,62855J104,2614153
WTBA,West Bancorporation Inc.,0.0,175611,4204127.34,US95123P1066,95123P106,2408840
UNTY,Unity Bancorp Inc.,0.0,75039,4191678.54,US9132901029,913290102,2083968
MTRX,Matrix Service Co.,0.0,319063,4189297.19,US5768531056,576853105,2572068
ITIC,Investors Title Co.,0.0,17781,4174089.75,US4618041069,461804106,2469892
ARHS,Arhaus Inc. Class A,0.0,614000,4156780.0,US04035M1027,04035M102,BNV08M7
CBNK,Capital Bancorp Inc.,0.0,129716,4140534.72,US1397371006,139737100,BGQT8S6
AQST,Aquestive Therapeutics Inc.,0.0,1028886,4136121.72,US03843E1047,03843E104,BYVQJ96
OFIX,Orthofix Medical Inc.,0.0,446046,4134846.42,US68752M1080,68752M108,BGGJFT6
SSTK,Shutterstock Inc.,0.0,277684,4134714.76,US8256901005,825690100,B7ZR219
XPER,Xperi Inc.,0.0,517097,4110921.15,US98423J1016,98423J101,BQV3RS6
WTI,W&T Offshore Inc.,0.0,1111019,4088549.92,US92922P1066,92922P106,B01Z7M4
PLAY,Dave & Buster's Entertainment Inc.,0.0,305572,4085497.64,US2383371091,238337109,B8SW166
CMPX,Compass Therapeutics Inc.,0.0,1714586,4080714.68,US20454B1044,20454B104,BMF7DQ6
GOGO,Gogo Inc.,0.0,890186,4068150.02,US38046C1099,38046C109,BB2C2R1
FMAO,Farmers & Merchants Bancorp Inc./Archbold OH,0.0,145335,4059206.55,US30779N1054,30779N105,2120865
BYND,Beyond Meat Inc.,0.0,5136740,4050319.49,US08862E1091,08862E109,BJ1FDK7
KRUS,Kura Sushi USA Inc. Class A,0.0,71929,4041690.51,US5012701026,501270102,BKDV6G7
LAB,Fluidigm Corp.,0.0,3504058,4029666.7,US34385P1084,34385P108,B3D32T9
RSVR,Reservoir Media Inc.,0.0,390161,4026461.52,US76119X1054,76119X105,BP0B9H7
KREF,KKR Real Estate Finance Trust Inc.,0.0,602980,4021876.6,US48251K1007,48251K100,BF0YMC2
ENTA,Enanta Pharmaceuticals Inc.,0.0,305320,4018011.2,US29251M1062,29251M106,B9L5200
AVBC,Avidia Bancorp Inc.,0.0,210485,4011844.1,US05369T1007,05369T100,BPK5QM3
CLMB,Wayside Technology Group Inc.,0.0,185292,4011571.8,US9467601053,946760105,2690476
KELYA,Kelly Services Inc. Class A,0.0,344930,4008086.6,US4881522084,488152208,2487117
XFOR,X4 Pharmaceuticals Inc.,0.0,927195,3996210.45,US98420X2027,98420X202,BTZF5X0
HNST,Honest Co. Inc.,0.0,1140264,3990924.0,US4383331067,438333106,BMF1LH5
CLNE,Clean Energy Fuels Corp.,0.0,1949350,3976674.0,US1844991018,184499101,B1Y1PC2
YEXT,Yext Inc.,0.0,947738,3961544.84,US98585N1063,98585N106,BD8ZJW2
OBT,Orange County Bancorp Inc.,0.0,115775,3950243.0,US68417L1070,68417L107,B02VKG6
GTN,Gray Television Inc.,0.0,984746,3948831.46,US3893751061,389375106,2390817
MCFT,MasterCraft Boat Holdings Inc.,0.0,169409,3945535.61,US57637H1032,57637H103,BDTYR13
SES,SES AI Corp.,0.0,3010141,3943284.71,US78397Q1094,78397Q109,BPW6T70
EVEX,Eve Holding Inc.,0.0,1138706,3928535.7,US29970N1046,29970N104,BNDBK99
TWI,Titan International Inc.,0.0,543761,3925954.42,US88830M1027,88830M102,2890265
CCCC,C4 Therapeutics Inc.,0.0,896555,3917945.35,US12529R1077,12529R107,BKX9NQ0
BCML,Baycom Corp.,0.0,127048,3913078.4,US07272M1071,07272M107,BYSTY59
ACCO,ACCO Brands Corp.,0.0,986076,3904860.96,US00081T1088,00081T108,B0G7SZ5
MPTI,M-Tron Industries Inc.,0.0,42679,3883789.0,US55380K1097,55380K109,BMQ67R1
SLDB,Solid Biosciences Inc.,0.0,527934,3875035.56,US83422E2046,83422E204,BQHN6C7
ISTR,Investar Holding Corp.,0.0,136336,3852855.36,US46134L1052,46134L105,BNGY4R1
PLBC,Plumas Bancorp,0.0,73156,3850200.28,US7292731020,729273102,2025056
SVV,Savers Value Village Inc.,0.0,429670,3845546.5,US80517M1099,80517M109,BQLSDL6
FULC,Fulcrum Therapeutics Inc.,0.0,552894,3826026.48,US3596161097,359616109,BJDX8Z9
AVIR,Atea Pharmaceuticals Inc.,0.0,816986,3815324.62,US04683R1068,04683R106,BLN9Z50
CATX,Perspective Therapeutics Inc.,0.0,967397,3811544.18,US46489V3024,46489V302,BS096W6
FRBA,First Bank/Hamilton NJ,0.0,243056,3801395.84,US31931U1025,31931U102,B1VQ1H7
HBT,HBT Financial Inc.,0.0,132633,3797282.79,US4041111067,404111106,BJBZRJ4
BELFA,Bel Fuse Inc. Class A,0.0,15501,3796814.94,US0773472016,077347201,2279886
EDIT,Editas Medicine Inc.,0.0,1094889,3788315.94,US28106W1036,28106W103,BZ8FPH3
REPX,Riley Exploration Permian Inc.,0.0,113864,3787116.64,US76665T1025,76665T102,BNW2543
STRT,Strattec Security Corp.,0.0,47231,3776590.76,US8631111007,863111100,2848714
DNUT,Krispy Kreme Inc.,0.0,1072315,3774548.8,US50101L1061,50101L106,BL97B49
RGNX,REGENXBIO Inc.,0.0,536463,3760605.63,US75901B1070,75901B107,BZ0G875
BGS,B&G Foods Inc.,0.0,909477,3719760.93,US05508R1068,05508R106,B034L49
WNC,Wabash National Corp.,0.0,468655,3716434.15,US9295661071,929566107,2932048
CTNM,Contineum Therapeutics Inc. Class A,0.0,275023,3710060.27,US21217B1008,21217B100,BPRBTY7
LAND,Gladstone Land Corp.,0.0,390482,3701769.36,US3765491010,376549101,B83TNY4
ZUMZ,Zumiez Inc.,0.0,150255,3700780.65,US9898171015,989817101,B081QB7
STTK,Shattuck Labs Inc.,0.0,620070,3689416.5,US82024L1035,82024L103,BM8FWT3
RMR,RMR Group Inc. Class A,0.0,184131,3673413.45,US74967R1068,74967R106,BZ1N455
ATOM,Atomera Inc.,0.0,367611,3668757.78,US04965B1008,04965B100,BD0NG78
VMD,Viemed Healthcare Inc.,0.0,371758,3658098.72,CA92663R1055,92663R105,BFFK5Z9
QUIK,QuickLogic Corp.,0.0,176109,3650739.57,US74837P4054,74837P405,BJCWJK9
CADL,Candel Therapeutics Inc.,0.0,439249,3645766.7,US1374041093,137404109,BP0TQC5
OVID,Ovid therapeutics Inc.,0.0,1331962,3636256.26,US6904691010,690469101,BYPFK63
FBRX,Forte Biosciences Inc.,0.0,190632,3635352.24,US34962G2084,34962G208,BSFSH36
HVT,Haverty Furniture Cos. Inc.,0.0,156247,3623367.93,US4195961010,419596101,2414245
SIDU,Sidus Space Inc.,0.0,734459,3606193.69,US8261652015,826165201,BR1G3H3
CZFS,Citizens Financial Services Inc.,0.0,55418,3603832.54,US1746151042,174615104,2651592
CMTG,Claros Mortgage Trust Inc.,0.0,1481869,3600941.67,US18270D1063,18270D106,BNTW041
MVBF,MVB Financial Corp.,0.0,134591,3600309.25,US5538101024,553810102,B00BYZ5
RM,Regional Management Corp.,0.0,97933,3600017.08,US75902K1060,75902K106,B719DK5
CTRN,Citi Trends Inc.,0.0,78143,3595359.43,US17306X1028,17306X102,B06FLD8
TOI,Oncology Institute Inc.,0.0,765743,3591334.67,US68236X1000,68236X100,BL6CB69
GRNT,Granite Ridge Resources Inc.,0.0,737712,3585280.32,US3874321074,387432107,BPJKCW1
VSTM,Verastem Inc.,0.0,827428,3582763.24,US92337C2035,92337C203,BRK1S18
SCVL,Shoe Carnival Inc.,0.0,201143,3560231.1,US8248891090,824889109,2805474
FWDI,Forward Industries Inc.,0.0,756620,3556114.0,US3499321038,349932103,BS0DMM0
OABI,OmniAb Inc.,0.0,1316893,3555611.1,US68218J1034,68218J103,BN13S71
MG,Mistras Group Inc.,0.0,201208,3537236.64,US60649T1079,60649T107,B4WCCG1
TRAX,First Tracks Biotherapeutics Inc.,0.0,221469,3534645.24,US3371851029,337185102,BS2CR64
IMRX,Immuneering Corp. Class A,0.0,612343,3533219.11,US45254E1073,45254E107,BMVBZF5
DSGN,Design Therapeutics Inc.,0.0,336213,3523512.24,US25056L1035,25056L103,BMFK3H6
CYH,Community Health Systems Inc.,0.0,1295341,3523327.52,US2036681086,203668108,2600248
STUB,Stubhub Holdings Inc. Class A,0.0,356772,3517771.92,US86384P1093,86384P109,BMVFC23
MVST,Microvast Holdings Inc.,0.0,2265778,3511955.9,US59516C1062,59516C106,BN7DTZ0
VUZI,Vuzix Corp.,0.0,762162,3505945.2,US92921W3007,92921W300,B9GT0J2
BKTI,BK Technologies Corp.,0.0,42460,3505073.0,US05587G2030,05587G203,BM8NGX9
NGVC,Natural Grocers by Vitamin Cottage Inc.,0.0,119086,3496364.96,US63888U1088,63888U108,B82C9Z7
TECX,Tectonic Therapeutic Inc.,0.0,111919,3487955.64,US8789721086,878972108,BPBPCG8
PTLO,Portillo's Inc. Class A,0.0,813004,3487787.16,US73642K1060,73642K106,BNV0RN1
LXEO,Lexeo Therapeutics Inc.,0.0,677275,3481193.5,US52886X1072,52886X107,BQ6C357
ASMB,Assembly Biosciences Inc.,0.0,125629,3474898.14,US0453962070,045396207,BSF1TH3
LCTX,Lineage Cell Therapeutics Inc.,0.0,2604471,3463946.43,US53566P1093,53566P109,BJMSX83
OSUR,OraSure Technologies Inc.,0.0,804240,3458232.0,US68554V1089,68554V108,2318790
PKOH,Park-Ohio Holdings Corp.,0.0,105698,3441526.88,US7006661000,700666100,2671363
NATR,Nature's Sunshine Products Inc.,0.0,161186,3430038.08,US6390271012,639027101,2627816
EVGO,EVgo Inc. Class A,0.0,1543450,3426459.0,US30052F1003,30052F100,BP2Q7L0
NGNE,Neurogene Inc.,0.0,120632,3418710.88,US64135M1053,64135M105,BS2F741
RLGT,Radiant Logistics Inc.,0.0,402557,3417708.93,US75025X1000,75025X100,B065G33
NWFL,Norwood Financial Corp.,0.0,113005,3416141.15,US6695491075,669549107,2549233
UIS,Unisys Corp.,0.0,743242,3411480.78,US9092143067,909214306,2931595
AMCX,AMC Networks Inc. Class A,0.0,350883,3410582.76,US00164V1035,00164V103,B4MG4Z6
KYTX,Kyverna Therapeutics Inc.,0.0,399340,3402376.8,US5019761049,501976104,BSMLR16
WEST,Westrock Coffee Co.,0.0,423623,3401692.69,US96145W1036,96145W103,BN4Q5D2
MH,McGraw Hill Inc.,0.0,281015,3383420.6,US5809071039,580907103,BTMJ5B3
FRST,Primis Financial Corp.,0.0,233877,3374845.11,US74167B1098,74167B109,BMTRDW8
ARTNA,Artesian Resources Corp. Class A,0.0,103718,3372909.36,US0431132085,043113208,2418258
WYFI,Whitefiber Inc.,0.0,113041,3361839.34,KYG961151035,,BQTYCT7
DCTH,Delcath Systems Inc.,0.0,311766,3360837.48,US24661P8077,24661P807,BK228T8
FUBO,fuboTV Inc. Class A,0.0,332852,3358476.68,US35953D4016,35953D401,BWTYSN5
LODE,Comstock Inc.,0.0,808201,3354034.15,US2057504092,205750409,BTMP9Y2
STRZ,Starz Entertainment Corp.,0.0,143376,3352130.88,CA8559191066,855919106,BVDGZ39
TSBK,Timberland Bancorp Inc./WA,0.0,82580,3351096.4,US8870981011,887098101,2147734
NRDS,NerdWallet Inc. Class A,0.0,389629,3350809.4,US64082B1026,64082B102,BMTW8S4
ABEO,Abeona Therapeutics Inc.,0.0,579128,3347359.84,US00289Y2063,00289Y206,BMZ4B74
MAX,MediaAlpha Inc. Class A,0.0,376006,3346453.4,US58450V1044,58450V104,BLR8XV5
FATE,Fate Therapeutics Inc.,0.0,1175685,3338945.4,US31189P1021,31189P102,BCZS820
JCAP,Jefferson Capital Inc.,0.0,196328,3335612.72,US47248R1032,47248R103,BV4K5N0
GSIT,GSI Technology Inc.,0.0,335883,3333638.78,US36241U1060,36241U106,B00SMG3
NCMI,National CineMedia Inc.,0.0,1060210,3329059.4,US6353092066,635309206,BPSK9J8
RBB,RBB Bancorp,0.0,138758,3319091.36,US74930B1052,74930B105,B8BBRW8
PACK,Ranpak Holdings Corp. Class A,0.0,479121,3305934.9,US75321W1036,75321W103,BKBQD30
PKBK,Parke Bancorp Inc.,0.0,107181,3293672.13,US7008851062,700885106,2095145
VELO,Velo3D Inc.,0.0,136831,3285312.31,US92259N3026,92259N302,BMYGKV8
ABX,Abacus Global Management Inc.,0.0,364042,3269097.16,US00258Y1047,00258Y104,BRK3GP4
KIDS,OrthoPediatrics Corp.,0.0,190361,3268498.37,US68752L1008,68752L100,BYWL5L4
EGHT,8x8 Inc.,0.0,1575557,3261402.99,US2829141009,282914100,2037170
BNTC,Benitec Biopharma Inc.,0.0,281899,3258752.44,US08205P2092,08205P209,BS2K7D5
ELDN,Eledon Pharmaceuticals Inc.,0.0,854634,3256155.54,US28617K1016,28617K101,BM90L23
RCKY,Rocky Brands Inc.,0.0,84088,3250842.08,US7745151008,774515100,2746915
FCCO,First Community Corp./SC,0.0,107732,3238423.92,US3198351047,319835104,2863074
SMC,Summit Midstream Corp.,0.0,121304,3232751.6,US86614G1013,86614G101,BNM9H26
UPB,Upstream Bio Inc.,0.0,386524,3231340.64,US91678A1079,91678A107,BRCFFK6
GNE,Genie Energy Ltd. Class B,0.0,232781,3231000.28,US3722842081,372284208,B725NJ1
SLP,Simulations Plus Inc.,0.0,187417,3206704.87,US8292141053,829214105,2122560
CLYM,Climb Bio Inc.,0.0,292417,3204890.32,US28658R1068,28658R106,BMW5LX6
PDYN,Palladyne AI Corp.,0.0,378196,3188192.28,US80359A2050,80359A205,BMY60J6
ISBA,Isabella Bank Corp.,0.0,78133,3186263.74,US4642141059,464214105,2521941
RZLT,Rezolute Inc.,0.0,963804,3180553.2,US76200L3096,76200L309,BMY7XX4
NABL,N-able Inc./US,0.0,858384,3176020.8,US62878D1000,62878D100,BMBR683
RBBN,Ribbon Communications Inc.,0.0,1030468,3173841.44,US7625441040,762544104,BD2BLX1
BOC,Boston Omaha Corp. Class A,0.0,246377,3173335.76,US1010441053,101044105,BZB2L51
NUS,Nu Skin Enterprises Inc. Class A,0.0,547933,3172532.07,US67018T1051,67018T105,2616870
NECB,Northeast Community Bancorp Inc.,0.0,130851,3171828.24,US6641211007,664121100,BL97CD5
ACRE,Ares Commercial Real Estate Corp.,0.0,641934,3171153.96,US04013V1089,04013V108,B77PWP5
RC,Ready Capital Corp.,0.0,1773731,3157241.18,US75574U1016,75574U101,BDFS3G6
AVXL,Anavex Life Sciences Corp.,0.0,1041514,3155787.42,US0327973006,032797300,BYTYP72
FRPH,FRP Holdings Inc.,0.0,136422,3152712.42,US30292L1070,30292L107,BTCB1W2
PSIX,Power Solutions International Inc.,0.0,75598,3150924.64,US73933G2021,73933G202,B6YVN56
PBYI,Puma Biotechnology Inc.,0.0,437741,3138602.97,US74587V1070,74587V107,B7F2TY6
DBI,Designer Brands Inc. Class A,0.0,406366,3137145.52,US2505651081,250565108,BJ9J282
SNDA,Sonida Senior Living Inc.,0.0,88729,3136570.15,US1404752032,140475203,BN7RQC8
ACHV,Achieve Life Sciences Inc.,0.0,598204,3134588.96,US0044685008,004468500,BLD0Z08
FTK,Flotek Industries Inc.,0.0,156129,3114773.55,US3433894090,343389409,BR56603
GDRX,GoodRx Holdings Inc. Class A,0.0,1060122,3095556.24,US38246G1085,38246G108,BMTVQT8
ATNI,ATN International Inc.,0.0,109582,3085829.12,US00215F1075,00215F107,BDC84D3
TWFG,TWFG Inc.,0.0,164337,3084605.49,US87318A1016,87318A101,BSF1W30
HCKT,Hackett Group Inc.,0.0,266678,3074797.34,US4046091090,404609109,2249254
PALI,Palisade Bio Inc.,0.0,1449950,3073894.0,US6963894026,696389402,BQXNTR7
RCKT,Rocket Pharmaceuticals Inc.,0.0,1000868,3072664.76,US77313F1066,77313F106,BDFKQ07
XE,X-Energy Inc.,0.0,114037,3068735.67,US98386P1021,98386P102,BW0TQY6
WSBF,Waterstone Financial Inc.,0.0,165769,3068384.19,US94188P1012,94188P101,BJ7BVV6
AKBA,Akebia Therapeutics Inc.,0.0,3007026,3067166.52,US00972D1054,00972D105,BKKMP44
JOUT,Johnson Outdoors Inc. Class A,0.0,68466,3064538.16,US4791671088,479167108,2476847
JMSB,John Marshall Bancorp Inc.,0.0,143868,3060072.36,US47805L1017,47805L101,BF04JD2
WOOF,Petco Health & Wellness Co. Inc. Class A,0.0,1013859,3051715.59,US71601V1052,71601V105,BNRQM83
CDZI,Cadiz Inc.,0.0,623693,3043621.84,US1275372076,127537207,2238661
GBFH,GBank Financial Holdings Inc.,0.0,101337,3018829.23,US36166F1003,36166F100,BND76B1
CNDT,Conduent Inc.,0.0,1737779,3006357.67,US2067871036,206787103,BYWLRV8
BOBS,Bob's Discount Furniture Inc.,0.0,220708,3001628.8,US09681N1063,09681N106,BV9C5G4
MBI,MBIA Inc.,0.0,510821,2998519.27,US55262C1009,55262C100,2547044
IPSC,Century Therapeutics Inc.,0.0,1222691,2995592.95,US15673T1007,15673T100,BNK9MY5
ELMD,Electromed Inc.,0.0,79217,2988065.24,US2854091087,285409108,B3WLLH5
SITC,SITE Centers Corp.,0.0,590232,2980671.6,US82981J8514,82981J851,BSWVTJ8
ACIC,United Insurance Holdings Corp.,0.0,284795,2976107.75,US9107101027,910710102,B292PW7
NATH,Nathan's Famous Inc.,0.0,29309,2957278.1,US6323471002,632347100,2622747
TBRG,Computer Programs & Systems Inc.,0.0,113740,2952690.4,US2053061030,205306103,2872122
NRC,National Research Corp.,0.0,151126,2951490.78,US6373722023,637372202,B8W3QK4
PCB,PCB Bancorp,0.0,120067,2950046.19,US69320M1099,69320M109,BKLTT20
RPAY,Repay Holdings Corp.,0.0,759664,2947496.32,US76029L1008,76029L100,BK5TLP3
EVMN,Evommune Inc.,0.0,126549,2939733.27,US30054Y1073,30054Y107,BT3CT08
LDI,loanDepot Inc. Class A,0.0,2223418,2934911.76,US53946R1068,53946R106,BZ6CCH5
FSBW,FS Bancorp Inc.,0.0,72044,2932911.24,US30263Y1047,30263Y104,B4Z5FD5
FNLC,First Bancorp Inc./ME,0.0,100236,2917869.96,US31866P1021,31866P102,2353047
OLPX,Olaplex Holdings Inc.,0.0,1427652,2912410.08,US6793691089,679369108,BNKJ933
DMRC,Digimarc Corp.,0.0,197131,2897825.7,US25382K1007,25382K100,BMWF3W9
PAYS,Paysign Inc.,0.0,398373,2896171.71,US70451A1043,70451A104,BJRFDF6
FBLA,FB Bancorp Inc.,0.0,207342,2890347.48,US31425A1097,31425A109,BRJK087
TLS,Telos Corp.,0.0,602755,2887196.45,US87969B1017,87969B101,BLDDYL1
LTRX,Lantronix Inc.,0.0,381724,2882016.2,US5165482036,516548203,2616085
MNPR,Monopar Therapeutics Inc.,0.0,44311,2881987.44,US61023L2079,61023L207,BQ0N709
SENS,Senseonics Holdings Inc.,0.0,424193,2880270.47,US81727U3032,81727U303,BTMJPJ1
PCYO,Pure Cycle Corp.,0.0,277853,2875778.55,US7462283034,746228303,B00YZY0
CLW,Clearwater Paper Corp.,0.0,175984,2868539.2,US18538R1032,18538R103,B3K9Z35
PANL,Pangaea Logistics Solutions Ltd.,0.0,378247,2863329.79,BMG6891L1054,G6891L105,BRGCNJ8
LYEL,Lyell Immunopharma Inc.,0.0,163755,2837874.15,US55083R2031,55083R203,BTNMG41
ATLO,Ames National Corp.,0.0,98517,2831378.58,US0310011004,031001100,B00MZ00
INV,Innventure Inc.,0.0,530661,2828423.13,US45784M1080,45784M108,BSVLRS4
MGPI,MGP Ingredients Inc.,0.0,159959,2823276.35,US55303J1060,55303J106,B6ZJTH3
BMBL,Bumble Inc. Class A,0.0,887709,2814037.53,US12047B1052,12047B105,BMZ2WT7
ALCO,Alico Inc.,0.0,69190,2812573.5,US0162301040,016230104,2016425
PPIH,Perma-Pipe International Holdings Inc.,0.0,90813,2787050.97,US7141671039,714167103,BDD0V60
CABO,Cable One Inc.,0.0,52844,2776952.2,US12685J1051,12685J105,BZ07DS4
MITT,TPG Mortgage Investment Trust Inc.,0.0,358994,2771433.68,US0012285013,001228501,BN46844
FBYD,Falcon's Beyond Global Inc.,0.0,178717,2770113.5,US3061211047,306121104,BPSQ9F2
SWIM,Latham Group Inc.,0.0,524292,2768261.76,US51819L1070,51819L107,BNC0LQ1
FVCB,FVCBankcorp Inc.,0.0,175358,2767149.24,US36120Q1013,36120Q101,BY7RH33
ALMU,Aeluma Inc.,0.0,128126,2764959.08,US00776X1090,00776X109,BPBPG77
PINE,Alpine Income Property Trust Inc.,0.0,143159,2758673.93,US02083X1037,02083X103,BKMQX40
OSG,Octave Specialty Group Inc.,0.0,496911,2723072.28,US0231398845,023139884,B7ZKH46
RNGR,Ranger Energy Services Inc.,0.0,175992,2720836.32,US75282U1043,75282U104,BF8G134
IVVD,Invivyd Inc.,0.0,2383653,2717364.42,US00534A1025,00534A102,BM8NHS1
CHMG,Chemung Financial Corp.,0.0,39533,2715126.44,US1640241014,164024101,2190921
ASUR,Asure Software Inc.,0.0,293140,2711545.0,US04649U1025,04649U102,2932037
DGICA,Donegal Group Inc. Class A,0.0,159691,2709956.27,US2577012014,257701201,2752730
MGNX,MacroGenics Inc.,0.0,649399,2701499.84,US5560991094,556099109,BFDV8K0
TG,Tredegar Corp.,0.0,345780,2700541.8,US8946501009,894650100,2903345
FWRD,Forward Air Corp.,0.0,254307,2690568.06,US34986A1043,34986A104,BTJZB05
JACK,Jack in the Box Inc.,0.0,215698,2685440.1,US4663671091,466367109,2344922
CHRS,Coherus Biosciences Inc.,0.0,1685017,2679177.03,US19249H1032,19249H103,BRK0149
LPRO,Open Lending Corp.,0.0,1165247,2656763.16,US68373J1043,68373J104,BMTD3M6
OPFI,OppFi Inc.,0.0,312435,2652573.15,US68386H1032,68386H103,BP6GZG7
FRAF,Franklin Financial Services Corp.,0.0,45623,2652064.99,US3535251082,353525108,B019C32
USAU,US Gold Corp.,0.0,163712,2642311.68,US90291C2017,90291C201,BL68L90
KRT,Karat Packaging Inc.,0.0,97310,2639047.2,US48563L1017,48563L101,BKDZ6W5
ASYS,Amtech Systems Inc.,0.0,124071,2638990.17,US0323325045,032332504,2400619
GEF.B,Greif Inc. Class B,0.0,32848,2637694.4,US3976242061,397624206,2394080
CIA,Citizens Inc./TX Class A,0.0,507885,2635923.15,US1747401008,174740100,2199478
CFFI,C&F Financial Corp.,0.0,35651,2629261.25,US12466Q1040,12466Q104,2494515
SSP,EW Scripps Co. Class A,0.0,773757,2623036.23,US8110544025,811054402,2862532
ONIT,Onity Group Inc.,0.0,75796,2617993.84,US6757466064,675746606,BMDNMR0
MASS,908 Devices Inc.,0.0,309820,2605586.2,US65443P1021,65443P102,BM8GQP0
NKSH,National Bankshares Inc.,0.0,73936,2601807.84,US6348651091,634865109,2532556
FUNC,First United Corp.,0.0,65722,2598647.88,US33741H1077,33741H107,2420736
BNED,Barnes & Noble Education Inc.,0.0,249927,2589243.72,US06777U2006,06777U200,BNNRMX5
SMRT,SmartRent Inc.,0.0,2053217,2587053.42,US83193G1076,83193G107,BPCHD26
ANGX,Angel Studios Inc. Class A,0.0,933373,2585443.21,US0349481095,034948109,BVPCTF5
FC,Franklin Covey Co.,0.0,108053,2563017.16,US3534691098,353469109,2352839
EIKN,Eikon Therapeutics Inc.,0.0,235174,2549286.16,US2825641036,282564103,BV9C5Q4
SKYH,Sky Harbour Group Corp. Class A,0.0,271465,2549056.35,US83085C1071,83085C107,BPNXSS4
WBTN,Webtoon Entertainment Inc.,0.0,207234,2546905.86,US94845U1051,94845U105,BR3YVK4
AVBH,Avidbank Holdings Inc.,0.0,82562,2541258.36,US05368J1034,05368J103,B3XR1X8
POWW,Outdoor Holding Co.,0.0,1233221,2540435.26,US00175J1079,00175J107,BD8GP05
QUAD,Quad/Graphics Inc.,0.0,340187,2534393.15,US7473011093,747301109,B3YM983
PLTK,Playtika Holding Corp.,0.0,669165,2522752.05,US72815L1070,72815L107,BNRQKQ7
LCNB,LCNB Corp.,0.0,147333,2510554.32,US50181P1003,50181P100,2283917
ARDT,Ardent Health Inc.,0.0,271704,2507827.92,US03980N1072,03980N107,BSF1W07
OVLY,Oak Valley Bancorp,0.0,75816,2495104.56,US6718071052,671807105,B019FQ6
FOSL,Fossil Group Inc.,0.0,569402,2493980.76,US34988V1061,34988V106,BBGT609
NC,NACCO Industries Inc. Class A,0.0,49277,2493416.2,US6295791031,629579103,2616977
OPRT,Oportun Financial Corp.,0.0,459994,2493167.48,US68376D1046,68376D104,BKTC5L2
FNKO,Funko Inc. Class A,0.0,438440,2490339.2,US3610081057,361008105,BF329J9
KROS,Keros Therapeutics Inc.,0.0,220854,2484607.5,US4923271013,492327101,BM7V485
CDXS,Codexis Inc.,0.0,895869,2481557.13,US1920051067,192005106,B5LL2C2
MYFW,First Western Financial Inc.,0.0,84941,2477728.97,US33751L1052,33751L105,BDD1B52
FLXS,Flexsteel Industries Inc.,0.0,42877,2470572.74,US3393821034,339382103,2342926
NXDT,NexPoint Diversified Real Estate Trust,0.0,458902,2450536.68,US65340G2057,65340G205,BYMG199
LMNR,Limoneira Co.,0.0,192133,2443931.76,US5327461043,532746104,2101763
SPOK,Spok Holdings Inc.,0.0,230527,2441280.93,US84863T1060,84863T106,BNZB473
INR,Infinity Natural Resources Inc. Class A,0.0,179555,2432970.25,US4569411030,456941103,BS893G1
NAGE,ChromaDex Corp.,0.0,629411,2429526.46,US1710774076,171077407,BD0SJ96
TARA,Protara Therapeutics Inc.,0.0,520292,2419357.8,US74365U1079,74365U107,BMVWYW8
LEGH,Legacy Housing Corp.,0.0,100715,2418167.15,US52472M1018,52472M101,BG5HXX1
FXNC,First National Corp./VA,0.0,86909,2415635.66,US32106V1070,32106V107,B018Y33
ISSC,Innovative Solutions & Support Inc.,0.0,139444,2404014.56,US45769N1054,45769N105,2616397
MPAA,Motorcar Parts of America Inc.,0.0,217142,2401590.52,US6200711009,620071100,2861993
FJET,Starfighters Space Inc.,0.0,321564,2398867.44,US85529M1045,85529M104,BW7ZN91
LOVE,Lovesac Co.,0.0,155950,2398511.0,US54738L1098,54738L109,BG88WJ0
FDBC,Fidelity D&D Bancorp Inc.,0.0,51339,2398044.69,US31609R1005,31609R100,2610913
BETR,Better Home & Finance Holding Co. Class A,0.0,82145,2396169.65,US08774B5084,08774B508,BTCK798
PEBK,Peoples Bancorp of North Carolina Inc.,0.0,56450,2376545.0,US7105771072,710577107,2620503
APC,ARKO Petroleum Corp.,0.0,124922,2376016.44,US04124A1007,04124A100,BNNM865
NERV,Minerva Neurosciences Inc.,0.0,483523,2374097.93,US6033802058,603380205,BPF0KJ8
CMRC,Commerce.com Inc.,0.0,758106,2372871.78,US08975P1084,08975P108,BMDCDP2
WEYS,Weyco Group Inc.,0.0,67237,2372793.73,US9621491003,962149100,2947774
BXDC,Blackstone Digital Infrastructure Trust Inc.,0.0,109614,2370950.82,US09264B1070,09264B107,BX74VC4
ACH,Owens & Minor Inc.,0.0,833270,2366486.8,US6907321029,690732102,2665128
QSI,Quantum-Si Inc.,0.0,1988263,2366032.97,US74765K1051,74765K105,BNR5QT9
KWY,Kingsway Financial Services Inc.,0.0,236523,2362864.77,US4969042021,496904202,BGNQ6J7
ANIK,Anika Therapeutics Inc.,0.0,162458,2360514.74,US0352551081,035255108,2035754
SRI,Stoneridge Inc.,0.0,315702,2358293.94,US86183P1021,86183P102,2111977
DSP,Viant Technology Inc. Class A,0.0,185243,2356290.96,US92557A1016,92557A101,BMDJ0D0
HWBK,Hawthorn Bancshares Inc.,0.0,64168,2354323.92,US4204761039,420476103,2604217
AVNW,Aviat Networks Inc.,0.0,132234,2349798.18,US05366Y2019,05366Y201,BZ9NWS6
RELL,Richardson Electronics Ltd./United States,0.0,138190,2346466.2,US7631651079,763165107,2736109
ASLE,AerSale Corp.,0.0,355661,2343805.99,US00810F1066,00810F106,BN2RY85
HUMA,Humacyte Inc.,0.0,1802826,2343673.8,US44486Q1031,44486Q103,BMYTJP4
WNEB,Western New England Bancorp Inc.,0.0,175304,2326284.08,US9588921018,958892101,BZCNLM0
ARCT,Arcturus Therapeutics Holdings Inc.,0.0,293104,2321383.68,US03969T1097,03969T109,BKC9SX3
REI,Ring Energy Inc.,0.0,1786069,2304029.01,US76680V1089,76680V108,B1TGYD6
ZNTL,Zentalis Pharmaceuticals Inc.,0.0,575846,2303384.0,US98943L1070,98943L107,BMQ5T49
FCAP,First Capital Inc.,0.0,37224,2300815.44,US31942S1042,31942S104,2647160
INBK,First Internet Bancorp,0.0,94949,2293967.84,US3205571017,320557101,B0406N0
CZWI,Citizens Community Bancorp Inc./WI,0.0,112122,2287288.8,US1749031043,174903104,B1GH465
CBK,Commercial Bancgroup Inc.,0.0,78730,2274509.7,US20112C1062,20112C106,BTLP0D9
LIFE,Ethos Technologies Inc.,0.0,120070,2269323.0,US29765A1016,29765A101,BV4MN10
EVCM,EverCommerce Inc.,0.0,201197,2263466.25,US29977X1054,29977X105,BLD30Q8
REFI,Chicago Atlantic Real Estate Finance Inc.,0.0,199009,2262732.33,US1672391026,167239102,BMZQY71
SEVN,Seven Hills Realty Trust,0.0,265153,2261755.09,US81784E1010,81784E101,BMWDGS0
EMBC,Embecta Corp.,0.0,668682,2260145.16,US29082K1051,29082K105,BMXWYR1
NUAI,New Era Energy & Digital Inc.,0.0,473261,2257454.97,US64428N1090,64428N109,BSS9S00
CRBU,Caribou Biosciences Inc.,0.0,956474,2257278.64,US1420381089,142038108,BNYJR68
VABK,Virginia National Bankshares Corp.,0.0,51967,2254848.13,US9280311039,928031103,BHBFXS1
HDSN,Hudson Technologies Inc.,0.0,423209,2251471.88,US4441441098,444144109,2730532
CRCT,Cricut Inc.,0.0,542432,2251092.8,US22658D1000,22658D100,BMXDS27
JAKK,JAKKS Pacific Inc.,0.0,101380,2239484.2,US47012E4035,47012E403,BN2R7Z3
ALEC,Alector Inc.,0.0,1033776,2232956.16,US0144421072,014442107,BJ4LDC4
RGCO,RGC Resources Inc.,0.0,96400,2222020.0,US74955L1035,74955L103,2434016
GCBC,Greene County Bancorp Inc.,0.0,84584,2219484.16,US3943571071,394357107,2647751
USNA,USANA Health Sciences Inc.,0.0,121111,2216331.3,US90328M1071,90328M107,2267698
UTMD,Utah Medical Products Inc.,0.0,33310,2213449.5,US9174881089,917488108,2925899
ZIP,ZipRecruiter Inc.,0.0,682025,2209761.0,US98980B1035,98980B103,BMGH6N3
INTT,inTEST Corp.,0.0,130680,2200651.2,US4611471008,461147100,2019736
ANGI,Angi Inc. Class A,0.0,373369,2187942.34,US00183L2016,00183L201,BT9P0M0
LFCR,Landec Corp.,0.0,435402,2185718.04,US5147661046,514766104,2517058
COSO,CoastalSouth Bancshares Inc.,0.0,85457,2181717.21,US19058X2071,19058X207,BD6D8Y3
RXST,RxSight Inc.,0.0,409293,2181531.69,US78349D1072,78349D107,BMJ0GR3
SIGA,SIGA Technologies Inc.,0.0,464304,2172942.72,US8269171067,826917106,2107437
KULR,KULR Technology Group Inc.,0.0,454381,2171941.18,US50125G3074,50125G307,BV4K5L8
CTEV,Claritev Corp. Class A,0.0,86444,2171473.28,US62548M2098,62548M209,BRQPHW8
BPRN,Princeton Bancorp Inc.,0.0,60131,2167121.24,US74179A1079,74179A107,BQD00T7
RDNW,RideNow Group Inc. Class B,0.0,268387,2165883.09,US7813863054,781386305,BMZN2Y5
RMAX,RE/MAX Holdings Inc. Class A,0.0,226994,2165522.76,US75524W1080,75524W108,BF23JJ3
ORGO,Organogenesis Holdings Inc. Class A,0.0,842139,2164297.23,US68621F1021,68621F102,BF2KYH7
LMRI,Lumexa Imaging Holdings Inc.,0.0,278132,2163866.96,US5502491062,550249106,BWH3RP9
INSE,Inspired Entertainment Inc.,0.0,280549,2160227.3,US45782N1081,45782N108,BDCWQ73
PROK,ProKidney Corp. Class A,0.0,1175257,2150720.31,US74291D1046,74291D104,BV6FYY7
SEG,Seaport Entertainment Group Inc.,0.0,85072,2148068.0,US8122152007,812215200,BRXXTF2
DUOT,Duos Technologies Group Inc.,0.0,159078,2147553.0,US2660424076,266042407,BKX9V77
IRD,Opus Genetics Inc.,0.0,489211,2132959.96,US67577R1023,67577R102,BKPSQY4
STRS,Stratus Properties Inc.,0.0,74487,2129955.77,US8631672016,863167201,2761424
DMAC,DiaMedica Therapeutics Inc.,0.0,355523,2129582.77,CA25253X2077,25253X207,BGT0PL8
GORO,Gold Resource Corp.,0.0,1523598,2117801.22,US38068T1051,38068T105,B1DZ912
KRMD,Repro-Med Systems Inc.,0.0,520942,2115024.52,US7599101026,759910102,2548597
RMNI,Rimini Street Inc.,0.0,540855,2114743.05,US76674Q1076,76674Q107,BDD0HG2
TBI,TrueBlue Inc.,0.0,338451,2101780.71,US89785X1019,89785X101,2519849
TWIN,Twin Disc Inc.,0.0,125825,2098761.0,US9014761012,901476101,2908685
VYGR,Voyager Therapeutics Inc.,0.0,541698,2096371.26,US92915B1061,92915B106,BY7RB53
MVIS,MicroVision Inc.,0.0,3454643,2095931.91,US5949603048,594960304,B7N96Q0
ZURA,Zura Bio Ltd. Class A,0.0,485093,2085899.9,KYG9TY5A1016,G9TY5A101,BQPCK91
SGP,SpyGlass Pharma Inc.,0.0,107984,2079771.84,US85220G1094,85220G109,BQGFD12
BSVN,Bank7 Corp.,0.0,46918,2076590.68,US06652N1072,06652N107,BFMN421
JELD,JELD-WEN Holding Inc.,0.0,961258,2076317.28,US47580P1030,47580P103,BYM4WL2
INFU,InfuSystem Holdings Inc.,0.0,228862,2075778.34,US45685K1025,45685K102,B17FVR8
ESOA,Energy Services of America Corp.,0.0,138917,2074030.81,US29271Q1031,29271Q103,B1FL1D4
BH,Biglari Holdings Inc. Class B,0.0,7132,2071703.36,US08986R3093,08986R309,BDT5ZH8
CMT,Core Molding Technologies Inc.,0.0,87357,2069487.33,US2186831002,218683100,2761123
RNA,Atrium Therapeutics Inc.,0.0,158780,2064140.0,US04965N1046,04965N104,BVPN4Z3
SNFCA,Security National Financial Corp. Class A,0.0,212772,2063888.4,US8147853092,814785309,2775317
JRVR,James River Group Holdings Inc.,0.0,527560,2062759.6,US46990A1025,46990A102,BV96YL4
RICK,RCI Hospitality Holdings Inc.,0.0,80613,2045151.81,US74934Q1085,74934Q108,BQ0QT80
NLOP,NET Lease Office Properties,0.0,169390,2034373.9,US64110Y1082,64110Y108,BS44H79
LFMD,LifeMD Inc.,0.0,475103,2033440.84,US53216B1044,53216B104,BMXDBQ2
IMUX,Immunic Inc.,0.0,135693,2029967.28,US4525EP2001,4525EP200,BW0TQJ1
TONX,TON Strategy Co.,0.0,509457,2027638.86,US92337U3023,92337U302,BQFN0M7
TBCH,Turtle Beach Corp.,0.0,154581,2015736.24,US9004502061,900450206,BF5HDT0
PRTH,Priority Technology Holdings Inc.,0.0,314360,2008760.4,US74275G1076,74275G107,BZ9NRB4
MRBK,Meridian Corp.,0.0,111653,2007520.94,US58958P1049,58958P104,BF5R077
IMMR,Immersion Corp.,0.0,309017,2002430.16,US4525211078,452521107,2517854
TRDA,Entrada Therapeutics Inc.,0.0,283038,2001078.66,US29384C1080,29384C108,BP81RK8
CMTV,Community Bancorp/VT,0.0,55430,2000468.7,US20343A1016,20343A101,2502098
EFSI,Eagle Financial Services Inc.,0.0,50389,1988349.94,US26951R1041,26951R104,2600301
OVBC,Ohio Valley Banc Corp.,0.0,41240,1981582.0,US6777191064,677719106,2549136
OPTU,Altice USA Inc. Class A,0.0,3000401,1974863.94,US02156K1034,02156K103,BDRY7P9
LENZ,LENZ Therapeutics Inc.,0.0,253113,1969219.14,US52635N1037,52635N103,BQV0J03
KINS,Kingstone Cos. Inc.,0.0,132382,1968520.34,US4967191051,496719105,B02NVQ9
NPB,Northpointe Bancshares Inc.,0.0,115119,1966232.52,US66661N8864,66661N886,BSNQ293
VERI,Veritone Inc.,0.0,920475,1951407.0,US92347M1009,92347M100,BD6R102
STXS,Stereotaxis Inc.,0.0,985512,1951313.76,US85916J4094,85916J409,B8J3C43
KPTI,Karyopharm Therapeutics Inc.,0.0,214342,1950512.2,US48576U2050,48576U205,BMHF2H2
ELA,Envela Corp.,0.0,76590,1949981.4,US29402E1029,29402E102,BK8WN64
DSGR,Lawson Products Inc./DE,0.0,72088,1946376.0,US5207761058,520776105,2508126
BRT,BRT Apartments Corp.,0.0,134049,1942370.01,US0556453035,055645303,2068512
WHWK,Whitehawk Therapeutics Inc.,0.0,410757,1938773.04,US00032Q1040,00032Q104,BMYH7M1
NVCT,Nuvectis Pharma Inc.,0.0,198461,1934994.75,US67080T1088,67080T108,BPG9KV6
CHPT,ChargePoint Holdings Inc.,0.0,254727,1933377.93,US15961R3030,15961R303,BVN2B39
EBMT,Eagle Bancorp Montana Inc.,0.0,87112,1933015.28,US26942G1004,26942G100,B57M9P1
BCBP,BCB Bancorp Inc.,0.0,183434,1915050.96,US0552981039,055298103,2848253
SENEB,Seneca Foods Corp. Class B,0.0,13379,1914267.32,US8170701051,817070105,2796288
CXDO,Crexendo Inc.,0.0,193346,1910258.48,US2265521078,226552107,2963305
VEL,Velocity Financial Inc.,0.0,109146,1910055.0,US92262D1019,92262D101,BKFVZS0
BBCP,Concrete Pumping Holdings Inc.,0.0,244024,1908267.68,US2067041085,206704108,BH3N8W2
PESI,Perma-Fix Environmental Services,0.0,194162,1906670.84,US7141572039,714157203,BF5S9H3
HPK,HighPeak Energy Inc.,0.0,268277,1904766.7,US43114Q1058,43114Q105,BN0VNB5
MDV,Modiv Industrial Inc.,0.0,104449,1896793.84,US60784B1017,60784B101,BNKDSV6
GPRO,GoPro Inc. Class A,0.0,1513981,1892476.25,US38268T1034,38268T103,BMNQC35
GLSI,Greenwich Lifesciences Inc.,0.0,72268,1891614.9,US3968791083,396879108,BLF0C50
DTIL,Precision BioSciences Inc.,0.0,271384,1891546.48,US74019P2074,74019P207,BNM6FK1
TMCI,Treace Medical Concepts Inc.,0.0,545595,1887758.7,US89455T1097,89455T109,BNG47W7
WW,WW International Inc.,0.0,113564,1887433.68,US98262P2002,98262P200,BNC29P2
NMRA,Neumora Therapeutics Inc.,0.0,1019910,1886833.5,US6409791000,640979100,BN4JN37
CMTL,Comtech Telecommunications Corp.,0.0,335218,1883925.16,US2058262096,205826209,2215341
USCB,USCB Financial Holdings Inc.,0.0,101328,1878621.12,US90355N1019,90355N101,BPCK3Z8
DVLT,Datavault AI Inc.,0.0,3743451,1871725.5,US86633R6099,86633R609,BNKC8Y6
AREC,American Resources Corp. Class A,0.0,847137,1863701.4,US02927U2087,02927U208,BF2WFR0
NKTX,Nkarta Inc.,0.0,573211,1862935.75,US65487U1088,65487U108,BK80YJ8
RILY,B. Riley Financial Inc.,0.0,199612,1862379.96,US05580M1080,05580M108,BSKS2D6
OFRM,Once Upon a Farm PBC,0.0,120376,1859809.2,US68237F1084,68237F108,BPSKY15
SGHT,Sight Sciences Inc.,0.0,381573,1854444.78,US82657M1053,82657M105,BN2T5Q6
VIA,Via Transportation Inc. Class A,0.0,121723,1853841.29,US92556W1045,92556W104,BVZNXR8
INNV,Innovage Holding Corp.,0.0,243898,1851185.82,US45784A1043,45784A104,BNKLRT1
FHTX,Foghorn Therapeutics Inc.,0.0,428310,1833166.8,US3441741077,344174107,BMF7DT9
ADV,Advantage Solutions Inc.,0.0,48947,1831596.74,US00791N2018,00791N201,BTZS1P3
ZONE,Cleancore Solutions Inc. Class B,0.0,2279030,1823224.0,US1844921064,184492106,BPW6VV8
EAF,GrafTech International Ltd.,0.0,182640,1822747.2,US3843136074,384313607,BV6G2Q8
EMPD,Empery Digital Inc.,0.0,404835,1821757.5,US92864V6083,92864V608,BTCHBC0
CVGI,Commercial Vehicle Group Inc.,0.0,352622,1816003.3,US2026081057,202608105,B02GMS7
TAYD,Taylor Devices Inc.,0.0,35599,1815549.0,US8771631053,877163105,2877127
CBFV,CB Financial Services Inc.,0.0,50409,1806658.56,US12479G1013,12479G101,B032TT4
TNXP,Tonix Pharmaceuticals Holding Corp.,0.0,146438,1805580.54,US8902608392,890260839,BQKX9X6
BRCC,BRC Inc. Class A,0.0,1097055,1799170.2,US05601U1051,05601U105,BNBV240
ACTG,Acacia Research Corp.,0.0,386621,1797787.65,US0038813079,003881307,2169589
RFIL,RF Industries Ltd.,0.0,101606,1797410.14,US7495521053,749552105,2727813
HRTX,Heron Therapeutics Inc.,0.0,2063361,1795330.41,US4277461020,427746102,BJ0XLZ3
OPBK,OP Bancorp,0.0,127503,1792692.18,US67109R1095,67109R109,BD06KV9
AMPY,Amplify Energy Corp.,0.0,386074,1787522.62,US03212B1035,03212B103,BK598S5
THRY,Thryv Holdings Inc.,0.0,459177,1781606.76,US8860292064,886029206,BMCMWY5
ONL,Orion Properties Inc.,0.0,595644,1775019.12,US68629Y1038,68629Y103,BLCY4W6
III,Information Services Group Inc.,0.0,392386,1769660.86,US45675Y1047,45675Y104,B1R0CV4
BRR,Procap Financial Inc.,0.0,821581,1766399.15,US74277P1057,74277P105,BTZC3M6
ABTC,American Bitcoin Corp. Class A,0.0,1560608,1763487.04,US02462A1043,02462A104,BS498J3
KRO,Kronos Worldwide Inc.,0.0,244804,1760140.76,US50105F1057,50105F105,2166397
INGN,Inogen Inc.,0.0,271196,1760062.04,US45780L1044,45780L104,BJSVLL5
AMTX,Aemetis Inc.,0.0,681718,1738380.9,US00770K2024,00770K202,B9KR326
EPSN,Epsilon Energy Ltd.,0.0,306173,1732939.18,CA2943752097,294375209,BGPYWG8
FRD,Friedman Industries Inc.,0.0,74027,1730751.26,US3584351056,358435105,2352420
CBIO,Crescent Biopharma Inc.,0.0,83801,1730490.65,KYG2545C1042,G2545C104,BS43YZ3
MFIN,Medallion Financial Corp.,0.0,177012,1722326.76,US5839281061,583928106,2580447
ORBS,Eightco Holdings Inc.,0.0,1857023,1720160.4,US22890A3023,22890A302,BSLSGW2
HLLY,Holley Inc.,0.0,627311,1712559.03,US43538H1032,43538H103,BNT8W10
OBIO,Orchestra BioMed Holdings Inc.,0.0,437653,1711223.23,US68572M1062,68572M106,BPRB2N7
AIRJ,AirJoule Technologies Corp. Class A,0.0,381033,1710838.17,US6121601016,612160101,BSHSLK9
BVFL,BV Financial Inc.,0.0,86700,1701921.0,US05603E2081,05603E208,BRF3ST7
PBFS,Pioneer Bancorp Inc./NY,0.0,113770,1698586.1,US7235611065,723561106,BK8QFH1
ASRT,Assertio Holdings Inc.,0.0,72209,1692578.96,US04546C3043,04546C304,BN4BBM8
ONEW,OneWater Marine Inc. Class A,0.0,153605,1691191.05,US68280L1017,68280L101,BJCYG26
SLQT,Selectquote Inc.,0.0,1689906,1689906.0,US8163073005,816307300,BMFYH21
XPOF,Xponential Fitness Inc. Class A,0.0,307649,1688993.01,US98422X1019,98422X101,BP0TJN7
LWAY,Lifeway Foods Inc.,0.0,70810,1687402.3,US5319141090,531914109,2545305
SMHI,SEACOR Marine Holdings Inc.,0.0,222614,1680735.7,US78413P1012,78413P101,BDR7T18
SRZN,Surrozen Inc.,0.0,63979,1676889.59,US86889P2083,86889P208,BPDHGT3
BRBS,Blue Ridge Bankshares Inc.,0.0,507456,1674604.8,US0958251052,095825105,2920805
OMDA,Omada Health Inc.,0.0,93139,1673707.83,US68170A1088,68170A108,BTNLPC9
ALTI,AlTi Global Inc.,0.0,503900,1662870.0,US02157E1064,02157E106,BN0WQK8
LARK,Landmark Bancorp Inc./Manhattan KS,0.0,58282,1656374.44,US51504L1070,51504L107,2620042
CHGG,Chegg Inc.,0.0,1260866,1651734.46,US1630921096,163092109,BG6N6K6
LRMR,Larimar Therapeutics Inc.,0.0,473261,1646948.28,US5171251003,517125100,BMXNGZ6
GENC,Gencor Industries Inc.,0.0,116698,1646608.78,US3686781085,368678108,2575045
NHP,National Healthcare Properties Inc.,0.0,113904,1645912.8,US42226B5012,42226B501,BT5HGR7
SMID,Smith-Midland Corp.,0.0,51050,1636152.5,US8321561032,832156103,2480707
ESCA,Escalade Inc.,0.0,87151,1635824.27,US2960561049,296056104,2321561
GCTS,GCT Semiconductor Holding Inc.,0.0,482976,1627629.12,US36170N1072,36170N107,BQV11G6
DOMO,Domo Inc.,0.0,390224,1627234.08,US2575541055,257554105,BFZNZC5
BHR,Braemar Hotels & Resorts Inc.,0.0,655983,1613718.18,US10482B1017,10482B101,BD8ZZ24
BKKT,Bakkt Inc. Class A,0.0,148242,1611390.54,US05759B3050,05759B305,BMDLW29
APYX,Apyx Medical Corp.,0.0,399651,1596605.75,US03837C1062,03837C106,BHNDW97
CRD.B,Crawford & Co. Class B,0.0,158403,1588782.09,US2246331076,224633107,2232072
IKT,Inhibikase Therapeutics Inc.,0.0,906068,1585619.0,US45719W2052,45719W205,BLBNS33
RGP,Resources Connection Inc.,0.0,350621,1584806.92,US76122Q1058,76122Q105,2697853
AMWL,American Well Corp. Class A,0.0,160883,1581479.89,US03044L2043,03044L204,BRRD033
SBFG,SB Financial Group Inc.,0.0,73049,1577858.4,US78408D1054,78408D105,B8DV0M7
INSG,Inseego Corp.,0.0,119927,1573442.24,US45782B3024,45782B302,BN70ZG4
CAMP,CAMP4 Therapeutics Corp.,0.0,357195,1568086.05,US13463J1016,13463J101,BQFN1T1
ACU,Acme United Corp.,0.0,37004,1561568.8,US0048161048,004816104,2006329
KLTR,Kaltura Inc.,0.0,1016497,1555240.41,US4834671061,483467106,BKY5HD2
NNBR,NN Inc.,0.0,523011,1553342.67,US6293371067,629337106,2620558
METCB,Ramaco Resources Inc. Class B,0.0,134733,1550776.83,US75134P5017,75134P501,BRXYZ79
IMDX,Insight Molecular Diagnostics Inc.,0.0,248059,1540446.39,US68235C2061,68235C206,BM8K072
TTGT,TechTarget Inc.,0.0,335229,1538701.11,US87874R3084,87874R308,BPG4DP6
TNYA,Tenaya Therapeutics Inc.,0.0,1768551,1536870.82,US87990A1060,87990A106,BNNXX52
BRCB,Black Rock Coffee Bar Inc. Class A,0.0,184530,1535289.6,US0922441029,092244102,BT6CBY3
MLP,Maui Land & Pineapple Co. Inc.,0.0,90561,1533197.73,US5773451019,577345101,2572604
SRBK,SR Bancorp Inc.,0.0,81543,1532192.97,US85227J1060,85227J106,BRF1R61
FNWD,Finward Bancorp,0.0,45782,1509890.36,US31812F1093,31812F109,BN0TRH3
SGC,Superior Group of Cos. Inc.,0.0,117741,1505907.39,US8683581024,868358102,2864301
DOUG,Douglas Elliman Inc.,0.0,834628,1502330.4,US25961D1054,25961D105,BNZHLY7
CFBK,CF Bankshares Inc.,0.0,52663,1501948.76,US12520L1098,12520L109,BN2XDN1
MBOT,Microbot Medical Inc.,0.0,739816,1501826.48,US59503A2042,59503A204,BFZ4V20
GALT,Galectin Therapeutics Inc.,0.0,594705,1498656.6,US3632252025,363225202,B7ZN8B9
ACDC,ProFrac Holding Corp. Class A,0.0,245016,1497047.76,US74319N1000,74319N100,BPCJW03
DHX,DHI Group Inc.,0.0,424027,1496815.31,US23331S1006,23331S100,BWX70S9
TCX,Tucows Inc. Class A,0.0,98374,1491349.84,US8986972060,898697206,BHCQVP6
NAUT,Nautilus Biotechnology Inc.,0.0,543262,1488537.88,US63909J1088,63909J108,BNG1NK8
BSET,Bassett Furniture Industries Inc.,0.0,99257,1484884.72,US0702031040,070203104,2083526
CNTX,Context Therapeutics Inc.,0.0,520997,1484841.45,US21077P1084,21077P108,BP92744
TRAK,Park City Group Inc.,0.0,143581,1483191.73,US7002153044,700215304,B1BQMW9
QMCO,Quantum Corp.,0.0,152697,1482687.87,US7479066000,747906600,BS55DW8
RCEL,Avita Medical Inc.,0.0,341039,1476698.87,US05380C1027,05380C102,BMX0JN6
QTRX,Quanterix Corp.,0.0,482359,1476018.54,US74766Q1013,74766Q101,BD1KGN4
EGAN,eGain Corp.,0.0,198557,1475278.51,US28225C8064,28225C806,2260523
PAL,Proficient Auto Logistics Inc.,0.0,269587,1474640.89,US74317M1045,74317M104,BQSB4S2
AP,Ampco-Pittsburgh Corp.,0.0,130253,1474463.96,US0320371034,032037103,2031688
ASIC,Ategrity Specialty Holdings LLC,0.0,75249,1468107.99,US04681Y1038,04681Y103,BRQQ033
HYPR,Hyperfine Inc. Class A,0.0,939686,1465910.16,US44916K1060,44916K106,BP6W0G0
ECBK,ECB Bancorp Inc./MD,0.0,80185,1464178.1,US26828M1062,26828M106,BNHP622
BNC,CEA Industries Inc.,0.0,499526,1458615.92,US86887P3091,86887P309,BSLSJ78
SND,Smart Sand Inc.,0.0,339906,1458196.74,US83191H1077,83191H107,BYXM5L6
SPRO,Spero Therapeutics Inc.,0.0,514218,1455236.94,US84833T1034,84833T103,BF4HN80
PXED,Phoenix Education Partners Inc.,0.0,47960,1450310.4,US7189681007,718968100,BSNRFP3
RVSB,Riverview Bancorp Inc.,0.0,258129,1448103.69,US7693971001,769397100,2117920
MED,Medifast Inc.,0.0,115543,1447753.79,US58470H1014,58470H101,2934033
EPM,Evolution Petroleum Corp.,0.0,340876,1445314.24,US30049A1079,30049A107,2367781
DERM,Journey Medical Corp.,0.0,229050,1445305.5,US48115J1097,48115J109,BP5GWR8
MNSB,MainStreet Bancshares Inc.,0.0,63120,1444816.8,US56064Y1001,56064Y100,BD0R8C9
ELTX,Elicio Therapeutics Inc.,0.0,126184,1443544.96,US28657F1030,28657F103,BP92Z62
CRDF,Cardiff Oncology Inc.,0.0,759321,1442709.9,US14147L1089,14147L108,BMZ8228
HOFT,Hooker Furniture Corp.,0.0,119179,1426572.63,US4390381006,439038100,2748911
GNLX,Genelux Corp.,0.0,467369,1425475.45,US36870H1032,36870H103,BPTH5D4
ESP,Espey Manufacturing & Electronics Corp.,0.0,24479,1418558.05,US2966501049,296650104,2321679
LE,Lands' End Inc.,0.0,120435,1415111.25,US51509F1057,51509F105,BKWQKM7
GYRE,Gyre Therapeutics Inc.,0.0,238693,1410675.63,US4037831033,403783103,BQ6BQM2
CRBP,Corbus Pharmaceuticals Holdings Inc.,0.0,177785,1406279.35,US21833P3010,21833P301,BNHTR76
MXCT,MaxCyte Inc.,0.0,1161395,1405287.95,US57777K1060,57777K106,BKMQF66
HBB,Hamilton Beach Brands Holding Co. Class A,0.0,69119,1403115.7,US40701T1043,40701T104,BF22688
FINW,Finwise Bancorp,0.0,97324,1399519.12,US31813A1097,31813A109,BKP4Q64
KVHI,KVH Industries Inc.,0.0,150805,1399470.4,US4827381017,482738101,2495507
CNTN,Canton Strategic Holdings Inc.,0.0,451082,1398354.2,US4327053090,432705309,BS87X21
JYNT,Joint Corp.,0.0,156473,1392609.7,US47973J1025,47973J102,BRK0127
STEX,Streamex Corp.,0.0,921886,1392047.86,US09073N3008,09073N300,BS7XQ21
CPSH,CPS Technologies Corp.,0.0,152647,1376875.94,US12619F1049,12619F104,2185154
TYGO,Tigo Energy Inc.,0.0,337590,1373991.3,US88675P1030,88675P103,BR1XTQ5
AOUT,American Outdoor Brands Inc.,0.0,135314,1371407.39,US02875D1090,02875D109,BMDMZV2
TLSI,TriSalus Life Sciences Inc.,0.0,402151,1371334.91,US89680M1018,89680M101,BRBDTR6
EML,Eastern Co.,0.0,63450,1366078.5,US2763171046,276317104,2300087
BLNK,Blink Charging Co.,0.0,1653231,1365568.81,US09354A1007,09354A100,BYWLZL4
LUCK,Lucky Strike Entertainment Corp.,0.0,166483,1363495.77,US10258P1021,10258P102,BPG5F19
KLRA,Kailera Therapeutics Inc.,0.0,59388,1362360.72,US4829311020,482931102,BVH8P19
FONR,FONAR Corp.,0.0,71154,1359041.4,US3444374058,344437405,B1W52D6
ALTG,Alta Equipment Group Inc.,0.0,219206,1350308.96,US02128L1061,02128L106,BLLCYB0
AGEN,Agenus Inc.,0.0,385419,1348966.5,US00847G8042,00847G804,BRJF7G9
REKR,Rekor Systems Inc.,0.0,1612514,1347255.45,US7594191048,759419104,BJRFDJ0
KLC,KinderCare Learning Cos. Inc.,0.0,350586,1346250.24,US49456W1053,49456W105,BM8J3J2
ALOT,AstroNova Inc.,0.0,86127,1345303.74,US04638F1084,04638F108,2060358
OWLT,Owlet Inc. Class A,0.0,242599,1341572.47,US69120X2062,69120X206,BMFF8M1
UNCY,Unicycive Therapeutics Inc.,0.0,181080,1336370.4,US90466Y2028,90466Y202,BVDCVR3
HYNE,Hoyne Bancorp Inc.,0.0,83977,1335234.3,US44326H1077,44326H107,BVLJ325
FLWS,1-800-Flowers.com Inc. Class A,0.0,291421,1331793.97,US68243Q1067,68243Q106,2444123
QTTB,Q32 Bio Inc.,0.0,119269,1317922.45,US7469641051,746964105,BS2FKQ4
ACR,ACRES Commercial Realty Corp.,0.0,64535,1316514.0,US00489Q1022,00489Q102,BNKTVH1
NODK,NI Holdings Inc.,0.0,93070,1301118.6,US65342T1060,65342T106,BF2CWX5
SNWV,SANUWAVE Health Inc.,0.0,78885,1299235.95,US80303D3052,80303D305,BN6LX97
SRG,Seritage Growth Properties Class A,0.0,505120,1298158.4,US81752R1005,81752R100,BZ0HC54
MNTK,Montauk Renewables Inc.,0.0,745159,1296576.66,US61218C1036,61218C103,BN6HHQ0
VENU,Venu Holding Corp.,0.0,350105,1295388.5,US92333E1047,92333E104,BR54FG6
DIBS,1stdibs.com Inc.,0.0,285990,1292674.8,US3205511047,320551104,BNNTVV2
HNVR,Hanover Bancorp Inc.,0.0,55444,1289627.44,US4107091096,410709109,BQB4DZ8
BOOM,DMC Global Inc.,0.0,189350,1289473.5,US23291C1036,23291C103,BYN8NH6
NRXP,NRX Therapeutics Inc.,0.0,291393,1287957.06,US6294442099,629444209,BNG1S03
PDEX,Pro-Dex Inc.,0.0,19706,1276357.62,US74265M2052,74265M205,2704292
BYRN,Byrna Technologies Inc.,0.0,203815,1271805.6,US12448X2018,12448X201,BNKSW31
FOA,Finance Of America Cos. Inc. Class A,0.0,63594,1266792.48,US31738L2060,31738L206,BT06V07
AII,American Integrity Insurance Group Inc.,0.0,77407,1266378.52,US0269481091,026948109,BTRVNC1
RMBI,Richmond Mutual Bancorporation Inc.,0.0,86154,1250956.08,US76525P1003,76525P100,BGMGBT3
FF,FutureFuel Corp.,0.0,301784,1249385.76,US36116M1062,36116M106,B3BBRD4
RAIL,FreightCar America Inc.,0.0,163636,1243633.6,US3570231007,357023100,B06T0P5
LAKE,Lakeland Industries Inc.,0.0,114709,1241151.38,US5117951062,511795106,2500951
AOMR,Angel Oak Mortgage REIT Inc.,0.0,150197,1236121.31,US03464Y1082,03464Y108,BMFZKV4
STHO,Star Holdings,0.0,139049,1234755.12,US85512G1067,85512G106,BNLZ6B7
RPT,Rithm Property Trust Inc.,0.0,84190,1232541.6,US38983D8544,38983D854,BV6GSF9
SDHC,Smith Douglas Homes Corp.,0.0,101441,1213234.36,US83207R1077,83207R107,BQPG4S0
TASK,TaskUS Inc. Class A,0.0,191264,1210701.12,US87652V1098,87652V109,BN44TB2
GEOS,Geospace Technologies Corp.,0.0,145758,1209791.4,US37364X1090,37364X109,B89MJ94
PNRG,PrimeEnergy Resources Corp.,0.0,7341,1208475.42,US74158E1047,74158E104,2480365
AIFC,JanOne Inc.,0.0,1418516,1207157.12,US47089W1045,47089W104,BKFHHK4
LCUT,Lifetime Brands Inc.,0.0,140825,1204053.75,US53222Q1031,53222Q103,2515773
ULH,Universal Logistics Holdings Inc.,0.0,75107,1194952.37,US91388P1057,91388P105,B066PX9
MNTN,MNTN Inc. Class A,0.0,125723,1185567.89,US55318A1088,55318A108,BMV9M81
OFLX,Omega Flex Inc.,0.0,39163,1183897.49,US6820951043,682095104,B0FPH75
SKYX,SKYX Platforms Corp.,0.0,1042479,1178001.27,US78471E1055,78471E105,BD079V5
RCMT,RCM Technologies Inc.,0.0,54489,1177507.29,US7493604000,749360400,2718969
CBNA,Chain Bridge Bancorp Inc.,0.0,32441,1175986.25,US15746L1008,15746L100,BSVLTH7
BZAI,Blaize Holdings Inc.,0.0,667939,1175572.64,US0929151076,092915107,BSZBBL1
PMTS,CPI Card Group Inc.,0.0,69260,1175342.2,US12634H2004,12634H200,BD9GDZ5
TGEN,Tecogen Inc.,0.0,189154,1174646.34,US87876P2011,87876P201,BF4YJ72
TLYS,Tilly's Inc. Class A,0.0,261785,1167561.1,US8868851028,886885102,B7TN3D2
LAW,CS Disco Inc.,0.0,291353,1162498.47,US1263271058,126327105,BNLYJ93
ANTX,AN2 Therapeutics Inc.,0.0,265428,1149303.24,US0373261058,037326105,BMFDKL8
AFBI,Affinity Bancshares Inc.,0.0,51056,1147228.32,US00832E1038,00832E103,BMFKP36
WHG,Westwood Holdings Group Inc.,0.0,69455,1143229.3,US9617651040,961765104,2958293
CVRX,CVRx Inc.,0.0,204533,1141294.14,US1266381052,126638105,BLD3B98
JAN,Janus Living Inc.,0.0,42529,1138501.33,US4710241096,471024109,BV6NBP1
SAMG,Silvercrest Asset Management Group Inc. Class A,0.0,100202,1135288.66,US8283591092,828359109,B8XBPS8
BDTX,Black Diamond Therapeutics Inc.,0.0,511250,1134975.0,US09203E1055,09203E105,BKTV702
CRD.A,Crawford & Co. Class A,0.0,107674,1125193.3,US2246332066,224633206,2232094
SLNH,Soluna Holdings Inc.,0.0,656801,1116561.7,US5835433013,583543301,BRBR235
LGCY,Legacy Education Inc.,0.0,98803,1097701.33,US52474R2076,52474R207,BRC3Q30
SABS,SAB Biotherapeutics Inc.,0.0,303816,1093737.6,US78397T2024,78397T202,BQPG5L0
HCAT,Health Catalyst Inc.,0.0,791821,1092712.98,US42225T1079,42225T107,BKLCX50
CURI,CuriosityStream Inc.,0.0,381521,1091150.06,US23130Q1076,23130Q107,BMHD630
NREF,Nexpoint Real Estate Finance Inc.,0.0,69624,1086830.64,US65342V1017,65342V101,BL1J6B5
MGYR,Magyar Bancorp Inc.,0.0,62655,1083931.5,US55977T2087,55977T208,BNTBJH4
PRLD,Prelude Therapeutics Inc.,0.0,275975,1081822.0,US74065P1012,74065P101,BKX8YL9
STRW,Strawberry Fields REIT Inc.,0.0,82358,1080536.96,US8631821019,863182101,BPLV664
PZG,Paramount Gold Nevada Corp.,0.0,782336,1079623.68,US69924M1099,69924M109,BWTXL22
LUCD,Lucid Diagnostics Inc.,0.0,1042279,1073547.37,US54948X1090,54948X109,BMCCHR3
RENT,Rent the Runway Inc. Class A,0.0,271634,1072954.3,US76010Y2028,76010Y202,BPRBTG9
DFDV,DeFi Development Corp.,0.0,275816,1072924.24,US47100L3015,47100L301,BT6QHB4
GWRS,Global Water Resources Inc.,0.0,146829,1070383.41,US3794631024,379463102,BD2ZJQ2
BALY,Bally's Corp.,0.0,75391,1069044.38,US05875B3042,05875B304,BSPS220
WYY,WidePoint Corp.,0.0,94619,1068248.51,US9675902095,967590209,BLNBRP0
COYA,Coya Therapeutics Inc.,0.0,219955,1060183.1,US22407B1089,22407B108,BMFZ3K4
GRWG,GrowGeneration Corp.,0.0,593599,1056606.22,US39986L1098,39986L109,BZ159N4
CRMT,America's Car-Mart Inc./TX,0.0,85678,1052982.62,US03062T1051,03062T105,2813961
GNSS,Genasys Inc.,0.0,489727,1052913.05,US36872P1030,36872P103,BKZ8V05
SKLZ,Skillz Inc. Class A,0.0,111883,1048343.71,US83067L2088,83067L208,BS08G23
VTVT,vTv Therapeutics Inc. Class A,0.0,31402,1047256.7,US9183852048,918385204,BMJ0GK6
HURC,Hurco Cos. Inc.,0.0,60960,1046683.2,US4473241044,447324104,2446367
AIRO,AIRO Group Holdings Inc.,0.0,116268,1044086.64,US0094221068,009422106,BSD51T3
CLAR,Clarus Corp.,0.0,339146,1039482.49,US18270P1093,18270P109,BF5QHG2
LIDR,AEye Inc.,0.0,518976,1037952.0,US0081832042,008183204,BMFKSC6
AGM.A,Federal Agricultural Mortgage Corp. Class A,0.0,7633,1032210.59,US3131481083,313148108,2518783
CGTX,Cognition Therapeutics Inc.,0.0,871598,1028485.64,US19243B1026,19243B102,BMHF5J5
ARMP,Armata Pharmaceuticals Inc.,0.0,125873,1028382.41,US04216R1023,04216R102,BH3T9X8
ARQ,Advanced Emissions Solutions Inc.,0.0,372595,1028362.2,US00770C1018,00770C101,BBXZ194
BOTJ,Bank of the James Financial Group Inc.,0.0,44830,1027951.9,US4702991088,470299108,2962584
KEQU,Kewaunee Scientific Corp.,0.0,25299,1026380.43,US4928541048,492854104,2490728
JILL,J Jill Inc.,0.0,80789,1023596.63,US46620W2017,46620W201,BN941G6
KRRO,Korro Bio Inc.,0.0,75607,1013889.87,US5009461089,500946108,BSBJKP6
IDN,Intellicheck Inc.,0.0,229276,1013399.92,US45817G2012,45817G201,BPT3606
HURA,TuHURA Biosciences Inc.,0.0,447671,1011736.46,US8989201038,898920103,BSF04R5
OM,Outset Medical Inc.,0.0,206540,1009980.6,US6901452069,690145206,BPW7PH5
EVI,EVI Industries Inc.,0.0,57773,1008716.58,US26929N1028,26929N102,BGSPSG0
GUTS,Fractyl Health Inc.,0.0,1247821,1005993.29,US35168W1036,35168W103,BRF2YT6
PYXS,Pyxis Oncology Inc.,0.0,558775,1005795.0,US7473241013,747324101,BLBR8D5
PLBY,Playboy Inc.,0.0,732311,1003266.07,US72814P1093,72814P109,BMBSDL8
EQ,Equillium Inc.,0.0,344489,999018.1,US29446K1060,29446K106,BGV8J85
PROV,Provident Financial Holdings Inc.,0.0,58596,993202.2,US7438681014,743868101,2136055
BH.A,Biglari Holdings Inc.,0.0,666,992073.6,US08986R4083,08986R408,BDT5ZF6
AIRS,AirSculpt Technologies Inc.,0.0,184232,991168.16,US0094961002,009496100,BN96366
INVE,Identiv Inc.,0.0,240144,984590.4,US45170X2053,45170X205,BMWCNP3
SUNS,Sunrise Realty Trust Inc.,0.0,110527,983690.3,US8679811021,867981102,BMCCS58
CHMI,Cherry Hill Mortgage Investment Corp.,0.0,414955,983443.35,US1646511014,164651101,BF8H8T2
AMPG,AmpliTech Group Inc.,0.0,222363,982844.46,US03211Q2003,03211Q200,BNKBJN9
UBCP,United Bancorp Inc./OH,0.0,62340,981855.0,US9099111091,909911109,2570534
LEE,Lee Enterprises Inc.,0.0,89940,981245.4,US5237684064,523768406,BNNL550
OCC,Optical Cable Corp.,0.0,70453,979296.7,US6838272085,683827208,2974352
SMTI,Sanara Medtech Inc.,0.0,42865,976893.35,US79957L1008,79957L100,BJDQMV2
ABOS,Acumen Pharmaceuticals Inc.,0.0,375141,975366.6,US00509G2093,00509G209,BLR8WK7
OPRX,OptimizeRx Corp.,0.0,187686,974090.34,US68401U2042,68401U204,BF5MM09
UNB,Union Bankshares Inc./Morrisville VT,0.0,42158,973849.8,US9054001071,905400107,2031923
TSQ,Townsquare Media Inc. Class A,0.0,147387,972754.2,US8922311019,892231101,BP84RX0
PNBK,Patriot National Bancorp Inc.,0.0,867602,971714.24,US70336F2039,70336F203,BW9RTJ7
CPSS,Consumer Portfolio Services Inc.,0.0,98505,971259.3,US2105021008,210502100,2223872
ACNT,Synalloy Corp.,0.0,71498,968797.9,US8715651076,871565107,2867805
UHAL,AMERCO,0.0,16662,964563.18,US0235861004,023586100,2028174
INO,Inovio Pharmaceuticals Inc.,0.0,736049,964224.19,US45773H4092,45773H409,BN6V126
SVCO,Silvaco Group Inc.,0.0,98982,956166.12,US82728C1027,82728C102,BQMQ1G0
ANIX,Anixa Biosciences Inc.,0.0,353878,955470.6,US03528H1095,03528H109,BF7NLD6
SFBC,Sound Financial Bancorp Inc.,0.0,22832,952779.36,US83607A1007,83607A100,B8GPQW8
FORR,Forrester Research Inc.,0.0,135053,952123.65,US3465631097,346563109,2398855
HFFG,HF Foods Group Inc.,0.0,487277,950190.15,US40417F1093,40417F109,BYZLWZ4
CCLD,CareCloud Inc.,0.0,402256,945301.6,US14167R1005,14167R100,BKP32B8
SIF,SIFCO Industries Inc.,0.0,46520,942960.4,US8265461033,826546103,2807500
STEM,Stem Inc.,0.0,96283,935870.76,US85859N3008,85859N300,BN2SCX9
RNAC,Cartesian Therapeutics Inc.,0.0,123658,932381.32,US8162123025,816212302,BQB9HM8
FUSB,First US Bancshares Inc.,0.0,58042,928672.0,US33744V1035,33744V103,BZ159P6
AVLN,Avalyn Pharma Inc.,0.0,32202,926773.56,US05348Y1055,05348Y105,BNZGT62
CITR,CitroTech Inc.,0.0,139958,922323.22,US3697592042,369759204,BTY1RR7
FLL,Full House Resorts Inc.,0.0,368885,922212.5,US3596781092,359678109,2357566
ACET,Adicet Bio Inc.,0.0,98912,920870.72,US0070022076,007002207,BVJ71P0
RRGB,Red Robin Gourmet Burgers Inc.,0.0,181495,918364.7,US75689M1018,75689M101,2966144
ALDX,Aldeyra Therapeutics Inc.,0.0,521515,912651.25,US01438T1060,01438T106,BLD36T3
TUSK,Mammoth Energy Services Inc.,0.0,270943,907659.05,US56155L1089,56155L108,BDBFK59
SPAI,Safe Pro Group Inc.,0.0,146362,900126.3,US78642D1019,78642D101,BSLSGX3
XGN,Exagen Inc.,0.0,179415,893486.7,US30068X1037,30068X103,BK4W379
NPWR,Net Power Inc.,0.0,442118,888657.18,US64107A1051,64107A105,BRDV332
COOK,Traeger Inc.,0.0,12756,887307.36,US89269P2020,89269P202,BWTYM33
GMRS,GMR Solutions Inc.,0.0,70539,881737.5,US38013D1063,38013D106,BX73DV4
VATE,INNOVATE Corp.,0.0,57730,879227.9,US45784J3032,45784J303,BNM9GL8
BMEA,Biomea Fusion Inc.,0.0,634141,875114.58,US09077A1060,09077A106,BNKF6N0
AIRG,Airgain Inc.,0.0,125401,874044.97,US00938A1043,00938A104,BDB2RP9
FRMM,Forum Markets Inc.,0.0,197123,873254.89,US68236V4014,68236V401,BW5ZKV4
LFVN,Lifevantage Corp.,0.0,110659,870886.33,US53222K2050,53222K205,BYYMYP2
FLNA,Cassava Sciences Inc.,0.0,563883,868379.82,US14817C1071,14817C107,BJVLKZ9
GEMI,Gemini Space Station Inc. Class A,0.0,164568,867273.36,US36866J1051,36866J105,BT6CC06
AXR,AMREP Corp.,0.0,34556,864591.12,US0321591051,032159105,2031804
FNWB,First Northwest Bancorp,0.0,85759,855017.23,US3358341077,335834107,BVSSGV5
ULBI,Ultralife Corp.,0.0,117538,852150.5,US9038991025,903899102,2909064
FFAI,Faraday Future Intelligent Electric Inc.,0.0,2341108,851226.87,US3073598852,307359885,BTCK7D2
VANI,Vivani Medical Inc.,0.0,643786,849797.52,US92854B1098,92854B109,BMTND59
VTIX,Virtuix Holdings Inc. Class A,0.0,229194,848017.8,US92835U1016,92835U101,BN49PY2
GANX,Gain Therapeutics Inc.,0.0,430902,840258.9,US36269B1052,36269B105,BNRKHG8
CARL,Carlsmed Inc.,0.0,73487,839221.54,US14280C1053,14280C105,BV1DMD1
OPTT,Ocean Power Technologies Inc.,0.0,2222374,837390.52,US6748705067,674870506,BHS7YD2
AVD,American Vanguard Corp.,0.0,323414,834408.12,US0303711081,030371108,2025711
SI,Shoulder Innovations Inc.,0.0,56418,829344.6,US82537J1088,82537J108,BVPKHC2
MNOV,MediciNova Inc.,0.0,609052,828310.72,US58468P2065,58468P206,B1L2QM5
VRA,Vera Bradley Inc.,0.0,249120,824587.2,US92335C1062,92335C106,B4626P4
HQI,HireQuest Inc.,0.0,62645,823781.75,US4335351015,433535101,BKV2L01
SERA,Sera Prognostics Inc. Class A,0.0,380212,821257.92,US81749D1072,81749D107,BN2T5R7
GLIBA,Liberty Capital Corp.,0.0,36521,814783.51,US36164V6020,36164V602,BRJW0F0
KG,Kestrel Group Ltd.,0.0,72438,814203.12,BMG5260K1027,G5260K102,BVMTJ48
CUE,Cue Biopharma Inc.,0.0,37001,810314.67,US22978P2056,22978P205,BTWP1Y6
FDSB,Fifth District Bancorp Inc.,0.0,53624,810258.64,US3169261043,316926104,BSKNQ40
RGS,Regis Corp.,0.0,28670,809640.8,US7589322061,758932206,BMHYMB3
HAIN,Hain Celestial Group Inc.,0.0,1020943,809301.52,US4052171000,405217100,2492337
ICCC,ImmuCell Corp.,0.0,78987,808826.88,US4525253062,452525306,2457994
XPL,Solitario Zinc Corp.,0.0,949979,802067.27,US8342EP1070,8342EP107,B021PD8
ASPS,Altisource Portfolio Solutions SA,0.0,121982,795322.64,LU0445408270,L0175J138,B3VL8R5
PAMT,PAM Transportation Services Inc.,0.0,58765,795090.45,US6931491061,693149106,2669090
RANI,Rani Therapeutics Holdings Inc. Class A,0.0,834894,793817.22,US7530181004,753018100,BNNXX18
BTGO,Bitgo Holdings Inc. Class A,0.0,131447,789996.47,US0919471013,091947101,BTY39L1
EEX,Emerald Holding Inc.,0.0,157879,789395.0,US29103W1045,29103W104,BKT61V6
LONA,LeonaBio Inc.,0.0,82390,786000.6,US04746L2034,04746L203,BQT3G47
FBIO,Fortress Biotech Inc.,0.0,279891,783694.8,US34960Q3074,34960Q307,BS82D93
NFE,New Fortress Energy LLC,0.0,1397417,783671.45,US6443931000,644393100,BH3Z4P3
SSTI,ShotSpotter Inc.,0.0,104349,783660.99,US82536T1079,82536T107,BF1STB1
VRCA,Verrica Pharmaceuticals Inc.,0.0,135465,780278.4,US92511W2070,92511W207,BTY0848
TZOO,Travelzoo,0.0,72586,777396.06,US89421Q2057,89421Q205,BGDFSM1
PLRX,Pliant Therapeutics Inc.,0.0,615799,775906.74,US7291391057,729139105,BMDWW66
FGBI,First Guaranty Bancshares Inc.,0.0,80671,771214.76,US32043P1066,32043P106,B7GMCG8
NAKA,Nakamoto Inc.,0.0,123165,771012.9,US49457M2052,49457M205,BTQJ1F5
RBKB,Rhinebeck Bancorp Inc.,0.0,46745,761008.6,US7620931029,762093102,BHPRQX9
TENX,Tenax Therapeutics Inc.,0.0,63959,759193.33,US88032L6056,88032L605,BRF2YR4
ALXO,ALX Oncology Holdings Inc.,0.0,399272,758616.8,US00166B1052,00166B105,BLN7XQ1
BWEN,Broadwind Energy Inc.,0.0,215649,756927.99,US11161T2078,11161T207,B8N2HP2
SEAT,Vivid Seats Inc. Class A,0.0,87274,756665.58,US92854T2096,92854T209,BV6KRV0
CPBI,Central Plains Bancshares Inc.,0.0,40937,756515.76,US15486W1009,15486W100,BNSP3R5
AISP,Airship AI Holdings Inc.,0.0,250177,755534.54,US0089401089,008940108,BSKPBC9
TRT,Trio-Tech International,0.0,59342,754236.82,US8967122057,896712205,2905125
DLHC,DLH Holdings Corp.,0.0,134398,753972.78,US23335Q1004,23335Q100,B43T7G6
TISI,Team Inc.,0.0,48102,751834.26,US8781553081,878155308,BQZBQP6
IBIO,iBio Inc.,0.0,394742,750009.8,US4510337086,451033708,BMVRC85
LVO,LiveOne Inc.,0.0,112981,747934.22,US53814X3008,53814X300,BVBFGJ1
AEYE,AudioEye Inc.,0.0,97155,746150.4,US0507342014,050734201,BD6JFC8
EXFY,Expensify Inc. Class A,0.0,636119,744259.23,US30219Q1067,30219Q106,BL98829
GPMT,Granite Point Mortgage Trust Inc.,0.0,506612,739653.52,US38741L1070,38741L107,BF11FD4
NRXS,Neuraxis Inc.,0.0,99792,739458.72,US64134X2018,64134X201,BP9N3W7
DGICB,Donegal Group Inc. Class B,0.0,38396,735283.4,US2577013004,257701300,2750444
WWR,Westwater Resources Inc.,0.0,1306947,734112.13,US9616842061,961684206,BJHG304
KORE,KORE Group Holdings Inc.,0.0,79702,731664.36,US50066V3050,50066V305,BLGTQR6
NEOV,NeoVolta Inc.,0.0,374101,729496.95,US6406551068,640655106,BK4YH06
SPWR,SunPower Inc.,0.0,681558,722451.48,US20460L1044,20460L104,BQPDJX1
PEPG,PepGen Inc.,0.0,480909,721363.5,US7133171055,713317105,BMTX3D7
LUNG,Pulmonx Corp.,0.0,436553,720312.45,US7458481014,745848101,BL72R71
SOTK,Sono-Tek Corp.,0.0,145774,720123.56,US8354831088,835483108,2821544
CSPI,CSP Inc.,0.0,72762,719616.18,US1263891053,126389105,2160689
OPXS,Optex Systems Holdings Inc.,0.0,63028,715998.08,US68384X2099,68384X209,BYTRT46
SKIN,SkinHealth Systems Inc.,0.0,925221,715936.01,US88331L1089,88331L108,BNQQ6C6
BDSX,Biodesix Inc.,0.0,43632,712074.24,US09075X2071,09075X207,BPCR520
BAER,Bridger Aerospace Group Holdings Inc.,0.0,304235,711909.9,US96812F1021,96812F102,BP9N0F9
SEER,Seer Inc. Class A,0.0,377324,705595.88,US81578P1066,81578P106,BMCWDS6
VWAV,Visionwave Holdings Inc.,0.0,111189,702714.48,US9279501053,927950105,BTK0TW7
NTIC,Northern Technologies International Corp.,0.0,87679,701432.0,US6658091094,665809109,2482026
UPXI,Upexi Inc.,0.0,586729,698207.51,US39959A2050,39959A205,BRXF668
FSEA,First Seacoast Bancorp Inc.,0.0,41667,697505.58,US33631F1049,33631F104,BPTJR34
VIRC,Virco Manufacturing Corp.,0.0,115478,696332.34,US9276511097,927651109,2929705
BNAI,Brand Engagement Network Inc.,0.0,46823,694859.26,US1049322076,104932207,BNBV5L8
CTM,Castellum Inc.,0.0,818269,693810.29,US14838T2042,14838T204,BP828G4
SRFM,Surf Air Mobility Inc.,0.0,558332,692331.68,US8689272032,868927203,BMYDW46
CHRN,ChronoScale Corp.,0.0,37583,690023.88,US1709241046,170924104,BX565X1
SAFX,XCF Global Inc. Class A,0.0,1386149,687668.52,US98400U1034,98400U103,BSJQ7W5
VHC,VirnetX Holding Corp.,0.0,39376,687111.2,US92823T2078,92823T207,BRBR2D5
GPUS,Hyperscale Data Inc.,0.0,3604489,684852.91,US09175M8047,09175M804,BQT6D89
MCHX,Marchex Inc. Class B,0.0,410875,682052.5,US56624R1086,56624R108,2238940
OPTX,Syntec Optics Holdings Inc.,0.0,68459,681167.05,US87169M1053,87169M105,BLDB2L1
WATT,Energous Corp.,0.0,24307,680596.0,US29272C3016,29272C301,BVWSCK2
XTIA,XTI Aerospace Inc.,0.0,375499,679653.19,US98423K4058,98423K405,BSKS6C3
AEI,Alset Inc.,0.0,421880,679226.8,US02115D2080,02115D208,BMF9G30
SSBI,Summit State Bank,0.0,50001,678513.57,US8662642037,866264203,B197DL0
SCLX,Scilex Holding Co.,0.0,76230,678447.0,US80880W2052,80880W205,BTHWR44
GLOO,Gloo Holdings Inc. Class A,0.0,121836,668879.64,US3795981055,379598105,BS894Z7
MIND,MIND Technology Inc.,0.0,98175,662681.25,US6025663096,602566309,BRBR1T4
CLST,Catalyst Bancorp Inc.,0.0,41544,661380.48,US14888L1017,14888L101,BN94P42
HSDT,Solana Co.,0.0,346480,660044.4,US42328V8761,42328V876,BQB4F07
BARK,BARK Inc.,0.0,65407,659956.63,US68622E2037,68622E203,BTNKK87
UFI,Unifi Inc.,0.0,166073,659309.81,US9046772003,904677200,2911865
ASTI,Ascent Solar Technologies Inc.,0.0,88661,658751.23,US0436358040,043635804,BRXCWY9
CBUS,Cibus Inc.,0.0,454217,654072.48,US17166A1016,17166A101,BRXJ8Q4
STIM,Neuronetics Inc.,0.0,424323,653457.42,US64131A1051,64131A105,BFXH9H2
CLNN,Clene Inc.,0.0,99589,653303.84,US1856342019,185634201,BSF1QJ4
FGNX,FG Nexus Inc.,0.0,74750,651072.5,US30329Y4035,30329Y403,BT3F639
RFL,Rafael Holdings Inc. Class B,0.0,474431,649970.47,US75062E1064,75062E106,BFWZ8G9
OSTX,OS Therapies Inc.,0.0,299416,640750.24,US68764Y2072,68764Y207,BM8Z9M5
AUBN,Auburn National Bancorporation Inc.,0.0,25447,635666.06,US0504731078,050473107,2647256
PEW,Grabagun Digital Holdings Inc.,0.0,233692,635642.24,US38387Q1058,38387Q105,BNVTCF5
SACH,Sachem Capital Corp.,0.0,529653,635583.6,US78590A1097,78590A109,BD365C2
DCGO,DocGo Inc.,0.0,961404,632603.83,US2560861096,256086109,BKP4P23
CHCI,Comstock Holding Cos. Inc. Class A,0.0,41438,631515.12,US2056842022,205684202,BYMLKZ3
IPWR,Ideal Power Inc.,0.0,84797,630889.68,US4516222035,451622203,BJTJ6S0
PDSB,PDS Biotechnology Corp.,0.0,583951,630667.08,US70465T1079,70465T107,BJQN8B2
OMEX,Odyssey Marine Exploration Inc.,0.0,573057,630362.7,US6761182012,676118201,BZ1JM04
BTCS,BTCS Inc.,0.0,398858,626207.06,US05581M4042,05581M404,BKSH7V2
RSSS,Research Solutions Inc./CA,0.0,287067,625806.06,US7610251057,761025105,B91MNB9
TCRX,TScan Therapeutics Inc.,0.0,575570,621615.6,US89854M1018,89854M101,BNLYBJ7
CYPH,Cypherpunk Technologies Inc.,0.0,549281,620687.53,US52187K2006,52187K200,BQLSBS9
CVU,CPI Aerostructures Inc.,0.0,117614,615121.22,US1259193084,125919308,2431318
NDLS,Noodles & Co. Class A,0.0,48798,614854.8,US65540B3033,65540B303,BWKBDK7
CPIX,Cumberland Pharmaceuticals Inc.,0.0,99719,613271.85,US2307701092,230770109,B23WLP8
BGSF,BGSF Inc.,0.0,119667,612695.04,US05601C1053,05601C105,BLDD8L9
TKNO,Alpha Teknova Inc.,0.0,113404,612381.6,US02080L1026,02080L102,BP7L561
NRDY,Nerdy Inc.,0.0,744125,612191.64,US64081V1098,64081V109,BNZJTJ4
ATRA,Atara Biotherapeutics Inc.,0.0,58216,611850.16,US0465132068,046513206,BSY14M4
ASRV,AmeriServ Financial Inc.,0.0,160387,609470.6,US03074A1025,03074A102,2906850
SPRB,Spruce Biosciences Inc.,0.0,11864,608267.28,US85209E2081,85209E208,BVMWW37
UAVS,AgEagle Aerial Systems Inc.,0.0,515835,603526.95,US00848K3095,00848K309,BPSRCN4
OTLK,Outlook Therapeutics Inc.,0.0,825809,602840.57,US69012T3059,69012T305,BP9QDY8
SELF,Global Self Storage Inc.,0.0,116721,602280.36,US37955N1063,37955N106,BD2BZQ2
ECOR,ElectroCore Inc.,0.0,61702,602211.52,US28531P2020,28531P202,BNKCG86
NSTS,NSTS Bancorp Inc.,0.0,43452,598334.04,US6293JP1094,6293JP109,BPBLY26
SPRU,Spruce Power Holding Corp.,0.0,207361,597199.68,US9837FR2091,9837FR209,BRJN7Z2
APT,Alpha Pro Tech Ltd.,0.0,102260,595153.2,US0207721095,020772109,2042163
WLYB,John Wiley & Sons Inc. Class B,0.0,14491,594855.55,US9682233054,968223305,2965679
DTCX,Datacentrex Inc.,0.0,257165,594051.15,US2569181033,256918103,BW7ZQP8
FTCI,FTC Solar Inc.,0.0,107776,592768.0,US30320C3016,30320C301,BNXM6V6
CODA,Coda Octopus Group Inc.,0.0,46960,588878.4,US19188U2069,19188U206,BDTYXN7
LNSR,LENSAR Inc.,0.0,101379,587998.2,US52634L1089,52634L108,BM8F4N1
ZVIA,Zevia PBC Class A,0.0,376270,583218.5,US98955K1043,98955K104,BNLYJG0
FEAM,5E Advanced Materials Inc.,0.0,315036,582816.6,US33830Q2084,33830Q208,BRX9WH3
TTEC,TTEC Holdings Inc.,0.0,214188,582591.36,US89854H1023,89854H102,BF950B1
EDSA,Edesa Biotech Inc.,0.0,80664,582394.08,CA27966L3065,27966L306,BQGG3M6
OPHC,OptimumBank Holdings Inc.,0.0,105868,582274.0,US68401P4037,68401P403,BYQ02L6
SUIG,Sui Group Holdings Ltd.,0.0,361028,577644.8,US59982U2006,59982U200,BM8PWZ9
AARD,Aardvark Therapeutics Inc.,0.0,140389,576998.79,US0029421007,002942100,BTXQTX3
BYSI,Beyondspring Inc.,0.0,343113,576429.84,KYG108301006,G10830100,BD36JB9
NTWK,NetSol Technologies Inc.,0.0,122889,572662.74,US64115A4022,64115A402,B83R9K6
MYPS,Playstudios Inc.,0.0,1032764,572461.09,US72815G1085,72815G108,BP2BRR1
ATYR,aTyr Pharma Inc.,0.0,1054556,572096.63,US0021202025,002120202,BGMGBW6
SKYA,SkyAI Inc.,0.0,311498,570041.34,US82003F3091,82003F309,BTZF5M9
YSWY,Yesway Inc. Class A,0.0,25309,569452.5,US98585C1009,98585C100,BT5HF25
DLTH,Duluth Holdings Inc.,0.0,169018,566210.3,US26443V1017,26443V101,BYP97Q4
WSBK,Winchester Bancorp Inc.,0.0,44528,565505.6,US97269D1037,97269D103,BNTGD88
NL,NL Industries Inc.,0.0,91808,557274.56,US6291564077,629156407,2618069
OPAL,OPAL Fuels Inc. Class A,0.0,246318,556678.68,US68347P1030,68347P103,BLBM4T8
MCRB,Seres Therapeutics Inc.,0.0,75849,555214.68,US81750R2013,81750R201,BPJMTC6
ATLN,Atlantic International Corp.,0.0,369354,554031.0,US0485921094,048592109,BS84LD9
BENF,Beneficient,0.0,149441,552931.7,US08178Q5071,08178Q507,BS1LKX0
TRON,Tron Inc.,0.0,275013,550026.0,US85237B1017,85237B101,BRJTTY3
PMVP,PMV Pharmaceuticals Inc.,0.0,452363,542835.6,US69353Y1038,69353Y103,BMW5084
SPWH,Sportsman's Warehouse Holdings Inc.,0.0,408045,538619.4,US84920Y1064,84920Y106,BLM7DY0
WRAP,Wrap Technologies Inc.,0.0,409441,534320.51,US98212N1072,98212N107,BF0T595
TCI,Transcontinental Realty Investors Inc.,0.0,13611,527562.36,US8936172092,893617209,2901480
ARTV,Artiva Biotherapeutics Inc.,0.0,66318,525901.74,US04317A1079,04317A107,BMF1LJ7
SGA,Saga Communications Inc. Class A,0.0,54787,519380.76,US7865983008,786598300,2767013
DRIO,DarioHealth Corp.,0.0,65675,518832.5,US23725P3082,23725P308,BTXM4V4
QTI,QT Imaging Holdings Inc.,0.0,103720,518600.0,US7469623075,746962307,BPYS4H9
HNNA,Hennessy Advisors Inc.,0.0,51029,518454.64,US4258851009,425885100,2965033
ATOS,Atossa Therapeutics Inc.,0.0,99071,518141.33,US04962H7044,04962H704,BVYDBG4
GOSS,Gossamer Bio Inc.,0.0,2243305,517979.12,US38341P1021,38341P102,BJ0CK86
BYFC,Broadway Financial Corp./DE,0.0,53880,517248.0,US1114447097,111444709,BRBRL38
STKS,ONE Group Hospitality Inc.,0.0,257543,516373.72,US88338K1034,88338K103,BNKH4B0
UEIC,Universal Electronics Inc.,0.0,123844,515191.04,US9134831034,913483103,2911683
CPHC,Canterbury Park Holding Corp.,0.0,32415,513453.6,US13811E1010,13811E101,2586865
MDAI,Spectral AI Inc.,0.0,247504,512333.28,US84757T1051,84757T105,BN4JLQ6
ZSQR,Z Squared Inc.,0.0,54674,509014.94,US98878K1088,98878K108,BPBP6Z5
EHTH,eHealth Inc.,0.0,327848,508164.4,US28238P1093,28238P109,B1G0F83
CATO,Cato Corp. Class A,0.0,156803,508041.72,US1492051065,149205106,2180438
CLPR,Clipper Realty Inc.,0.0,160824,504987.36,US18885T3068,18885T306,BYPD5H3
PPHC,Public Policy Holding Co. Inc.,0.0,48428,504135.48,US7444302084,744430208,BTMN1Z1
PSTV,Plus Therapeutics Inc.,0.0,86245,501945.9,US72941H8060,72941H806,BQH7L02
LCLN,Lincoln International Inc.,0.0,21955,501013.1,US5337141015,533714101,BX019Q2
NTHI,Neonc Technologies Holdings Inc.,0.0,107553,499045.92,US64051A1016,64051A101,BPTH7B6
BTMD,Biote Corp. Class A,0.0,248630,497260.0,US0906831039,090683103,BMBPL15
IZEA,IZEA Worldwide Inc.,0.0,134468,496186.92,US46604H2040,46604H204,BQ80FM0
TACT,TransAct Technologies Inc.,0.0,110927,495843.69,US8929181035,892918103,2893974
PPSI,Pioneer Power Solutions Inc.,0.0,90923,492802.66,US7238363003,723836300,B5N8D17
ANVS,Annovis Bio Inc.,0.0,253437,486599.04,US03615A1088,03615A108,BK74P87
XBIT,XBiotech Inc.,0.0,200182,484440.44,CA98400H1029,98400H102,BWD1LM2
FSP,Franklin Street Properties Corp.,0.0,918219,484176.88,US35471R1068,35471R106,B02T2D1
EP,Empire Petroleum Corp.,0.0,190322,483417.88,US2920343033,292034303,BPJPN12
DTI,Drilling Tools International Corp.,0.0,173852,483308.56,US26205E1073,26205E107,BQLSC31
BZFD,BuzzFeed Inc.,0.0,296275,482928.25,US12430A3005,12430A300,BNZHNZ2
SRTS,Sensus Healthcare Inc.,0.0,154670,477930.3,US81728J1097,81728J109,BD21197
ODTX,Odyssey Therapeutics Inc.,0.0,27976,475871.76,US67613T1043,67613T104,BSLN3C6
RLYB,Rallybio Corp.,0.0,32447,469183.62,US75120L2097,75120L209,BMXG989
GAIA,Gaia Inc. Class A,0.0,199106,465908.04,US36269P1049,36269P104,BD0R8F2
PLYX,Polaryx Therapeutics Inc.,0.0,142033,464447.91,US73110F1003,73110F100,BVYDGW5
PHUN,Phunware Inc.,0.0,226122,461288.88,US71948P2092,71948P209,BPGN7F1
KLXE,KLX Energy Services Holdings Inc.,0.0,167929,460125.46,US48253L2051,48253L205,BN2XDP3
MLCI,Mount Logan Capital Inc.,0.0,144669,460047.42,US62188E1038,62188E103,BTZP079
ASTC,Astrotech Corp.,0.0,9205,458409.0,US0464843095,046484309,BPK5J79
GETY,Getty Images Holdings Inc.,0.0,440452,458070.08,US3742751056,374275105,BQ3R1Y0
PETS,PetMed Express Inc.,0.0,211088,458060.96,US7163821066,716382106,2143099
LFT,Lument Finance Trust Inc.,0.0,434060,455763.0,US55025L1089,55025L108,BMDCQG4
GROV,Grove Collaborative Holdings Inc.,0.0,388642,454711.14,US39957D2018,39957D201,BQC8ZZ3
MAIA,MAIA Biotechnology Inc.,0.0,325718,452748.02,US5526411021,552641102,BMF1MR2
VHUB,VenHub Global Inc.,0.0,253410,451069.8,US92267L1089,92267L108,BVYDJD7
ARAY,Accuray Inc.,0.0,1190081,450326.65,US0043971052,004397105,B1R2HW6
EXOD,Exodus Movement Inc. Class A,0.0,62830,447349.6,US30209R1068,30209R106,BNZJKK2
DH,Definitive Healthcare Corp. Class A,0.0,477665,444610.58,US24477E1038,24477E103,BMGSDK2
CIX,CompX International Inc.,0.0,17673,444299.22,US20563P1012,20563P101,2201908
SYPR,Sypris Solutions Inc.,0.0,134081,443808.11,US8716551069,871655106,2226332
MERC,Mercer International Inc.,0.0,475860,442549.8,US5880561015,588056101,2053024
GAME,GameSquare Holdings Inc.,0.0,1076063,442369.5,US36468G1031,36468G103,BSB6Z63
PUSA,Aureus Greenway Holdings Inc.,0.0,105146,441613.2,US05156D1028,05156D102,BNGC679
CV,CapsoVision Inc.,0.0,65080,441242.4,US1409351079,140935107,BN2T823
CNVS,Cineverse Corp. Class A,0.0,180318,438172.74,US1724063086,172406308,BQKRDP8
NNVC,NanoViricides Inc.,0.0,245335,436696.3,US6300873022,630087302,BKM3D96
SBC,SBC Medical Group Holdings Inc.,0.0,135783,435863.43,US73245B1070,73245B107,BQKMW89
VTSI,VirTra Inc.,0.0,126391,433521.13,US92827K3014,92827K301,BFYNPH1
MGX,Metagenomi Therapeutics Inc.,0.0,315460,429025.6,US59102M1045,59102M104,BPSQP43
CDLX,Cardlytics Inc.,0.0,634711,428302.98,US14161W1053,14161W105,BF1GM49
UP,Wheels Up Experience Inc.,0.0,48550,428211.0,US96328L3042,96328L304,BVK6XS3
COCH,Envoy Medical Inc.,0.0,606649,427990.87,US29415V1098,29415V109,BR1H4J5
PTHS,Pelthos Therapeutics Inc.,0.0,16128,426908.16,US1711262048,171126204,BT20ZK5
TCBS,Texas Community Bancshares Inc.,0.0,25324,424177.0,US88231Q1085,88231Q108,BNM0741
FTLF,FitLife Brands Inc.,0.0,41411,423220.42,US33817P4054,33817P405,BNGH209
SIEB,Siebert Financial Corp.,0.0,227445,423047.7,US8261761097,826176109,2799384
HAWK,Hawkeye 360 Inc.,0.0,12790,422197.9,US4202011056,420201105,BX566N8
ATCH,AtlasClear Holdings Inc.,0.0,1745453,409134.18,US1287452056,128745205,BMCF426
IBO,Impact BioMedical Inc.,0.0,785280,408345.6,US45259L2051,45259L205,BR1WPS6
RPID,Rapid Micro Biosystems Inc. Class A,0.0,202760,407547.6,US75340L1044,75340L104,BNLYJ82
MYO,Myomo Inc.,0.0,372587,406119.83,US62857J2015,62857J201,BKRMRM9
SCOR,comScore Inc.,0.0,50544,405362.88,US20564W2044,20564W204,BR1G3G2
KSCP,Knightscope Inc. Class A,0.0,138671,404919.32,US49907V2016,49907V201,BS6Q5D5
PRPO,Precipio Inc.,0.0,17695,403446.0,US74019L6020,74019L602,BQXST38
ATNM,Actinium Pharmaceuticals Inc.,0.0,315369,397364.94,US00507W2061,00507W206,BLFH013
PROP,Prairie Operating Co.,0.0,443264,395701.77,US7396501097,739650109,BRBR2C4
NCSM,NCS Multistage Holdings Inc.,0.0,9320,394981.6,US6288772014,628877201,BLGZCF4
PRTS,CarParts.com Inc.,0.0,71201,394453.54,US14427M2061,14427M206,BW2C267
PXLW,Pixelworks Inc.,0.0,56479,393658.63,US72581M4042,72581M404,BVDKGD8
BOF,BranchOut Food Inc.,0.0,113558,391775.1,US1052301066,105230106,BQZCPP2
CURV,Torrid Holdings Inc.,0.0,244522,391235.2,US89142B1070,89142B107,BMBR9W8
DXLG,Destination XL Group Inc.,0.0,536753,389682.68,US25065K1043,25065K104,B86P8R7
POCI,Precision Optics Corp. Inc./Mass,0.0,70619,384167.36,US7402944000,740294400,BQVW415
TOON,Kartoon Studios Inc.,0.0,539084,382911.37,US37229T5092,37229T509,BNC3DQ4
CVV,CVD Equipment Corp.,0.0,64178,382500.88,US1266011030,126601103,2160991
DAIO,Data I/O Corp.,0.0,90237,381702.51,US2376901029,237690102,2257398
KLRS,Kalaris Therapeutics Inc.,0.0,72362,381347.74,US4829291065,482929106,BPW7PJ7
OESX,Orion Energy Systems Inc.,0.0,40033,380313.5,US6862752077,686275207,BVDCQC3
CING,Cingulate Inc.,0.0,91404,380240.64,US17248W3034,17248W303,BT3NDD2
TEAD,Teads Holding Co.,0.0,330223,379756.45,US69002R1032,69002R103,BNXL732
TPCS,TechPrecision Corp.,0.0,95047,378287.06,US8787392005,878739200,BPBSGY3
FTEK,Fuel Tech Inc.,0.0,255314,377864.72,US3595231073,359523107,2354460
TELA,Tela Bio Inc.,0.0,389470,377785.9,US8723811084,872381108,BJM0G57
LVWR,Livewire Group Inc.,0.0,267544,377237.04,US53838J1051,53838J105,BP2QPJ4
MIRA,Mira Pharmaceuticals Inc.,0.0,355504,376834.24,US60458C1045,60458C104,BRSFQJ6
BODI,Beachbody Co. Inc.,0.0,34391,376237.54,US0734633094,073463309,BNDSDZ7
LSBK,Lake Shore Bancorp Inc./MD,0.0,24111,375167.16,US5107041098,510704109,BRXBJT0
VERU,Veru Inc.,0.0,158165,374851.05,US92536C2026,92536C202,BVWSCC4
BHM,Bluerock Homes Trust Inc.,0.0,37634,374834.64,US09631H1005,09631H100,BN4F8R4
PARK,Park Dental Partners Inc.,0.0,19248,373026.24,US7004021009,700402100,BV2J1Z3
PLCE,Children's Place Inc.,0.0,88813,371238.34,US1689051076,168905107,2106791
CNTY,Century Casinos Inc.,0.0,272623,370767.28,US1564921005,156492100,2022239
KTCC,Key Tronic Corp.,0.0,107087,370521.02,US4931441095,493144109,2491248
FLNT,Fluent Inc.,0.0,182080,367801.6,US34380C2017,34380C201,BRJF7L4
CSBR,Champions Oncology Inc.,0.0,62775,367233.75,US15870P3073,15870P307,BYS3HH4
RAVE,Rave Restaurant Group Inc.,0.0,120675,366852.0,US7541981095,754198109,BV9HFC5
LITS,Lite Strategy Inc.,0.0,361956,365575.56,US55279B3015,55279B301,BP5HNT0
GEG,Great Elm Group Inc.,0.0,167992,364542.64,US39037G1094,39037G109,BNQS7N0
GROW,US Global Investors Inc. Class A,0.0,137545,363118.8,US9029521005,902952100,2703385
CRWS,Crown Crafts Inc.,0.0,126391,362742.17,US2283091005,228309100,2237680
CULP,Culp Inc.,0.0,116684,361720.4,US2302151053,230215105,2239794
HGBL,Heritage Global Inc.,0.0,296158,361312.76,US42727E1038,42727E103,BD6HJQ4
DARE,Dare Bioscience Inc.,0.0,161385,359888.55,US23666P2002,23666P200,BT3JX63
TLPH,Talphera Inc.,0.0,440104,359124.86,US00444T2096,00444T209,BMYZ930
MKTW,MarketWise Inc.,0.0,20828,359074.72,US57064P2065,57064P206,BQT1YT2
SKIL,Skillsoft Corp.,0.0,49249,359025.21,US83066P3091,83066P309,BMCZQ19
LIXT,Lixte Biotechnology Holdings Inc.,0.0,57441,359006.25,US5393193017,539319301,BQB9YL6
ALMR,Alamar Biosciences Inc.,0.0,17528,358272.32,US0109111056,010911105,BVPYJ06
SDEV,Stablecoin Development Corp.,0.0,281981,358115.87,US66987P5089,66987P508,BVJ1895
ISPR,Ispire Technology Inc.,0.0,197724,357880.44,US46501C1009,46501C100,BN45Q70
ACRV,Acrivon Therapeutics Inc.,0.0,220653,353044.8,US0048901096,004890109,BP2TPK4
MOBI,Mobia Medical Inc.,0.0,26878,352101.8,US60705V1035,60705V103,BSLN3D7
BEEP,Mobile Infrastructure Corp.,0.0,158736,350806.56,US60739N1019,60739N101,BMGC348
MBBC,Marathon Bancorp Inc.,0.0,25914,348284.16,US5657592060,565759206,BRYQZY1
RNXT,RenovoRx Inc.,0.0,379921,345500.16,US75989R1077,75989R107,BNNH0S6
SCYX,SCYNEXIS Inc.,0.0,489772,345289.26,US8112922005,811292200,BMCC9R7
PBHC,Pathfinder Bancorp Inc.,0.0,24658,342006.46,US70319R1095,70319R109,BRKG716
STRR,Hudson Global Inc.,0.0,29187,341196.03,US4437872058,443787205,BK9M426
HFBL,Home Federal Bancorp Inc./LA,0.0,17467,337637.11,US43708L1089,43708L108,B5NPSS0
BLNE,Beeline Holdings Inc.,0.0,257581,337431.11,US2778025005,277802500,BTLNGN5
NEUP,Neuphoria Therapeutics Inc.,0.0,63317,336213.27,US64136E1029,64136E102,BPLNH23
BSBK,Bogota Financial Corp.,0.0,40016,336134.4,US0972351052,097235105,BKV29H4
TIL,Instil Bio Inc.,0.0,41589,335623.23,US45783C2008,45783C200,BM92RK9
PODC,PodcastOne Inc.,0.0,67811,334986.34,US22275C1053,22275C105,BPH0XJ7
TAOX,Tao Synergies Inc.,0.0,79099,332215.8,US87167T3005,87167T300,BQB9HQ2
RYM,RYTHM Inc.,0.0,13293,331859.75,US00853E4044,00853E404,BPSRC67
SPTX,Seaport Therapeutics Inc.,0.0,18152,330184.88,US81221K1088,81221K108,BVVC863
ZDGE,Zedge Inc. Class B,0.0,110171,327207.87,US98923T1043,98923T104,BYQQ3Q6
CREX,Creative Realities Inc.,0.0,88403,325323.04,US22530J3095,22530J309,BMW5HN8
ROLR,High Roller Technologies Inc.,0.0,59089,323216.83,US42981K1007,42981K100,BSMRJR4
LOAN,Manhattan Bridge Capital Inc.,0.0,75904,320314.88,US5628031065,562803106,2418429
NMTC,NeuroOne Medical Technologies Corp.,0.0,90120,319926.0,US64130M3088,64130M308,BVPKCD8
LOOP,Loop Industries Inc.,0.0,227492,316213.88,US5435181046,543518104,BYSW2T8
MHH,Mastech Digital Inc.,0.0,50893,316045.53,US57633B1008,57633B100,B3D3125
WFCF,Where Food Comes From Inc.,0.0,26681,312968.13,US96327X2009,96327X200,BMCMMG7
XBP,XBP Global Holdings Inc.,0.0,127383,312088.35,US98400V2007,98400V200,BS1LKR4
LESL,Leslie's Inc.,0.0,81581,311639.42,US5270642086,527064208,BVMS1H2
USGO,US Goldmining Inc.,0.0,30378,309855.6,US90291W1080,90291W108,BQXQVD6
JFB,JFB Construction Holdings,0.0,53530,309403.4,US46658E1073,46658E107,BPBKN60
ACFN,Acorn Energy Inc.,0.0,18182,309094.0,US0048482063,004848206,BQBBF53
GENB,Generate Biomedicines Inc.,0.0,23418,307244.16,US3709201004,370920100,BVN2WZ8
MRDN,Meridian Holdings Inc.,0.0,26303,305903.89,US3810984092,381098409,BV6G730
COAG,Hemab Therapeutics Holdings Inc.,0.0,10680,304380.0,US4234941031,423494103,BVVC874
RPHM,OnKure Therapeutics Inc.,0.0,72316,303727.2,US75974E1038,75974E103,BMHR7T5
BEEM,Beam Global,0.0,199362,303030.24,US07373B1098,07373B109,BLN8XL9
FKWL,Franklin Wireless Corp.,0.0,100543,302634.43,US3551841022,355184102,2356745
XLO,Xilio Therapeutics Inc.,0.0,35606,301226.76,US98422T2096,98422T209,BV4J2H0
LPSN,LivePerson Inc.,0.0,131982,299599.14,US5381463091,538146309,BVBQPK8
IMA,ImageneBio Inc.,0.0,52467,299061.9,US45175G2075,45175G207,BVPKH55
BUDA,Buda Juice Inc.,0.0,33370,298027.47,US11882T1060,11882T106,BW9KCV9
LGL,LGL Group Inc.,0.0,41749,297252.88,US50186A1088,50186A108,2539728
LSF,Laird Superfood Inc.,0.0,84341,296036.91,US50736T1025,50736T102,BN2BDY6
HYPD,Hyperion DeFi Inc.,0.0,84129,294451.5,US30234E2037,30234E203,BT9MX88
ABVC,ABVC BioPharma Inc.,0.0,208279,293673.39,US00091F3047,00091F304,BM8K061
RNTX,Rein Therapeutics Inc.,0.0,263137,292082.07,US00887A2042,00887A204,BLKFRQ6
SNBR,Sleep Number Corp.,0.0,245122,291695.18,US83125X1037,83125X103,BF4HN46
KYNB,Kyntra Bio Inc.,0.0,42265,291628.5,US31572Q8814,31572Q881,BTJZ9X4
LTRN,Lantern Pharma Inc.,0.0,81101,291152.59,US51654W1018,51654W101,BMGLD34
TVRD,Tvardi Therapeutics Inc.,0.0,85956,290531.28,US1407553072,140755307,BTRDLX4
EONR,EON Resources Inc.,0.0,493269,289647.56,US40472A1025,40472A102,BM8KXC8
OPAD,Offerpad Solutions Inc.,0.0,374761,287066.93,US67623L3078,67623L307,BPYS3X8
BEAT,HeartBeam inc,0.0,326217,285439.88,US42238H1086,42238H108,BN49GP0
INTG,InterGroup Corp.,0.0,7357,285157.32,US4586851044,458685104,2464013
ELMT,Elmet Group Co.,0.0,18632,284696.96,US2893951051,289395105,BTWP2B0
DWSN,Dawson Geophysical Co.,0.0,72905,283600.45,US2393601008,239360100,BVG76G9
DOMH,Dominari Holdings Inc.,0.0,76586,283368.2,US0088753043,008875304,BMH9QT4
NTRP,NextTrip Inc.,0.0,126910,283009.3,US8265986096,826598609,BQXST49
CTSO,CytoSorbents Corp.,0.0,574463,282003.89,US23283X2062,23283X206,BTCB1L1
ALLR,Allarity Therapeutics Inc.,0.0,171795,281743.8,US0167445008,016744500,BQWSMS5
DYAI,Dyadic International Inc.,0.0,344606,278441.65,US26745T1016,26745T101,2375557
TELO,Telomir Pharmaceuticals Inc.,0.0,214120,278356.0,US87975F1049,87975F104,BPX4WX0
INMB,Inmune Bio Inc.,0.0,195995,276352.95,US45782T1051,45782T105,BJKGLW9
KOSS,Koss Corp.,0.0,67462,275244.96,US5006921085,500692108,2496492
ELUT,Elutia Inc. Class A,0.0,237043,274969.88,US05479K1060,05479K106,BLHMSZ6
GWH,ESS Tech Inc.,0.0,271539,274254.39,US26916J2050,26916J205,BMW5RD8
USIO,Usio Inc.,0.0,167435,269570.35,US9173131080,917313108,BGMGBV5
SCWO,374Water Inc.,0.0,108643,268348.21,US88583P2039,88583P203,BN4BBL7
MAYS,JW Mays Inc.,0.0,6338,267210.08,US5784731003,578473100,2574105
RMTI,Rockwell Medical Inc.,0.0,359156,267032.49,US7743743004,774374300,BMH63K5
ALGS,Aligos Therapeutics Inc.,0.0,46773,266606.1,US01626L2043,01626L204,BTCK7C1
FLYX,flyExclusive Inc.,0.0,104816,265184.48,US3439281078,343928107,BNG5DX3
PTN,Palatin Technologies Inc.,0.0,18911,265132.22,US6960776010,696077601,BTXNP70
MNTS,Momentus Inc.,0.0,15591,262708.35,US60879E4089,60879E408,BNZHRQ1
KPLT,Katapult Holdings Inc.,0.0,43231,262412.17,US4858592011,485859201,BNXJFL0
BIRD,Allbirds Inc. Class A,0.0,63531,261747.72,US01675A2087,01675A208,BTFJ0V5
LSTA,Lisata Therapeutics Inc.,0.0,80444,261443.0,US1280583022,128058302,BPX4QH2
ARXS,Arxis Inc. Class A,0.0,5812,261133.16,US04339D1054,04339D105,BVH8P08
VTGN,Vistagen Therapeutics Inc.,0.0,413745,260659.35,US92840H4002,92840H400,BRDV1W7
SEV,Aptera Motors Corp. Class B,0.0,113221,260408.3,US03835W1045,03835W104,BS55MK9
JSPR,Jasper Therapeutics Inc.,0.0,312032,258674.53,US4718712023,471871202,BQB5ML0
JOB,GEE Group Inc.,0.0,1107632,258521.31,US36165A1025,36165A102,BD95VY7
UPLD,Upland Software Inc.,0.0,284175,256610.03,US91544A1097,91544A109,BS7K7H4
PSQH,PSQ Holdings Inc. Class A,0.0,392294,256560.28,US6936911071,693691107,BNFZXG7
BAFN,Bayfirst Financial Corp.,0.0,40781,255696.87,US07279B1044,07279B104,BMCGGS9
AMCI,AMC Robotics Corp.,0.0,53249,255595.2,US0016611073,001661107,BW9HSD4
AXIL,AXIL Brands Inc.,0.0,37842,253919.82,US76151R2067,76151R206,BPX4X59
SLSN,Solesence Inc.,0.0,205663,252965.49,US6300791018,630079101,2129044
JVA,Coffee Holding Co. Inc.,0.0,58109,251030.88,US1921761052,192176105,B081VP6
UG,United-Guardian Inc.,0.0,36009,249182.28,US9105711082,910571108,2917722
NEPH,Nephros Inc.,0.0,67742,247935.72,US6406714005,640671400,BJSBJM2
ALOY,REalloys Inc.,0.0,26996,247283.36,US75606V1017,75606V101,BSRFQG1
HBIO,Harvard Bioscience Inc.,0.0,42043,247212.84,US4169062043,416906204,BV4J1X9
LNZA,LanzaTech Global Inc.,0.0,40103,247034.48,US51655R2004,51655R200,BS1L8V4
AIRT,Air T Inc.,0.0,11563,242823.0,US0092071010,009207101,2446668
BTAI,Bioxcel Therapeutics Inc.,0.0,207339,242586.63,US09075P2048,09075P204,BNGH1R9
PRPL,Purple Innovation Inc. Class A,0.0,599811,240704.15,US74640Y1064,74640Y106,BYWFGP7
JRSH,Jerash Holdings US Inc.,0.0,70348,239183.2,US47632P1012,47632P101,BG13NM2
MOBX,Mobix Labs Inc.,0.0,99496,238790.4,US60743G2093,60743G209,BWFJDF1
NTIP,Network-1 Technologies Inc.,0.0,161270,238679.6,US64121N1090,64121N109,2316200
XTNT,Xtant Medical Holdings Inc.,0.0,515337,238085.69,US98420P3082,98420P308,BYWFGK2
ONMD,OneMedNet Corp.,0.0,307170,236705.2,US68270C1036,68270C103,BLDB4D7
MLSS,Milestone Scientific Inc.,0.0,611482,236643.53,US59935P2092,59935P209,2323352
VALU,Value Line Inc.,0.0,7335,236187.0,US9204371002,920437100,2926751
IGC,India Globalization Capital Inc.,0.0,814914,235428.65,US45408X3089,45408X308,B8P3GF6
TXMD,TherapeuticsMD Inc.,0.0,109380,234073.2,US88338N2062,88338N206,BPX3N12
INUV,Inuvo Inc.,0.0,145847,233355.2,US46122W3034,46122W303,BTNMGD0
WKHS,Workhorse Group Inc.,0.0,60511,231757.13,US98138J5039,98138J503,BQ5JCN0
NEON,Neonode Inc.,0.0,134812,230528.52,US64051M7092,64051M709,BFFJPG7
AGPU,Axe Compute Inc.,0.0,33025,230184.25,US74039M4087,74039M408,BW5YYL9
GRML,Greenland Mines Ltd.,0.0,637301,226879.16,US49876K1034,49876K103,BMZL9X7
LASE,Laser Photonics Corp.,0.0,245195,225358.72,US51807Q1004,51807Q100,BMX79K4
DFLI,Dragonfly Energy Holdings Corp.,0.0,106321,224337.31,US26145B4032,26145B403,BNZHST1
AWRE,Aware Inc./MA,0.0,147059,223529.68,US05453N1000,05453N100,2067092
DWTX,Dogwood Therapeutics Inc.,0.0,132154,223340.26,US92829J2033,92829J203,BQFN0N8
SHIM,Shimmick Corp.,0.0,62307,220566.78,US82455M1099,82455M109,BR2P595
BOLD,Boundless Bio Inc.,0.0,152011,220415.95,US10170A1007,10170A100,BRBJGJ5
QCLS,Q/C Technologies Inc.,0.0,50431,220383.47,US62856X3008,62856X300,BVY4KH1
SEGG,Sports Entertainment Gaming Global Corp.,0.0,130296,220200.24,US54570M3060,54570M306,BVN7NM7
PED,PEDEVCO Corp.,0.0,17060,219221.0,US70532Y4026,70532Y402,BSHX2B2
EXOZ,eXoZymes Inc.,0.0,22342,217834.5,US4618741098,461874109,BRRG418
REFR,Research Frontiers Inc.,0.0,282644,217635.88,US7609111072,760911107,2732141
FEMY,Femasys Inc.,0.0,558739,216231.99,US31447E1055,31447E105,BNM46W4
CLIR,ClearSign Technologies Corp.,0.0,46403,214845.89,US1850642018,185064201,BV4J1P1
NXXT,NextNRG Inc.,0.0,334390,214845.58,US6529411059,652941105,BTXQRN9
ACTU,Actuate Therapeutics Inc.,0.0,106048,214216.96,US0050831009,005083100,BPLQD35
MGLD,Marygold Cos. Inc.,0.0,185989,213887.35,US57403M1045,57403M104,BNC3CN4
SNSE,Sensei Biotherapeutics Inc.,0.0,10115,213831.1,US81728A2078,81728A207,BTJZB50
AYTU,Aytu BioPharma Inc.,0.0,92146,211014.34,US0547548588,054754858,BPXYZX1
RDI,Reading International Inc. Class A,0.0,186737,211012.81,US7554081015,755408101,2536440
NHTC,Natural Health Trends Corp.,0.0,76604,210661.0,US63888P4063,63888P406,2490847
INLX,Intellinetics Inc.,0.0,33201,208170.27,US45825X2045,45825X204,BL98SY1
NXTC,NextCure Inc.,0.0,33566,208109.2,US65343E2072,65343E207,BVN2C69
DIT,AMCON Distributing Co.,0.0,2535,205537.8,US02341Q2057,02341Q205,B0146X5
CRVO,CervoMed Inc.,0.0,66028,205347.08,US15713L1098,15713L109,BQC4QK3
HMH,HMH Holding Inc.,0.0,9577,204564.72,US40445M1009,40445M100,BTHVSL5
PASG,Passage Bio Inc.,0.0,35200,203104.0,US7027122099,702712209,BVN2C47
MRKR,Marker Therapeutics Inc.,0.0,128076,201079.32,US57055L2060,57055L206,BPRB2H1
FLUX,Flux Power Holdings Inc.,0.0,185796,200659.68,US3440573026,344057302,BK5T9W6
FUSE,Fusemachines Inc.,0.0,140187,200467.41,US36118R1032,36118R103,BV3P6X3
BDL,Flanigan's Enterprises Inc.,0.0,5874,199716.0,US3385171059,338517105,2342562
ACCS,Issuer Direct Corp.,0.0,30908,199665.68,US46520M2044,46520M204,B4603H9
ARL,American Realty Investors Inc.,0.0,13305,199575.0,US0291741090,029174109,2615974
SMXT,SolarMax Technology Inc.,0.0,361185,199121.29,US83419H1032,83419H103,BKSLPG5
LSH,Lakeside Holding Ltd.,0.0,295675,198102.25,US51216F1093,51216F109,BPCLBC4
AIFF,Firefly Neuroscience Inc.,0.0,111910,198080.7,US3179701012,317970101,BQ0N710
GIFT,Giftify Inc.,0.0,220788,197605.26,US74940T1043,74940T104,BN7JZM7
TPST,Tempest Therapeutics Inc.,0.0,128944,197284.32,US87978U2078,87978U207,BP4Y3K3
BRLT,Brilliant Earth Group Inc.,0.0,151279,192124.33,US1095041000,109504100,BNZJJ27
COCP,Cocrystal Pharma Inc.,0.0,170962,191477.44,US19188J4094,19188J409,BMFPTT5
SLND,Southland Holdings Inc.,0.0,156832,191335.04,US84445C1009,84445C100,BMTY4G0
LINK,Interlink Electronics Inc.,0.0,35531,190801.47,US4587513023,458751302,B7LS960
BRFH,Barfresh Food Group Inc.,0.0,83372,190088.16,US0675322004,067532200,BNM9JP3
RKTO,Rocket One Inc.,0.0,129691,189348.86,US44148G2049,44148G204,BMYZ963
GREE,Greenidge Generation Holdings Inc.,0.0,121582,188452.1,US39531G3083,39531G308,BNBXNV0
INKT,MiNK Therapeutics Inc.,0.0,15382,187660.4,US6036932019,603693201,BNTGH75
SWAG,Stran & Co. Inc.,0.0,88157,186892.84,US86260J1025,86260J102,BKP3WC9
AHT,Ashford Hospitality Trust Inc.,0.0,60491,186312.28,US0441037944,044103794,BSF04V9
UUU,Universal Safety Products Inc.,0.0,26745,184273.05,US9138213023,913821302,2202291
BURU,Nuburu Inc.,0.0,1035893,183871.01,US67021W4006,67021W400,BTJYM65
NTRB,Nutriband Inc.,0.0,52341,182670.09,US67092M2089,67092M208,BJGWJ05
XOS,Xos Inc.,0.0,79934,182249.52,US98423B3069,98423B306,BSBGY88
YHC,LQR House Inc.,0.0,200114,180542.85,US50215C3079,50215C307,BMZLSS5
VYNE,VYNE Therapeutics Inc.,0.0,264557,180401.42,US92941V3087,92941V308,BNC3DW0
GTBP,GT Biopharma Inc.,0.0,376399,179994.0,US36254L3087,36254L308,BSMLP01
AREN,Arena Group Holdings Inc.,0.0,128397,179755.8,US0400441095,040044109,BLBQL66
LEXX,Lexaria Bioscience Corp.,0.0,298436,179658.47,US52886N4060,52886N406,BLB3SQ6
NOMA,Nomadar Corp. Class A,0.0,53155,178069.25,US65531Y1064,65531Y106,BKSBTQ3
SDST,Stardust Power Inc.,0.0,77541,176793.48,US8549362007,854936200,BTWQHG3
KFFB,Kentucky First Federal Bancorp,0.0,36458,174998.4,US4912921081,491292108,B0357L1
SMSI,Smith Micro Software Inc.,0.0,200194,174168.78,US8321544053,832154405,BMDLRJ1
LBTYB,Liberty Global Holdings Ltd./UK Class B,0.0,12195,173169.0,GB00B8W67779,G5480U112,B8W6777
HHS,Harte Hanks Inc.,0.0,69145,172862.5,US4161962026,416196202,BFN64W9
AUID,authID Inc.,0.0,134719,172440.32,US46264C3051,46264C305,BS3BK27
SCNX,Scienture Holdings Inc.,0.0,408091,168541.58,US80880X1046,80880X104,BRYQ938
ARKR,Ark Restaurants Corp.,0.0,26556,168099.48,US0407121013,040712101,2048934
CELU,Celularity Inc. Class A,0.0,166056,167716.56,US1511902041,151190204,BJK16Y1
RMCO,Royalty Management Holding Corp.,0.0,72699,167207.7,US02369M1027,02369M102,BJK19B9
QRHC,Quest Resource Holding Corp.,0.0,141203,166619.54,US74836W2035,74836W203,BD3BXS9
INAB,IN8bio Inc.,0.0,88865,166178.17,US45674E2081,45674E208,BS55P00
SUJA,Suja Life Inc.,0.0,10654,164391.22,US86508F1021,86508F102,BSBFWV4
ELSE,Electro-Sensors Inc.,0.0,21430,164368.1,US2852331022,285233102,2555757
SLNG,Stabilis Solutions Inc.,0.0,44243,162814.24,US85236P1012,85236P101,BK78976
ESLA,Estrella Immunopharma Inc.,0.0,148247,161589.23,US2975841048,297584104,BR1H2J1
SNTI,Senti Biosciences Holdings Inc.,0.0,168626,160464.5,US8169441024,816944102,BPBP7G3
EFOI,Energy Focus Inc.,0.0,43332,159028.44,US29268T5083,29268T508,BN92HF1
VRM,Vroom Inc.,0.0,13464,158875.2,US92918V3078,92918V307,BTJS535
MOVE,Corvex Inc.,0.0,8352,158688.0,US62459M3051,62459M305,BTMJL37
HIT,Health In Tech Inc. Class A,0.0,159479,158219.12,US42217D1028,42217D102,BRBFP74
PIII,P3 Health Partners Inc.,0.0,12974,158023.32,US7444132044,744413204,BQH7MZ4
FLD,Fold Holdings Inc.,0.0,162527,156984.83,US29103K1007,29103K100,BN2S4D3
REA,Rare Earths Americas Inc.,0.0,7108,155309.8,US75381A1088,75381A108,BX564M3
HOWL,Werewolf Therapeutics Inc.,0.0,344231,154903.95,US95075A1079,95075A107,BLGXXZ5
NYC,American Strategic Investment Co. Class A,0.0,18047,154843.26,US6494393043,649439304,BMH8GK2
USEG,US Energy Corp.,0.0,153504,153504.0,US9118053076,911805307,BJXD2L3
CCEL,Cryo-Cell International Inc.,0.0,45314,152708.18,US2288951088,228895108,2238326
NIXX,Nixxy Inc.,0.0,192607,152159.53,US75630B4023,75630B402,BMZ6DV8
NSYS,Nortech Systems Inc.,0.0,9660,144223.8,US6565531042,656553104,2646963
SKYE,Skye Bioscience Inc.,0.0,184978,143431.94,US83086J2006,83086J200,BQBBF75
GRDX,GridAI Technologies Corp.,0.0,25361,142275.21,US33749P5070,33749P507,BQT1HK4
CTOR,Citius Oncology Inc.,0.0,176225,140627.55,US17331Y1091,17331Y109,BMYDVN8
REED,Reed's Inc.,0.0,82227,140608.17,US7583384042,758338404,BSNRDG0
ELWT,Elauwit Connection Inc.,0.0,18671,140219.21,US28417M1099,28417M109,BMHXSL2
LGVN,Longeveron Inc. Class A,0.0,180732,139561.25,US54303L2034,54303L203,BSSHD54
INTZ,Intrusion Inc.,0.0,166371,138087.93,US46121E3045,46121E304,BR86Z36
TOVX,Theriva Biologics Inc.,0.0,486179,137977.6,US87164U5083,87164U508,BMW5VP8
VNCE,Vince Holding Corp.,0.0,31244,137786.04,US92719W2070,92719W207,BF7JLM3
GOAI,Eva Live Inc.,0.0,42272,137384.0,US2988922090,298892209,BS0CDZ7
MODD,Modular Medical Inc.,0.0,27321,136058.58,US60785L3069,60785L306,BNXKLS2
GGRP,Glimpse Group Inc.,0.0,163384,135935.49,US37892C1062,37892C106,BP0RLM4
WVVI,Willamette Valley Vineyards Inc.,0.0,49723,135743.79,US9691361003,969136100,2653907
VNRX,VolitionRX Ltd.,0.0,50684,135326.28,US9286612067,928661206,BMWDT47
IPM,Intelligent Protection Management Corp.,0.0,68550,133672.5,US69764K1060,69764K106,BLBCYG5
CISO,CISO Global Inc.,0.0,297978,132719.4,US15672X2018,15672X201,BQ3PVC2
CVM,CEL-SCI Corp.,0.0,86138,132652.52,US1508377066,150837706,BT8V1F9
RMCF,Rocky Mountain Chocolate Factory Inc.,0.0,66950,131891.5,US77467X1019,77467X101,BW53GL0
NAII,Natural Alternatives International Inc.,0.0,51835,131660.9,US6388423021,638842302,2624691
LPCN,Lipocine Inc.,0.0,57895,130263.75,US53630X2036,53630X203,BMCJW91
AAME,Atlantic American Corp.,0.0,60825,128949.0,US0482091008,048209100,2061168
BATL,Battalion Oil Corp.,0.0,86618,125596.1,US07134L1070,07134L107,BL1KDQ2
AIFA,All In FutureTech Alliance Inc.,0.0,227994,123572.75,US0191701095,019170109,BJDRRC1
AQMS,Aqua Metals Inc.,0.0,29215,123287.3,US03837J3095,03837J309,BSNLGX0
ICU,SeaStar Medical Holding Corp.,0.0,33091,122767.61,US81256L3024,81256L302,BWJDYD4
COHN,Cohen & Co. Inc.,0.0,10854,119394.0,US19249M1027,19249M102,BYZ2138
CETX,Cemtrex Inc.,0.0,127897,118944.21,US15130G8731,15130G873,BVMS1Z0
IRIX,IRIDEX Corp.,0.0,112741,118378.05,US4626841013,462684101,2476375
YYAI,AiRWA Inc.,0.0,10068,118198.32,US8314456067,831445606,BWW4HN5
NXPL,NextPlat Corp.,0.0,16971,118118.16,US68557F3082,68557F308,BWM2VZ9
BBGI,Beasley Broadcast Group Inc. Class A,0.0,7917,117963.3,US0740142007,074014200,BRYQ8N1
CKX,CKX Lands Inc.,0.0,11020,117087.5,US12562N1046,12562N104,2215921
MSGM,Motorsport Games Inc. Class A,0.0,28111,116660.65,US62011B2016,62011B201,BJLVHJ2
INTS,Intensity Therapeutics Inc.,0.0,26569,116637.91,US45828J2024,45828J202,BTJYJN1
NXB,NextBoat Inc.,0.0,43512,115306.8,US6762061058,676206105,BTQLB39
RVP,Retractable Technologies Inc.,0.0,169533,115146.81,US76129W1053,76129W105,2754888
ZSTK,ZeroStack Corp.,0.0,25440,114480.0,CA98956L1013,98956L101,BV9C4V2
BRID,Bridgford Foods Corp.,0.0,14640,113460.0,US1087631032,108763103,2123013
AIRI,Air Industries Group,0.0,36897,112535.85,US00912N4034,00912N403,BP9S4V8
TULP,Bloomia Holdings Inc.,0.0,29185,112362.25,US45765Y2046,45765Y204,BN0VBS8
LIVE,Live Ventures Inc.,0.0,10817,110874.25,US5381423087,538142308,BDDW8C1
IOR,Income Opportunity Realty Investors Inc.,0.0,6107,109926.0,US4529261087,452926108,2449764
CTXR,Citius Pharmaceuticals Inc.,0.0,167738,109851.62,US17322U3068,17322U306,BS0CHF5
FTHM,Fathom Holdings Inc.,0.0,191132,108964.35,US31189V1098,31189V109,BKSJ569
LVLU,Lulu's Fashion Lounge Holdings Inc.,0.0,11651,108587.32,US55003A2078,55003A207,BVMN274
LOCL,Local Bounti Corp.,0.0,61648,106651.04,US53960E2054,53960E205,BRBKJM2
VEEA,Veea Inc.,0.0,175631,106168.94,US6934891226,693489122,BSNR285
MXC,Mexco Energy Corp.,0.0,12016,105140.0,US5927701012,592770101,2435428
AIRE,reAlpha Tech Corp.,0.0,42118,104873.82,US75607T2042,75607T204,BVV7QD1
PHIO,Phio Pharmaceuticals Corp.,0.0,94262,104630.82,US71880W5013,71880W501,BT5F6Z9
SNAL,Snail Inc.,0.0,115458,104420.22,US83301J1007,83301J100,BQXS767
CYN,CYNGN Inc.,0.0,69653,103782.97,US23257B3050,23257B305,BRX9WF1
SGRP,SPAR Group Inc.,0.0,142891,103510.24,US7849331035,784933103,2700193
IMNN,Imunon Inc.,0.0,46967,102388.06,US15117N7012,15117N701,BTY0837
BNGO,Bionano Genomics Inc.,0.0,82388,102161.12,US09075F4046,09075F404,BLD94R5
PRSO,Peraso Inc.,0.0,90838,100830.18,US71360T2006,71360T200,BRWDWY3
BIVI,BioVie Inc.,0.0,70906,100686.52,US09074F5044,09074F504,BVMN1T9
AMOD,Alpha Modus Holdings Inc.,0.0,427190,97997.39,US0209521071,020952107,BTCG677
CLRB,Cellectar Biosciences Inc.,0.0,31114,97697.96,US15117F8804,15117F880,BS43Z50
CYCN,Cyclerion Therapeutics Inc.,0.0,30915,97382.25,US23255M2044,23255M204,BNBXNT8
NOTV,Inotiv Inc.,0.0,335161,95856.05,US45783Q1004,45783Q100,BN14KP6
TLF,Tandy Leather Factory Inc.,0.0,40447,95050.45,US87538X1054,87538X105,2514394
YCBD,cbdMD Inc.,0.0,119645,94758.84,US12482W4087,12482W408,BSTRJC2
BLIN,Bridgeline Digital Inc.,0.0,76110,93615.3,US10807Q7007,10807Q700,BJQKP89
USBC,USBC Inc.,0.0,272014,93409.61,US4992382022,499238202,BQXS132
BIAF,bioAffinity Technologies Inc.,0.0,55543,92756.81,US09076W3079,09076W307,BRJJLZ8
XCUR,Exicure Inc.,0.0,28883,92425.6,US30205M3097,30205M309,BSFSH81
KTTA,Pasithea Therapeutics Corp.,0.0,126279,90327.37,US70261F2020,70261F202,BR3VJZ6
BNKK,Bonk Inc.,0.0,46392,89536.56,US48208F3038,48208F303,BW9HS12
DLPN,Dolphin Entertainment Inc.,0.0,73946,89474.66,US25686H3084,25686H308,BRK1ZS4
DFNS,T3 Defense Inc.,0.0,198345,88283.36,US67054R2031,67054R203,BQNKW35
SURG,SurgePays Inc.,0.0,148927,88120.11,US86882L2043,86882L204,BNVW1R9
GENK,GEN Restaurant Group Inc.,0.0,41738,86397.66,US36870C1045,36870C104,BQLSDG1
STI,Solidion Technology Inc.,0.0,18056,83960.4,US8342122012,834212201,BVK47S5
TOMZ,TOMI Environmental Solutions Inc.,0.0,89919,83624.67,US8900232039,890023203,BL55TS7
CVKD,Cadrenal Therapeutics Inc.,0.0,16859,82777.69,US1276362076,127636207,BMW5SW4
IDAI,T Stamp Inc. Class A,0.0,34863,81928.05,US8730485088,873048508,BTTMRY2
CSAI,Cloudastructure Inc.,0.0,168552,81916.27,US18912E2072,18912E207,BP94256
AMS,American Shared Hospital Services,0.0,55662,81266.52,US0295951059,029595105,2029359
CVR,Chicago Rivet & Machine Co.,0.0,8384,80696.0,US1680881026,168088102,2104461
ATHR,Aether Holdings Inc.,0.0,22275,80635.5,US00809R2022,00809R202,BN7SDL9
TRAW,Traws Pharma Inc.,0.0,55193,80581.78,US68232V8845,68232V884,BP08ZD6
JCTC,Jewett-Cameron Trading Co. Ltd.,0.0,36630,80036.55,CA47733C2076,47733C207,2593597
MBRX,Moleculin Biotech Inc.,0.0,28274,78884.46,US60855D4088,60855D408,BVMSRF2
NXL,Nexalin Technology Inc.,0.0,126536,77186.96,US65345B2016,65345B201,BN2D201
SILO,Silo Pharma Inc.,0.0,179326,76751.53,US82711P2011,82711P201,BQ74CB1
EVTV,Envirotech Vehicles Inc.,0.0,37150,76529.0,US29414V3087,29414V308,BVMWVF2
WKSP,Worksport Ltd.,0.0,103876,76348.86,US98139Q3083,98139Q308,BSF22J9
GXAI,Gaxos.ai Inc.,0.0,64603,76231.54,US62911P3001,62911P300,BQ5J3T3
TBH,Brag House Holdings Inc.,0.0,131911,75189.27,US1048132096,104813209,BR4XV55
OLOX,Olenox Industries Inc.,0.0,8461,74202.97,US78418A8027,78418A802,BT9QSP2
SNGX,Soligenix Inc.,0.0,81005,73714.55,US8342236044,834223604,BRDY8Q9
SKYQ,Sky Quarry Inc.,0.0,32729,73640.25,US83087C3034,83087C303,BV4J1T5
APUS,Apimeds Pharmaceuticals US Inc.,0.0,51620,72784.2,US03771D1028,03771D102,BRJMSR8
,CalciMedica Inc.,0.0,88956,72677.05,US38942Q2021,38942Q202,BQPFB64
NVNO,enVVeno Medical Corp.,0.0,6287,71231.71,US29415J2050,29415J205,BVMLJN3
GTIM,Good Times Restaurants Inc.,0.0,53978,69631.62,US3821408792,382140879,2153968
ZEO,Zeo Energy Corp.,0.0,81254,68805.89,US98944F1093,98944F109,BRPT5P0
MITQ,Moving Image Technologies Inc.,0.0,112222,68567.64,US62464R1095,62464R109,BK63SH5
AEON,AEON Biopharma Inc.,0.0,90529,68503.29,US00791X2099,00791X209,BTMP931
ORGN,Origin Materials Inc.,0.0,45892,68379.08,US68622D2053,68622D205,BW5VWL6
XPON,Expion360 Inc.,0.0,128356,68221.21,US30218B2097,30218B209,BQFN0P0
EDUC,Educational Development Corp.,0.0,46622,68068.12,US2814791057,281479105,2305640
ADGM,Adagio Medical Holdings Inc.,0.0,91512,66254.69,US00534B1008,00534B100,BRJGQT8
FABC,FabricAI Inc.,0.0,12242,65494.7,US0547483067,054748306,BVLFXN4
UONE,Urban One Inc. Class A,0.0,9787,64496.33,US91705J3032,91705J303,BWQLQ13
BCDA,BioCardia Inc.,0.0,69023,64191.39,US09060U6064,09060U606,BN4KSW4
XWEL,XWELL Inc.,0.0,51310,64137.5,US98420U8027,98420U802,BS1L5V3
RAIN,Rain Enhancement Technologies Holdco Inc. Class A,0.0,27943,63430.61,US75080J1034,75080J103,BS48V68
BFRI,Biofrontera Inc.,0.0,71380,63242.68,US09077D2099,09077D209,BRK3GL0
ATER,Aterian Inc.,0.0,57047,62751.7,US02156U2006,02156U200,BQV0HP4
APVO,Aptevo Therapeutics Inc.,0.0,12713,62420.83,US03835L7029,03835L702,BVJ71J4
MDRR,Medalist Diversified Inc.,0.0,5396,62323.8,US58403P4028,58403P402,BSMNX69
ACXP,Acurx Pharmaceuticals Inc.,0.0,31099,61576.02,US00510M2035,00510M203,BSQLWJ5
SER,Serina Therapeutics Inc.,0.0,33331,61329.04,US81751A1088,81751A108,BSHSNS1
OXBR,Oxbridge Re Holdings Ltd.,0.0,58483,60237.49,KYG6856M1069,G6856M106,BMJ14L6
SNES,Senestech Inc.,0.0,34762,60138.26,US81720R6045,81720R604,BPDWQ32
ERNA,Ernexa Therapeutics Inc.,0.0,5684,60079.88,US1140824079,114082407,BS6S939
SST,System1 Inc.,0.0,20063,59988.37,US87200P2083,87200P208,BT18JJ7
ARTW,Art's-Way Manufacturing Co. Inc.,0.0,23194,59840.52,US0431681032,043168103,2051459
MDIA,Mediaco Holding Inc. Class A,0.0,70508,59797.83,US58450D1046,58450D104,BKRQQM4
SUNE,Sunation Energy Inc.,0.0,43479,59131.44,US72303P5035,72303P503,BMZLH11
MYSE,MyseumAI Inc.,0.0,32906,58243.62,US23816M2061,23816M206,BMCMN75
BRN,Barnwell Industries Inc.,0.0,55586,57809.44,US0682211000,068221100,2081508
KITT,Nauticus Robotics Inc.,0.0,31944,57499.2,US63911H4056,63911H405,BRWG617
VGAS,Verde Clean Fuels Inc.,0.0,35932,56053.92,US9233721060,923372106,BMTY448
AIXC,AIxCrypto Holdings Inc.,0.0,43042,55093.76,US74754R3012,74754R301,BSDZD19
CRIS,Curis Inc.,0.0,96043,54456.38,US2312693094,231269309,BQ2LNT2
IHT,InnSuites Hospitality Trust,0.0,35317,54388.18,US4579191085,457919108,2727965
LIQT,LiqTech International Inc.,0.0,49175,54338.38,US53632A3005,53632A300,BRJ5372
KPRX,Kiora Pharmaceuticals Inc.,0.0,19861,53227.48,US49721T5074,49721T507,BRK1TJ3
QNCX,Quince Therapeutics Inc.,0.0,46147,53069.05,US22053A2069,22053A206,BWM2VS2
MGRX,Mangoceuticals Inc.,0.0,123041,52907.63,US56270V2051,56270V205,BRK1ZW8
VRME,VerifyMe Inc.,0.0,81394,52311.92,US92346X2062,92346X206,BJK0PT6
BFRG,Bullfrog AI Holdings Inc.,0.0,67760,51334.98,US12021E1091,12021E109,BQT6F38
TNON,Tenon Medical Inc.,0.0,71715,49497.69,US88066N3035,88066N303,BP4YDR0
BNZI,Banzai International Inc. Class A,0.0,12663,49132.44,US06682J6055,06682J605,BT9QV86
PMCB,PharmaCyte Biotech Inc.,0.0,56778,47375.56,US71715X2036,71715X203,BMYMZR7
SINT,SiNtx Technologies Inc.,0.0,20905,46827.2,US8293927039,829392703,BS87WZ7
MSAI,MultiSensor AI Holdings Inc.,0.0,8053,46787.93,US4569482072,456948207,BWM2W34
BGDE,Big Digital Energy Inc.,0.0,6447,46611.81,US57778N4060,57778N406,BVPJ9W3
CELZ,Creative Medical Technology Holdings Inc.,0.0,20350,45787.5,US22529Y4089,22529Y408,BQWPCM0
BCG,Binah Capital Group Inc.,0.0,28756,45722.04,US09032H1059,09032H105,BRS7VN1
REBN,Reborn Coffee Inc.,0.0,22709,45645.09,US75618M3051,75618M305,BRBCRT1
NWTG,Newton Golf Company Inc.,0.0,44732,45626.64,US78577G3011,78577G301,BPDHNC5
GRI,GRI Bio Inc.,0.0,21368,45086.48,US3622AW5029,3622AW502,BRBNNV8
PULM,Pulmatrix Inc.,0.0,32294,44888.66,US74584P3010,74584P301,BNHNNZ8
GOCO,GoHealth Inc. Class A,0.0,69888,44728.32,US38046W2044,38046W204,BP5JF56
SCKT,Socket Mobile Inc.,0.0,46130,43828.11,US83368E2000,83368E200,2819839
IQST,iQSTEL Inc.,0.0,36745,43359.1,US46265G2066,46265G206,BV8BRF5
AKA,aka Brands Holding Corp.,0.0,4550,42997.5,US00152K2006,00152K200,BKPJGF8
COSM,Cosmos Health Inc.,0.0,173966,42969.6,US2214133058,221413305,BR1Z2N9
AMST,Amesite Inc.,0.0,30201,42583.41,US0310942042,031094204,BNG8NK9
VVOS,Vivos Therapeutics Inc.,0.0,60629,42440.3,US92859E2072,92859E207,BNV09X5
MTEX,Mannatech Inc.,0.0,7400,42180.0,US5637712036,563771203,B76YLF6
RIME,Algorhythm Holdings Inc.,0.0,54089,41962.25,US8293225020,829322502,BNGH1Y6
MAMO,Massimo Group,0.0,42600,41360.34,US57628N1019,57628N101,BSF1VQ6
TCRT,Alaunos Therapeutics Inc.,0.0,14063,41063.96,US98973P3091,98973P309,BP5DSB5
OLB,OLB Group Inc.,0.0,82849,40769.99,US67086U4067,67086U406,BNZHP12
VSEE,VSee Health Inc.,0.0,213716,40499.18,US92919Y1029,92919Y102,BPLQCM7
NDRA,ENDRA Life Sciences Inc.,0.0,7339,40364.5,US29273B5003,29273B500,BP2SJH6
AGIG,Abundia Global Impact Group Inc.,0.0,34246,40067.82,US44183U3086,44183U308,BS55NB7
XBIO,Xenetic Biosciences Inc.,0.0,12681,39564.72,US9840156023,984015602,BMWGSB6
MKZR,Mackenzie Realty Capital Inc.,0.0,16975,39212.25,US55453W5013,55453W501,BTPN1F8
HYFM,Hydrofarm Holdings Group Inc.,0.0,39683,38536.16,US44888K4076,44888K407,BTXQRQ2
AIMD,Ainos Inc.,0.0,16024,38137.12,US00902F4028,00902F402,BTPF0D5
CNSP,CNS Pharmaceuticals Inc.,0.0,6993,38041.92,US18978H5081,18978H508,BRXBJH8
UONEK,Urban One Inc.,0.0,7178,37540.94,US91705J4022,91705J402,BWQLPK5
LNAI,Lunai Bioworks Inc.,0.0,12063,37154.04,US29350E3027,29350E302,BTQJ1C2
BOLT,Bolt Biotherapeutics Inc.,0.0,7060,37065.0,US0977022039,097702203,BVDKFX1
CDIO,Cardio Diagnostics Holdings Inc.,0.0,20155,36883.65,US14159C2026,14159C202,BSVJ7K0
PAVM,PAVmed Inc.,0.0,5917,36567.06,US70387R5028,70387R502,BT9QYZ4
CWD,CaliberCos Inc. Class A,0.0,36497,36497.0,US13000T6047,13000T604,BTRV8H1
BCAB,BioAtla Inc.,0.0,9164,36014.52,US09077B2034,09077B203,BS2CRD1
DCOY,Decoy Therapeutics Inc.,0.0,4034,35902.6,US79400X6022,79400X602,BW47PD8
TGL,Treasure Global Inc.,0.0,7948,35527.56,US89458T4031,89458T403,BWH3RG0
BMRA,Biomerica Inc.,0.0,14514,35269.02,US09061H4065,09061H406,BMZLH33
KAPA,Kairos Pharma Ltd.,0.0,67944,34610.67,US48301N1046,48301N104,BSLSK86
ARAI,Arrive AI Inc.,0.0,52341,34545.06,US04272H2040,04272H204,BMHDRN7
ENVB,Enveric Biosciences Inc.,0.0,14912,34297.6,US29405E5050,29405E505,BPYV2R4
DBGI,Digital Brands Group Inc.,0.0,70694,34208.83,US25401N5077,25401N507,BRBYKQ5
BTBD,BT Brands Inc.,0.0,30218,34146.34,US0557MQ2066,0557MQ206,BKVHRG4
RNAZ,TransCode Therapeutics Inc.,0.0,6545,33641.3,US89357L5012,89357L501,BV97XR6
RTB,RTB Digital Inc.,0.0,7351,33447.05,US39366L4068,39366L406,BT9QTL5
ONFO,Onfolio Holdings Inc.,0.0,50002,32841.31,US68277K2078,68277K207,BM8BMK2
JUNS,Jupiter Neurosciences Inc.,0.0,128042,32778.75,US48208B2034,48208B203,BN6RDR3
PCSA,Processa Pharmaceuticals Inc.,0.0,12729,32586.24,US74275C4033,74275C403,BW7ZNZ7
MTNB,Matinas BioPharma Holdings Inc.,0.0,40110,32489.1,US5768103039,576810303,BQXSP30
FBLG,Fibrobiologics Inc.,0.0,27769,32212.04,US31573L2043,31573L204,BWTYYL5
RDIB,Reading International Inc. Class B,0.0,3598,31302.6,US7554082005,755408200,2536439
WGRX,Wellgistics Health Inc.,0.0,9059,30981.78,US9495032057,949503205,BW2C3F3
YHGJ,Yunhong Green CTI Ltd.,0.0,8707,30909.85,US98873Q2093,98873Q209,BR4ZY52
HCWC,Healthy Choice Wellness Corp.,0.0,91961,30613.82,US42227T1051,42227T105,BRBTGS4
DTST,Data Storage Corp.,0.0,8165,30455.45,US23786R2013,23786R201,BND7X87
HSCS,HeartSciences Inc.,0.0,17968,29826.88,US42254E3027,42254E302,BPZRN90
NXGL,Nexgel Inc.,0.0,48920,29356.89,US65344E1073,65344E107,BP6T4Y7
CABR,Caring Brands Inc.,0.0,26155,29032.05,US14216J1097,14216J109,BNRK939
CETY,Clean Energy Technologies Inc.,0.0,39360,28968.96,US18452H3057,18452H305,BT68XJ0
XAIR,Beyond Air Inc.,0.0,62741,28860.86,US08862L2025,08862L202,BVN2CM5
BTOC,Armlogi Holding Corp.,0.0,84746,28813.64,US0422551095,042255109,BQBBH13
TPET,Trio Petroleum Corp.,0.0,79094,28790.22,US89669L2079,89669L207,BP38YM5
OBAI,Our Bond Inc.,0.0,54348,28260.96,US87338C2026,87338C202,BWBZL37
DSS,DSS Inc.,0.0,58032,27861.16,US26253C2017,26253C201,BMFKT45
UGRO,Urban-Gro Inc.,0.0,7614,27714.96,US91704K3014,91704K301,BS1KW31
AWX,Avalon Holdings Corp. Class A,0.0,10649,27048.46,US05343P1093,05343P109,2255198
SONM,DNA X Inc.,0.0,5901,25728.36,US83548F4081,83548F408,BV9F2Q2
GBR,New Concept Energy Inc.,0.0,33021,24930.86,US6436111065,643611106,2824822
IPST,IP Strategy Holdings Inc.,0.0,5076,24466.32,US42727R3021,42727R302,BT5HDY3
AQB,AquaBounty Technologies Inc.,0.0,23371,24305.84,US03842K3095,03842K309,BRBR1M7
XELB,Xcel Brands Inc.,0.0,10846,24186.58,US98400M2008,98400M200,BV0V5C6
CXAI,CXApp Inc.,0.0,115945,24058.59,US23248B1098,23248B109,BQXJDP1
HCWB,HCW Biologics Inc.,0.0,12023,23805.54,US40423R2040,40423R204,BN72MG9
NCPL,Netcapital Inc.,0.0,20590,22649.0,US64113L2025,64113L202,BRJGQ65
ACON,Aclarion Inc.,0.0,6782,22244.96,US6551874091,655187409,BTVL0W6
HIND,Vyome Holdings Inc.,0.0,9463,22143.42,US92943X1046,92943X104,BVYL6D0
FOXX,Foxx Development Holdings Inc.,0.0,8313,22112.58,US3516651045,351665104,BRSF243
FGI,FGI Industries Ltd.,0.0,3373,21452.28,KYG3302D2024,G3302D103,BQT2CW4
SNOA,Sonoma Pharmaceuticals Inc.,0.0,18787,21417.18,US83558L3033,83558L303,BSY4VK0
ALBT,Avalon GloboCare Corp.,0.0,57325,20465.03,US05344R3021,05344R302,BT9N9R2
VSTD,Vestand Inc.,0.0,49140,20270.25,US98740Y3027,98740Y302,BPRRQ44
VIVS,VivoSim Labs Inc.,0.0,15371,20136.01,US68620A3023,68620A302,BQT17B5
CENN,Cenntro Inc.,0.0,4453,20038.5,US1509643029,150964302,BWM2VW6
,SRAX INC-PFD,0.0,284252,19897.64,,78472M205,9016989
DRCT,Direct Digital Holdings Inc. Class A,0.0,6905,19541.15,US25461T3032,25461T303,BW0TR87
HWH,Hwh International Inc.,0.0,17751,19171.08,US44852G3092,44852G309,BTY6MB1
SQFT,Presidio Property Trust Inc.,0.0,6645,18473.1,US74102L5012,74102L501,BNYD8R8
APRE,Aprea Therapeutics Inc.,0.0,19622,17514.6,US03836J2015,03836J201,BNC3DM0
MBIO,Mustang Bio Inc.,0.0,25704,17224.25,US62818Q3020,62818Q302,BTGTN60
AMZE,Amaze Holdings Inc.,0.0,108529,16539.82,US35804X2009,35804X200,BQMJ1Z8
CLRO,ClearOne Inc.,0.0,5258,16457.54,US18506U2033,18506U203,BVK7R62
OSRH,OSR Holdings Inc.,0.0,37373,16279.68,US68840D1028,68840D102,BTMP9Q4
POLA,Polar Power Inc.,0.0,7863,16197.78,US73102V2043,73102V204,BS1JDN5
INDP,Indaptus Therapeutics Inc.,0.0,9142,16089.92,US45339J2042,45339J204,BNBXGB1
NCRA,Nocera Inc.,0.0,71682,15913.4,US6551865008,655186500,BPG9C09
SGLY,Singularity Future Technology Ltd.,0.0,40146,15536.5,US82935V3078,82935V307,BSF1TW8
SLE,Super League Enterprise Inc.,0.0,4420,15249.0,US86804F5098,86804F509,BWQLPM7
INBS,Intelligent Bio Solutions Inc.,0.0,5810,14931.7,US36151G7097,36151G709,BVFDFY9
PW,Power REIT,0.0,18919,14815.47,US73933H1014,73933H101,B77D1Y1
TWAV,TaoWeave Inc.,0.0,10822,14717.92,US6744343038,674434303,BRQMZJ2
MRINQ,Marin Software Inc.,0.0,30216,14696.31,US56804T3041,56804T304,BPBRRN6
TVGN,Tevogen Bio Holdings Inc.,0.0,1839,14546.49,US88165K2006,88165K200,BVCHP99
AIB,BlockchAIn Digital Infrastructure Inc.,0.0,4245,14517.9,US0939191088,093919108,BWYDBL6
FLYE,FLY-E Group Inc.,0.0,7066,14273.32,US3439273075,343927307,BTJW957
ARTL,Artelo Biosciences Inc.,0.0,10129,14180.6,US04301G7060,04301G706,BWYD5L4
MSN,Emerson Radio Corp.,0.0,32593,13767.28,US2910872033,291087203,2311380
MWYN,Marwynn Holdings Inc.,0.0,16872,13637.64,US5738631077,573863107,BTVLNH2
LMFA,LM Funding America Inc.,0.0,48272,12695.54,US5020745031,502074503,BMTQ9C7
IVDA,Iveda Solutions Inc.,0.0,31388,12429.65,US46583A3032,46583A303,BSNR207
SOBR,Sobr Safe Inc.,0.0,10363,11813.82,US8335924051,833592405,BRF3DX6
CYCU,Cycurion Inc.,0.0,12926,11263.72,US95758L3050,95758L305,BV9F165
GWAV,Greenwave Technology Solutions Inc.,0.0,3045,10962.0,US57630J5020,57630J502,BVPPBF8
SNYR,Synergy CHC Corp.,0.0,38909,10466.52,US87165D2080,87165D208,BS6Q5Q8
GIPR,Generation Income Properties Inc.,0.0,50741,10442.5,US37149D2045,37149D204,BMXZ276
PRHI,Presurance Holdings Inc.,0.0,17188,10146.08,US20731J1025,20731J102,BYY93G7
DAIC,CID Holdco Inc.,0.0,71789,10057.64,US1717561096,171756109,BPSMKL3
RKDA,Arcadia Biosciences Inc.,0.0,9644,9305.5,US0390143032,039014303,BQT53V9
ALZN,Alzamend Neuro Inc.,0.0,7556,8991.64,US02262M6057,02262M605,BVK47Q3
TOPP,Toppoint Holdings Inc.,0.0,3413,8703.15,US89078D1019,89078D101,BRBR4P1
LIMN,Liminatus Pharma Inc. Class A,0.0,50440,8272.16,US53271X1081,53271X108,BTRV8B5
NCL,Northann Corp.,0.0,45539,7632.34,US66373M4087,66373M408,BVMS1J4
ADTI,Adapti Inc.,0.0,2497,7590.88,US8139241074,813924107,BVMTCQ1
GOVX,GeoVax Labs Inc.,0.0,3217,6627.02,US3736787058,373678705,BS3F4L6
MTVA,MetaVia Inc.,0.0,2222,6310.48,US64132R5037,64132R503,BWD7TC6
IPDN,Professional Diversity Network Inc.,0.0,7003,4972.13,US74312Y4008,74312Y400,BTWSBY5
CJMB,Callan Jmb Inc.,0.0,6664,4864.72,US1311001093,131100109,BS2HYX5
CLDI,Calidi Biotherapeutics Inc.,0.0,25509,4719.17,US3207034089,320703408,BN7P677
GNPX,Genprex Inc.,0.0,5950,4638.03,US3724463027,372446302,BT04GQ2
GNLN,Greenlane Holdings Inc. Class A,0.0,1282,4410.08,US3953306087,395330608,BS2C634
SHFS,SHF Holdings Inc.,0.0,7593,3721.33,US8244303009,824430300,BTTRJB8
ENSC,Ensysce Biosciences Inc.,0.0,12854,3611.97,US2936025046,293602504,BQT5CX4
INHD,Inno Holdings Inc.,0.0,2465,3130.55,US4576JP4067,4576JP406,BS6S9Z1
KALA,KALA BIO Inc.,0.0,1210,2698.3,US4831193010,483119301,BV3N0S0
FCUV,Focus Universal Inc.,0.0,2791,2251.78,US34417J5002,34417J500,BS1KW86
VEEE,Twin Vee PowerCats Co.,0.0,315,2234.93,US90177C3097,90177C309,BS6SB22
HCTI,Healthcare Triangle Inc.,0.0,859,2216.22,US42227W4050,42227W405,BVLNNG1
SBEV,Splash Beverage Group Inc.,0.0,10934,1874.09,US84862C3025,84862C302,BTCJH51
SOAR,Volato Group Inc.,0.0,9782,1662.94,US74349W3025,74349W302,BTMP9W0
ASBP,Aspire Biopharma Holdings Inc.,0.0,263,1443.87,US7389203057,738920305,BV3N1P4
PFSA,Profusa Inc.,0.0,3939,1395.98,US74319X2071,74319X207,BS1KW64
KIDZ,Classover Holdings Inc. Class B,0.0,2685,1079.64,US1827442013,182744201,BWYD5H0
MSS,Maison Solutions Inc. Class A,0.0,1129,1033.04,US5606673052,560667305,BTWP1X5
,American Infrastructure Corp.,0.0,147171,883.03,US02503H2094,02503H209,BTFK8X6
ADIL,Adial Pharmaceuticals Inc.,0.0,361,866.4,US00688A3041,00688A304,BMXG8T3
,MYOS Corp,0.0,48410,484.1,,62855X103,
SDOT,Sadot Group Inc.,0.0,153,417.69,US6273335033,627333503,BXCVFT5
SOWG,SOW GOOD Inc.,0.0,245,384.65,US84612H3049,84612H304,BTWP2D2
,MYOS Corp Restricted,0.0,20700,207.0,,554991893,99X5750
FEED,ENvue Medical Inc.,0.0,189,170.48,US63008J8844,63008J884,BNRN756
BNBX,BNB Plus Corp.,0.0,386,165.98,US03815U6073,03815U607,BTNLPJ6
AVEX,Aevex Corp. Class A,0.0,4,153.88,US00835T1079,00835T107,BVPKF40
CTNT,Cheetah Net Supply Chain Service Inc. Class A,0.0,73,121.18,US16307X3017,16307X301,BVFC922
ISPC,iSpecimen Inc.,0.0,31,97.96,US45032V3069,45032V306,BPBP611
CMCT,Creative Media & Community Trust Corp.,0.0,14,63.56,US12564W2199,12564W219,BX54GV0
,PIVOTAL SOFTWARE INC - TempLine,0.0,1233865,12.34,US725ESC0166,725ESC016,99X9580
,Halo Spin-Out SPV Inc,0.0,5950,11.9,US087CNT0109,087CNT010,9023707
,NEXT BRIDGE HYDROCARBONS,0.0,902467,9.02,,629999590,9025792
,ReElement Technologies Corp,0.0,274719,2.75,US029CNT0290,029CNT029,99X8150
SBT,Sterling Bancorp Inc./MI,0.0,269676,2.7,US85917W1027,85917W102,BFN2QS7
THRD,Third Harmonic Bio Inc.,0.0,243703,2.44,US88427A1079,88427A107,BNNPQY8
ARAV,Aravive Inc.,0.0,149018,1.49,US03890D1081,03890D108,BGSGXX5
,BTCS INC - SPIN OFF,0.0,87854,0.88,US05581M5031,05581M503,BQB9Y94
NOVS,Novusterra Inc.,0.0,68679,0.69,US67012E1047,67012E104,BP84871
,Lazydays Holdings Inc.,0.0,46891,0.47,US52110H2094,52110H209,BVN2BY0
,SCWorx Corp.,0.0,1,0.43,US78396V3078,78396V307,BTWQT89
ACGN,Aceragen Inc.,0.0,39478,0.39,US00445F1093,00445F109,BL0NR15
,Avinger Inc.,0.0,23802,0.24,US0537348775,053734877,BNNJC75
HYZN,Hyzon Motors Inc.,0.0,24393,0.24,US44951Y2019,44951Y201,BQWSN37
,NEUBASE THERAPEUTICS INC - ESCROW LINE,0.0,18981,0.19,,641ESC017,BMHRXG4
,Hyperscale Data Inc.,0.0,12738,0.13,US09175M6066,09175M606,BS1JFX9
,NUTRIBAND INC-PFD (July 2025),0.0,13085,0.13,US67092M4069,67092M406,9024249
,TFF Pharmaceuticals Inc.,0.0,11762,0.12,US87241J2033,87241J203,BS1L1Z9
,Amergent Hospitality Group Inc.,0.0,19975,0.02,US02362J1060,02362J106,BLB61B1
